,time,J_y_EKF,J_z_EKF,omega_EKF,P_J_y,P_J_z,P_omega,J_y,J_z,omega
0,0.0,0.0,219987190803.88565,63460.17160251382,5.377777777777778e+17,6128437294348.446,43864.90844928605,691083289.8594029,219986278835.59814,62828.5422921289
1,5.000000000000001e-07,7681859917.8835745,219727445622.96704,63463.344964047355,1.203435142519129e+16,6060590162601.215,43861.86421106535,7596849241.920984,219729680151.7871,62832.270734124846
2,1.0000000000000002e-06,14482909886.207672,219255331882.3289,63380.71534244761,3125175303556637.5,5152635792500.849,41144.42341782202,14487120944.526628,219256542711.42386,62840.02233774004
3,1.5000000000000005e-06,21351263059.087402,218565095384.0527,63273.57017121053,1287057619461793.8,4686803744274.748,32069.84542789501,21355487670.83038,218567541516.8674,62846.334903529474
4,2.0000000000000003e-06,28182565905.461487,217660923980.47974,63104.78352954008,650508225744928.2,4630255473851.04,19515.43491110157,28194699285.04912,217663679905.095,62828.566679495925
5,2.5e-06,34985585794.73907,216543104884.9231,62998.47559014223,369177362541638.7,4586692058773.876,10267.450950911556,34997621995.77269,216546186046.3668,62836.768651170496
6,3.000000000000001e-06,41752845395.335846,215212128131.26367,62956.968238821864,227802849906292.75,4428739246206.238,5296.051804044459,41759386159.29316,215216077303.79156,62852.35650779825
7,3.500000000000001e-06,48457749032.80329,213672983342.69263,62884.88074131294,149958928249339.6,4204929215575.354,2842.245849133131,48472914542.65652,213674881096.28174,62847.906269303574
8,4.000000000000001e-06,55108173693.68771,211925128854.85648,62846.143014185705,103831487355567.58,3963594362751.135,1612.3783004348052,55130418036.84885,211924632042.4312,62840.01009105008
9,4.500000000000001e-06,61706950250.26388,209967426539.64453,62856.687437756016,74820128161710.23,3729599557886.401,966.3890540610596,61725554165.35291,209967350396.82703,62844.39414663489
10,5e-06,68236945880.45147,207804587996.72916,62862.48981650576,55678653032446.93,3512650337027.303,609.1424873355904,68252435530.53627,207804968707.8806,62844.470993100535
11,5.500000000000001e-06,74684590534.22704,205441932445.55225,62843.91562276223,42556613047529.516,3315254482186.514,401.9514720875524,74704071033.5494,205440175167.9727,62827.96603307354
12,6.000000000000002e-06,81058417460.27974,202876193885.82977,62852.47294708024,33279193609487.395,3137468751573.471,276.66890334662355,81072404109.25963,202876166760.753,62823.50677846714
13,6.500000000000001e-06,87341675862.15791,200114590443.24915,62849.41953124781,26551462927043.332,2978872602141.831,198.13809106266314,87354355608.8057,200114590489.04803,62831.989427866836
14,7.000000000000002e-06,93532987721.22147,197157825569.0923,62851.31443905997,21571208695878.426,2838400223191.5996,147.3857404527568,93543302226.73701,197158610646.28967,62839.050997844184
15,7.500000000000001e-06,99624214756.56454,194010165715.345,62851.00921658865,17821943097960.68,2715211618124.019,113.72467421346542,99634402225.42722,194010693107.17813,62854.00659290414
16,8.000000000000001e-06,105610583433.53613,190674264087.5533,62852.08192136259,14960374855062.697,2608526555605.177,90.90297204619914,105621810230.32596,190673930394.8384,62872.748801440546
17,8.500000000000002e-06,111485846440.4457,187153899422.96457,62852.99684647806,12751332659698.064,2517683556728.9014,75.1355094019479,111499746834.03601,187151667554.80048,62892.662522308754
18,9.000000000000002e-06,117247465416.12086,183450330641.09714,62862.03782447094,11029176436946.764,2442025959284.283,64.05914283600173,117261347045.7708,183448046873.7108,62896.14341356493
19,9.500000000000002e-06,122886277380.38966,179570007328.03137,62868.06216194859,9674021769556.852,2380846931056.86,56.15713105361656,122900598530.55988,179567291413.1823,62877.16308931459
20,1e-05,128397398528.79411,175516508974.30444,62873.28095765747,8597084570081.416,2333218695888.5225,50.43273060884611,128410924922.2827,175514050539.175,62892.66847621894
21,1.0500000000000001e-05,133775651410.67137,171293885482.8278,62878.28650076256,7731199085968.796,2298004643346.999,46.217625280645436,133788964976.1048,171291327259.5277,62891.125634704185
22,1.1000000000000001e-05,139016029769.21246,166906293038.4493,62883.64764633538,7024850708009.076,2273827073528.7134,43.05700084518767,139028875339.85968,166903923664.53436,62900.962244352675
23,1.1500000000000002e-05,144112742206.181,162358952975.96234,62887.26052351627,6438352876352.875,2259103251843.39,40.638495838459335,144126349879.95703,162355556369.15265,62904.76375728414
24,1.2000000000000004e-05,149060915658.71307,157656548848.3335,62889.50480885184,5941347248300.536,2252125064263.194,38.74684829136649,149075293793.50723,157651983476.24158,62906.92233095254
25,1.2500000000000002e-05,153857553870.17102,152802014287.9646,62895.688351423785,5511014745649.261,2251185347190.2935,37.23377255683579,153870487787.297,152798528176.9302,62890.53944387203
26,1.3000000000000003e-05,158495384888.07877,147803204289.9913,62897.23977787205,5130648841109.223,2254705433348.269,35.997230108809255,158506785789.35947,147800819683.51294,62881.825487110444
27,1.3500000000000003e-05,162970708981.81284,142664535771.56595,62897.06232224732,4788502953647.746,2261288596514.3667,34.96706699770883,162980547622.5332,142663471011.53064,62876.67973395709
28,1.4000000000000003e-05,167280128379.77002,137390263635.31253,62898.07481937258,4476625933886.933,2269810845062.558,34.09461569615138,167289110275.8747,137389935715.62608,62898.30792358721
29,1.4500000000000003e-05,171418643054.49713,131986922403.6713,62897.07164664711,4189853209330.353,2279422425335.676,33.34549653460603,171427673943.83392,131986226524.73566,62894.173108208735
30,1.5000000000000002e-05,175382995417.48746,126459229580.709,62896.468979508434,3924970200128.578,2289505212911.1973,32.69484194136819,175391474645.97406,126458981821.02293,62884.96563656187
31,1.5500000000000004e-05,179169003560.91104,120813469302.27133,62894.53099135609,3679999391925.467,2299642486241.882,32.12411105700332,179177756674.74405,120812563607.23865,62898.61126009243
32,1.6000000000000003e-05,182772955127.68884,115055753257.36523,62890.664494731325,3453699045166.366,2309556820052.4536,31.61915376604411,182782968501.94022,115052498753.3028,62892.65562416025
33,1.65e-05,186193782261.0588,109188261291.44797,62894.08405506728,3245204088027.6465,2319068646785.242,31.168998113750348,186202666904.1992,109186344278.05156,62896.9369577641
34,1.7000000000000003e-05,189426051940.2907,103220403164.60464,62894.689255318845,3053774165973.4067,2328075816171.464,30.765017722888846,189434828730.4029,103218342256.53055,62891.51045682374
35,1.7500000000000002e-05,192467270561.25232,97157456101.73306,62894.90984874278,2878728126765.679,2336490138401.654,30.400564747739036,192475772809.77423,97155515268.75711,62896.95842071638
36,1.8000000000000004e-05,195315616331.6265,91003534203.8631,62899.485590188866,2719353265026.3335,2344253752726.959,30.070518336885346,195322866343.36905,91003874280.30017,62883.01438551255
37,1.8500000000000002e-05,197966319326.1349,84769257029.08774,62897.00326435589,2574886896322.968,2351329260305.3286,29.770937547917836,197973480840.92642,84769823792.73607,62892.318566812864
38,1.9000000000000004e-05,200418360215.55557,78458217517.51778,62895.392758682574,2444561693394.6133,2357671904014.9434,29.4988823060381,200425576126.14365,78458581236.67375,62894.2597621748
39,1.9500000000000003e-05,202669219618.5423,72077576504.2776,62892.53338121574,2327584352486.753,2363259815595.373,29.252087749568346,202676889053.3521,72076528706.18669,62895.61140675867
40,2e-05,204718030108.1924,65630577976.03185,62895.95243891438,2223178867568.99,2368072718895.931,29.028812496625985,204725746858.7804,65629025330.033195,62922.14359805264
41,2.0500000000000004e-05,206561895161.859,59126474831.69651,62897.67402937233,2130593656945.9038,2372101307317.9077,28.827666652325,206570060780.7658,59122776253.96467,62915.07902880775
42,2.1000000000000002e-05,208199239424.75577,52571878317.471245,62897.84896533425,2049142608399.2512,2375328281207.8135,28.647566599835464,208207521609.03738,52567012733.14564,62903.13724561889
43,2.1500000000000004e-05,209629463872.6509,45970191415.466095,62903.97147688832,1978203452452.312,2377741310477.03,28.487631183141946,209637261659.6748,45966238860.223335,62906.815674088335
44,2.2000000000000003e-05,210850569762.13235,39330766676.36361,62908.27519133439,1917218106401.1084,2379335389324.7764,28.34710112263763,210858034255.1957,39327456026.31679,62906.43278817795
45,2.25e-05,211861677864.60696,32659800352.367336,62912.12978420191,1865711113260.0466,2380099013496.0654,28.225344619671315,211868931929.67743,32656790521.070335,62926.00016275513
46,2.3000000000000003e-05,212662180010.5559,25962645426.14889,62918.528674522364,1823279478264.9583,2380023793032.072,28.121815680902557,212669198440.26755,25960406662.00546,62931.56820811605
47,2.3500000000000002e-05,213251289620.4207,19246789810.871475,62924.95816020189,1789590514201.9958,2379102827333.07,28.036036356196536,213258035388.9839,19246355633.43415,62924.20955721336
48,2.4000000000000007e-05,213628420995.12915,12521368399.524818,62925.838178070946,1764381623192.3582,2377327205019.295,27.967599922755202,213635140373.15964,12519942124.685064,62937.36587966315
49,2.4500000000000006e-05,213793812515.7917,5788430220.987947,62932.93679763596,1747454701887.3293,2374687170822.733,27.9161658904815,213800461957.51,5787206061.783324,62957.96388056693
50,2.5000000000000005e-05,213747209363.8328,-939931425.5686698,62932.50897248557,1738670495715.8147,2371175361552.3413,27.88144902737555,213753771942.70056,-944953196.4886776,62979.33772273966
51,2.5500000000000007e-05,213489017178.24768,-7663721483.786866,62941.42671722446,1737946797422.309,2366781241197.8633,27.863228313503132,213495272468.02924,-7671424939.678451,62995.74704998421
52,2.6000000000000005e-05,213019455516.37225,-14373971788.744825,62952.21477807939,1745259452913.2993,2361494208888.508,27.86135015979612,213025399985.09903,-14381929514.845825,62985.94334967306
53,2.6500000000000007e-05,212339041839.58627,-21064282357.382957,62964.97540636591,1760639300359.9485,2355301032809.745,27.87573180343907,212344870462.56076,-21070585672.97269,62986.04868477263
54,2.7000000000000006e-05,211448873642.65112,-27724760887.462963,62971.79754075907,1784171784980.272,2348187535699.1313,27.90635816797946,211454291399.13947,-27732220610.67681,63017.37014089027
55,2.7500000000000004e-05,210349642947.97147,-34352667847.26843,62982.847565256496,1815989974537.1948,2340141457305.2075,27.953263364440865,210354557214.89288,-34361361749.43926,63024.81505721857
56,2.8000000000000006e-05,209042240565.25653,-40942495799.91787,62999.54260487331,1856289079493.7756,2331146095501.3276,28.016557736897685,209047075824.56082,-40949665971.585625,63040.201094521406
57,2.85e-05,207528290812.9398,-47485600861.54025,63015.70881839052,1905326948411.1213,2321181921373.14,28.096433198996056,207533260913.85928,-47490655715.24264,63052.07216624061
58,2.9000000000000007e-05,205810265071.3652,-53971918734.134315,63023.17145080952,1963418409667.8525,2310231295130.5137,28.193141065931158,205814686931.7446,-53978453134.08355,63050.8414093132
59,2.9500000000000002e-05,203889445283.97415,-60398257483.923256,63031.36433678725,2030931010984.2856,2298281002343.3604,28.30696652179165,203894303580.82822,-60402618237.00849,63027.74809737883
60,3.0000000000000004e-05,201768526982.71133,-66756154344.45649,63035.145569128625,2108314331308.4988,2285308814786.766,28.438286251002662,201774184361.5682,-66757627806.840935,63014.00576530168
61,3.0500000000000003e-05,199449839247.84964,-73039731475.55745,63036.36731831296,2196088164048.6409,2271295279273.4497,28.587542317829985,199456086429.63696,-73039595162.75583,63016.442933774626
62,3.100000000000001e-05,196936579213.44547,-79241289652.90508,63031.93025947344,2294860980658.558,2256217122258.493,28.75526210530734,196943041828.26755,-79240965854.53589,63008.63562751389
63,3.15e-05,194230181038.83936,-85358466371.26892,63031.879031299206,2405330747691.972,2240052399219.6963,28.942045512583054,194237716435.8344,-85355980779.53143,63007.64208518093
64,3.2000000000000005e-05,191335519494.67053,-91380591992.65701,63023.940179101344,2528327739451.6084,2222764915866.437,29.148641132539996,191342950297.34277,-91378902561.95097,63000.23347344174
65,3.250000000000001e-05,188253660019.5499,-97306712042.37958,63021.66113493248,2664780108179.048,2204332677711.754,29.375847847154162,188262194722.12854,-97303202246.92024,62984.87182837075
66,3.3e-05,184989428990.1899,-103127764088.99202,63015.742100495845,2815793240292.5034,2184711349918.6548,29.624648091236256,184999154759.1414,-103122748264.00613,62962.49059874769
67,3.350000000000001e-05,181546007040.20016,-108838940008.94482,63008.95334959782,2982616803131.0117,2163868798419.803,29.89611602011618,181557263027.6183,-108832100475.49284,62968.97115102916
68,3.4000000000000007e-05,177927396275.2316,-114434272851.55386,63000.298195278796,3166698516046.9536,2141764280046.9082,30.19147348923448,177939446206.97217,-114427085988.92549,62969.39722176882
69,3.450000000000001e-05,174137273702.9192,-119908801653.07808,62991.17333801768,3369705742541.447,2118354870563.1497,30.512099017072273,174149215171.2437,-119902591201.01984,62967.682439144985
70,3.5000000000000004e-05,170179875147.72028,-125257030533.44981,62980.99239587566,3593571242042.706,2093590604868.1921,30.859567462287327,170190523667.87296,-125253450895.41696,62970.07282283214
71,3.550000000000001e-05,166057631235.47003,-130476289686.36545,62976.29351190888,3840533294485.5234,2067418054782.1685,31.235666541059494,166067848584.8441,-130473812188.02388,62973.99593438863
72,3.600000000000001e-05,161776081232.15527,-135559728905.34698,62971.15417118294,4113224933022.817,2039765230439.6829,31.642502057214347,161785007792.86057,-135559282250.17526,62969.206001334736
73,3.6500000000000006e-05,157338619715.50552,-140503786806.19513,62969.12026809714,4414696591104.172,2010568654617.8176,32.08243553858624,157347077908.74948,-140504179391.6926,62978.22116527667
74,3.7000000000000005e-05,152749076642.50375,-145304407872.78738,62971.50090435762,4748538482101.4795,1979749039527.1821,32.55819391165357,152756541749.56088,-145306114534.96924,63003.38620148543
75,3.750000000000001e-05,148011928046.80548,-149956979606.11777,62977.56545758812,5118985452878.191,1947216563363.3762,33.07293812802082,148019112082.96384,-149959061471.4464,63007.16262005416
76,3.800000000000001e-05,143133551495.8667,-154455295440.35397,62981.83855948154,5531043403266.969,1912874815502.2979,33.63031657914787,143139474706.44824,-154458571635.98254,63015.58365868438
77,3.850000000000001e-05,138116796291.32614,-158797084280.764,62990.531015282766,5990622526966.638,1876631318267.373,34.23447557316382,138123466660.7719,-158799660648.90482,63011.41270483952
78,3.9000000000000006e-05,132969052768.0121,-162975916448.6083,62996.37472849884,6504813497329.667,1838362135493.9663,34.890314376261614,132976168481.65195,-162978203107.95688,63010.247241403515
79,3.950000000000001e-05,127696087457.38733,-166987486375.59708,62998.8509366494,7082076048156.334,1797952147661.6907,35.6034847203074,127703109104.64642,-166990005942.72098,63017.50235820529
80,4e-05,122301579291.69171,-170829444047.9206,63002.93020938999,7732601421674.43,1755270440765.841,36.380603554099274,122308652164.92305,-170832001487.90744,63018.83141238307
81,4.050000000000001e-05,116793126850.34914,-174496522604.0842,63003.263810353455,8468797420427.784,1710152094776.2913,37.22960921644222,116799128396.04016,-174499926681.0978,63007.25772424949
82,4.100000000000001e-05,111174069088.24153,-177986994202.54117,63005.8893784442,9305779721742.762,1662433695090.3845,38.15992230418477,111180044149.53561,-177990457323.5134,63009.10199269765
83,4.1500000000000006e-05,105451190676.76807,-181296764599.34848,63007.833416571404,10262197155496.703,1611910346061.0369,39.18299372097157,105457990524.33499,-181299820347.01593,63008.05905255667
84,4.2000000000000004e-05,99629252363.71594,-184423384079.0031,63011.40653763119,11361135855018.254,1558370725268.4602,40.31270388352144,99636703592.32318,-184426176805.73932,63018.610630935225
85,4.250000000000001e-05,93714941523.1312,-187363393117.60822,63014.55092047883,12631435131866.395,1501576255785.2395,41.56608737108801,93722854523.87471,-187366090815.50146,63010.934592474965
86,4.300000000000001e-05,87715055921.09026,-190113644478.4964,63015.748105677565,14109326279377.186,1441282928584.2976,42.96412801196533,87723859049.1473,-190116041517.30344,63021.79011224285
87,4.350000000000001e-05,81632992768.73022,-192673004189.6414,63020.503687422184,15840632271303.492,1377246788267.1035,44.53285834870429,81642987967.25308,-192674959404.78757,63035.99781574082
88,4.4000000000000006e-05,75480132591.00938,-195036529609.34772,63018.2446342893,17883791146028.36,1309211547091.6714,46.305041929980966,75487587129.07745,-195039800661.57016,63031.83814839613
89,4.450000000000001e-05,69255902027.43402,-197205353003.86966,63022.81732275983,20313423108643.67,1237015720265.086,48.32169392248041,69263358680.36961,-197208592846.2876,63044.73730278957
90,4.5e-05,62969560727.41083,-199175970397.02216,63027.362787343045,23225516423292.492,1160539989035.9888,50.63506973664771,62977090184.12765,-199179168208.40375,63051.399049723026
91,4.550000000000001e-05,56627997768.19451,-200946394735.4916,63030.883449377776,26743076400266.492,1079921991582.4495,53.311209413359244,56633121231.163155,-200950271188.75146,63074.35985121548
92,4.600000000000001e-05,50236347600.758095,-202515560670.42233,63035.743330655074,31022509455475.543,995720515932.905,56.43291912688122,50239082905.76973,-202519825796.05838,63073.03863739719
93,4.6500000000000005e-05,43801983160.62879,-203881722473.52658,63040.05595093885,36258705242091.08,909241154465.7216,60.101985579744465,43803568077.489296,-203886016271.4619,63059.73691419251
94,4.7000000000000004e-05,37332386462.215355,-205043388120.12006,63042.07738869228,42683677890472.23,823134473099.3993,64.43754126243424,37332858772.5217,-205047628864.29984,63065.222625711984
95,4.750000000000001e-05,30831735804.83345,-206000645835.16055,63046.870169285925,50547362856585.766,742323043532.948,69.5645910574055,30832097706.405277,-206004243520.28497,63070.87980076116
96,4.8000000000000015e-05,24309551274.754875,-206751287817.58145,63047.23103023383,60056737824028.836,675350978510.9602,75.58027085056746,24308098380.198326,-206755022261.055,63067.139702493245
97,4.8500000000000007e-05,17770842845.43509,-207295849967.45798,63048.011464924944,71231019468375.52,636049867834.4667,82.47532023635718,17767224466.54216,-207299420292.73978,63062.16736661169
98,4.900000000000001e-05,11224492395.738815,-207634633674.17847,63049.06390384676,83626694862554.02,644337879399.023,89.98840689978616,11217113138.501724,-207637106463.24075,63049.854652990216
99,4.950000000000001e-05,4672756291.783465,-207766022116.8244,63048.789974539206,95955335856781.39,723480248551.2278,97.40825793190272,4664673068.988529,-207768079879.9484,63038.212353376985
100,5.000000000000001e-05,-1873339502.9143534,-207691244602.10544,63046.98690833281,105868774659843.73,889715461051.7135,103.47287469136943,-1885103464.3434126,-207692526066.79492,63052.578731387264
101,5.050000000000001e-05,-8416906446.499446,-207409323859.6113,63048.8629121176,110510555603394.52,1135095176400.346,106.6787941592814,-8425415810.6515465,-207410684488.3479,63030.97452377054
102,5.100000000000001e-05,-14939726924.76083,-206922278050.03708,63047.7462879552,108076264578399.98,1418350331279.391,106.1103590600201,-14948844852.60384,-206923221345.59686,63032.82133968468
103,5.150000000000001e-05,-21439448003.10242,-206230410660.96918,63046.14202633637,99192349820516.61,1681547367702.032,102.14252393526714,-21449431594.310833,-206230885460.65195,63046.69197280498
104,5.200000000000001e-05,-27915931970.66356,-205333636527.20776,63048.35579376117,86484534969133.34,1882481550957.411,96.17516256628133,-27921112989.81172,-205334564876.10065,63015.59614288856
105,5.250000000000001e-05,-34348817548.266903,-204235337191.58246,63044.529535973175,72838174828468.64,2010431878694.7727,89.7009029490207,-34356367590.514427,-204235588402.5367,63018.190890580634
106,5.3000000000000014e-05,-40746394117.33183,-202934398140.24228,63045.394922634565,60175355592533.4,2077381592039.346,83.67539107060938,-40750653292.90013,-202935059037.95343,63030.91822287157
107,5.3500000000000006e-05,-47094702088.65887,-201433638376.54413,63045.1180050321,49319754499621.1,2103064780000.35,78.4659493212109,-47098596871.01211,-201434258633.076,63038.23647251725
108,5.400000000000001e-05,-53389258025.75566,-199734446523.92313,63045.1116281564,40389501710778.46,2105207581996.1821,74.07321275617193,-53391481167.43942,-199735340601.1467,63016.244435495166
109,5.450000000000001e-05,-59619232295.3658,-197839985899.96182,63041.286955252515,33180863942641.83,2096673240520.9019,70.34058090004311,-59623078868.78913,-197840427612.26547,63015.98339857373
110,5.500000000000001e-05,-65780522474.46342,-195752140819.7857,63035.29424555937,27397140982680.59,2085596906380.148,67.0795856333792,-65788359325.57408,-195751307315.0648,63029.06703580463
111,5.5500000000000014e-05,-71876831617.95435,-193470248267.8993,63037.01944870841,22751569420306.484,2076564333533.826,64.12710979033584,-71881655707.21608,-193470230985.88745,63024.09947552659
112,5.600000000000001e-05,-77891726014.217,-190999821929.9964,63035.327566199216,19002095953881.582,2071744163846.6118,61.364894903571795,-77897093496.19905,-190999547766.07138,63020.58730066912
113,5.650000000000001e-05,-83823599254.75063,-188342180227.56406,63035.17486061031,15957225924911.572,2071549429850.446,58.72284238445963,-83827614302.13571,-188342334253.98602,63024.240104858705
114,5.7e-05,-89665836020.83194,-185500392182.97235,63035.575681045266,13469049412621.379,2075483839674.6882,56.171106422738944,-89668051231.90419,-185501216665.40076,63026.73905143731
115,5.7500000000000015e-05,-95407203348.78235,-182480006733.07593,63028.69801039893,11424343512292.994,2082578338379.8586,53.7090618930551,-95412969031.67677,-182479214862.3253,63024.73362755863
116,5.8000000000000014e-05,-101049111181.4537,-179281354523.65466,63025.00750195827,9736293935755.926,2091725255328.0652,51.353528013111855,-101057510643.00137,-179279036252.9828,63032.11021229953
117,5.8500000000000006e-05,-106588184509.23024,-175906422999.373,63028.039155578736,8337320970574.829,2102035378821.4895,49.1271616348146,-106595333536.76532,-175904476169.4342,63035.02506973813
118,5.9000000000000004e-05,-112015438297.71574,-172360353718.9663,63031.50215422669,7174115116821.039,2112871952580.3047,47.05058020941598,-112021211468.18999,-172359007993.37662,63036.32422337861
119,5.9500000000000016e-05,-117324103842.84601,-168647776503.04736,63032.57140081242,6204125832650.741,2123822666017.7156,45.138072335555975,-117329815267.80241,-168646216840.24615,63036.64870245659
120,6.000000000000001e-05,-122511829183.57098,-164770797184.50485,63036.854712838314,5392920799651.587,2134697821830.1357,43.39580396012504,-122515471409.787,-164770467572.24747,63035.34445648474
121,6.050000000000001e-05,-127571951572.95906,-160734422963.68585,63040.780763211435,4712271652089.159,2145494259722.189,41.82196876612345,-127574256962.79036,-160734867502.14105,63051.506790154046
122,6.1000000000000005e-05,-132499136369.41576,-156543203168.71268,63043.36901330108,4138947907659.822,2156269109859.7607,40.40863834909236,-132501427251.88748,-156543615286.75598,63046.141244122686
123,6.150000000000002e-05,-137289704656.56851,-152200619866.01114,63047.23903170109,3653764126552.824,2167096093150.3147,39.14386257580203,-137290342105.36594,-152202357643.223,63040.11669829135
124,6.200000000000002e-05,-141936192481.28436,-147713705431.90857,63045.15910674226,3240856597099.132,2178035695413.893,38.013589879365895,-141937394874.59595,-147714876240.11853,63044.86814768121
125,6.250000000000001e-05,-146439576238.10052,-143082078482.72925,63051.896083211606,2887201627841.8438,2189081828878.5554,37.00340953424712,-146439095662.75192,-143084857060.8485,63064.95774680789
126,6.3e-05,-150789871402.0526,-138315909011.76953,63051.04370333158,2582055675220.585,2200230344077.7505,36.09930371226885,-150791016063.77945,-138317091900.12436,63069.44613749642
127,6.350000000000001e-05,-154985748787.02786,-133417378884.01054,63051.463402374844,2316754107853.064,2211382794228.8496,35.28867462128532,-154988900009.4176,-133416230741.87758,63098.38559927484
128,6.400000000000001e-05,-159025040151.25143,-128389200835.67505,63058.75914255453,2084273365359.6826,2222450978608.2666,34.56032161516847,-159028784047.8736,-128387065738.02101,63102.63086009374
129,6.450000000000001e-05,-162902529211.5886,-123237761338.84286,63068.02271531585,1878972363974.4202,2233344973534.574,33.904433624811226,-162906075852.80005,-123235645319.16432,63102.220481679855
130,6.500000000000002e-05,-166612350633.0184,-117971095064.10425,63071.689336657255,1696395303774.665,2243956699373.622,33.312611932965886,-166616933779.3771,-117967281602.84952,63101.111668626065
131,6.550000000000002e-05,-170153991211.0394,-112590477571.51205,63081.254397329096,1533063480346.6838,2254173635267.866,32.77774756436924,-170157959693.66464,-112587119200.78212,63119.37451144775
132,6.6e-05,-173522330206.68298,-107103653639.22601,63089.59098724806,1386219561178.835,2263926064648.239,32.293641058514275,-173526562081.5675,-107099494756.1197,63132.42454949104
133,6.65e-05,-176714556855.44324,-101515563621.84753,63098.468687623135,1253729627596.4697,2273139451452.5186,31.854985886868786,-176718558351.45114,-101511354874.03473,63131.62957598152
134,6.700000000000002e-05,-179727301894.4341,-95832393399.04182,63106.424966443556,1133920668705.1663,2281758027890.5093,31.457198161971093,-179730754370.8139,-95828581533.98547,63131.23096788472
135,6.750000000000001e-05,-182556571282.1865,-90062177163.7728,63108.13010746416,1025479791490.3724,2289735096104.5786,31.096331788471712,-182560501816.86868,-90056968844.32231,63132.91934705349
136,6.800000000000001e-05,-185202690081.26294,-84205022188.11357,63118.842376644454,927374330711.014,2297027294871.922,30.769026446598552,-185205671949.99948,-84201296714.14767,63136.45093606322
137,6.850000000000001e-05,-187660146879.42755,-78272928230.03735,63121.81321827962,838737565418.4304,2303622142659.5166,30.47230741149525,-187663353011.32343,-78268156089.09447,63140.158206922824
138,6.900000000000002e-05,-189928920934.97632,-72266985345.11633,63130.53144941817,758889382551.4377,2309483578182.7437,30.203715417362176,-189931195482.73764,-72264110673.36821,63132.37808613477
139,6.950000000000001e-05,-192005153987.65106,-66197452505.52009,63133.63965338977,687235987751.8065,2314600881907.2134,29.96111307666455,-192007198149.9386,-66194743737.5399,63135.5238820014
140,7.000000000000001e-05,-193887483685.15686,-60069494777.42628,63134.72237302227,623290281477.3457,2318950154368.842,29.742738539312192,-193889300142.16928,-60067252887.17113,63133.53139747209
141,7.05e-05,-195574631891.4357,-53888214845.01529,63136.76977511601,566625022729.2129,2322517781493.7236,29.54710133276016,-195575963923.0537,-53887442632.47351,63124.84966840091
142,7.100000000000002e-05,-197064535923.10272,-47661968260.54222,63134.544933752855,516863440077.978,2325294613825.941,29.372932052270475,-197065759757.20493,-47661574685.06711,63122.89897559916
143,7.150000000000002e-05,-198356420388.04413,-41395622238.90338,63132.32248847091,473681685463.6242,2327267700081.64,29.219178996099902,-198357750801.6604,-41394545465.25152,63142.37483264423
144,7.200000000000002e-05,-199449437683.3537,-35094474358.6334,63132.414944055185,436791796825.3885,2328429526752.393,29.084949701770704,-199450930749.86508,-35092184039.274605,63155.50174954214
145,7.250000000000001e-05,-200342775846.6072,-28764041944.940407,63136.123396266856,405942922179.8307,2328773038473.837,28.96949098621015,-200344390688.1692,-28760242838.037697,63161.58264901414
146,7.300000000000001e-05,-201035330308.15756,-22412913104.961315,63137.353855249516,380921535452.37634,2328290017192.4526,28.87217749029125,-201037090382.2427,-22406744905.618984,63177.87245297879
147,7.350000000000001e-05,-201527216066.33694,-16042184090.365814,63148.891742859785,361553771740.9672,2326968923424.6514,28.79250904230775,-201528605865.02826,-16036867705.576893,63186.872948160635
148,7.400000000000001e-05,-201817417608.46304,-9662982147.497257,63157.23830772537,347695087237.7112,2324802578865.671,28.73006831715775,-201818557784.9091,-9657485942.985907,63184.14159821269
149,7.450000000000001e-05,-201905917766.3246,-3281225673.352906,63164.1932418163,339241144999.0638,2321777827537.702,28.68454083943659,-201906846879.74417,-3275820733.7357306,63188.98226798938
150,7.500000000000002e-05,-201792840160.93045,3097446153.389631,63171.77772730702,336117905281.67725,2317883936006.503,28.655685097097038,-201793538760.60104,3101674278.6723046,63182.434285192205
151,7.550000000000002e-05,-201478499284.81653,9464616108.906307,63175.058075532754,338282295490.12,2313110462909.6406,28.643323524182662,-201479018257.76447,9469067480.279987,63189.824937516925
152,7.600000000000002e-05,-200963389403.60828,15816519158.578087,63181.04590337044,345721158149.0372,2307446784357.865,28.64733812527297,-200963879554.63046,15819204309.958054,63174.34836857252
153,7.65e-05,-200248299292.4403,22144808120.012066,63184.38588810765,358453260176.5899,2300880970906.3066,28.66767327369644,-200249055467.28018,22144725953.762104,63151.22496906332
154,7.700000000000001e-05,-199334607696.4053,28440174834.58658,63178.60489179197,376527199253.2513,2293400720708.6133,28.704331683971965,-199335568675.1092,28438954302.3748,63149.6489296545
155,7.750000000000001e-05,-198223277373.04227,34699758645.180336,63173.723073710404,400017443110.92004,2284995720598.212,28.757360247774628,-198224346947.80356,34698442238.929504,63155.507570672606
156,7.800000000000001e-05,-196915458947.9309,40918420318.244354,63172.029245620426,429035390526.62976,2275650962562.443,28.826874695666017,-196916854373.61792,40915888432.34468,63153.08392426777
157,7.850000000000001e-05,-195412824233.30682,47088966753.70095,63170.333723229975,463730247047.7692,2265348236345.1323,28.913067012029902,-195414621795.87708,47085021983.91585,63138.747992011304
158,7.900000000000002e-05,-193717761197.11398,53202773750.66695,63162.59051802935,504286238820.54376,2254069558816.61,29.01619306843473,-193719693617.03003,53198884053.91495,63129.0878091784
159,7.950000000000001e-05,-191832027735.7494,59255317225.50362,63153.692562814475,550918891032.1565,2241799980702.495,29.13655187133323,-191833865802.65042,59252440900.68871,63131.53759724909
160,8e-05,-189756961593.61188,65243375194.05314,63150.4527183574,603889760852.3278,2228519029645.067,29.274516143638895,-189758927640.68347,65240429882.79713,63135.190991552474
161,8.050000000000002e-05,-187495347742.172,71159208575.76468,63147.137405426714,663517469099.7412,2214198152286.5947,29.430565191911644,-187497454145.68515,71156125416.11858,63133.5798945489
162,8.100000000000002e-05,-185049751720.1308,76996853079.08202,63143.359374446416,730165425732.0679,2198812922989.2903,29.605246238625885,-185051772902.14185,76994231281.69128,63142.1413890256
163,8.150000000000002e-05,-182422682825.2428,82751033340.62169,63140.29558314454,804253276905.5404,2182337037497.3372,29.79918184536562,-182423979175.4339,82750436178.33046,63144.76703970146
164,8.200000000000001e-05,-179617118380.469,88415804451.7537,63136.9981327559,886266924638.6083,2164740109286.2378,30.013088063083163,-179617700980.98642,88416658991.29654,63134.5091869171
165,8.250000000000003e-05,-176634518761.87167,93988730815.06163,63141.30888158078,976763082139.3546,2145990209600.048,30.247775929389512,-176636023653.99707,93987762113.32034,63142.171529935025
166,8.300000000000001e-05,-173480407747.21124,99459476551.60417,63139.315224892336,1076400893169.4417,2126041146411.7983,30.504219622255633,-173481685243.50943,99459123533.95692,63131.27040286719
167,8.350000000000001e-05,-170157337130.55087,104824500076.77748,63136.832296754954,1185903004853.2017,2104865448511.4607,30.78343727930293,-170158465873.6171,104824496088.39827,63121.54380538503
168,8.400000000000001e-05,-166668391756.04865,110079315179.652,63135.840755182384,1306112276296.2,2082420440416.4822,31.08659040734268,-166669951125.32083,110078712160.98717,63130.133503599536
169,8.450000000000002e-05,-163018017639.08014,115217593250.90059,63132.825278890814,1438004245242.2532,2058655662015.482,31.415015908694865,-163019370413.112,115217442969.78897,63123.56358145785
170,8.500000000000002e-05,-159209105603.68057,120235799961.44691,63131.98763477873,1582692209603.1199,2033522828358.9915,31.77020156086897,-159209994033.53857,120236338092.61237,63148.07570516841
171,8.550000000000002e-05,-155245642134.44638,125128948782.65552,63132.586863279044,1741476083200.9194,2006959582238.656,32.15386121431485,-155245572875.42307,125130690547.60892,63143.73071255173
172,8.600000000000002e-05,-151131192236.11935,129892895559.42223,63136.003734474216,1915860970001.4448,1978899882318.4653,32.56793945479191,-151132838431.6583,129892555395.08383,63121.457691125215
173,8.650000000000002e-05,-146872097355.4159,134520494438.12303,63134.688342032634,2107603489887.861,1949268087388.2402,33.014656664682434,-146873451102.36554,134520573869.7146,63145.121688106476
174,8.700000000000001e-05,-142470495023.54834,139009979553.26196,63137.043022171514,2318721036516.9766,1917998585297.8655,33.49644729021179,-142472114931.19177,139009818161.53833,63142.25463435266
175,8.750000000000001e-05,-137932323604.3769,143355423545.07578,63137.858791102924,2551611576646.2866,1884993984894.5315,34.01615733672989,-137934276396.64664,143354951972.6729,63133.05266832198
176,8.800000000000001e-05,-133262618598.41585,147552396028.93335,63136.59169820162,2809074402408.4175,1850161436449.666,34.57700165260049,-133265451852.74724,147551151114.1035,63111.25263102013
177,8.850000000000002e-05,-128466106441.81004,151597077158.10425,63134.08565813566,3094413475343.033,1813396778991.3787,35.182643244623684,-128470001040.0296,151595094197.3488,63115.406412601784
178,8.900000000000002e-05,-123546690713.92693,155486550778.82053,63133.35217393708,3411557459972.511,1774579035705.1448,35.8373068820531,-123551371797.30698,155484094900.85986,63124.91398857428
179,8.950000000000002e-05,-118512393882.81082,159214731760.5281,63126.56744121003,3765220850269.494,1733562467478.9827,36.545939722640775,-118514527731.71901,159214471933.18307,63137.163348831404
180,9e-05,-113364554415.39261,162781241958.20908,63124.522942244614,4161022814977.8496,1690209100566.57,37.31418345358832,-113363679876.30446,162783241159.6502,63165.07245615124
181,9.050000000000002e-05,-108105534661.93257,166184473042.54465,63132.52591533456,4605834241456.681,1644321963134.9211,38.14879769252389,-108103833862.11299,166186807322.02615,63187.758695355195
182,9.100000000000002e-05,-102744859161.33702,169417990220.54916,63138.660306466554,5108094505945.693,1595664286424.9758,39.05793586187656,-102742033395.56055,169420827815.5756,63181.91997385884
183,9.150000000000002e-05,-97288567917.20598,172478440958.9046,63142.12456502051,5678099638155.248,1544018169217.7466,40.051095455666385,-97282951989.74341,172482670089.95245,63184.20246275519
184,9.200000000000001e-05,-91739527941.9059,175364542054.94675,63149.023627086106,6328583179516.608,1489132647343.1167,41.13951806674922,-91732826891.40991,175368999668.86758,63196.04979036204
185,9.250000000000003e-05,-86106519869.4441,178071758906.17078,63152.256655719444,7075502897769.562,1430691620211.0635,42.33685792884721,-86097301066.56244,178077110419.87323,63190.3768275214
186,9.300000000000001e-05,-80390664742.34193,180599915893.80908,63161.382800688036,7938904104168.74,1368366659663.5117,43.659581426867426,-80382602426.09946,180604310263.21338,63195.86934281313
187,9.350000000000001e-05,-74600416963.67624,182945136341.34244,63170.03619391677,8944392329761.146,1301737560127.045,45.12810226660512,-74592340166.72331,182949068228.44025,63218.495516612056
188,9.400000000000001e-05,-68741553909.67116,185105250492.27625,63178.41397811974,10124815938760.277,1230366112352.617,46.767611216035355,-68733323443.98369,185108797763.38562,63232.604170345956
189,9.450000000000002e-05,-62822041304.150085,187077489465.12552,63183.066432741965,11522792080105.135,1153765347084.2078,48.609533369409796,-62811246508.885826,187081474463.40158,63242.27221807079
190,9.500000000000002e-05,-56846383912.22459,188860732373.5143,63187.23399672985,13194079388410.959,1071432193803.4222,50.69329507251591,-56831877435.8877,188865349695.10614,63244.22847763826
191,9.550000000000002e-05,-50819213326.36772,190453814812.40952,63193.21094125993,15212378712072.736,982848788020.3048,53.068920964856616,-50803948788.40015,190458034854.2147,63218.684820186856
192,9.600000000000003e-05,-44748370407.40923,191854729368.26126,63197.88037660576,17675804518256.312,887569641037.2721,55.800179687409724,-44733443693.61804,191858181394.08023,63225.00551836921
193,9.650000000000001e-05,-38643816500.03233,193061399763.1235,63195.814610628106,20715282759592.105,785419125662.7164,58.96793094154023,-38625365826.01297,193065149234.4084,63226.84909494289
194,9.700000000000001e-05,-32506143322.454952,194074399587.8048,63196.35317352162,24504697616556.727,676835795644.3801,62.67302771178401,-32485407513.112675,194077917118.32117,63213.08054099781
195,9.750000000000001e-05,-26341293847.185585,194892838873.42715,63199.308948595026,29271185361167.06,563437174505.9397,67.03719130224496,-26321507597.914295,194895443607.64014,63206.318296852805
196,9.800000000000002e-05,-20156562537.575436,195515799323.86044,63202.75674966946,35297450259469.414,449313100772.63477,72.19405158317419,-20139200684.659,195517376863.12274,63191.222420802325
197,9.850000000000002e-05,-13961083103.645002,195942383028.4803,63202.53995161593,42895497693720.266,343252512679.0304,78.25536950308829,-13944618356.317297,195943333286.8814,63194.16295816161
198,9.900000000000002e-05,-7758728594.05683,196172874851.05414,63202.41224582466,52301591060185.984,262312273972.56122,85.22038417911607,-7744545592.98123,196173238860.5276,63158.498671578076
199,9.950000000000002e-05,-1555778830.8793304,196207337199.22778,63202.52164582945,63398236457945.23,236064874044.08304,92.7791377758584,-1546451495.336143,196207166173.9015,63150.64892510719
200,0.00010000000000000002,4642845626.85311,196045683070.0662,63203.226633967555,75173801130249.67,307169968684.63135,99.9941551127205,4645481857.101413,196045486399.21503,63139.05734953615
201,0.00010050000000000002,10832944803.095547,195688158352.49704,63206.473230389856,85133742437278.11,516532172886.61096,105.08039874798604,10825446431.693426,195688637682.75644,63142.70026887302
202,0.00010100000000000002,16998143755.305897,195136302285.3854,63204.14832489847,89674462246878.06,864069642298.9148,105.94333410065141,16986206358.214525,195137327970.52667,63119.37600521841
203,0.00010150000000000001,23134760197.59933,194391002119.216,63198.411422709345,86419311068238.19,1275825099727.89,101.80101316540679,23122210518.462345,194392357873.68774,63121.527091400916
204,0.00010200000000000003,29248708384.940487,193451715165.9659,63198.9884870986,76550703802100.31,1640402712151.6958,94.23540988150671,29227495738.467087,193454755493.68063,63116.49872143034
205,0.00010250000000000002,35316582360.97157,192322161092.3366,63191.717355955865,63760160733162.18,1889042473171.0093,85.92468439122003,35296579642.19926,192325673806.8615,63115.85862341724
206,0.00010300000000000002,41345088385.24235,191001882350.91043,63187.14808668177,51322199352140.055,2020579586724.8345,78.73872180799752,41322350389.62741,191006673338.80795,63108.385643218695
207,0.00010350000000000001,47314721698.58405,189495383928.0564,63173.858101577694,40802941094609.47,2069062850619.6711,73.25880842496746,47300471293.46113,189499016897.66144,63105.963484219326
208,0.00010400000000000002,53240915120.22954,187799726010.69766,63170.198010218155,32487305698517.926,2070679567824.2292,69.29627178666878,53224891316.74852,187804431937.0924,63107.4714591253
209,0.00010450000000000002,59096864411.09704,185922013955.5019,63156.895375689666,26096281085599.113,2051979929027.2393,66.41040748899815,59089522730.32891,185924810381.99048,63099.83518453992
210,0.00010500000000000002,64891953654.13359,183860436586.57684,63148.482841485646,21217920867489.44,2029074404036.3645,64.16903369572371,64887710942.82352,183862654177.61285,63099.91526758259
211,0.00010550000000000002,70620548639.67906,181616793702.94528,63145.43438161994,17474887119143.412,2010800198020.987,62.23119912627454,70615743421.80978,181619479471.50403,63106.87121370451
212,0.00010600000000000003,76269327179.96436,179196036875.56342,63138.92716723743,14568647347921.514,2001016969069.8904,60.36268122102006,76266158801.54636,179198431639.2893,63090.19609475955
213,0.00010650000000000001,81835836339.55367,176599802207.21997,63132.78833140877,12277294051253.059,2000326711786.2883,58.42920835648077,81833806900.79117,176602046323.59265,63096.99291666117
214,0.00010700000000000001,87315423188.33018,173830506584.44437,63128.24723986652,10440452451793.777,2007447555879.6145,56.38041489020813,87314010362.44081,173832722049.4795,63089.48138751401
215,0.00010750000000000001,92700954240.85074,170891891245.8595,63122.64476346144,8944054587262.283,2020138552079.154,54.22935928649533,92700980881.00282,170893587123.76947,63091.97521989834
216,0.00010800000000000002,97988719452.36426,167786355744.5644,63118.582000807466,7707634152995.736,2035935068353.5476,52.02903625563813,97987948695.0028,167788637185.94022,63084.68679297259
217,0.00010850000000000002,103173401531.81451,164517195362.7999,63115.792188649044,6674275437305.737,2052723817997.2695,49.84874281784874,103171034125.66183,164520591138.35345,63077.85319240174
218,0.00010900000000000002,108247241184.16745,161089498437.4917,63109.06886743761,5803189285546.523,2069012778461.912,47.754963017188125,108245102632.74223,161093014400.5116,63062.83087522663
219,0.00010950000000000003,113206930413.72743,157506088229.87653,63101.76134346199,5064415453150.48,2083974769424.8213,45.79932342571924,113204309082.26164,157510168987.4627,63062.768017727016
220,0.00011000000000000002,118048622350.58057,153770113558.87805,63095.90426319206,4435079002221.818,2097388390991.9792,44.013422553270885,118045333739.11984,153774961849.5534,63065.48057676247
221,0.00011050000000000002,122765056673.65846,149887448735.13266,63085.557429850924,3897045587268.082,2109432552167.111,42.40956232154408,122763669480.15817,149891123600.65884,63064.657069980574
222,0.00011100000000000003,127354573587.24458,145860091234.0668,63077.731067526765,3435540793583.843,2120459120050.5374,40.98498189125964,127355451193.16052,145861997049.7403,63068.099271591345
223,0.00011150000000000001,131813148712.27101,141691776368.605,63073.18054886176,3038200596658.486,2130887378237.5588,39.726770805726474,131815310875.06966,141692442072.12994,63068.11160101669
224,0.00011200000000000003,136134994354.00592,137388097679.90625,63067.666172043355,2694610277009.22,2141065300519.4814,38.61675227222318,136138827301.19258,137387130230.09512,63066.50613079756
225,0.00011250000000000004,140318736539.28812,132950774011.01823,63068.87049903572,2396022188329.7505,2151208645596.6401,37.6353195350363,140322488453.94543,132949733855.41551,63074.70001439411
226,0.00011300000000000002,144356042189.26398,128388675824.54022,63063.652373993325,2135073473252.575,2161433656371.8237,36.763711917983024,144362036519.02505,128385001435.23732,63077.41439079665
227,0.00011350000000000002,148247967672.2056,123701227788.08527,63067.51710979282,1905709106787.4053,2171714384667.4312,35.98559630020174,148252800126.89386,123698652985.69016,63063.785335779314
228,0.000114,151987832125.97858,118896313818.6403,63070.20106100865,1702889495295.4465,2182001189092.3254,35.28718330002527,151991487350.21136,118894962599.84052,63070.502318206454
229,0.00011450000000000002,155572307883.02664,113978598335.36789,63072.58834709183,1522547447038.0537,2192172408620.975,34.65739946260335,155575010044.49445,113978300807.62886,63069.437751976
230,0.00011500000000000003,158997059965.31955,108954434539.77707,63071.28839124674,1361396102865.0256,2202101828786.8174,34.087443591894875,158999464318.89816,108954480097.25104,63064.62062257315
231,0.00011550000000000002,162260451475.67358,103826802674.5841,63072.631842412164,1216805752855.2764,2211666372616.4844,33.570337294815204,162261552646.19577,103828779554.7365,63046.62862340868
232,0.00011600000000000003,165357810798.9031,98603337077.67111,63069.86910987112,1086649126144.9946,2220775502453.875,33.10038883097468,165358743076.48975,98605711764.64665,63051.50627508803
233,0.00011650000000000003,168287558756.74448,93287399604.95293,63068.86872892117,969236556290.2922,2229343865591.442,32.672946120595924,168288223493.61575,93290363957.70949,63069.45401427851
234,0.00011700000000000001,171046371950.87335,87885400689.57362,63066.68395234394,863190796582.6001,2237317524485.3813,32.28405647241431,171048085256.03055,87886412565.36009,63085.66068698299
235,0.00011750000000000002,173631665315.33066,82403026012.00131,63063.07787960651,767399971441.3176,2244650473839.312,31.93035062164271,173635116121.13394,82400310029.20834,63095.287286407736
236,0.00011800000000000001,176043368423.52368,76840949453.31244,63070.39429666447,680952936436.2513,2251308416084.318,31.60892577167814,176046475968.6857,76838504848.63255,63087.96557509431
237,0.00011850000000000002,178276717170.49088,71209796886.0013,63073.74198338368,603070832173.4072,2257279754804.774,31.317194743522982,178279654256.81396,71207567123.10822,63079.58200013269
238,0.00011900000000000003,180331319791.59604,65511281452.73013,63083.69367721066,533130467436.38086,2262532440549.0703,31.052999375174796,180333193256.79422,65511699606.34372,63082.20604873802
239,0.00011950000000000002,182202060433.46307,59759683056.79762,63077.92037153174,470587910290.6529,2267054113605.644,30.814452988301856,182204163572.01245,59759431003.06678,63053.66208683604
240,0.00012000000000000002,183890167187.76874,53953479617.21264,63077.815618497334,415012245480.94135,2270811612692.745,30.600035420752516,183891593121.4922,53955420255.58022,63066.1330960705
241,0.00012050000000000003,185393356053.618,48100746707.43132,63076.64933072109,366000775898.73975,2273803579953.364,30.408367901686674,185394798906.32996,48102842604.932915,63068.19628781776
242,0.00012100000000000001,186710528920.22604,42206792746.2393,63076.03326888636,323214551042.9837,2276018897829.67,30.23827560860212,186711745787.0351,42210226364.91314,63051.53960999003
243,0.00012150000000000003,187840049711.88446,36280037736.00479,63069.81748699145,286359073553.52374,2277448306241.5205,30.088757076948543,187841466213.4155,36283041578.48324,63045.70622033409
244,0.00012200000000000001,188781610854.16956,30324397973.543888,63064.15228658854,255186195628.7321,2278079188036.501,29.958982604844934,188783210618.39767,30326958682.391697,63054.86111809901
245,0.00012250000000000002,189534653766.23087,24344938484.513638,63061.046330462275,229478323202.6272,2277904784594.2544,29.848239769184506,189536343946.21902,24346808597.64788,63053.43267098734
246,0.00012300000000000004,190098471638.09506,18348684581.43972,63057.38879472505,209052039122.8253,2276917767111.738,29.755926490105686,190100342222.72278,18349624274.419212,63062.8179987656
247,0.00012350000000000002,190472970605.81076,12339166596.8367,63059.15972806118,193759225135.9348,2275108254039.798,29.6815519391516,190474809020.07138,12340272993.484217,63063.8774496547
248,0.00012400000000000003,190657698952.91086,6324514791.9791155,63059.98478892327,183481495975.2635,2272467511005.7324,29.624715000519412,190659528999.12814,6325880414.907996,63055.04820847934
249,0.00012450000000000004,190652690283.78265,312046222.092285,63056.89090404353,178133704914.75455,2268983967602.4873,29.585107807775284,190654590442.2167,313166363.30679643,63041.621401111945
250,0.00012500000000000003,190458306871.6933,-5693300110.001238,63053.245003641554,177658794695.02325,2264646830233.13,29.56249807367324,190460240242.7624,-5691995780.064068,63035.03226814912
251,0.00012550000000000001,190075064031.64993,-11684366407.812864,63046.289517391524,182026464917.17438,2259446092356.38,29.556717062197208,190077092268.4532,-11683390577.852423,63015.016446375965
252,0.000126,189503523822.0956,-17657880001.20998,63043.15974991752,191233033555.07098,2253371482142.8516,29.567656485591623,189505845298.9772,-17654969999.237465,63008.28362319016
253,0.0001265,188744543366.15866,-23606384311.88504,63039.26721528734,205304423691.96573,2246410605990.153,29.595275185772447,188747125159.2997,-23602589049.75359,63034.06595349678
254,0.00012700000000000002,187798982106.37427,-29525208224.00005,63037.69170492078,224294033312.167,2238550465643.8433,29.639594982410298,187801626551.81042,-29521925216.715195,63041.52635118541
255,0.0001275,186667753106.64362,-35409548527.603455,63040.44549098835,248286061285.58423,2229775829321.213,29.700705894884297,186670612660.54922,-35405644354.622925,63030.901113988555
256,0.00012800000000000002,185352894762.13547,-41249373289.496605,63036.27793993817,277397680961.3496,2220068867384.9307,29.778771160141087,185355813003.32715,-41245991616.38937,63025.91386751107
257,0.00012850000000000003,183855417218.9028,-47042176225.448296,63034.61546912765,311768023741.6542,2209416850673.069,29.873992361510435,183858611944.7925,-47038105121.5552,63011.35823036435
258,0.00012900000000000002,182177315758.36127,-52780913113.05056,63031.59110222054,351576688751.1221,2197799859216.3728,29.986649669819208,182180885576.09796,-52776182115.577576,63016.717347093465
259,0.00012950000000000003,180320611722.91898,-58459709025.82055,63026.878269987945,397035344014.92975,2185199222191.6677,30.117085797915006,180323790398.04022,-58456940547.823456,63035.79915272953
260,0.00013000000000000004,178286691392.88846,-64075239852.690834,63026.40312265475,448393191856.31036,2171594884843.4949,30.265709895482733,178289429799.0323,-64074000730.5256,63036.42183136056
261,0.00013050000000000003,176077972270.50934,-69621109175.8381,63027.036447805775,505950775115.10596,2156959219640.2722,30.433032283138896,176080420905.73068,-69620682737.90228,63042.13265772281
262,0.00013100000000000004,173697402639.91306,-75090437460.30469,63024.869424427794,570052979760.4225,2141266001650.3179,30.619642837783903,173699321557.65356,-75091446047.74466,63035.11148626303
263,0.00013150000000000003,171146873430.58148,-80479642525.58182,63024.94457667809,641090404202.617,2124491164914.6338,30.826195228758817,171148691657.59262,-80480760998.13295,63011.26238675231
264,0.000132,168429300401.5535,-85782911078.31834,63025.38601685082,719521692851.2026,2106601422130.5173,31.05345689502519,168431652561.12363,-85783090985.66068,63009.24591163389
265,0.00013250000000000002,165547565144.43024,-90995057894.71202,63026.07775300359,805870023060.7319,2087563429678.708,31.302297348675484,165550958651.46115,-90993315111.73213,63009.55482119462
266,0.000133,162505137120.82144,-96110245259.08287,63024.955035624866,900735173750.151,2067340803905.558,31.573698936711008,162509633448.72275,-96106825014.5583,63001.588847805986
267,0.00013350000000000002,159306383098.23203,-101121742469.59407,63017.63394970036,1004799414100.5057,2045896747001.3872,31.86875406358523,159310424843.38876,-101119447357.86743,63000.61154991382
268,0.00013400000000000003,155952947953.0485,-106027808595.10605,63013.54985145458,1118831790645.833,2023197306114.424,32.188650559810085,155957502185.86258,-106025097730.76114,62975.07196865943
269,0.00013450000000000002,152448780391.2566,-110822937951.79448,63009.99134358777,1243742037060.543,1999186500824.961,32.534796554935355,152454705671.98273,-110818571675.56938,62976.51724220486
270,0.00013500000000000003,148797816199.92624,-115502143776.2652,63005.822562893,1380571467218.574,1973810109259.2954,32.90878492437215,148804143033.5458,-115497670565.85895,62994.510770917455
271,0.00013550000000000001,145003075310.94376,-120061977204.12238,63004.06248622388,1530518626326.192,1947011123762.4492,33.31240069598735,145009693809.77975,-120057525348.61336,62992.6564368814
272,0.00013600000000000003,141069986036.46866,-124496188560.21811,62998.95582295298,1694982380226.0618,1918719960636.9397,33.74768722472099,141076163377.01828,-124492681170.12578,62988.61640754298
273,0.00013650000000000004,137001098076.55927,-128802435177.93008,62996.49775183964,1875565821745.3984,1888873459321.0247,34.21689935414147,137007066256.48012,-128799515497.54082,62990.7621419148
274,0.00013700000000000002,132800660374.52272,-132976429861.07823,62995.75296225051,2074160988309.9424,1857385103454.3936,34.722645382154845,132806951941.7641,-132973393134.9343,63001.00968772613
275,0.00013750000000000004,128474727335.4984,-137012420433.33215,62991.12804381591,2292981648715.732,1824162540673.2617,35.26790476525126,128479473687.40977,-137011189919.92482,62993.78000043186
276,0.00013800000000000005,124026029683.76836,-140908369608.20282,62988.632529210045,2534604307846.6147,1789117682120.5234,35.85600239742101,124029869331.07834,-140908117843.91287,62993.289658270514
277,0.00013850000000000003,119458497282.34981,-144661033947.21368,62989.37097253074,2802100888797.758,1752132046305.5034,36.49080705957385,119462746433.60956,-144660526359.2553,62981.20209896332
278,0.00013900000000000002,114778190425.53134,-148265569805.09006,62988.80515467151,3099131739362.6265,1713070946757.449,37.176820816648124,114783485679.90897,-148264451351.91956,62970.09159308263
279,0.0001395,109989236986.82129,-151719126922.90485,62988.90465875927,3430048036473.8315,1671798132418.7754,37.91919407029314,109995960274.96802,-151717200231.54742,62971.761501672685
280,0.00014000000000000001,105099266944.7439,-155016477857.22363,62982.89000529481,3800091996927.9453,1628150934061.7263,38.72392491638499,105104158885.37737,-155016074843.65778,62988.810243173226
281,0.00014050000000000003,100109018864.82037,-158157681314.01724,62982.20367879801,4215559176580.871,1581967077786.2542,39.59789954585734,100113237384.14331,-158157915142.44562,62988.427527609914
282,0.000141,95024497384.79214,-161138974985.9927,62983.362583650254,4684199201137.099,1533015945190.748,40.54940703746863,95029226885.63564,-161139107195.38513,62989.96882701673
283,0.00014150000000000002,89851610147.69621,-163957050572.0369,62984.25826362355,5215519963639.901,1481052624881.431,41.58829001933514,89854795058.22238,-163958198355.0935,63005.55899613895
284,0.00014200000000000004,84596958804.03445,-166608574299.71613,62982.12756952156,5821282963220.007,1425805897275.5076,42.72625575012482,84596273490.514,-166611837199.37726,63031.733453951696
285,0.00014250000000000002,79259389873.57407,-169094462451.82117,62990.53980674056,6516148040253.401,1366974710436.1182,43.97729514108466,79258176622.3982,-169097857324.4261,63045.252477568945
286,0.00014300000000000003,73849743382.61012,-171409351901.68097,62996.43612600224,7318735371890.422,1304152986911.3335,45.358719791660256,73847518737.15208,-171413038961.25424,63030.519779821545
287,0.00014350000000000002,68374189182.09481,-173550901761.8186,62999.04708376086,8252641561022.579,1236944691224.4675,46.89151394514871,68370408393.084175,-173555083915.6958,63027.63658160745
288,0.00014400000000000003,62835052087.622505,-175518539921.39926,63004.77201877684,9348164747864.09,1164899673898.2427,48.601446902745806,62832123122.74299,-175522151511.2923,63020.27730421499
289,0.00014450000000000004,57241802869.97987,-177308938175.01233,63006.185831824034,10644711974127.225,1087480855811.7985,50.52076504730533,57238572142.53834,-177312504988.14594,63018.737766924285
290,0.00014500000000000003,51596886188.48562,-178921724528.76797,63009.47212615901,12193855365163.574,1004147093112.5479,52.68976767215365,51594232769.03677,-178924918862.93878,63026.90156688972
291,0.0001455,45906096732.84496,-180355331842.92346,63013.986612641376,14063909279053.555,914314042226.3723,55.15950874910646,45904162251.08069,-180358146276.01263,63028.40738648069
292,0.00014600000000000003,40176485812.49729,-181608093725.12982,63017.376872980996,16345963433380.58,817469835115.9791,57.99474267125209,40175022591.63406,-181610650300.60962,63033.09859045014
293,0.0001465,34415444567.28828,-182678638415.05725,63017.418985682874,19161897403126.35,713348067770.8191,61.27716615754424,34411986452.84466,-182681421672.50793,63043.19264064474
294,0.00014700000000000002,28625322671.981365,-183566938030.3834,63019.654097777275,22674247397728.95,602260013789.9661,65.10814168988368,28620680835.34567,-183569736288.3527,63049.04923386599
295,0.00014750000000000003,22811526014.39403,-184272238066.5095,63024.173321175644,27096325014328.402,485712893983.1711,69.60861955294534,22806779762.566166,-184274758987.56744,63059.9216593333
296,0.00014800000000000002,16984856227.064264,-184793203932.4166,63023.81981883196,32695421423329.273,367723698942.46075,74.90852983621811,16976185044.619257,-184795945026.7157,63067.658807746084
297,0.00014850000000000003,11147652177.469185,-185130188164.68604,63024.0093098425,39769327826648.79,257196764663.32397,81.10901379682085,11135094677.85943,-185132868186.09662,63066.950059159564
298,0.00014900000000000002,5306529606.955961,-185282943036.27798,63023.53214252698,48548364781347.81,171716843477.83722,88.1842388091705,5289595002.870518,-185285382800.553,63063.81728852505
299,0.00014950000000000003,-533247450.19548523,-185251749714.53638,63023.68445233936,58928142046232.86,142424307154.6633,95.7688941553868,-553876519.7940773,-185253543196.19638,63044.892585743284
300,0.00015000000000000004,-6366832264.318236,-185036526243.28,63024.347489791326,69939270590112.83,215107853379.51666,102.81963525328884,-6388561445.538292,-185037705155.79486,63049.3191678318
301,0.00015050000000000003,-12186399387.699112,-184637936185.08963,63024.172853676035,79158108782011.16,434520121378.0278,107.40350294765668,-12211772501.500504,-184638155429.33038,63077.090174117286
302,0.00015100000000000004,-17991990649.545376,-184056006911.51117,63028.13843777908,83083568595289.81,800945186757.7836,107.35234547723007,-18017645616.756466,-184055477708.80643,63083.704833858945
303,0.00015150000000000005,-23774822391.48513,-183291543819.3575,63033.26406774767,79493945965510.11,1233624877090.0266,102.07250445735863,-23798100313.41961,-183290519487.49518,63060.489023801965
304,0.00015200000000000004,-29525865487.769382,-182345872337.4487,63036.66305267521,69722756683848.59,1612127933708.4392,93.54377868492176,-29547355079.50159,-182344391912.93008,63042.65961839832
305,0.00015250000000000002,-35244716436.651886,-181219277568.03513,63042.940333542676,57453218746662.125,1864911964777.2644,84.71090059855146,-35259048002.272865,-181218428080.94867,63035.152187327534
306,0.000153,-40908632959.27486,-179916427305.01358,63037.50246260634,45781176938964.84,1994252550681.1995,77.42740578778985,-40928983293.07506,-179913871113.52853,63040.62871805879
307,0.00015350000000000002,-46537127188.74448,-178433899235.6292,63042.54133585055,36083657962419.48,2037884157547.933,72.1285570413388,-46552347053.21171,-178431890489.84085,63042.73490600583
308,0.00015400000000000003,-52112007083.49884,-176775750582.48447,63046.605591898384,28529886114581.21,2034547145947.8818,68.48579343409035,-52122470882.38911,-176774559209.6392,63044.400579784364
309,0.00015450000000000001,-57626093798.24212,-174944431309.3381,63048.053169948704,22799491273329.125,2011586774916.9539,65.96966579456151,-57634314149.051704,-174943522042.7115,63033.05902194652
310,0.00015500000000000003,-63078708227.86724,-172940611642.97098,63051.75616272665,18477147097043.184,1985528867408.2449,64.09597419522015,-63081178094.22852,-172941459159.54688,63009.389113663485
311,0.00015550000000000004,-68459433659.45262,-170768141420.3915,63052.01737527911,15197565413095.611,1965255534116.2153,62.49387434456218,-68458021099.66572,-170770454479.95554,63005.2127995048
312,0.00015600000000000002,-73761121206.74649,-168430446999.11246,63046.0587456772,12677370383564.928,1954544151841.3015,60.91150348367658,-73759785290.74573,-168432950682.93027,62994.6109095405
313,0.00015650000000000004,-78984705985.9864,-165927883550.7482,63041.94221379264,10707868760846.854,1953905493801.311,59.204428223016926,-78981399488.6643,-165931522112.44977,62977.517002312896
314,0.00015700000000000002,-84121418796.02504,-163264755385.98047,63034.20980798227,9139086811351.127,1961895997826.6719,57.31871364629012,-84117341132.41655,-163269124681.513,62976.955759788805
315,0.00015750000000000003,-89168739887.48419,-160442911515.3286,63026.859176946375,7865184880710.183,1975987251221.9797,55.27077559312426,-89165742067.71082,-160447063249.24194,63003.155861716325
316,0.00015800000000000005,-94122198200.86397,-157465104221.60184,63020.734832777656,6812275827880.767,1993435648219.3506,53.122413996566856,-94121978097.33482,-157467868383.82184,63027.36279079586
317,0.00015850000000000003,-98979458904.08226,-154332926730.92484,63020.58767794548,5929113205524.676,2011846856802.2942,50.95528744619124,-98979339479.70363,-154335657440.79782,63016.21668373983
318,0.00015900000000000002,-103728323300.4528,-151054143318.03983,63011.20387053402,5179944131897.619,2029529653829.6248,48.84903364968858,-103733746252.97287,-151053230654.3085,63041.55496245837
319,0.00015950000000000003,-108374128423.83858,-147625909174.86496,63014.02176975446,4539487817943.814,2045493450393.6067,46.8674026803267,-108380179227.85457,-147624366839.96274,63024.02142248197
320,0.00016,-112904133197.14578,-144057184849.65192,63010.003071406376,3988937337373.1074,2059517712504.5496,45.05100864707011,-112912473532.7517,-144053720274.01483,63019.8095405677
321,0.00016050000000000003,-117319832856.40968,-140347433264.2953,63013.323991806465,3513899190406.922,2071751601933.98,43.41849192205721,-117327103495.17781,-140344395619.4057,63019.89388258553
322,0.00016100000000000004,-121614944848.81377,-136501756082.11159,63018.56840871108,3102678312673.5776,2082649648442.996,41.97025246475244,-121620676843.75148,-136499700468.63483,63029.21674790371
323,0.00016150000000000002,-125783892643.3928,-132525287943.11026,63021.88331767033,2745563444891.043,2092695577413.5159,40.694529371433156,-125788903078.23312,-132523588114.11598,63036.54219840318
324,0.00016200000000000003,-129822179512.7919,-128422703428.34674,63022.03752433587,2434348668839.8965,2102300350939.6743,39.572972788204204,-129828002560.03288,-128420008678.32298,63044.40872938752
325,0.00016250000000000002,-133727811146.15814,-124196463745.41019,63024.64004701647,2162052232145.8972,2111754542880.473,38.584947793623094,-133733618611.52399,-124193521454.95277,63025.92633953558
326,0.00016300000000000003,-137495377082.26315,-119852604842.15988,63024.42602656759,1922720557349.149,2121230536748.6614,37.710349657968706,-137501293783.68637,-119849264272.81865,63025.7067223664
327,0.00016350000000000004,-141123119306.88565,-115393583477.7321,63027.45023030873,1711362195670.4949,2130763430831.513,36.93140390267869,-141128072558.1558,-115390916679.71155,63009.91723134543
328,0.00016400000000000003,-144606699034.10626,-110824855517.03401,63030.52004643867,1523793564227.5881,2140317182948.8281,36.233214865919805,-144609532601.63733,-110824624950.07675,63010.14822873493
329,0.00016450000000000004,-147941260495.65543,-106153156252.47725,63028.07123951843,1356573394110.511,2149791559904.3274,35.60386347977527,-147943956911.56348,-106152950696.50612,63016.252621869986
330,0.00016500000000000005,-151125645714.71875,-101380770225.61044,63027.91875132516,1206904432726.3953,2159055096124.4985,35.03408494166262,-151127751453.06534,-101381414173.75458,63015.8252582016
331,0.00016550000000000004,-154156101067.57562,-96513583116.77661,63026.83814921122,1072485436220.7643,2167998056000.7227,34.51660782749194,-154157922490.3697,-96514619356.91235,63022.94835624456
332,0.00016600000000000002,-157030171659.9659,-91555991555.44208,63026.46640597603,951455144816.5149,2176515218406.8174,34.045725165345544,-157032693498.42953,-91555824760.84517,63056.88622054675
333,0.0001665,-159745418079.1425,-86512557848.89891,63027.83665961546,842295460291.0729,2184523980550.3132,33.61684554305572,-159749174215.45538,-86510134673.62149,63056.18616215067
334,0.00016700000000000002,-162300433067.67184,-81386104186.17876,63036.37473456296,743764341401.469,2191961608299.7131,33.226175198702286,-162303719593.94843,-81384205365.09871,63068.53851504144
335,0.00016750000000000003,-164689998638.50375,-76187041813.4267,63037.072199056,654829943714.1749,2198787515168.6208,32.87047232986432,-164694439563.1083,-76182365290.47733,63081.55631012964
336,0.00016800000000000002,-166914222345.63284,-70916092657.07771,63043.167964435575,574669989719.8778,2204949938471.7534,32.54704990532972,-166918881087.3016,-70910295968.6517,63085.12198908292
337,0.00016850000000000003,-168971115311.2258,-65577880482.91286,63055.1185891455,502572391246.2053,2210430476836.7017,32.25351717911463,-168974893510.4694,-65573628435.98925,63082.4206653126
338,0.00016900000000000004,-170857267018.49527,-60181150018.87165,63063.0752471022,437937904984.2409,2215212327013.428,31.987773679820535,-170860546664.86975,-60177743400.19987,63081.80224602302
339,0.00016950000000000003,-172570630154.06445,-54732644238.13471,63064.637149648195,380274766090.1464,2219269924689.5127,31.748046094052224,-172574178701.24542,-54727830916.38631,63078.27920857874
340,0.00017000000000000004,-174111237580.3881,-49233402598.63148,63072.286414882146,329165056372.7948,2222583338261.381,31.53282106801334,-174114250848.45602,-49229657235.79465,63087.30061236336
341,0.00017050000000000002,-175477009856.33603,-43690731972.307014,63080.177055498265,284233189396.38745,2225148238460.4023,31.3407394019999,-175479568140.47916,-43688076641.76901,63092.02689139342
342,0.00017100000000000004,-176666284303.4204,-38112040285.11489,63083.65842835438,245164401041.58856,2226952138022.6646,31.17064438342672,-176668557581.9176,-38110128048.26465,63080.137652372134
343,0.00017150000000000005,-177678213240.36267,-32502832772.67168,63083.93317246166,211692963707.3425,2227980798292.814,31.021569096704194,-177680384614.5365,-32501138181.167793,63079.61491078475
344,0.00017200000000000003,-178512345099.81235,-26867232658.945724,63085.40154517827,183589557664.4734,2228223875652.073,30.89269121740154,-178514346350.05383,-26866377871.061756,63083.99518766259
345,0.00017250000000000002,-179168016063.69803,-21210782712.81228,63088.017869238036,160656531181.27118,2227674090510.2046,30.783302864140975,-179169797308.2687,-21211240431.859623,63082.79541080878
346,0.00017300000000000003,-179644498758.64075,-15541284799.203182,63086.22712897698,142730136023.08844,2226322664408.3467,30.692810108697696,-179646304448.38257,-15541926656.353643,63076.53888113967
347,0.00017350000000000002,-179941661302.64957,-9864657243.620722,63080.37277680672,129679985995.8471,2224158655033.698,30.620731717061773,-179943531935.99246,-9864841731.725407,63050.11942145764
348,0.00017400000000000003,-180059647339.63452,-4185149778.175559,63074.82074406656,121402728469.9065,2221172834081.2656,30.56667517832286,-180061555714.01358,-4186145571.111931,63043.289080099705
349,0.0001745,-179998587721.96335,1492195579.260651,63071.000306927184,117821030714.65768,2217356850527.6567,30.5303235111569,-180000534698.66083,1489914118.843009,63036.80470697179
350,0.00017500000000000003,-179758741524.78586,7161118862.641143,63066.99865387553,118885369899.44984,2212700887604.077,30.511436906702222,-179760851972.857,7156922663.766182,63027.47269696379
351,0.00017550000000000004,-179340682807.78583,12814351760.923058,63058.78701521333,124573589991.36531,2207193787553.6133,30.509851441128152,-179342996053.85458,12810267691.22613,63037.861135265004
352,0.00017600000000000002,-178744976073.2378,18449263664.93512,63054.626630547114,134888503005.42499,2200824554706.0728,30.52546951242619,-178747382132.78857,18445516562.721306,63045.562866499546
353,0.00017650000000000003,-177972494300.15854,24058855587.135586,63050.093185417565,149861494092.92944,2193580046648.9485,30.55826482638143,-177975034953.51297,24055156595.748333,63032.89868838597
354,0.00017700000000000005,-177024343934.67477,29637019085.523582,63043.841778120055,169550138427.49915,2185446733702.0095,30.608276188510256,-177026797358.7672,29634729146.08627,63045.11916161199
355,0.00017750000000000003,-175901269162.10635,35181025712.39996,63043.1680704729,194038265511.37463,2176410856009.233,30.675602635431545,-175903579302.56915,35179701579.17688,63063.472990068796
356,0.00017800000000000004,-174604893133.02,40683188685.83506,63041.30361149413,223443992667.73703,2166453842415.1006,30.76042374649875,-174607001806.28204,40682772583.97323,63030.05850553133
357,0.00017850000000000006,-173136434308.32806,46139388694.56611,63041.77027106308,257911302134.58127,2155559416245.8667,30.86297679982331,-173138843009.32425,46138032044.62151,63037.21453856016
358,0.00017900000000000004,-171497890233.31055,51542768584.07623,63040.29481943884,297619555693.3651,2143707574696.0198,30.98357347225831,-171500388259.9097,51541384533.17779,63024.80800117912
359,0.00017950000000000003,-169690772526.80597,56889247867.71457,63040.40271736031,342778000394.77783,2130880045584.9255,31.12258370990156,-169693944624.14188,56886068764.41031,63013.09694804419
360,0.00018,-167717364357.9457,62172591564.54912,63039.22104309121,393637325910.0667,2117053702462.687,31.280460149870404,-167721212705.4261,62167798099.939575,63011.54485552115
361,0.00018050000000000002,-165580178075.32504,67386834192.09929,63034.94067103019,450485559188.20886,2102206291282.247,31.4577258603195,-165584836543.76013,67380588228.957214,62996.53595268387
362,0.00018100000000000004,-163281651571.54425,72526923755.63568,63028.2508781484,513652232652.9873,2086315306019.2236,31.654973744252015,-163286696747.93265,72520364250.43875,63001.65491204324
363,0.00018150000000000002,-160824306047.6458,77588047299.16557,63020.09112664664,583517145200.1602,2069354951045.6448,31.87288369050058,-160828994429.91965,77582867052.81456,63009.88973959334
364,0.00018200000000000003,-158210120343.59842,82566818379.27942,63014.77939826756,660517818113.1525,2051295675613.8516,32.11223827294594,-158214013370.14734,82563708871.3206,63011.859290651744
365,0.00018250000000000004,-155441818198.69293,87458387959.76822,63011.7163198419,745165711692.516,2032099428588.3323,32.37396028839174,-155445084819.9287,87456713623.30988,63015.34248620925
366,0.00018300000000000003,-152522965850.31802,92256807043.53589,63007.194496004406,838047281146.5686,2011726671560.9805,32.65910402752165,-152525603821.36664,92256517484.83994,63003.98356035003
367,0.00018350000000000004,-149455637769.09464,96959176944.53906,63006.256581704794,939826044933.6636,1990140569648.6685,32.968831348564024,-149457854983.2785,96959743952.10995,63027.58069616152
368,0.00018400000000000003,-146242376160.45587,101561746856.35464,63010.509967759994,1051276877098.7422,1967291536178.7222,33.304482383117445,-146244617906.58905,101562339158.91333,63021.23565490157
369,0.00018450000000000004,-142888525398.21893,106056927838.96149,63010.25393396742,1173297278700.0173,1943123360245.246,33.667596169935415,-142889765400.67007,106058931175.60776,63027.779798014744
370,0.00018500000000000005,-139395472584.0903,110443384006.59615,63014.84982192873,1306891371325.369,1917593698025.0535,34.059820933493576,-139397922302.13348,110443746857.65976,62997.144019666666
371,0.00018550000000000004,-135768350813.54852,114714716115.319,63017.263339131714,1453247618500.4197,1890633908020.3562,34.4830781343799,-135772664770.45229,114712799664.02045,62979.92138656197
372,0.00018600000000000002,-132013164863.5998,118864312306.86421,63010.45443612277,1613718772197.291,1862184702043.5522,34.939489314629746,-132017506316.00264,118862730232.29146,62984.20710241877
373,0.00018650000000000003,-128131775546.5388,122890927326.41858,63003.92168023411,1789844751758.6416,1832193819698.4363,35.431347805638666,-128136062775.25612,122889775126.63129,62978.66741454008
374,0.00018700000000000002,-124127114563.3173,126791854267.32544,63001.018389642675,1983453405185.6372,1800575626161.533,35.9613354945691,-124131543150.36514,126790793406.18881,62994.10024909636
375,0.00018750000000000003,-120003326415.56566,130563195738.9793,63000.64306807152,2196702205420.9077,1767228186176.8284,36.53259495776863,-120008152341.82912,130561968735.58192,62999.31190982437
376,0.00018800000000000002,-115765135509.83115,134200797432.98279,63000.65622202135,2432129179938.648,1732043930479.9724,37.148740128969024,-115770414498.78583,134199305708.07478,62985.82921322194
377,0.00018850000000000003,-111418414031.63637,137699897770.7648,62996.73619642928,2692727255781.135,1694909798320.6216,37.81388737019829,-111422953028.38809,137699309407.98328,62991.31531780236
378,0.00018900000000000004,-106965894558.84784,141058756294.4211,62994.512942684756,2982028852224.4087,1655710531819.3418,38.53268683139098,-106970354835.34372,141058474015.43503,62977.24045808624
379,0.00018950000000000003,-102411916733.22932,144274293563.68225,62994.05611947719,3304284527496.623,1614295374757.298,39.31057710562684,-102417311083.73154,144273477695.5207,62986.9543329982
380,0.00019000000000000004,-97761379180.61673,147343224234.96085,62994.253657676556,3664611841405.8896,1570494806569.9138,40.15391838669699,-97767483534.33615,147342183608.67352,62983.63318123645
381,0.00019050000000000005,-93020305979.17728,150261802450.16504,62991.88384007393,4069204470083.761,1524120981036.6343,41.07014702349323,-93026063057.69505,150261201677.58917,62977.933580352445
382,0.00019100000000000003,-88190984548.74184,153028964681.19977,62993.31269047693,4525592596504.043,1474970821706.8042,42.06794514004454,-88198327352.4946,153027582569.8587,62985.18528928566
383,0.00019150000000000005,-83281770633.88292,155640011027.89648,62990.038982432015,5043077321886.034,1422785881600.5786,43.157718033066125,-83287784073.71527,155639652379.9645,62991.140610946495
384,0.00019200000000000006,-78294345505.03247,158094487468.78308,62990.12033127724,5633117408980.623,1367306131528.9077,44.35174076693922,-78300194206.71834,158094360148.8149,62991.524405145785
385,0.00019250000000000004,-73235307820.61363,160389230440.72827,62989.58751300309,6310095094495.171,1308195929114.5818,45.664921463743745,-73241693737.33458,160389100202.36127,62977.1371403461
386,0.00019300000000000003,-68109741718.95858,162522189346.57288,62988.61990110893,7092121395402.83,1245091100369.149,47.115313306538866,-68116826631.645004,162521903906.78098,62970.13987657006
387,0.00019350000000000001,-62921386122.01541,164492041203.55548,62989.98478556285,8002253514170.612,1177574488507.68,48.72499131657981,-62930185382.39386,164491253072.04834,62977.41819849921
388,0.00019400000000000003,-57676560532.10592,166296484409.25482,62991.147671495826,9070172369195.354,1105161220341.72,50.521282169391895,-57687704542.47941,166295175168.534,62967.43451166748
389,0.00019450000000000004,-52381132243.816025,167933716499.31857,62991.102152926724,10334402712107.107,1027326930667.7615,52.53814690511394,-52394208543.01847,167932195532.83783,62959.159348744826
390,0.00019500000000000002,-47039908685.322205,169402518676.44077,62990.95607171251,11845440775907.451,943513700814.4698,54.81808424069705,-47056244555.58545,169400503454.50568,62951.89542571024
391,0.00019550000000000004,-41657928202.59022,170701717835.98773,62991.23299477819,13670091661353.463,853157527840.8368,57.414641291220825,-41679154286.19602,170699034814.03662,62939.46725581772
392,0.00019600000000000005,-36243470703.29005,171829512808.67853,62987.34613098016,15897341778612.488,755778886167.1938,60.39539150348864,-36266176523.91688,171827266793.07916,62948.112074694654
393,0.00019650000000000003,-30798933427.578697,172785859996.5358,62984.67181449749,18645938993682.43,651193711787.5193,63.844838603931436,-30822645786.228535,172784152781.0471,62957.308650813844
394,0.00019700000000000005,-25328144650.838665,173570247998.04108,62985.285760369574,22073742894013.51,539826858420.9784,67.86682970152825,-25355619996.643253,173568778432.16147,62932.81245213655
395,0.00019750000000000003,-19840349830.382874,174181356314.0254,62983.25995148197,26386315300274.66,423464472738.46216,72.58248769670217,-19871224097.157528,174180392811.61182,62925.18910191185
396,0.00019800000000000004,-14336710700.969995,174619456342.43008,62984.90604778805,31837042319599.61,306694029939.0235,78.11514392920144,-14374492331.729046,174618882902.51337,62915.508795660775
397,0.00019850000000000005,-8826055082.974684,174883777835.44156,62985.15813812842,38698117624275.9,199366493075.6868,84.54438528654144,-8869111062.171059,174884123880.57748,62940.661158187686
398,0.00019900000000000004,-3313199864.164057,174974375044.51648,62985.074058250866,47151191786180.625,120715335935.78624,91.7903037783259,-3359555435.276765,174976010611.94684,62952.49980036131
399,0.00019950000000000002,2196423550.2506723,174891445248.2269,62984.98830401321,57006322536144.5,104019446362.40494,99.37755379275325,2147382292.4524524,174894527944.14368,62941.02548619683
400,0.00020000000000000004,7695044897.066461,174635381177.25345,62982.56132241946,67179034439091.305,196274939618.31848,106.0926410725885,7643898219.148039,174640039705.28906,62922.36102287498
401,0.00020050000000000002,13181023380.366035,174206466140.19818,62981.4461338876,75202148628155.83,438874632122.86957,109.86507668737828,13125307021.365429,174213029873.01974,62908.66947458558
402,0.00020100000000000003,18638259876.66914,173606430776.1686,62971.895081104645,77824120316539.06,821884452038.6149,108.64661093747686,18587451607.41663,173614257647.59915,62921.5022492438
403,0.00020150000000000002,24065693334.08707,172836286092.23758,62958.710009939816,73392961514062.27,1254706799731.2883,102.29574182849433,24025930733.560772,172844194806.00763,62930.156246641374
404,0.00020200000000000003,29460578076.682186,171897043374.04654,62944.49572183577,63625958072556.836,1619227544290.1404,93.18403194356503,29434142668.117302,171904103230.09424,62911.15524673984
405,0.00020250000000000004,34830417168.10543,170787598413.0726,62940.420896866846,52033871093688.03,1854582299195.1409,84.25396297687662,34805221667.31162,170795323543.6501,62894.58421402796
406,0.00020300000000000003,40150733603.59415,169512598243.34268,62928.70629717327,41293112468033.65,1970376765824.8428,77.1398118121159,40134183573.70082,169519282331.80673,62865.98349540031
407,0.00020350000000000004,45432078071.1479,168070339307.8934,62923.77286572598,32487075438457.53,2005672513977.2935,72.09678917864031,45416383785.274445,168077479862.47345,62872.92267594908
408,0.00020400000000000005,50660533775.136505,166464288827.7195,62917.15457855007,25674728551975.902,1997813843618.0615,68.71175056727637,50647657628.13337,166471242666.78525,62864.315084372334
409,0.00020450000000000004,55830811149.401474,164696476849.08276,62908.46457503769,20526676499904.695,1972602723917.3223,66.42761614380174,55821657288.33306,164702770742.1601,62843.34589591637
410,0.00020500000000000005,60937886377.64113,162769055065.00836,62897.45551422166,16653709126983.207,1945504594832.0825,64.75505704312971,60933404603.47743,162774225975.74948,62835.42624873251
411,0.00020550000000000003,65977747392.04695,160683979092.9037,62885.03031141713,13721769558930.723,1924757240036.2305,63.324546228194606,65978669008.321266,160687395179.35507,62836.87515155325
412,0.00020600000000000005,70950604589.93225,158441495711.4367,62877.98160721898,11473519504187.244,1913866406913.2644,61.885402084469696,70952434768.54706,158444693687.40894,62824.372362145354
413,0.00020650000000000003,75847861013.47577,156045294257.3569,62871.319529308996,9719464460983.91,1913289174312.9602,60.292739089765405,75848785805.4851,156049003967.3219,62787.1513106156
414,0.00020700000000000002,80665003386.71074,153497793590.15295,62865.524410845355,8323476875795.655,1921497106202.534,58.49234294245036,80663491421.59952,153502932354.69547,62791.6352268952
415,0.00020750000000000003,85396097675.11166,150802322454.56314,62858.48456230813,7189316633168.159,1935946424760.5632,56.50103233917552,85392813137.28918,150808709637.46957,62777.33844298834
416,0.00020800000000000004,90035974208.78558,147962178009.6921,62849.093304010086,6249941132402.773,1953831471737.844,54.38284188504831,90031643670.69623,147969572399.56097,62767.21467906783
417,0.00020850000000000003,94579952191.11302,144980669405.84174,62836.95939003918,5459139103621.514,1972680315102.885,52.22355914600306,94575871763.28378,144988424010.94748,62765.50574261254
418,0.00020900000000000004,99026811864.00084,141859062523.4479,62828.797542382286,4785087603962.165,1990704679064.8303,50.10838207414986,99021819313.02316,141867828471.26013,62769.20562227768
419,0.00020950000000000005,103370771898.12962,138601487878.64093,62821.117284221305,4205471061498.169,2006923824046.3552,48.10636568460497,103365859452.95403,138610620918.65424,62773.181551182446
420,0.00021000000000000004,107604372736.45627,135213862742.9284,62806.11141142869,3704153386465.7046,2021017042117.3264,46.26355249494573,107603303805.65356,135220488186.91632,62780.34208067984
421,0.00021050000000000005,111729941839.00542,131695042732.67398,62799.74282816961,3268929563070.6484,2033123370913.225,44.602887280153354,111730182929.68414,131700816506.69353,62781.555460436975
422,0.00021100000000000003,115739712976.66551,128051525142.57472,62791.57926898841,2889941906771.552,2043710970362.763,43.12773856501626,115741809930.16386,128055828074.07837,62771.93445112526
423,0.00021150000000000005,119631421950.50127,124285781958.36124,62785.85542308609,2559041541307.575,2053277670808.992,41.82816775409467,119634197023.69264,124289572667.80907,62769.51688076009
424,0.00021200000000000006,123401583790.42343,120401363784.3506,62782.96896672885,2269265575900.6304,2062287993107.8518,40.68649206792667,123404807589.68748,120404818764.47186,62779.69306764431
425,0.00021250000000000004,127046083927.39546,116402666159.38025,62781.085614088035,2014628570653.7686,2071085570933.253,39.68195201728994,127050071990.12233,116405306288.27695,62789.81245743558
426,0.00021300000000000003,130562825339.77533,112292197343.74187,62784.40533494414,1790006638845.4636,2079868176650.2068,38.793991466831585,130566706618.63802,112294820510.01317,62797.128434094055
427,0.00021350000000000004,133945249513.23918,108077681098.55263,62781.83662896067,1591024501461.3193,2088717634002.8633,38.00408319992525,133950149156.15506,108079066831.87715,62785.20665891793
428,0.00021400000000000002,137192032160.82881,103761403346.72075,62780.207298848625,1414041168424.7139,2097591608234.6907,37.29676222473501,137198300003.06334,103760863636.14348,62802.8696146121
429,0.00021450000000000004,140300325515.2434,99347427326.61903,62780.15983857294,1255999263081.5034,2106411230117.2607,36.659542218925864,140307633482.56775,99345215085.2619,62806.17699885519
430,0.00021500000000000002,143267447782.0834,94839788256.52495,62782.49013530693,1114368498262.0122,2115068522431.316,36.08262635004619,143274886507.5858,94836980621.41771,62789.40931897459
431,0.00021550000000000003,146090554326.68555,90242975389.97957,62786.797273953984,987066663574.513,2123450110205.5085,35.558424129301244,146097097307.6652,90241164542.38783,62778.6662890877
432,0.00021600000000000005,148766187596.62112,85562835879.92644,62789.35387017533,872388436464.9485,2131450198980.084,35.08104744832975,148771769614.9325,85562384349.40726,62782.9720324675
433,0.00021650000000000003,151291639530.49,80804597424.06586,62789.15151547345,768945291944.6163,2138974346064.79,34.645882558537465,151296995478.67722,80804329551.07224,62795.06051882464
434,0.00021700000000000004,153665834989.29504,75970829202.0245,62792.6182986719,675596856737.0757,2145949340208.2761,34.249204479204494,153671096111.59045,75970543886.52567,62814.133611559795
435,0.00021750000000000006,155885356343.33267,71068670265.45262,62792.91974992995,591384825590.7179,2152330620162.321,33.887854389981335,155891383379.73233,71066419873.54764,62820.48658850445
436,0.00021800000000000004,157949934845.40982,66099300124.33677,62800.457344031696,515523943337.6407,2158075389722.0247,33.55916147572226,157955789515.8642,66096907634.7924,62839.17312237904
437,0.00021850000000000003,159856105501.48096,61070915799.09054,62805.22184492756,447335930715.6963,2163165215013.8452,33.26075087603971,159862311080.12415,61067092743.89304,62844.6142492361
438,0.00021900000000000006,161602881322.5195,55986747475.22774,62812.42532570445,386265269550.72815,2167572098551.6443,32.990594165039376,161608936499.47964,55982533902.32532,62841.28176076094
439,0.00021950000000000005,163187952830.16656,50853780798.078125,62816.585037087265,331831740496.07745,2171280556523.6196,32.74690750815153,163194086358.79803,50848526589.16385,62839.23572017144
440,0.00022000000000000003,164610734311.72397,45674677425.585754,62824.63907190542,283632921551.0207,2174271971422.867,32.52816011916154,164616293080.8962,45670362977.20133,62843.29283769521
441,0.00022050000000000005,165869526618.26974,40455705233.686264,62832.8620709198,241315422138.5614,2176537119014.213,32.333001457855666,165874365793.99387,40453153139.41359,62845.48914317185
442,0.00022100000000000003,166962868778.14526,35203533006.46056,62837.436865210475,204581502717.70935,2178062788859.5354,32.1602774230288,166967435895.046,35201674882.981316,62839.66609251503
443,0.00022150000000000002,167889883770.04916,29923732014.793613,62838.269549952645,173180043627.60712,2178834916307.0645,32.00901527198422,167894332413.3559,29921880048.241226,62839.78759674642
444,0.00022200000000000006,168650213333.38873,24619983338.975967,62840.14320725116,146896288679.37277,2178842357014.4136,31.878386798721845,168654420617.25867,24618683435.501305,62837.462470659506
445,0.00022250000000000004,169243075473.821,19298894539.988735,62839.415878482876,125545377961.27798,2178077562205.21,31.767675731384934,169247341151.16516,19296834886.021156,62843.42673787066
446,0.00022300000000000003,169668509638.69998,13962233108.723394,62845.530911100286,108976179547.3232,2176530623176.4067,31.676283745122554,169672406119.79584,13962239411.443787,62846.39953831431
447,0.00022350000000000007,169925739631.20123,8619594382.53718,62846.073856719224,97063248794.61682,2174194173345.7556,31.603704333703604,169929580138.2506,8619887410.42616,62844.13641428809
448,0.00022400000000000005,170014929596.87485,3274623864.9619904,62846.399830029965,89714389688.86282,2171055823104.9119,31.54954256327282,170018777018.53897,3274871829.7087727,62840.036235829684
449,0.00022450000000000004,169936185849.0762,-2066728033.0731688,62844.85195106203,86861089587.99655,2167105740209.8706,31.51348521102093,169940040964.83667,-2067006897.4735887,62848.2134333106
450,0.00022500000000000008,169689768983.68085,-7402103245.347524,62849.22538845859,88460260218.69225,2162333617813.2205,31.495295838718235,169693651699.16547,-7401563174.189371,62861.06474886364
451,0.00022550000000000006,169276086761.3097,-12723053363.183018,62850.144470474,94495008845.89197,2156727987477.6292,31.494813654900163,169279893447.43762,-12723589925.661936,62860.06299174179
452,0.00022600000000000005,168695788938.04163,-18024882759.694893,62849.72460077172,104972853825.55591,2150276847485.7346,31.511948552490857,168699509504.89297,-18026733187.108734,62869.25419086047
453,0.00022650000000000003,167949317571.4234,-23305379765.878735,62855.9306635375,119925549983.5239,2142967971566.4387,31.546675547112205,167953002429.44348,-23307100676.213974,62877.66346995207
454,0.00022700000000000004,167037700433.11267,-28557059326.282673,62861.50190430593,139414578649.97186,2134785465996.1704,31.599048663350175,167041237049.45035,-28559170488.867237,62881.82127083412
455,0.00022750000000000003,165962063125.9285,-33774437924.040142,62865.741522057986,163525238304.95148,2125714519458.0884,31.669185060732765,165965524813.9554,-33776571796.040497,62888.2695091992
456,0.000228,164723567962.78122,-38952835062.59309,62870.06748484792,192368846707.91812,2115739919744.266,31.75726264295126,164726929819.45703,-38955236851.491516,62886.22725601068
457,0.00022850000000000005,163324128663.52386,-44085033132.37416,62868.88867535285,226085945543.14734,2104844551762.0154,31.863526871351674,163327166779.5373,-44088550047.13612,62872.37359615635
458,0.00022900000000000004,161764036501.2244,-49171121080.70281,62876.69132595605,264840915170.878,2093013921321.7878,31.98827235097697,161767713538.9898,-49171924662.184975,62871.735540780006
459,0.00022950000000000002,160046797804.51135,-54199461898.1809,62874.15981902789,308846993648.6727,2080220654049.8333,32.13191233155639,160050308398.44495,-54200788248.71926,62873.518396243
460,0.00023000000000000006,158172757584.5243,-59170474014.68151,62877.43543084248,358330041979.53424,2066452635199.1091,32.29487791530823,158177247252.78323,-59169019077.91215,62844.6522585823
461,0.00023050000000000005,156145856170.91714,-64073868843.999374,62870.8472906834,413575078762.2555,2051680066887.9277,32.4777260381766,156150661275.24557,-64071971213.24218,62847.75196741043
462,0.00023100000000000003,153967052369.50702,-68908642301.08636,62866.36742758134,474886647668.9891,2035888148080.4658,32.68104014286478,153971840312.4879,-68906995082.8547,62864.47484268942
463,0.00023150000000000007,151638579130.94238,-73670229828.0797,62863.91815232129,542634551205.8059,2019045448949.4797,32.90553334621922,151643078490.72186,-73669480606.1117,62870.94486837225
464,0.00023200000000000006,149162919767.57898,-78353892833.45558,62862.771369295064,617244616457.0967,2001118711198.84,33.15204049174453,149167087347.11148,-78354063512.61513,62863.6940577973
465,0.00023250000000000004,146543026606.53125,-82954407726.7892,62860.76849807101,699204443207.6548,1982073418984.1519,33.4215123901565,146546778458.91153,-82955345843.38835,62859.55522234966
466,0.00023300000000000005,143781066112.9995,-87468414100.27182,62861.09258791583,789067916070.5372,1961875372703.0774,33.715006927603554,143784687294.3047,-87469605623.18094,62861.32450905314
467,0.00023350000000000004,140880092876.43118,-91891148245.33708,62862.19400282725,887477381053.2705,1940481818772.052,34.033734923208904,140883723270.99957,-91892323577.54947,62868.863430877136
468,0.00023400000000000002,137842677039.40823,-96218960817.01418,62865.72461978772,995166132808.1432,1917849054443.4443,34.37905463428372,137846610631.63257,-96219804602.20801,62869.37322160657
469,0.0002345,134673377117.54543,-100445554872.52771,62865.11475545581,1112981387540.272,1893926050797.892,34.75250834897673,134676543018.67299,-100447461898.68051,62876.029198674565
470,0.00023500000000000005,131373291341.31883,-104569942881.71036,62870.10984643194,1241877830581.9075,1868669312528.0688,35.155771995312264,131377133387.84924,-104570988219.31541,62874.03228649103
471,0.00023550000000000003,127948022897.1698,-108585135644.82936,62870.804766739784,1382987201774.4302,1842009227444.1028,35.59081444955038,127952030272.37654,-108585950219.89906,62866.71150651604
472,0.00023600000000000002,124399951509.45442,-112488815564.25638,62872.511461044865,1537586192369.7861,1813891990785.0269,36.05978271505753,124404718925.16733,-112488850951.98051,62867.28894077579
473,0.00023650000000000006,120734196770.68832,-116275600585.59192,62869.97198182467,1707173721104.2646,1784243401893.2341,36.56513609502842,120738603098.87268,-116276169066.76935,62866.32352780504
474,0.00023700000000000004,116952300491.59459,-119944355340.11899,62871.554933378546,1893474675078.105,1752993759710.9521,37.10961129133905,116957693145.23608,-119944043541.48938,62850.82499995145
475,0.00023750000000000003,113060140155.22002,-123489473049.36337,62869.90214810814,2098540757500.425,1720042545239.4446,37.69641627064225,113066495965.28387,-123488494560.74457,62840.67661243702
476,0.00023800000000000007,109061893000.73218,-126907582380.78503,62865.34918036771,2324752598730.0845,1685299450000.536,38.32914937892255,109068907184.84703,-126906334571.25543,62832.10645435908
477,0.00023850000000000005,104960849154.88762,-130196290629.53886,62860.966840181914,2574918918162.8413,1648660100324.6948,39.0119058760074,104967960293.45805,-130195200418.59756,62845.119172624756
478,0.00023900000000000004,100760352235.17422,-133353183657.3503,62859.00192534269,2852387413221.9556,1609996903676.256,39.74943811214672,100767674217.27794,-133352244705.53928,62838.40145877258
479,0.00023950000000000005,96466765391.5707,-136373664307.7081,62853.36951268218,3161169941361.3403,1569160213097.4165,40.547302646306726,96473971592.96962,-136373117580.11293,62833.782341298276
480,0.00024000000000000003,92082017067.13208,-139256792850.12045,62851.14930481691,3506051604977.564,1526002034577.7944,41.41186848988934,92089489036.68562,-139256270882.3682,62843.14741863188
481,0.00024050000000000002,87611318996.49219,-141999249070.23865,62849.61524588567,3892860221137.643,1480328132830.7913,42.350677839588165,87618267492.99359,-141999314629.00928,62850.778025322645
482,0.00024100000000000006,83059593823.53241,-144598226062.20294,62847.65813225173,4328681309889.061,1431929851283.8254,43.372592169546905,83064613798.60187,-144599606182.88443,62867.40836259257
483,0.00024150000000000004,78429352155.72464,-147052516891.1091,62850.04082616461,4822200743321.751,1380573002857.6528,44.48806891638462,78433873425.56023,-147054171940.5569,62868.18181077295
484,0.00024200000000000003,73726971256.18713,-149358756611.66223,62851.99184827281,5384201688418.433,1325970578746.1465,45.70967898380439,73730903892.88118,-149360853617.69553,62873.75109225254
485,0.00024250000000000007,68955861354.47484,-151515466855.7033,62856.32706026759,6028104078952.615,1267815977574.753,47.05245374444109,68959517075.37894,-151517726072.2031,62891.57485253881
486,0.00024300000000000005,64122258034.30358,-153519901054.33322,62859.564049249486,6770823315238.6045,1205744966024.0376,48.53463706135851,64125626484.789406,-153522304599.60205,62875.55512360489
487,0.00024350000000000004,59230256520.224014,-155370577086.18503,62863.377413603266,7633816924795.442,1139358723645.6748,50.17842103693937,59233703468.93738,-155372996242.49503,62885.899099561
488,0.00024400000000000002,54284522098.68391,-157065865029.2655,62868.04541738524,8644617252840.499,1068197475753.5115,52.01113180569506,54289059075.515656,-157067915800.80124,62891.858778488735
489,0.00024450000000000003,49292839439.1481,-158603238638.34378,62868.27660340953,9838885881579.963,991750308047.914,54.06668826337804,49295568906.91583,-158605981009.10764,62893.31016597786
490,0.00024500000000000005,44257187755.69974,-159982474439.5127,62870.20926598573,11263162692364.82,909496709338.3774,56.38726303598881,44260063757.16713,-159985203414.3315,62861.015384673556
491,0.0002455,39184436571.416084,-161201797709.635,62870.41210724755,12978867065041.4,820885515916.6442,59.02590803149514,39187888737.06348,-161204388653.33575,62858.10662077453
492,0.00024600000000000007,34078016370.089844,-162260652910.30246,62871.8378079103,15067457499528.719,725469783108.2881,62.04917214661144,34084321945.01775,-162262750419.59344,62845.33327883656
493,0.00024650000000000003,28944978310.578323,-163157703820.24054,62871.205805923775,17637351879529.363,623045672743.2708,65.5401327551005,28953578795.414402,-163159612314.18115,62827.422224949754
494,0.00024700000000000004,23788656391.257072,-163892668491.73862,62871.54600504484,20832002909669.14,514036104840.625,69.6000492928022,23801837831.03752,-163894142809.32184,62814.23218485278
495,0.00024750000000000005,18614843559.594036,-164464855790.76035,62871.709332259095,24837529946873.83,400138108367.9002,74.34612891873103,18634237378.693733,-164466039889.83636,62787.56635554684
496,0.00024800000000000007,13428922561.271765,-164873866855.56946,62871.37950788646,29883020071904.785,285644869183.9031,79.89697797493166,13455395886.145573,-164875081730.598,62779.42125065421
497,0.0002485,8236132508.391201,-165119502850.79977,62870.49245313438,36215463582436.77,179779205564.2523,86.3282891797021,8269581007.437123,-165121214063.31924,62784.58777314028
498,0.0002490000000000001,3039861305.4107585,-165201890185.89508,62871.55477385234,44006335891907.1,100454318709.32086,93.56392062713799,3080628194.52396,-165204464863.5716,62789.706703823365
499,0.00024950000000000005,-2152406406.9068255,-165120976423.2815,62871.416937214744,53110734289105.09,78753012695.07896,101.15416275331236,-2105121479.0975552,-165124812028.75436,62791.351602226
500,0.00025000000000000006,-7334348877.120245,-164877143509.11514,62868.916994371866,62611896283803.57,159286363567.00363,107.94803951753656,-7283554140.030142,-164882573311.22235,62800.98100820874
501,0.00025050000000000007,-12501438297.874088,-164470962003.8362,62864.94926168993,70358811806124.55,383862795896.128,111.94810284931665,-12448910302.330914,-164478065740.52545,62790.94091999702
502,0.00025100000000000003,-17640027627.703163,-163904097624.95126,62851.55149781455,73375667460819.5,749662834561.4265,111.07106685954888,-17596806753.886936,-163911852933.12466,62814.030811945486
503,0.00025150000000000004,-22756397903.25115,-163176685728.49637,62840.47553297299,69893935172425.71,1176518769462.8582,104.95650698213586,-22721922393.458298,-163184690908.66724,62812.27701821325
504,0.000252,-27841581588.28212,-162290203461.34064,62827.76078947988,61164427662107.92,1548792834930.0632,95.78163589484366,-27818522453.024864,-162297528243.51553,62800.74603196299
505,0.00025250000000000007,-32887077797.43546,-161246671649.1808,62810.187892521135,50355273077579.26,1798304157160.9297,86.54157060188936,-32882166026.235676,-161251279840.25598,62821.02953921602
506,0.000253,-37901007677.47507,-160045006410.22974,62799.851598750116,40103684229239.26,1926899250941.1675,79.05596312472818,-37907963496.59691,-160047148747.74796,62811.366062091765
507,0.00025350000000000004,-42881388660.625465,-158685215443.33966,62799.03684232465,31584246460852.402,1970855440727.5525,73.70869716476427,-42890617478.03131,-158686530252.3485,62814.847937603474
508,0.00025400000000000005,-47816959795.857475,-157169728030.95926,62801.39353944695,24944617063075.043,1967532972243.2969,70.13049883058214,-47824711381.09702,-157171200123.33185,62797.77160795579
509,0.00025450000000000006,-52693445673.64944,-155502914518.2593,62797.079553033276,19909586734795.6,1943732154611.0513,67.76059989067654,-52704349863.58264,-155503142764.61014,62781.508508373
510,0.000255,-57516267728.37457,-153683659289.94595,62797.19066340234,16118911105064.889,1915869869981.297,66.09010474769416,-57525371014.34927,-153684188549.68234,62770.42012286824
511,0.0002555000000000001,-62279069723.141,-151714173117.39294,62800.071116416904,13252912876634.055,1893086679009.8442,64.725405269524,-62283435176.85673,-151716299321.6108,62776.13660810123
512,0.00025600000000000004,-66971273249.06199,-149598834333.10266,62797.804951302605,11061465133353.533,1879595924379.9128,63.39117377376364,-66975692935.292915,-149600901459.56424,62780.72456732674
513,0.00025650000000000005,-71589205826.37378,-147339913689.76004,62791.195068390385,9358826810350.027,1876345854894.1633,61.919043349154705,-71596373294.80879,-147340634560.4158,62762.95956416859
514,0.00025700000000000007,-76132535664.18846,-144938098254.10538,62786.75480449134,8010354855259.098,1882238674221.966,60.23301206555573,-76140387328.48958,-144938299196.72324,62765.78895167062
515,0.0002575,-80598110636.04999,-142395119014.07208,62786.88523740755,6919948891925.383,1895030185482.148,58.33189097417546,-80604250849.2412,-142396008959.42374,62769.540564636816
516,0.00025800000000000004,-84977147988.07664,-139715916844.794,62783.16013244126,6020063934429.113,1912035157687.4417,56.26791899624946,-84983652136.39436,-139716486694.74377,62748.763486271
517,0.00025850000000000005,-89269769898.2994,-136900865053.54594,62784.441343901504,5263991567763.5,1930682253280.0312,54.122987569824396,-89273610206.76991,-136902877608.73907,62747.771293735335
518,0.00025900000000000006,-93467996566.461,-133955139299.01079,62782.320473198204,4619551464202.122,1949011727688.3948,51.985178236473445,-93469749517.3843,-133958591910.29128,62735.609875641865
519,0.0002595,-97568315896.33125,-130881643318.77972,62778.04654052601,4064559012235.2065,1965756832768.2236,49.93167135544517,-97568661737.47939,-130886203679.79745,62726.401311815906
520,0.0002600000000000001,-101566806703.07626,-127683707084.76843,62771.679390782374,3583291142652.365,1980370410072.2056,48.01869500429749,-101567763275.59282,-127687923207.30876,62755.14969256068
521,0.00026050000000000004,-105460252128.65196,-124364304080.4575,62764.79053735564,3164103238363.1816,1992855781315.958,46.278869417194485,-105462405792.4953,-124367616048.34297,62722.79798051672
522,0.00026100000000000006,-109245234350.54692,-120926674717.72368,62758.122312265994,2797885119944.342,2003562009448.8218,44.72371507856068,-109247548788.76747,-120929915329.13385,62721.7317207112
523,0.0002615,-112919289330.3233,-117373328847.8635,62754.774707547214,2477156659594.087,2012983684964.0366,43.34886421016101,-112921117586.56775,-117377006395.73221,62731.50383638846
524,0.0002620000000000001,-116478027777.36487,-113708629274.42963,62751.87800093103,2195555553386.5413,2021619992043.7356,42.13980218623057,-116479538664.18668,-113712760553.02557,62735.06423914257
525,0.00026250000000000004,-119918752420.17255,-109935601831.89824,62751.45104298862,1947610750910.794,2029865938504.5554,41.077043899957054,-119920412882.32072,-109939626594.2526,62758.8085707598
526,0.00026300000000000005,-123236757593.85497,-106059583449.25986,62748.60839162875,1728585496089.7395,2037992290617.1296,40.139877341140746,-123240397108.42728,-106061485993.67589,62786.23817007858
527,0.00026350000000000006,-126430627260.80475,-102082628258.47281,62749.30015895238,1534428674428.6323,2046126280124.7964,39.30890217444784,-126436419370.95534,-102081734370.57971,62789.50191165537
528,0.000264,-129498276643.61723,-98007370991.3031,62756.698707104166,1361669669507.1924,2054303793441.8254,38.56719517947722,-129503629261.1195,-98006720117.30965,62782.65891375408
529,0.00026450000000000003,-132434259473.3003,-93840955013.47517,62760.76603701527,1207373701863.473,2062485778607.946,37.90076901151632,-132439081141.70387,-93840663511.36351,62764.11766127556
530,0.00026500000000000004,-135236747848.88268,-89586413051.15364,62765.45577996294,1069124874034.0636,2070563919169.861,37.298635368431924,-135240592164.89145,-89587375556.92427,62775.49516175857
531,0.00026550000000000006,-137901871098.31323,-85249913692.67839,62765.39374085326,944911659480.9674,2078426543259.0413,36.75227216640667,-137906162378.45203,-85250139334.0658,62777.643096107364
532,0.000266,-140428006600.8461,-80834723788.91046,62764.62873399836,833088617939.9153,2085956061229.4744,36.2551595134229,-140433046342.65106,-80833558727.64066,62791.35306586771
533,0.0002665000000000001,-142813658696.9879,-76343839211.17223,62767.24599065456,732288054270.1057,2093059817422.1526,35.80219982005096,-142818700274.2352,-76342429717.76094,62777.04489242294
534,0.00026700000000000004,-145056037290.25558,-71782653386.89359,62770.088818006356,641369320034.1249,2099668126806.1343,35.38929009699943,-145060669284.80884,-71781825696.78015,62764.706729525635
535,0.00026750000000000005,-147151809512.93118,-67158388487.36399,62765.9595529949,559392311792.3096,2105720768469.488,35.013081454123984,-147157129991.72778,-67155854568.085396,62772.6207148893
536,0.00026800000000000006,-149101097688.31436,-62471696533.95098,62767.04199957485,485585901841.3392,2111164269816.9524,34.67081027661624,-149106394843.73264,-62468900903.762375,62766.86920616187
537,0.0002685000000000001,-150901975388.29453,-57727229118.20654,62772.280744835916,419279376790.732,2115976005243.366,34.36003327231335,-150906052909.32584,-57727217387.94723,62744.15586780393
538,0.00026900000000000003,-152551196718.59988,-52933731930.43621,62770.11658765092,359908480371.2964,2120134822094.0789,34.07860950057824,-152554773380.2556,-52935002876.10897,62736.49725609491
539,0.00026950000000000005,-154048311782.4874,-48093745778.25378,62768.07882937743,307011421520.546,2123611771109.8381,33.82472803539303,-154051248261.14853,-48097088050.169716,62734.41845785067
540,0.00027000000000000006,-155391621768.3574,-43213481787.86462,62762.48749888332,260182694466.82425,2126393724474.8235,33.596782862272725,-155394751478.21182,-43216775651.16547,62747.07711145997
541,0.00027050000000000007,-156580563800.32254,-38296161790.04663,62758.4130827295,219079282126.1301,2128466133136.3623,33.39337835660252,-156583965522.39447,-38298803590.82871,62759.13333733347
542,0.00027100000000000003,-157613994872.67947,-33347250885.97417,62754.01812718724,183401529183.28397,2129820432006.5178,33.213283309513635,-157617723758.45682,-33348795017.85128,62745.9138455596
543,0.00027150000000000004,-158491141168.3382,-28371546733.473484,62749.67160483828,152895681613.3467,2130445794499.2324,33.05543850348291,-158495073711.19638,-28372170438.395126,62745.57469731961
544,0.00027200000000000005,-159211404602.5405,-23373643921.549896,62746.24219797854,127346163341.13385,2130331757392.3455,32.918939901540504,-159215419130.88953,-23373692414.935448,62747.986426878546
545,0.0002725,-159774143211.3943,-18359333014.272556,62741.33055071328,106571556752.84499,2129468202538.0532,32.803021622618175,-159778539415.62473,-18356422510.102215,62763.11013324918
546,0.0002730000000000001,-160179345178.3184,-13330760726.0875,62742.571847150226,90423317082.78578,2127844009598.4238,32.707047092541,-160183800039.11523,-13325630524.370686,62772.243042047514
547,0.00027350000000000003,-160426571423.21616,-8293285243.285551,62747.62842905977,78779059728.89308,2125450455784.737,32.630480762346,-160430833526.5226,-8287888888.172269,62766.43519707889
548,0.00027400000000000005,-160515598210.21948,-3252139820.8101854,62754.9982671721,71546963779.96759,2122275929634.3716,32.57289500056772,-160519608122.44803,-3248734382.58753,62749.085181953924
549,0.00027450000000000006,-160446381540.79498,1785022006.2782307,62757.17921246773,68662729557.60437,2118307928066.79,32.533961069470685,-160450309330.20935,1786441539.5560844,62727.47092403831
550,0.00027500000000000007,-160219315655.93515,6813012324.023843,62754.64500746469,70086796923.88086,2113534172849.8696,32.513435569230474,-160223269836.95612,6812390238.890504,62706.82365189346
551,0.00027550000000000003,-159834869695.21686,11828542410.32145,62752.69403787464,75800851686.14299,2107944308234.1067,32.511141473873366,-159839140042.4719,11824316504.543427,62693.811921316104
552,0.0002760000000000001,-159293873034.3971,16823633345.07301,62743.16583264764,85809706390.24512,2101527555647.0952,32.526967579191236,-159298458036.47064,16818865003.303137,62690.47162974956
553,0.00027650000000000005,-158597143741.8221,21794988529.105515,62731.785020613584,100138166710.71059,2094274194425.7026,32.56085980052745,-158601935336.46747,21790327301.050785,62685.14340056474
554,0.00027700000000000007,-157745426022.11066,26739463180.509476,62723.430846883144,118834936128.39705,2086172845996.8179,32.612829183767076,-157750695622.8874,26733269125.014744,62669.30592645154
555,0.0002775000000000001,-156740176942.0604,31649696103.3277,62710.73495411081,141976353657.51526,2077208688876.904,32.68296606020608,-156745641161.3321,31644121987.05354,62664.77115210604
556,0.00027800000000000004,-155582078785.10727,36524172899.104065,62703.23628526556,169659749369.88425,2067368972522.6743,32.77141967445697,-155588036264.98276,36517664179.16537,62660.16613093701
557,0.00027850000000000005,-154273022230.78238,41355443279.75045,62692.618810831176,202017009694.2394,2056634317787.043,32.87843093272885,-154279076077.49246,41349767957.37656,62668.49768185978
558,0.000279,-152813804168.98703,46141775738.32643,62687.42782687816,239202115510.74173,2044989369808.332,33.004297669210686,-152820309361.3826,46135502409.82385,62644.64884524265
559,0.00027950000000000007,-151206875627.56863,50875463802.743645,62678.277367467825,281409202933.9919,2032410875142.5803,33.14941599791088,-151213471457.9231,50870033636.388885,62652.39843788507
560,0.00028000000000000003,-149453688377.10284,55553322379.650116,62669.685691883074,328855620061.8006,2018882077472.519,33.314231841213385,-149460185782.69534,55548918178.59342,62651.50601344847
561,0.00028050000000000004,-147555427479.20456,60172768778.66967,62666.84096909506,381800159512.3006,2004380176543.1519,33.49927742772281,-147561957531.28088,60168672937.45445,62663.38347473479
562,0.00028100000000000005,-145514247758.86322,64728655345.284966,62666.76815892998,440551358647.0203,1988874990556.8108,33.70520442879888,-145521122586.4163,64724425521.90535,62665.75737765653
563,0.00028150000000000007,-143333347124.69638,69214159005.81413,62662.16375288151,505461007395.13837,1972337828033.1924,33.9327600583561,-143339495422.8653,69211993596.97166,62677.1662434746
564,0.000282,-141014040851.15854,73627311079.8732,62660.44696788211,576918728602.5674,1954746605813.3206,34.18274568834965,-141019486888.88196,73626952573.79353,62683.06538490179
565,0.0002825000000000001,-138559134992.02383,77963020231.7202,62658.68091844747,655384613542.2711,1936065978912.4434,34.45610011755652,-138563682623.0165,77964434996.54456,62672.833357162366
566,0.00028300000000000005,-135970611125.33879,82218152251.88805,62659.835994135545,741379436435.6569,1916262063707.0447,34.75387845328825,-135975001984.7178,82219900079.77039,62660.82476750606
567,0.00028350000000000006,-133250991504.47641,86388709996.84059,62663.68964838764,835506489575.8496,1895292978523.924,35.07729350427108,-133256140020.15521,86389273778.68286,62668.19245767341
568,0.00028400000000000007,-130404107869.2757,90468980160.49332,62664.7626124664,938457510328.1133,1873113814589.812,35.427721099466105,-130409682289.23653,90468995486.03598,62652.70482766769
569,0.00028450000000000003,-127433152392.1485,94454846762.68182,62662.86471696352,1051011106694.8079,1849685080200.4922,35.80666178329773,-127439440952.80193,94454136892.22018,62637.31647867847
570,0.00028500000000000004,-124340436590.7213,98343664074.00436,62661.952314043054,1174059353280.0652,1824961928497.8015,36.21578065289655,-124347607343.18336,98342013182.70802,62628.63083327927
571,0.00028550000000000005,-121129279772.78714,102131511152.66408,62661.194636105596,1308641053815.0774,1798885864589.5383,36.65698906803824,-121138079860.66426,102128271942.7167,62635.76738738557
572,0.00028600000000000007,-117803602302.10655,105814059394.18219,62658.26933934723,1455954212765.6033,1771394670359.47,37.13245372876896,-117812501924.13042,105811112525.23357,62648.73723266803
573,0.0002865,-114366010011.01381,109388808401.53119,62656.60014794321,1617378647146.9446,1742424669175.756,37.644600007419534,-114374509038.15356,109386559606.82101,62673.47875680741
574,0.00028700000000000004,-110822243648.4017,112850059917.43558,62648.44794038783,1794531561071.36,1711896389532.2507,38.196210019778086,-110828006212.2876,112850866704.86746,62657.14537823295
575,0.00028750000000000005,-107173071870.95576,116197639956.5193,62644.751144260656,1989269085241.1736,1679740915870.471,38.79035205096953,-107176817011.81396,116200476184.93929,62663.157880114064
576,0.00028800000000000006,-103419718952.1731,119430448236.70651,62651.85486471596,2203812481751.9434,1645850250404.9795,39.4306424980465,-103425007930.84662,119431918927.5705,62651.52207193421
577,0.0002885,-99570315815.25517,122541239723.12924,62654.08573759943,2440818274417.4526,1610090408888.0005,40.12138305733771,-99576884717.37242,122541787907.1295,62635.03124924021
578,0.0002890000000000001,-95628147670.5556,125527773661.27837,62654.400924916175,2703364934802.877,1572361081124.4067,40.86732657093513,-95636412755.01297,125527247622.4726,62630.22181848805
579,0.00028950000000000004,-91597848758.0162,128386856983.39403,62651.519929733186,2995127673957.193,1532535066161.893,41.673908965683445,-91606199619.12785,128386597049.64133,62642.67816147017
580,0.00029000000000000006,-87480906642.50156,131117778794.3958,62652.95606244492,3320498337634.8438,1490470106347.6833,42.54738894898919,-87489553939.29256,131117595579.98622,62669.2615775567
581,0.00029050000000000007,-83282734001.61833,133716977760.3057,62654.42214389618,3684817018923.848,1445978145294.171,43.49520262383712,-83290668795.93784,133717489465.93643,62678.21263950446
582,0.000291,-79008397073.44324,136181524249.63649,62653.84243335827,4094548152575.598,1398863412978.9937,44.52605810900413,-79014794941.78633,136183148251.20999,62657.32767689792
583,0.00029150000000000004,-74659123109.9907,138510966692.9592,62658.79238566443,4557582446726.281,1348909576106.8855,45.65017947381912,-74666742709.81592,138512021953.2612,62669.19935333006
584,0.00029200000000000005,-70242721880.03935,140701080037.04718,62660.19314607293,5083704509907.368,1295839548371.7156,46.87988232609103,-70250154021.71474,140702447177.36142,62684.266284245045
585,0.00029250000000000006,-65761919680.40274,142750833795.6133,62662.48975444969,5685011818021.029,1239376213584.2925,48.22976456810926,-65768431274.11268,142752806831.87,62686.674246601826
586,0.000293,-61221361814.20781,144658238640.83807,62665.097285718606,6376698341353.986,1179181273438.0837,49.71748203107459,-61226880506.77047,144660811300.8814,62704.04659759729
587,0.0002935000000000001,-56624891800.988525,146421825936.71298,62669.28836195351,7177980932315.885,1114873184202.835,51.3645172246136,-56628963935.28591,146425078027.65253,62719.54245102714
588,0.00029400000000000004,-51978489636.34743,148039395680.0768,62671.98081655776,8113411379211.461,1046016431724.6158,53.19725329752882,-51980170024.38621,148043573883.72903,62734.676723921766
589,0.00029450000000000006,-47282758323.696205,149510928015.78522,62680.9346458425,9214600393805.834,972143681558.4371,55.24819666982099,-47282779531.9167,149515566017.97897,62763.34350621697
590,0.00029500000000000007,-42546366903.92245,150833551322.41083,62687.609858951866,10522765667680.027,892715692539.821,57.55800867925363,-42543437979.79706,150838897081.97922,62772.258686465924
591,0.0002955000000000001,-37774090012.36465,152006166980.11652,62692.32262230268,12091888928621.44,807234086487.6168,60.17729086106162,-37767527524.944595,152012164412.79327,62779.5935128765
592,0.00029600000000000004,-32968010860.706764,153028478170.91486,62699.84117948693,13993222561430.69,715265735271.0312,63.16919885997184,-32959829027.58193,153034467024.4007,62762.87722990315
593,0.00029650000000000005,-28136457319.67172,153898708247.16864,62703.881555162654,16321200838189.348,616567283470.6084,66.61237709442679,-28126612545.268974,153904696098.1239,62745.987243620366
594,0.00029700000000000006,-23285170243.52973,154616152392.8678,62703.63751908247,19200325922083.1,511438056551.567,70.60250891076636,-23270944667.89034,154622432215.71902,62760.85908754959
595,0.0002975000000000001,-18414959030.71828,155181086368.93213,62705.826546355864,22792034717353.938,401257278949.70844,75.25074337383577,-18397267616.40787,155187253651.5451,62764.4849090496
596,0.00029800000000000003,-13530326590.721558,155593017250.7943,62710.4414241008,27296807366599.277,289523411138.8241,80.67270759643635,-13511418807.537622,155598621239.72598,62764.57379333386
597,0.00029850000000000005,-8638262975.786688,155851358063.2505,62714.067923766626,32937909533984.777,183846966641.45007,86.95284862947845,-8616699325.231316,155856383860.9567,62770.97836165368
598,0.00029900000000000006,-3744661995.8798175,155955992209.98062,62715.43805404362,39895010402554.086,99176530361.92366,94.05542099045154,-3719257856.0403976,155960352851.91614,62774.514651926394
599,0.0002995,1146157585.1506503,155907168893.2936,62715.709733976124,48125826556357.15,61960513269.181244,101.6385929673464,1176064105.6866465,155910590147.72055,62770.469424254654
600,0.0003000000000000001,6030526958.512733,155705056769.3384,62715.9952944902,57005752890946.5,112058089571.96434,108.75637676809642,6063849658.246251,155707410635.73547,62756.888786443786
601,0.00030050000000000004,10905353001.427826,155349956417.3225,62718.31847570187,64876044835129.54,292676900765.02264,113.63255767929266,10939972652.297215,155351203727.97702,62767.48812289662
602,0.00030100000000000005,15759757462.660147,154842836009.54263,62716.27866037057,69111546545822.15,616879041301.4635,114.10816119269059,15800676108.712393,154842360010.25607,62774.71036055214
603,0.00030150000000000006,20599961646.194706,154183322037.6106,62721.21816898367,67575591154553.08,1028520977132.0535,109.21192195050646,20640169258.9163,154181629175.55313,62779.406403648325
604,0.0003020000000000001,25411094868.31531,153373201322.54105,62722.55224952301,60590353176360.57,1418958419109.032,100.46564165277961,25454593087.1266,153369680950.07465,62781.61681611607
605,0.00030250000000000003,30194313792.95685,152412647488.9248,62726.260274658125,50763036842995.39,1703400613512.1729,90.84365871713456,30238422048.870937,152407576144.19498,62785.816158269925
606,0.0003030000000000001,34945669454.99338,151302372002.8518,62732.90159546183,40823205750994.2,1864914558878.8367,82.60257646678848,34987795796.9332,151296261971.86752,62796.83445161664
607,0.00030350000000000006,39660559668.06484,150043303263.4857,62742.494738146044,32263548660921.08,1931680566177.4062,76.5110780846396,39697221510.87724,150037120303.4619,62789.37955784276
608,0.00030400000000000007,44331208841.24861,148637400499.68704,62751.98859897123,25464175966200.555,1941019114512.904,72.36979419215875,44362628238.20383,148631384232.805,62811.860583324335
609,0.0003045000000000001,48949860953.517456,147087184276.92676,62758.133358885854,20260000640531.09,1922328708647.873,69.64681469171515,48979652125.42386,147080564245.45908,62810.75799664688
610,0.00030500000000000004,53517615425.27599,145392701732.69254,62767.275015298066,16328803229866.098,1894653686419.1233,67.80599039870924,53542473861.24794,145386707564.51743,62799.695646440916
611,0.00030550000000000005,58025605831.53642,143557184548.5297,62774.19727437738,13358211100562.402,1869096527359.358,66.4124086101331,58047485741.45062,143551409632.4126,62807.25880148467
612,0.000306,62467705044.055305,141583510088.9406,62776.250655745986,11094775961483.979,1851300248549.03,65.14847295638027,62489167174.15086,141577157982.3514,62789.65532518183
613,0.0003065000000000001,66848773319.27019,139470024665.07388,62786.804983393,9346524893584.127,1843333137581.9255,63.8047301686791,66863838804.60995,139465772889.01416,62783.58241355335
614,0.00030700000000000004,71155097120.80006,137222951214.01785,62790.87002081411,7972219056698.07,1844993394774.0964,62.26608751839167,71167255666.97871,137219534991.9366,62776.99360166807
615,0.00030750000000000005,75385525734.12724,134843508932.70168,62793.33295657221,6870131039295.766,1854502306826.0251,60.49849714004474,75395662304.74168,134840752394.0914,62777.60849396451
616,0.00030800000000000006,79535222829.85378,132334721941.86456,62792.61564828963,5967916089985.345,1869388419697.459,58.53036691867918,79545336677.93661,132331594049.57854,62789.06298234985
617,0.00030850000000000007,83604409671.24931,129696826425.17577,62797.42376430077,5214920600802.177,1887064637402.0981,56.4307020359001,83611835752.6883,129694905786.10574,62780.23892928411
618,0.00030900000000000003,87585340725.31155,126934730005.21645,62799.29927699794,4576019177879.341,1905344706609.3552,54.2857786351022,87590502262.27446,126934023508.96138,62773.49462573998
619,0.0003095000000000001,91474736689.25691,124051074838.3601,62799.545269253766,4027061476241.7305,1922627886235.8926,52.17976537034016,91478175574.73828,124051465894.4614,62780.326600582164
620,0.00031000000000000005,95270551271.25667,121047663988.50069,62802.358530364574,3551205763785.9556,1938024724691.9521,50.18100678116092,95272280682.04767,121049182679.49254,62801.617845854875
621,0.00031050000000000007,98967764340.35568,117928547739.60277,62804.069622283736,3136300586106.1904,1951271949244.247,48.335590772815664,98968572721.09027,117930809780.60802,62799.0762211589
622,0.0003110000000000001,102560633500.24812,114698888734.5275,62798.703380054314,2773184934159.3096,1962524594544.129,46.667329604869316,102562070384.84627,114700680836.21654,62765.04706073306
623,0.00031150000000000004,106048805737.36696,111359617619.75243,62795.302170863215,2454595599390.7925,1972166557637.3982,45.181529955170696,106049547394.35326,111362148328.87192,62756.354893823525
624,0.00031200000000000005,109427147558.0727,107915852445.70508,62788.26468474437,2174436141832.4697,1980696446844.2046,43.87001772174209,109428024094.93611,107918370162.30945,62753.57416745571
625,0.00031250000000000006,112693605403.60811,104370175779.98409,62781.29190581416,1927506960115.861,1988555513143.78,42.71668391655931,112695256960.80835,104371977180.68141,62764.78496348268
626,0.00031300000000000007,115846482686.39099,100724708357.97871,62778.90701983831,1709284076437.069,1996095309286.5496,41.70182638349748,115848135437.89407,100726558976.86731,62757.79670791989
627,0.00031350000000000003,118880450610.25957,96985712006.60869,62772.59860862623,1515827333782.6611,2003549568831.0217,40.80532073531068,118882593880.74838,96987038077.16002,62751.01711843757
628,0.00031400000000000004,121795504742.28236,93153663815.28815,62772.963767966816,1343777727620.9116,2011008317315.8467,40.00879913259018,121796517990.75328,93156418196.1151,62749.45749863833
629,0.00031450000000000006,124586393220.50238,89235448259.16241,62769.8733447435,1190238637525.937,2018493099798.6191,39.29642978141931,124587579834.08835,89238142703.07101,62758.927978142114
630,0.00031500000000000007,127252654884.19077,85232168690.87616,62772.2870676366,1052799825803.0532,2025933993421.8252,38.655384573680806,127252750840.8005,85236629506.73346,62758.39727439419
631,0.0003155,129788734610.68408,81152244969.32935,62766.54128664586,929422025552.0248,2033246616902.0322,38.075482592038185,129789810024.28752,81155477480.5306,62764.575326620376
632,0.0003160000000000001,132194131858.56169,76997323834.33492,62761.37715664681,818448162867.2047,2040307420694.528,37.548956388412165,132196136155.23796,76999190351.28554,62765.19883164025
633,0.00031650000000000005,134466766249.81284,72771368345.5945,62757.31487084579,718484072704.7405,2047020198654.2249,37.06977570625564,134469577117.48688,72771804836.11452,62756.29341630945
634,0.00031700000000000006,136604751446.37596,68478220617.8244,62755.26501071426,628372920433.5886,2053301087768.0598,36.63321331136527,136608048057.82011,68477711255.76685,62770.19236825125
635,0.0003175000000000001,138606529001.62695,64121252880.43413,62757.39053597997,547151907516.31,2059082273149.0532,36.23548303787855,138609972187.2927,64120220891.70429,62774.30859050981
636,0.00031800000000000003,140470296455.09302,59704436866.81541,62763.859464722766,474014352039.46735,2064312749754.692,35.873461970755095,140473178662.75525,59704458946.26652,62785.265612584895
637,0.00031850000000000004,142193135230.25897,55234764496.10144,62766.645081013165,408284939600.839,2068952482564.5547,35.54451888469691,142196049413.6964,55234520760.667244,62788.19273858977
638,0.00031900000000000006,143773731635.19824,50716377018.402504,62767.388983895,349408398011.22833,2072962186704.4812,35.246444080367496,143777071256.4977,50714743475.261284,62798.52328857587
639,0.00031950000000000007,145211080231.9227,46152806023.1713,62769.166973116,296911047129.22107,2076316408162.7979,34.97731535326275,145214837981.63187,46149629775.97294,62792.92305929364
640,0.00032,146504024663.10773,41548130158.475296,62773.015872318494,250384960249.88193,2078999164309.6633,34.73542595556329,146507769978.47488,41544458594.49204,62801.60120674875
641,0.0003205000000000001,147651053764.5614,36908095375.59166,62775.33583119155,209480891533.58023,2080997402267.5203,34.51926632764915,147655044588.61276,36902840539.3517,62793.71669691739
642,0.00032100000000000005,148651496159.20737,32236199962.423744,62779.438518671195,173904617407.741,2082296253976.9902,34.32753049643785,148655270323.25952,32230936406.776814,62788.93420816262
643,0.00032150000000000006,149504496909.2606,27536853264.512344,62785.552119816224,143402098590.68805,2082884882482.812,34.15907927876937,149507841761.73834,27532695408.728733,62795.27657869876
644,0.0003220000000000001,150209093687.72482,22815826498.856564,62790.25735844098,117758395368.3575,2082752111999.5051,34.01293351859774,150212282407.59598,22811728735.667675,62807.06764585075
645,0.0003225000000000001,150765118112.48764,18075253715.006424,62800.664383681484,96795606122.32326,2081885057395.404,33.888270837160185,150767736169.11893,18073674474.69896,62803.69098022136
646,0.00032300000000000004,151171486683.09586,13324260754.241312,62803.68422352948,80363050254.29085,2080274291151.7275,33.7843892849167,151174045500.33508,13322841612.850197,62820.58662736641
647,0.00032350000000000006,151428230001.96402,8566681560.3819895,62803.15463573199,68344956537.253746,2077905362222.7039,33.70072623834935,151430841966.4095,8563723630.250013,62816.551617193305
648,0.00032400000000000007,151535490215.6864,3804420347.6510034,62807.30636081335,60647554853.44435,2074768151444.0295,33.63681549868196,151537969689.2848,3801653716.5612926,62820.40141356244
649,0.0003245000000000001,151493148697.30927,-955968581.297824,62810.19954935643,57200015284.66148,2070853747067.2363,33.592273795465964,151495523021.67734,-958918830.8902937,62824.16456578264
650,0.00032500000000000004,151301401230.25598,-5711373488.875387,62816.34631452277,57957370401.15436,2066150860461.1091,33.56680953233227,151303747153.16663,-5713238566.3122635,62819.74511974001
651,0.00032550000000000005,150960668389.0516,-10453362622.563911,62814.98727901814,62898444067.68373,2060647666618.1643,33.56021627229738,150962978310.4838,-10455493236.462643,62802.20956789795
652,0.00032600000000000006,150471391435.78384,-15180758531.55288,62817.046276086854,72023137713.52182,2054332948272.2793,33.572361167144294,150473800702.5377,-15181290961.102808,62801.84555705597
653,0.0003265,149834342884.96652,-19886902689.125156,62816.386637175,85355809038.52705,2047193903111.1882,33.603188029481984,149836870455.81107,-19886699756.807663,62802.913169453284
654,0.0003270000000000001,149050283172.58337,-24568001898.255787,62815.78411710753,102942334742.82814,2039218065128.7605,33.65270860783196,149052926923.49744,-24567303537.462482,62801.47366574682
655,0.00032750000000000005,148120063863.18707,-29219985367.92668,62816.638133917695,124853228807.71922,2030391362856.439,33.721006839278495,148122840179.9626,-29219197081.804585,62825.594482851644
656,0.00032800000000000006,147044466743.72437,-33839491155.86581,62821.947587299386,151185124271.1127,2020697860973.1648,33.808242983308936,147047727799.57956,-33836770857.181835,62814.59963751515
657,0.00032850000000000007,145825545529.44342,-38417942863.513435,62819.68211729654,182064422294.3775,2010118439554.6165,33.914663574943816,145828904821.11047,-38415301262.242874,62801.48065605121
658,0.0003290000000000001,144464076535.62866,-42953863011.82617,62819.567900672344,217634344284.19748,1998640580144.2183,34.04055533944152,144467795185.97076,-42950367422.73865,62816.2864718112
659,0.00032950000000000004,142961973509.89078,-47441322301.1484,62816.99608710581,258075841651.44656,1986243532046.5315,34.18629621701614,142965604511.7579,-47438506467.306465,62806.52160495748
660,0.0003300000000000001,141320525825.911,-51877239897.15825,62816.02909267373,303597045687.38617,1972908815817.6655,34.352333076307985,141324364170.06674,-51874309962.37323,62819.90422559902
661,0.00033050000000000006,139541895793.42145,-56256190580.62066,62813.21922197997,354446191257.2941,1958612503777.2605,34.53921016622348,139545726318.88217,-56253807693.85114,62809.08077972251
662,0.0003310000000000001,137627885519.51254,-60574374477.078514,62810.165536846114,410905814215.5907,1943332405079.8877,34.74755020464473,137631284763.76007,-60573283156.856735,62827.68333036894
663,0.00033150000000000003,135579319717.31685,-64830332645.0468,62814.75815462339,473303660079.2957,1927042458387.8179,34.978074372017716,135582729976.07753,-64829124859.161995,62832.10114866956
664,0.00033200000000000005,133399893359.7941,-69016291686.54965,62815.09704123518,542031438946.6268,1909704810570.3914,35.231662100554004,133402908409.23575,-69015889990.37486,62822.56272971919
665,0.00033250000000000006,131091196226.94511,-73129791577.4998,62816.576789440354,617516002371.4716,1891295162146.366,35.509253220103524,131094217157.12552,-73129528876.88487,62822.82068462931
666,0.000333,128655012934.7493,-77167877537.70038,62822.057129795445,700256011217.3141,1871778121486.6355,35.81192230595051,128658705940.98967,-77166576703.49632,62836.90764263906
667,0.0003335000000000001,126095324999.76172,-81124037267.29701,62823.080904579256,790829623658.136,1851110855164.8362,36.14091324544399,126098570885.086,-81123578372.43571,62840.63133413419
668,0.00033400000000000004,123414373242.68257,-84995336566.88359,62823.028465065014,889878562583.546,1829260790203.599,36.49756702981927,123416416465.48376,-84996728565.92531,62861.50614270108
669,0.00033450000000000005,120614225574.62404,-88779119429.1607,62825.35531756117,998145509811.8027,1806184565805.1545,36.88339659027019,120615254133.54678,-88781797092.64095,62840.43947564099
670,0.00033500000000000007,117697807154.76161,-92471568350.24191,62829.15877671534,1116493467688.7842,1781827959323.1504,37.300145676126604,117698851889.51756,-92474093066.87834,62849.55191775145
671,0.0003355000000000001,114668880727.65675,-96068098211.61432,62830.95106799981,1245914863385.2893,1756134004287.2085,37.74979057584952,114669412930.57396,-96071261580.49156,62843.72412437426
672,0.00033600000000000004,111529701222.0084,-99566347767.4279,62834.524764720794,1387544541733.1948,1729047236533.1533,38.234525014283726,111530567262.70802,-99569022014.97563,62834.87473073936
673,0.0003365000000000001,108283923252.93182,-102962385808.19756,62837.75250957405,1542709359092.3455,1700497005476.9622,38.75685804408296,108285268210.44748,-102964539678.484,62843.67036455456
674,0.00033700000000000006,104935346979.11908,-106252475265.38126,62839.05023850716,1712944909186.1223,1670410411277.2327,39.31961978061783,104936769464.68475,-106254491256.24269,62830.96720902861
675,0.00033750000000000007,101487028928.11458,-109433916923.98613,62840.13526198528,1900036198947.1416,1638709557479.591,39.92599651059541,101488333828.87405,-109436045143.73117,62847.720654116034
676,0.0003380000000000001,97941751129.34995,-112504356913.97948,62843.36109134288,2106081068196.6326,1605302032694.381,40.57963178373211,97943803084.02766,-112505776089.56282,62849.65968118044
677,0.00033850000000000004,94304799894.30602,-115459348559.41064,62843.05106212739,2333561282719.9785,1570078308836.06,41.28473911276645,94306629677.70195,-115460930745.40688,62843.918008334374
678,0.00033900000000000005,90578023287.5489,-118297730842.6581,62845.49295278436,2585387923953.842,1532932281576.8896,42.04608428395108,90580531751.51176,-118298848481.39635,62852.52342207658
679,0.00033950000000000007,86767274795.53365,-121015153347.49887,62844.17245604467,2865054894256.8643,1493724016078.9705,42.86924070125425,86769280649.84058,-121016740121.68304,62835.306402085866
680,0.0003400000000000001,82875254275.37973,-123610053759.0386,62843.16321211844,3176710773998.86,1452317116736.0417,43.76058450311385,82877578035.1038,-123611537753.60458,62835.63286235705
681,0.00034050000000000004,78905255204.18558,-126080424325.0968,62844.05356850942,3525371358474.4854,1408541519761.5317,44.72758435430997,78908568226.75514,-126081336076.21603,62836.30393262252
682,0.00034100000000000005,74862397258.7216,-128423205695.07677,62843.60782515226,3917131135250.452,1362199560002.0383,45.779052891199385,74864816268.76704,-128424749840.81737,62868.45484314492
683,0.00034150000000000006,70748354274.9423,-130637648184.02307,62847.89727992417,4359414465407.1445,1313079081765.8044,46.92534091969609,70750115010.4539,-130639585247.21616,62893.82505119626
684,0.0003420000000000001,66569266624.08436,-132720423474.72343,62851.16098313793,4861403219707.375,1260915126371.5032,48.17886660505452,66568920506.57299,-132723424407.27684,62902.20170270648
685,0.00034250000000000003,62327229084.19972,-134670662780.93631,62858.2924876957,5434453780540.729,1205430832828.8372,49.55440013892229,62326421096.6248,-134673855561.64394,62903.98733727697
686,0.0003430000000000001,58028758630.73757,-136485352554.15318,62863.52591807543,6092816087117.444,1146289817938.2705,51.06982913309652,58027089553.94846,-136488776230.30148,62900.819958516426
687,0.00034350000000000006,53677235829.55562,-138163275713.2262,62869.1693567587,6854432375958.238,1083136715062.1145,52.74674885024356,53675967436.001686,-138166481432.29224,62888.2775315391
688,0.00034400000000000007,49279687432.69239,-139701867792.7924,62869.78751680673,7742168309826.782,1015560014612.1858,54.61157751538192,49277370746.842255,-139705383716.92108,62880.78113857612
689,0.0003445000000000001,44838540885.281204,-141100660231.4769,62870.23571759396,8785342101462.578,943130067259.9846,56.696671626220095,44836153207.223526,-141104084608.05466,62863.56262182324
690,0.00034500000000000004,40356747849.659775,-142358887935.48734,62873.292985640524,10021992348076.86,865363955115.0876,59.04219854643413,40356906666.80085,-142361472241.0997,62852.31515484772
691,0.00034550000000000005,35841029317.659775,-143474710573.28183,62874.405635041585,11501869554254.883,781768352383.0698,61.69830296034886,35842888384.8558,-143476851653.03067,62867.023804909346
692,0.00034600000000000006,31294846099.70985,-144447521296.63043,62875.7459819894,13290339386697.195,691945284712.5881,64.72731766068155,31297080813.29039,-144449613768.24997,62885.6133684503
693,0.0003465000000000001,26721231893.747635,-145276807939.73434,62879.72773591504,15473592813829.314,595698796962.5898,68.20636357634854,26724016124.41253,-145278778662.9214,62908.5328770507
694,0.00034700000000000003,22126093473.436977,-145961510723.27545,62883.670905261126,18164842413286.715,493313598982.80817,72.22907203715684,22128639677.541004,-145963545226.32053,62912.79324175326
695,0.0003475000000000001,17516451873.95158,-146500732652.86752,62883.81508838221,21510178191385.555,386118677849.20386,76.90365010930859,17517451636.506496,-146503028343.4026,62907.83043723517
696,0.00034800000000000006,12894655446.693628,-146894563003.98285,62884.144149878826,25689956680472.234,277493659674.9121,82.34144744138707,12894032842.27734,-146897019554.12775,62913.848516077014
697,0.00034850000000000007,8264307857.099854,-147142855937.57965,62886.039120407906,30904437020828.36,174626641591.4526,88.62299305417028,8261635364.270426,-147145334893.57187,62934.92520601636
698,0.000349,3631841227.1621504,-147245321974.9711,62886.67645485267,37316232806441.21,91473977350.20828,95.71421178565615,3626745995.625157,-147247749893.36768,62919.39273553753
699,0.0003495000000000001,-998553790.5907714,-147202126941.39615,62886.8648045775,44897106844469.17,52620875412.088135,103.29249665407345,-1006200077.1457847,-147204319426.19702,62932.67689013807
700,0.00035000000000000005,-5621807261.328372,-147013507078.35855,62886.02581830866,53118483099920.45,95248009134.76607,110.46699047237159,-5633202496.452104,-147015313321.8469,62923.25879332098
701,0.00035050000000000006,-10233544163.88539,-146679880977.09305,62884.52938151651,60550875955838.586,260781277948.5413,115.55101272980613,-10249050826.400213,-146681050556.6168,62918.635555538975
702,0.0003510000000000001,-14830829470.147564,-146201652234.02505,62884.19219075551,64865150290581.695,565403381195.6655,116.42562055855169,-14849574070.35731,-146202036740.9146,62925.129275591724
703,0.0003515000000000001,-19411768211.630463,-145579048623.53146,62887.599917217536,64008549871881.57,962529431168.966,111.96958189539947,-19429637329.632122,-145578975549.38455,62913.14687693303
704,0.00035200000000000005,-23963661161.980923,-144813796860.3333,62886.04400404498,58000691509891.22,1351255615172.3135,103.43308986608965,-23985065687.017685,-144812632333.92496,62916.586167114976
705,0.00035250000000000006,-28492735766.629066,-143905254601.01523,62890.69673749928,49046942475423.484,1644737857419.973,93.68572780216921,-28512035393.64875,-143903758000.26068,62916.3613104696
706,0.00035300000000000007,-32987227380.70065,-142855491185.86685,62893.820653581875,39705161303801.05,1818680711912.3792,85.11014796872811,-33004950190.795406,-142853650552.1805,62920.03946396195
707,0.00035350000000000003,-37448621529.683716,-141664353503.36862,62901.51669730415,31502356161940.1,1895925404537.4255,78.64853818629528,-37461112387.806595,-141663190494.32687,62933.78466412589
708,0.0003540000000000001,-41862028425.72408,-140335668046.25018,62902.85097333145,24906008383398.625,1912146171557.6433,74.20272945575924,-41875638998.04191,-140333818110.3729,62932.594395193744
709,0.00035450000000000005,-46230875547.133736,-138869055933.04507,62906.268814665986,19819347968994.945,1896915892975.4153,71.27391689114634,-46243917063.520966,-138866887845.63284,62947.224955832804
710,0.00035500000000000006,-50551285961.78419,-137265789941.52495,62912.4108427536,15960179300638.521,1870112538067.3281,69.3234413689005,-50561959704.39516,-137263929455.70277,62934.69718751797
711,0.0003555000000000001,-54814855298.94399,-135528959397.26924,62916.19240779252,13037862300918.08,1843597242545.165,67.90144827895874,-54823815535.276886,-135527360679.78458,62913.32107707143
712,0.0003560000000000001,-59017105549.42699,-133660762933.04497,62916.92276259578,10810480627389.06,1823678240844.225,66.67150143744318,-59024785717.78522,-133659389535.68073,62902.9298170958
713,0.00035650000000000005,-63156888356.229645,-131662105507.4249,62918.81274842293,9092130668778.74,1813016607555.194,65.40357144135218,-63162605569.083305,-131661385042.84592,62906.950596354545
714,0.0003570000000000001,-67229502742.76449,-129535358165.75131,62920.819595250236,7744821368921.719,1811870350136.6006,63.961643408054144,-67233093434.41038,-129535513348.2167,62917.74087787272
715,0.00035750000000000007,-71230261276.58838,-127283149435.0689,62921.57862915039,6668095041480.87,1818911784652.8074,62.2909344584715,-71232636907.36505,-127283876661.24069,62903.994457138535
716,0.0003580000000000001,-75155442158.73227,-124907842415.96889,62921.31269897796,5789898017752.759,1831929861394.2517,60.40229839530106,-75156031035.39409,-124909546013.35579,62882.25538545393
717,0.00035850000000000004,-78998878011.6373,-122413451781.03091,62914.91533375544,5059302887098.705,1848444127867.0366,58.35265166002307,-79000544546.08841,-122414598105.35777,62884.11989800183
718,0.00035900000000000005,-82760958126.9076,-119800273865.65361,62911.63992845346,4440867786224.921,1866166231487.8176,56.22343333929641,-82762460101.7734,-119801559131.0916,62883.79655195486
719,0.00035950000000000006,-86436431088.2967,-117072018037.60284,62907.56653173454,3910033128859.5264,1883379178588.2246,54.099921128636524,-86437895697.7931,-117073328679.01624,62869.20445452111
720,0.00036,-90021551321.80933,-114231745115.60126,62902.16321324923,3449772650480.4614,1898993747049.2397,52.05626186195982,-90023448050.80318,-114232757098.53079,62882.46487830256
721,0.0003605000000000001,-93513907427.12271,-111281671390.66765,62898.19172097948,3048002986907.317,1912535207655.7092,50.14690957158454,-93516623272.12457,-111281960459.05579,62898.80422496626
722,0.00036100000000000005,-96910357757.30496,-108224614276.76175,62896.14570634689,2695762684343.6455,1924016267812.7573,48.40425979552893,-96913465841.63411,-108224449707.12576,62894.7101601844
723,0.00036150000000000006,-100208759624.28424,-105062611879.72856,62899.191482094015,2386054710351.618,1933748788532.552,46.84091402346861,-100210537924.34084,-105063548829.12505,62891.59078281705
724,0.00036200000000000007,-103403885758.3199,-101800647253.39456,62900.71525031334,2113125802235.0327,1942185889534.1956,45.45424415458546,-103404468325.18599,-101802770187.7666,62875.84370252686
725,0.0003625000000000001,-106491816934.97089,-98443051532.43723,62897.93785203328,1872118850615.3909,1949766681451.792,44.2317648375571,-106491535406.08968,-98446214477.74718,62857.66458555564
726,0.00036300000000000004,-109470236943.88603,-94992835093.54004,62893.095612506,1658841378597.904,1956857665326.448,43.15575012577893,-109469820837.37704,-94996311920.54945,62866.50890066847
727,0.0003635000000000001,-112335999950.42879,-91454067936.09871,62885.002377019395,1469633977137.1394,1963728016964.2275,42.2067141466482,-112336954297.99791,-91456079646.85739,62877.836834198155
728,0.00036400000000000007,-115087384650.45004,-87829370750.67403,62877.37284683873,1301324667960.7214,1970530712791.4492,41.36585650615291,-115090210795.08994,-87829099974.50922,62879.41121616887
729,0.0003645000000000001,-117724023776.5009,-84119465910.92358,62878.99365912696,1151170752858.0776,1977327236608.6787,40.61640320467582,-117726457472.50938,-84119601801.58995,62885.48589975649
730,0.0003650000000000001,-120240495586.54066,-80331815495.65395,62877.003344689154,1016808573420.4254,1984115972381.9426,39.94414537855272,-120244248789.7216,-80329908315.38457,62917.816628894834
731,0.00036550000000000005,-122636951729.61977,-76466618725.89137,62882.80344738816,896281586473.5854,1990813587481.167,39.33773922516866,-122641038725.28883,-76463817713.22876,62927.00083200698
732,0.00036600000000000006,-124910594262.70035,-72528158087.73099,62893.629818687565,787923930045.5527,1997336611055.72,38.788228756327314,-124914307091.97968,-72525554821.17268,62943.87145509314
733,0.0003665,-127056483528.2711,-68525003664.51957,62895.09753448582,690356575514.7291,2003585574061.1836,38.288701888081036,-127061393916.04768,-68519867356.6378,62941.972580317146
734,0.0003670000000000001,-129075669667.50056,-64455984061.82393,62904.05423547839,602467000318.822,2009447003144.8525,37.8339512686589,-129080296033.35571,-64450832603.06888,62936.022391353974
735,0.00036750000000000004,-130964092388.28963,-60329126087.55692,62907.685754421924,523295217194.94995,2014854296649.6804,37.419810017645474,-130968758341.10329,-60323322584.27554,62932.67610023935
736,0.00036800000000000005,-132721386171.44427,-56145868139.416405,62914.751951505474,452064450907.8576,2019735301996.62,37.04298634706283,-132725604342.61984,-56140336773.83636,62941.71672831895
737,0.00036850000000000007,-134345960723.50038,-51910013821.31607,62925.619879915095,388107648012.7715,2024047593603.1792,36.70071401087823,-134349568344.43735,-51905426167.739716,62960.373286663744
738,0.0003690000000000001,-135835284565.33672,-47628195373.71773,62932.75509009233,330862621501.1785,2027758169956.5906,36.39062451834726,-135838700774.0388,-47623486364.3236,62963.64972234674
739,0.00036950000000000004,-137188320773.72235,-43304067566.0736,62938.672572318894,279864604716.3387,2030834012896.3342,36.11070514093974,-137191707383.59612,-43298679067.29653,62970.69258448066
740,0.0003700000000000001,-138403969226.93427,-38941674399.239204,62944.39200821637,234714392927.2297,2033253907798.7485,35.859191310251596,-138407059873.55252,-38936493056.577835,62966.81928520081
741,0.00037050000000000006,-139481198790.43924,-34545199337.9332,62950.43111356797,195070102456.4755,2035002097738.294,35.634524134229714,-139483772188.6836,-34541377706.88076,62943.8339121852
742,0.0003710000000000001,-140418942805.3337,-30119503032.88997,62955.406503539714,160639578808.5293,2036065310466.801,35.43533178429241,-140420828674.57007,-30118129325.07971,62945.44384598768
743,0.0003715000000000001,-141216013975.04874,-25671103878.53038,62953.704293359646,131175446694.37857,2036430383187.3828,35.26042333917749,-141217825333.2875,-25669823556.829494,62937.97183625495
744,0.00037200000000000004,-141872283962.32635,-21202685200.40185,62951.52611250374,106471603666.6162,2036082769201.4734,35.10878617368251,-141873918370.43503,-21202219744.34337,62924.07017565777
745,0.00037250000000000006,-142387388392.52353,-16717983516.329851,62950.939772568905,86349331590.3939,2035013640886.0586,34.979537450447985,-142388763750.3796,-16719391629.004457,62915.46738840106
746,0.00037300000000000007,-142760681804.738,-12223962443.223164,62944.71003605658,70659706949.73697,2033213984156.9783,34.87192044398313,-142762043255.23413,-12226248325.719799,62902.39515506806
747,0.0003735000000000001,-142992273145.3976,-7723501081.060196,62938.3450668918,59284942091.59542,2030671833113.843,34.785313127529335,-142993646399.77747,-7727686819.99268,62871.26059687174
748,0.00037400000000000004,-143082079907.998,-3222677934.7764215,62927.40596945687,52130145854.13904,2027377791723.5608,34.719198527208,-143083660499.1527,-3228049969.031566,62861.71657455301
749,0.0003745000000000001,-143030387360.14905,1275054115.0208387,62915.5689001263,49125504563.147934,2023321424871.735,34.67316250719391,-143032253027.76117,1269796721.0724747,62863.07831917276
750,0.00037500000000000006,-142837463115.94516,5767361499.612624,62908.85450899533,50223359293.72296,2018492969263.733,34.64688006459852,-142839610086.00037,5760781456.290075,62862.454012324466
751,0.0003755000000000001,-142503676320.77917,10247711090.297514,62900.4235494313,55400272850.83944,2012881169585.083,34.64011628146031,-142506032353.1319,10241901889.673983,62883.15811130811
752,0.00037600000000000003,-142029501201.82452,14713102270.578838,62894.53493745382,64655843165.67448,2006473821417.8162,34.65272252130421,-142031919253.91058,14708693381.211588,62897.415379927166
753,0.0003765000000000001,-141415791598.42105,19156983880.3746,62884.66213479879,78013516088.29822,1999257534628.0088,34.68463385705016,-141417877900.18597,19156444886.672123,62899.05558733876
754,0.00037700000000000006,-140662761163.49908,23579854936.65882,62885.18293865599,95517009322.16878,1991220103290.7412,34.73585383669998,-140664733026.76392,23580093092.574417,62891.5568870006
755,0.00037750000000000007,-139771726881.4949,27973463776.820362,62883.133563367526,117241554417.43149,1982343082602.9485,34.80648498524296,-139773468813.19464,27974880977.477703,62886.581331677466
756,0.0003780000000000001,-138743340033.96927,32335708893.3905,62885.23246302152,143280788306.79312,1972612174923.9043,34.89669172425562,-138745186333.66074,32336624381.777626,62884.059893936515
757,0.0003785000000000001,-137579543156.81326,36658683853.49862,62880.38935754318,173758665749.2134,1962008626726.3599,35.006723515899296,-137580900289.59888,36661514200.674904,62869.667989282694
758,0.00037900000000000005,-136280570432.37366,40942798689.84491,62883.118000050934,208815973555.4021,1950519769797.4756,35.13687261160931,-136282464888.85838,40943451896.95982,62868.74577629383
759,0.00037950000000000006,-134849312629.74176,45178507814.671234,62876.63683126763,248636264646.88998,1938121013693.5752,35.2875468742572,-134851017841.2615,45179823109.43982,62852.93965234307
760,0.0003800000000000001,-133285598560.47134,49367545801.747665,62879.55331406367,293415781408.7397,1924800154681.8713,35.45918403931986,-133288011632.59344,49366901251.80168,62863.11640072348
761,0.00038050000000000003,-131592341610.46042,53501887775.4469,62878.72560416163,343407561527.91473,1910526045346.0498,35.652370541549445,-131595114428.29305,53500411061.3168,62866.20124315502
762,0.0003810000000000001,-129771561814.84694,57577335506.01906,62874.27326634852,398886610298.6509,1895279144715.147,35.86775183822915,-129773729338.4403,57577448902.6032,62889.403191585465
763,0.00038150000000000006,-127823967195.15698,61592933085.4207,62875.703275067724,460168202768.7612,1879037575092.6016,36.10605168732198,-127826046016.87234,61593412781.160675,62885.14148319258
764,0.00038200000000000007,-125752764363.45749,65542105821.15835,62874.01374838331,527631031230.0515,1861765537433.5847,36.368153577023186,-125754104834.00314,65544041728.259514,62897.74147629543
765,0.0003825000000000001,-123558948276.74525,69423453278.0566,62877.054983195725,601692716395.6074,1843436837736.0808,36.655025120759795,-123559764457.0754,69426179323.92525,62903.687104792225
766,0.0003830000000000001,-121244870598.01047,73232824605.79918,62882.899099060334,682847270114.8102,1824011195431.6292,36.96780483991329,-121245626360.52567,73235508599.65746,62906.62425948585
767,0.00038350000000000005,-118812579521.77832,76966907265.30974,62892.327046962826,771657539906.076,1803448525045.2317,37.30778420644011,-118813957660.81561,76968439137.51158,62912.72279981721
768,0.0003840000000000001,-116266872845.33237,80618411657.21915,62893.32571960839,868771223069.6945,1781704043478.0732,37.67642824445941,-116267672158.86766,80620713526.93268,62919.728790966816
769,0.0003845000000000001,-113608866168.52745,84186388300.48338,62895.33020328744,974899331669.7966,1758749172983.102,38.07527289361317,-113608925573.9774,84189590640.46768,62916.6039098077
770,0.0003850000000000001,-110841269001.52016,87667393946.52338,62898.187018370016,1090881294884.3453,1734532099776.199,38.50609058722477,-110840572237.81433,87671547872.27733,62926.45623566549
771,0.00038550000000000005,-107966165254.69177,91058968052.20047,62904.71550751281,1217683862924.0234,1708996547283.1494,38.97090403567223,-107965869302.803,91062418315.80276,62928.80323395221
772,0.00038600000000000006,-104988858523.30106,94354926063.05807,62904.736589679495,1356433467028.071,1682075245235.7312,39.472044197440994,-104987569382.47186,94359314041.73709,62917.297354220565
773,0.00038650000000000007,-101909590449.24522,97555465851.83125,62910.45726591597,1508400861072.9604,1653716616844.732,40.0120409471313,-101909218013.323,97558731636.02081,62908.838213546456
774,0.00038700000000000003,-98733059410.02376,100655657371.36107,62914.793229015755,1675104690532.8008,1623833097120.0762,40.59387165370565,-98733872121.98079,100657600936.14055,62916.0430111851
775,0.0003875000000000001,-95461880711.77179,103653176525.66406,62920.20173051444,1858293579865.0383,1592346851402.748,41.22087703127793,-95463703901.11562,103654131390.99605,62926.2520507308
776,0.00038800000000000005,-92101272615.91713,106543401612.89645,62920.27382697011,2060026276838.9612,1559163868926.2131,41.896879014964526,-92102803503.59238,106544631286.49574,62917.98721014841
777,0.00038850000000000006,-88653134331.96266,109325109630.07681,62921.14624583224,2282697941022.1606,1524195719068.6758,42.62615280955865,-88654853519.28558,109326284235.79338,62923.15025398673
778,0.0003890000000000001,-85120402634.40874,111996083508.65157,62924.31225202192,2529166893549.6553,1487323268301.8354,43.41366451482509,-85123114052.21176,111996448710.07777,62939.37369514863
779,0.0003895000000000001,-81507059919.65646,114553394146.60252,62928.03802173354,2802843849275.614,1448409263067.3894,44.26520479963418,-81510272520.8517,114553422015.5803,62938.19095325551
780,0.00039000000000000005,-77817557475.80269,116994044491.8119,62929.98854380474,3107805096761.9136,1407305672767.6023,45.187486789549375,-77820229734.07684,116994427212.17151,62951.17922881969
781,0.0003905000000000001,-74056851422.66351,119315026283.20279,62927.35317803457,3448946349459.816,1363852362213.0242,46.188284226335995,-74058164190.4466,119316363613.84325,62925.4276683634
782,0.00039100000000000007,-70224690907.90985,121516832974.72072,62931.60160886734,3832179578283.14,1317875279675.7385,47.27661755639195,-70227669014.3425,121517149285.523,62937.53975795515
783,0.0003915000000000001,-66329869886.85983,123594345122.16583,62928.982955505664,4264794205127.5454,1269134519291.4983,48.46334896510209,-66331687317.52123,123595381775.12491,62938.024936776135
784,0.0003920000000000001,-62372396495.860535,125547994868.28111,62930.389989218624,4755668630937.146,1217411715791.7947,49.76115602820111,-62374537736.49938,125548846724.88873,62921.46260586975
785,0.00039250000000000005,-58354954775.76141,127376433509.3572,62937.878042830635,5315878984361.635,1162412610365.6487,51.18535811229349,-58360138313.879265,127375840630.22289,62932.90822793186
786,0.00039300000000000007,-54287537868.79412,129075044712.14731,62936.94651125715,5959306007873.815,1103798987103.6296,52.75456283994887,-54292019327.162025,129074929047.58524,62946.83449011632
787,0.0003935,-50171490245.113014,130643778128.85226,62935.257353776964,6703331056538.362,1041252039058.4078,54.49098571781642,-50174536317.41224,130644427782.63037,62945.544577330875
788,0.0003940000000000001,-46009238423.89278,132081905900.56981,62936.46859150856,7570099401275.108,974377339541.6188,56.42179425526435,-46012749328.25794,132082456518.95352,62933.01028458031
789,0.00039450000000000005,-41805735258.69541,133387754791.99657,62938.425141222855,8588060564224.263,902728652692.7817,58.58054677160109,-41810521377.4077,133388001171.44191,62933.30159038121
790,0.00039500000000000006,-37566280839.0065,134559806947.78973,62938.890050841954,9794010323568.227,825849940348.1149,61.00874950612347,-37571053780.870865,134560213090.34993,62949.6025004266
791,0.00039550000000000007,-33296089348.124607,135596861024.80061,62936.379013236336,11235873092306.887,743311568438.1521,63.757796125252185,-33299237027.46132,135597834906.32657,62945.96809078233
792,0.0003960000000000001,-28996434202.390923,136498904804.20856,62936.76271273769,12976390065418.188,654782674439.1495,66.89122917231286,-28998801581.800304,136500172123.29182,62951.82860722864
793,0.00039650000000000004,-24671258491.35096,137265127490.38533,62940.063608360775,15097925911854.713,560147288639.5293,70.48724499459973,-24673135287.583294,137266520647.9656,62976.9139571635
794,0.0003970000000000001,-20328570073.264008,137894126191.18387,62939.67355930714,17707885182029.812,459829912430.09204,74.63970938248809,-20327414425.89123,137895972078.99887,62972.84487341458
795,0.00039750000000000007,-15969954309.242874,138386007359.25928,62940.5874242771,20943327746746.1,355384341808.8629,79.45485284354442,-15966708145.017406,138388075974.07043,62976.2524104802
796,0.0003980000000000001,-11599241913.535477,138740423759.94177,62943.33945438733,24970743598829.18,250458957041.42505,85.03804308482992,-11594980048.174597,138742399876.8092,62981.15483017624
797,0.0003985000000000001,-7223668705.876023,138956825042.96387,62943.34620677149,29969103072031.344,152622255212.6607,91.45560496502259,-7216690574.649088,138958841480.84537,62990.34426998864
798,0.00039900000000000005,-2846167762.869959,139035375576.71738,62943.05551698252,36070153092137.73,76231399790.44699,98.64497940022157,-2835181932.65319,139037275304.15222,63002.22292709084
799,0.00039950000000000006,1529296038.2655487,138976190989.45303,62943.055226824596,43208599404571.82,45905754156.86381,106.23655722478716,1544464068.446021,138977682640.88034,63014.85427756112
800,0.0004000000000000001,5897886046.651064,138779489119.94153,62942.683487051916,50834489310254.26,97736231695.79735,113.2824361544375,5918343099.77114,138780229919.39297,63020.34666208646
801,0.0004005000000000001,10257510429.755049,138445475942.04532,62944.47070358858,57571350520051.06,269974250659.3283,118.07123272123249,10281994829.772133,138445272030.8635,63024.734852619324
802,0.00040100000000000004,14603668896.034952,137974505195.64673,62947.96064673049,61286479020319.96,574273094196.93,118.55778614794997,14629976869.686874,137973297026.2904,63013.06556396541
803,0.0004015000000000001,18926701581.054047,137367738281.5589,62947.16050379612,60207788240121.44,962438362452.432,113.77962697294842,18958243294.70713,137364996528.1993,63016.12097240448
804,0.00040200000000000007,23232119249.17993,136624709236.76186,62952.84897790703,54471847016558.1,1338100541377.3606,105.08101820810477,23261820835.704807,136621216747.63446,62991.890303360306
805,0.0004025000000000001,27518496890.028606,135745198206.35905,62967.34192568746,46111733278554.19,1621125526202.1846,95.27871090193355,27536906384.88029,135742903244.10486,62992.36759024723
806,0.00040300000000000004,31763148102.04454,134733456673.69374,62970.96975917027,37423413630158.71,1789781257373.9836,86.66797892296974,31780049801.145042,134730906039.64569,62998.91914838837
807,0.0004035000000000001,35970153128.28646,133589467084.02235,62973.05293559215,29778853160224.727,1865608424203.924,80.15829387913885,35986811640.79507,133586406371.92825,63003.60555805146
808,0.00040400000000000006,40141115385.132195,132313000595.77621,62979.90047544547,23606690685488.6,1882237323649.428,75.65875261351148,40152394526.16613,132310870505.99596,62987.02497218698
809,0.0004045000000000001,44262425988.81068,130908054959.84192,62980.83445347663,18825832950367.91,1867941216194.9053,72.6846281359398,44272498979.20337,130905927231.25095,62967.35235061562
810,0.0004050000000000001,48332137582.94758,129375951569.46794,62978.10340664775,15183905854043.916,1841754345559.656,70.70826129681504,48343180136.97855,129373102045.94446,62973.05869569637
811,0.0004055000000000001,52355185876.74113,127715219133.65979,62983.230854858564,12416877969807.502,1815209222324.574,69.28503297187513,52361851504.762184,127713695579.19818,62965.876196581194
812,0.00040600000000000006,56319333498.790146,125930520515.25243,62984.961759127196,10302315830102.5,1794670452382.4297,68.07789412244342,56323864149.37238,125929784419.12532,62963.11566957665
813,0.00040650000000000007,60223462204.17317,124022763170.31252,62987.303067289635,8668099514339.687,1782900226229.3381,66.85265219344481,60225297969.27259,124023204199.01125,62959.02028214336
814,0.0004070000000000001,64059786630.15157,121995916942.9544,62983.33702383105,7385612313290.295,1780348344910.365,65.46615187249695,64062220453.324745,121996064700.84499,62969.69842411724
815,0.00040750000000000004,67828587088.54939,119850408498.47964,62980.16947073006,6360673467507.58,1785886540125.8093,63.85471458529254,67831559629.41625,119850185673.70856,62962.12487659817
816,0.0004080000000000001,71527646559.06596,117587624910.8806,62980.850321764745,5525158927483.774,1797536348120.2058,62.01954253300555,71529604934.96098,117587922599.00552,62969.336565025
817,0.00040850000000000006,75150178768.15039,115211700368.24213,62978.47345335859,4830503514470.011,1812987323782.4995,60.0090837931389,75152282690.21114,115211844874.61049,62956.61021188992
818,0.0004090000000000001,78693857680.5158,112724522709.4484,62975.752299437576,4242665462282.8794,1830014479805.9067,57.89930739239163,78695855441.04497,112724754123.82034,62960.800133424345
819,0.0004095000000000001,82157015941.24121,110127464552.26231,62977.07007664,3737984095787.2427,1846851228442.5764,55.77396879402596,82157804926.09464,110128559296.52232,62973.00786456858
820,0.0004100000000000001,85533420160.9889,107425209555.62775,62974.759736872875,3299990224802.4595,1862338241836.2173,53.70891835125449,85534871620.29906,107425772990.32814,62972.39351711378
821,0.00041050000000000006,88822346552.4664,104618706758.95729,62975.88729350283,2917091631026.6167,1875874679077.9314,51.76280726874394,88823150041.70456,104619779431.01544,62975.40148719533
822,0.00041100000000000007,92018465187.15073,101712558323.30571,62974.03432388841,2580759777294.652,1887370933579.6565,49.97323533516097,92019663550.9825,101713331316.83282,62980.62660058661
823,0.0004115000000000001,95120117164.29634,98708628033.20103,62973.57465280022,2284456438185.818,1897039810247.4668,48.358080049041114,95122220163.03444,98708484902.7007,62990.867936604875
824,0.0004120000000000001,98122738958.18282,95611519592.10944,62969.31362721163,2022859666221.9238,1905280476969.234,46.91917161572464,98127149262.42871,95608961187.5768,62997.87530291204
825,0.00041250000000000005,101026310551.47482,92421644635.19199,62970.93732297334,1791496676437.2322,1912518370289.677,45.64725715227068,101031353598.75053,92418131225.71037,62995.03508764163
826,0.00041300000000000006,103827391559.45856,89142697718.84459,62975.85399943433,1586457123915.8354,1919160592084.1099,44.52639655857323,103831791673.20201,89139617603.76286,62980.97062633279
827,0.0004135000000000001,106521262724.57915,85780282038.85666,62976.305973916715,1404336190945.1086,1925506429126.1245,43.53787588741507,106525133982.13269,85777523883.5647,62959.37570632187
828,0.00041400000000000003,109106123571.37535,82337116436.56491,62975.399222574706,1242194017209.9092,1931728644804.5942,42.66301579210981,109109071469.88431,82335294487.47667,62940.1052984177
829,0.0004145000000000001,111579800968.02258,78816432547.10722,62974.25877688987,1097476478938.8888,1937912673508.0283,41.884702209042146,111581785154.76006,78815771469.94437,62945.36107226731
830,0.00041500000000000006,113939168226.83966,75223011555.21777,62969.299870757066,967989554851.2,1944067062958.7158,41.18819818484178,113941349501.90166,75222043132.67053,62947.18548417279
831,0.00041550000000000007,116183495546.80246,71558466921.67441,62967.451213848326,851878791930.1445,1950138550926.0962,40.56142525113851,116185630357.58838,71557569956.37361,62968.81826207639
832,0.0004160000000000001,118310919379.9066,67825952052.63185,62969.76420803916,747563400248.9536,1956056039907.9773,39.99471421056834,118312292520.66913,67826159355.793,62944.30331460436
833,0.0004165000000000001,120318681275.12549,64030363475.419975,62972.055723168225,653716593571.1212,1961733233692.423,39.48049356333574,120319093761.8147,64032216103.147354,62964.04951351782
834,0.00041700000000000005,122204214587.19748,60176903013.37397,62970.28535147881,569240255497.1039,1967075983081.0134,39.01293242305491,122204650836.01637,60178851944.20853,62959.33203636517
835,0.0004175000000000001,123966458396.77115,56268362452.16785,62968.49179225774,493226275298.0911,1971996314511.3906,38.58753816606963,123966705628.98804,56270988013.96285,62946.332295868124
836,0.0004180000000000001,125604071381.9439,52308101577.58985,62968.37094572179,424907522173.14874,1976428775154.7021,38.200734989679546,125603668489.61615,52312537069.90467,62932.41615155103
837,0.0004185000000000001,127114017347.55037,48303882668.9225,62958.63174108049,363637319545.44403,1980323419473.333,37.849592818048755,127114254934.89989,48307069434.30994,62928.021972736096
838,0.0004190000000000001,128497123163.65573,44254730186.490654,62955.68495673445,308887204951.5167,1983630449152.9631,37.53171790202003,128496985168.7638,44259422975.147934,62910.15351316352
839,0.00041950000000000006,129750722092.8704,40168532306.779305,62947.171753528884,260185791678.83176,1986330744968.7656,37.24498123399177,129750675535.96974,40173676634.2176,62905.33691428506
840,0.00042000000000000007,130874726923.729,36046709167.99058,62941.90151833946,217148608438.40573,1988396452819.975,36.98756417831704,130874362083.83961,36053657134.8401,62889.36148918333
841,0.00042050000000000003,131867634633.18442,31895220801.26133,62933.988067275466,179437907320.07788,1989813922052.6855,36.757843337186614,131867489628.52344,31902572012.27806,62891.291647514314
842,0.0004210000000000001,132728770697.24504,27718082138.834908,62924.3526745202,146772519560.93585,1990566159021.922,36.554410272700224,132729229572.49203,27723997306.679108,62906.386310294816
843,0.00042150000000000005,133458054936.43404,23516814648.85443,62920.889527478466,118912294019.84149,1990639827718.7954,36.37603606246928,133458694715.15324,23522639705.22877,62908.31231590073
844,0.00042200000000000007,134054180260.35178,19299225868.891792,62912.073510816976,95649068096.4331,1990026497056.1716,36.22163381825379,134055306391.06447,19303170921.898075,62900.028353449175
845,0.0004225000000000001,134517320198.40256,15066376093.11264,62907.87686771677,76816831784.71327,1988710797672.0232,36.09029698420806,134518717480.24939,15069154215.180386,62904.500494126674
846,0.0004230000000000001,134847044816.56894,10822680017.15152,62906.79753065148,62273424951.462875,1986683299002.1123,35.981244260683916,134848530226.17944,10825307247.058348,62905.85277716159
847,0.00042350000000000005,135043021916.32637,6573557283.27857,62904.785488991074,51906749443.3918,1983932253426.961,35.89382634235768,135044643545.87375,6575607285.666354,62905.547250561816
848,0.0004240000000000001,135105211015.41653,2324389241.8060284,62898.68322155284,45632077793.1688,1980444703284.7827,35.8275201666941,135106957675.62042,2324817745.6926293,62899.015476296176
849,0.00042450000000000007,135033862498.7246,-1923479855.3918962,62897.41837409156,43388017690.983376,1976208521862.5876,35.78191030541,135035654415.6256,-1923577714.6450922,62898.09171939029
850,0.0004250000000000001,134829094090.77606,-6165161989.386111,62898.09385372115,45134952693.3968,1971212598867.3977,35.756672951353046,134830879767.15552,-6165107547.460091,62896.52726569341
851,0.0004255000000000001,134491297689.72523,-10394922280.18569,62895.91195386812,50856875370.14105,1965444289262.5378,35.75157821637452,134493123123.50249,-10394698284.436317,62879.66834195677
852,0.00042600000000000005,134020949198.7935,-14609719559.97191,62894.640029818314,60558623062.87232,1958891266632.902,35.76647963893817,134022901638.63387,-14608822529.72847,62878.498799548186
853,0.00042650000000000007,133418717990.5741,-18804846978.488937,62892.49998214886,74267051429.26286,1951540526076.6711,35.80131170869541,133420736239.03267,-18803896921.416023,62882.108994687194
854,0.0004270000000000001,132685373882.86081,-22976277088.182205,62889.92542277229,92030296544.79738,1943378842268.4849,35.85608509733309,132687354585.12988,-22975961211.723152,62892.27933349881
855,0.0004275000000000001,131821651223.68462,-27120814932.035767,62889.601281358606,113918898187.51689,1934392171560.0142,35.93088641435137,131823820427.24365,-27119710292.453293,62865.79918321225
856,0.00042800000000000005,130828809347.49661,-31232961671.29465,62886.93788672217,140028851626.16135,1924564139070.1453,36.02588648713409,130831284196.2535,-31230702645.549946,62851.67213585288
857,0.00042850000000000006,129707964965.51567,-35309073058.89133,62883.46292498443,170477546269.18472,1913879790472.2783,36.141324761216914,129710884305.26437,-35305484948.6652,62835.62003172811
858,0.0004290000000000001,128460803878.46307,-39343830412.24018,62875.36916784334,205409152777.93088,1902322203093.2507,36.277518425691426,128463817733.57027,-39340365729.0619,62838.90070800296
859,0.0004295000000000001,127088215303.91203,-43335395062.887375,62869.64780077194,244991154924.10995,1889876128601.5735,36.43484856421674,127091514137.38716,-43331520961.30586,62840.563857688794
860,0.00043000000000000004,125592017570.1622,-47278897200.21866,62862.928808279794,289428748928.7744,1876519076882.646,36.613802668430104,125595035016.45314,-47276269244.541534,62848.87385214768
861,0.0004305000000000001,123973934776.53098,-51170427216.72911,62855.11713490585,338957183177.00854,1862230048522.4077,36.81495471263799,123976773696.95088,-51168623725.0803,62818.76086024484
862,0.00043100000000000007,122235095575.83763,-55007822795.58754,62851.25653629068,393848256788.2781,1846986405992.0413,37.03897089775827,122238007753.15506,-55006044964.82831,62831.62339980913
863,0.0004315000000000001,120377324005.36504,-58787220140.740585,62850.24488380448,454423417112.6588,1830757925741.8596,37.28665004733655,120380325211.91283,-58785482599.43828,62846.42535439005
864,0.0004320000000000001,118402231222.24767,-62505498997.56503,62853.30278060761,521050972236.557,1813513701808.335,37.558913858788735,118406101694.94348,-62502348538.882515,62848.07884923796
865,0.0004325000000000001,116313394021.90536,-66156048150.262886,62850.396082747524,594156161651.7222,1795218858987.8135,37.856822302002875,116317010386.10109,-66153691182.1782,62850.92574384147
866,0.00043300000000000006,114112528063.96141,-69736528077.78145,62846.16490404076,674204799440.2673,1775849732192.8281,38.18149852016692,114115079503.21806,-69736182970.06046,62861.801919329984
867,0.0004335000000000001,111800192697.25493,-73246365281.91573,62849.99030705158,761737729894.0828,1755371708172.573,38.53421085003194,111802449847.19778,-73246521911.84854,62882.11998653152
868,0.0004340000000000001,109379988492.29335,-76679952516.50381,62853.52767116124,857397219992.6926,1733731709270.493,38.916480514839094,109381616012.77481,-76681095192.8392,62879.56041622535
869,0.00043450000000000004,106854446008.84338,-80033938317.74109,62856.70331478775,961900948484.5614,1710887809038.21,39.32998625117164,106855869431.66685,-80035344266.42645,62874.416129116275
870,0.0004350000000000001,104226757466.948,-83304338112.33344,62857.05876821627,1076072411055.8633,1686793337278.117,39.77659837077463,104227572470.29256,-83306540861.47617,62880.76889820081
871,0.00043550000000000007,101498795695.42874,-86489166806.42387,62858.86780385533,1200851407301.7952,1661400785905.535,40.258386893600466,101498997204.63791,-86492033054.98068,62881.55195340456
872,0.0004360000000000001,98672831368.81824,-89585905566.04947,62863.79397165089,1337334863244.895,1634647786971.816,40.77772239581275,98672926731.42747,-89588725503.0846,62887.54883101177
873,0.00043650000000000004,95753220392.89752,-92589855851.20438,62865.424457538305,1486800006532.659,1606462423491.6538,41.33732784027428,95752370140.68083,-92593535321.26897,62886.71854426552
874,0.00043700000000000005,92739962013.2432,-95501291183.77608,62875.383008415316,1650709431424.0327,1576780146945.7285,41.94022350793184,92740948771.97021,-95502962412.05412,62873.25348517222
875,0.0004375000000000001,89641122443.14868,-98312291335.62206,62874.131970779694,1830813470048.4683,1545500306181.6577,42.589977767525546,89641883743.60408,-98314261270.79446,62868.785006886515
876,0.00043800000000000013,86455468219.07677,-101024573302.42976,62879.14660744018,2029087345503.256,1512561915042.189,43.290427529524926,86457997375.66605,-101024885380.13779,62862.2268275629
877,0.0004385000000000001,83189974583.61798,-103632165389.21881,62876.92428457019,2247923797181.961,1477845384271.3105,44.04612673757919,83192514730.40036,-103632553150.28596,62864.623630369
878,0.0004390000000000001,79844843976.00352,-106135359685.7572,62878.818602008134,2490095578286.611,1441256576115.3782,44.86216323007278,79847902339.08607,-106135445594.99692,62874.590863573845
879,0.00043950000000000006,76426331089.66971,-108529530671.3598,62875.41075027645,2758950527645.1934,1402653453309.7039,45.744541181424005,76428801790.99763,-108530171692.53087,62868.113286785825
880,0.00044000000000000007,72936200735.61156,-110813843421.87907,62872.81642586773,3058447976255.088,1361906692847.4924,46.70011125337232,72938087147.13861,-110814916506.7358,62862.66972054071
881,0.00044050000000000014,69377787179.08514,-112986280370.43863,62871.399222028085,3393381574705.729,1318848177876.307,47.73692353097189,69379332612.33148,-112987637259.92892,62872.89845803719
882,0.0004410000000000001,65752556203.30091,-115046052245.2208,62876.46231824187,3769564394947.163,1273287710959.0176,48.864460920352464,65755687480.79159,-115046466532.86958,62882.78076591258
883,0.0004415000000000001,62068459571.63882,-116988573209.90958,62875.64402164649,4194130430510.755,1224993038438.8447,50.09406158210857,62070982218.09667,-116989423055.44734,62878.58424289283
884,0.00044200000000000006,58326900832.62706,-118813488707.90738,62875.882045870276,4675773104468.177,1173748250730.7083,51.43895398540513,58328879456.45888,-118814716333.64798,62886.589603493296
885,0.0004425000000000001,54532662945.429535,-120518601797.80038,62874.549477208806,5225299076753.376,1119278061626.421,52.91499412103601,54533962174.72508,-120520195322.56554,62880.1175830508
886,0.00044300000000000003,50686511568.455025,-122103768598.02954,62878.873743951786,5856183033472.834,1061282210396.4805,54.54121541587971,50690040291.58825,-122104435694.66899,62853.903389207546
887,0.00044350000000000005,46795920773.251945,-123565844632.27316,62879.74302688251,6585456051986.75,999394159229.5626,56.340880129842255,46801863183.62441,-123565668852.87627,62843.77958890212
888,0.0004440000000000001,42863316164.12414,-124904202056.9361,62880.966493758206,7434676926440.953,933249800492.8033,58.34218747070766,42872329675.85177,-124903165151.83679,62837.847683860346
889,0.0004445000000000001,38892836123.77786,-126117568479.44327,62882.05155467238,8431476039947.257,862438086900.6686,60.57976458627217,38905227819.28049,-126115759964.25824,62844.30734197639
890,0.0004450000000000001,34889094836.772415,-127204695428.46346,62881.75892188352,9611506685692.447,786539406734.5415,63.09629959945727,34903707381.81097,-127202702104.38542,62840.69593171926
891,0.0004455000000000001,30856277672.508846,-128164668112.28056,62880.0059751909,11021065027350.645,705170275680.5254,65.94447401922494,30872463244.40221,-128162745463.80133,62841.90288674527
892,0.00044600000000000005,26800313864.904305,-128996327912.72774,62873.624397263105,12720529526289.654,618061708346.5648,69.18914336188396,26816099064.214314,-128995095182.8046,62837.91729348992
893,0.00044650000000000007,22722432966.00384,-129699819529.43645,62868.41273919306,14788569568800.605,525236884188.4635,72.90910038196671,22737713767.075623,-129699253048.56421,62835.513084439444
894,0.00044700000000000013,18623236050.511974,-130275151000.32683,62869.968713985334,17326951968093.164,427276991837.1443,77.19772807767845,18641608582.83002,-130274626692.12187,62833.09496843907
895,0.0004475000000000001,14510735671.702066,-130721024996.49731,62870.67359692322,20464197144873.66,325902716650.0626,82.15897401468624,14531511539.304102,-130720888352.86589,62848.45406864399
896,0.0004480000000000001,10388393376.152912,-131037252549.9193,62871.643180773586,24353274188716.094,225080247978.08783,87.8909596166043,10410826103.487137,-131037580882.04213,62853.718349054856
897,0.00044850000000000006,6262437578.146539,-131223477266.87607,62869.55972567307,29152347084582.53,132760433964.05298,94.4437445144707,6284202825.087382,-131224559184.85397,62860.291006575644
898,0.00044900000000000007,2133610995.8099246,-131280019306.95628,62869.877247325625,34963391816562.03,63621116067.85604,101.72408104563901,2156042787.491235,-131281743728.8998,62856.134718372276
899,0.00044950000000000003,-1992555307.0353582,-131206762536.09563,62869.969370896615,41686443046134.23,42158881588.62547,109.31429048354231,-1969396211.156369,-131209208684.23552,62858.604659568555
900,0.00045000000000000015,-6111605166.074209,-131004019552.68735,62869.66926668947,48754712725974.07,103102819478.75674,116.21304278415141,-6087893409.382142,-131007193153.18553,62863.52210043017
901,0.0004505000000000001,-10219676897.318596,-130672127478.7782,62869.14653245422,54849362313909.64,281264557737.04193,120.69618223837533,-10196068488.414589,-130676085406.8206,62862.181052406035
902,0.0004510000000000001,-14307748011.642721,-130212100368.75064,62862.72333500717,58028746441029.96,583842596609.6836,120.80731174941869,-14289633748.665403,-130216262015.95775,62863.69672778082
903,0.0004515000000000001,-18380829977.240257,-129623809696.84439,62861.209565853234,56777164183131.94,961558909771.9912,115.74373558271489,-18364833459.619564,-129628302508.77023,62873.55342731031
904,0.0004520000000000001,-22423503386.861336,-128909498040.3793,62851.53517840535,51319615742015.336,1323362785543.2332,106.92094482801282,-22417114926.73131,-128912914325.26608,62864.037377982415
905,0.00045250000000000005,-26438621926.777515,-128069415636.2205,62841.78932311738,43521672166954.35,1595496263646.2463,97.08888224391727,-26442642023.43772,-128071034735.9959,62883.2335651567
906,0.00045300000000000006,-30432508091.081062,-127102310448.84715,62842.908756263336,35441250399475.21,1758516671266.8777,88.45505152423888,-30437478847.363235,-127103561225.83594,62869.889600081005
907,0.0004535000000000001,-34390557722.17901,-126011115626.60635,62842.645664920004,28309135991802.52,1832969975256.3655,81.89611502256803,-34397762212.30419,-126011586066.95993,62877.24807954079
908,0.0004540000000000001,-38308025548.1645,-124797425426.26904,62840.02672739444,22520825332534.62,1850305318865.544,77.33232455365902,-38320086233.88284,-124796216952.8375,62879.1185293002
909,0.0004545000000000001,-42187367647.51961,-123460764205.15263,62842.41340545804,18013056894321.543,1837175899730.8455,74.29935569234401,-42200185660.79481,-123458879407.4266,62892.339471124134
910,0.00045500000000000006,-46022439398.08388,-122003003791.64769,62847.112658062346,14561807775264.137,1811903131514.1504,72.28270988686991,-46034331608.5326,-122000934353.33444,62884.82308998093
911,0.00045550000000000007,-49805931139.98615,-120426923192.19847,62849.45675606169,11928027394540.348,1785696285924.8662,70.84381346004338,-49817414620.22815,-120424615102.57085,62863.21859273536
912,0.000456,-53537719466.99811,-118732877820.53839,62854.54755965618,9908180900047.537,1764767526839.0034,69.64720838650953,-53546647965.51062,-118731239244.21143,62872.711533674155
913,0.00045650000000000015,-57213500086.337456,-116922780491.70338,62861.56340675569,8342999427756.673,1752033009080.9207,68.45539454418173,-57219265373.675804,-116922225456.35483,62868.50070768598
914,0.0004570000000000001,-60825702905.04347,-115000419256.9229,62863.46624407837,7112544280562.248,1748143982236.8445,67.11844841830624,-60830762508.95566,-115000049203.93242,62850.22162953388
915,0.0004575000000000001,-64372243509.4259,-112967389860.9166,62862.533684781534,6128329416823.496,1752213422334.0437,65.56346140184327,-64377098029.066246,-112967004977.93947,62857.3516219786
916,0.0004580000000000001,-67850619979.0606,-110825466037.88274,62860.52982457811,5325907118203.219,1762469266247.2886,63.78168704822691,-67855820690.94342,-110824739715.356,62843.74663941434
917,0.0004585000000000001,-71258825494.48323,-108576112418.9575,62860.48682088868,4658979103312.673,1776755132608.3809,61.81269540093555,-71262189493.66115,-108576407313.89287,62824.164330619475
918,0.00045900000000000004,-74591362802.00726,-106223049524.78983,62857.09070874786,4094744972882.3154,1792963328663.7732,59.72588322075948,-74594842283.25992,-106223200259.58565,62841.11694703042
919,0.00045950000000000006,-77846717802.84328,-103767705253.25452,62854.66317653736,3610294398930.1895,1809315492059.1848,57.60217866730371,-77849666484.65689,-103768198008.87076,62818.25845269609
920,0.0004600000000000001,-81021376321.46707,-101212882282.86314,62852.138280545354,3189628898077.124,1824578214495.654,55.5182288849334,-81023402225.34013,-101214049406.2911,62810.645345460616
921,0.0004605000000000001,-84112105738.28549,-98561394913.44582,62848.95854809049,2821465443592.3926,1838065328035.2363,53.53604055500698,-84113448501.21776,-98563169081.5782,62824.42533918485
922,0.0004610000000000001,-87115836446.48917,-95816127815.15094,62844.770191050375,2497601603615.211,1849565472091.1794,51.698215248209266,-87117549056.91917,-95817630011.33914,62823.89435577351
923,0.00046150000000000005,-90032379968.65617,-92977479165.44572,62848.02266588366,2211792557595.6445,1859210429213.7703,50.0278722840923,-90032145354.80864,-92980781690.30836,62824.12400430409
924,0.00046200000000000006,-92854207785.35077,-90052677405.3807,62842.750449087674,1958991258636.4348,1867353178922.3794,48.53143963629283,-92854402302.11752,-90055706359.7035,62811.87278869595
925,0.0004625,-95581918780.37582,-87041720457.02373,62840.58507137209,1735037820387.2349,1874370423712.4592,47.20342497241934,-95581495463.84865,-87045598919.1768,62818.43339747951
926,0.00046300000000000014,-98211524776.25954,-83949120863.09038,62836.238422663126,1536299879980.1084,1880660950581.1238,46.03048399999114,-98211794007.49863,-83952324816.68257,62828.94004617397
927,0.0004635000000000001,-100741554561.43225,-80776958747.57645,62833.61625248385,1359619632851.2847,1886534201128.7297,44.99540843137929,-100742180495.8697,-80779801327.41638,62833.02601312174
928,0.0004640000000000001,-103169955011.19429,-77527959958.61108,62833.96958383009,1202217321200.415,1892213497838.2854,44.07993053336508,-103170818353.31677,-77530569496.01169,62840.816543693516
929,0.00046450000000000007,-105492346636.45718,-74208137818.73505,62828.15291673205,1061666923900.391,1897824874140.6545,43.26666690524049,-105494862862.30556,-74208492199.55193,62836.945025644854
930,0.0004650000000000001,-107708754964.40436,-70818033273.5286,62826.22374988292,935900015997.0768,1903392518541.4387,42.54034522291488,-107712254082.49013,-70816840620.68402,62832.4176489712
931,0.00046550000000000004,-109817413418.54065,-67360389448.6604,62829.53097975158,823120207024.4806,1908902637620.129,41.88805521407018,-109820931045.70624,-67358903260.55669,62861.37137211807
932,0.0004660000000000001,-111815114894.5263,-63840450576.8609,62831.620845267484,721800916698.4,1914299310966.7788,41.29930267948207,-111819474641.3063,-63837269535.420135,62887.46521170114
933,0.0004665000000000001,-113700737660.14691,-60260501264.10061,62836.557122458486,630672100264.1499,1919493314330.8086,40.76585740208519,-113705743038.74954,-60255865473.2137,62886.2635814659
934,0.0004670000000000001,-115472119347.06648,-56624734863.724754,62841.94703977606,548661132202.4068,1924399044331.9915,40.28130441934389,-115477559719.14822,-56618600689.87949,62899.260271390995
935,0.0004675000000000001,-117128566503.62416,-52934736254.134056,62853.88957073961,474875613411.6037,1928932266049.9592,39.84067569950332,-117133807839.00533,-52928413043.19761,62924.81957102069
936,0.00046800000000000005,-118667174428.66104,-49196785304.35318,62863.30104226,408558391380.1158,1933027672119.7002,39.440033351213245,-118672377979.33188,-49189699897.217514,62906.02213015673
937,0.00046850000000000006,-120086746504.541,-45414209516.82493,62871.8762581087,349090009344.9258,1936619742541.8604,39.07627010401933,-120091385271.46385,-45407712322.92939,62898.82693202796
938,0.000469,-121385777795.99742,-41591386232.60654,62877.98425105306,295946270714.5343,1939660881452.726,38.74683558879453,-121389971797.62868,-41585318990.854385,62889.56838175514
939,0.00046950000000000014,-122563447879.216,-37731255543.909386,62884.694930224694,248685849659.83762,1942114158941.8027,38.44958055878256,-122566869509.11504,-37726818042.93566,62880.30655421545
940,0.0004700000000000001,-123618105927.83142,-33839626919.123974,62886.104201395334,206930120336.03534,1943955027593.1482,38.182630668359366,-123620998021.99223,-33836396966.242237,62859.534698102085
941,0.0004705000000000001,-124549622411.95763,-29917952604.18063,62890.39306687785,170363055963.93756,1945160041304.5999,37.94436228007703,-124551757236.6555,-29917401698.25529,62863.53705619251
942,0.00047100000000000006,-125356402077.14459,-25973301562.4213,62887.71482520572,138707175472.89206,1945717141969.1096,37.733316771452216,-125358216205.3294,-25973973570.722862,62851.056405894145
943,0.0004715000000000001,-126038470299.45592,-22007166404.10285,62886.55845114024,111735069319.49062,1945608998125.8513,37.54823717632737,-126039940548.86812,-22009913822.089027,62849.51464680333
944,0.00047200000000000003,-126595038672.39581,-18024887554.719376,62882.54524796755,89247375284.1783,1944826338635.3848,37.38800638198504,-126596451252.1666,-18028607532.329403,62861.92460741118
945,0.0004725000000000001,-127025908529.92331,-14029601573.76572,62878.62212197442,71080037792.26065,1943357152080.4214,37.251664546589645,-127027587820.11113,-14032216401.669693,62892.17140315304
946,0.0004730000000000001,-127330923685.73195,-10024172723.802982,62877.99014946734,57096005364.75213,1941191144087.9685,37.13838880928662,-127332671845.35538,-10026681905.33839,62871.25808062263
947,0.00047350000000000007,-127509761196.74399,-6013826247.2387705,62876.34826369135,47184481629.20262,1938317954019.1775,37.04748539950322,-127511541497.56828,-6016234707.941963,62866.221348956555
948,0.0004740000000000001,-127562435631.24472,-2002249376.5331182,62874.709552839275,41261716123.41373,1934725118244.5994,36.97839231351147,-127564292721.80486,-2004391187.6853285,62867.51756609573
949,0.00047450000000000004,-127489049122.40823,2005495918.6664937,62869.85335276822,39266966885.81193,1930400611254.5544,36.93066261072803,-127491030124.62172,2004689368.7059436,62869.06872144994
950,0.00047500000000000005,-127289870777.39462,6007540122.07178,62868.501049846716,41161474792.29219,1925332501272.9902,36.903952692838544,-127291883611.91045,6007034187.205889,62859.214501643175
951,0.0004755000000000001,-126965236096.94661,9998636663.600664,62866.17357832108,46928214595.88094,1919508706710.1028,36.8980136305083,-126967177042.05524,9999100535.18973,62881.51188992071
952,0.00047600000000000013,-126515547004.59653,13975954670.152727,62866.29010245484,56571469725.687004,1912916620465.7224,36.91268626415633,-126517321921.92091,13977157769.06747,62872.813075764665
953,0.0004765000000000001,-125941473795.76501,17934392034.76477,62864.88145695706,70117830577.17964,1905542499982.0752,36.947900141457026,-125943131952.66478,17936036800.65407,62865.34464336533
954,0.0004770000000000001,-125243688117.19899,21870621461.693607,62863.88530533888,87614085676.72153,1897372980852.7224,37.00366344799821,-125245255841.55771,21872339053.01384,62853.739131186805
955,0.00047750000000000006,-124422985885.73889,25780939249.977676,62863.697876217375,109129571266.95886,1888393511824.546,37.08006484221754,-124424491193.66643,25782521529.742447,62865.73268319018
956,0.00047800000000000007,-123480192806.08534,29661982997.57122,62865.58786617112,134756892857.27266,1878588412427.5398,37.177274380499625,-123481627847.5642,29663631657.9883,62875.496319902275
957,0.00047850000000000003,-122416489038.97824,33509256091.10389,62867.09932001526,164614153908.68143,1867940131153.615,37.2955486365707,-122417841217.93312,33510956256.398914,62872.84618957826
958,0.0004790000000000001,-121233043355.14561,37319072772.844345,62868.53558449957,198843317906.06735,1856431467299.8774,37.435221705043865,-121234277981.23354,37321083187.086205,62888.53911069269
959,0.0004795000000000001,-119931117688.89143,41087828553.033745,62870.27289635223,237613916311.39563,1844043769569.6182,37.59671030711521,-119931959513.70624,41090865915.42749,62901.6445412887
960,0.00048000000000000007,-118511921098.6797,44812384804.907104,62873.9291082697,281125725369.76,1830756621626.3408,37.780520231874014,-118512392981.28317,44816233866.73434,62909.75009059609
961,0.0004805000000000001,-116977223581.98132,48488319230.58814,62876.753603297344,329613700876.05444,1816546447905.3582,37.98726031480967,-116977234385.34882,48492958949.386,62907.271506833386
962,0.00048100000000000004,-115328508597.0474,52112452717.525154,62880.14747810069,383345705433.54333,1801390633921.8638,38.21762941095358,-115328114996.87695,52117467439.18794,62891.218399261394
963,0.00048150000000000005,-113567408088.60503,55681450267.53895,62884.641563834884,442631894501.58795,1785262964092.3599,38.472436346897,-113567079499.69807,55685989957.21867,62901.44083744671
964,0.0004820000000000001,-111696177193.66689,59190962225.980545,62887.27991096476,507829099642.7147,1768134335366.9504,38.75261208650408,-111695734218.91139,59195452276.94651,62906.29360379044
965,0.00048250000000000013,-109715872858.44414,62639335173.809296,62894.008772828834,579340235538.7499,1749976958640.5237,39.0591958904156,-109715904376.28172,62642716439.45284,62908.53460538954
966,0.0004830000000000001,-107629765408.6019,66020913018.883385,62896.732385110474,657638131565.3806,1730751926272.142,39.39340385539981,-107629804429.5414,66024123886.786514,62904.45798439849
967,0.0004835000000000001,-105439183151.34682,69333958942.32701,62901.113729962475,743246655998.676,1710429428116.1687,39.7565590378889,-105439247674.2573,69336961910.0342,62928.610238888046
968,0.00048400000000000006,-103146243787.36386,72575390708.21805,62907.3593695753,836777524293.4214,1688966814494.6711,40.15017986477969,-103147260316.5649,72576837647.51926,62900.45101297124
969,0.00048450000000000007,-100754653817.74373,75740107595.1311,62908.586845888014,938933296083.7251,1666317454674.9558,40.57599502371502,-100755954120.90375,75741133423.81693,62910.68487230574
970,0.00048500000000000013,-98265388553.55167,78827232420.77788,62912.92896922584,1050502195638.1475,1642442619837.144,41.035886836962774,-98266925559.69235,78827921016.76176,62939.342913476605
971,0.00048550000000000015,-95681577336.01923,81832943280.59595,62917.054067475045,1172413078893.0571,1617282764060.3506,41.53203691813127,-95682870597.0171,81833894344.24077,62940.0987639765
972,0.0004860000000000001,-93005656759.0164,84754589452.63966,62921.8676778911,1305729367953.1091,1590780018925.8674,42.066900676296875,-93006751383.22572,84755744494.06934,62959.37706436508
973,0.0004865000000000001,-90241026974.65456,87588613171.11029,62924.602134104185,1451685282351.8186,1562868333857.3687,42.64326216116364,-90241186004.53807,87590744872.95177,62963.914301588775
974,0.0004870000000000001,-87389802253.85098,90333099013.44592,62928.44491649826,1611705208525.761,1533480626111.9744,43.26424190043519,-87389636353.88342,90335437229.13821,62956.62604789957
975,0.0004875000000000001,-84455649400.11467,92984653032.18736,62930.40762372386,1787461254163.6394,1502533961067.4263,43.9334146978236,-84454133769.20801,92988160611.56932,62965.026428829726
976,0.00048800000000000004,-81441249891.97119,95541099306.7196,62932.02839531771,1980900712162.1714,1469943597343.57,44.65482540785575,-81438527761.03459,95545533382.26622,62963.25025697118
977,0.0004885000000000001,-78348735683.32257,98000798174.45863,62936.44905129079,2194319961797.268,1435609950133.0144,45.433110664621196,-78346031029.29047,98004981804.42319,62952.18931194423
978,0.0004890000000000001,-75182128550.44208,100360600435.51381,62940.19103241392,2430449565820.0933,1399413121577.7195,46.27365866434079,-75180076037.38737,100364081456.97934,62944.321531265174
979,0.0004895000000000001,-71944804377.2189,102618168708.02002,62942.908661069785,2692522375294.083,1361229586885.2625,47.18265540898154,-71943397302.45999,102621108674.22478,62946.03957720207
980,0.0004900000000000001,-68640126361.49295,104771352694.95284,62944.596756623716,2984401220021.1113,1320920446710.1687,48.16724649343858,-68638175710.134926,104774477938.12541,62965.18688074912
981,0.0004905,-65269344889.32881,106819500709.7353,62951.34445052444,3310731477540.4375,1278328038126.955,49.235744133277755,-65268543383.66246,106821740554.91527,62958.18311464244
982,0.000491,-61838953581.73343,108758629400.15419,62953.63574711255,3677174816757.337,1233254137064.7615,50.39802153776732,-61838447313.77556,108760648632.6199,62980.56886760329
983,0.0004915000000000002,-58351526452.92234,110587594858.33153,62954.775430386384,4090581355889.459,1185508816656.4973,51.665566398582726,-58350673870.049194,110589792837.56007,62966.27730628293
984,0.0004920000000000001,-54811101116.80244,112304485750.92494,62953.716059764054,4559375701040.488,1134862113276.9045,53.051998968877314,-54809150959.35684,112307123789.81873,62977.976484266335
985,0.0004925000000000001,-51220098502.19484,113908367003.74817,62953.71044929193,5093970156604.407,1081057271804.2754,54.57355084584188,-51217200214.35758,113911378571.47635,62957.76467991661
986,0.0004930000000000001,-47579723992.56841,115398780722.72327,62960.13554992868,5707370349522.36,1023792293218.5579,56.24981033244431,-47578762379.77577,115400876429.82619,62973.13246566179
987,0.0004935000000000001,-43898310036.584045,116772216979.16016,62961.12752267755,6415983123820.383,962710895307.3623,58.10470122446399,-43897121914.107445,116774383485.42719,62964.31952672894
988,0.0004940000000000001,-40176044992.16396,118028933571.37021,62965.38536733164,7240514841764.21,897474068645.1598,60.16709875148538,-40176157246.41659,118030562246.89688,62973.53934906968
989,0.0004945,-36419395971.732506,119166759278.8392,62966.528535667516,8207488745004.882,827681794093.2533,62.47249998479578,-36420295764.9987,119168104064.17174,62956.42376154859
990,0.0004950000000000001,-32631299938.335342,120185069553.14659,62966.83038703406,9350982219283.438,752960326049.8666,65.06438969252375,-32632098448.066494,120186460155.80273,62976.780860010294
991,0.0004955000000000001,-28811843719.595955,121083984500.74066,62973.62658559949,10715118004509.516,672968110703.3127,67.99626084456096,-28815476665.094345,121084590881.62389,62980.6104438148
992,0.0004960000000000001,-24974022768.486664,121860337533.75368,62968.522416915905,12357303694244.338,587462785666.9376,71.33396013471217,-24974903808.473103,121861645490.50133,62967.177639966845
993,0.0004965000000000001,-21112181923.67622,122515919799.29066,62970.82012918078,14351746676472.28,496590690428.7642,75.15642197225077,-21114616029.69428,122516965085.21521,62954.106333601674
994,0.000497,-17235501025.078964,123048991456.19026,62969.92281038331,16793854725915.766,401025847609.2292,79.55640439188036,-17237907037.492504,123050109890.72554,62971.47820465489
995,0.0004975,-13345674648.71785,123459610196.68564,62970.02214760189,19802550315558.555,302697767685.9253,84.6345381251978,-13348104412.191916,123460817071.61156,62959.345598936765
996,0.0004980000000000002,-9446012976.385841,123747519016.85149,62971.85410005799,23516966119498.215,205753159559.8581,90.48172645079899,-9449984625.080503,123748665244.97452,62969.79008223931
997,0.0004985000000000001,-5541649780.087524,123912383175.49756,62973.17209983907,28076038224163.723,118310735790.99669,97.13411453220073,-5546403313.436385,123913616621.73882,62967.58149479178
998,0.0004990000000000001,-1636621836.905089,123954194139.12596,62973.829757996384,33558160312512.926,55045871435.76402,104.47507165946057,-1641823769.9522605,123955517142.41978,62983.84086324894
999,0.0004995,2265012627.527123,123873086309.55522,62973.68215556752,39843859122296.414,39936023046.3554,112.05501008021105,2260096466.994407,123874466488.52167,62964.741084196154
1000,0.0005000000000000001,6159377582.945757,123669326677.45961,62972.8220270004,46377179121714.65,106074737460.86864,118.84669450910833,6155400575.167683,123670825709.06006,62982.20834425779
1001,0.0005005000000000001,10043930964.819305,123343207717.67447,62972.969266061446,51927605394901.06,285343346993.88293,123.140206049193,10040023794.934923,123344819487.0611,62970.24072526086
1002,0.0005010000000000001,13917051016.084402,122894896061.65756,62976.66621339818,54742419466974.77,582377886651.9542,123.05736475251457,13910279599.612185,122896968439.6599,62980.491725756125
1003,0.0005015000000000001,17765662680.985046,122325961292.80286,62972.71797275861,53494891228610.34,949214447585.0261,117.87995676462859,17762551740.981094,122327755549.57056,62984.376978097825
1004,0.0005020000000000001,21592388753.18955,121636621921.89787,62969.27897778658,48418974634568.82,1299965325794.8855,109.01945933770281,21592976942.85966,121637860686.903,62968.69025597989
1005,0.0005025000000000001,25388525947.887516,120828664319.87892,62960.70998953534,41192902661983.695,1565470823480.0193,99.14756529119013,25396616627.910557,120828379391.84972,62964.24933685981
1006,0.0005030000000000001,29161317925.939976,119900982797.09296,62959.625272714235,33674094713290.5,1726652986554.5662,90.42653240761625,29170840634.006557,119900088504.49225,62974.649486170834
1007,0.0005035,32906005771.469475,118854309146.74435,62964.423503067555,26995566502802.754,1802090272128.206,83.74564403292086,32912237578.071735,118853995840.43369,62971.634013153
1008,0.000504,36613500954.371346,117690894424.5076,62968.72957189641,21539883008902.773,1821390301733.7954,79.0561699697435,36616436785.92901,117691355757.48915,62969.999630713006
1009,0.0005045000000000002,40278401977.34279,116412627159.33183,62970.44056680322,17266086496090.56,1810055482303.8271,75.91776878729944,40279836421.29314,116413582756.90118,62975.29141505336
1010,0.0005050000000000001,43896078842.17761,115021492413.9765,62968.08294883913,13977878596628.299,1785831799080.29,73.82871477355452,43899132954.772194,115021812077.19846,62961.56622361787
1011,0.0005055000000000001,47465804817.39716,113518216596.86926,62965.2824456553,11458763815516.695,1759774178222.8428,72.35460691223221,47470123417.81625,113517950788.8002,62951.361484632325
1012,0.000506,50988480352.90237,111902560531.10909,62968.75113083927,9521192914914.709,1738199438805.1274,71.158271442039,50990202937.05762,111903251296.97273,62967.817955258455
1013,0.0005065000000000001,54454392710.43801,110178741349.53328,62968.55883173675,8016782673205.837,1724223091220.2073,69.99655883419362,54456225400.960365,110179334902.5912,62969.60493754698
1014,0.0005070000000000001,57864679043.47564,108346553576.29103,62972.64946363829,6833005731682.84,1718695856275.8657,68.7113768539715,57864521620.05227,108348154271.51625,62970.85633284832
1015,0.0005075000000000001,61211796335.97119,106409969742.23569,62972.88354329022,5886069649458.097,1721036386974.3545,67.21897924606743,61211986257.13605,106411415120.60077,62989.273716785705
1016,0.0005080000000000001,64494068980.83499,104370338369.0799,62972.3846243134,5114574418463.698,1729687259330.4849,65.49926261474205,64495719904.28149,104370897109.0126,63006.0913866737
1017,0.0005085000000000001,67709600599.85973,102229031822.37396,62974.122168018905,4474055743774.608,1742658951141.3398,63.581519512697575,67712021462.02298,102229031761.2481,62996.86716467171
1018,0.0005090000000000001,70853916502.16776,99989083862.51123,62974.74913155877,3932754278950.43,1757928400487.9612,61.527601965582015,70857113578.54141,99988484763.97865,62996.14546438464
1019,0.0005095000000000001,73923679328.23189,97653104239.67976,62973.4398746195,3468308834900.1074,1773724471909.7253,59.414566630350244,73928256844.77074,97651345138.5159,62986.23822850015
1020,0.00051,76918230422.8206,95221843265.67897,62976.653872080475,3065066139742.524,1788732891492.5388,57.31912840084803,76921924904.38168,95220550370.47755,62985.30224042014
1021,0.0005105000000000001,79832565192.59976,92699327756.21817,62978.067828894345,2711951985973.07,1802177684368.6116,55.30623698996567,79836223156.10081,92697906557.75835,62992.849988418355
1022,0.0005110000000000002,82665236741.18582,90087052510.98598,62981.93162071639,2400995989388.299,1813725460309.7815,53.423361003791086,82668419739.52939,90085827560.6182,62992.76344886204
1023,0.0005115000000000001,85412581780.6359,87388454369.32176,62985.116290860504,2126181271777.6194,1823416773165.2007,51.699022708078346,85415412900.06967,87387370132.17177,63004.75236002214
1024,0.0005120000000000001,88072213398.97697,84606080058.81978,62988.498038491736,1882760982177.9104,1831508070430.135,50.144908785022324,88074704800.081,84605203266.90594,63000.41750740313
1025,0.0005125,90640941997.1638,81743449629.78291,62989.7525457398,1666797601611.6836,1838365245346.5273,48.75957300180079,90643374512.3475,81742426403.1963,62993.079451936545
1026,0.0005130000000000001,93117373448.85988,78802396786.69356,62992.94795152107,1474923482890.337,1844360227360.0286,47.53268930232592,93118873734.95811,78802278815.45393,62987.35568493682
1027,0.0005135000000000001,95496884224.5173,75788571576.38094,62988.95849240425,1304181875614.5874,1849825342196.516,46.44880441796611,95498909280.31815,75787737600.54422,62973.66374472422
1028,0.0005140000000000001,97779445480.3332,72702581039.70589,62987.2767181996,1152004483196.2344,1854989572805.2925,45.490569862797635,97781198946.15497,72702048154.41249,62969.128525446846
1029,0.0005145000000000001,99961729731.75774,69549090028.66913,62982.552048591475,1016111498419.9331,1860016269558.0598,44.64069459009378,99963787543.82185,69547997231.11113,62964.81530494305
1030,0.000515,102042944116.31172,66329652291.15322,62980.70080295888,894534511888.8656,1864971994876.6914,43.88341757390209,102045145602.76624,66328300649.32932,62977.33788291461
1031,0.0005155000000000001,104020648437.35646,63048170863.01784,62979.1606323897,785562001663.3643,1869868486840.0042,43.20509459663896,104022655205.4487,63047034312.180534,62956.397186213944
1032,0.0005160000000000001,105893005809.07921,59707959172.47387,62977.917059723186,687739052403.5319,1874663272866.4324,42.59445817693574,105894516176.00409,59707599281.10406,62964.49927056042
1033,0.0005165,107657926423.829,56313044878.69331,62974.88948094628,599833555424.8119,1879286358739.1765,42.0424867776292,107659432133.05891,56312716371.4563,62950.17267390398
1034,0.0005170000000000001,109314546347.01796,52865494046.189926,62974.68108362376,520811907833.8283,1883653848263.2727,41.54211649109128,109315490554.53662,52866301293.12043,62948.44260498324
1035,0.0005175000000000002,110860033217.32074,49371425047.1719,62968.57622500341,449797553639.0512,1887689459724.3608,41.08781819643256,110861212823.74788,49371807309.44888,62945.107457524784
1036,0.0005180000000000001,112294829710.67197,45830541907.92513,62969.48595233309,386069783413.481,1891312745546.0203,40.67532295222617,112295273175.23729,45832605690.73668,62941.317138385166
1037,0.0005185000000000001,113616268049.39084,42249363795.25018,62966.99288431424,329002596765.5028,1894472013810.4365,40.301178931492466,113616685940.24167,42251654668.62977,62962.54162472813
1038,0.000519,114823618051.16977,38630547360.343796,62964.62708383954,278084524906.6249,1897112205931.3975,39.96262594187791,114824125391.00496,38632902634.43382,62941.32328615157
1039,0.0005195000000000001,115915741915.57855,34977980136.63159,62961.587534956525,232878788360.80356,1899194836089.4287,39.657363578579016,115916390201.93759,34979996649.98649,62954.31581121072
1040,0.0005200000000000002,116891839817.6901,31294923198.99487,62959.21745707284,193016558924.74323,1900689518777.2202,39.38343400458669,116892674291.70644,31296543136.98597,62956.00322039363
1041,0.0005205000000000001,117751110138.28041,27584910175.562447,62957.851842364165,158183741863.48138,1901573761979.5613,39.139134486509825,117752164648.28244,27585932233.136223,62952.777295364496
1042,0.0005210000000000001,118492832973.30031,23851566475.11412,62957.54836517567,128114150477.19516,1901829424953.0784,38.922972897396896,118493857446.46384,23852921098.751186,62955.162349840226
1043,0.0005215,119116208249.522,20099549167.270065,62955.296157596116,102583229553.26723,1901440933764.7786,38.733642314226884,119117335108.98964,20100612966.69552,62938.4432802876
1044,0.0005220000000000001,119621031102.56895,16331219601.290316,62955.61313490958,81404508127.04176,1900393018523.541,38.570011967138555,119621978382.41368,16333542954.882097,62932.08910390584
1045,0.0005225000000000001,120006599390.48769,12552535515.974363,62951.37398033927,64420333247.74816,1898674094409.0518,38.43109502703857,120007653208.92947,12554946772.890991,62913.66569938361
1046,0.000523,120272892631.36996,8766380256.352613,62946.050782982835,51504995083.31197,1896270242577.5386,38.31605878724594,120274010501.68127,8769181850.915,62911.43164626014
1047,0.0005235000000000001,120419828710.76262,4976763376.2392,62939.08610864951,42555873810.64249,1893170407671.876,38.22419555955258,120421056388.29742,4979929511.686247,62897.420051230874
1048,0.0005240000000000002,120447496099.64192,1186908884.8620934,62932.38280416707,37493918413.218636,1889363592704.0103,38.154916248045524,120448873348.22885,1190309382.2735384,62900.485644207074
1049,0.0005245000000000001,120356026308.94914,-2601075244.277962,62930.85296586372,36262005363.96508,1884838912142.3179,38.107742372587346,120357538404.73717,-2596389986.4738293,62908.44432089412
1050,0.0005250000000000001,120145585487.1349,-6381617167.29064,62928.0372551283,38825449714.300995,1879584448241.2803,38.08230460551293,120147249713.34418,-6376666409.23137,62921.95085326067
1051,0.0005255,119816552587.77388,-10151218998.356806,62924.8737015054,45171253606.88934,1873587249235.8354,38.07833968666178,119818444213.52452,-10146611411.208267,62901.72109659142
1052,0.0005260000000000001,119369432820.75354,-13906002386.161194,62920.92734264675,55306768295.26697,1866834369658.165,38.095680143350116,119371479510.53485,-13901371578.925043,62898.669104880886
1053,0.0005265000000000002,118804811815.87895,-17642541382.27282,62917.15520111545,69259532454.65219,1859312722335.1514,38.1342470486983,118807011346.76552,-17637877398.258755,62894.74556591644
1054,0.0005270000000000001,118123597670.4743,-21355957458.813858,62909.824860984016,87078120666.77611,1851008493073.0132,38.19404778398248,118125857247.9564,-21351933719.402378,62884.92328327149
1055,0.0005275000000000001,117326584027.73065,-25043380006.00081,62901.907848362294,108829958558.19182,1841908850690.7563,38.275163982627056,117328922650.99284,-25040007513.758335,62875.44729800885
1056,0.000528,116414312883.48691,-28703117105.257572,62899.42630851323,134605570932.51099,1831999089383.7832,38.37776010633423,116416989667.19554,-28698790384.72502,62869.873237958614
1057,0.0005285000000000001,115388458162.01152,-32328638207.98106,62892.28830639438,164524349764.9536,1821259770883.5867,38.502106559924826,115391136627.58003,-32324949789.017582,62872.26375166104
1058,0.0005290000000000001,114249637874.85905,-35918751972.23962,62888.59728528825,198722602299.94598,1809676737561.704,38.64853617317315,114252292473.66495,-35915677075.12525,62886.85222881794
1059,0.0005295000000000001,112999247910.52269,-39469302534.89051,62885.72327768567,237370849854.8436,1797228744693.0737,38.817488731016,113001658895.84062,-39467184165.82243,62886.05016987004
1060,0.0005300000000000001,111638985192.92818,-42975902388.31005,62880.578551885315,280667164799.2533,1783895162270.9624,39.0094968909573,111640761906.68784,-42975770984.92697,62896.346280683385
1061,0.0005305000000000002,110169572250.08202,-46437237502.664894,62880.213468547125,328837732327.034,1769656680456.6194,39.22517330732109,110171053508.90851,-46437990117.997795,62895.29798134231
1062,0.0005310000000000001,108593057159.3913,-49848554558.107185,62879.40789613256,382154040811.92957,1754485042628.7903,39.46526555632537,108594084847.82181,-49850424452.64538,62895.54652158355
1063,0.0005315000000000001,106910517509.479,-53207842097.00884,62882.46949344074,440921022695.6046,1738355818534.354,39.73061931827114,106911286571.15001,-53209957824.99447,62901.35361363309
1064,0.000532,105124220508.54575,-56510638358.38271,62884.8912583412,505495779475.7588,1721237156712.2383,40.022223515810914,105125147594.56543,-56512321674.77093,62867.314036341864
1065,0.0005325000000000001,103235935545.64383,-59753957702.321846,62887.50239936934,576279302685.9304,1703100584846.114,40.34117919221238,103237407635.99077,-59754576128.89763,62873.73635986264
1066,0.0005330000000000002,101248446749.74254,-62933286455.973595,62885.66590210655,653731333111.9158,1683913504742.2444,40.68872707324291,101250084238.16982,-62933674329.02587,62875.884944128906
1067,0.0005335000000000001,99162928594.48703,-66047210169.6644,62885.61924040399,738366889860.6558,1663646848992.3606,41.06622372076533,99164873208.41812,-66047141447.51276,62874.89768595162
1068,0.0005340000000000001,96982288094.56682,-69091572868.74094,62883.13402318721,830788454683.4573,1642257889758.8318,41.47523651686536,96984279893.128,-69091539365.63156,62870.73487044106
1069,0.0005345,94708651012.41187,-72063774931.2598,62879.649248341135,931676315366.3374,1619707327928.9502,41.917510517465566,94710540331.92702,-72063978091.61415,62859.428356900724
1070,0.0005350000000000001,92343572662.1191,-74962058765.05325,62879.14507556321,1041814262359.7842,1595948835386.9106,42.395016944178955,92346461945.09334,-74961051254.06178,62845.596709179474
1071,0.0005355000000000001,89889828128.99887,-77783118890.36371,62879.34983256942,1162115673788.578,1570924013767.6682,42.910029283342425,89894429920.77911,-77780242535.14104,62848.392807124794
1072,0.0005360000000000001,87351252594.64581,-80522756120.94325,62874.66715551396,1293629359699.7754,1544574119622.9111,43.465113658429836,87355944017.0059,-80520045254.43956,62857.36413812616
1073,0.0005365000000000001,84729411231.08424,-83179701357.27922,62870.59755802988,1437550943200.721,1516845791108.0425,44.06309503967114,84733550579.56522,-83177794835.72539,62866.92932024275
1074,0.0005370000000000002,82025671183.74077,-85752737460.51675,62872.01875446026,1595285374206.602,1487665948158.856,44.707210322451594,82030197746.98059,-85750564871.32968,62864.85104018473
1075,0.0005375000000000001,79245074233.54303,-88237068142.83792,62869.25002880222,1768490487092.5603,1456942937607.005,45.401233848999205,79249270850.5139,-88235401934.93947,62863.56847452906
1076,0.0005380000000000001,76390312960.99129,-90630656806.43622,62863.88695619728,1959073324395.5122,1424600165252.0193,46.149366347250705,76392986485.53102,-90630471053.1234,62864.614492958004
1077,0.0005385,73462776299.61285,-92932629132.19835,62861.698264997016,2169279743229.3652,1390545593563.2666,46.956380486006914,73464900041.08524,-92932989183.09395,62857.37876217938
1078,0.0005390000000000001,70465609915.92314,-95140577480.54315,62861.38685287942,2401788720049.908,1354659859167.7678,47.82784573740579,70468601575.97371,-95140311910.4602,62833.05244656678
1079,0.0005395000000000002,67401786273.82222,-97252406614.5783,62862.71486658951,2659782168228.382,1316814438613.657,48.77021504947125,67406350266.52411,-97251141889.83055,62837.23720346995
1080,0.0005400000000000001,64275769667.153076,-99265152648.75296,62861.23812083983,2947064951442.0195,1276866191323.1345,49.7909792548246,64280953102.43218,-99263665926.68903,62848.98798317437
1081,0.0005405000000000001,61090576939.912155,-101177150415.8405,62858.022370764505,3268189556220.8945,1234667356228.0217,50.89877504267085,61094983121.52123,-101176312110.78552,62862.25506031356
1082,0.0005410000000000001,57848237060.008545,-102987410523.75539,62856.75511917206,3628665920947.345,1190045475053.1946,52.10369086792912,57851689548.40456,-102987282409.69885,62872.24502346467
1083,0.0005415000000000001,54552379208.16727,-104693999072.78917,62856.05152776,4035227305309.6875,1142792569876.0576,53.417690917611004,54555067845.564186,-104694398411.5861,62865.12030452705
1084,0.0005420000000000001,51205206354.90714,-106295893102.23285,62858.647606661485,4496130610346.651,1092679883235.875,54.85497403713276,51209062969.25415,-106295839688.42961,62840.27330161428
1085,0.0005425000000000001,47811419779.59692,-107790861849.58995,62860.51272615965,5021605600095.225,1039440453876.7065,56.43256918878672,47816899420.52597,-107790235419.82115,62843.0334990973
1086,0.0005430000000000001,44376120439.67987,-109176843209.98285,62857.742769910874,5624373192439.572,982792052146.7236,58.170863326430954,44381180738.112015,-109176553362.77763,62850.63398024869
1087,0.0005435000000000001,40899848784.414406,-110453931594.97433,62857.98230884381,6320365392834.44,922436241173.4819,60.09432841827225,40906121063.16702,-110453340514.37453,62822.37520487245
1088,0.0005440000000000001,37388556588.18553,-111619989255.57243,62855.13336416907,7129794016049.062,858016574171.7427,62.23286417058995,37395541214.925835,-111619367825.10368,62815.44967932184
1089,0.0005445000000000001,33843362691.497,-112674904919.05048,62854.93695424671,8078372591408.523,789186541474.6091,64.62287513685465,33852546594.21788,-112673872310.2551,62813.13382867182
1090,0.000545,30269662503.7111,-113617123051.79247,62853.044501883225,9199145173686.201,715583981931.4446,67.30910201874542,30280667673.404266,-113615942111.91756,62803.07967063962
1091,0.0005455000000000002,26669294169.194736,-114446365080.39226,62853.21771664226,10534689898881.895,636925565420.494,70.3462567914774,26682465459.725983,-114445026718.39456,62815.08957135882
1092,0.0005460000000000002,23050289510.321243,-115160868597.99905,62846.53596561041,12140069229570.445,553067086527.516,73.8010274032192,23061737343.490982,-115160351053.7758,62824.206512045355
1093,0.0005465000000000001,19410167390.974163,-115761560393.37523,62845.51738015312,14086077468958.012,464241358420.64655,77.75285709479525,19422315679.305676,-115761305357.66377,62824.994429446364
1094,0.0005470000000000001,15754823105.021473,-116247368296.30681,62845.08278508203,16462801206472.791,371292538911.18365,82.29353068833288,15767850293.778662,-116247392149.11197,62827.879041395696
1095,0.0005475000000000001,12087480498.579447,-116617972102.61171,62845.822832108104,19380987040541.86,276357723394.434,87.52001073912784,12101905086.73584,-116618241310.63652,62833.99977232175
1096,0.0005480000000000001,8413771976.56326,-116872879848.07109,62844.206898220844,22967063135887.805,183880175911.33197,93.51400451731726,8428122289.229028,-116873623053.94818,62837.681594546884
1097,0.0005485,4734671769.198269,-117012287633.53677,62844.92158734202,27340789012954.742,102321356608.23453,100.29270229969553,4749957914.042476,-117013437751.4085,62828.47460794002
1098,0.0005490000000000001,1056038190.8255105,-117035954903.94455,62844.03890499891,32554349194941.082,46544829963.62579,107.70650862238865,1072118202.0354922,-117037579089.74364,62814.632060253265
1099,0.0005495000000000001,-2619848796.420715,-116944133714.60663,62844.006826244775,38460513193332.04,40176765779.56359,115.25856290614009,-2601380829.5122414,-116946307883.93015,62793.84948739753
1100,0.0005500000000000001,-6288474703.307583,-116737018844.318,62843.390718476374,44496914445305.02,114651745278.06714,121.87720323565601,-6267027762.205433,-116739942467.90208,62779.90526289046
1101,0.0005505000000000001,-9946189036.273018,-116414985855.07974,62842.203218389215,49496264499565.016,298374739996.0713,125.85792403003306,-9921952599.792248,-116418859949.90535,62775.95399251161
1102,0.0005510000000000001,-13586841309.475588,-115978811626.9399,62837.35492412203,51876597948077.484,592143684177.3622,125.42399506114627,-13562965658.499931,-115983457064.58038,62778.30110870852
1103,0.0005515,-17205367345.413166,-115429546384.40471,62827.47122511811,50515900168761.234,947788703159.5674,120.00406014198259,-17186949051.355774,-115434179758.41159,62782.53640603382
1104,0.0005520000000000002,-20800705448.04583,-114767871040.99472,62815.99786815098,45702803127658.086,1284712236550.186,111.05637543977714,-20790031012.41811,-114771801299.66095,62797.002477502654
1105,0.0005525000000000001,-24374936458.193577,-113993647962.06012,62809.52860942531,38967988334581.44,1539682868167.8684,101.17293689611068,-24369418878.273464,-113996854220.83604,62823.29944554557
1106,0.0005530000000000001,-27922589895.02844,-113107897471.5875,62805.28994576914,31971831731360.027,1695727743610.0352,92.42723864431676,-27922190150.92637,-113110064009.0305,62848.08992185026
1107,0.0005535000000000001,-31442759396.30226,-112110795971.51303,62806.12759660057,25734120610191.32,1770028808440.7327,85.68439115361203,-31444146013.169193,-112112447066.92055,62857.284507445525
1108,0.0005540000000000001,-34926369578.34567,-111004724442.91248,62805.08921132128,20610053399184.977,1790164636488.8684,80.9121642693964,-34931958566.18758,-111005014677.67654,62878.52586806576
1109,0.0005545000000000001,-38371468756.132355,-109790575761.37646,62803.96674646155,16572738309096.707,1780166819448.0496,77.69337923202792,-38381943046.48899,-109789032263.39317,62883.71366762237
1110,0.0005550000000000002,-41776179319.11356,-108469142333.07158,62804.73810167486,13449744741689.91,1757012333267.8604,75.54222749169809,-41790254330.35906,-108465881126.1933,62881.73896179437
1111,0.0005555000000000001,-45137316543.868744,-107041652121.16647,62807.74048816762,11045794275332.62,1731447698525.9822,74.03204176544614,-45153840679.50284,-107036793246.69577,62893.071603360135
1112,0.0005560000000000001,-48453790114.5619,-105508516477.58766,62816.66847204541,9189339667094.514,1709706135059.8188,72.82768548138536,-48468336721.5833,-105503917500.92442,62858.67119857426
1113,0.0005565000000000001,-51716213726.818665,-103873860363.72621,62821.44569167489,7743305249061.317,1694958569635.7534,71.68398799904743,-51730287524.30895,-103868936418.77798,62867.26269726443
1114,0.0005570000000000001,-54926692931.51499,-102136990973.35583,62831.6007336503,6602880111992.061,1688214246798.6455,70.43747392331446,-54937320920.3014,-102133229029.5239,62872.457145648055
1115,0.0005575,-58077069897.97614,-100302170784.47415,62837.14072419269,5689407134257.792,1689110000221.299,68.9962693573402,-58087134120.38833,-100298246937.8142,62881.53039404113
1116,0.000558,-61164452560.666435,-98371497125.10086,62837.97992096387,4944828286865.659,1696304097134.3425,67.33065009060535,-61176672229.68286,-98365800018.64905,62896.085875964294
1117,0.0005585000000000002,-64191519573.26989,-96343648760.1022,62847.454745848314,4326787512676.6543,1707976909007.5078,65.46047953648228,-64202241414.234215,-96338333702.01067,62888.95513054693
1118,0.0005590000000000001,-67152947905.652824,-94221877263.44235,62859.681265688785,3804691976686.1675,1722254625296.2268,63.4395791509483,-67160611428.92944,-94218175564.8102,62888.11268748146
1119,0.0005595000000000001,-70042477468.16937,-92010678787.80458,62865.35018504502,3356825935172.9546,1737414951901.465,61.33993945304894,-70049695841.42871,-92006841416.2033,62908.58874501365
1120,0.0005600000000000001,-72859677712.24614,-89710821449.72028,62871.20072532373,2967943914386.9775,1752089545318.016,59.23694976673409,-72866538802.07448,-89706895439.49925,62908.40329639923
1121,0.0005605000000000001,-75601651489.2021,-87324802513.12698,62876.650740416975,2627243063708.192,1765411305550.4268,57.197410052310396,-75608002187.5464,-87320939886.09904,62897.70637214704
1122,0.0005610000000000001,-78265668535.70209,-84855161952.49129,62881.39390106507,2326943852212.247,1776958955903.9817,55.27264112938965,-78271064043.504,-84851838279.70366,62887.93666557315
1123,0.0005615000000000002,-80849971627.51482,-82303697283.85652,62888.14191188621,2061239337630.5706,1786672571043.3325,53.49608148044146,-80853643829.70006,-82301776126.86856,62896.6947690334
1124,0.0005620000000000001,-83350594266.79375,-79674398186.39229,62891.58169157403,1825572294682.9758,1794745740895.0647,51.88426212258992,-83353983481.57445,-79672630873.51125,62906.706951837165
1125,0.0005625000000000001,-85766407201.00693,-76968753718.90974,62896.48760168915,1616223243279.1892,1801488359050.372,50.44002878540759,-85769056399.21378,-76967672141.1759,62910.39707372295
1126,0.0005630000000000001,-88094450427.92206,-74190183799.69661,62900.26773202829,1430005255595.762,1807262809571.7017,49.15626352507683,-88097311107.96187,-74188690686.17706,62930.31634332068
1127,0.0005635000000000001,-90332803798.06424,-71341204909.70786,62904.16950148812,1264148319318.0613,1812394916533.987,48.01972492347377,-90335868080.13197,-71339335391.54523,62930.068514583545
1128,0.000564,-92478844708.26839,-68425347050.491264,62906.01593616012,1116210738566.1807,1817146919806.3916,47.01417055394073,-92482874653.0776,-68421928841.195625,62956.43185901285
1129,0.0005645000000000001,-94532774211.37677,-65442568395.580315,62916.14866010984,984050767226.3109,1821694374668.384,46.12274929098275,-94535940417.7197,-65440067486.9894,62936.584225614446
1130,0.0005650000000000002,-96489810355.68306,-62399613792.753975,62920.66949258909,865767698134.4458,1826151498618.5925,45.3294220716404,-96492935363.08923,-62396899573.34576,62955.979541011795
1131,0.0005655000000000001,-98348890513.37656,-59298622077.8595,62923.681981923684,759749974542.4904,1830533713949.0847,44.62010266967678,-98352624364.42247,-59294738783.73958,62963.33662938689
1132,0.0005660000000000001,-100108753186.48111,-56141987153.51244,62927.85103742839,664604048037.009,1834818213968.2852,43.98289225978595,-100112629815.45293,-56137500766.03112,62968.016814564246
1133,0.0005665000000000001,-101767427040.19792,-52933417633.18589,62931.25192327674,579136589520.2808,1838953955651.433,43.40805255588342,-101771421366.92755,-52928288410.25706,62945.171139240454
1134,0.0005670000000000001,-103324150114.38765,-49674632399.98245,62938.85900846566,502340955552.2079,1842868838399.814,42.88783197022176,-103327286189.71825,-49670758717.5279,62952.084458635494
1135,0.0005675000000000001,-104777115699.74352,-46369364434.69661,62948.40371859301,433359637210.011,1846492209363.5042,42.4161070871633,-104779342684.35027,-46367041816.99414,62972.81562368502
1136,0.0005680000000000001,-106123931383.06252,-43023207670.602104,62952.28614897546,371475887771.6087,1849751249033.5095,41.98809299796995,-106126001908.74591,-43021010793.08678,62980.659478351765
1137,0.0005685000000000001,-107364455868.18369,-39637140156.04338,62959.060850362315,316098694511.3129,1852573558416.7993,41.60007690574443,-107366307992.76627,-39635210519.032745,62996.497881786825
1138,0.0005690000000000001,-108497243611.23595,-36215178860.68715,62966.21763988225,266717976944.7824,1854909642466.257,41.249053551823074,-108499104762.31017,-36213001670.66997,63003.63952604852
1139,0.0005695000000000001,-109521346440.04741,-32760438038.291283,62974.64913215172,222906923523.1997,1856716229972.0647,40.93256099435588,-109522932719.21603,-32758655209.990807,62996.8414596295
1140,0.0005700000000000001,-110435187274.31422,-29278525443.049847,62977.387669006916,184304032217.152,1857959780192.4966,40.64853013445081,-110436874444.92195,-29276194849.668507,63002.530078491385
1141,0.0005705,-111238105704.8855,-25773024862.536366,62975.16188062973,150610181927.73676,1858609106891.473,40.39521822216424,-111240334219.3405,-25768017742.795677,63017.305686100546
1142,0.0005710000000000001,-111930561554.11302,-22242885559.946125,62983.042450851986,121569962060.04332,1858642265559.2417,40.171111725266634,-111932714597.83835,-22237274876.09983,63039.85322144374
1143,0.0005715000000000002,-112511024771.59886,-18695219238.274754,62988.03507510507,96956154406.97495,1858050066397.283,39.974831726120826,-112513125196.29407,-18688640670.139988,63032.239118191974
1144,0.0005720000000000001,-112979373095.07088,-15131741514.88714,62996.308967385645,76588623116.81046,1856814605590.1487,39.805199325380585,-112981133969.54204,-15125186817.16061,63023.64473353941
1145,0.0005725000000000001,-113334972161.93578,-11557420719.678957,63002.86962920563,60314632934.25036,1854923072158.8137,39.66118837633449,-113336439917.282,-11551589887.70866,63026.22856577513
1146,0.000573,-113577550838.46828,-7976487747.288566,63005.93605466332,48012511360.11079,1852360956674.2166,39.54193082333058,-113578889676.02513,-7969964631.911351,63044.92135577544
1147,0.0005735000000000001,-113707290045.68068,-4388552152.499613,63018.38884065738,39585617370.71685,1849114947680.6228,39.44669806779039,-113708260007.2885,-4384211579.606342,63047.773510071216
1148,0.0005740000000000001,-113723776581.49042,-801606864.6767057,63024.82485413772,34958266735.64307,1845174245159.11,39.37487602096878,-113724544651.16464,-796851050.0005829,63071.33016291292
1149,0.0005745000000000001,-113627235839.24907,2782049308.202334,63030.23356980743,34080554550.55007,1840524603219.8452,39.32598217906721,-113627796748.04648,2787418619.827127,63065.958699668525
1150,0.0005750000000000001,-113417810978.9338,6360879464.238924,63041.09009438266,36921660089.88082,1835153698035.3403,39.299641151266165,-113418192726.77237,6365322849.45066,63091.348179099325
1151,0.0005755000000000001,-113095860439.0188,9928244842.472172,63046.81509665046,43472380143.13734,1829048183602.0767,39.295583794598244,-113095960550.10019,9933864365.49226,63093.80034934614
1152,0.0005760000000000001,-112661675220.59027,13483140679.799492,63056.22229370338,53742167496.4227,1822195271994.338,39.31363562460544,-112661538155.45206,13488690508.604925,63092.319679601285
1153,0.0005765000000000001,-112116060289.47913,17019149760.843214,63059.59348503372,67762536291.49606,1814580403132.52,39.35372137322209,-112115600001.27773,17025760148.529585,63095.82253621783
1154,0.000577,-111459234243.0698,20536312221.959236,63069.11570322053,85581375654.69873,1806191293524.2302,39.415843000752886,-111458652981.9865,20542270237.152782,63102.69508557255
1155,0.0005775000000000001,-110692165581.63693,24029140721.900776,63077.41689277094,107273507487.7931,1797010474892.426,39.50010916867401,-110691425155.55054,24034808146.03518,63124.388224193615
1156,0.0005780000000000002,-109815630789.17215,27494615351.284218,63086.09322032416,132932526158.63339,1787022467999.2275,39.60671197427968,-109814764838.23958,27500008747.184002,63122.89923196079
1157,0.0005785000000000001,-108831086102.91685,30927379071.402584,63088.89900165188,162676184919.5474,1776210080793.0684,39.73593329732083,-108829732263.62634,30933759708.86934,63108.098762907655
1158,0.0005790000000000001,-107738876692.46904,34327053397.433712,63096.47277507712,196640708620.43463,1764559344892.9155,39.888119587231344,-107737626096.91026,34332254094.614346,63120.91524851626
1159,0.0005795,-106540677035.76424,37688389530.4378,63101.91936091768,234998740497.8592,1752047285228.5027,40.06374008871919,-106539350372.5913,37693082672.86185,63118.842045341655
1160,0.0005800000000000001,-105237985435.6658,41007664032.947784,63104.22175127678,277945597510.6943,1738655043753.4045,40.26334810215101,-105236318385.72983,41012732457.0958,63126.00589413797
1161,0.0005805000000000002,-103831494453.45975,44283584696.97318,63110.36043185321,325706207936.424,1724363254909.761,40.48758334841582,-103829991210.01929,44287727340.64392,63128.093129673354
1162,0.0005810000000000001,-102323223361.22202,47511483741.72573,63114.95709715611,378550164075.1158,1709143739654.243,40.73722707571194,-102321802573.87549,47515149224.26673,63132.77257051064
1163,0.0005815000000000001,-100713813675.19818,50690261712.79281,63125.20584702318,436779880731.97656,1692972314144.4785,41.01316360617701,-100713170012.35114,50692051389.59148,63139.856695604656
1164,0.000582,-99006357537.82275,53813733385.99285,63129.93639937591,500754521929.949,1675814027050.0073,41.31644790730151,-99005985828.29169,53814810786.49589,63136.934569146535
1165,0.0005825000000000001,-97201960397.58981,56880355637.52726,63135.138099056836,570865497337.5192,1657645907882.5212,41.64821403351269,-97202369668.1578,56880029867.589195,63135.73182005712
1166,0.0005830000000000001,-95303400446.31908,59885623027.435814,63135.53040862454,647570745442.9923,1638433663825.3372,42.009760063664,-95304023668.84839,59884989900.38109,63127.22785467717
1167,0.0005835,-93312270476.74469,62827474060.97863,63134.78999409486,731382502110.7014,1618147638557.7522,42.402512302386064,-93313432885.90799,62826146395.1723,63105.136350678535
1168,0.0005840000000000001,-91231034678.7795,65702574240.657684,63131.35188372163,822893975308.1725,1596748718906.1548,42.828094239869465,-91232829828.09015,65700495845.094154,63096.25314535862
1169,0.0005845000000000002,-89061449316.72952,68508859025.083984,63128.12393052552,922780894441.1715,1574196669316.8945,43.288329017559626,-89064130312.67996,68505855768.30831,63090.156801366495
1170,0.0005850000000000001,-86804979352.75584,71244637226.81387,63128.804691659214,1031826232508.0613,1550441967574.6392,43.785301265077756,-86809344775.46432,71239778198.03822,63092.01679470253
1171,0.0005855000000000001,-84466234478.7028,73904415150.75911,63122.305557213156,1150942667678.5527,1525423975672.9172,44.32142391640587,-84470320504.07787,73900224774.38931,63106.82916025824
1172,0.000586,-82046479076.1248,76487276366.1098,63115.57371691201,1281151914309.2886,1499098837209.337,44.899312764677255,-82049661862.1721,76484392715.02875,63105.06333636966
1173,0.0005865000000000001,-79548175740.09084,78990843770.25427,63108.93810244423,1423655512580.492,1471401455153.8906,45.521957672510574,-79550119012.78285,78989446917.06982,63108.522032809204
1174,0.0005870000000000002,-76973008266.03705,81413638465.76453,63105.920206448245,1579851054826.3381,1442259457368.5876,46.19277238839594,-76974315130.76352,81412949062.45103,63111.37098689782
1175,0.0005875000000000001,-74323783256.40797,83753078333.44237,63105.06677747362,1751382644520.501,1411585083952.6003,46.91570605671827,-74324801034.80663,83752696791.57266,63114.07868216975
1176,0.0005880000000000001,-71603035812.62054,86007012805.22888,63106.512098984735,1940174225625.4028,1379285839498.951,47.69527747103024,-71603645553.20956,86006962197.9166,63124.46008220314
1177,0.0005885,-68813723838.74681,88173061095.36427,63109.104469150174,2148493155311.4834,1345258815769.577,48.53666805532209,-68814639287.5602,88172826059.84238,63115.51974488915
1178,0.0005890000000000001,-65960299106.48052,90247896364.90709,63107.30107528467,2379018713110.424,1309392236465.8228,49.445815948410875,-65960361105.21191,90248344959.55748,63104.55428835996
1179,0.0005895000000000001,-63043909318.23393,92230990750.7834,63107.72939675811,2634911066366.9785,1271575275326.0476,50.42945734996557,-63044380701.86625,92231188334.91003,63111.90499272736
1180,0.0005900000000000001,-60067191336.65024,94120611928.27003,63110.89939440527,2919977196920.7847,1231661487214.8037,51.495475052334264,-60068081402.15496,94120436698.49928,63124.90460183144
1181,0.0005905000000000001,-57036634284.57207,95912723883.47,63106.03732257415,3238803824305.434,1189485433013.714,52.65311869387285,-57035622069.69272,95913737322.32932,63113.99487690406
1182,0.0005910000000000002,-53950275418.48207,97608893399.16136,63109.19732042846,3596884720321.834,1144894813801.992,53.913016212499436,-53949706593.48338,97609605092.23418,63118.2519974186
1183,0.0005915000000000001,-50815238681.53178,99205085558.52625,63107.75278772936,4001002314998.7285,1097661478217.4591,55.287970137011705,-50813785215.66919,99206218912.08974,63117.03528939057
1184,0.0005920000000000001,-47633835016.44736,100700439849.10501,63104.97000415121,4459414305430.204,1047575956920.0734,56.79300683355303,-47630572040.734665,100702395486.72517,63121.67510558267
1185,0.0005925,-44405276204.82662,102095481562.16808,63111.29783334535,4982342269387.18,994389197526.7104,58.446050720080294,-44403439921.33822,102096600140.80544,63125.04970590935
1186,0.0005930000000000001,-41137444428.56837,103386610469.08078,63113.5480428211,5582600588388.93,937786261055.4689,60.26894217444247,-41135761842.22093,103387548865.29974,63132.40106796717
1187,0.0005935000000000002,-37832804048.113396,104573124053.0564,63114.4982886333,6276193471078.997,877476467061.051,62.287850995981835,-37830319985.294075,104574297142.49973,63127.115005796186
1188,0.0005940000000000001,-34493483071.44847,105654424163.20067,63117.13989513167,7083368682258.227,813136580180.2909,64.53450900912648,-34491187447.83922,105655421483.78322,63144.2972479939
1189,0.0005945000000000001,-31125009413.27301,106628794046.23405,63116.385952516335,8029932855302.656,744425513288.4215,67.04768373617094,-31120574920.879734,106630353280.1416,63153.65732538741
1190,0.0005950000000000002,-27726535274.28485,107496709253.39667,63121.847899266875,9148889927019.746,671049210849.7334,69.87457744931615,-27722729706.180233,107497911114.00647,63155.442947938645
1191,0.0005955000000000001,-24307590936.781197,108255633674.77791,63119.870528935215,10482766841684.8,592759550030.4015,73.07299047864461,-24300765108.70593,108257379370.88336,63166.93574219677
1192,0.0005960000000000001,-20866540908.142303,108906343669.31754,63121.7895818682,12086105841681.338,509569992441.113,76.71227419225103,-20857637937.695362,108908256756.05034,63169.94347503075
1193,0.0005965000000000001,-17411207400.651276,109447342800.95346,63118.606545206065,14028673720358.447,421855439915.83936,80.8744021751678,-17397972649.56923,109449671529.9074,63173.66258043405
1194,0.0005970000000000001,-13940261839.526695,109879183271.34521,63119.98454562074,16397814987269.428,330822450791.69104,85.65098808064603,-13923659311.906435,109881455144.20964,63204.66676804612
1195,0.0005975000000000002,-10459691767.812918,110201044115.12436,63120.70003281711,19298492383441.332,239096386180.02823,91.13374601488765,-10438801687.345211,110203171410.55943,63195.51991704877
1196,0.0005980000000000001,-6973156839.879809,110412740191.84294,63120.54747923867,22844963274626.242,151920361006.1369,97.38763577155983,-6947905524.012044,110414501020.82726,63197.448024804806
1197,0.0005985000000000001,-3482659281.9212785,110514329243.64845,63122.14686562174,27132829724131.55,78900864317.24416,104.39105337160838,-3454189472.8280797,110515421319.98143,63205.43027913323
1198,0.000599,6281039.933860421,110505645160.74916,63121.83538944368,32169807965966.14,36315247468.33969,111.91827414112878,39894360.86134476,110505864789.34032,63225.726657829764
1199,0.0005995000000000002,3491605057.577172,110386939683.74951,63122.16026486869,37738232961106.59,48797792486.701065,119.34870633210701,3530723516.8931317,110385898976.762,63225.52371573377
1200,0.0006000000000000002,6972036924.177086,110158270949.09795,63125.94477347625,43196326671493.664,146617415945.0459,125.4663559459437,7014093601.988528,110155833183.37279,63227.51024389906
1201,0.0006005000000000001,10439877963.76806,109820161782.20497,63127.22136580273,47363166942209.96,352374250876.3628,128.51551717683174,10486595630.816025,109815899740.63263,63223.19940947323
1202,0.0006010000000000001,13898480354.153833,109372400644.00975,63134.98250900272,48827823182314.69,656739458821.9539,126.92778165495564,13944644931.105497,109366701933.07005,63225.924049951784
1203,0.0006015000000000001,17344709743.887875,108815035935.95557,63148.87225219295,46815148287121.71,1004676300827.148,120.56873809073065,17384516750.302418,108808750707.28091,63212.7929103951
1204,0.0006020000000000001,20771190037.736115,108148934884.92076,63163.45838961226,41871979971117.3,1319889427417.7605,111.20632003759592,20802300305.73131,108142938282.65259,63209.88910862803
1205,0.0006025000000000001,24171145968.248756,107375442201.0056,63174.70923940365,35479491692617.04,1550470598088.1519,101.37282903284567,24195200785.401295,107369957305.61937,63204.166720591624
1206,0.0006030000000000001,27540253864.43251,106495855968.06007,63181.842053342036,29057367063793.02,1687585942188.4602,92.88932224282577,27559500435.97055,106490781198.91325,63198.57919992502
1207,0.0006035000000000001,30876525348.165905,105511076334.71931,63186.814764067225,23413833698256.184,1750318832946.3508,86.4236171602014,30892379996.134117,105506254415.0104,63202.23344200251
1208,0.0006040000000000002,34181685872.058517,104420796897.51308,63196.15513343618,18800430148043.42,1764665668461.14,81.86308927239223,34190934178.076267,104417410736.90768,63216.82774302315
1209,0.0006045000000000001,37441702510.6151,103229550145.73877,63195.694995303216,15164913008840.186,1752539074571.8438,78.78061851594049,37452188481.78714,103225369622.19917,63211.25051797769
1210,0.0006050000000000001,40663205450.26072,101935677798.37129,63198.944966087685,12345575175312.812,1729113374356.9314,76.70742593404397,40672265464.74461,101931639790.79582,63214.75608262056
1211,0.0006055,43843184406.59438,100540238836.19301,63206.48441416032,10167427149731.113,1704057114494.0227,75.23710358488232,43847537486.21638,100537774558.40367,63203.63696148502
1212,0.0006060000000000002,46971680081.46095,99047503135.21867,63207.357844956314,8478470828265.206,1682974399716.1863,74.05120933247396,46975505273.55017,99045124184.91898,63209.87584176235
1213,0.0006065000000000002,50048665170.95414,97458045852.52452,63206.38680824636,7157676575175.211,1668629146363.1672,72.91738486794834,50053079527.23327,97455220734.39258,63211.879328999545
1214,0.0006070000000000001,53073249996.27413,95772565357.03835,63207.61011636516,6112161046437.864,1661928784444.049,71.68012811438186,53077314219.305504,95769755447.3166,63207.8969013061
1215,0.0006075000000000001,56042734362.919495,93992570997.04802,63211.79891222489,5272016773768.783,1662496103743.1296,70.25176815532117,56044965134.09112,93990667476.49524,63200.929359339316
1216,0.0006080000000000001,58951438421.43679,92121465349.6094,63212.63933677915,4585334455803.22,1669103611919.527,68.60312284275128,58952771123.048615,92120031133.84901,63189.35319729206
1217,0.0006085000000000001,61798616035.63665,90160034755.4646,63215.194748580136,4014101519203.1123,1680041101209.0903,66.75230086851612,61797693530.74697,90160016961.82396,63185.95568030972
1218,0.0006090000000000002,64579245406.6801,88111821198.8599,63213.4486025615,3530780825091.495,1693515114671.4426,64.75041872473591,64577688787.8733,88112290996.05482,63180.780723515534
1219,0.0006095000000000001,67293706342.70643,85976884198.4333,63216.1454878489,3115728653541.065,1707876496439.5972,62.66665981141697,67289975654.658134,85979105693.2314,63184.58611482586
1220,0.0006100000000000001,69936154785.05807,83759795593.71518,63213.5736925459,2754968814325.2144,1721860384478.495,60.573733497008504,69932247001.0569,83762353932.92131,63203.19228781087
1221,0.0006105000000000001,72505679339.60088,81461727977.65309,63211.00204674011,2438616342516.7964,1734594898000.6345,58.53719151638282,72502295377.48875,81464059753.43398,63192.306810725735
1222,0.0006110000000000001,74999007125.50446,79085806335.17587,63205.73936608851,2159507451204.792,1745648602307.7417,56.608322400567424,74996416106.3397,79087646633.89099,63181.71159532778
1223,0.0006115000000000001,77414055836.34056,76634344106.5713,63198.909686006155,1912301568158.65,1754925751030.368,54.82158622284924,77412467116.39188,76635344793.32082,63174.628629552135
1224,0.000612,79749864535.66731,74108582381.22278,63195.5494272803,1692823024358.2036,1762576384616.397,53.195195314544996,79748078043.47173,74109928337.82513,63174.17460624708
1225,0.0006125000000000002,82003884686.09995,71511319339.72449,63194.34647750782,1497636356525.6785,1768897642517.0176,51.73370276357024,82002011692.00204,71512869351.24419,63196.74092846487
1226,0.0006130000000000002,84172379213.88257,68846998902.79765,63188.69228076316,1323828377034.8508,1774224844502.7234,50.43165403819527,84171578849.91193,68847370065.73438,63179.67992267699
1227,0.0006135000000000001,86256119689.45161,66115046678.99811,63190.96723802564,1168887852882.7747,1778860428786.2275,49.27726524822596,86254573962.43944,66116369597.480515,63167.610158476025
1228,0.0006140000000000001,88251781837.59682,63319642270.82254,63194.928744978344,1030570037658.6401,1783078730461.1694,48.25523330292146,88249092348.6544,63322638644.51309,63185.52842675229
1229,0.0006145000000000001,90156096120.21434,60465513460.387115,63193.887189636516,906917964643.7244,1787060716461.6863,47.34927478144274,90153305507.77023,60468924192.52273,63180.5673953095
1230,0.0006150000000000001,91967462250.80109,57555561190.37357,63188.837604474065,796236362152.612,1790901638495.5789,46.54380036713593,91965219657.46754,57558399381.864136,63180.32862311823
1231,0.0006155000000000002,93684771372.62239,54592048673.69252,63182.920723769734,697049510906.0782,1794638940798.5596,45.82478692020295,93683937964.11552,54592845407.422615,63203.19851899596
1232,0.0006160000000000001,95307465656.65538,51576236126.509285,63182.178072392315,608078045707.148,1798267009048.866,45.18016966287096,95307596554.40501,51575409486.25275,63221.3215232758
1233,0.0006165000000000001,96833421389.52405,48512057169.790146,63182.80553798859,528215800227.8139,1801752842724.946,44.599894568674664,96834250657.15532,48509727988.45928,63228.93665297935
1234,0.0006170000000000001,98261426412.14044,45402113578.17749,63186.22383906095,456531183050.60583,1805033716236.9404,44.0758699773689,98262394448.55162,45399226972.5394,63208.97923378215
1235,0.0006175000000000001,99589691015.76125,42250406229.929436,63189.141382896734,392235357176.282,1808039893967.8271,43.601690429084975,99590639761.70627,42247205619.09001,63208.85808284495
1236,0.0006180000000000001,100816609245.88443,39061102276.160446,63188.467885537575,334669545044.6932,1810697845588.2922,43.17235521762535,100817947076.20184,39056697599.89812,63197.63590000045
1237,0.0006185,101942328194.8517,35834319376.68249,63194.92291226105,283283515146.6078,1812938989065.6128,42.78396322671536,101942795023.6019,35831690221.92777,63181.386148879596
1238,0.0006190000000000002,102964057228.39418,32577957553.64482,63192.22647447726,237600054244.34305,1814715827424.025,42.433358122249274,102964594887.0078,32574975684.063515,63191.38213018713
1239,0.0006195000000000002,103882497503.71074,29290846608.23681,63196.37035153611,197236122982.2654,1815973807593.4746,42.1180450971238,103882493539.83395,29289248594.80173,63182.325767439834
1240,0.0006200000000000001,104695743222.09456,25979694297.390278,63195.227427116464,161850652562.18195,1816684235357.3064,41.83589968074073,104695658733.99046,25978135842.90733,63185.50158229417
1241,0.0006205000000000001,105403658873.24596,22646077451.285084,63195.37059958153,131167458833.6457,1816814304804.995,41.585151815876074,105403361369.36403,22645258834.9231,63171.99295708826
1242,0.0006210000000000001,106005288734.02083,19295037504.077816,63191.17370190505,104947393939.15538,1816343358640.309,41.364260912006124,106004944865.39084,19294352264.163555,63170.57972556176
1243,0.0006215000000000001,106500697694.77744,15927482529.984896,63191.257758523876,82993155358.38457,1815251398230.8457,41.17189785601814,106500170105.63228,15927678859.343803,63179.89797463559
1244,0.0006220000000000002,106889159235.58626,12548602077.339418,63189.09078808214,65134710124.612686,1813525938542.3052,41.006883145647215,106888619637.12193,12548710626.346273,63188.33171493921
1245,0.0006225000000000001,107170595434.60663,9160623612.137955,63188.762442892126,51235822756.90797,1811151966636.558,40.868204021190195,107170013000.96584,9161019563.155317,63172.247773973395
1246,0.0006230000000000001,107344727222.64378,5768019452.712277,63186.50159020788,41184934740.15216,1808117105389.8054,40.75498876763055,107344182579.07175,5768380157.297523,63183.47509512018
1247,0.0006235000000000001,107411604187.42885,2373153256.617439,63185.92295976043,34896179540.798325,1804408147436.605,40.66650709886326,107411054820.5309,2373489187.8001122,63168.511488593234
1248,0.0006240000000000001,107371233511.23625,-1019178932.7452027,63182.239264756005,32305431834.22571,1800012887219.1414,40.60215505907983,107370718311.62654,-1018936350.6443721,63157.98105914936
1249,0.0006245000000000001,107223837200.61887,-4407161665.124597,63180.99497708913,33370257136.142822,1794918621654.651,40.56145114926849,107223323936.9487,-4406047575.16807,63155.9783263374
1250,0.0006250000000000001,106969697799.92607,-7786214023.570883,63177.9014121708,38068484433.579185,1789112781386.8384,40.5440268027432,106969214717.9498,-7784855714.597343,63156.49798338798
1251,0.0006255000000000002,106609193735.0138,-11153660568.355734,63175.4686846999,46397676899.12992,1782582511060.0432,40.54962054686433,106608790610.18149,-11151797443.825012,63161.6916351152
1252,0.0006260000000000001,106142796799.04544,-14506202623.985155,63173.73198742544,58375425285.54794,1775314376611.8086,40.578073938878525,106142481731.40128,-14504093387.032543,63162.872400969245
1253,0.0006265000000000001,105571151231.57928,-17840078635.6202,63171.16025758728,74039509759.59262,1767294227673.0127,40.62932846024959,105570700924.20743,-17838810791.558475,63187.11989103382
1254,0.0006270000000000001,104894795617.0436,-21152998520.7815,63171.18277218515,93447313729.77834,1758507819053.7842,40.70341865430119,104894094840.5306,-21153173683.6615,63196.96773223034
1255,0.0006275000000000001,104114453063.20805,-24441703044.242588,63173.45158394742,116679358561.3383,1748938652324.0872,40.80048034263185,104113616759.20483,-24442378844.417732,63189.738362425334
1256,0.0006280000000000001,103231215755.75816,-27701883685.02081,63174.14275746417,143838954957.61,1738569198416.1953,40.92074872399088,103230161513.586,-27703137243.643654,63194.511053250055
1257,0.0006285000000000002,102245713324.2916,-30931752109.850872,63178.24835128101,175049973711.58298,1727383242729.43,41.06454257298033,102244651826.58757,-30932851068.346107,63193.10547298568
1258,0.0006290000000000001,101159287831.49387,-34127009782.268314,63181.55945921962,210465911569.76474,1715360046030.8667,41.23229041398224,101158183472.20488,-34128141282.13408,63207.45913775095
1259,0.0006295000000000001,99973181567.76234,-37284398159.64792,63183.84614821907,250263854045.45248,1702480726995.401,41.42450991771705,99971806922.31119,-37286240358.45363,63215.14826079534
1260,0.0006300000000000001,98688545871.46495,-40401225462.649284,63186.68276456102,294649798103.7458,1688725236437.0872,41.64181355878052,98686778973.17337,-40403803525.78401,63229.53819827125
1261,0.0006305000000000001,97306048485.7098,-43476057162.285965,63195.57840535619,343864176973.65283,1674070391767.8643,41.88492682196199,97304295797.1843,-43478136245.63678,63240.77317158862
1262,0.000631,95828366573.29834,-46502844451.52884,63199.295716627916,398192717651.25433,1658485347066.0,42.15473225518277,95825850109.8832,-46506108401.31887,63249.463588659135
1263,0.0006315000000000001,94256658781.33948,-49479720740.09837,63202.4222036124,457946164413.9039,1641949909613.1042,42.45218622366931,94253316265.62122,-49484218769.035446,63237.77425524781
1264,0.0006320000000000002,92591945971.64964,-52404974873.994934,63209.3061647947,523486754014.6593,1624435824897.567,42.77838171803888,92588367784.44525,-52409514896.47565,63255.09021231729
1265,0.0006325000000000001,90836957231.09317,-55273840694.788216,63212.73324003596,595237173786.2804,1605906552524.7522,43.134599226864616,90832526898.7827,-55279343630.843376,63247.946671763995
1266,0.0006330000000000001,88992108608.69891,-58085944091.39916,63221.93636893463,673666971570.5815,1586332909350.4429,43.52224593805067,88988091284.41469,-58090329126.17758,63243.479287284135
1267,0.0006335000000000001,87061137236.70193,-60835523262.75159,63225.26943069193,759332812059.405,1565668557308.0955,43.942976546090264,87057135277.3561,-60839531125.05349,63230.5835586629
1268,0.0006340000000000001,85045039265.34169,-63521572728.3612,63229.67133523416,852846644560.68,1543882301655.5728,44.39857493081021,85041741990.91765,-63524304413.833305,63220.87296635972
1269,0.0006345000000000002,82945990485.81888,-66141313343.454575,63234.440382949004,954925630144.5892,1520926674314.29,44.89108138940882,82943825198.43672,-66142370836.90239,63232.09668700795
1270,0.0006350000000000001,80766808448.49512,-68691387718.78522,63236.4834639139,1066393028616.5103,1496751083812.4255,45.422807727910374,80765014888.46512,-68691845751.13802,63235.97311828143
1271,0.0006355000000000001,78509096256.70259,-71170185656.02965,63239.45858261028,1188188995330.1648,1471305642356.408,45.996331712626976,78508002899.88414,-71169791284.3303,63237.063968205744
1272,0.0006360000000000001,76175809023.72508,-73574598680.8017,63240.49432713841,1321410329313.701,1444527262617.491,46.61459884002075,76174988660.7555,-73573918990.67885,63240.54479993486
1273,0.0006365000000000001,73768313012.88475,-75903436638.14517,63244.34389577941,1467320505508.385,1416352523592.4084,47.280924475166216,73768484092.16182,-75901761984.31628,63250.413186880476
1274,0.0006370000000000001,71290517311.23975,-78152982086.10724,63244.736416744025,1627406145598.7449,1386700222027.761,47.99913357281215,71290439450.64949,-78151596812.53456,63260.022704096344
1275,0.0006375,68744409693.48048,-80321712818.67259,63244.647201299624,1803383901895.4778,1355495519340.7512,48.773517887059306,68743943297.90553,-80320747133.18697,63258.52811063038
1276,0.0006380000000000001,66132828357.74689,-82407394557.98218,63243.42660965713,1997278177065.0718,1322646416753.4153,49.608993715928115,66131575103.87403,-82407087602.41623,63251.05083733613
1277,0.0006385000000000002,63457773728.2591,-84408622645.48361,63243.71511137949,2211473917757.2188,1288051744823.1394,50.511197075693026,63456133132.34339,-84408574945.36592,63246.38371984777
1278,0.0006390000000000001,60722423885.444496,-86323120859.6231,63243.73089487857,2448809754526.005,1251591101335.242,51.48666942197143,60720807998.58375,-86322942382.36028,63245.291636398666
1279,0.0006395000000000001,57929565435.425995,-88149096668.19737,63243.59020815113,2712662975783.401,1213135245196.6477,52.542974269980256,57927829937.87081,-88148965401.64937,63242.43841357993
1280,0.00064,55081027722.7619,-89885487937.57568,63246.48562968041,3007083023394.683,1172538535070.105,53.68890488794999,55080474103.31553,-89884583265.72545,63234.807960657505
1281,0.0006405000000000001,52182151004.50322,-91529089976.03934,63244.54180031136,3336972315577.8296,1129627690266.2078,54.93481277391314,52181050102.13709,-91528530617.69017,63259.49779265843
1282,0.0006410000000000002,49234939975.38316,-93079082323.14432,63241.530869143884,3708240937274.7637,1084233645909.1948,56.29271811118593,49232208975.278404,-93079450055.66965,63258.742770561665
1283,0.0006415000000000001,46241129917.3687,-94534729034.20229,63241.1826575404,4128125348846.016,1036151588064.4532,57.77683432229343,46237988336.52937,-94535253743.54723,63246.86911315273
1284,0.0006420000000000001,43204026490.545135,-95894463869.60301,63242.256379575105,4605554451896.382,985139770933.1735,59.404171411089045,43200820556.43097,-95894897374.17143,63246.802802114136
1285,0.0006425000000000001,40127338948.394455,-97156706960.8099,63242.858464311255,5151594649238.167,930935888649.7625,61.19511298528191,40123773050.51655,-97157182338.20071,63251.96125685837
1286,0.0006430000000000001,37014739374.17532,-98320103788.77484,63241.718693400486,5780053081080.664,873260075961.2166,63.17414637315371,37010357653.140884,-98320758185.66647,63254.01789204845
1287,0.0006435000000000001,33867465227.027245,-99384370804.03873,63243.74981900184,6508280222127.337,811817160638.4755,65.37081701159934,33863117058.782364,-99384894937.79889,63273.093621382155
1288,0.0006440000000000001,30689331430.10401,-100348216656.6093,63246.88313750838,7358282591989.766,746284769251.8956,67.82112951743926,30684723119.992935,-100348634225.12938,63282.453449412395
1289,0.0006445000000000001,27485251550.15666,-101210233196.0888,63247.12263390562,8358081783421.167,676365959442.7922,70.56890852960261,27479400096.365536,-101210884637.45363,63268.81565025638
1290,0.0006450000000000002,24257779931.99543,-101969965963.56653,63246.45844379758,9543475776148.652,601844603246.2521,73.66725873996346,24251237120.62708,-101970601019.65666,63249.93662508268
1291,0.0006455000000000001,21008698337.009254,-102627146300.28593,63248.09623244681,10960299782228.377,522649734651.84424,77.18021092453253,21002605130.76548,-102627522469.08127,63259.467194127516
1292,0.0006460000000000001,17741410886.861645,-103181102912.96675,63251.35936064855,12667012977191.63,439014588439.54877,81.18371899189557,17736918093.452053,-103180997058.15729,63236.943823901645
1293,0.0006465,14462717584.030027,-103630741037.52086,63249.20473169452,14737086703989.797,351786897073.6739,85.76430850623167,14457939898.465868,-103630559655.64491,63231.083601443956
1294,0.0006470000000000001,11172725617.975084,-103976399400.00476,63248.46680845786,17259752385687.902,262966813523.308,91.0120454866682,11168743622.61536,-103976002827.01385,63228.69821276587
1295,0.0006475000000000002,7874100852.573087,-104217859349.56685,63250.060539508006,20335909087635.83,176521706930.82007,97.00214008204627,7872417244.740748,-104217163307.12802,63215.70406291063
1296,0.0006480000000000001,4571730251.328555,-104354769224.8872,63250.87227401686,24061050994906.887,99814241870.56522,103.75150901179168,4571600338.239118,-104353904961.77069,63236.30016933751
1297,0.0006485000000000001,1269236666.5835457,-104387119391.7116,63250.44538913286,28480219697337.52,45580760305.17129,111.13011426393045,1269818966.270053,-104386297242.21461,63234.786769484206
1298,0.0006490000000000002,-2030847652.9479585,-104315098411.82147,63250.33831676235,33492582813880.816,33870622535.922348,118.70680865969582,-2029100016.828176,-104314327790.49287,63216.173778835735
1299,0.0006495000000000001,-5325727346.412666,-104138823576.57465,63251.06784972194,38693749223609.17,91687758714.90381,125.54878673298732,-5321964295.950489,-104138227429.4167,63232.42707179569
1300,0.0006500000000000001,-8610384006.779434,-103858693075.5788,63250.20045161457,43219952779790.54,245389665843.81833,130.13276532433613,-8605883574.590942,-103858254688.12856,63217.486941145595
1301,0.0006505000000000001,-11879801837.94166,-103475387816.03027,63245.552169445786,45824705385426.07,501833669560.05005,130.72869199635775,-11877500315.388037,-103474845695.12395,63230.41087142117
1302,0.0006510000000000001,-15135311082.988544,-102989042853.10803,63243.59663124891,45451028988895.51,828027850361.1956,126.45217826682212,-15133203814.188402,-102988538815.43019,63209.20613600507
1303,0.0006515000000000002,-18374976054.65867,-102399886701.35408,63245.71001919842,42022218774258.734,1156512098644.9958,118.21475057555706,-18369150433.096466,-102400089211.36993,63203.97593059018
1304,0.0006520000000000001,-21587847803.55204,-101709879815.22783,63241.682968337875,36570376387052.984,1423344619879.662,108.31666564520798,-21583014000.37159,-101710094431.69377,63204.97141100852
1305,0.0006525000000000001,-24778052759.98362,-100918594112.147,63241.20836567383,30496899124103.1,1600721059101.3433,98.98759370090254,-24772043432.948803,-100919266224.11462,63205.98986749453
1306,0.000653,-27935995304.808517,-100028380322.89618,63235.872380691806,24825622439958.543,1696045438515.646,91.42852205552255,-27931554334.719135,-100028891143.29315,63180.23028074625
1307,0.0006535000000000001,-31065704905.80067,-99038507164.80026,63235.047456998844,20019196958675.21,1732177898216.686,85.86674702493613,-31059351549.649975,-99039801612.26021,63182.91591168046
1308,0.0006540000000000002,-34158963538.67796,-97951437812.58176,63231.787347560254,16151520218529.861,1732386313331.4238,82.0098216338741,-34151728010.253918,-97953237079.83058,63161.888795293766
1309,0.0006545000000000001,-37212112885.7753,-96768784977.2616,63225.08403843,13117230909354.309,1714365958992.5708,79.40731207767183,-37206353573.09305,-96770355590.73404,63168.453090839714
1310,0.0006550000000000001,-40232035273.359024,-95488148860.17471,63229.73595888225,10759922566819.123,1689947737122.4182,77.62558339886688,-40220541066.80983,-95492264883.61952,63164.1269777271
1311,0.0006555000000000002,-43203611393.01482,-94115406124.39021,63226.72159113424,8929094188657.055,1666498490678.4,76.30519684064132,-43190559688.320305,-94120687759.76024,63145.4367077887
1312,0.0006560000000000001,-46124971044.309555,-92652066724.9388,63217.113132755694,7499351465579.394,1648046226476.939,75.17157847305434,-46114091022.0105,-92656820067.46425,63151.70812083493
1313,0.0006565000000000001,-48998342868.53451,-91097525135.13689,63210.18862591823,6372079942949.839,1636455304345.4045,74.02842479184682,-48988093905.51799,-91102395007.98843,63147.75222090872
1314,0.0006570000000000001,-51819012957.405334,-89454331674.00204,63202.200250012844,5471799429574.305,1632123495330.242,72.74876137263263,-51810142692.83686,-89458877167.02939,63155.6254598254
1315,0.0006575000000000001,-54585044565.39911,-87723817145.57956,63195.00144581156,4741747928852.545,1634380993285.4006,71.26707608162418,-54577248001.26143,-87728075703.154,63152.39159043025
1316,0.0006580000000000002,-57293396817.83117,-85908000303.25298,63187.84147388908,4139722189124.347,1641911647847.492,69.57002198013592,-57286785375.78667,-85911873372.85194,63153.29664118636
1317,0.0006585000000000001,-59939940224.76841,-84009829809.3228,63176.741721686216,3634739616008.3813,1653078812768.9878,67.68511981829397,-59936673836.14596,-84011761453.73938,63165.631198363255
1318,0.0006590000000000001,-62527171197.606674,-82027829692.77206,63176.12823148367,3204371964176.6396,1666210279696.1748,65.66747863907503,-62523554577.32706,-82030215813.44592,63156.56180483585
1319,0.0006595,-65051176327.66034,-79964652094.9926,63181.99569662017,2832465152002.081,1679889738231.1929,63.58524505018736,-65045084887.12514,-79969101994.80583,63166.66696438858
1320,0.0006600000000000002,-67502802353.04535,-77827702058.97015,63172.794443757375,2507520709158.999,1693016359967.004,61.507423585002705,-67499032690.71546,-77830546757.43886,63169.587803130904
1321,0.0006605000000000002,-69885288260.97224,-75614979922.11662,63167.50479234034,2221418151067.3267,1704819635558.1716,59.49504199377001,-69882800382.70299,-75616920320.50252,63157.331429061865
1322,0.0006610000000000001,-72194531085.57195,-73330335835.85295,63159.59930341788,1968159609766.2114,1714975826664.933,57.594750388334894,-72193995070.17249,-73330514551.50212,63162.25338063563
1323,0.0006615000000000001,-74430606464.02936,-70973980415.82057,63157.669843104544,1743232428702.8767,1723437581111.8027,55.837243530444574,-74430681182.29175,-70973603744.50056,63164.66745977796
1324,0.0006620000000000002,-76590370200.5423,-68549146779.50606,63157.66802798183,1543035596737.581,1730384570427.9844,54.23802262933503,-76590962991.63751,-68548099858.63707,63172.70140324396
1325,0.0006625000000000001,-78672817349.35506,-66057016553.15418,63163.999560880955,1364606382658.0051,1736091331577.2004,52.80023382984075,-78671889668.08687,-66057544387.60257,63158.73468402434
1326,0.0006630000000000001,-80673546751.48172,-63502757295.746124,63166.07868835429,1205396907381.7424,1740874846796.0789,51.51791510926682,-80671885358.44603,-63504273127.95087,63143.01578935736
1327,0.0006635000000000001,-82590315922.45662,-60889635714.705605,63162.38019979684,1063213952120.2852,1745006817613.73,50.37946540322872,-82588710290.27655,-60891118544.10337,63135.28881362698
1328,0.0006640000000000001,-84422997815.58038,-58218287878.66658,63161.153085721715,936127007966.7799,1748710487870.1353,49.3703338461714,-84421000029.86612,-58220525624.51443,63140.90155328588
1329,0.0006645000000000002,-86169271361.40889,-55492207502.798485,63159.29732147111,822409119009.1776,1752161732312.7922,48.47497161878356,-86167353815.4036,-55494554255.98735,63149.6920854883
1330,0.0006650000000000001,-87827583015.61507,-52714083784.43872,63157.2568766898,720550208554.6029,1755460383748.5815,47.67839012590089,-87825973365.65225,-52716078748.70097,63162.35476905957
1331,0.0006655000000000001,-89396520299.24004,-49886533388.06631,63155.80772568263,629232851903.2628,1758647401785.9304,46.9670443638576,-89395493505.42397,-49887649651.795235,63170.06144050342
1332,0.000666,-90874633095.566,-47012389273.26761,63154.99703035738,547316890100.94806,1761717784813.1316,46.32925720554814,-90873997246.3477,-47012940506.28232,63160.35023786659
1333,0.0006665000000000002,-92260495643.78319,-44094652291.271225,63154.43641918543,473824903696.3322,1764633420984.9253,45.75532219768689,-92260393270.26439,-44094225928.10829,63183.44773900526
1334,0.0006670000000000002,-93552937830.93979,-41136040566.670525,63154.893112968886,407925368008.9075,1767336214202.118,45.23738941881968,-93553226410.59174,-41134709357.31111,63172.12765048029
1335,0.0006675000000000001,-94751090923.87741,-38138730933.26618,63158.9271581689,348912593869.8525,1769760848800.789,44.76921765542883,-94751166219.5169,-38137713266.21749,63174.77531187229
1336,0.0006680000000000001,-95853247175.05855,-35107055998.35333,63161.5462647248,296187226562.7585,1771844060404.5994,44.34587462876955,-95853377577.07277,-35105727537.72302,63174.390584644956
1337,0.0006685000000000001,-96858636941.49522,-32043526421.653725,63164.822326447924,249250890158.84006,1773521626068.9805,43.96350104564276,-96858696159.50969,-32042096065.280365,63183.97092611125
1338,0.0006690000000000001,-97766171300.9561,-28951756044.121346,63166.89552593391,207680867165.95215,1774740652404.797,43.61902771962843,-97766246422.92801,-28950052758.152752,63186.966576725645
1339,0.0006695000000000002,-98575136571.81886,-25834658307.445873,63168.637969639385,171122618009.33267,1775455763362.5835,43.30998051224003,-98575188115.28065,-25832924769.641727,63172.80487147107
1340,0.0006700000000000001,-99284805545.30124,-22695510079.197166,63169.64342333357,139275959773.3082,1775631392844.193,43.034312989041815,-99284733324.70901,-22694037875.275578,63169.59891405332
1341,0.0006705000000000001,-99894762589.33316,-19536696036.42421,63172.575530176466,111888038421.44159,1775239005123.2988,42.7902976653506,-99894566962.53748,-19535811607.08099,63173.406840840966
1342,0.0006710000000000002,-100404148825.87971,-16363069302.561642,63171.57330895736,88744454684.97392,1774257087835.0007,42.576442731117034,-100404034330.63527,-16361885204.27444,63169.050415955106
1343,0.0006715000000000001,-100812932610.43483,-13176074118.186491,63173.02392928971,69669671515.33838,1772664926942.7502,42.391469540756816,-100812681112.72545,-13175535947.612747,63167.156038121975
1344,0.0006720000000000001,-101120497160.24174,-9981129296.167747,63169.20197705619,54514747112.52611,1770448235994.4053,42.234254981720504,-101120387778.8806,-9979234957.608248,63185.95929501727
1345,0.0006725,-101327103278.67393,-6777811292.990379,63172.88985113397,43161490913.839935,1767591426641.8997,42.10383801013329,-101326906935.1539,-6776075047.629506,63200.377911630836
1346,0.0006730000000000002,-101432326891.13707,-3571831161.2001915,63174.58122047751,35512206279.26992,1764083681067.7417,41.999380356593775,-101432116534.83408,-3568850612.9575915,63219.697967781605
1347,0.0006735000000000002,-101436249897.1066,-364933826.9773357,63179.40130681793,31496032828.02081,1759910897161.436,41.92018833322834,-101435965890.25957,-361560129.7714286,63210.62730412144
1348,0.0006740000000000001,-101338886604.86253,2839469070.11233,63186.136917513926,31062956510.617706,1755060010701.2334,41.86569643165903,-101338434181.56435,2842101048.6540747,63201.32809807653
1349,0.0006745000000000001,-101140480248.66481,6035661703.317278,63186.155022448016,34184485388.07578,1749517136922.0405,41.835465160041906,-101139976781.3194,6039055434.160358,63197.48979390898
1350,0.0006750000000000001,-100841360444.75885,9222472878.492002,63187.20522611907,40850360791.57289,1743269320288.2388,41.82916612346723,-100840653960.95235,9226548509.363245,63219.20445452404
1351,0.0006755000000000001,-100441744975.23146,12398282844.697454,63194.27031740087,51069564104.69781,1736303462948.347,41.84657630879977,-100440954401.88652,12401879208.727491,63215.72179299006
1352,0.0006760000000000002,-99942243437.70538,15557924076.025068,63199.70381762444,64873100095.805244,1728604072817.1382,41.88758725259524,-99941289115.52728,15561581027.205381,63236.512199845754
1353,0.0006765000000000001,-99343167058.98074,18700107163.471664,63209.96546807434,82309615512.88478,1720156757832.5205,41.952188147743634,-99342125391.19801,18703361061.816124,63260.01790871227
1354,0.0006770000000000001,-98645808721.3466,21818026706.920967,63211.93146149129,103451479657.04668,1710944002842.254,42.04048004280367,-98644296016.62798,21822669552.53171,63252.67140515444
1355,0.0006775000000000002,-97850232047.12578,24912586804.305767,63220.38950084244,128383622859.50645,1700953878069.9055,42.15263008033297,-97848588932.8882,24916805150.10939,63261.378012115696
1356,0.0006780000000000001,-96957489784.30206,27979415366.092228,63229.94426523838,157222711755.4647,1690165811862.4968,42.28893029011397,-96955825132.01202,27983155639.261417,63274.41125478213
1357,0.0006785000000000001,-95969096991.79039,31013550906.141254,63233.87646111416,190106388671.66376,1678561054527.0195,42.449772905970924,-95966932665.65501,31018319561.581738,63289.825246535715
1358,0.0006790000000000001,-94885726795.60571,34013621720.284206,63238.637925795214,227190677819.50507,1666124787552.3127,42.63561957052033,-94882926256.65936,34019586857.819805,63293.802424809655
1359,0.0006795000000000002,-93708284680.0863,36977305680.8577,63246.35657230358,268664745142.87988,1652835848065.4824,42.84704686115493,-93704977999.98058,36983907975.17217,63303.17423772358
1360,0.0006800000000000002,-92437912955.9833,39901734579.675575,63256.85410373666,314751571012.0364,1638669500537.9954,43.084762707334534,-92434581323.69461,39907677560.570465,63293.73420889224
1361,0.0006805000000000001,-91076619967.28273,42782329161.1796,63263.811346124385,365709209391.33484,1623599374072.3086,43.349607375828306,-91073094071.4107,42788164695.36706,63301.891913221436
1362,0.0006810000000000001,-89625628205.7304,45616882780.97758,63269.999897265516,421824882766.4491,1607603990972.6614,43.64251351523812,-89621874369.17531,45622674588.290146,63312.91168674761
1363,0.0006815000000000001,-88086234434.54929,48403077024.98371,63277.255381470626,483431277761.51746,1590656456879.2427,43.9645474728498,-88082555722.66534,48408153219.995834,63283.24593286356
1364,0.0006820000000000001,-86460500456.08838,51137314016.781364,63282.349627560536,550912234653.4039,1572725158604.056,44.31693832682462,-86457040142.3236,51141630929.50304,63306.06938406823
1365,0.0006825000000000002,-84750062101.1704,53817122620.94133,63286.36754422156,624700626516.8993,1553780171339.8333,44.70106028470116,-84746868305.56833,53820679497.65724,63287.80092851824
1366,0.0006830000000000001,-82956667255.03374,56439990931.01016,63289.888726456236,705293038501.1698,1533786952571.5442,45.11846615990283,-82953659243.3173,56442935564.60923,63297.56274921189
1367,0.0006835000000000001,-81082428672.97346,59003034389.52977,63291.781981744956,793258846075.8582,1512706757071.3157,45.57091473432602,-81079431203.0395,59005699205.556595,63300.17533187162
1368,0.0006840000000000001,-79128727633.81757,61504594264.60253,63295.485219601294,889247790088.4482,1490498993989.8608,46.060381299681154,-79126238355.77235,61506386815.82022,63298.21716182641
1369,0.0006845000000000001,-77098512593.03687,63941005751.872986,63296.034059341386,994014354094.2819,1467113071562.7148,46.58912893799571,-77096118662.29688,63942580386.2556,63283.02610002437
1370,0.0006850000000000001,-74993235291.08792,66310812603.49971,63297.37961128818,1108414240476.3308,1442502889359.1484,47.15967103568819,-74991376006.21288,66311652072.616325,63295.7695030085
1371,0.0006855000000000001,-72815169748.84174,68611588667.370255,63298.936413833195,1233445131371.9531,1416609357673.618,47.774874896185075,-72813987720.8805,68611597028.03109,63280.49232067745
1372,0.0006860000000000002,-70568080008.22813,70839545259.04924,63294.25674602517,1370260957773.9004,1389368831719.9495,48.43799464154326,-70566403163.59833,70840122784.59467,63297.10342513879
1373,0.0006865000000000002,-68251646302.333855,72995370499.58502,63295.75271153797,1520180966146.361,1360724392905.7146,49.152630410657416,-68249905152.58327,72995904901.50711,63308.06958477627
1374,0.0006870000000000001,-65871329787.79754,75073965134.03502,63289.935827132256,1684783489337.091,1330583700666.1055,49.92301849295455,-65867618363.760086,75076201833.40213,63308.62168056636
1375,0.0006875000000000001,-63425144519.76594,77077432354.60527,63295.28104745885,1865871060378.3257,1298877689938.4373,50.75385300065374,-63421967214.09424,77078957720.97476,63311.00041773034
1376,0.0006880000000000001,-60918934675.15003,79000754655.25926,63297.14242698606,2065632299124.5547,1265482246422.3896,51.650751272130705,-60915329687.873245,79002485311.10248,63315.55922309668
1377,0.0006885000000000002,-58355055255.62613,80842380649.55927,63297.08029945934,2286603403358.366,1230300482657.8843,52.62004441600221,-58350485344.3802,80844603669.41225,63336.451479557734
1378,0.0006890000000000002,-55733606657.93815,82602403060.88551,63303.974388590264,2531801137093.4116,1193217596431.2158,53.66899117066738,-55729121757.04131,82604337949.29616,63349.21277962772
1379,0.0006895000000000001,-53060950411.67726,84276458686.6639,63304.4330555786,2804871275370.909,1154079456087.9563,54.806169967673,-53054326696.19676,84279569472.48131,63355.39561499537
1380,0.0006900000000000001,-50335647699.2646,85865743481.50992,63312.77117432823,3110135925280.9893,1112754311257.031,56.04138080270872,-50328888349.58213,85868641543.98218,63373.378305036225
1381,0.0006905000000000001,-47563702121.09687,87366605223.80174,63317.65345998655,3452891373409.5605,1069047951460.0813,57.3863245015194,-47555464750.28978,87370059131.65651,63389.41041500593
1382,0.0006910000000000001,-44746341550.03343,88778580076.15904,63324.38256592094,3839531527651.68,1022781538312.8524,58.85464446538314,-44737343760.39932,88782073111.66559,63383.477045966734
1383,0.0006915000000000001,-41888995139.57155,90099004971.44191,63325.44603650675,4277918301377.9595,973735832737.4823,60.46255962818989,-41877081426.04422,90103501506.44812,63395.90105112296
1384,0.0006920000000000001,-38991118370.12899,91328409979.23453,63331.2344670581,4777704781411.231,921693324944.7369,62.22922066738466,-38977955773.29203,91332955454.0943,63390.36120026346
1385,0.0006925000000000002,-36056864518.01236,92464964950.9766,63337.670115260546,5350946868795.649,866377030073.4512,64.17777893398424,-36043346882.776276,92469175468.76486,63377.48949661902
1386,0.0006930000000000001,-33091249859.57247,93506813101.5809,63339.523322182504,6012712175204.1455,807506575196.7903,66.3361290368564,-33075935996.089607,93511173105.27345,63398.07989126506
1387,0.0006935000000000001,-30094464949.610146,94454136234.36143,63344.449135914445,6781935025996.346,744811633247.9801,68.73783365120944,-30078556446.15704,94458114931.44698,63386.0417589491
1388,0.0006940000000000001,-27071141541.20482,95305461548.65842,63348.153238430525,7682654416336.8125,678002985731.1383,71.42374126886492,-27054452924.224396,95309075201.65445,63411.01706896965
1389,0.0006945000000000001,-24023961001.376225,96060174056.56102,63351.70160919222,8745427874333.796,606858571279.1345,74.4432919883556,-24005663716.495594,96063665130.77711,63416.173334062194
1390,0.0006950000000000002,-20955514292.34412,96717729774.48558,63356.176940178695,10009207705895.371,531273591549.86566,77.85604899698734,-20936187467.489876,96720777692.4079,63405.814892322225
1391,0.0006955000000000002,-17871025889.282387,97277080973.48312,63356.97136978997,11523509928270.375,451390996294.3992,81.73275229975349,-17849206676.944214,97279930382.05412,63418.28922677336
1392,0.0006960000000000001,-14770510833.69545,97738463619.69438,63360.96504977927,13350516242505.523,367855603574.4752,86.15453345574109,-14748026666.739006,97740704432.24376,63412.00432767744
1393,0.0006965000000000001,-11660880328.87208,98100830056.60466,63360.24749974035,15566410436157.855,282171782904.83167,91.2086518433929,-11635549418.798367,98102648876.83716,63418.83183791753
1394,0.0006970000000000001,-8543883332.298154,98364291012.90117,63358.18818862028,18259197585608.906,197449414858.21692,96.97447474429595,-8514513240.352463,98365649620.48705,63428.65827200197
1395,0.0006975000000000001,-5419283485.978085,98529053109.63628,63361.17455739562,21518158530455.28,119467801109.5514,103.49130850711848,-5387644673.156673,98529545172.98447,63438.14203883265
1396,0.000698,-2294999686.2434464,98594542272.60803,63359.91116227695,25404100888724.67,58307799311.5785,110.69110443750867,-2259057992.120484,98594219865.74986,63439.98534224566
1397,0.0006985000000000001,828665456.0210911,98561122194.03984,63360.05607925876,29882812561663.332,30282852502.131374,118.27493738886723,868631673.1030504,98559580501.42096,63442.279020489725
1398,0.0006990000000000002,3948730329.352123,98428784592.982,63361.27762411548,34705727704280.477,58656901964.08522,125.53286681751673,3991597781.6984897,98425875576.69945,63422.978177339086
1399,0.0006995000000000001,7061550766.957369,98197785497.53442,63362.86498300824,39260026321067.69,169733983041.02353,131.19354194464964,7106365538.021611,98193456089.8689,63427.732382019334
1400,0.0007000000000000001,10169338746.958662,97867908780.6763,63372.30613241752,42527491151868.42,379547163188.1585,133.57276256832907,10210296993.635439,97862507418.4548,63423.73979744628
1401,0.0007005000000000001,13264820919.357872,97439615159.92126,63382.93296263309,43402640267788.73,673682506854.595,131.33558628894573,13300935605.89735,97433496952.90965,63428.74330222078
1402,0.0007010000000000001,16348256704.755629,96912768090.91277,63399.18576481685,41381426193311.0,999585395095.2423,124.584354593944,16374448550.205198,96907018958.8635,63431.00107053797
1403,0.0007015000000000002,19413297620.76279,96288153994.49748,63416.25529740885,37003255065287.45,1290820082622.3037,115.10390780433693,19428098900.284042,96283642937.38405,63440.827919393756
1404,0.0007020000000000001,22452978459.07943,95567206575.62624,63429.09160685645,31480436571899.4,1504171401522.8977,105.26033618559312,22459608190.390484,95563989968.83084,63452.09005872895
1405,0.0007025000000000001,25465192388.009212,94750741439.92526,63439.36133388518,25944840578285.91,1632896953079.7764,96.73307076519006,25464966985.57155,94749004456.32109,63445.46562926561
1406,0.0007030000000000002,28442409473.842045,93841113634.94487,63441.26079396353,21048905151237.9,1693693612209.1519,90.15583238379241,28441171389.606895,93839677923.3203,63449.2305991406
1407,0.0007035000000000001,31386422604.086792,92838422937.50082,63441.48745200137,17008303462952.805,1709306060467.137,85.44551287792072,31385264666.53154,92837007775.74034,63447.01515696294
1408,0.0007040000000000001,34298417264.875072,91742449576.49095,63445.94858680397,13792136534752.639,1699311127259.9697,82.21466641688237,34294811382.127155,91741896352.95795,63458.03212056382
1409,0.0007045000000000002,37170979009.63863,90555848289.37498,63447.98829648902,11274078952431.184,1677713829042.9358,80.02175365390002,37167354415.466446,90555369542.20753,63483.0497609122
1410,0.0007050000000000001,40002979378.16272,89279353691.76129,63450.27358717527,9312099718530.69,1653523796346.4255,78.47589259682036,39999282467.87498,89279003674.12149,63479.04391429895
1411,0.0007055000000000002,42789286668.880035,87915412244.9844,63448.6872630834,7779756222060.759,1632151374813.263,77.26459114010315,42788064785.11213,87913973633.9455,63492.61507956303
1412,0.0007060000000000001,45529924689.86848,86464359120.25568,63448.20460951334,6574435830905.798,1616467623638.2837,76.15379158796318,45530545763.76977,86461930556.3995,63487.445834515864
1413,0.0007065000000000001,48221965401.7669,84927807249.60315,63448.474360450185,5616203165504.502,1607631300087.4917,74.98021666057352,48223803572.35099,84924619504.073,63485.68478784104
1414,0.0007070000000000001,50864072628.27164,83306589367.96014,63452.608085363354,4844139487197.984,1605579985857.9895,73.64372214434778,50865637386.49166,83303367764.7264,63494.76290195647
1415,0.0007075000000000001,53452161437.09548,81603140348.83743,63457.220156055606,4212403288806.0693,1609441606688.8032,72.09935116315407,53453642900.84963,81599867873.82169,63489.504618015235
1416,0.0007080000000000002,55984093829.16895,79818961382.69507,63463.40756442141,3686932930090.4775,1617836998261.134,70.34836116500458,55984913693.59842,79815977202.3318,63506.427871350206
1417,0.0007085000000000001,58457371350.81972,77955853104.00462,63471.19005135866,3242702252955.4775,1629197167759.682,68.42686763036369,58457010548.57022,77953524943.84184,63520.585157127716
1418,0.0007090000000000001,60868477492.21143,76016516134.11276,63477.25161438048,2861550336268.2915,1642005277866.2266,66.39300183056369,60867786427.831635,76014349036.66347,63508.68540542996
1419,0.0007095000000000002,63215323905.97688,74002829184.32947,63482.426426295606,2530443991109.0234,1654969603991.9092,64.31415035072801,63213975965.700905,74001109610.20024,63503.6063799115
1420,0.0007100000000000001,65494004999.14885,71918339614.04956,63481.14835075778,2240042249781.015,1667144046241.1514,62.25581544392086,65493650478.8144,71915749920.22232,63489.536354293086
1421,0.0007105000000000001,67704961183.75476,69763054833.55333,63483.04052108012,1983618053513.254,1677934911457.4358,60.27383337231229,67704686889.39063,69760316109.13356,63527.75360120782
1422,0.0007110000000000002,69846018204.66301,67539092856.37307,63488.01840127113,1756154669360.041,1687109535954.5798,58.40976884126771,69845529376.49478,67536393510.27325,63517.103874216744
1423,0.0007115000000000001,71914051884.91837,65249712551.74728,63491.895857905685,1553795719632.4773,1694684943689.5837,56.68999081614656,71913421856.07263,65247006918.841194,63511.73462946804
1424,0.0007120000000000002,73906491359.34541,62897972801.18918,63492.29980104836,1373462182212.1672,1700834281852.6118,55.127117403750546,73906082395.46065,62894915878.13405,63506.24791045122
1425,0.0007125000000000001,75822773350.98181,60484837204.52225,63495.32836753648,1212590283117.7239,1705815579003.4758,53.722658473480195,75821697156.7523,60482429954.30157,63492.663089222246
1426,0.0007130000000000001,77661266136.87607,58012383471.19024,63502.0256089188,1068952756848.5955,1709924142667.423,52.4699765335165,77658459912.38501,58012197346.80029,63483.87306053584
1427,0.0007135,79417939569.63844,55486072540.82032,63501.172510915385,940593009516.5104,1713429331663.3237,51.357302358077305,79415086200.01443,55485990012.50908,63504.436204730126
1428,0.0007140000000000002,81092567850.9587,52906765181.12532,63500.4003208068,825812347910.8265,1716527233641.6304,50.37042538853227,81090070003.76932,52906246770.84018,63514.64276577246
1429,0.0007145000000000002,82684070644.29779,50276308670.49537,63502.58911782606,723092521117.5972,1719370929616.1028,49.494404051061046,82681369336.14307,50276136951.007454,63503.798941918256
1430,0.0007150000000000001,84190183768.05397,47598518426.45218,63503.29715872287,631094314955.0581,1722054494535.0396,48.714865508263706,84187292206.24522,47598727974.01641,63492.780224491886
1431,0.0007155000000000001,85609640128.45146,44875946832.00032,63503.48519917434,548660844621.7952,1724608898164.7979,48.018877085861796,85606359355.81006,44876893175.02689,63497.08972020071
1432,0.0007160000000000002,86941376733.9308,42110886780.296165,63504.99326581766,474791248550.3889,1727025422141.2266,47.3952943359346,86937677002.83192,42112871784.282486,63487.27381786659
1433,0.0007165000000000001,88183403639.96567,39307686008.36069,63502.34492287215,408624776896.23926,1729268498346.6365,46.83482074497797,88179744265.96234,39309972740.15125,63491.60197849153
1434,0.0007170000000000001,89335382904.99025,36467623534.609695,63501.758670358504,349437075242.88306,1731278588290.2832,46.329945089410835,89331658984.71928,36470276031.73981,63495.85512186509
1435,0.0007175000000000001,90395714141.36644,33594855657.018204,63498.58286874614,296604883312.89996,1732997689948.0903,45.87464441503547,90392183605.7818,33597343273.322727,63491.05268769886
1436,0.0007180000000000001,91363733917.56532,30691710491.6228,63495.34554575648,249607698239.13272,1734361853055.0254,45.46417180310217,91360544312.56567,30693467433.819675,63503.81736375843
1437,0.0007185000000000002,92238938279.24051,27760050832.916695,63495.809512094354,208003086257.25803,1735315191553.9602,45.09476577222816,92235825326.54277,27761804268.12011,63495.56665810989
1438,0.0007190000000000001,93020276215.15773,24803481580.67245,63497.23675289785,171414504662.1889,1735811128206.8184,44.76340621797666,93017107283.68092,24805780635.97288,63492.54458974381
1439,0.0007195000000000001,93706542663.68309,21826990273.62753,63492.74456993056,139528369760.91104,1735806932207.2998,44.46765858158527,93703822303.48293,21827689984.875145,63509.52862919118
1440,0.00072,94297896131.05487,18830971069.098946,63492.24525738559,112086539485.29396,1735263481738.4243,44.20555053465633,94295416854.10104,18830337788.172417,63526.29620116974
1441,0.0007205000000000002,94793739126.70023,15818527378.507017,63494.85328513003,88864718032.10683,1734155884664.065,43.97540228548016,94791274004.4878,15817819296.339636,63511.66715754745
1442,0.0007210000000000002,95193463351.17653,12793566605.843723,63497.1597051857,69677529966.28596,1732461844618.2512,43.775779128320046,95190950036.56488,12792925379.43707,63510.63109581338
1443,0.0007215000000000001,95496847696.30737,9758524864.161905,63501.32792107858,54374356481.1978,1730160675461.8037,43.60545929237246,95494207320.34622,9758833062.843506,63505.76907213649
1444,0.0007220000000000001,95703426787.82814,6718852403.816469,63499.006973188094,42832170605.246704,1727235410905.675,43.463392567970736,95700890506.05461,6718137756.734478,63515.54408710183
1445,0.0007225000000000002,95813453349.9041,3674316121.0826664,63502.425849490086,34955641180.676865,1723669187463.699,43.348691847736035,95810828241.39363,3673886592.951089,63510.120421081854
1446,0.0007230000000000001,95826716577.83723,630415268.208815,63502.43990550879,30669025208.465466,1719449682507.4114,43.26059384066864,95824042496.62859,629755642.2387522,63501.48512265912
1447,0.0007235000000000002,95743377229.18439,-2412001360.5136213,63507.12064143025,29920278440.47888,1714562930696.7097,43.19846997099708,95740762209.0765,-2411053888.224446,63501.79924420686
1448,0.0007240000000000001,95563551244.47238,-5448500895.158678,63511.077862814345,32677452295.55102,1708995684892.6152,43.16181522877425,95561056657.77817,-5445771578.054041,63497.63857640781
1449,0.0007245000000000001,95287679977.9966,-8473965226.778061,63507.40236815087,38928854072.21808,1702734008765.8667,43.15024749118875,95285295506.28882,-8471409043.408055,63494.228453312164
1450,0.0007250000000000002,94916240681.54877,-11486446521.002579,63501.007897198295,48679268094.40524,1695765636389.004,43.16348948784565,94913872033.01332,-11484437979.029701,63476.135409241266
1451,0.0007255000000000001,94449430256.63683,-14485725991.830503,63501.913041813204,61951617051.66651,1688078254417.94,43.201365574570914,94447277215.43652,-14482589133.351376,63498.64594055032
1452,0.0007260000000000001,93888257246.37572,-17465180101.46738,63496.53875138373,78792586395.82988,1679655489429.5479,43.263824596093976,93885907808.85709,-17463671525.370186,63505.61317545651
1453,0.0007265,93232957685.22696,-20424888430.188324,63496.40856182494,99262771777.40317,1670484754993.4395,43.35090392901761,93230578747.83261,-20423786945.13863,63509.51408267029
1454,0.0007270000000000002,92484483617.59535,-23360559237.68072,63496.099453078394,123449536927.02074,1660547754383.5813,43.462765236082554,92481903239.01274,-23360438878.35318,63527.198332844026
1455,0.0007275000000000002,91643783404.49525,-26268960306.253056,63494.5790444261,151459412623.28287,1649827701199.6685,43.59967274632745,91640888123.62598,-26270153890.252846,63513.25442304742
1456,0.0007280000000000001,90711473741.7135,-29148426838.692005,63496.36628855622,183420905549.89008,1638307610855.7205,43.761988975075084,90708612551.6716,-29149321138.70729,63494.65933634899
1457,0.0007285000000000001,89688993304.77292,-31994648987.847,63495.88063610483,219491763732.31345,1625966136143.304,43.95019993286728,89686034674.24069,-31995774521.964798,63498.626358366964
1458,0.0007290000000000002,88577064102.63373,-34806062788.16206,63497.96707245431,259851530905.09677,1612785022348.277,44.164885054280944,88574164942.13675,-34806794045.6297,63505.54265214205
1459,0.0007295000000000001,87377024353.77876,-37579403767.36751,63500.58553599473,304714756260.6867,1598740351336.7097,44.40675497273126,87374220021.02426,-37579493066.157005,63501.79411646216
1460,0.0007300000000000002,86090456756.80771,-40311251863.94925,63501.24800717472,354327153741.1434,1583808463703.2993,44.67664150430898,86087760715.85716,-40311056761.83523,63499.543183911956
1461,0.0007305000000000001,84718707887.77441,-42999106439.6446,63500.97026680674,408967496782.38385,1567966492849.7664,44.9754888375027,84716079015.845,-42998719919.824684,63502.37771736456
1462,0.0007310000000000001,83263224880.57872,-45640425097.159325,63500.30081073387,468956427918.6158,1551188335195.312,45.304376874438866,83260409007.27727,-45640317811.75151,63510.73913197186
1463,0.0007315000000000002,81725396084.15363,-48232933060.91989,63500.53610723592,534661610427.9803,1533444883099.0608,45.66454013015115,81722242790.99944,-48233365447.94628,63518.28073689139
1464,0.0007320000000000001,80106444659.98926,-50774717489.77757,63504.01799639982,606505938224.073,1514702751983.329,46.05739425923129,80103289557.88927,-50775015334.53838,63524.03469436299
1465,0.0007325000000000001,78409567469.40651,-53260848430.16388,63501.04895858693,684978337837.5802,1494922461202.9666,46.484573067441964,78405467913.94597,-53262472888.78349,63522.37707120334
1466,0.000733,76634118865.44414,-55692680747.73787,63507.16468082658,770618050425.0276,1474075829985.606,46.947841073444835,76630462066.90964,-55693490228.208336,63512.170853552525
1467,0.0007335000000000002,74784872226.34251,-58063529539.60914,63504.406383394526,864077272457.1255,1452106164042.3562,47.449311373090296,74780636269.78297,-58064962547.32543,63516.8995045239
1468,0.0007340000000000002,72861639590.46155,-60374133021.02728,63505.9890516649,966063459020.8582,1428983231737.4146,47.991232650451785,72857250139.72232,-60375502433.155174,63517.34187880374
1469,0.0007345000000000001,70865570951.39076,-62623066859.26078,63514.919711971896,1077421923921.5621,1404648107200.7244,48.576225369795935,70862396732.05505,-62622757423.649895,63524.45975431675
1470,0.0007350000000000001,68801590538.23587,-64804676049.908905,63516.20233934242,1199139176724.5254,1379031654530.8884,49.20734355865914,68798185146.09654,-64804481561.83452,63526.92989522829
1471,0.0007355000000000002,66671386639.25063,-66917608724.89544,63513.819382300324,1332315546975.351,1352088588407.5232,49.88788909825355,66667186434.620804,-66918154217.04005,63528.90970700272
1472,0.0007360000000000001,64476111742.40353,-68961003805.6543,63513.20486104993,1478236789541.8584,1323757573240.257,50.62157156479137,64471082157.965675,-68962160000.07625,63536.444682555906
1473,0.0007365000000000002,62217184708.01201,-70933608229.45425,63517.432147336556,1638418017395.9658,1293957687636.6262,51.41267815618213,62212220453.21374,-70934502299.46062,63548.543828869784
1474,0.0007370000000000001,59898818018.56863,-72831725545.41264,63518.112992446026,1814645815066.5864,1262593040547.7507,52.266197556580806,59892587701.66568,-72833433846.3187,63564.43809907183
1475,0.0007375000000000001,57520961168.65089,-74655611171.63326,63525.17868801768,2008992693485.3066,1229578391095.0142,53.187752530804694,57514686428.51365,-74657070073.36116,63565.488811198986
1476,0.0007380000000000002,55089799885.85204,-76400459521.8626,63523.828952849755,2223945477875.826,1194792526966.7163,54.18393821527468,55081306652.49235,-76403294989.3827,63575.98374950935
1477,0.0007385000000000001,52604725176.800095,-78067090874.0468,63526.68135901441,2462399130735.502,1158140349663.321,55.26215408028546,52594791405.373344,-78070504438.36401,63588.641461877676
1478,0.0007390000000000001,50069682718.05751,-79652849500.65826,63528.232880836185,2727859573370.9927,1119477480768.3103,56.431113816664485,50057768187.38826,-79657152642.01248,63589.89140134078
1479,0.0007395000000000001,47486875920.66706,-81156515523.17061,63530.06056844673,3024515539596.0166,1078659671835.4824,57.70093595237115,47473103455.18706,-81161413005.70232,63587.76391465787
1480,0.0007400000000000002,44858586047.75179,-82576860542.49573,63533.25696807228,3357434484980.1187,1035520169523.8574,59.08348780023654,44843486817.05743,-82581942577.01852,63575.77676498372
1481,0.0007405000000000002,42187031091.83919,-83912735641.59233,63538.956575429555,3732784764504.8804,989869590625.33,60.59278367222713,42172081760.62918,-83917183728.4706,63576.66177341501
1482,0.0007410000000000001,39477020221.76122,-85161767088.09967,63540.709312258776,4158125808878.926,941494446371.3,62.24547581450758,39460727070.43839,-85166312485.52464,63598.331085176804
1483,0.0007415000000000001,36729260783.29319,-86323850173.82257,63545.010243783036,4642734634249.288,890181242153.3333,64.06124283508498,36711876202.22126,-86328213751.41962,63588.38340266798
1484,0.0007420000000000001,33947012939.910305,-87397614409.1671,63550.15470663297,5198154454215.145,835674141648.5461,66.0637344566339,33929713945.68883,-87401321296.91109,63583.314028193796
1485,0.0007425000000000001,31134347617.477753,-88381561344.85715,63552.808462040186,5838793463045.241,777708619685.8989,68.28140046517392,31116376628.28147,-88384798901.24017,63575.45149201287
1486,0.0007430000000000002,28293229871.408726,-89275184178.49413,63555.686105903056,6582729023498.217,716028061549.5896,70.74846398665512,28274964137.204174,-89277914786.4139,63594.13795183947
1487,0.0007435000000000001,25426967929.277386,-90077536444.32727,63557.75763942518,7452807466662.305,650383269255.0215,73.50631141473528,25407516348.507725,-90079985161.75856,63606.288808196616
1488,0.0007440000000000001,22536466392.524124,-90788474708.5317,63563.83187371844,8477980607660.044,580588146292.8116,76.60485853631499,22517095720.68315,-90790206929.0913,63611.139270464235
1489,0.0007445000000000002,19628606960.98863,-91406268982.3386,63564.38627598122,9695025181433.646,506572433127.40546,80.104081178264,19607229738.689674,-91407866626.38875,63617.74962163892
1490,0.0007450000000000001,16704732947.75734,-91930944136.2524,63563.85882391139,11150320504963.248,428571353660.9731,84.07433312697798,16680982358.518072,-91932289591.63878,63600.4031562506
1491,0.0007455000000000001,13767159452.18504,-92362236226.90633,63563.800516280164,12901716162657.73,347302845208.54156,88.59551625139324,13741426333.137121,-92363113967.55188,63609.731887955044
1492,0.0007460000000000001,10819239718.234781,-92699745934.01012,63563.3860749464,15019265739553.305,264383390523.67166,93.75178090757578,10790731892.990883,-92700145653.44939,63624.80876001931
1493,0.0007465000000000002,7863403302.96982,-92943319344.95724,63563.762811040455,17582609007073.486,183011661512.5496,99.61666359758092,7832946474.828233,-92942976963.85213,63600.43295369591
1494,0.0007470000000000002,4903155996.601059,-93092741067.93042,63563.840920176284,20670056265560.938,109032594239.41829,106.21924465005901,4870701364.296275,-93091495551.91234,63616.575194334466
1495,0.0007475000000000001,1941618237.8006787,-93147970203.0482,63563.416733761864,24329629400398.25,52473548740.81948,113.47540969765427,1906388325.1305914,-93145741690.0181,63621.61637335802
1496,0.0007480000000000001,-1018685999.1714867,-93109075798.09627,63563.315222786616,28516977968753.734,29220605866.81616,121.06617906955569,-1056196256.049239,-93105782436.30075,63618.11490375246
1497,0.0007485000000000001,-3975180996.4542074,-92976198559.19666,63564.25978774111,32987671494606.67,61474684581.03524,128.26607176603872,-4014271502.8585143,-92971653318.00545,63607.88154547083
1498,0.0007490000000000002,-6926104106.349627,-92749424692.41803,63567.915286395735,37168568589726.24,173679796838.79443,133.81204588038202,-6964072822.323166,-92743673634.97939,63594.20287712383
1499,0.0007495000000000002,-9866409966.314203,-92429137148.0605,63570.90786339555,40134341477916.21,379914339357.9617,136.06919329259347,-9903205282.311693,-92422273295.48279,63598.52603815
1500,0.0007500000000000001,-12799746957.7142,-92014917773.82542,63582.8199950498,40901534198297.73,665512845377.8616,133.771856021996,-12829447055.283953,-92007777404.45834,63606.14357227277
1501,0.0007505000000000001,-15718981465.062687,-91507361938.98654,63596.83006443401,39029944665711.09,980924968605.6038,127.03830534200655,-15739538708.12416,-91500713995.1915,63593.27754649322
1502,0.0007510000000000001,-18615797169.50951,-90907901524.78212,63605.365443799834,35001062602933.41,1263899590963.3562,117.58948470001432,-18629838178.41239,-90901843234.44254,63588.2383299357
1503,0.0007515000000000001,-21488894910.587387,-90217186224.06746,63611.1768873969,29897577656671.1,1473285124694.4297,107.71901239704353,-21497744640.65224,-90211765059.5524,63584.0757708774
1504,0.0007520000000000001,-24336315409.25569,-89435930966.42264,63615.780240112115,24745874699825.438,1601736596093.4822,99.08946256669363,-24340287615.763615,-89431478568.56215,63580.47541354209
1505,0.0007525000000000001,-27152667622.36789,-88565825796.80383,63615.75624429442,20154397926923.617,1664236771026.1758,92.36383588180209,-27154938137.251366,-88561702774.39214,63573.08967854969
1506,0.0007530000000000002,-29938035111.58897,-87607238360.05402,63615.32151392489,16337774409741.912,1682103014084.9478,87.49674125690773,-29938700938.966015,-87603521469.96579,63568.178892558775
1507,0.0007535000000000002,-32694161628.13309,-86559648189.48181,63621.232735112935,13280788372219.105,1674070853515.3582,84.12756196050537,-32688974276.854046,-86558042485.53534,63579.6809403701
1508,0.0007540000000000001,-35411131928.70682,-85426578949.7968,63622.52505283029,10874622432501.25,1653782380366.03,81.82858849258305,-35403493857.327736,-85426096157.61127,63600.05948309973
1509,0.0007545000000000001,-38089240710.49745,-84208299734.24303,63623.97093446859,8991604813329.67,1630128257178.8315,80.21409536791569,-38079488647.03188,-84208972821.07298,63589.4269786448
1510,0.0007550000000000001,-40726339312.870964,-82905887826.08865,63626.543222332795,7515751004474.226,1608562430546.9614,78.9713924197527,-40714332948.235214,-82908000870.11136,63616.254993889954
1511,0.0007555000000000002,-43314689879.40256,-81523273770.63176,63620.14657457222,6351684204285.225,1592100590054.2583,77.86260787517702,-43305432986.970985,-81524433223.19565,63618.365785151276
1512,0.0007560000000000002,-45858356414.88084,-80058877753.58105,63618.228638517125,5424594599347.739,1582012007750.7385,76.7188033247418,-45849373557.62434,-80060175683.84323,63592.30516426972
1513,0.0007565000000000001,-48353996217.89797,-78514502385.20226,63619.323883912366,4676934657364.9795,1578450761200.7815,75.43177635932523,-48343799580.607635,-78516820173.43869,63615.01397791621
1514,0.0007570000000000002,-50796320920.060844,-76893415025.30353,63616.47522571794,4065124670664.9385,1580734635349.706,73.9471420930067,-50787316697.61873,-76895337673.55074,63612.18423415654
1515,0.0007575000000000001,-53185185473.78234,-75196022949.17595,63615.65259965177,3556578760248.7935,1587641119198.3535,72.25649459097896,-53176207938.330185,-75198321390.0695,63610.27898380337
1516,0.0007580000000000001,-55515972817.45905,-73425670041.63731,63610.27080536344,3127141012541.2515,1597736595764.4353,70.38704901050914,-55508896517.845955,-73426949976.92972,63620.768173472774
1517,0.0007585000000000002,-57789488557.63511,-71582070970.33984,63609.93690505113,2759173764567.9644,1609559089682.8452,68.39025293145745,-57783290099.39459,-71582898089.32303,63642.16474936087
1518,0.0007590000000000001,-60003323544.46599,-69667082484.12654,63614.219875166105,2439856784758.3716,1621857909852.0664,66.32930681122757,-59997010980.236,-69668179021.29128,63648.934913814366
1519,0.0007595000000000002,-62152641862.88553,-67684844166.668,63613.73357798706,2159945309488.109,1633662516918.8699,64.26844560500697,-62147593291.27927,-67685039590.987045,63634.94414266387
1520,0.0007600000000000002,-64237438601.122765,-65635686848.14051,63616.29539874921,1912783560975.2715,1644305765691.3545,62.264949816513266,-64233174342.94012,-65635212275.647125,63665.28895725639
1521,0.0007605000000000001,-66255014043.59971,-63522275135.911674,63619.30439191874,1693436648083.0066,1653463462827.4548,60.36377586835416,-66251672710.33867,-63520912323.37349,63665.09197185045
1522,0.0007610000000000001,-68203153481.020325,-61347052874.31038,63621.7425329362,1498156260062.131,1661061890281.3865,58.59572711410728,-68200425257.78804,-61345041118.2122,63647.61760909185
1523,0.0007615000000000001,-70080799961.96524,-59111350141.86589,63627.30709604959,1323974821019.675,1667210182328.058,56.97796627012013,-70077626319.52032,-59109779561.25931,63657.8675579994
1524,0.0007620000000000002,-71885339664.64572,-56818286785.35996,63632.38873775067,1168429293112.3186,1672134563145.5505,55.51598771625319,-71881834213.86563,-56817195158.47177,63656.139737062666
1525,0.0007625000000000002,-73614605205.39967,-54470795116.515854,63634.97944103078,1029425658530.7401,1676094842069.2988,54.20648368719494,-73611239288.44356,-54469538994.03312,63650.095945603854
1526,0.0007630000000000001,-75267616444.51268,-52070466149.01781,63638.6516376345,905139992424.3707,1679343045212.772,53.04019610815793,-75263842890.89774,-52069804321.790924,63644.12795921641
1527,0.0007635000000000002,-76842394736.5168,-49620296201.76205,63641.32302676451,793952011919.7318,1682102470113.2869,52.00436625935814,-76838296746.36868,-49620276533.912415,63643.37895231735
1528,0.0007640000000000001,-78336626091.6795,-47124154711.71121,63638.28708606654,694432423885.6256,1684538556715.8132,51.08480596165703,-78332990896.01308,-47123639003.316925,63631.60578657216
1529,0.0007645000000000001,-79750410495.18579,-44582338189.40529,63638.82901887381,605330461408.3345,1686753354202.4448,50.267410737259475,-79746510727.14893,-44582405505.24321,63621.95238676184
1530,0.0007650000000000002,-81081127889.60753,-41999644334.10275,63634.50735378565,525531617748.66125,1688811787186.5627,49.53898025740117,-81077478283.26079,-41999552108.56359,63616.33905240907
1531,0.0007655000000000001,-82328676825.78937,-39376754117.0252,63633.26520318353,454082808870.3344,1690720308642.531,48.88788637774409,-82324855622.37654,-39377241792.29406,63610.01855233409
1532,0.0007660000000000002,-83490991468.72543,-36718146182.5285,63628.25486864956,390148890611.0758,1692464250690.2583,48.304182674326356,-83487650414.08092,-36717932397.91818,63622.32833071034
1533,0.0007665000000000001,-84568045285.52461,-34024356054.318653,63627.91791295544,333025603818.3239,1693997076056.0166,47.77968153223342,-84564566601.47467,-34024690114.80559,63616.66157091579
1534,0.0007670000000000001,-85558640896.47916,-31298353035.247997,63630.74723168768,282101849398.0044,1695270468355.9558,47.307717422756454,-85554618950.08969,-31300451179.84737,63595.424081815814
1535,0.0007675000000000001,-86460058311.89224,-28547881989.481506,63618.80300833409,236862894568.16516,1696227332246.0823,46.88297128069367,-86456861374.07356,-28548105137.869305,63605.400516233516
1536,0.0007680000000000002,-87273846848.1116,-25769614200.312305,63616.11613156621,196893912766.53827,1696797060150.1816,46.50133260457945,-87270592846.88193,-25770090805.155716,63594.22442624376
1537,0.0007685000000000002,-87998557461.14584,-22968184971.69279,63614.88177982767,161818970053.1445,1696939286283.2131,46.15945483978705,-87995082410.59094,-22969597858.742237,63584.26983540494
1538,0.0007690000000000002,-88633426460.21637,-20146869753.098316,63613.412842800775,131330294302.44974,1696609476402.9426,45.85465941310654,-88629811101.72787,-20149279736.833878,63604.072859295244
1539,0.0007695000000000001,-89177833743.48663,-17308988745.190273,63610.205418246376,105171236845.95856,1695768635579.6428,45.584781718582065,-89174337108.70949,-17311341746.82421,63604.116230324194
1540,0.0007700000000000002,-89631709310.65367,-14455629235.91802,63611.81570027441,83128048239.79485,1694384042312.808,45.34804443101426,-89628251392.49265,-14458487983.620619,63608.73749249469
1541,0.0007705000000000001,-89994223844.69785,-11592103793.247082,63609.0818315278,65019423291.2883,1692431857133.8052,45.142940999168346,-89990883812.78137,-11594764810.786377,63605.34845460301
1542,0.0007710000000000001,-90265282471.93208,-8720880518.186749,63604.23704560433,50701088707.189804,1689887992587.9397,44.96821037283579,-90262159111.75735,-8722577859.69416,63591.72614592742
1543,0.0007715000000000002,-90445029378.15521,-5841876012.378954,63608.03392144776,40054290109.7779,1686734187457.8516,44.82277259722881,-90441804512.53175,-5845157397.1727495,63602.22489618154
1544,0.0007720000000000001,-90532944791.15176,-2962509844.1661096,63603.43896968398,32982819225.005417,1682956516866.8423,44.705689437543775,-90529903232.69148,-2964412887.219997,63620.396663205436
1545,0.0007725000000000002,-90529301614.12288,-83553074.64880258,63599.235723453145,29417824008.274326,1678538261375.3132,44.61618254588159,-90526335540.72104,-83662589.40130034,63620.396070400275
1546,0.0007730000000000001,-90434223557.46275,2791665150.4540806,63593.89489692435,29308690431.63681,1673466457596.5427,44.55359837726601,-90431214557.44125,2793528111.711796,63601.90466761524
1547,0.0007735000000000001,-90247869593.89896,5662224532.771944,63594.516329134574,32624819913.49371,1667728222355.6958,44.51740591695056,-90244743850.77174,5664402028.121586,63612.14847590826
1548,0.0007740000000000001,-89970379415.15057,8525346793.48319,63600.596141250615,39356286826.92375,1661309632044.734,44.50720007828914,-89967187128.42824,8526965968.580215,63623.74497813004
1549,0.0007745000000000002,-89602175167.55313,11376396249.860014,63605.158867344915,49514274913.41369,1654194992383.2805,44.52270711756419,-89599011948.43134,11377267048.13885,63614.46377549255
1550,0.0007750000000000002,-89143705122.19867,14212815891.9563,63609.54804603051,63127676929.185356,1646369365216.3555,44.56376981035674,-89140569444.60046,14213091146.92271,63639.20181796535
1551,0.0007755000000000001,-88595597932.3283,17031317751.436802,63612.255115286025,80244371680.37012,1637817509724.8213,44.630342590896525,-88592352428.51532,17032163264.402836,63631.595984384345
1552,0.0007760000000000001,-87958323933.44205,19830107049.214615,63617.22975930962,100930508650.83096,1628524503859.3828,44.72248330213367,-87955225720.886,19830075070.7001,63628.52441188865
1553,0.0007765000000000002,-87233062810.06993,22604264247.300198,63616.59221652184,125274728601.94835,1618472983685.614,44.84036548640797,-87229732610.23422,22605018605.639233,63637.09458130591
1554,0.0007770000000000001,-86420326888.86621,25352692501.988632,63617.204753435755,153381018333.4801,1607649204874.5388,44.98424645852889,-86416754811.52711,25354152293.525723,63639.89601716788
1555,0.0007775000000000001,-85521204467.35822,28071997623.90968,63616.555964371626,185380444538.31265,1596034492877.1018,45.15450212960319,-85517071064.03004,28074869707.482784,63668.10599558557
1556,0.0007780000000000002,-84536498424.80045,30760159262.981373,63617.365552767274,221426443477.77753,1583610731288.1487,45.35161598238863,-84531522114.63853,30764920149.946793,63677.293583061764
1557,0.0007785000000000001,-83466712789.19963,33415934485.171535,63624.75732268262,261701925565.0995,1570356338755.8538,45.576199240301506,-83461285796.95264,33421134664.5299,63679.34459349436
1558,0.0007790000000000002,-82314055592.04764,36033721961.70136,63626.92638618902,306426641829.71564,1556243509525.8997,45.82902605474667,-82307690061.42487,36040501986.84141,63686.74386951339
1559,0.0007795000000000001,-81078092914.89943,38614913713.923706,63639.58271951336,355839324223.97955,1541254155088.2578,46.11095193608974,-81071879239.85146,38620583914.07922,63687.69420264923
1560,0.0007800000000000001,-79761827001.06705,41152896704.461075,63646.16469226127,410236943680.49023,1525351756968.3904,46.42304960986049,-79755513512.21515,41158125533.61857,63677.4056241029
1561,0.0007805,-78366355378.29477,43646013387.96174,63650.78526290437,469935470261.0508,1508516499195.7273,46.766470084981684,-78359540788.8402,43651486634.737114,63694.64983811694
1562,0.0007810000000000002,-76892755789.43294,46092584289.36835,63656.80129119938,535301605757.9246,1490721063172.6138,47.1425101534581,-76885724135.28104,46097894864.55551,63686.51739702185
1563,0.0007815000000000002,-75342945124.99278,48489528998.93409,63661.53280553874,606760443284.0482,1471930999141.3535,47.552664805851975,-75335762701.92935,48494525473.4041,63688.122914850224
1564,0.0007820000000000001,-73718661616.00246,50834374193.34473,63664.765988413375,684793200475.096,1452112667857.2732,47.99861553029111,-73711224756.23662,50839207928.76387,63693.46309454313
1565,0.0007825000000000001,-72021464755.625,53125084604.135254,63667.830519128074,769949787885.7809,1431229386702.7756,48.482254123821,-72013871285.79982,53129611446.69997,63673.60341982193
1566,0.0007830000000000002,-70253378509.08946,55359095779.01252,63669.526222793014,862863153363.7622,1409238661327.5388,49.00572722803517,-70245923394.90176,55363054510.88445,63677.37571105896
1567,0.0007835000000000001,-68415567184.164955,57535124178.35097,63673.820065925065,964257275032.9869,1386095921977.167,49.57145134383267,-68408612195.24769,57538002703.63598,63674.830023395436
1568,0.0007840000000000002,-66510265937.47676,59650561883.341805,63678.53296792021,1074975629056.4948,1361745052096.4417,50.18220292210227,-66504135622.207504,59652205065.432755,63672.28760650097
1569,0.0007845000000000001,-64539277137.64958,61703509716.94159,63684.44843247694,1195987272952.5686,1336129041305.1755,50.84112178265768,-64534068123.85554,61703919663.18364,63687.88958143029
1570,0.0007850000000000001,-62505939309.74343,63690590422.79122,63685.53363915412,1328417103674.494,1309183498726.8997,51.551775638577425,-62500842876.15894,63690738264.60558,63685.4941140882
1571,0.0007855000000000002,-60412078825.791336,65610327534.99389,63684.260684686225,1473553838963.2126,1280849587575.9902,52.31812952678436,-60406518939.97809,65610753267.07312,63700.25991701279
1572,0.0007860000000000001,-58258196225.0883,67462456960.117966,63688.146943667605,1632905738411.5435,1251055052913.612,53.1446838497828,-58252766445.55623,67462505660.172615,63701.6556045842
1573,0.0007865000000000001,-56048343923.34968,69243463305.15642,63688.852406077545,1808264881257.0427,1219702307645.684,54.036700915057274,-56042360473.23676,69243738293.24529,63705.6339323407
1574,0.000787,-53783986753.724045,70952389709.2094,63690.27617286156,2001712369710.597,1186704241504.2712,55.00013839383763,-53778026483.21676,70952495509.96315,63700.0320469903
1575,0.0007875000000000002,-51466536616.230545,72588248786.60481,63695.69153703585,2215721408911.225,1151952933202.9302,56.04187773333685,-51461530622.38131,72587474346.80188,63718.82664900982
1576,0.0007880000000000002,-49100302920.05547,74147991748.01439,63697.51344959214,2453245978194.4595,1115320002715.116,57.169954767551545,-49095126384.8185,74147264601.64023,63721.05306280585
1577,0.0007885000000000001,-46687695755.78139,75630266753.34569,63696.652099723324,2717785033518.327,1076683629584.9705,58.393586157592374,-46681098389.68693,75630219417.3365,63730.12404999442
1578,0.0007890000000000001,-44228764119.4837,77035221052.1147,63701.663273538936,3013541975739.4307,1035903332547.348,59.723467907766896,-44222857232.6445,77034522009.64383,63722.799578383754
1579,0.0007895000000000002,-41729545127.10997,78359351431.85005,63700.33140796503,3345638324902.6616,992796820752.0682,61.17231282209314,-41722878828.00344,78358871794.69514,63709.08252907563
1580,0.0007900000000000001,-39190875611.92261,79602530422.52559,63699.23746960657,3720244129328.9263,947200495382.145,62.754900314654485,-39184105889.63325,79601891397.99518,63693.14394859414
1581,0.0007905000000000002,-36615477073.98938,80763539751.68465,63698.043002525694,4144937845705.31,898910438777.702,64.48877942516131,-36608797190.23469,80762654824.805,63690.26986918854
1582,0.0007910000000000001,-34007018559.897984,81840863003.88297,63693.907400340126,4629052950045.663,847705405215.1876,66.3948618501108,-33999366522.282516,81840208745.84401,63696.3359958489
1583,0.0007915000000000001,-31365447097.905632,82834722576.96832,63694.87293244057,5184140091952.997,793357809147.6368,68.49808321756127,-31357376901.67421,82833974941.96036,63717.84705629249
1584,0.0007920000000000002,-28694726078.29868,83743567767.19237,63696.69398386641,5824658921865.471,735603474443.5914,70.82859595963833,-28685649032.046288,83742867307.47592,63750.92187779887
1585,0.0007925000000000001,-25997643261.362328,84566519064.16376,63699.08752604221,6568730832435.892,674199223068.8896,73.42270146254324,-25987302558.83559,84565898702.81541,63753.36622161452
1586,0.0007930000000000001,-23277681249.880856,85302596244.13321,63700.18024359731,7439189762243.374,608935161885.1938,76.32410315212029,-23265555743.86609,85302113381.54431,63740.47665826869
1587,0.0007935000000000002,-20537859028.434364,85951133878.36432,63699.64359255009,8464860498362.181,539689749002.87305,79.58515240019555,-20523716645.868996,85950720573.60652,63740.58675631199
1588,0.0007940000000000002,-17779692643.084076,86511930675.74539,63700.70388563374,9682098721397.934,466511464112.4766,83.26792275983442,-17764249143.08353,86511351413.05453,63737.32117316812
1589,0.0007945000000000002,-15006153645.56996,86984421976.66211,63702.74791076364,11136468981375.5,389759184126.26654,87.44451684672525,-14990149915.826387,86983395084.55266,63737.80177897483
1590,0.0007950000000000001,-12222441353.839104,87367794361.28629,63700.54679536813,12884033641864.707,310382276572.78296,92.19479673947801,-12203793251.096367,87366669358.01453,63740.91319656761
1591,0.0007955000000000001,-9430901704.421621,87662005954.0456,63695.794886143776,14991114136042.473,230382202438.15332,97.59845802311482,-9408686283.889921,87660736478.11044,63730.70448808949
1592,0.0007960000000000002,-6631746306.678685,87867258163.3683,63694.15251046103,17530043308123.15,153511210516.7489,103.71604258302561,-6607456820.164724,87865461984.90115,63722.144172334076
1593,0.0007965000000000001,-3829179438.264131,87983222728.9516,63692.50109244962,20565427189738.387,86375776690.99416,110.54807151060379,-3802859460.498125,87980758780.07816,63728.48148179413
1594,0.0007970000000000002,-1025572820.1008255,88009910947.20789,63691.71917631551,24121004454185.914,39950134487.94208,117.95588491357734,-997221687.776502,88006667443.19714,63737.518993154714
1595,0.0007975000000000001,1776325845.0104039,87947368094.23462,63691.87220185956,28113889871990.13,30929862746.529224,125.53074623961074,1806527415.5789285,87943177169.62276,63741.107312571345
1596,0.0007980000000000001,4573901670.932355,87795693728.22499,63693.14633270359,32250790780863.39,81311436183.45477,132.4297893224459,4605213450.223592,87790503282.61081,63728.381485854356
1597,0.0007985000000000002,7364929068.381842,87555033742.71423,63696.35812686606,35926412780550.695,212803092254.13568,137.30053887735463,7395273627.363322,87548952866.93275,63711.46840360999
1598,0.0007990000000000001,10149990971.316824,87225239358.87468,63706.47588153365,38259358225032.65,433280151919.84576,138.5625795422592,10174286203.730825,87218888844.581,63724.11595860758
1599,0.0007995000000000001,12919370625.241426,86807271737.68504,63712.461984934416,38431421098372.805,720980059929.2413,135.22586130740373,12939960020.585402,86800650801.78389,63707.14302803875
1600,0.0008000000000000001,15674040685.18626,86301210395.7583,63720.267047492496,36220949131237.68,1024205038866.203,127.77078800217247,15689191586.70421,86294858410.1959,63731.136503008835
1601,0.0008005000000000002,18411194580.55678,85707517363.9189,63729.73301885523,32212464854968.94,1286511869742.411,118.07945863570012,18419603158.376854,85701986090.15137,63717.310438496264
1602,0.0008010000000000002,21123608682.764683,85027781973.86458,63734.44973492922,27409545454895.957,1475383546144.3076,108.3252433396043,21128269388.552338,85022817495.06667,63721.26647608429
1603,0.0008015000000000001,23813447089.452515,84261769058.26285,63741.764191985116,22680353324765.15,1588588540204.1353,99.9542623952484,23812475623.74836,84258163956.69798,63720.26040430141
1604,0.0008020000000000001,26472021463.256824,83411945773.07878,63742.98987797722,18509128726203.297,1641928247410.4688,93.47931859458146,26469000408.30329,83408995523.43378,63714.88442666533
1605,0.0008025000000000002,29100950338.220833,82478245293.76761,63744.62003968248,15051502977881.863,1655295578717.5535,88.79752632040875,29095916310.74165,82476036146.1533,63734.58131618918
1606,0.0008030000000000002,31697729864.95517,81461630788.14647,63746.8958676304,12278667914600.42,1645677585328.0767,85.54483132195121,31690539582.786884,81460322033.77968,63733.05249955436
1607,0.0008035000000000002,34257629685.507603,80364044502.51949,63746.348355944174,10089224434100.277,1625305831885.9434,83.31008429013957,34250235691.445507,80363036680.13266,63744.26848371281
1608,0.0008040000000000001,36779120717.4544,79186427320.85219,63744.5898057936,8368811398786.823,1602197484439.3152,81.72623202213578,36772907279.16661,79185120664.7969,63754.72004850511
1609,0.0008045000000000001,39261908401.824974,77929080372.73958,63745.76482342021,7014491727934.758,1581267980521.7004,80.49613702630607,39255005079.17779,77928285282.55327,63740.21770187809
1610,0.0008050000000000002,41701985498.62433,76593984878.9589,63746.991143578445,5941604084352.22,1565257428704.394,79.3931219386617,41694021118.06978,76593982176.21686,63737.65534479315
1611,0.0008055000000000001,44097574882.876465,75182217262.71506,63749.75428486178,5083486722942.176,1555347703593.9753,78.25513252250384,44088272929.37577,75183260121.46368,63738.12724924931
1612,0.0008060000000000001,46442760549.02208,73697337076.18454,63745.4725664089,4388755670629.9927,1551644492848.0647,76.97785724698154,46434813392.7612,73697925328.08429,63735.62030102638
1613,0.0008065000000000001,48739888327.45519,72138301514.26173,63745.999281791024,3818399748385.387,1553472766536.775,75.50838151069742,48731419789.13374,72139496457.83482,63731.83989507801
1614,0.0008070000000000002,50982965396.76869,70509104316.96011,63740.99850842675,3342996220509.54,1559740928548.1772,73.83694600985721,50975800843.19243,70509707291.97295,63734.38544672625
1615,0.0008075000000000002,53172598452.31107,68809673605.17636,63738.86676679197,2940704753513.512,1569089030264.5125,71.98822198879589,53166127573.8162,68810040887.12839,63742.64768606425
1616,0.0008080000000000001,55306284629.725136,67041956162.09756,63738.6245656139,2595415630530.4766,1580176804758.4973,70.01015524706416,55299927044.77217,67042446105.08095,63748.07083351736
1617,0.0008085000000000001,57380947367.38823,65208562149.20631,63736.918969477,2295391436905.431,1591807255200.8577,67.96287435275566,57375759589.47267,65208288781.02651,63760.95491658288
1618,0.0008090000000000001,59395760710.38252,63310408235.24736,63738.21700613141,2032137002580.4788,1603030100224.1665,65.90858608450364,59391214313.95981,63309701557.982445,63776.681337683985
1619,0.0008095000000000002,61347268630.30852,61350777824.109215,63736.76497574628,1799452114150.0117,1613211108893.6765,63.9034421581344,61343904878.19421,61349054766.3634,63768.06822368346
1620,0.0008100000000000002,63236433557.90768,59328914926.75569,63744.41646838029,1592770314288.1611,1621992572266.3416,61.99265050332749,63232322773.70628,59328080293.413536,63772.979133745
1621,0.0008105000000000001,65057605676.92813,57250656141.23925,63744.70034337337,1408572876691.333,1629292784839.8384,60.2079851082788,65054500168.15912,57248755149.42505,63783.2196284664
1622,0.0008110000000000002,66810886733.9785,55116324891.205536,63746.20317240335,1244126499096.157,1635167002778.5273,58.56838254231212,66808558137.687294,55113493632.60806,63793.15878468036
1623,0.0008115000000000002,68494329321.88721,52928392955.44216,63747.76340503058,1097155566558.7335,1639808273017.335,57.08132859835297,68492763155.18975,52924579869.624794,63795.020125723786
1624,0.0008120000000000001,70107541267.64262,50687479930.854515,63755.765689477405,965723097627.3351,1643456848336.4775,55.74538031021838,70105697655.3195,50683965932.00617,63795.908471624556
1625,0.0008125000000000001,71647466716.18587,48397693835.22579,63762.278156355205,848122835249.1932,1646367000679.5142,54.55273598711084,71645350715.38953,48394451378.65516,63792.667827141064
1626,0.0008130000000000001,73112486803.73897,46061660326.92566,63766.595226181766,742867982910.2113,1648746532745.18,53.49184661869897,73110407775.61426,46058360811.455986,63799.78398897958
1627,0.0008135000000000002,74501610881.51215,43681212867.59095,63771.28816167005,648643136237.4829,1650758845789.5542,52.54937952170464,74499176767.5819,43678401727.286865,63782.1180102746
1628,0.0008140000000000002,75813022129.23209,41259636377.320076,63773.23650354072,564280569058.2069,1652521038124.012,51.71165838458252,75810316832.28708,41257273320.12931,63762.04193902863
1629,0.0008145000000000001,77046164881.27399,38798265748.65872,63777.22707674829,488760393281.3837,1654095795734.1343,50.96572062504807,77042572896.34958,38797547985.719246,63750.142414100934
1630,0.0008150000000000001,78198811781.02527,36301692231.0363,63775.39374629701,421185165095.15454,1655510149792.3684,50.299862975260076,78194864395.36731,36301691538.30395,63742.78710835549
1631,0.0008155000000000001,79270628309.84996,33771205489.05817,63773.42315909577,360791026638.2362,1656747349211.7705,49.70401854994041,79266417612.29053,33772178161.887352,63735.89570967462
1632,0.0008160000000000002,80260780001.7602,31209047428.735622,63772.68909313685,306912992351.64453,1657776579642.0403,49.169726668417816,80256001089.9433,31211648610.66809,63732.11222950159
1633,0.0008165000000000002,81167744696.35748,28619424655.70656,63767.31863920308,258981651944.57156,1658553381742.6135,48.69004164834437,81163016264.00609,28622408849.702137,63746.46440709557
1634,0.0008170000000000001,81991491958.30212,26003049514.235325,63765.13460802285,216520211795.1169,1659020861917.4253,48.25940122626458,81986856424.64711,26006107320.40474,63753.233685880514
1635,0.0008175000000000002,82730773457.42043,23364061615.667812,63760.40412285786,179116429786.9556,1659129495520.8025,47.87334068130458,82726525888.65909,23366339904.989212,63767.85034310543
1636,0.0008180000000000002,83385277383.9854,20704191137.297558,63757.062772412115,146428352079.6401,1658826922216.0435,47.528327450092775,83381365017.01814,20705631534.221817,63760.365132411
1637,0.0008185000000000001,83954424203.97998,18026125504.761974,63755.03308448281,118164783920.5433,1658069539409.0122,47.2215324128383,83950715924.77547,18027103084.253395,63762.41847806137
1638,0.0008190000000000002,84437753987.35266,15332383236.980356,63754.90606095593,94082108470.6005,1656818944602.0747,46.95067308012508,84434205006.8938,15332931312.857695,63769.35082225495
1639,0.0008195000000000001,84834842363.93573,12625636787.432293,63756.67121754037,73977298161.51479,1655042448049.5234,46.71388449875285,84831238159.24327,12626096272.822771,63772.68494811363
1640,0.0008200000000000002,85145007590.75784,9911104590.725979,63751.255892971414,57683034280.42965,1652712129240.3525,46.509624356116674,85141697555.49037,9909645206.930956,63759.42211301971
1641,0.0008205000000000002,85368690514.94743,7186923964.692711,63756.34047614142,45066130190.619965,1649801843284.7556,46.336619935590676,85365180540.55531,7186642322.2021,63753.608409014705
1642,0.0008210000000000001,85505160450.0368,4460787531.661217,63752.707523111574,36013657466.17784,1646295113560.0789,46.193769360677905,85501695499.18748,4460054806.838768,63746.74506471578
1643,0.0008215000000000001,85554723369.86873,1732004323.573502,63754.103439451486,30443389820.08032,1642172006825.012,46.08016011209406,85551187393.0021,1732216796.7781987,63737.48133069888
1644,0.0008220000000000001,85517297584.94667,-994796610.8177831,63753.108058171616,28291622103.30169,1637418048237.2288,45.9950162857721,85513784765.48862,-993932561.4728506,63733.413979562174
1645,0.0008225000000000002,85393071147.82591,-3717196438.615605,63751.33688597166,29516667207.59176,1632018340381.6926,45.937699664177416,85389604495.73518,-3715897342.06522,63728.73617075314
1646,0.0008230000000000002,85182369732.16402,-6431176326.760783,63744.36838130154,34095762001.35146,1625959092013.0068,45.90769734035967,85178913102.84657,-6431125621.308007,63736.394704736376
1647,0.0008235000000000001,84885449164.20097,-9136257062.940603,63741.15528879623,42023442897.268524,1619227605337.009,45.90461108597049,84881991274.99097,-9136654948.8392,63726.97153353884
1648,0.0008240000000000002,84502591556.0533,-11830060099.490288,63742.435174762344,53314226264.85542,1611809791593.5393,45.92816483274341,84499235620.30217,-11829633388.889372,63737.1091292112
1649,0.0008245000000000001,84034479960.79303,-14507900268.58678,63740.409338471276,68003013312.09562,1603689807205.7993,45.97821126895831,84031173941.12485,-14507502165.998665,63724.724578657246
1650,0.0008250000000000001,83481967031.55199,-17166052774.429758,63731.79561756277,86140663923.9553,1594853543077.308,46.054711320792485,83478369670.96486,-17166988633.057543,63706.26203110043
1651,0.0008255000000000002,82845185631.05214,-19805075322.49844,63729.386986193866,107793751508.45416,1585288548568.9138,46.15771886663672,82841840818.04324,-19804614477.68999,63677.45366084674
1652,0.0008260000000000001,82125200438.32185,-22420512911.49622,63725.652788170744,133056481352.6327,1574975528668.4487,46.28742802991407,82122146090.56151,-22419012236.457016,63671.93015202993
1653,0.0008265000000000002,81322894781.10861,-25009707300.3525,63720.64007781387,162040193063.48187,1563898019749.6382,46.44414097441071,81320155193.26567,-25007473668.47393,63682.62572669471
1654,0.0008270000000000002,80439162612.3894,-27570270292.16831,63715.27670279868,194878535090.54218,1552038723438.3882,46.628269761884546,80436418051.05919,-27568234334.107765,63692.99807317156
1655,0.0008275000000000001,79474377839.05804,-30101438335.34416,63716.38660360648,231730309080.87534,1539378618669.6907,46.84034473241044,79472088749.15869,-30098323931.578854,63705.88634469694
1656,0.0008280000000000001,78430688128.78543,-32597541063.249428,63711.18480085138,272789392451.7483,1525891608371.2324,47.081059366778724,78428022730.58206,-32595516043.854176,63720.953697111356
1657,0.0008285000000000002,77308482033.21767,-35058267160.9544,63708.82025046998,318265358368.2011,1511561593995.3352,47.351185434234615,77305329356.96024,-35057397294.08032,63725.66441669902
1658,0.0008290000000000002,76109043847.69316,-37480909851.61296,63707.947757746755,368410975220.1709,1496361982275.2273,47.651655848433144,76105249498.53818,-37481341392.98925,63751.511802143184
1659,0.0008295000000000002,74833627993.3018,-39863085626.25607,63708.49851246679,423515215384.74695,1480265688091.2173,47.983558815108196,74829107544.2893,-39864830793.0237,63750.40826816145
1660,0.0008300000000000001,73483395730.83199,-42202747518.02203,63711.59211173152,483909324799.02905,1463243598940.5115,48.348147339699395,73478355648.13971,-42205120573.59212,63753.455053595404
1661,0.0008305000000000002,72059671972.95407,-44497646063.11782,63717.27042112336,549974568823.0386,1445262840843.1067,48.74686261389607,72054276422.17218,-44500263415.74716,63757.02835736854
1662,0.0008310000000000001,70563995348.37616,-46745328525.28561,63724.59124587891,622147701471.2705,1426287810653.7039,49.18134894476346,70558516270.06975,-46747750006.89343,63771.40820673361
1663,0.0008315000000000001,68998493141.57622,-48942672638.93108,63729.76587637157,700927112131.4166,1406281189991.0732,49.65346317850944,68992519469.5631,-48945439096.06345,63792.59483406746
1664,0.0008320000000000002,67363905268.46071,-51088826288.626755,63738.59663658477,786875544740.7126,1385207802717.7998,50.16525978921493,67357733496.974144,-51091436585.57104,63799.724155121854
1665,0.0008325000000000001,65664329968.19365,-53178445868.5674,63737.13410341317,880650871957.4175,1363019244008.9275,50.71909982689131,65656015192.29114,-53183396864.70059,63802.8915874938
1666,0.0008330000000000002,63898741246.11632,-55213269094.4065,63742.71228144032,982975747956.8756,1339686028047.7144,51.31750475289163,63889592875.19091,-55218673539.857574,63794.259677314454
1667,0.0008335000000000001,62069937274.56902,-57189946281.59403,63748.862316632956,1094723525218.2751,1315142735185.8105,51.963462870322445,62060411630.5537,-57195287679.19056,63792.640131916756
1668,0.0008340000000000001,60180459354.12742,-59105832820.88433,63752.46948268954,1216888677388.5547,1289331142318.2112,52.660357261444105,60170068354.127106,-59111608416.745995,63802.94407919987
1669,0.0008345000000000001,58231962670.03392,-60959452123.62729,63755.61203225919,1350614806160.2156,1262192961716.7605,53.41197841965799,58220701098.36685,-60965582892.61492,63806.8805823179
1670,0.0008350000000000002,56225774081.874405,-62749658275.914925,63761.48089965486,1497237084364.435,1233658561704.577,54.22263868092748,56213775811.94343,-62755898719.59178,63823.15150868965
1671,0.0008355000000000002,54164126668.97812,-64474463907.27627,63768.84039347631,1658325098442.0464,1203643829352.5613,55.097310550597115,54151802996.10979,-64480383885.14888,63825.19654809899
1672,0.0008360000000000002,52049816208.64035,-66131578534.865875,63774.72925009136,1835717226258.5872,1172058980767.9133,56.04169588135392,52036926270.57781,-66137382620.44159,63824.1176700423
1673,0.0008365000000000001,49883867660.18178,-67720317168.04736,63783.96548153332,2031569157610.4333,1138811274575.6663,57.06229253228589,49871408885.522705,-67725196499.12005,63822.83554137304
1674,0.0008370000000000002,47671036133.54274,-69237197543.52788,63786.517569201314,2248450832982.4673,1103784891921.3176,58.16665330889055,47657782882.92659,-69242100150.1563,63820.84313623582
1675,0.0008375000000000001,45411189009.97698,-70682596583.75291,63792.46716175521,2489380386537.7725,1066877023487.4313,59.363349941873956,45397944442.80584,-70686887845.6134,63836.97070292709
1676,0.0008380000000000002,43108096655.494896,-72054098340.53555,63796.189812462144,2758006389612.8525,1027943588718.2903,60.662460163187475,43094486538.7319,-72058055332.76431,63826.06267060377
1677,0.0008385000000000002,40764254996.45934,-73350387364.0844,63797.77373399298,3058695422513.4805,986841054686.6191,62.07569897555048,40750179459.5589,-73354141657.7191,63820.67687473209
1678,0.0008390000000000001,38380690046.81825,-74571049615.72412,63802.12262206823,3396728725327.1143,943408859637.875,63.616780344414266,38367076369.322876,-74574016538.43503,63812.18495408571
1679,0.0008395000000000002,35960892984.937,-75714307508.38564,63805.519028515904,3778560078432.457,897454589596.7479,65.3019870124226,35948002621.536766,-75716417973.03174,63814.27147001342
1680,0.0008400000000000001,33507647633.827595,-76778972940.90166,63807.2956250784,4212079655566.7314,848780451362.3043,67.15058821172295,33494735180.042046,-76780681813.15451,63820.362691550086
1681,0.0008405000000000001,31024349379.216267,-77763736927.06201,63805.28137582052,4707007723040.53,797175291301.3499,69.18548729293474,31009768920.467857,-77765643083.86658,63838.71107237276
1682,0.0008410000000000001,28512091166.378056,-78668392428.05269,63804.263931723726,5275379678817.429,742424462064.6986,71.43396738646206,28495898750.473022,-78670383334.00726,63831.1374474367
1683,0.0008415000000000002,25971640044.749462,-79492715343.25943,63808.942575346904,5932228064159.989,684296944859.5527,73.92883289567972,25956805407.330574,-79493735055.83989,63798.45866596187
1684,0.0008420000000000002,23408744746.765514,-80234756391.61647,63810.17780077203,6696428193474.908,622565922147.4904,76.70969574609775,23395180378.404957,-80234928733.96031,63787.35532052373
1685,0.0008425000000000001,20825734061.319515,-80894056133.95891,63809.334598250214,7591647504406.506,557093830836.6796,79.82383888796842,20812859537.64215,-80893673413.24472,63773.039988294564
1686,0.0008430000000000001,18224033076.268295,-81470418786.99635,63809.73394864061,8647639800607.133,487857765637.9185,83.32741801717837,18212657151.76928,-81469322578.13675,63775.504776715905
1687,0.0008435000000000002,15607141924.61123,-81963128844.25774,63809.22669016912,9901674004252.258,415054546397.37305,87.28619514040608,15597158708.250376,-81961390540.15184,63772.12076081194
1688,0.0008440000000000001,12978362765.729656,-82371705436.55432,63806.56236847967,11399813194779.066,339312747835.2795,91.77450205378857,12968811451.645058,-82369652829.04701,63762.00913198082
1689,0.0008445000000000002,10339196851.38799,-82696102230.61714,63804.67907864939,13197462851833.787,262011176212.05035,96.87066519544355,10330216954.586922,-82693667733.77159,63771.560592639515
1690,0.0008450000000000002,7691982058.940773,-82936107675.81995,63804.214279480846,15357650078117.912,185794944647.99207,102.64497186319706,7684045740.720312,-82933302697.98883,63790.723461289774
1691,0.0008455000000000001,5039773146.5079155,-83091489649.5924,63804.23419996553,17943643497429.215,115419163368.76192,109.13237375052505,5032862805.868657,-83088403049.20792,63773.49916692766
1692,0.0008460000000000002,2385741771.6158714,-83162136131.87045,63803.724512220746,20999596169890.582,58947895722.16555,116.2777180172735,2379896059.6669044,-83158783586.20409,63783.92025482886
1693,0.0008465000000000001,-267829060.38428202,-83148107206.96266,63803.55757748172,24509084555898.504,29136797903.818275,123.83842559851183,-272483540.72854173,-83144581718.70749,63773.834190734255
1694,0.0008470000000000001,-2918728702.2006116,-83049475431.13902,63804.49194135845,28321433295329.074,44155028617.31268,131.24106997888538,-2921341854.0751586,-83045886834.61296,63778.26914085104
1695,0.0008475000000000001,-5565009720.733397,-82866342543.46396,63807.67394683082,32054157877302.957,125466218405.91518,137.44373104361438,-5564570456.539362,-82862940318.05457,63786.8477950111
1696,0.0008480000000000002,-8203511078.017691,-82598911460.75392,63812.08059216334,35038979333932.773,289608226102.6408,140.97909381184758,-8199034667.536971,-82595909294.39674,63766.55549941607
1697,0.0008485000000000002,-10830099498.295933,-82247640248.47342,63815.27159978224,36456021481749.67,533648926887.25793,140.4387895295898,-10821673589.015266,-82245262325.87784,63759.60803834762
1698,0.0008490000000000001,-13445732814.845163,-81812467623.14912,63822.93789510535,35735263693704.21,824506056697.1534,135.36683983943337,-13429796352.242527,-81811513500.33017,63746.40334627124
1699,0.0008495000000000001,-16039680828.85675,-81295135037.79431,63822.48748669226,32966809954052.28,1108530411731.1882,126.82646814264737,-16020697419.00521,-81295268842.65045,63737.916309738255
1700,0.0008500000000000002,-18608762792.744953,-80696867638.7831,63813.78815096765,28875988539774.63,1338876079593.526,116.88920434645961,-18592325878.149647,-80697092780.07323,63729.95708034098
1701,0.0008505000000000001,-21163779250.56848,-80015571479.99863,63817.20693074328,24367847744368.965,1495700773022.2808,107.48469512342662,-21141930795.592712,-80017663582.65224,63741.89226215137
1702,0.0008510000000000002,-23687883600.522694,-79255292472.24759,63810.84600302953,20111637471903.414,1584441955440.6946,99.69278317623582,-23667858191.448433,-79257594574.52863,63750.17902821708
1703,0.0008515000000000002,-26185805462.762764,-78415252731.40736,63805.94770818582,16434635871190.166,1622142180423.8716,93.7794764994308,-26166555566.79949,-78418061088.7842,63752.46945260027
1704,0.0008520000000000001,-28654670232.12568,-77496447808.18687,63801.86060468704,13412722910959.219,1627040151765.159,89.53942425579321,-28635957094.137665,-77499795424.07509,63746.83100945835
1705,0.0008525000000000002,-31090228200.183678,-76500546104.64308,63795.6150632477,10993453150395.7,1613757940895.1953,86.59398290713807,-31073857666.845478,-76503696448.3218,63770.59896740836
1706,0.0008530000000000001,-33491981063.767193,-75427980784.66977,63790.41348299156,9079248343313.266,1592555804243.7766,84.55292141343352,-33477594242.175655,-75430948714.24887,63769.956658374475
1707,0.0008535000000000001,-35856986618.971695,-74280119138.33772,63785.27185234726,7568867863906.288,1570119196550.0132,83.07769959305365,-35844690280.89233,-74282652105.20349,63776.870324211304
1708,0.0008540000000000002,-38183732980.33853,-73057791811.3831,63781.8995588834,6373625647871.99,1550490208367.7263,81.89743191633549,-38172672161.864105,-73060102289.78851,63761.96744482819
1709,0.0008545000000000002,-40470310357.247444,-71762003742.08702,63781.39210959233,5421247364700.938,1535861959374.632,80.80700164317511,-40458630574.69533,-71765019480.10829,63771.030696167894
1710,0.0008550000000000002,-42712318416.14686,-70395225506.22852,63778.95755903148,4654878657528.351,1527119355550.7554,79.66096511698939,-42701996796.37813,-70397918407.05173,63799.254123644416
1711,0.0008555000000000001,-44909027834.0064,-68958101308.84703,63778.32036269592,4030676575013.835,1524198362767.7747,78.36752673130317,-44899616083.51823,-68960652738.66565,63803.854158188995
1712,0.0008560000000000001,-47056521674.58049,-67453240261.68129,63774.74702873101,3515188927720.9614,1526416002650.2617,76.8819984758878,-47049002137.041084,-67454823798.35438,63794.64144702217
1713,0.0008565000000000002,-49154758959.27663,-65880911200.12898,63774.36548867097,3083201233945.6533,1532676928392.1968,75.1997780224083,-49148486581.1714,-65881842380.93617,63804.25328821834
1714,0.0008570000000000001,-51200526771.58531,-64243508112.09538,63773.67792428356,2715859496279.5713,1541730838111.0151,73.34729230537698,-51195827761.97729,-64243439619.93789,63814.92223457593
1715,0.0008575000000000002,-53191940849.00575,-62542676139.556335,63773.13888435337,2399256895353.6,1552319095295.3215,71.37212478210999,-53188301064.663124,-62541799866.01815,63805.26927834702
1716,0.0008580000000000001,-55128143576.25546,-60779250470.09197,63776.83239127157,2123218328589.8809,1563335449204.84,69.3326127010391,-55124723146.202354,-60778215529.16013,63809.772564072686
1717,0.0008585000000000001,-57006390661.89698,-58955673367.82156,63781.6017468149,1880312935825.7427,1573925185960.0134,67.28837213055384,-57002831470.9748,-58954845223.20985,63814.96955008917
1718,0.0008590000000000002,-58823993330.49599,-57074638648.3633,63783.998436672104,1665111011455.8503,1583498919809.6538,65.29318366857763,-58820802677.18851,-57073514277.7565,63824.62546280099
1719,0.0008595000000000001,-60580249564.912445,-55137080445.07958,63788.70234188321,1473584205719.007,1591727148392.1973,63.39044531312733,-60577075420.33778,-55135969464.63097,63826.05168719659
1720,0.0008600000000000001,-62271582926.39528,-53147008297.39005,63787.2238890906,1302631461532.6956,1598518666414.374,61.611017088817974,-62269756009.56848,-53144329908.53985,63834.33119548742
1721,0.0008605000000000002,-63899145805.13646,-51103422544.98257,63793.062986503,1149810548484.3462,1603929186981.774,59.97352551589229,-63897202268.15406,-51100780045.98297,63829.92140566826
1722,0.0008610000000000002,-65459582451.05474,-49010375980.75762,63797.292013949445,1013062866016.4397,1608149332662.61,58.48558448423591,-65457873403.711815,-49007347537.652794,63836.06546927171
1723,0.0008615000000000002,-66952655557.92969,-46868352203.0848,63806.86385858909,890651343082.4197,1611395041271.7788,57.14632807087926,-66949969328.94373,-46866535558.53601,63833.207254091925
1724,0.0008620000000000001,-68374656660.340805,-44682610865.545715,63808.99794801752,781040628153.0199,1613900968606.6619,55.948736027228826,-68371855365.286766,-44680792841.42373,63810.460880984705
1725,0.0008625000000000001,-69724682854.86977,-42455055072.69989,63806.372130206626,682901396916.3995,1615854574228.6936,54.88212301164813,-69722279127.98254,-42452579495.34075,63803.50481624734
1726,0.0008630000000000002,-71003096078.9128,-40185453426.05812,63809.57003096868,595046330775.9576,1617413537735.3792,53.933898355652325,-71000051096.28319,-40183998706.17133,63805.82829657049
1727,0.0008635000000000002,-72207351059.62053,-37878256115.867226,63809.63335970439,516402368505.9487,1618704838489.1702,53.090871195644866,-72204211840.53195,-37876999398.96809,63806.719602987454
1728,0.0008640000000000002,-73337217903.07297,-35534227002.2337,63813.239161214675,446040749817.385,1619792702065.733,52.34042095414688,-73333582875.41377,-35533974996.70319,63810.95628590636
1729,0.0008645000000000001,-74390996255.24785,-33156918428.71507,63815.555839214976,383138947555.20807,1620710023312.5955,51.671033062595725,-74387112530.12991,-33157280420.69345,63812.544212360895
1730,0.0008650000000000002,-75367392784.91951,-30749572264.6567,63813.84407562704,326991605495.57837,1621449631261.5298,51.072685714898626,-75363628164.92464,-30749936596.845898,63798.97164833091
1731,0.0008655000000000002,-76266088622.92232,-28313458862.559196,63813.29198590956,276995170652.9174,1621979639324.772,50.53694044067065,-76262142209.30835,-28314320655.026302,63802.627611534626
1732,0.0008660000000000001,-77085795880.95473,-25852322967.99877,63809.1331694091,232626757755.5049,1622260307554.3596,50.05681586572387,-77082084312.5211,-25852656498.396553,63802.7901771727
1733,0.0008665000000000001,-77826317939.8209,-23367313305.077766,63807.08850004144,193446804109.00964,1622239859155.1191,49.6266748808149,-77822650378.7113,-23367793753.36063,63782.089262986294
1734,0.0008670000000000001,-78486725221.38365,-20861772806.04168,63803.91888034986,159077034811.4885,1621870345912.5742,49.24198017080981,-78483091455.38518,-20862511905.4238,63790.94323673383
1735,0.0008675000000000002,-79067024585.31999,-18336071294.228386,63807.93705790491,129201486664.76952,1621102410305.8386,48.89912288300589,-79063027378.57164,-18338556538.13642,63778.651154619496
1736,0.0008680000000000002,-79565869928.55298,-15795870463.331413,63806.70389983704,103548820166.1228,1619895778770.789,48.59519554150026,-79561812400.1952,-15799201250.84581,63777.67103839473
1737,0.0008685000000000001,-79983056195.41093,-13243334687.419073,63802.64757602815,81901456133.45026,1618206814496.9163,48.32790114687157,-79979137811.19833,-13246631295.097511,63783.7764595371
1738,0.0008690000000000001,-80318506955.47105,-10679917849.097486,63800.4652047944,64076137946.73229,1616001284849.5906,48.095380669814645,-80314612648.19653,-10683727297.055428,63772.671497192925
1739,0.0008695000000000002,-80571827192.88171,-8109203823.275328,63796.327332181274,49919432311.84505,1613252619182.2405,47.896092071833046,-80568068364.20474,-8113249134.479175,63766.879957944475
1740,0.0008700000000000002,-80742920777.94559,-5533740828.153097,63790.80938000148,39308399628.91827,1609936830032.1897,47.72875357767519,-80739361693.95767,-5537573073.951492,63769.61999790022
1741,0.0008705000000000002,-80831837520.67499,-2954692687.713305,63789.49724775501,32144843541.539047,1606034083167.4294,47.59228675120076,-80828351982.52303,-2959743215.0916476,63752.31870160682
1742,0.0008710000000000001,-80838457698.37166,-376276413.08363,63785.89784502562,28352886056.25272,1601527694933.8706,47.4857789106498,-80835139283.38902,-382241658.54751146,63748.86471235215
1743,0.0008715000000000002,-80762951674.9146,2197382324.464376,63774.79012620695,27879402333.03378,1596401204129.928,47.40847427950976,-80759859517.68584,2192755454.4369583,63732.25907526554
1744,0.0008720000000000002,-80605559835.7377,4767011808.569437,63769.62173226676,30689617297.37384,1590640390830.012,47.35975076126768,-80602660385.23969,4761756038.061749,63723.51088209039
1745,0.0008725000000000001,-80366587531.63228,7327789851.255622,63761.294442979386,36768004246.95936,1584231487926.6875,47.33911331081241,-80363965740.91199,7321923600.578082,63688.104618019075
1746,0.0008730000000000001,-80046447732.08784,9877382266.603092,63751.201333237026,46116793001.19392,1577160992119.9014,47.34618914648537,-80044064370.7491,9871325167.03594,63699.63685849319
1747,0.0008735000000000001,-79645594831.38193,12413525270.951334,63740.734818659206,58755767157.2179,1569415534425.073,47.38072322685151,-79643358402.80118,12408180254.806395,63707.305373855284
1748,0.0008740000000000001,-79164339713.76526,14935046818.357359,63735.1260583809,74722981655.56953,1560981099264.0984,47.44257923438925,-79162300424.96275,14929558009.275171,63697.500454826084
1749,0.0008745000000000001,-78603702589.90475,17436822699.01126,63723.936231843,94078153403.49669,1551840778095.55,47.531755148119146,-78601501765.03482,17432966293.183296,63699.3592813238
1750,0.0008750000000000002,-77963652081.97581,19919970647.525833,63721.67602343933,116894504695.57701,1541981429997.817,47.64834694662479,-77961715304.58499,19915520884.98002,63689.12175561983
1751,0.0008755000000000002,-77245841120.81433,22377905842.87534,63711.52601671431,143275007198.9551,1531381618885.371,47.792606906994116,-77243637055.17975,22374973574.574413,63692.33849469563
1752,0.0008760000000000003,-76450237159.04955,24811680784.637283,63707.999884363264,173331952980.20187,1520028814976.5513,47.96486489643196,-76448044633.83214,24808963929.06318,63687.59238487748
1753,0.0008765000000000002,-75578297191.71799,27216792648.13642,63702.23170119467,207212092601.167,1507899947701.3772,48.165608769350676,-75575862322.31964,27214833964.03568,63698.984579024494
1754,0.0008770000000000002,-74630862858.56177,29591388849.29737,63696.63171796724,245079697308.47256,1494977236857.6646,48.395432407869365,-74628107294.47931,29590492163.30725,63687.27687344175
1755,0.0008775000000000001,-73607776922.69894,31936051021.542725,63702.78470793646,287128184839.8818,1481239724932.31,48.65505869909523,-73605873144.1335,31933169193.137325,63683.85861011086
1756,0.0008780000000000002,-72511464822.448,34244846704.604343,63705.038105685715,333596634402.11285,1466653969549.4014,48.945426003280204,-72509981175.66624,34241188906.194775,63694.569779269055
1757,0.0008785000000000002,-71343661023.1206,36514562321.207085,63700.199782895936,384740301176.146,1451200361145.1396,49.26756533733323,-71341635248.26654,36512157589.99584,63713.41157154652
1758,0.0008790000000000001,-70104796988.60507,38744903293.34773,63697.01295477966,440845215471.5087,1434860998555.0957,49.622597732143426,-70102329420.7998,38743389777.07262,63691.48559723678
1759,0.0008795000000000001,-68795848309.85725,40934234077.88154,63697.651821967964,502251031136.01416,1417605561939.6426,50.01183891626988,-68793724701.65324,40932253218.64703,63691.272014935996
1760,0.0008800000000000001,-67418705845.835976,43079421735.9409,63697.71573933697,569350439150.8156,1399398569244.241,50.436830218515865,-67416916845.50625,43076965187.19717,63681.82570037388
1761,0.0008805000000000001,-65974953389.212105,45178200825.06265,63696.6711655065,642584992130.7467,1380207771131.3982,50.899304759104076,-65973383008.63008,45175538129.98799,63688.593454644164
1762,0.0008810000000000003,-64466125741.34556,47228557419.266136,63694.87826342084,722458296719.7051,1359998594413.382,51.40120806738847,-64464612563.76888,47225859829.243324,63683.85401558123
1763,0.0008815000000000002,-62894247513.86151,49227954513.69813,63690.15874394885,809547348102.7601,1338732453072.0747,51.94473320674362,-62892412885.393684,49225769803.45266,63664.23044995654
1764,0.0008820000000000002,-61260321113.80909,51175388616.17626,63686.980224812534,904508556116.4563,1316370360501.4436,52.5323282359606,-61258701782.191414,51172997493.49661,63652.8126176202
1765,0.0008825000000000003,-59565679647.46618,53069365641.81338,63687.05415614345,1008106361949.2213,1292861480135.367,53.1667986365852,-59564964393.55615,53066042998.795654,63663.66760770097
1766,0.0008830000000000002,-57814233726.58377,54905596332.97032,63679.00753375673,1121227143032.011,1268147391672.7803,53.85136691379697,-57812768784.068474,54903234570.70229,63664.17284401029
1767,0.0008835000000000002,-56004624963.31708,56685890694.5174,63680.14483885836,1244865196353.7166,1242185529128.3738,54.58954968352007,-56003711924.74614,56683072071.69301,63681.75627719422
1768,0.0008840000000000001,-54141582039.167145,58405470512.3346,63675.376802210776,1380220671072.9893,1214893151679.6257,55.385516792601955,-54139814340.187386,58403571406.627785,63667.9679931619
1769,0.0008845000000000002,-52224540736.21599,60065153227.606186,63677.12491273157,1528648511354.72,1186212181752.0405,56.24388365280239,-52223423716.170265,60062699719.11529,63667.22830742613
1770,0.0008850000000000002,-50256565493.09306,61662202180.30684,63679.43933377996,1691769692588.239,1156049873054.179,57.17004473928774,-50256086347.11892,61659250085.45739,63672.48183772571
1771,0.0008855000000000001,-48241173868.72218,63193881356.36883,63676.2542238441,1871470375111.2974,1124318576503.4219,58.170151207112546,-48239827288.81374,63191579923.72815,63695.25043479638
1772,0.0008860000000000001,-46179361409.28812,64659727279.84971,63673.075410521706,2069951610844.644,1090934653324.673,59.25113474142986,-46176601480.83687,64658458996.738625,63688.955729220506
1773,0.0008865000000000001,-44071918829.17644,66059282442.53167,63674.98880449074,2289837436923.065,1055789459341.7468,60.42101280455537,-44069489337.41648,66057700584.843155,63670.29499005865
1774,0.0008870000000000001,-41922630322.68628,67389997389.92002,63675.1578975753,2534273862620.7993,1018749423120.4733,61.68919919458453,-41920352134.48418,67388297755.52267,63675.31134120676
1775,0.0008875000000000003,-39734130650.81513,68650412317.31157,63672.51644044745,2807001992193.004,979685869099.4021,63.06657560765193,-39731197331.58706,68649087160.26572,63670.94282764542
1776,0.0008880000000000002,-37507345877.68221,69840183464.66522,63672.13050037217,3112517733108.776,938458031265.1442,64.56578543460128,-37504838963.68982,69838535403.38274,63651.02861722107
1777,0.0008885000000000002,-35244883672.58193,70957955584.96094,63672.56286988274,3456286351262.5845,894895101927.9775,66.20175601441616,-35242848956.86355,70956007471.73436,63671.9935736275
1778,0.0008890000000000003,-32950163387.081135,72002129378.15877,63670.257717714776,3844960416340.8975,848815152516.5411,67.99211747122224,-32947362597.483643,72000537015.07549,63684.48718049176
1779,0.0008895000000000002,-30624336975.701694,72972366123.41766,63669.39897932617,4286671688034.181,800032521204.9572,69.95767500876224,-30620583630.99562,72971101799.27594,63690.425499241705
1780,0.0008900000000000002,-28268419239.137794,73868280496.41391,63673.73896589988,4791462292793.478,748337071442.1724,72.12325309825475,-28265473951.23913,73866529861.20464,63687.0528543799
1781,0.0008905000000000001,-25887454876.947803,74687891546.78622,63674.92028984115,5371806796369.504,693503156096.751,74.51866201361814,-25884256110.77465,74686186217.25874,63701.688886609954
1782,0.0008910000000000002,-23483924029.00341,75430544312.53508,63673.39726843391,6043195573446.183,635343816048.9425,77.17939698232429,-23479035311.003082,75429312970.81502,63702.17363345928
1783,0.0008915000000000001,-21059502356.048645,76095908400.06383,63671.7162507184,6824982793716.661,573706523850.1378,80.14778500489268,-21052709810.81026,76095024225.78674,63711.94558188158
1784,0.0008920000000000001,-18617002216.00503,76683324399.45322,63669.065711770614,7741405576932.291,508512210409.4045,83.47420423986753,-18607584443.774143,76682892686.82959,63709.78680218508
1785,0.0008925000000000001,-16157725437.213737,77192609391.63441,63668.54891432449,8822732188859.918,439846928213.9452,87.21787880770944,-16146357256.632769,77192266546.31673,63721.60081952993
1786,0.0008930000000000001,-13685113913.512978,77623078110.76076,63667.60323890166,10106493343341.469,368084109529.39307,91.44691398755961,-13671320933.261263,77622814155.38866,63721.22260752622
1787,0.0008935000000000001,-11200020166.22627,77974683978.0698,63670.13289727417,11638318998984.662,294133507311.7201,96.23582194310582,-11185450249.83053,77974041774.82924,63718.65380377013
1788,0.0008940000000000003,-8707017771.931124,78246741923.71536,63671.0494996148,13471641056833.297,219796468592.93307,101.65839267839652,-8690156017.125978,78245826467.8525,63755.90441886787
1789,0.0008945000000000002,-6209311404.490816,78439051477.26537,63669.14448477711,15664124582615.367,148398285204.91986,107.77016958267322,-6188033723.59567,78437938460.16238,63779.324405156636
1790,0.0008950000000000002,-3707457770.5283384,78551781613.28801,63668.98352914145,18267131525825.008,85672101539.74542,114.572400030147,-3681465800.3368855,78550185240.88313,63793.55444973741
1791,0.0008955000000000002,-1204949935.2701156,78584787211.44818,63668.34200515645,21301356047712.117,40933144790.615555,121.94460832899071,-1173577987.1437328,78582466655.10808,63797.823092320454
1792,0.0008960000000000002,1296232321.695149,78538162227.44266,63668.401467211035,24709208215081.145,28219574081.151344,129.53364852943938,1332408687.5416965,78534783288.60678,63798.62880999053
1793,0.0008965000000000002,3794426275.944198,78411955601.34293,63670.51538385542,28279471901052.8,66154305719.75393,136.61155131212516,3834777510.8860474,78407250292.0376,63807.43459298264
1794,0.0008970000000000001,6287628512.951717,78206254862.79182,63675.399272982075,31567294850351.52,174126343901.97787,141.98893922731966,6330179909.033945,78200059657.01465,63805.07861485736
1795,0.0008975000000000002,8773982385.122665,77921128597.68047,63683.83021654338,33894879577847.965,362329098681.6647,144.19014783821754,8816212509.125124,77913623765.47952,63811.97472752706
1796,0.0008980000000000001,11253066465.524464,77556443331.08542,63698.80789601475,34557814396465.383,618352377738.009,142.0820149099388,11291054774.428598,77548082383.2978,63822.808889654196
1797,0.0008985000000000001,13714852529.406908,77113487778.17792,63707.78538499561,33219239423874.543,902760154526.8566,135.70517383176306,13751739492.967058,77103994175.74031,63825.24634437225
1798,0.0008990000000000001,16164815963.36036,76591499154.76166,63723.778634706214,30172720106023.59,1164643665907.8591,126.50281666453758,16195406865.835007,76581956320.17606,63810.57611698035
1799,0.0008995000000000001,18595486507.976208,75991761145.20914,63738.638760803406,26168420306798.79,1367218160509.0376,116.54344681073697,18619370544.062847,75982631440.81119,63818.225105315454
1800,0.0009000000000000003,21005776353.73178,75314606076.72784,63754.701239964925,21984063957430.71,1499733771937.0854,107.48776107029677,21021833770.761646,75306627639.25723,63809.65374963313
1801,0.0009005000000000003,23386068084.374336,74562800024.9667,63760.91168754382,18136553320192.727,1571353850167.138,100.14475048652136,23400016146.30354,74554810928.76027,63823.66622749723
1802,0.0009010000000000002,25740913798.219044,73735489996.28343,63768.621526713396,14852204915767.428,1598894982545.768,94.62686830500188,25752444311.237408,73727749499.00064,63834.63353982045
1803,0.0009015000000000002,28067004107.352802,72833829612.68265,63776.39833559591,12163288672103.336,1598765251027.817,90.67830046715906,28075804877.95191,72826547504.7013,63834.396827235316
1804,0.0009020000000000002,30362694684.52832,71858521563.96127,63785.55518882309,10009079339785.098,1583691366377.8591,87.92338855926691,30367999825.058197,71852237994.0699,63830.518421545574
1805,0.0009025000000000002,32625329489.140835,70810695951.20578,63795.63213383646,8299146454043.754,1562519028590.4766,85.99297523773194,32626570876.834774,70805876959.20766,63826.37826281246
1806,0.0009030000000000002,34848188843.19198,69693554723.2676,63797.94552224134,6943895164112.488,1540964971632.9658,84.5718810592196,34849251019.473755,69688687825.6627,63843.85377330083
1807,0.0009035000000000001,37035117792.418015,68505650627.96344,63804.755331537795,5866039688322.282,1522433137172.057,83.40971255119074,37034125292.220795,68501714117.455414,63834.228083808346
1808,0.0009040000000000002,39180873343.532845,67249712033.29182,63809.420900470075,5002709302874.148,1508789708595.0725,82.31711656896253,39178757282.51631,67246340821.187706,63832.92751266744
1809,0.0009045000000000001,41284237420.148834,65926659255.80924,63814.02441865855,4304457052323.068,1500719403282.1357,81.16051002413738,41280747118.41778,65924100244.24748,63817.99981928771
1810,0.0009050000000000001,43343034855.81313,64537967436.16576,63818.31223951831,3733001881078.1074,1498105968336.7366,79.85609663947463,43337860241.28263,64536584261.71952,63805.09690306613
1811,0.0009055000000000001,45353352387.48142,63086419109.24767,63816.68344772593,3259051629915.4663,1500272455588.1965,78.36399008511307,45347854408.89654,63085457323.28971,63783.376261205274
1812,0.0009060000000000001,47316218873.717026,61571628829.09242,63818.319389375436,2860446471331.49,1506180522036.3076,76.68160438351033,47309318671.837036,61571928497.10836,63775.769053186166
1813,0.0009065000000000003,49228457983.74181,59996025866.44539,63819.210254637466,2520522401976.6973,1514674031366.9282,74.83503502787585,49220031541.73051,59997701524.83786,63775.31889743124
1814,0.0009070000000000003,51087644307.60547,58361765743.20547,63817.353234881884,2226921501678.859,1524590667740.8105,72.86997449880766,51078442380.99348,58364439657.011185,63771.358680585676
1815,0.0009075000000000002,52891672603.142746,56670951840.39325,63811.57021110166,1970553650669.1077,1534901420423.0735,70.84220615030668,52882672103.93155,56673873522.939476,63776.35762245769
1816,0.0009080000000000002,54640235392.934586,54924161156.33496,63807.74271540396,1744753603809.3843,1544795988471.9773,68.80895701368485,54631453540.53418,54927280247.088844,63781.0418530688
1817,0.0009085000000000002,56330584090.61792,53124220094.241745,63801.404510664644,1544583232310.6348,1553732493104.0815,66.82198246102939,56322837507.405464,53126698424.57982,63791.17892245164
1818,0.0009090000000000002,57962523887.66514,51271570856.97255,63799.150019606386,1366352627403.5647,1561399096523.9365,64.92340208201985,57955250240.50097,51273844506.97264,63801.02964235334
1819,0.0009095000000000002,59533462502.73899,49369150881.82528,63796.18225266793,1207197996992.612,1567705110989.0518,63.14358846635533,59526846718.67484,49370953083.71899,63794.376395111656
1820,0.0009100000000000001,61042789514.99102,47417860551.441635,63797.15010281692,1064846832786.4225,1572699722180.7656,61.50132089618102,61035728109.86622,47420492593.3909,63781.32080045546
1821,0.0009105000000000002,62487745787.08402,45421273953.12628,63795.130613166635,937407000266.1167,1576539820167.3076,60.00500954013135,62480572057.21411,45424369091.023544,63752.82329066173
1822,0.0009110000000000001,63867642197.307076,43380621733.05087,63794.07913701047,823281193110.9078,1579416619097.5586,58.65487579335633,63859910359.92191,43384817933.15702,63763.89174856007
1823,0.0009115000000000001,65180411721.87312,41299113539.50975,63789.50758134902,721066929189.5374,1581540470847.109,57.44509174013742,65172873117.9463,41303468438.07275,63758.146417555865
1824,0.000912,66425251209.83665,39178374802.3122,63784.159075011914,629534874044.0776,1583096605161.2039,56.36596893567786,66417892293.97138,39182883903.62494,63740.176050421476
1825,0.0009125000000000001,67600636486.21049,37021275612.02317,63775.55948892003,547588589280.14276,1584242089701.762,55.405693495501495,67593996208.40748,37025121335.02201,63756.91896751753
1826,0.0009130000000000003,68706381012.5303,34828526440.54544,63770.23714299065,474260989960.0202,1585088940456.275,54.55176184776021,68700360813.959946,34831774709.40558,63763.698989689095
1827,0.0009135000000000002,69741007781.64345,32603141961.557205,63764.79673949478,408688805832.1153,1585715753205.8745,53.791909419744684,69735702332.52356,32605304961.622135,63762.36124053903
1828,0.0009140000000000002,70704429728.21254,30345501409.25006,63766.699147613734,350122552037.7108,1586156252728.1523,53.114831243228856,70699061228.53387,30348166118.864197,63766.60484060474
1829,0.0009145000000000002,71594284622.9666,28061024285.437004,63762.8960840995,297902112724.5104,1586419883642.2449,52.51048065870876,71589346608.64026,28063026550.650948,63765.561487876126
1830,0.0009150000000000002,72410918582.38925,25749365930.099056,63764.630139686364,251476453249.61856,1586477041501.5186,51.97034057576822,72405986790.6474,25751791816.59545,63779.75602331784
1831,0.0009155000000000002,73152641173.40018,23415279350.549103,63761.97091698254,210361150369.91797,1586295789668.9783,51.48727453060147,73147941589.85039,23417463440.694675,63743.69018658212
1832,0.0009160000000000001,73819326634.3987,21059756520.88318,63760.959019554044,174155124607.50378,1585825777879.3218,51.05549275394272,73814631766.59398,21062427130.369892,63747.12083705463
1833,0.0009165000000000001,74410075321.54265,18686233755.74935,63757.474557512374,142512964921.89395,1585020362700.473,50.67031508750024,74405598958.30014,18688680130.979057,63738.36698463209
1834,0.0009170000000000002,74924567382.27246,16296621490.995079,63753.88183426115,115147102450.00508,1583830798263.7874,50.32800977664115,74920292413.85052,16298715458.814783,63745.44196777325
1835,0.0009175000000000001,75362630097.04396,13892133941.214643,63754.86759608841,91814242202.81465,1582214181020.191,50.02559056347944,75358358761.92996,13894674334.238253,63755.95066690252
1836,0.0009180000000000001,75723516544.5477,11476905610.579075,63753.40117007115,72308990096.9501,1580134093554.502,49.76064551988671,75719348160.86923,11479281370.550562,63754.3442931755
1837,0.0009185,76006957001.75706,9053794541.504858,63748.36829985229,56465630764.337555,1577554945083.7007,49.531241457319865,76003052524.9351,9054993854.501015,63742.26875569855
1838,0.0009190000000000001,76212981587.86763,6624002365.885306,63745.10099302556,44148275702.73079,1574446978450.5793,49.33580736772875,76209201619.82864,6624305493.912837,63754.46564099549
1839,0.0009195000000000003,76341554575.30757,4188415983.438966,63749.35035984828,35245356457.43365,1570786944419.5393,49.173037716332075,76337749457.8564,4189211777.8672857,63769.96170594613
1840,0.0009200000000000002,76392334711.26895,1752520191.0360985,63748.632424951924,29669379150.792313,1566554776142.0034,49.041841627226354,76388632216.73392,1752456911.5909147,63772.44149762381
1841,0.0009205000000000002,76365484128.96617,-682839601.7308906,63749.84962219002,27357792937.286438,1561730147168.843,48.94132786083266,76361786193.16023,-683720540.7907085,63783.66239197424
1842,0.0009210000000000002,76261097902.93576,-3114145073.080593,63748.749340930335,28266808417.359856,1556296257596.551,48.87076280313547,76257393995.46739,-3116674009.296304,63793.17122199348
1843,0.0009215000000000002,76079307545.00977,-5541030631.4361925,63753.6638631166,32371562527.76726,1550237485261.47,48.829554944512815,76075431630.86325,-5544251770.428887,63804.3936284752
1844,0.0009220000000000002,75820308635.28955,-7960211653.554515,63760.60501806405,39666682140.11903,1543538105000.148,48.81725060622834,75816289381.47403,-7963301720.253985,63789.00819929042
1845,0.0009225000000000001,75484571666.31494,-10367673109.061754,63763.296645188755,50165293264.517685,1536182203026.3503,48.83353003367127,75480374708.64255,-10370950884.731451,63790.40344380966
1846,0.0009230000000000001,75072423061.4517,-12762205877.513762,63767.04673080711,63895920049.66506,1528155628383.616,48.8781889297123,75068116186.38892,-12765089969.707527,63772.407169691505
1847,0.0009235000000000002,74584535166.6104,-15140297679.842112,63767.4876920038,80906097585.5317,1519442933195.4824,48.95114588067867,74580135849.54565,-15143069802.6271,63775.38632736336
1848,0.0009240000000000001,74020987030.58072,-17502182008.7951,63775.310800621344,101259078970.5135,1510030004294.6626,49.05242825260878,74016873323.22908,-17503028756.064133,63770.40229973307
1849,0.0009245000000000001,73383397403.70055,-19840901556.607533,63771.658192890245,125043747715.14017,1499896923553.926,49.18221303941035,73379090467.53581,-19842167256.060253,63757.357948328485
1850,0.000925,72671941893.01929,-22157015515.85092,63769.46156558355,152355887550.62277,1489033234565.9438,49.34074620183866,72667615624.16551,-22158123308.80517,63751.68871802565
1851,0.0009255000000000002,71887567636.88565,-24447684852.94052,63766.49511596923,183320281516.52554,1477420337595.491,49.52841075126976,71883175754.06375,-24448816678.39164,63758.7172822862
1852,0.0009260000000000003,71030601342.06035,-26712245247.816143,63769.37863546206,218083005511.6225,1465039914568.4597,49.74571712089911,71026462626.27188,-26712381688.645195,63761.35618199019
1853,0.0009265000000000002,70102528960.45146,-28946690491.08535,63770.42006440119,256822527286.6955,1451867021380.5984,49.99334748370098,70098525245.97044,-28946375380.306713,63764.88896425663
1854,0.0009270000000000002,69104359576.0165,-31148914965.247456,63770.376749719166,299737822427.6248,1437881758043.2542,50.27210469598804,69100568398.74844,-31148087474.878933,63760.93653708144
1855,0.0009275000000000002,68036956441.782455,-33317268879.63888,63771.6414475257,347058757471.9021,1423062105161.835,50.58292828620241,68033391383.19399,-33315919458.538433,63775.56919100422
1856,0.0009280000000000002,66902507992.34604,-35447499224.66354,63765.39791392328,399052470328.0935,1407381876651.5146,50.92692444068781,66898106188.37931,-35447811810.29907,63768.83423883781
1857,0.0009285000000000002,65700882806.15155,-37540363750.52902,63764.5120783318,456011304543.90515,1390822755051.1992,51.30530174372192,65696443739.50627,-37540657255.6818,63754.31801386166
1858,0.0009290000000000001,64433403207.64972,-39593505084.0376,63767.24596573886,518289166300.73566,1373349032315.7563,51.719515129114924,64429448499.387146,-39592861845.22638,63749.90993876303
1859,0.0009295000000000001,63102489337.06097,-41603046477.95049,63765.34521098438,586289176546.3969,1354924809292.532,52.171251818200474,63098487175.24237,-41602398789.60423,63756.22523801367
1860,0.0009300000000000002,61708107428.29009,-43569340295.6805,63769.48695495316,660457305902.4965,1335522642472.5403,52.66235933523919,61705159355.86342,-43567080879.822975,63739.943978681615
1861,0.0009305000000000001,60252935065.76952,-45488543446.42491,63770.748703895486,741324196423.8469,1315096633777.546,53.19500194958033,60250834958.44173,-45485210446.195946,63760.93809392327
1862,0.0009310000000000001,58738717327.68218,-47358609457.636116,63768.7285768892,829480386000.0986,1293611074819.246,53.771569435702034,58736550423.95421,-47355459862.056816,63773.234513587784
1863,0.0009315,57166546981.2936,-49178445998.44102,63767.12414702441,925601491909.1982,1271026785058.4104,54.39471938402515,57163961255.18007,-49175789285.14253,63789.37795770169
1864,0.0009320000000000002,55538371493.03775,-50945936455.29659,63764.36733093359,1030472473966.7694,1247293816152.9834,55.06747804397753,55534717758.13112,-50944480954.78382,63796.698978854925
1865,0.0009325000000000003,53855759609.1949,-52659559753.577354,63761.52845811288,1144994820671.2256,1222360150908.5103,55.793263655240345,53850933172.17315,-52659295420.76333,63775.26066371328
1866,0.0009330000000000002,52119414238.20825,-54318716373.52058,63763.80479438913,1270213945137.9346,1196166278383.6655,56.57596297470108,52114804432.32047,-54318064589.72023,63770.87895211351
1867,0.0009335000000000002,50332299670.1892,-55920538313.10813,63764.73831652532,1407358919265.8687,1168636533002.29,57.420081808281,50327832549.1785,-55919659410.09476,63767.9578315223
1868,0.0009340000000000002,48497910452.9277,-57462088000.919945,63757.45223798951,1557844797283.4211,1139701795131.0085,58.33070281123744,48491863864.20705,-57462500118.074745,63764.552456557445
1869,0.0009345000000000002,46615025362.99622,-58944745605.5057,63757.189249290954,1723303061770.3423,1109299415901.3728,59.313474817243325,46608709347.13371,-58945202312.34307,63758.44308396453
1870,0.0009350000000000002,44687799920.59004,-60365169060.65804,63753.48464489693,1905698167397.4902,1077323572748.7289,60.375053965197615,44680423012.35952,-60366243089.51939,63762.00620723194
1871,0.0009355000000000001,42715918160.7061,-61723784282.96123,63756.25436057079,2107315355417.0645,1043683554321.9227,61.52301178525547,42709299832.37459,-61724109963.112465,63751.33132018828
1872,0.0009360000000000001,40702834543.065445,-63018123614.06624,63758.81908499053,2330901338545.4717,1008253624301.9762,62.76624260010697,40697355659.15075,-63017447944.53938,63743.01625207754
1873,0.0009365000000000002,38651040974.085976,-64246690191.15173,63759.74076007481,2579709288166.9424,970913281851.6466,64.11501453197678,38646458655.17997,-64245325091.81326,63746.87175520552
1874,0.0009370000000000001,36563614212.918594,-65407807010.72535,63755.9981610451,2857631572353.158,931532390432.0365,65.5812202920515,36558175222.16225,-65406845494.174995,63761.60787532227
1875,0.0009375000000000001,34440844410.575005,-66501548536.7976,63754.899121897986,3169342206705.902,889974678139.7323,67.17865195549072,34435057070.090805,-66500661279.351974,63749.63026415394
1876,0.000938,32286176378.491364,-67526178286.75126,63751.84136589908,3520535940668.117,846068824145.3917,68.92362870359725,32279921867.083458,-67525409764.438416,63734.96923613828
1877,0.0009385000000000002,30100691919.675144,-68481338733.169014,63750.839791779596,3918133487407.1265,799643707906.4714,70.83536466430336,30094878553.006493,-68480163508.631134,63739.87723508858
1878,0.0009390000000000003,27887783732.512318,-69365596711.4345,63748.03152519612,4370637969875.901,750505120482.436,72.93671747409958,27881351102.775017,-69364530730.16574,63746.91420925174
1879,0.0009395000000000002,25648887411.334255,-70178532827.711,63746.25554722769,4888509900702.045,698465581616.4097,75.25481041882519,25641653704.8888,-70177581780.70644,63754.271826862736
1880,0.0009400000000000002,23385672802.215176,-70919600316.29732,63747.15044162383,5484719045700.388,643333836549.0037,77.82202088371544,23378475003.48234,-70918405712.18106,63757.94916328545
1881,0.0009405000000000001,21101690973.99309,-71587650163.6733,63746.85784350955,6175406241404.917,584938608460.1532,80.67704200230598,21094082722.779785,-71586371172.18842,63754.27111022351
1882,0.0009410000000000002,18800792200.0644,-72181704247.56827,63741.54972250181,6980664643423.176,523181381653.4429,83.86579005085727,18790937849.161415,-72180872808.80048,63745.07682595025
1883,0.0009415000000000002,16482858666.028343,-72702052987.21268,63738.47984157586,7925481303734.047,458095144026.6792,87.44217157076541,16471820343.456585,-72701217378.805,63738.79010603096
1884,0.0009420000000000001,14149448338.141233,-73148365340.44133,63739.32819094986,9040846982063.367,389907593417.67096,91.46871200692404,14138738742.097166,-73147092233.89659,63739.403715953355
1885,0.0009425000000000001,11805274730.22467,-73519704567.66626,63737.83418169951,10364657859919.418,319231238637.73193,96.01543090448958,11794015564.866045,-73518198121.38667,63732.61771160993
1886,0.0009430000000000002,9452444895.928774,-73815913356.85233,63735.03217733033,11941899701238.678,247368179531.64853,101.15502480399634,9440172317.231695,-73814241532.83807,63732.13705731161
1887,0.0009435000000000001,7092297679.262389,-74036966515.84134,63733.52822624212,13823061450872.97,176730457071.94644,106.95149918599418,7079401427.649878,-74034988182.29855,63739.31184146138
1888,0.0009440000000000001,4727507327.544495,-74182659244.48685,63732.5349565637,16058232763786.787,111522641808.4517,113.43564279311069,4713687618.046351,-74180364394.04642,63766.01789390504
1889,0.0009445000000000002,2360732036.3993998,-74252895196.59592,63731.42058790369,18682328646905.707,58716526874.233116,120.5570738467086,2344887669.3198743,-74250259730.64615,63788.908712383534
1890,0.0009450000000000002,-6193268.505685992,-74247730913.7481,63731.44437402921,21684426486093.875,29157815996.10621,128.10079977691748,-24119233.763301194,-74244616717.68817,63796.91724129665
1891,0.0009455000000000003,-2370859883.5258207,-74167168921.83199,63732.23959323328,24954092413631.75,38197088957.34989,135.56475907650642,-2390692286.701526,-74163434758.09387,63796.69595124288
1892,0.0009460000000000002,-4730978647.683409,-74011358601.50423,63734.03782731072,28209060892495.203,104272338308.49619,142.03571067892133,-4752138564.519619,-74006929624.93333,63813.092348382146
1893,0.0009465000000000002,-7084070615.585109,-73780495071.4875,63736.547651146015,30946142944101.367,242979916377.60156,146.19407737906982,-7106276868.64364,-73775281662.31432,63807.07079558495
1894,0.0009470000000000001,-9430943050.215391,-73474460857.18925,63745.11118950597,32511997562417.473,455848663093.88696,146.6615850806482,-9450655296.981821,-73468817768.77731,63815.490932304536
1895,0.0009475000000000002,-11769317675.45493,-73093293368.14084,63759.28107121536,32370741506644.07,720080038377.6565,142.73867193351677,-11783109680.917423,-73087836441.53825,63816.568195619635
1896,0.0009480000000000002,-14090106538.141214,-72638328350.91682,63767.5775732756,30442253279498.41,991823298439.9691,135.04343536933683,-14100601065.85938,-72633045722.06154,63808.84454172017
1897,0.0009485000000000001,-16394563034.139019,-72109615545.13551,63776.36599304722,27189087018128.266,1226179141960.9624,125.32933664794199,-16400887409.431946,-72104826858.4177,63795.037556201016
1898,0.0009490000000000001,-18679851635.900166,-71507831647.93959,63784.87195864519,23337562417361.33,1397635122092.8079,115.54373297358401,-18681365730.34487,-71504001824.58748,63792.73239548973
1899,0.0009495000000000001,-20940596788.636013,-70834510891.4436,63788.2648378756,19517989750158.746,1504043009898.2817,107.01128953987995,-20939871676.562775,-70831174962.17375,63778.562471471225
1900,0.0009500000000000001,-23178951111.49214,-70089323503.54549,63793.98582745812,16099765953762.441,1557549728795.286,100.25525000181649,-23174470626.79339,-70087164116.72737,63793.718401926664
1901,0.0009505000000000001,-25389998857.342525,-69273876391.62354,63797.629664844826,13218474709780.266,1574374961985.558,95.23819345530988,-25383477151.539913,-69272538106.19547,63802.183620826225
1902,0.0009510000000000002,-27574824360.019527,-68387930381.125496,63804.97830798975,10869644535482.238,1568881280380.705,91.6603411389925,-27564151217.141403,-68388420206.43395,63811.943560518346
1903,0.0009515000000000002,-29726588451.632423,-67434175627.6742,63807.7511807212,8986927504191.78,1551874553932.906,89.15347962466289,-29714356787.015045,-67435650072.29833,63800.801920031176
1904,0.0009520000000000003,-31841746145.792477,-66414568642.16964,63802.94136614877,7487806751940.671,1530698749273.978,87.37369220367528,-31831976809.353233,-66415342213.40477,63815.9679040293
1905,0.0009525000000000002,-33924299203.934708,-65327647301.759735,63802.717072035164,6294295610318.589,1510051911181.9546,86.03297457177162,-33915013695.808617,-65328549858.255455,63803.282867461065
1906,0.0009530000000000002,-35966882118.27385,-64177159671.073105,63795.50851723299,5339979257115.567,1492785788405.459,84.90349133164958,-35960659806.65105,-64176751059.70226,63800.045344754304
1907,0.0009535000000000001,-37977264550.072685,-62959092210.02649,63804.76819038373,4571289298691.251,1480327132254.3743,83.81465533101023,-37967224228.26637,-62961034040.87203,63787.291514952034
1908,0.0009540000000000002,-39941529666.35484,-61681259907.13475,63800.33714333318,3945879692255.292,1473227179656.4846,82.6464089656798,-39932530785.67959,-61682934678.38198,63781.93801907959
1909,0.0009545000000000002,-41864770938.86524,-60341051837.86443,63801.26668050838,3431103899248.967,1471205953153.945,81.32557616941686,-41855273634.64981,-60343409141.37831,63800.823611693515
1910,0.0009550000000000001,-43742300250.214645,-58941617869.272766,63799.33763191028,3001816179927.9507,1473595062722.162,79.8191506249726,-43733613307.204094,-58943777217.271484,63807.91353331931
1911,0.0009555000000000001,-45573415614.55361,-57483707947.69789,63798.22282674601,2638944132862.1016,1479405068420.8757,78.128276602881,-45565457278.44479,-57485606708.29067,63811.95847117366
1912,0.0009560000000000001,-47356028778.78649,-55969064657.700966,63796.973060206685,2328121604951.5347,1487542378202.7527,76.28032864054762,-47348806311.51379,-55970668386.24561,63811.43525046668
1913,0.0009565000000000001,-49088588451.203316,-54399124650.10285,63796.3749916406,2058646184554.0637,1496933942043.202,74.320283801454,-49081693127.28273,-54400695744.65042,63792.51648824828
1914,0.0009570000000000001,-50768407895.69524,-52776429278.489365,63792.4433444996,1822599567904.6162,1506642744739.7666,72.30190658707038,-50762511543.624405,-52777354130.31712,63792.42863550004
1915,0.0009575000000000002,-52395953201.140335,-51100762156.86619,63794.20043757879,1614155065299.155,1515924491584.7424,70.27998068648688,-52389854591.20877,-51102083693.18025,63801.8477829655
1916,0.0009580000000000002,-53968055467.69341,-49375294034.83625,63794.61067782999,1428959632917.6357,1524287990375.0056,68.3039266989717,-53962018803.83478,-49376860272.301575,63785.72988122904
1917,0.0009585000000000003,-55483306622.386894,-47601750236.12946,63794.260868202735,1263749983224.4153,1531442385984.6296,66.41411844233934,-55476999656.7401,-47603884072.89642,63775.5879188473
1918,0.0009590000000000002,-56940261623.78675,-45781987460.31555,63793.288050905125,1115997209834.6152,1537287851726.0938,64.64002901378753,-56933541200.106636,-45784924145.08537,63762.456541951535
1919,0.0009595000000000002,-58337275251.25841,-43918236696.61501,63790.42179793963,983673734996.2095,1541867130786.187,63.00017101474728,-58330286093.37893,-43921881786.90605,63748.88214747811
1920,0.0009600000000000001,-59672372444.0886,-42013397267.908966,63782.01155819613,865098628440.7521,1545313408625.1045,61.50328773937124,-59665848453.32658,-42016838473.20246,63730.45275502511
1921,0.0009605000000000002,-60945717843.77072,-40067628832.722885,63776.56422194471,758840677213.6896,1547802889212.238,60.150236971422935,-60939094243.55564,-40071607374.50439,63718.71887756891
1922,0.0009610000000000002,-62155996646.84607,-38082990181.67392,63773.494991493164,663628346307.3618,1549539369621.313,58.93590531442724,-62148961009.5782,-38088124340.34556,63723.480088859156
1923,0.0009615000000000001,-63300712567.48388,-36063707534.88478,63763.64241163966,578337074853.4646,1550707492276.6562,57.85126338756678,-63294382633.85799,-36068162609.59001,63736.902302948765
1924,0.0009620000000000001,-64380041088.746925,-34009986475.307137,63755.7489673527,501984139880.18884,1551447551743.3342,56.88520172111442,-64374518474.80258,-34013539006.751602,63743.80423588422
1925,0.0009625000000000001,-65392857085.94863,-31924106887.811497,63748.926474072476,433681527020.0191,1551876802637.3684,56.02572711742952,-65388106075.487236,-31926563737.467403,63737.55671557525
1926,0.0009630000000000001,-66338941303.92103,-29806649062.505943,63749.31456740734,372646800547.80316,1552070165716.5427,55.26098897391358,-66334010572.1496,-29809737106.664303,63736.48995243323
1927,0.0009635000000000001,-67216131236.29149,-27662335553.60693,63745.7386442412,318186105050.2541,1552071729815.1436,54.57989420475316,-67211271764.43253,-27665666315.837997,63718.491068274794
1928,0.0009640000000000002,-68023817926.943405,-25493145842.654984,63739.72713591266,269711684492.69162,1551881273750.7268,53.97261325928832,-68019348304.04606,-25495996869.132156,63718.51650917922
1929,0.0009645000000000003,-68761659799.5489,-23300418781.506294,63735.1823238235,226713885043.94806,1551480353674.3577,53.43068195836444,-68757417894.0551,-23303057339.463276,63718.94736026897
1930,0.0009650000000000003,-69429198961.43347,-21085687188.108624,63734.71951443609,188751402075.35092,1550839433861.6226,52.9469663188451,-69424861355.1914,-21088979068.817234,63706.120428052796
1931,0.0009655000000000002,-70025174204.57266,-18853216137.070858,63729.93620365962,155446393643.37555,1549920641840.1047,52.51556825519551,-70021028722.44597,-18856189843.054573,63705.912088284516
1932,0.0009660000000000002,-70549441561.33218,-16604251973.594297,63725.5501290843,126486429086.00015,1548675290512.255,52.131736120936715,-70545412387.0311,-16607468112.599955,63695.86948685938
1933,0.0009665000000000002,-71001645418.81409,-14340691069.18359,63723.08905065851,101604167642.21436,1547059418893.1543,51.791645626067734,-70997755381.40335,-14344212981.336933,63698.84922059008
1934,0.0009670000000000002,-71381236615.99658,-12065592333.105629,63719.37200123102,80574909712.93315,1545031945197.9092,51.4922289120182,-71377464275.57831,-12069113449.11957,63700.130294630035
1935,0.0009675000000000002,-71688053982.25293,-9780621492.65072,63717.13994494446,63213755179.42576,1542553757779.4695,51.23103769528712,-71684430726.65721,-9784469069.359459,63697.597856139844
1936,0.0009680000000000001,-71921626314.16982,-7489927734.294042,63709.09998628619,49367049417.816895,1539591679307.991,51.00609887420446,-71918312154.47548,-7492465598.1666565,63704.74582519639
1937,0.0009685000000000001,-72082304064.79095,-5191871814.636966,63711.54184582427,38912242117.1496,1536114929902.5173,50.81582604915924,-72079062129.9704,-5195346973.008231,63695.79129377993
1938,0.0009690000000000001,-72169539739.42278,-2892936275.5656085,63706.82785772489,31747321625.342995,1532101183204.1655,50.65890135323623,-72166412362.4354,-2895826989.272356,63693.028060956334
1939,0.0009695000000000001,-72183542768.4263,-593692798.5462421,63702.839595400575,27798241924.160915,1527526527276.5994,50.53426028541407,-72180527481.65852,-595929275.0876426,63704.91222542774
1940,0.0009700000000000003,-72124381988.5487,1703397216.6100385,63698.966312183766,27009259480.130898,1522372303160.5662,50.44102500622653,-72121450751.72781,1702377034.8373282,63708.47532045003
1941,0.0009705000000000002,-71992123267.00739,3998259058.5951567,63704.0102669907,29344130689.702282,1516621521779.8613,50.37847968204645,-71989217566.0111,3996404901.9166946,63721.899179735665
1942,0.0009710000000000003,-71787049440.68268,6284725322.59365,63701.65946521311,34786774658.07163,1510257191321.5662,50.346062415363896,-71784107986.91052,6283614798.157697,63706.910539305085
1943,0.0009715000000000002,-71509344268.89574,8563151761.703684,63703.417590600904,43336952924.64387,1503264303203.9531,50.34334321463243,-71506499068.73685,8561412951.377005,63689.05726797433
1944,0.0009720000000000002,-71159538291.5819,10829316518.870527,63701.13835641241,55013429196.05592,1495627037586.5662,50.37002645590625,-71156746347.86954,10827494793.150192,63677.315803754485
1945,0.0009725000000000002,-70737879119.09674,13082634307.617773,63702.10196292302,69849597893.03894,1487331535019.4028,50.4259314528018,-70735267040.4675,13079848543.37274,63687.55082777087
1946,0.0009730000000000002,-70245197236.15923,15318872062.679964,63698.04674360825,87898961279.80495,1478361510369.5798,50.51100948181651,-70242564826.8508,15316363781.98884,63681.38338079838
1947,0.0009735000000000002,-69681882336.32565,17537132286.910984,63695.02537213549,109228506366.67535,1468703614152.0647,50.62531620718762,-69679301043.71701,17534564566.853237,63677.368783902384
1948,0.0009740000000000001,-69048454398.0025,19735634846.53254,63694.707679362524,133926690810.70018,1458341285058.1826,50.76903635936222,-69046092768.22797,19732343435.55208,63673.01838045205
1949,0.0009745000000000001,-68345921934.449875,21911032214.828526,63692.11194985412,162103603743.77463,1447255877835.8713,50.94249404422811,-68343842688.013176,21907299826.636833,63659.53915934526
1950,0.0009750000000000002,-67574928704.299576,24061765291.97323,63690.04218382542,193886773526.8697,1435430919887.5,51.146128913994694,-67573022002.247086,24057767026.3636,63674.770015500006
1951,0.0009755000000000001,-66736437410.10871,26185396114.133286,63687.24116795081,229428766316.4604,1422846966062.3987,51.380517436480254,-66734609835.416664,26181502563.868645,63680.567237981326
1952,0.0009760000000000001,-65831714519.58004,28279044627.18722,63680.610984376064,268905998732.75125,1409484342557.0696,51.646369627378036,-65829437277.14325,28276550036.104324,63677.80316669293
1953,0.0009765000000000003,-64861239942.75157,30342030263.691772,63676.462170468585,312518333029.2395,1395324872502.347,51.944514960566345,-64858518041.19559,30340647482.812683,63685.42586377995
1954,0.0009770000000000002,-63825951263.96893,32372456878.610336,63675.16796152623,360503354113.295,1380342848722.5374,52.27596226893817,-63822994117.852585,32371631951.355846,63685.27952695239
1955,0.0009775000000000003,-62727048481.44014,34368034554.7322,63675.25251607557,413134720175.5476,1364510329493.2751,52.641908177517415,-62723791797.77419,34367796108.34337,63706.836139268205
1956,0.0009780000000000001,-61565519398.358734,36327068990.48938,63677.825715963714,470723908676.0404,1347799032551.3625,53.043732280114675,-61562132338.284256,36326966768.61315,63700.7806918601
1957,0.0009785000000000002,-60343598094.06322,38245880298.48881,63675.01277320205,533629032228.0511,1330177126715.7095,53.483022184261486,-60339311317.64313,38247187649.74683,63717.52709563429
1958,0.0009790000000000003,-59061416202.14648,40124603036.2589,63676.37827544323,602245469472.5647,1311620360373.1519,53.961510909207796,-59056442720.69419,40126678988.74626,63717.82802775805
1959,0.0009795000000000001,-57720564116.69405,41960890839.69156,63679.33727985317,677041742563.0205,1292088617670.0913,54.481216844388214,-57715400309.27829,41962989401.45713,63694.10958341953
1960,0.0009800000000000002,-56322336319.746635,43753028971.76455,63684.22843324227,758549882291.7509,1271542432851.9434,55.04443071518976,-56317351963.876465,43754559316.18663,63713.5131423801
1961,0.0009805000000000003,-54869636539.05572,45497379456.68623,63682.20184089731,847380706599.7446,1249938297102.8108,55.653750442204206,-54863719388.22934,45499858110.77464,63721.216658967154
1962,0.000981,-53361478614.64055,47195435816.786354,63689.016661642745,944215440488.1732,1227242847758.3723,56.312003521493985,-53355749142.03681,47197372755.997154,63729.93370140406
1963,0.0009815000000000002,-51801493716.21832,48842949771.30098,63691.61561982098,1049874021983.4717,1203391420248.796,57.022531798649005,-51795019906.08513,48845398398.45377,63741.13693660863
1964,0.000982,-50191066753.04614,50438701723.512344,63692.263662335485,1165272487999.118,1178337831108.7258,57.78902725992533,-50183323999.16033,50442085427.550735,63740.39947747653
1965,0.0009825,-48530597897.216675,51982441212.8214,63697.68282573111,1291475347094.8943,1152025710706.713,58.615650365823306,-48522690901.96917,51985520085.45506,63728.21560859995
1966,0.0009830000000000004,-46823551536.9753,53470918273.90659,63698.692330679114,1429737887925.402,1124379255079.6592,59.50722354146022,-46815083604.61018,53474144803.76707,63718.9291296692
1967,0.0009835000000000002,-45069945933.68092,54904324792.411766,63704.17423714889,1581498043247.8826,1095334490784.9224,60.46914824482578,-45061890982.76691,54906769251.40491,63725.68741102328
1968,0.0009840000000000003,-43273125319.53754,56279897532.489456,63706.5912630427,1748465698588.245,1064800414174.4789,61.50769764723535,-43264834421.70513,56282205469.22797,63737.85687225728
1969,0.0009845000000000001,-41434277727.51613,57596902598.30104,63709.408117982595,1932628371106.7217,1032694143649.7881,62.62998937614726,-41425798699.70629,57599042976.03406,63732.477347644926
1970,0.0009850000000000002,-39555411378.56037,58853979775.5365,63712.14058965267,2136344143533.7722,998914748220.1259,63.84423493730214,-39547163528.81744,58855633939.24252,63726.01160145593
1971,0.0009855000000000003,-37639194140.755684,60049446365.6113,63712.02838935611,2362410492584.3794,963351729807.7736,65.15992732772663,-37630381751.56416,60051140511.666595,63725.465756856196
1972,0.0009860000000000001,-35686190971.69564,61183111688.64883,63714.91882021946,2614153130925.606,925889733191.3964,66.58802219539537,-35677314437.19802,61184535385.46297,63750.61769522351
1973,0.0009865000000000002,-33699716204.571087,62253062835.43359,63715.58219198049,2895583163862.7974,886385735941.663,68.14138783447842,-33690031282.089413,62254629269.490524,63734.914611056935
1974,0.0009870000000000002,-31682213355.38048,63258148943.61037,63713.092150441895,3211516408905.5737,844698193426.2389,69.83502393997564,-31671261476.214912,63260074298.3539,63732.28614451401
1975,0.0009875,-29633081979.80029,64198830757.99156,63717.01868465171,3567783462813.8296,800675494437.3086,71.68649207442039,-29622852078.738754,64200002828.7407,63719.59777578485
1976,0.0009880000000000002,-27556930500.72857,65072902092.55231,63718.11375281093,3971538010778.7017,754127867699.0193,73.71674371871656,-27546827261.756638,65073674797.30175,63718.775236813526
1977,0.0009885,-25455405821.092796,65879836170.504036,63718.4138116648,4431506800896.251,704886641501.0653,75.95047616484604,-25445260053.047855,65880296987.63541,63719.254134688344
1978,0.000989,-23330484108.26435,66618983883.01092,63718.617108734004,4958443570972.674,652777719372.1206,78.41699329677054,-23320219022.262615,66619112712.500275,63736.71458236371
1979,0.0009895000000000004,-21183790709.600193,67289862747.094986,63720.365596250245,5565649108958.413,597640274419.0885,81.15113203922672,-21173468514.427986,67289638950.91177,63739.72388353262
1980,0.0009900000000000002,-19019641825.38031,67891176043.70995,63717.433560099016,6269628750685.2,539349167731.16815,84.19429648360587,-19008066739.24973,67890984924.37152,63711.90984509005
1981,0.0009905000000000003,-16837473777.45002,68423303012.083405,63718.18861749014,7090821452824.1455,477883534138.48553,87.59515021046843,-16826299761.136724,68422633983.78746,63704.71356484928
1982,0.0009910000000000001,-14640371086.02529,68885458529.5458,63719.786428400555,8054559580410.007,413351978178.6154,91.41054871756474,-14630486583.11095,68884142419.69295,63702.47915039968
1983,0.0009915000000000002,-12431999254.388151,69276931689.11732,63718.46714732896,9191884948420.352,346152626628.6575,95.70506320601454,-12422623908.553535,69275242555.18607,63683.0000616334
1984,0.0009920000000000003,-10214571421.402418,69597518637.73657,63714.78569340284,10540071496962.71,277174987603.4717,100.54830244649979,-10205276960.455353,69595568515.6896,63669.55997378004
1985,0.0009925000000000001,-7989535573.604516,69847186447.24402,63711.045431962506,12142165230595.562,208106681454.2677,106.00788233017168,-7980395588.475293,69844970103.9383,63665.40874927767
1986,0.0009930000000000002,-5758691246.688248,70025831567.74782,63708.33610939329,14044043068701.637,141930920103.7982,112.13357744615625,-5750325669.885612,70023230944.49174,63649.05910863036
1987,0.0009935000000000002,-3524693539.20147,70133293365.71771,63705.621596592355,16286148142474.023,83669316957.8571,118.92520288507629,-3517581677.249922,70130424865.31148,63635.27170346359
1988,0.000994,-1288741519.4555988,70169620023.15823,63705.29299729527,18885077977840.395,41343322111.74645,126.27375353116987,-1283936978.5768514,70166504714.7665,63643.27770189713
1989,0.0009945000000000002,946153365.764018,70134722377.52246,63705.317034986525,21798597272626.984,26877411389.127216,133.86649222922316,948214973.7815868,70131551124.58061,63632.88045559736
1990,0.000995,3178328914.936301,70028698123.01534,63706.91338464822,24870510737818.85,56100836179.25326,141.06400719321613,3176438190.9224825,70025677982.82585,63619.27738582111
1991,0.0009955000000000003,5404442426.735431,69851749790.71432,63707.92228398025,27769453271241.523,146040031379.68948,146.81365260542,5398532502.30768,69849066564.97784,63610.14712983642
1992,0.0009960000000000004,7624460399.832592,69603915662.4317,63712.33731126773,29976194446114.25,307519283486.06635,149.75789548273582,7612704819.5296545,69602031095.3586,63614.179538426346
1993,0.0009965000000000002,9831753524.11653,69285942045.95111,63712.11666257468,30908273096020.855,534285963109.4439,148.71340101265903,9816698124.443956,69284871867.07603,63613.95154048392
1994,0.0009970000000000003,12028294695.461945,68897762189.26761,63714.93581856784,30200689170357.445,796859283208.4647,143.40899248988964,12008077008.341768,68898055275.53934,63603.55765747783
1995,0.0009975000000000001,14206326115.476387,68440771054.12413,63711.15709727016,27953849502725.543,1051575080995.9635,134.87171544872595,14184468906.295385,68442092596.23312,63602.207805007325
1996,0.0009980000000000002,16365396904.237251,67915482210.18383,63704.194225711355,24694421632421.586,1260881272898.5732,124.9611358115088,16343875128.222492,67917482137.88612,63595.964126583065
1997,0.0009985000000000003,18505036189.796024,67322271085.584984,63697.019786746656,21075772215358.64,1407906770850.6304,115.43336837081974,18484092333.35179,67324875521.5495,63584.657733929445
1998,0.000999,20627816618.070393,66660470795.63542,63697.4746314268,17602291333110.96,1495525251897.689,107.34302194571887,20602713675.892624,66665044950.981476,63565.50148621713
1999,0.0009995000000000002,22722552566.676064,65933357750.19972,63689.912986695526,14542605468037.316,1536923869441.12,101.02382881695519,22697272819.40971,65938973578.59211,63539.10252915421
