,time,J_y_EKF,J_z_EKF,omega_EKF,P_J_y,P_J_z,P_omega,J_y,J_z,omega
0,0.0,0.0,219988121465.87888,131946.8914507713,5.377777777777778e+17,612850014996.7427,438649084.4928603,11200.518815854937,219987359259.17493,0.0
1,7.5e-07,1683556241.4671957,219797085973.88425,20290.857653904055,4.557436001799158e+17,612839793628.1,66846618.436947905,13025103.023853319,219797805901.44186,148.0439290348442
2,1.5e-06,1603785631.889479,219608875184.86606,6459.770202833867,5252597482507288.0,612456385104.7262,101187.88239064607,50452342.77879357,219608364323.68347,296.08703618162355
3,2.25e-06,2042034673.1593127,219417398921.01105,4898.284544403744,5001368150661513.0,481914873364.8828,35363.97143736111,112164714.35062565,219419112878.74255,444.1284995568359
4,3e-06,2300712519.444215,219226353415.33347,3907.8711277572274,4070828749150369.0,431434238091.79865,14942.23044931362,198074925.35650018,219229955621.77777,592.1674972861048
5,3.75e-06,2398900816.940072,219036946109.46725,3134.068531802728,3229895540526296.0,386787417572.97125,7364.5825447805955,308206092.60869944,219040876354.39365,740.2032075087425
6,4.5e-06,2519495353.415005,218847299393.97675,2671.7943258806613,2634085756678897.0,343401777644.47595,4192.941581086214,442400477.8454945,218851951183.75473,888.2348083823118
7,5.25e-06,2605484361.3751984,218658129299.47482,2317.8962608108372,2199569170411606.8,308362144012.555,2673.461497712471,600720968.1316658,218663029167.7137,1036.2614780871897
8,6e-06,2682577363.208673,218469153837.85223,2050.0060905285004,1876863445835046.5,279273910635.554,1878.7456556968748,782937117.3413731,218473947624.70078,1184.2823948311288
9,6.75e-06,2780762570.5464153,218279950570.5029,1860.5595974493447,1631299470454248.8,255308794000.77866,1436.4847101122675,989065593.0477408,218284835017.39987,1332.2967368538207
10,7.5e-06,2894581906.4885044,218090566883.9973,1720.4493527027773,1438107595847946.0,236154510379.30554,1178.8601939589794,1219071529.074489,218095594339.0383,1480.3036824314565
11,8.25e-06,2965482312.2192316,217901875139.0366,1574.3270722960733,1281750691696137.5,220987411838.2246,1024.5012955947182,1472777319.6397166,217906057554.8182,1628.3024098812919
12,9e-06,3089517849.649975,217712472155.44757,1486.013352572722,1155201914316911.8,208078772477.95135,932.4630633329647,1750268245.8300412,217716220290.91022,1776.2920975662041
13,9.75e-06,3228160140.958637,217522883830.41324,1418.894390308027,1050142549133891.0,198210674126.6817,877.3875584738582,2051464699.5624552,217525991423.34946,1924.2719238992577
14,1.05e-05,3392910000.9036965,217332912193.92783,1376.719011307951,960978237166412.4,190899889674.51788,844.3998343388627,2376274650.202267,217335281572.7275,2072.2410673482636
15,1.125e-05,3606228578.73506,217142151802.3133,1371.3905224834216,883365493807716.6,185961573024.64456,824.0210178611313,2724567990.1753297,217143901800.62274,2220.1987064403406
16,1.2e-05,3801347631.069506,216951641671.32083,1354.3443704762794,813329933438677.5,183525179981.6022,809.5679112963255,3096338523.780093,216951773410.82358,2368.144019766475
17,1.275e-05,4060412389.3403826,216759988073.6778,1384.0632865865261,749254181554005.6,182548126415.6064,797.5939863198172,3491429103.0783925,216758755113.94495,2516.076185986081
18,1.35e-05,4345077366.236968,216567725601.00153,1430.360960441653,688787791879483.5,183557734127.02756,784.9381896144595,3909918507.8271065,216564792026.05432,2663.9943838315626
19,1.4249999999999999e-05,4662024681.001293,216374638104.05127,1497.708559982732,630540210465014.5,186150069613.81976,769.847006673615,4351604150.031048,216369703939.6184,2811.897792112871
20,1.5e-05,5037374404.103033,216180068621.60193,1605.9657523993685,573786310128352.2,190030609496.87216,751.5176153552541,4816581332.68503,216173286683.27805,2959.7855897220625
21,1.575e-05,5469730005.100435,215983778355.26077,1752.1914257529481,517989089294333.25,195250018200.47253,729.4934733278582,5304683005.329727,215975472700.91058,3107.6569556378595
22,1.65e-05,5954829167.573503,215785540129.15253,1930.9032967299488,463116451476693.9,201618696450.328,703.8980746913394,5815793541.987186,215776092686.50992,3255.5110689302073
23,1.725e-05,6480307616.093846,215585296621.7428,2129.219141141737,409725380922292.5,208760034364.5995,675.4785742631047,6349883571.881381,215574956307.2088,3403.3471087648313
24,1.8e-05,7040624793.613831,215382860494.96442,2340.777200745742,358878466280047.9,216124843648.11887,645.5282245485663,6906894784.983091,215371890717.62268,3551.164254407795
25,1.8750000000000002e-05,7624619010.554845,215178238614.30493,2553.625682250736,311746193321602.06,223274407294.77628,615.4517461341525,7486737370.474446,215166660957.31647,3698.9616852300537
26,1.95e-05,8248142636.6761265,214970664037.00418,2784.405714130434,269309906728308.12,229866546419.06836,586.474437843847,8089414903.489934,214959212751.00452,3846.7385807120177
27,2.0249999999999998e-05,8873950744.156408,214761085573.79056,2990.254188283764,231989615478230.9,236048020850.93423,559.1326109297579,8714726231.244997,214749256118.8766,3994.494120448095
28,2.1e-05,9537010631.501873,214548087959.0161,3213.88204824534,199954679434998.47,241530083909.55566,533.8911555201233,9362681417.978178,214536680899.8678,4142.227484151261
29,2.175e-05,10222243268.095942,214331945755.69443,3434.3804132910336,172860208932413.53,246760857322.1428,510.5247736002062,10033192483.926392,214321182477.7652,4289.937851657597
30,2.25e-05,10912951494.122095,214113231036.50607,3629.120740962368,150180756588912.06,251825921412.91367,488.75771586940544,10726098592.295086,214102487006.63593,4437.624402930859
31,2.325e-05,11641527504.504232,213890256563.28113,3844.7415898489407,131364158739058.12,256613001302.51855,468.4881900483979,11441418286.249317,213880443879.39905,4585.286318067016
32,2.4e-05,12376684017.788149,213664362070.70847,4031.8647288966185,115746651273375.3,261478674231.10712,449.37969039283655,12178929372.561543,213654826550.17136,4732.922777298811
33,2.4750000000000002e-05,13129675388.263538,213434839909.42496,4210.617948576631,102774765026982.66,266200049856.17294,431.4291673508092,12938729768.724016,213425380120.25034,4880.532961000307
34,2.55e-05,13905043526.003986,213201226099.23334,4388.548975620527,91946564041283.98,270817287444.54703,414.6215279023099,13720668754.321108,213191989243.57266,5028.1160496914445
35,2.6249999999999998e-05,14698829453.921707,212963550102.222,4558.55824622829,82820095711209.03,275394420688.9497,398.90728186003423,14524533023.381622,212954229822.3218,5175.67122404258
36,2.7e-05,15518833915.681005,212721049868.75385,4734.679265845795,75036911493167.2,279905702833.57904,384.26841643943135,15350390476.394533,212711890222.49924,5323.197664879045
37,2.775e-05,16364238886.511398,212473479059.668,4913.758272911172,68301628606474.46,284414141626.69543,370.6289640581145,16198098173.676382,212464759976.5592,5470.694553185688
38,2.8499999999999998e-05,17233519437.999466,212220645085.57382,5092.173069653486,62387517992173.07,288919455287.4962,357.9156269830796,17067552799.365604,212212466276.55377,5618.161070111423
39,2.925e-05,18120893359.106506,211962722106.6531,5259.511913716156,57130536848397.17,293395227154.6607,346.0671521583666,17958639589.963726,211954851830.55075,5765.596396973775
40,3e-05,19026808830.90141,211699423534.17612,5419.303185029872,52421741046591.4,297778836140.5587,335.04743306725453,18871161282.542694,211691513897.92615,5912.999715263423
41,3.075e-05,19954690341.974518,211430173576.09238,5580.0006977728835,48184305038109.17,302069600790.74884,324.79308322460616,19805191982.999744,211422284957.26248,6060.37020664875
42,3.15e-05,20902121910.20291,211154891437.5028,5736.77205297316,44356511757367.19,306311884531.9331,315.20413846385975,20760506173.879772,211146775011.94785,6207.707052980383
43,3.225e-05,21876873085.676308,210872500965.42438,5906.211739045856,40890903070003.03,310501275378.1682,306.2002908938131,21736926137.20693,210864717716.5947,6355.009436295732
44,3.3e-05,22865107399.481564,210584056969.18246,6056.821562817365,37742028297586.375,314699371751.2066,297.67958927532624,22734534144.906406,210575778338.11682,6502.276538823533
45,3.375e-05,23884202149.10551,210287418932.60562,6230.187440747236,34882811487199.96,318799820602.38574,289.63336442369166,23753084846.169662,210279669224.77472,6649.50754298839
46,3.45e-05,24922607518.021793,209983435327.2033,6395.277809292517,32278426045141.38,322918725456.7998,281.97249711621504,24792516248.248188,209976054526.2873,6796.701631415313
47,3.5249999999999996e-05,25976417271.263687,209672259900.02567,6546.177221316975,29904703910324.418,326983021296.4854,274.68125765206145,25852687008.130905,209664603094.44238,6943.857986934257
48,3.6e-05,27060251115.09704,209351784658.55325,6719.907770504808,27744261338219.543,330947577244.59985,267.76249701204756,26933343038.483826,209344886230.75702,7090.97579258465
49,3.675e-05,28158016940.08457,209023612794.9803,6872.89835584842,25771746509028.91,334921045841.16296,261.14516217735553,28034458128.734325,209016744872.96826,7238.05423161994
50,3.7500000000000003e-05,29274978569.07741,208686771723.00104,7024.2032993694365,23971771510934.227,338802312903.2234,254.8407594848045,29155844008.489067,208679745814.66458,7385.092487512129
51,3.825e-05,30410676286.859287,208340977081.3637,7173.481667342822,22328518313244.17,342616293487.78973,248.8302284639719,30297318909.62005,208333611323.73935,7532.089743956296
52,3.9e-05,31571075796.282784,207984991636.60248,7336.081690547197,20826504237404.6,346372720673.2526,243.0904367943519,31458864235.07986,207977931979.75943,7679.045184875133
53,3.9750000000000004e-05,32752935504.527386,207618845233.18265,7499.665470335641,19448595460258.992,350113718077.06464,237.58195227908868,32640225533.23147,207612348050.59384,7825.957994423482
54,4.0499999999999995e-05,33949997643.461697,207243120522.13287,7648.402416932604,18181126385269.523,353815953144.26526,232.2929667812349,33841261818.563545,207236477011.1512,7972.827356992857
55,4.125e-05,35166007360.27628,206856882868.10562,7797.548879253297,17015368489365.896,357433471401.72296,227.23353211732342,35061737307.33069,206849940917.65515,8119.652457215978
56,4.2e-05,36400436444.73285,206459829783.69836,7945.896069006581,15942221591905.611,360993325330.6952,222.38617137958053,36301605549.58728,206452460339.83905,8266.432479971287
57,4.275e-05,37655901142.2648,206051099251.3233,8101.070968846736,14952957966959.129,364501663688.39575,217.73402110646478,37560618926.85228,206043510381.16513,8413.166610387485
58,4.35e-05,38927872344.4102,205631074685.45868,8248.547612636647,14038747690364.078,367974764386.4958,213.25696078199297,38838605184.2126,205622860980.94946,8559.85403384805
59,4.425e-05,40223285967.281,205198049069.8089,8410.917573590177,13193158136367.838,371385580595.4857,208.95455215872366,40135335370.06842,205189989792.9876,8706.493935995766
60,4.5e-05,41537962896.75984,204752320525.0489,8570.973133302414,12408745378959.11,374772145429.7261,204.8035061615169,41450556458.94476,204744588696.34125,8853.085502737227
61,4.575e-05,42873604300.809685,204293084396.15225,8735.025698368598,11680074573752.588,378110883978.7371,200.8010542998304,42784209168.00096,204286184345.6968,8999.627920247378
62,4.65e-05,44225736506.20898,203820788389.074,8888.934638568897,11002255623279.736,381407865812.46014,196.9383838643105,44135997302.47186,203814405876.8335,9146.120374974022
63,4.7249999999999997e-05,45591344510.921234,203335681623.99384,9028.555699339746,10371923008869.932,384641480486.25006,193.21717046646802,45505704599.64584,203328870586.0117,9292.562053642334
64,4.8e-05,46976325834.28792,202836065974.61304,9178.306154105181,9786391537784.035,387801781456.24493,189.63781663973876,46893146110.67827,202829075110.64893,9438.952143259387
65,4.875e-05,48377693483.6753,202322133385.6427,9325.252052921842,9241412017566.277,390926488481.33997,186.18022865968894,48298019142.182755,202314704637.77216,9585.289831118644
66,4.9500000000000004e-05,49801334305.74778,201792007115.3494,9489.619804389182,8733448626579.123,394002007763.02997,182.8406166092266,49720107207.072266,201785312480.56085,9731.574304804504
67,5.0249999999999995e-05,51241360802.871735,201246551195.98083,9645.712477247902,8258435488166.6455,397054136926.42896,179.60363365838225,51159219567.48844,201240483323.6735,9877.804752196773
68,5.1e-05,52694925249.23789,200686027853.24185,9788.867100061228,7814011503720.299,400051916295.8103,176.47412618222424,52615046235.545074,200679875020.078,10023.98036147521
69,5.1750000000000004e-05,54166741993.3215,200108768479.7899,9941.212680363355,7398606471361.107,402984864015.4291,173.45437194235495,54087303908.084915,200102900890.88025,10170.100321124
70,5.2499999999999995e-05,55650006754.437515,199516086229.89023,10076.668552396504,7009733986754.669,405881563123.7733,170.53012346684253,55575762921.7186,199509209496.60938,10316.16381993629
71,5.325e-05,57152213189.74526,198905479646.78647,10229.33103176399,6645908945932.95,408713922600.47546,167.70612387325713,57080078408.69079,198898361425.3098,10462.170047018664
72,5.4e-05,58670868998.83849,198277068763.41745,10383.311734160701,6304616018157.094,411517840519.6553,164.9668416547628,58600110716.684586,198269995154.85196,10608.118191795667
73,5.475e-05,60207567283.89683,197629826755.4638,10544.491079401389,5983943638826.207,414280779624.891,162.3105607992442,60135296520.704216,197623530813.63486,10754.007444014296
74,5.55e-05,61755417088.18798,196965268445.91104,10686.029133269178,5682168700905.926,417007484785.5746,159.73240799463437,61685494539.20132,196958628616.75174,10899.836993748497
75,5.6250000000000005e-05,63319897778.7634,196281227731.0728,10838.420040844441,5398579824271.119,419671487459.6206,157.23889673168938,63250469914.997574,196274808026.59836,11045.60603140366
76,5.6999999999999996e-05,64896399747.50882,195578601089.5532,10980.510907875461,5131704086203.115,422301152770.97125,154.81850662014133,64829748211.20932,195571626122.44766,11191.313747721126
77,5.7749999999999994e-05,66492655472.177025,194854305653.33035,11147.287501047778,4880553469297.936,424879564760.36536,152.4729373080932,66423004519.34534,194848655119.9827,11336.959333782663
78,5.85e-05,68100526090.94589,194110408021.4831,11296.741969914861,4643426924301.363,427437340500.61523,150.18916308702197,68029995000.5026,194105486565.21167,11482.541981014965
79,5.925e-05,69715451281.4609,193348025071.03003,11421.894290465449,4419695693835.291,429940701489.28625,147.97481151827293,69650262641.07968,193341565876.04037,11628.060881194147
80,6e-05,71347751123.96793,192563012105.12952,11576.704537057933,4209084187836.4194,432380194181.97345,145.83346514360414,71283493852.93509,192556575649.8917,11773.51522645021
81,6.075e-05,72993898230.66463,191755950645.3492,11732.859264964301,4010111320232.4565,434800735814.93964,143.74788849248966,72929301748.41495,191750016402.93927,11918.904209271564
82,6.15e-05,74651184461.14276,190927246592.00693,11880.383057033603,3821826703799.292,437183751931.88464,141.71954483213705,74587182955.43303,190921433332.6985,12064.22702250947
83,6.225000000000001e-05,76322210185.95905,190075304734.4617,12036.03845469401,3643718123409.175,439519979409.2221,139.75046761426623,76256919390.5755,190070393589.58844,12209.482859382546
84,6.3e-05,77999708484.09204,189202395169.1114,12167.237122584056,3475048541044.278,441822508038.86395,137.83473743067873,77937941868.8851,189196497976.44464,12354.670913481237
85,6.374999999999999e-05,79692072362.31073,188304573767.2148,12324.081710721726,3315595802277.9307,444069291163.18915,135.97766371805903,79629927238.68262,188299206150.43945,12499.790378772299
86,6.45e-05,81392116011.75731,187384138118.18613,12463.599021830318,3164411696796.5337,446293138618.48303,134.16759807871534,81332476198.44965,187378110396.1413,12644.840449603264
87,6.525e-05,83103866045.67326,186438790035.82513,12614.661966631915,3021151857925.1055,448468394538.64984,132.4100050039335,83045047733.77272,186432736137.02707,12789.820320706924
88,6.6e-05,84825218826.28035,185468765760.15454,12763.414077421803,2885201867364.8335,450611898388.5654,130.69890644951445,84767220928.42906,185462738044.39676,12934.729187205783
89,6.675e-05,86555435777.23572,184473753154.21417,12909.95405637007,2756125327327.139,452717179268.0071,129.0341654600629,86498528923.59541,184467591261.9532,13079.566244616548
90,6.75e-05,88294700689.30727,183453012048.3201,13058.464132801155,2633545829214.473,454784124110.60065,127.41468366464213,88238359191.32675,183446806866.1857,13224.330688854589
91,6.825e-05,90044277649.8305,182405237479.3003,13215.6554794571,2517057994883.184,456815652782.6081,125.83822456868134,89986393376.682,182400025004.1233,13369.021716238385
92,6.9e-05,91798788406.34,181332342403.204,13353.995874820941,2406209234419.3433,458816120691.5279,124.3018909883304,91742114362.36392,181326897708.0602,13513.638523494013
93,6.975e-05,93562559282.12108,180231539443.35156,13507.272989295367,2300859415478.14,460771491912.4141,122.80891138237443,93504914824.72986,180226961394.6569,13658.180307759587
94,7.049999999999999e-05,95330875649.60786,179104504863.9701,13646.60666069906,2200563866702.3633,462698648002.06165,121.35340320230749,95274385206.68687,179099789152.34943,13802.646266589722
95,7.125e-05,97105897164.2228,177949458808.26743,13793.366868755847,2105134017360.1936,464584451905.59296,119.93789876854812,97049851197.20613,177944880260.09314,13947.03559795999
96,7.2e-05,98884110661.39476,176767585005.0395,13928.493889213962,2014235961422.012,466438625159.1685,118.5588781236269,98830851885.52193,176761881352.54105,14091.347500271377
97,7.275e-05,100670398546.92851,175555498259.2384,14085.921841568226,1927692058405.775,468253211004.7111,117.21761900303497,100616805920.77267,175550246184.34473,14235.581172354718
98,7.35e-05,102459159633.94054,174315549531.33704,14226.530876129558,1845091727528.3313,470043289781.1047,115.90869710623787,102407021011.50789,174309818442.21835,14379.735813475167
99,7.425e-05,104253703537.25873,173045117455.20114,14380.68795252167,1766331490648.0989,471793413778.4077,114.63537804933755,104200986009.08908,173040005788.59085,14523.810623336622
100,7.500000000000001e-05,106051513247.1508,171744868069.5008,14529.91052521016,1691129235389.7903,473515980555.4685,113.39347049056964,105998174294.71056,171740507771.67612,14667.804802086175
101,7.575e-05,107849763260.37965,170415788973.45428,14665.8364808066,1619322844469.1572,475204625717.5858,112.18363921498512,107797830746.15149,170410879156.673,14811.717550318564
102,7.65e-05,109650811608.9041,169055696449.5171,14812.767836884486,1550818339571.832,476856049532.01117,111.00643867636865,109599427105.67061,169050796905.7829,14955.548069080587
103,7.725e-05,111453443928.822,167664535227.4027,14960.376179988716,1485371946954.5566,478479272756.0789,109.85864879415651,111402286177.30309,167659835950.02533,15099.295559875562
104,7.8e-05,113256180616.7416,166242472682.43875,15103.694630312484,1422809164635.5427,480071234311.91907,108.7401755530782,113205748298.90439,166237637881.51523,15242.959224667737
105,7.875e-05,115058819855.66565,164788854768.19473,15248.08540317523,1363006964136.178,481630618256.1401,107.65079784470959,115009148209.34225,164783836200.9415,15386.538265886751
106,7.950000000000001e-05,116860850092.0453,163303207879.125,15393.729538595378,1305820652899.7642,483159532286.33923,106.58930791610001,116811627413.14857,163298107352.80298,15530.031886432027
107,8.025e-05,118660834098.21059,161785714516.72363,15535.496964314754,1251109832490.3691,484658373570.30396,105.55491953399694,118612689172.7822,161780136469.57928,15673.439289677226
108,8.099999999999999e-05,120459530074.5348,160234987810.156,15684.444825533132,1198766970106.6255,486125882405.1454,104.54741808812203,120411568089.01242,160229562630.74527,15816.75967947464
109,8.175e-05,122255669477.008,158651059600.66595,15832.481396164034,1148643913855.5786,487565690543.39594,103.56520652663346,122207493211.94595,158646120626.93155,15959.992260159655
110,8.25e-05,124048345586.1808,157033727796.91263,15979.233871351631,1100636141487.6077,488975984122.8046,102.60811670035622,123999779952.68356,157029476769.04367,16103.136236555116
111,8.325e-05,125835135261.8456,155384013630.90552,16115.372741431918,1054649784036.6956,490357008870.6183,101.67558750878123,125787636472.97557,155379219574.68823,16246.190813975783
112,8.4e-05,127617333947.88962,153700040423.23865,16260.818871029534,1010625871640.1862,491706416118.0979,100.7678792230581,127570306954.60298,153695232904.23508,16389.155198232726
113,8.475e-05,129394861127.57512,151980895126.2232,16413.438619134617,968433908991.1136,493029420695.5823,99.88317695544626,129347018366.75368,151977087604.96426,16532.028595637734
114,8.55e-05,131164092726.20761,150228655409.14307,16550.153194091534,927961589128.7103,494326022257.57794,99.02082348630766,131116887279.9578,150224580880.28293,16674.810213007717
115,8.625000000000001e-05,132924368305.11734,148443059406.48016,16682.904497810574,889183193402.0172,495591093494.4917,98.18179705681307,132879173361.11655,148437530092.22412,16817.49925766914
116,8.7e-05,134678751401.43742,146620452202.3276,16839.953522743344,852030668031.0931,496827336102.53845,97.36518917300246,134633111223.60635,146615626466.31732,16960.09493746236
117,8.774999999999999e-05,136423221135.7455,144763362015.81818,16982.662466045,816354280038.5166,498041335054.37164,96.56869760786861,136377795817.87111,144758639923.65057,17102.596460746096
118,8.85e-05,138155846478.90536,142872678850.57324,17113.755959499267,782130043171.0184,499225430336.8437,95.79377508700136,138112405252.30505,142866421155.73038,17245.00303640178
119,8.925e-05,139880610854.2756,140943620058.67133,17275.150743251357,749326681906.003,500380291563.87646,95.04011403255585,139836091194.5614,140938664547.1216,17387.313873837957
120,9e-05,141592300547.88187,138980082103.0794,17414.312336566607,717802405555.741,501514490816.4212,94.30501351607307,141547946292.85165,138975266714.5252,17529.528182994676
121,9.075e-05,143291806887.33466,136980200239.73424,17560.1761088633,687557017048.5607,502618407995.1845,93.59047173970626,143247080829.7441,136976046578.31456,17671.645174347886
122,9.15e-05,144976506189.52112,134945598761.03305,17695.02352646129,658523096948.0125,503697609920.0928,92.89489522371859,144932605565.83142,134940903385.97556,17813.664058913804
123,9.225e-05,146647179254.7012,132874428598.41954,17839.398742567537,630669704662.0186,504748937965.4733,92.21879593844659,146603542929.87207,132869646207.57024,17955.584048253306
124,9.3e-05,148303316149.72107,130766058965.58119,17989.42102124377,603924762556.6902,505776089124.8059,91.56099569467092,148259022531.94714,130762262347.22855,18097.40435447629
125,9.374999999999999e-05,149941271337.11893,128623412934.63332,18119.689255356956,578231362030.2701,506778805667.1629,90.92114228799393,149898219125.0781,128618543052.60132,18239.124190246064
126,9.449999999999999e-05,151563441954.8531,126442675904.11722,18271.28321631289,553585496662.9126,507753234926.0794,90.29999408112675,151520041364.4481,126438379059.68599,18380.742768783726
127,9.525e-05,153165844567.83377,124227274920.169,18403.61709886671,529904797337.91754,508705847360.0353,89.69569815360855,153123480819.50116,124221794763.53644,18522.259303872503
128,9.6e-05,154750881564.13818,121973153868.1105,18558.99983437673,507183500367.6953,509630790071.0004,89.1094103240357,154707749351.55637,121968800230.9522,18663.67300986213
129,9.675000000000001e-05,156315131121.41882,119683189905.87952,18699.525510139356,485346535719.9493,510534424456.97644,88.5393191062071,156271807524.62878,119679282112.24086,18804.98310167322
130,9.75e-05,157857351003.83197,117357808000.05312,18834.027693763557,464384962449.6448,511411766882.35724,87.98632367753159,157814642185.3959,117353300524.23349,18946.188794801626
131,9.825e-05,159378117482.12308,114994993914.00368,18980.840430243414,444274246885.55817,512264066850.3609,87.45003402176043,159335288809.08997,114990913180.84372,19087.289305322764
132,9.900000000000001e-05,160875472306.6034,112596010076.04356,19121.97580346781,424962376145.0845,513093715266.6064,86.92964911397084,160832686974.44992,112592039693.79924,19228.283849896
133,9.975e-05,162348448039.8988,110160885505.42177,19262.123520713598,406428187517.7873,513898738048.5688,86.42539795998489,162305863724.51968,110156844448.29485,19369.171645768987
134,0.00010049999999999999,163796377374.61182,107689194374.49565,19405.367836829708,388645319334.59686,514679865578.0902,85.93694178699975,163753861050.34082,107685452919.4384,19509.951910781998
135,0.00010125,165217722688.75296,105181786485.4321,19544.32667066777,371582860600.2376,515437658953.69055,85.463956406833,165175507497.14142,105177971968.15031,19650.6238633723
136,0.000102,166611709896.89154,102638421264.90677,19684.83148271765,355220767231.2064,516171435657.83203,85.00643537620132,166569758115.81824,102634302941.46112,19791.18672257846
137,0.00010275,167977212646.079,100059383783.5914,19824.761918406424,339532930685.5174,516881911690.0615,84.56406093621949,167935596047.50998,100054939536.11281,19931.63970804468
138,0.00010350000000000001,169313279200.33755,97444696275.05933,19965.554630686012,324497122003.7269,517568965550.7621,84.13670223175099,169271998732.31342,97439867016.76562,20071.982040025163
139,0.00010425,170619782006.39157,94792913327.02304,20116.9323337908,310091127623.2538,518232848788.7754,83.7241502341032,170577774025.63397,94789408486.0752,20212.212939388417
140,0.00010499999999999999,171893748157.75894,92107538572.83504,20249.37060688874,296285479071.212,518874625906.66614,83.3259633280083,171851987667.02573,92103813882.19525,20352.33162762158
141,0.00010575,173135127104.30524,89387121786.28578,20389.141461882697,283080241147.8336,519491733247.5541,82.94262760903251,173093553568.14105,89383244592.81258,20492.33732683476
142,0.0001065,174342386368.5772,86632805580.92957,20524.835480064263,270449168752.37466,520086386483.46545,82.57357317100433,174301362111.48697,86627978671.07947,20632.229259765314
143,0.00010724999999999999,175516116873.39417,83841573266.44542,20680.561383533448,258377838558.985,520657637119.9409,82.21890291141668,175474301233.93146,83838340235.56578,20772.006649782215
144,0.000108,176653036270.07068,81018057683.54015,20812.908673291484,246835123055.31693,521207537355.0179,81.87797630552599,176611225664.6079,81014816579.14882,20911.668720890324
145,0.00010875,177752764112.3177,78161337508.9235,20949.163999167806,235826191781.8108,521732899426.25525,81.55141347771372,177711219529.95593,78157752010.0893,21051.21469773472
146,0.0001095,178814373303.8195,75271459427.63638,21088.25757880713,225332684927.1738,522235608241.6103,81.23877500944913,178772994095.91415,75267505799.18672,21190.643805604992
147,0.00011025000000000001,179836995236.56464,72348290512.2342,21231.225052456186,215338440905.15335,522715508039.7451,80.94000909969071,179795581421.78333,72344362627.44681,21329.955270439546
148,0.000111,180819192972.45114,69393054278.35097,21370.05725833647,205829225530.46973,523172727508.73663,80.65498557533284,180777763274.43738,69389049894.02455,21469.148318829903
149,0.00011175,181760032682.98547,66405844763.19504,21510.526810208183,196797028586.08493,523606773348.53284,80.38374035713582,181718448489.50415,66401921281.83892,21608.22217802499
150,0.00011250000000000001,182658176536.33044,63387810824.58771,21647.356952977596,188230423283.45062,524017931994.13184,80.12615939202806,182616661475.11325,63383535911.79331,21747.176075935426
151,0.00011325000000000002,183513344589.5896,60337172780.311195,21797.648358398266,180121564039.70685,524405829464.0338,79.8822854482727,183471229687.94424,60334483541.95384,21886.009241137817
152,0.00011399999999999999,184322945357.86755,57258780967.6268,21924.17773480786,172454954253.6152,524771315840.0827,79.65186344605841,184281018328.3242,57255261656.1007,22024.72090287904
153,0.00011474999999999998,185087149058.92697,54149606049.1142,22068.81026153909,165234441363.03522,525112439798.02716,79.43531464960901,185045034351.139,54146599470.009636,22163.3102910805
154,0.00011549999999999999,185804242781.22205,51012134068.40992,22205.195842960806,158443287985.03098,525431040968.7649,79.23223000028688,185762081044.632,51009074116.66204,22301.77663634244
155,0.00011624999999999999,186473209207.39014,47846928909.55442,22340.87400504794,152078780459.91666,525725806550.81775,79.04286271121907,186431126568.1173,47843386679.01176,22440.11916994819
156,0.000117,187093069721.54495,44654372336.24429,22478.352042284707,146135146763.1337,525996948173.59357,78.86717294958625,187050999547.88837,44650238595.3009,22578.33712386843
157,0.00011774999999999999,187662938983.44754,41434379812.03036,22620.991044512553,140606314161.01904,526244375082.3004,78.70518232307006,187620716465.55002,41430408574.588356,22716.429730765474
158,0.0001185,188181522490.6926,38188547445.35231,22759.455956947666,135486406773.54408,526468036885.883,78.55689765857785,188139283124.3727,38184698440.80958,22854.396223997508
159,0.00011925,188647668952.7288,34918175902.16818,22894.262824650967,130773530243.72652,526667433163.287,78.42244291863258,188605398461.1178,34913953006.282295,22992.235837622862
160,0.00012,189060502441.80884,31623285607.774734,23033.330370953892,126465605092.23201,526842359173.6738,78.30190621908699,189018093492.4772,31618902483.42491,23129.947806404267
161,0.00012075,189418917574.48795,28304983690.10477,23171.622281522134,122559080742.10838,526992774771.615,78.19533840753753,189376407891.04874,28300481855.26253,23267.531365813073
162,0.0001215,189721887037.26108,24964095982.076206,23310.225944607533,119052850861.32143,527118279123.1473,78.1028709139718,189679125755.01035,24959606858.945694,23404.98575203354
163,0.00012225000000000002,189968211446.41245,21602894930.326477,23440.94214490306,115946308008.12614,527218610963.3286,78.02461986242665,189925411840.74646,21597327187.7409,23542.310201967022
164,0.000123,190157434451.05267,18217800008.096508,23597.386351540696,113240753407.27815,527293294195.6461,77.9607685338775,190114156561.95203,18214508604.40117,23679.50395323626
165,0.00012375,190287818367.6531,14815680795.508945,23723.061551253755,110933507720.61926,527342535369.4711,77.91133777601196,190244310240.7908,14812248019.070833,23816.56624418957
166,0.00012450000000000002,190358800201.93488,11394058141.593344,23864.8005073275,109030894041.3242,527365100528.472,77.87669358086622,190314978079.2635,11391553017.715355,23953.4963139051
167,0.00012525,190369095985.63785,7958418201.493685,23982.912648955116,107533227701.78792,527361235096.2643,77.85690310262875,190325252422.25195,7953645430.797735,24090.293402195046
168,0.000126,190318159576.25366,4504137203.24848,24131.278358810825,106445356334.09082,527330097313.3701,77.85227400251645,190274026418.2455,4499474969.781654,24226.956749609857
169,0.00012675,190204844505.7459,1034287201.7067567,24272.9181096714,105769671906.42245,527271639375.8345,77.8629394690256,190160480985.31314,1030298204.1953678,24363.485597442483
170,0.00012749999999999998,190028210553.7917,-2450100851.9983087,24414.39458182014,105512547279.38686,527185052070.92035,77.8892100934604,189983646291.04855,-2452682325.924124,24499.879187732542
171,0.00012825,189787362814.77457,-5945655787.803605,24543.067077836884,105680635047.89981,527069845311.99207,77.93135743318933,189742559631.58817,-5948233145.894129,24636.136763270588
172,0.000129,189481521314.8104,-9451077138.070503,24669.405718740854,106280901689.96031,526925484927.0135,77.98968047232923,189436375246.5489,-9455136236.357634,24772.257567602257
173,0.00012974999999999998,189109782982.12158,-12967329777.589827,24808.686418652007,107321172400.78264,526751419495.4677,78.06448826718743,189064281840.28833,-12972052710.594698,24908.2408450325
174,0.0001305,188671139373.9351,-16494513925.686268,24958.44569595505,108811964619.19647,526546862659.68494,78.15615409763163,188625438456.8284,-16497590334.588285,25044.08584062977
175,0.00013125,188165099460.87466,-20026420898.351517,25080.987659985985,110765785499.12888,526310964001.3927,78.2650962492012,188118964513.8643,-20030274167.263763,25179.791800230203
176,0.000132,187590612804.66943,-23565619818.69517,25222.74669674258,113191406792.92468,526043449652.6726,78.39162205517734,187544178043.10632,-23568915724.224396,25315.357970441823
177,0.00013275,186947202773.6427,-27107759625.246975,25350.069394147187,116105307164.45438,525742976927.04913,78.53628274606122,186900213307.7933,-27112033400.604267,25450.783598648715
178,0.0001335,186233791870.83072,-30654362206.03728,25492.856505146727,119520208843.26332,525409183408.0359,78.69944634707988,186186507518.3308,-30658108302.35642,25586.06793301521
179,0.00013425,185449903119.3364,-34201992758.78729,25626.495040874004,123456205429.0973,525040580824.3061,78.88174619110958,185402251695.56195,-34205620403.41595,25721.210222490034
180,0.000135,184594847186.89032,-37749426050.60598,25760.40583316622,127929921574.21681,524636650486.7669,79.08364026312508,184546765340.3277,-37753064067.50705,25856.209716810514
181,0.00013575000000000002,183667911800.62057,-41295475168.77839,25896.562967834707,132961931367.76855,524196187279.8255,79.3057457546644,183619506736.6596,-41298834785.93976,25991.06566650672
182,0.0001365,182668608109.40433,-44837957030.7466,26029.475049680503,138575718441.54138,523718005171.345,79.54871255736593,182619704646.13675,-44841375001.828514,26125.777322905626
183,0.00013725,181596381847.83582,-48375269520.63467,26161.90673346401,144795212567.84503,523201083903.8413,79.81318214777994,181546916236.37552,-48378912564.27983,26260.343938135284
184,0.000138,180450870836.07,-51905185844.66528,26290.677344455795,151647638950.18484,522644104175.1715,80.09988759480106,180400464259.4733,-51909820693.18159,26394.76476512896
185,0.00013874999999999998,179231092455.83527,-55427842954.50436,26429.892054209096,159161603353.34058,522045894615.98535,80.40955905033383,179180040344.3332,-55432497223.70746,26529.03905762927
186,0.0001395,177936564865.2729,-58941325222.600746,26569.720930837208,167374756645.2096,521404364433.4796,80.74318762681415,177885117391.73044,-58945106253.85892,26663.16607019236
187,0.00014025,176567317587.42783,-62442390564.24876,26700.424196635082,176323863902.39825,520718220771.9466,81.10165179014905,176515255804.39404,-62445961091.549644,26797.145058192007
188,0.00014099999999999998,175122784262.24063,-65929928380.57697,26833.538691323072,186044184099.90167,519986349908.95264,81.48579637066594,175070165773.88626,-65933232697.449455,26930.975277823785
189,0.00014175,173602577691.37558,-69402237194.68352,26967.661456611793,196581164813.89926,519206519042.3108,81.89675065327096,173549403509.3355,-69405157725.61656,27064.65598610916
190,0.0001425,172006851862.7919,-72856351943.73528,27094.76225504526,207984075067.49255,518376888842.3991,82.3356294169852,171952703047.41553,-72859767365.8159,27198.18644089963
191,0.00014324999999999999,170335288411.1181,-76290751821.44623,27222.48777586671,220301594707.5909,517496010076.0844,82.80349325740673,170279901516.2303,-76295277171.47272,27331.56590088088
192,0.000144,168586963195.28162,-79705214567.78625,27360.7513835618,233592555210.25696,516561391562.1865,83.30168641911658,168530726254.11105,-79709741910.31462,27464.793625576833
193,0.00014475,166762209879.74005,-83096608548.03194,27493.223848860045,247929311464.19812,515569881977.9516,83.83182644710304,166704951965.7504,-83101320456.03233,27597.868875353797
194,0.0001455,164860326275.35175,-86464201394.58228,27632.264516040592,263378491256.31906,514520044895.53406,84.39521325276199,164802526789.01794,-86467974283.31725,27730.790911424578
195,0.00014625,162881999512.79565,-89804457455.68413,27762.389771701313,280024351640.0614,513408206529.42413,84.99372783286046,162823434176.92453,-89807878746.67195,27863.558995852574
196,0.000147,160827546565.48026,-93114912922.75375,27887.35321589634,297946654607.0484,512232826743.5953,85.62883178946454,160767625405.60562,-93118877781.34673,27996.172391555854
197,0.00014775,158696327498.93314,-96394873406.61028,28019.597540513863,317237387194.6103,510990844536.59174,86.3023672095444,158635238033.408,-96399072549.50143,28128.63036231128
198,0.0001485,156488978932.2507,-99641376663.28847,28146.956270816216,338012105768.92566,509677847828.4397,87.01664784588476,156426244950.37393,-99646312774.13336,28260.93217275856
199,0.00014925000000000002,154204465231.69656,-102854304652.35452,28285.98576876531,360385359285.49097,508291447260.086,87.7736434094796,154140816178.63846,-102858656964.91908,28393.077088404367
200,0.00015000000000000001,151843944422.60013,-106029988506.5581,28416.70284518996,384504210228.04034,506825864122.9401,88.57628429558332,151779160082.21933,-106034041774.98108,28525.06437562639
201,0.00015074999999999998,149408335880.1704,-109165489550.71716,28539.41812705166,410508000480.7614,505279060419.45337,89.42675756600725,149341629586.20563,-109170403726.38979,28656.89330167742
202,0.0001515,146896020930.93417,-112261494777.06174,28679.1697384572,438552707791.6522,503646991589.12946,90.3277580385015,146828416617.92007,-112265602691.92715,28788.56313468941
203,0.00015225,144308495223.3145,-115314213194.0963,28811.208433019092,468851868436.7744,501921490775.47015,91.28327371579157,144239876917.85333,-115317514990.20349,28920.07314367754
204,0.000153,141646708630.71576,-118320927632.93289,28936.978685155547,501607212701.0484,500100262817.7508,92.29610760294453,141576576761.13486,-118324116983.93454,29051.42259854429
205,0.00015375,138910363185.23782,-121280551014.66528,29068.307586104434,537046791915.36896,498177789350.6495,93.36990912205972,138838944151.84216,-121283262912.0857,29182.61077008347
206,0.0001545,136100934800.8839,-124189862758.0365,29192.947442928864,575452409047.1289,496146215598.82983,94.50921537842852,136027573229.76915,-124192709365.96898,29313.636929984274
207,0.00015525,133218606940.05597,-127047306976.04364,29319.7258027032,617120768036.4176,494000849746.81665,95.71805256333455,133143040407.12079,-127050506830.34341,29444.500350835333
208,0.000156,130264861149.63486,-129849940585.84158,29440.715773860094,662407038180.6772,491733020535.7086,97.00171270671862,130185994123.95683,-129854301266.28014,29575.200306128754
209,0.00015675,127240264662.28123,-132595940796.6541,29561.94002941647,711700320764.9055,489336354583.13196,98.36527346655942,127157305880.34009,-132602045897.94489,29705.736070264138
210,0.0001575,124141176233.69432,-135287450030.08852,29715.746742466978,765460832048.852,486801214842.50116,99.81499574722285,124057747111.93367,-135291640116.27544,29836.106918552618
211,0.00015825,120974530497.84273,-137916334620.4275,29833.052007858016,824310208106.7844,484109540763.82117,101.36018178218578,120888000768.44975,-137920988253.77118,29966.312127220895
212,0.00015900000000000002,117736657773.84312,-140484804188.5116,29973.453364891353,888769314162.4065,481265588797.94165,103.00465733809426,117649187408.46172,-140487906748.9543,30096.35097341524
213,0.00015975,114433563625.64182,-142986308035.6045,30085.53992286022,959620859694.3124,478244144749.4335,104.76027667514093,114342304492.45088,-142990156685.31314,30226.222735205487
214,0.0001605,111062878957.53134,-145421802665.97705,30213.07628559556,1037621364901.3314,475045256645.34753,106.6331903364658,110968333118.87337,-145425662794.0662,30355.926691589102
215,0.00016125000000000002,107625209791.19548,-147789460873.60034,30347.828075879876,1123808192081.5596,471643592387.6073,108.63673987387163,107528506469.00453,-147792323932.8846,30485.462122495104
216,0.00016199999999999998,104125360611.20535,-150084469866.2013,30462.01680981119,1219394196790.016,468023425535.78125,110.78337532064756,104024058802.59702,-150088026720.15524,30614.828308788146
217,0.00016275,100563653947.37332,-152305677156.5803,30576.303368426547,1325683087168.7065,464175673801.4272,113.08428336462862,100456244054.7675,-152310651597.18277,30744.024532272455
218,0.0001635,96938683153.54074,-154452920888.9676,30706.670520487874,1444322922239.34,460074649115.73206,115.55627961507183,96826389824.07703,-154458091990.85867,30873.050075695817
219,0.00016424999999999998,93252441647.53162,-156523616382.70908,30838.172243323042,1577412522256.2766,455689938939.7594,118.21982516748653,93135905573.68233,-156528285538.00516,31001.904222753587
220,0.000165,89508307702.53696,-158514544436.27502,30959.236228375496,1727423047812.2607,450998463541.1764,121.09538338045884,89386234814.68674,-158519169088.78424,31130.586258092662
221,0.00016575,85705523822.00421,-160425086783.89047,31089.120312311807,1897280896135.0588,445974835373.13354,124.20580782896123,85579044783.39037,-160428759828.323,31259.09546731542
222,0.0001665,81849870381.85193,-162250954410.72455,31200.009415790817,2090747378293.291,440575086544.63403,127.58226992094478,81715942805.17638,-162255069274.8233,31387.43113698373
223,0.00016725,77942725208.86606,-163990635552.61624,31306.09518088714,2312296258044.357,434772326843.3598,131.2544626519602,77798545349.66185,-163996166712.05188,31515.59255462289
224,0.000168,73980165305.10081,-165645056254.47385,31438.184157287596,2567650453970.319,428515287781.1147,135.2625751932203,73828651776.14162,-165649977396.7072,31643.579008725552
225,0.00016875,69968536055.54576,-167210027542.89267,31557.763722400552,2864514452224.382,421726626259.4227,139.66170163880886,69808174839.7334,-167214715177.28406,31771.38978875576
226,0.0001695,65910645878.82715,-168683450692.95575,31668.28617419215,3212435338726.283,414358973444.97186,144.50528575426364,65738920609.95787,-168688317717.28003,31899.024185152786
227,0.00017025,61808163506.61701,-170063809766.3351,31776.493300801114,3623837333048.734,406333658695.4879,149.86305006945904,61622894099.811035,-170069041550.2989,32026.481489335158
228,0.000171,57662954913.95134,-171349530383.0094,31884.297334575156,4115376000535.754,397549048079.26746,155.82446732638053,57462262144.04562,-171355122857.45886,32153.76099370454
229,0.00017175,53475611263.26546,-172539489641.70358,31997.88575699795,4709711367639.534,387882665402.2383,162.50204363933892,53258947706.84658,-172544824674.66748,32280.861991649683
230,0.00017250000000000002,49251668089.84254,-173630975630.96997,32100.112844794956,5438382330475.658,377175341045.9785,170.04239974798935,49015229386.89828,-173636254669.85077,32407.783777550354
231,0.00017325,44989653924.76217,-174623636975.55984,32211.257998822803,6345533412064.161,365251443834.9938,178.62805601223099,44733362120.740585,-174627837340.2477,32534.525646781218
232,0.000174,40709462605.280655,-175511480143.53882,32261.45208242479,7495822445079.4375,351840279796.8292,188.5171498533906,40415573291.205605,-175517901331.22186,32661.086895715795
233,0.00017475,36390047356.35963,-176299587464.1953,32365.837117318944,8982477409124.45,336719072976.52893,200.01456333644342,36064420344.46848,-176304920874.65237,32787.46682173034
234,0.00017549999999999998,32048066960.80047,-176983082432.48495,32447.534121073175,10954613695313.52,319305071532.2861,213.65011869190337,31682232204.122032,-176987275652.9811,32913.664723207745
235,0.00017625,27688648319.55545,-177560722683.50922,32509.347078489875,13649081309270.783,299066586778.375,230.12711862465787,27271544363.7452,-177563503265.46906,33039.67989954144
236,0.000177,23324395587.550545,-178030483331.28934,32530.544953219975,17461100723522.629,275189089199.5967,250.5250063581217,22834955430.416077,-178032352557.05188,33165.51165113929
237,0.00017774999999999998,18956698439.72932,-178392812158.4388,32534.14074449363,23081248298210.344,246569927384.0891,276.5578622524499,18375125794.237766,-178392336138.55008,33291.159279427455
238,0.0001785,14612807119.841457,-178645448999.6442,32462.309510013456,31788832883917.598,211602902625.5965,311.1643498115457,13894706563.135658,-178642111382.18448,33416.6220868543
239,0.00017925,10296326474.91313,-178790418377.3467,32346.240343505164,46039076876707.984,168730070656.4,359.3637905643179,9396566045.002243,-178780515024.02365,33541.89937689424
240,0.00018,6031957544.959257,-178828242683.97794,32145.843247707013,70540948687987.66,118097282553.51796,429.6360910722052,4883457689.291811,-178806370599.76273,33666.9904540516
241,0.00018075,1783346868.9831302,-178761790278.76953,31937.910413066795,112305398619838.83,72040256907.64824,530.841535885806,358154808.9611738,-178718555948.3358,33791.89462386455
242,0.0001815,-2753860919.0308414,-178587688946.4632,32181.49283871005,166610354074084.34,84349317584.08942,638.6986349131612,-4176246857.2978854,-178516059614.70862,33916.61119290884
243,0.00018225,-8082487074.144293,-178273194230.05316,33501.25151919738,176696997249672.22,219022181255.40616,633.6369771486937,-8716805154.099295,-178197989238.6929,34041.13946880175
244,0.000183,-13500268620.05453,-177804014125.17123,34754.850797999636,118891050904598.94,355150063972.6162,506.21499607497293,-13260424323.029188,-177763402992.51566,34165.47876020588
245,0.00018375,-18331158855.16498,-177221081566.403,35058.102535716265,66736566348355.97,395540368023.2166,411.4766088870418,-17804041698.203915,-177211575668.0632,34289.62837683303
246,0.0001845,-22862279237.065773,-176536532268.01825,34893.05925276527,38811823644484.555,392020642912.9863,365.4484351066505,-22344579046.56071,-176541761967.54694,34413.587629447975
247,0.00018525,-27321914913.42286,-175743359448.01077,34638.68629044078,24578617976622.348,385009599256.0988,334.723579209261,-26878731582.589355,-175753362717.2629,34537.35582987235
248,0.000186,-31763589470.021843,-174837543023.3029,34429.81758711613,16842120328016.03,385221546922.1984,303.03870667957074,-31403291879.849316,-174845938314.1533,34660.93229098845
249,0.00018674999999999999,-36199306531.3856,-173816217515.36227,34327.65327643519,12276568124259.969,390593474210.18646,269.94306034302,-35914982433.75349,-173818917184.8486,34784.316326743
250,0.00018749999999999998,-40647896530.552864,-172673172750.26205,34392.70958097705,9376858409975.33,397074622808.7378,240.32864375558682,-40410527682.17408,-172672040296.30386,34907.507252151045
251,0.00018825,-45091050539.67205,-171409040015.6308,34532.19622168954,7427400006125.949,403089099453.17676,216.86726141544545,-44886594801.411545,-171404946189.20142,35030.504383299696
252,0.00018899999999999999,-49519594053.27243,-170024009906.8017,34699.68447848668,6058682018203.552,408758176167.4725,199.14698547595097,-49339720598.0647,-170017624822.20776,35153.30703735194
253,0.00018975,-53930502565.38074,-168517220201.7206,34884.989893985745,5057438896943.093,414527730898.85236,185.5438630424552,-53766453807.301384,-168509941253.32867,35275.91453255042
254,0.0001905,-58316788405.553894,-166889161561.44534,35066.474108933166,4293314022960.5317,420494755855.2097,174.63516861922122,-58163326587.41511,-166881832186.9942,35398.326188221276
255,0.00019125,-62672032955.01145,-165140610968.88422,35233.21742267428,3687937495810.627,426479870655.1089,165.5459748520299,-62526968971.54687,-165133557403.46347,35520.54132477782
256,0.000192,-66993091846.08531,-163271494257.32806,35392.89180950132,3195217031606.537,432304602951.4216,157.77701210755308,-66853825851.07273,-163265342100.00027,35642.55926372442
257,0.00019275,-71275689375.30528,-161282248518.14417,35545.219233138916,2787158071853.8833,437887652701.376,151.01474585170297,-71140305091.6577,-161277543718.42474,35764.37932766019
258,0.00019350000000000001,-75510886639.35829,-159175627596.44977,35668.48958310937,2445413363719.3936,443199073185.252,145.0480798311735,-75382903908.93938,-159170599598.13297,35886.00084028277
259,0.00019425,-79699235328.39177,-156950589919.2762,35796.33443757858,2157012235996.7375,448219419960.5927,139.73446939666752,-79578132425.17328,-156945074976.80698,36007.42312639214
260,0.000195,-83839079634.30072,-154606752813.61847,35935.54863714677,1911659211295.5867,452972785917.062,134.9608960836082,-83722336395.42307,-154601654788.65802,36128.64551189424
261,0.00019575000000000001,-87925048866.86922,-152145629915.19162,36070.60016329185,1701182176641.611,457471721864.0156,130.6444189349351,-87811863507.75871,-152141125269.3481,36249.66732380483
262,0.0001965,-91952054301.49811,-149568953430.29755,36195.41280016027,1519287019136.3909,461719272307.5676,126.72411318024827,-91843263384.39256,-149564423360.47943,36370.48789025319
263,0.00019725,-95918110571.07431,-146876843583.93765,36324.323269177694,1361064491944.8752,465725461404.5601,123.14976937933046,-95812855322.36945,-146872501640.1111,36491.10654048583
264,0.00019800000000000002,-99819932429.80643,-144070135911.015,36456.503810058515,1222541713034.3887,469508992242.49866,119.87723689246333,-99717080290.9869,-144066551108.2344,36611.52260487024
265,0.00019874999999999998,-103651736614.9792,-141151509382.13565,36576.59351643776,1100559120326.4487,473081464417.33386,116.87133258904687,-103552386191.59743,-141147801598.5569,36731.73541489856
266,0.0001995,-107411016102.82373,-138121698644.12723,36698.03575572074,992650682395.81,476449002176.08435,114.10443268561394,-107315060931.17838,-138117570257.87286,36851.744303191386
267,0.00020025,-111094965096.0078,-134981599715.15382,36824.517927837325,896757963026.3977,479626929001.8358,111.5505803101044,-111001794749.24753,-134977402797.1999,36971.54860350136
268,0.00020099999999999998,-114699768563.65785,-131732946810.78401,36950.903500863016,811177569932.8649,482626453611.2338,109.18817448517169,-114608844890.22061,-131728826345.32549,37091.14765071697
269,0.00020175,-118220755274.40483,-128378434812.70377,37069.003385386815,734523851217.8529,485455619844.3848,106.99942005558069,-118132768485.76698,-128373685390.99156,37210.54078086616
270,0.0002025,-121655526506.30441,-124919011651.02051,37191.63961566691,665665450585.3733,488121291762.5948,104.96928020727634,-121570079182.24174,-124913719965.02322,37329.727331120084
271,0.00020325,-125002085582.40628,-121355115657.69275,37326.87541261612,603617409618.8363,490634667150.2092,103.08334276108113,-124917283506.53198,-121351044841.47324,37448.70663979673
272,0.000204,-128254574710.4594,-117691049002.9113,37447.72739902074,547534241360.3844,493004973697.938,101.32908710731307,-128171000008.17346,-117687587339.4938,37567.47804636463
273,0.00020475,-131408931136.99377,-113929906186.10391,37557.88106387224,496758482538.618,495233794182.69507,99.69755545160197,-131327779522.16046,-113925562906.27327,37686.04089144652
274,0.0002055,-134464574849.35306,-110071016453.25705,37687.52038417563,450715413481.5108,497328339649.95514,98.17959936291757,-134384206361.80753,-110067339564.49329,37804.394516823
275,0.00020625,-137415838766.08128,-106119423708.49446,37802.522198779894,408858450896.6072,499299619855.6867,96.76571674011767,-137337155940.41208,-106115390965.17677,37922.53826543616
276,0.00020700000000000002,-140260692897.0962,-102076304540.04297,37923.8178633599,370775479782.1524,501147501417.9456,95.4501343938853,-140183251531.22824,-102072223365.07805,38040.47148139328
277,0.00020775,-142995802920.24994,-97944435542.89893,38045.64197322359,336080663113.37524,502880304183.7448,94.22567304688683,-142919295386.0431,-97940633521.91006,38158.19350997043
278,0.0002085,-145617704917.5349,-93727048783.78703,38164.22590625696,304447305090.54126,504501733424.91846,93.08681150032744,-145542206145.15067,-93723316810.43803,38275.703697616125
279,0.00020925000000000002,-148124037561.7229,-89425966211.15068,38289.43445614009,275596436675.6048,506015541816.1969,92.02861212124091,-148048855649.0032,-89423165269.87027,38393.00139195494
280,0.00020999999999999998,-150510875411.545,-85045570399.35541,38406.42791038105,249274330799.71664,507426762045.4781,91.04622728069285,-150436230842.71024,-85043268874.17892,38510.085941791134
281,0.00021075,-152774136056.36438,-80591232274.45818,38506.33636756188,225274262356.36038,508737223922.5714,90.13603435996853,-152701510741.11926,-80586768480.95934,38626.95669711228
282,0.0002115,-154913975656.78513,-76060978638.9889,38638.17919334514,203419627311.23178,509949224753.359,89.29476658635303,-154841758262.81183,-76056905895.43967,38743.61300909287
283,0.00021224999999999998,-156927019678.29236,-71458676684.42155,38772.903368764804,183516209007.74084,511070209946.85535,88.5180176171369,-156854253110.54526,-71457091410.42734,38860.054230097885
284,0.000213,-158807369872.55325,-66794584221.31313,38862.608771483145,165422555094.4579,512100166985.09283,87.80337168171785,-158736160504.52448,-66790865501.70874,38976.279713686454
285,0.00021375,-160556040099.38257,-62064851793.91041,38992.58969893723,149043054777.1414,513037780356.6975,87.14928928643336,-160484954366.6137,-62061786182.85151,39092.28881461535
286,0.00021449999999999998,-162168451966.92398,-57277732639.4948,39100.439639600765,134237243295.8561,513891308016.518,86.55204672318084,-162098224690.7643,-57273572013.01539,39208.08088884269
287,0.00021525,-163643532364.00314,-52433772834.88996,39225.062859347636,120921381040.14871,514658129925.20544,86.01063349319844,-163573415891.95248,-52429991440.693794,39323.655293531396
288,0.000216,-164978564657.8328,-47537625510.16792,39347.821593869514,109002699149.94353,515342379245.45416,85.52267620250065,-164908321146.5975,-47534994571.302925,39439.01138705284
289,0.00021675,-166170478415.06796,-42596245809.329544,39450.8954327449,98410594795.46043,515944194240.75464,85.08687090453854,-166100779262.90976,-42592695209.56432,39554.14852899037
290,0.0002175,-167218228683.73,-37610508025.61459,39570.919072337114,89089457399.95549,516463861362.7279,84.70214359866067,-167148579846.34183,-37607040398.29387,39669.06608014289
291,0.00021824999999999997,-168119221808.65134,-32586928955.988934,39679.10707051468,80978169570.27371,516903823428.8502,84.36702030420523,-168049875466.2191,-32582348244.58275,39783.763402528406
292,0.000219,-168872485167.10886,-27525758562.352802,39810.723876933786,74035323920.731,517263495202.8394,84.08085046183163,-168802771709.27115,-27522918090.82998,39898.239859387504
293,0.00021974999999999997,-169475405328.56125,-22435268017.430996,39921.639226673586,68218595765.131454,517544457162.75256,83.84259438703398,-169405539683.10458,-22433055798.68696,40012.49481518699
294,0.00022050000000000002,-169926501467.3865,-17320222961.593548,40026.573845979714,63504310118.047714,517745519500.13367,83.65200877171591,-169856645671.76508,-17317300986.475857,40126.527635623344
295,0.00022124999999999998,-170224501247.4974,-12184639608.442966,40133.601157545185,59870018081.10922,517867144182.7714,83.50863501784673,-170154669776.01718,-12180220148.956404,40240.33768762629
296,0.000222,-170368413150.19263,-7028720672.770359,40268.907158037444,57298894237.49702,517909169816.3814,83.41224205059858,-170298128176.7884,-7026336338.803523,40353.924339362224
297,0.00022275,-170356522833.41562,-1862279747.9378624,40376.800807991756,55780924057.34051,517871221810.2105,83.36272516669243,-170285961423.27582,-1860420778.544006,40467.286960237856
298,0.0002235,-170187992458.8601,3309504535.1226287,40476.73255972386,55317047054.06533,517751930313.7341,83.36036472591536,-170117223608.9229,3312710224.517041,40580.42492090359
299,0.00022425,-169862017259.4745,8485127849.773922,40596.08509931433,55911106891.076385,517550672261.687,83.4054024989602,-169790825521.99088,8488269448.620337,40693.33759325708
300,0.00022500000000000002,-169377792004.98535,13658037589.61818,40708.341325928406,57575293228.999725,517266040431.0513,83.49835072338232,-169306149557.655,13661360976.516636,40806.02435044669
301,0.00022574999999999998,-168734704693.18195,18823988271.795204,40823.52831070767,60328760295.185425,516896441380.47125,83.63989166527486,-168662490426.29626,18827043141.41174,40918.48456687501
302,0.00022650000000000003,-167932437157.79858,23976715157.47016,40930.98455426369,64198531051.44283,516439958609.403,83.83090944363516,-167859531132.5485,23980277783.29914,41030.71761820227
303,0.00022725,-166970706675.4374,29111866575.77716,41041.1457790472,69217921624.86111,515894612640.5586,84.07243489581678,-166897006272.60062,29116121576.567616,41142.72288134987
304,0.00022799999999999999,-165848970744.6663,34226714289.14554,41166.829563575695,75430351780.29916,515257781127.6536,84.36577566723975,-165774844649.29828,34229383840.512917,41254.499734503814
305,0.00022875,-164568158906.56375,39311052681.56578,41262.60211862005,82892587452.36345,514526047704.9724,84.712592383747,-164492943789.71893,39314892265.45296,41366.04755711813
306,0.00022949999999999997,-163127639243.71344,44364493361.37452,41383.01616951363,91658465636.48624,513697701283.9007,85.11428603705788,-163051676660.3932,44367522773.53889,41477.36572991837
307,0.00023025,-161528394652.21768,49378960534.4427,41489.361453603444,101809931380.92615,512767327024.47815,85.57326982607323,-161451352565.01562,49382015873.222885,41588.453634904996
308,0.00023099999999999998,-159770726073.6742,54350511069.76789,41600.803636035766,113428442339.91191,511732264193.7514,86.09153539647795,-159692623867.64832,54353290020.572014,41699.310655356865
309,0.00023175,-157855857926.88504,59272477065.618614,41703.40848068136,126616632428.87988,510587223776.6299,86.67184718853612,-157776177719.83762,59276061240.577644,41809.9361758346
310,0.00023249999999999999,-155783789830.69608,64142380288.096344,41822.1085932963,141486723675.3784,509327997520.78033,87.31693876857521,-155703114840.71396,64145112170.28581,41920.329582184044
311,0.00023325,-153556986253.01923,68951330733.12206,41919.4663420445,158183025594.63034,507947345702.34265,88.03051999458386,-153474347725.89545,68955246539.46075,42030.49026153965
312,0.000234,-151175903729.96448,73696508267.1071,42027.85501672301,176848447018.77353,506441593499.27563,88.81570536544247,-151091278816.97363,73701185252.60211,42140.41760232791
313,0.00023475000000000001,-148640717690.94113,78375153224.05705,42155.38298243148,197670818409.32306,504801704826.4649,89.67713924104443,-148555305934.47513,78377846556.78381,42250.110994270675
314,0.00023549999999999998,-145955540867.30615,82976862282.42816,42251.359361751835,220875847164.71136,503018520655.881,90.61999545204881,-145868052170.66574,82979866763.42665,42359.56982838868
315,0.00023625000000000002,-143121545502.856,87498247386.52525,42351.664096060354,246679844769.90265,501088140049.08075,91.64843757960543,-143031453479.43216,87502147379.47896,42468.79349700476
316,0.000237,-140139672334.35233,91936013635.88805,42465.59541473766,275368286253.20856,498998341976.31116,92.76894711162677,-140047522923.15414,91939636034.28105,42577.78139374738
317,0.00023775,-137012774424.54375,96283824931.43216,42573.95199643117,307286774932.74445,496737043759.61835,93.9886594225242,-136918440061.85188,96287156917.49542,42686.532913553856
318,0.0002385,-133742873900.05234,100537169285.7198,42684.66341208431,342816040267.2803,494294177772.3252,95.31476996721557,-133646579504.79443,100539595184.7673,42795.04745267387
319,0.00023925000000000001,-130334938519.48239,104687850698.69472,42771.96511502258,382413066599.1763,491655341469.297,96.75615300221834,-130234462558.51735,104692029906.0453,42903.32440867265
320,0.00024,-126788283338.93837,108735689850.59755,42887.81365449619,426579703247.66644,488810070315.025,98.32131552395704,-126684985141.13464,108739407491.64493,43011.36318043445
321,0.00024074999999999997,-123107196337.23384,112673824296.89464,42996.600441431496,475996205791.79315,485733426865.42725,100.02340690388885,-123000908935.94984,112676990166.13805,43119.16316816586
322,0.0002415,-119295818446.44572,116496378886.03587,43094.783202218154,531414717711.9286,482411180649.307,101.8741173125584,-119185512388.17941,116499843241.99951,43226.72377339904
323,0.00024224999999999998,-115356845178.83214,120199457498.5909,43195.69020162165,593724492645.2642,478823043796.209,103.88756230193347,-115242041791.33205,120203260775.87527,43334.04439899522
324,0.000243,-111294002906.67519,123778234220.76674,43295.308522078405,664032261099.7775,474942216843.5071,106.0810775110088,-111174007600.90022,123782562368.43033,43441.12444914783
325,0.00024375,-107109669803.71158,127229374407.33461,43404.06026719608,743679065337.6317,470741387550.61365,108.47395858144768,-106985074720.87901,127233234420.76988,43547.963329385915
326,0.00024450000000000003,-102809683219.52022,130546630770.35327,43500.35493360462,834341432298.8579,466184970603.76526,111.08988718490747,-102679085447.19946,130550884201.75821,43654.560446577416
327,0.00024524999999999997,-98395938042.30899,133727514159.24718,43607.79152048534,938028010426.6606,461241096274.58453,113.95406505211275,-98259980614.42291,133730910767.4748,43760.91520893249
328,0.000246,-93875498741.126,136765563587.8893,43698.899662836404,1057333805311.4646,455859127961.7896,117.09992202439312,-93732100324.36078,136769339621.58952,43867.02702600668
329,0.00024675,-89249925906.55144,139658863338.82874,43802.969761575536,1195435265054.8438,449996582758.5531,120.56267620357951,-89099654752.06718,139661957184.49847,43972.89530870436
330,0.0002475,-84526375310.4,142401639679.05283,43894.5125186599,1356526449504.178,443582649033.87177,124.3902292345378,-84367208171.53609,142404690160.5636,44078.519469281884
331,0.00024825,-79709851519.17256,144990134229.26324,43980.23559550638,1545925551705.1692,436553800971.15906,128.63514158372402,-79539516144.61507,144993790033.02438,44183.89892135088
332,0.00024900000000000004,-74803162806.15965,147422000235.39935,44075.38389124471,1770642336755.9668,428821836564.86304,133.36445877393558,-74621342228.34627,147425443701.41345,44289.03307988153
333,0.00024974999999999997,-69812136342.66463,149693242761.37833,44168.88241130896,2040184008684.077,420271133649.2735,138.6646904008825,-69617778514.64867,149696167274.66364,44393.9213612058
334,0.0002505,-64746443209.51396,151798530884.5088,44238.31436216262,2367440519221.3984,410772051126.60095,144.64138130027393,-64533894576.718056,151802481888.17783,44498.563183020655
335,0.00025125,-59607064317.33722,153737077646.19336,44320.17267849756,2770043445484.983,400175037384.70264,151.42441844448322,-59374966367.799614,153741245905.6855,44602.95796439135
336,0.000252,-54401810001.714516,155504998873.30365,44395.282141804,3273510852825.93,388244139927.48645,159.1977823695918,-54146544215.86492,155509259862.28268,44707.10512575459
337,0.00025275,-49134906238.05436,157100230211.154,44473.3841908967,3915019867662.0234,374709344059.2688,168.1983930204413,-48854183098.30484,157103618220.61584,44811.00408892182
338,0.0002535,-43816453641.794876,158518950152.9376,44533.53803849924,4750845781735.099,359187737139.4173,178.75812079670968,-43503509445.17667,158521509281.95987,44914.65427708236
339,0.00025425000000000003,-38452007374.477905,159759425828.1736,44586.784061284925,5868566190939.088,341187273770.38696,191.33856119585815,-38100365456.09725,159760576229.34723,45018.05511480663
340,0.00025499999999999996,-33059128802.99732,160817350923.812,44592.45494049375,7411298663430.927,319980491816.96875,206.63187784846497,-32650796306.340454,160818354995.57446,45121.20602804941
341,0.00025575,-27642343740.169594,161692836218.94458,44581.86612603866,9622252273832.732,294598330688.4059,225.67749699271488,-27160816997.241257,161692656053.01987,45224.10644415294
342,0.0002565,-22216693291.259964,162384234893.7114,44533.86611009642,12943074308026.732,263495183409.14502,250.2048919392258,-21636617327.658737,162381605183.93716,45326.75579185012
343,0.00025725,-16800595995.79082,162890919369.90198,44429.76189927284,18225945129061.977,224454603278.6987,283.1868947188151,-16084460874.36879,162883366353.6531,45429.153501267705
344,0.000258,-11423531632.143938,163213032724.4077,44230.18420553105,27219759630455.63,174532580723.35336,330.00426255489106,-10510732280.210327,163196487788.15475,45531.29900392949
345,0.00025875000000000003,-6117051978.087709,163353501214.7952,43907.801948201384,43587563191016.73,112169489050.89052,400.1650196358845,-4921814817.540712,163319548428.40222,45633.19173275937
346,0.00025949999999999997,-828592046.6425511,163319216187.3052,43618.452541052764,73451523975188.42,51806931069.82472,503.8528582977,675589022.5962842,163251557028.24463,45734.83112208461
347,0.00026025,4914978911.199565,163102383939.10596,44219.56777146838,111494647885919.44,76669282967.0173,602.0190464728512,6274997702.803399,162991564688.73303,45836.21660763888
348,0.000261,11659039577.70151,162636051575.2594,46377.48433198294,104891112824439.16,263325281808.0143,544.17323547219,11869717995.52061,162538923656.88718,45937.34762656549
349,0.00026175,18036382527.092625,161929217719.45346,47562.54408114016,59924878737792.86,393480500951.90564,410.6625091182697,17452976779.885296,161893358686.15442,46038.22361742039
350,0.0002625,23724651847.709274,161050608599.03568,47466.997057634086,31462026427715.88,411236268412.4558,346.2247377661822,23018129337.741585,161054546375.6591,46138.84402017545
351,0.00026325000000000003,29183267565.42771,160002404729.49316,46970.783835292605,18175290831905.293,401203540575.3439,317.43682619916996,28558174494.597164,160022634070.89252,46239.208276221354
352,0.000264,34572391589.4887,158776594264.25726,46440.901079892996,11725360024245.1,397441127791.4082,290.40365097012005,34066340877.191734,158797980737.19025,46339.315828370934
353,0.00026474999999999996,39934106041.516014,157366592736.43863,46083.584048944744,8253114235062.58,402289366244.39343,258.39433374280264,39535752624.763054,157381018754.96536,46439.16612086209
354,0.0002655,45275395484.84036,155767450287.5999,45962.78879490549,6164368401687.922,409712324351.50134,227.61221154556253,44959553489.64444,155772795232.13525,46538.75859936097
355,0.00026625,50588619035.530365,153976980196.29593,46021.65417703194,4793983254558.325,416288796751.325,203.18129559958064,50330863014.03604,153974214410.99585,46638.092710964986
356,0.000267,55868683891.89388,151992807562.024,46206.71507457258,3842192196891.582,422094216428.2648,185.29107596417344,55642798457.453514,151986574479.27188,46737.167904205926
357,0.00026775,61090996382.628265,149820193034.14932,46392.4162835811,3150592504876.521,427953084448.34607,171.95707232118824,60888446137.78656,149811526152.71597,46835.983629053015
358,0.0002685,66251193179.25756,147458970670.59207,46589.79223870307,2627258797425.0664,434003293737.3774,161.46002464354098,66061077621.565765,147450970233.8402,46934.53933691593
359,0.00026924999999999996,71336216109.02638,144912823705.77255,46763.8103637178,2217067309206.8667,440058734830.78,152.7980247225524,71153825502.74585,144906960874.89194,47032.8344806479
360,0.00027,76333918495.14516,142186322771.5781,46897.91024582447,1887479529091.6523,445892261240.5338,145.4543178321653,76159918673.12402,142181823850.4427,47130.86851454869
361,0.00027075,81238947159.1323,139281522370.1799,47018.44859769141,1618419280326.912,451400245452.68884,139.123472786158,81072620280.63152,139278215790.17157,47228.64089436764
362,0.00027150000000000004,86042189694.51978,136202749150.70721,47117.82089948646,1396110180726.815,456573898103.97284,133.59176775527553,85885423576.43417,136198841641.0552,47326.15107730678
363,0.00027225,90740438298.5948,132951283608.86877,47226.27375807303,1210569294845.328,461411028104.19226,128.71204903936587,90591662917.98598,132947055773.77568,47423.39852202368
364,0.000273,95326582611.97467,129530734593.05092,47334.596455728286,1054149744376.626,465933106032.3647,124.37252679856257,95184899019.40807,129526130909.81847,47520.382688634556
365,0.00027375,99795904299.54863,125943363063.42715,47453.634599360725,921083754481.6395,470150248512.31976,120.491611461588,99658741513.1213,125939649213.21649,47617.103038717294
366,0.0002745,104139709885.6408,122194595403.10367,47560.95809350563,806938764765.4288,474081693295.0909,117.00325659562608,104006934928.10725,122191543529.2498,47713.55903531437
367,0.00027525,108350501553.37105,118289769673.78639,47653.48469062286,708371765102.5398,477736945535.6371,113.85720286446288,108223336233.18294,118286016688.49646,47809.75014293586
368,0.000276,112424728483.16847,114231222824.657,47758.152550578925,622775287139.4119,481131133048.76013,111.0115033828718,112301762323.5627,114227419739.71198,47905.6758275624
369,0.00027675,116355545931.12476,110024275563.2366,47859.952156407344,548017140903.44855,484285760848.351,108.42929195943145,116236438557.47955,110020265310.27579,48001.335556648184
370,0.00027749999999999997,120137391931.84064,105673548400.50839,47962.11590162135,482432430175.65027,487210887285.97565,106.08246527352833,120021636781.5576,105669502769.26877,48096.72879912388
371,0.00027825,123764391309.56377,101184369795.791,48061.870130881514,424677032666.4192,489920048022.2657,103.9465055760197,123651723698.05219,101180254754.05418,48191.85502539958
372,0.000279,127231934848.8233,96561004139.91705,48168.44492679929,373660381436.1301,492424487804.9855,102.00093943791339,127121237097.54105,96557784367.65842,48286.71370736781
373,0.00027975,130532904214.16293,91811234336.41365,48259.213990237826,328474176947.7587,494736420568.3391,100.22780794916025,130424961297.4209,91807668149.23859,48381.30431840638
374,0.0002805,133662899719.719,86940182811.18484,48350.552666633965,288396965851.85645,496861992537.90424,98.61314730150731,133557786917.66597,86935694035.55836,48475.62633338131
375,0.00028125000000000003,136618875205.08165,81951019510.44148,48462.32442304463,252805614859.9083,498812428821.3068,97.14355491286587,136514845505.41837,81947830064.59746,48569.67922864981
376,0.00028199999999999997,139394924940.50644,76851349847.5188,48567.8866856169,221161790907.50424,500598022924.9373,95.80716743478408,139291560790.75198,76850174186.96733,48663.462482063114
377,0.00028275,141984269967.6456,71651738855.27724,48641.51550506426,193044438289.99182,502222644957.0767,94.59512821384921,141883366159.0009,71649211518.8679,48756.97557296946
378,0.0002835,144384949301.31973,66355207897.78894,48733.091880303415,168114856597.3985,503690136196.55005,93.49995823280702,144285963914.7817,66351520010.10842,48850.21798221689
379,0.00028425,146593086066.4246,60968016041.43334,48832.15049357445,146044472169.5451,505010940113.44806,92.51331143241535,146495458396.053,60963902850.728065,48943.18919215618
380,0.000285,148605186835.3903,55496104119.95167,48939.363558964156,126567895599.1389,506188765344.45776,91.62914846157368,148508139239.53973,55493200087.997635,49035.888686643746
381,0.00028575000000000003,150416517138.21585,49949314215.49126,49029.00249300062,109464414489.50464,507228004021.7386,90.84197937321183,150320347477.72952,49946585567.1708,49128.315951044424
382,0.00028649999999999997,152023954412.804,44335006133.30954,49113.96361419331,94560117272.29243,508130577409.9956,90.14763259264286,151928910403.1818,44331335609.79499,49220.47047223441
383,0.00028725,153425443202.2845,38657661843.9364,49217.74470537879,81699377827.25554,508900464354.4127,89.54202706717133,153330761099.3485,38654836730.34903,49312.35173860408
384,0.000288,154617194182.48404,32928187499.67024,49302.59866158111,70744570243.96552,509541269850.8679,89.02153698610617,154523170106.57812,32924836403.389454,49403.95924006079
385,0.00028875,155597345993.25473,27152376492.451786,49396.05101762656,61596234587.81317,510053112893.9506,88.58384245231109,155503594428.02454,27148893750.537605,49495.29246803175
386,0.0002895,156363767546.63986,21337324866.64419,49495.92376030705,54164995588.97016,510438647225.2324,88.22641516719186,156270075409.96655,21334838416.51531,49586.3509154669
387,0.00029025,156914267311.48267,15492300594.260475,49587.92107260912,48382629572.56672,510698458692.69336,87.94754063983804,156820629755.6044,15490739172.63419,49677.134076841576
388,0.000291,157247221675.77057,9626262924.263294,49671.858186134996,44200906283.62499,510832476250.4263,87.74603154881662,157153590609.70575,9624596653.77282,49767.64144815946
389,0.00029174999999999996,157361483719.06223,3747423290.0853963,49753.31852967323,41585831408.932014,510840611404.2926,87.62103783510396,157267834901.58728,3744481510.9454746,49857.87252695533
390,0.0002925,157256242073.51913,-2140068142.3584485,49861.09039977628,40517462370.98607,510722269376.90967,87.5721160193138,157162287783.3764,-2141371141.9086885,49947.826812297804
391,0.00029325,156930568108.03128,-8023581823.388823,49945.12113033096,40992046892.80332,510476091575.2769,87.59926532341787,156836309512.38806,-8024604404.074614,50037.5038047922
392,0.000294,156384358647.56885,-13894399517.640432,50021.25096767541,43021490308.4812,510099970086.2152,87.70298574260178,156289525741.14032,-13897002426.559765,50126.90300658323
393,0.00029475,155617485298.19016,-19747226612.54169,50116.01398324212,46630707490.58331,509591745960.7016,87.88407676684109,155521890259.53058,-19750030151.301502,50216.02392135784
394,0.0002955,154630163515.2125,-25572868228.528088,50209.27525164507,51864540041.42643,508947835697.64355,88.14395953854448,154533790206.35318,-25575295284.073746,50304.866054347905
395,0.00029624999999999996,153423154370.6707,-31361830385.16412,50294.78768732756,58783545066.73599,508164439513.25323,88.484431809072,153325817031.19846,-31364458502.80065,50393.42891233301
396,0.000297,151997522646.11133,-37105544631.5619,50377.35566720194,67464542676.435646,507237235225.36053,88.90772939714486,151898847973.61768,-37108994573.20884,50481.712003643166
397,0.00029775,150354208082.51785,-42797234862.20639,50470.203370863346,78005304514.15028,506160893353.5476,89.41665728630933,150254229055.55707,-42800506247.03654,50569.71483816156
398,0.00029850000000000005,148494800998.98636,-48428095128.89317,50562.484213459546,90531431262.15967,504928550136.6244,90.01477164151581,148393581546.64978,-48430565439.086914,50657.43692732727
399,0.00029925,146421147956.3518,-53989831939.6582,50655.09249527249,105191312410.87524,503533257365.4239,90.70607130876674,146318834442.8888,-53990757533.301636,50744.877784137956
400,0.00030000000000000003,144136734941.58813,-59470774123.12717,50724.14317928988,122163553495.74518,501966656450.0571,91.49533020380022,144032211653.43704,-59472678073.11323,50832.036923152606
401,0.00030075,141642991552.7513,-64866353902.83551,50812.977810724034,141647732587.37442,500221374158.92426,92.38750295038251,141536422319.49176,-64868209723.6706,50918.91386049419
402,0.00030149999999999996,138943672363.03433,-70166289908.25197,50891.42790836879,163909156041.83377,498283897795.9503,93.38960035781223,138834441417.49786,-70168984494.96443,51005.50811385236
403,0.00030225,136040615811.18558,-75365555722.60501,50989.14137743979,189243108820.71954,496144252429.97784,94.50845082171627,135929482838.02359,-75367021676.19783,51091.81920248614
404,0.000303,132939169049.71413,-80452514805.99521,51065.2391488284,218025298416.43405,493785622849.7375,95.75329876578921,132825121135.3078,-80454299113.73796,51177.8466472266
405,0.00030375,129642794716.66049,-85420515337.75778,51144.14024164042,250667848820.97015,491196375016.5,97.13292084460542,129525260910.6909,-85422812855.00227,51263.58997047946
406,0.0003045,126154663746.06528,-90263471761.6474,51236.001030870015,287688839962.5814,488356576938.0884,98.65899956861092,126034352934.83832,-90264906107.62,51349.048696227816
407,0.00030525,122481989124.98515,-94969860893.17828,51301.27332332953,329727422979.507,485243930900.8776,100.34513990299993,122356756571.06769,-94972906731.24208,51434.22235003474
408,0.000306,118625726847.89803,-99537820969.18085,51401.72526923716,377503559602.4567,481841066155.0011,102.204851353385,118497403248.51706,-99539210056.4205,51519.11045904593
409,0.00030675,114594696858.23863,-103955115975.10501,51473.64149258491,431987226379.4215,478111119203.6354,104.25835815035622,114461535372.22263,-103956721495.83101,51603.71255199232
410,0.0003075,110393542505.0937,-108216081669.86589,51547.44892091368,494265994698.2849,474033395337.5815,106.52371064297677,110254686907.53926,-108218113026.86421,51688.028159192705
411,0.00030825000000000004,106028763909.75728,-112313248762.2342,51616.10523166558,565735291785.0007,469567652910.8709,109.02595883233742,105882581415.40898,-112316573034.88902,51772.05681255637
412,0.000309,101504783671.4791,-116241730216.31886,51697.35064985033,648128190101.3037,464673742251.5748,111.79324202048771,101351357290.43707,-116245323873.01964,51855.79804558563
413,0.00030975,96827396655.99966,-119995387333.78134,51785.74944160582,743676494112.7946,459297728628.482,114.86095790265908,96667440829.30475,-119997933964.9449,51939.251393378465
414,0.0003105,92005366884.14268,-123566105733.05977,51859.91305356776,855220816463.0951,453380543264.9179,118.27063357539271,91837495292.77257,-123568091615.28299,52022.416392631145
415,0.00031125,87046941791.55215,-126947187704.41109,51920.89971083061,986356525192.6418,446858648931.06055,122.07030079935294,86868478163.0738,-126949752586.57063,52105.29258164067
416,0.000312,81957106934.5335,-130134795561.39311,51992.88837077082,1141785330876.5437,439650221674.48364,126.31980769140208,81767492537.98276,-130137167518.2715,52187.879500307485
417,0.00031275,76745358458.94637,-133122185191.24588,52055.1327199902,1327886047818.2021,431644036405.33154,131.097122219697,76542051813.14418,-133124925832.08841,52270.1766901379
418,0.0003135,71418366799.19113,-135905087536.15576,52120.3212020397,1553208496824.9385,422721056231.31384,136.4951935548275,71199859432.4276,-135907636224.29832,52352.183694246756
419,0.00031424999999999997,65985856925.61583,-138477839556.86203,52175.99406991074,1829637147201.7747,412717155878.4605,142.63660343757363,65748832791.380066,-138480392072.41336,52433.900057359846
420,0.000315,60457368968.14745,-140835643654.02365,52220.71161781521,2173897899174.1345,401435874083.7987,149.67743262075402,60197036604.026855,-140838722351.28152,52515.32532581656
421,0.00031575,54841128580.07537,-142974880464.0254,52262.115732603306,2610221524700.9507,388618152494.6812,157.82548882562645,54552990971.37662,-142978312360.70236,52596.459047572294
422,0.0003165,49144531892.790115,-144892556363.63828,52307.74523493505,3174938265680.249,373910859103.04297,167.36732239382883,48825114290.088234,-144895167868.10223,52677.300772201044
423,0.00031725,43380998882.8795,-146583901677.28693,52333.063226433114,3924536193235.921,356826711447.0899,178.70920189072382,43022252125.89465,-146585556150.69696,52757.850050897854
424,0.00031800000000000003,37562046323.18095,-148045926744.1431,52338.41286409444,4949779361629.001,336716897563.2519,192.43206204304255,37153150540.01862,-148046184312.2078,52838.106436481314
425,0.00031874999999999997,31703377958.277058,-149275450446.06067,52307.98064671888,6404183145530.964,312623269818.0807,209.42465409921047,31226915908.451626,-149274169738.81564,52918.06948339609
426,0.0003195,25821290588.87617,-150270660460.6066,52234.65979526696,8562043770188.294,283140017273.56476,231.1054162548096,25252922770.91818,-150266868461.60693,52997.73874771532
427,0.00032025,19935582605.164383,-151030693750.6594,52104.75527276406,11946940076582.664,246124847833.28842,259.89009735967653,19240269397.08105,-151022055572.70694,53077.11378714315
428,0.000321,14080147543.39348,-151555029189.62766,51868.15056119907,17631459218499.062,198420831321.10037,300.14654327246944,13198602567.245646,-151537889351.70224,53156.19416101714
429,0.00032175,8291518126.828501,-151846974279.1496,51495.62983659319,27931329061379.906,136590477891.66684,359.9297276604332,7137359651.93872,-151812813278.61307,53234.97943031077
430,0.00032250000000000003,2573202421.6640563,-151914533138.8872,51046.96545554614,47516192852826.51,64969105763.20809,451.49332220854956,1066280320.9979697,-151845837533.20264,53313.469157635765
431,0.00032324999999999997,-3397562304.9344087,-151761842703.8631,51245.88478172633,78962440416309.12,40767140153.020996,563.9584899290578,-5005003925.620296,-151636151226.801,53391.662907244674
432,0.00032399999999999996,-10510305684.105097,-151321780629.1636,53589.714514415675,89335795802459.81,199527435338.92346,559.5182271366087,-11066658323.743204,-151183529986.46835,53469.56024503314
433,0.00032475,-17701263642.10383,-150548636588.84232,55593.34756760421,54557282448785.445,379780031234.7903,418.3516782514105,-17108873900.414421,-150487973304.38715,53547.16073854246
434,0.0003255,-23949504061.181503,-149549826701.71448,55610.12797169905,27478643177071.37,418383223773.39124,339.5980947166379,-23121772334.351753,-149550017150.86996,53624.463956961816
435,0.00032625,-29837968734.981247,-148344514094.5759,54931.20251748289,15120331910883.816,408568740899.5426,309.93402237298494,-29095568478.00454,-148370601464.58572,53701.469471130826
436,0.000327,-35621750470.66967,-146920977895.9658,54153.84263887504,9433728637115.592,402299654721.1712,285.40910476070337,-35020462938.17766,-146950933156.85175,53778.176853541816
437,0.00032775,-41353408130.002556,-145272051489.73355,53563.41200364791,6518766517020.606,406372166647.30975,254.51387265735715,-40886617276.35378,-145292737200.5017,53854.58567834228
438,0.00032849999999999996,-47052879045.99462,-143388980971.38718,53322.15573356659,4820027437007.407,414088197308.74445,223.42768388773774,-46684296169.6879,-143398150547.10886,53930.695521337155
439,0.00032925,-52706033439.102005,-141270082580.43747,53336.78548111803,3718333828579.3975,420940311256.93567,198.54714042191645,-52403796889.64657,-141269707659.97037,54006.50595999126
440,0.00033,-58297450054.94465,-138915877318.63333,53494.139109049895,2954523557824.4717,426772072810.5935,180.5540566081564,-58035560443.19741,-138910197395.1131,54082.016573431545
441,0.00033075,-63805177772.79379,-136331455159.90686,53679.388275062636,2400005904215.556,432552232032.17786,167.35939755791432,-63570067561.72223,-136323153836.66505,54157.22694244954
442,0.0003315,-69215674583.34805,-133520669683.33073,53860.52897160455,1981217337835.8105,438538956181.0267,157.06843903555924,-68997785433.37755,-133512120906.63612,54232.13664950361
443,0.00033225,-74518307613.88454,-130487035422.5467,54033.31042166447,1654335198907.4321,444512234122.3978,148.6242499759952,-74309526302.00473,-130481328448.9338,54306.745278721275
444,0.000333,-79694505745.26486,-127239471268.5982,54148.17207523199,1393049705015.1968,450244269433.0389,141.49567925824633,-79496216797.11546,-127235240643.6043,54381.05241590156
445,0.00033375,-84735988602.53145,-123782845161.92816,54237.38439332598,1181023829517.8245,455613541868.7427,135.38317202493008,-84548812029.95023,-123778741577.16743,54455.05764851725
446,0.0003345,-89635782626.193,-120121406806.67021,54325.16547316516,1006887760227.2589,460614754755.3632,130.0745669424892,-89458560824.32736,-120117145207.32556,54528.760565717195
447,0.00033525000000000004,-94387042668.97424,-116259344116.81525,54424.03351999948,862251348045.0538,465261603459.2515,125.41815113506661,-94216887580.38895,-116256173008.533,54602.1607583286
448,0.000336,-98978124857.4382,-112204923056.93861,54504.44931648309,740845118036.2079,469568878691.0687,121.30401018184287,-98815455964.82751,-112201783369.86061,54675.2578188593
449,0.00033674999999999997,-103402646941.92953,-107963150746.28671,54589.742673234316,638063715400.1721,473543137253.9376,117.65219486477989,-103246198547.61751,-107960375754.96124,54748.0513415
450,0.0003375,-107651866134.81459,-103541389342.7725,54670.09682416486,550360022033.782,477208743272.4977,114.39561762448051,-107501174776.67451,-103538807471.1844,54820.540922126565
451,0.00033824999999999995,-111717816426.89474,-98947086891.58961,54745.069942076196,475035909779.72,480580623096.44775,111.48266800898838,-111572817038.37312,-98944008253.52936,54892.7261583022
452,0.000339,-115594699070.81395,-94185948175.28305,54831.665314650505,409999989451.9947,483675267145.52094,108.87124921503444,-115453726374.23169,-94183515852.3155,54964.60664927975
453,0.00033975,-119274390982.32837,-89266659583.43594,54912.90911746638,353582435019.4324,486511554578.0528,106.52572390587696,-119136939814.92155,-89265095530.44737,55036.181996003885
454,0.0003405,-122749659130.37482,-84197889230.91971,54986.979756291024,304484030402.2655,489100542785.9768,104.41830956792433,-122615634600.41614,-84196587730.83548,55107.45180111336
455,0.00034125,-126013207831.7195,-78989439824.67508,55047.54359155552,261661888754.03574,491455098407.27795,102.52531546938113,-125883501774.57697,-78986667886.86732,55178.415668943155
456,0.000342,-129062005441.92047,-73645455238.86388,55138.486718513544,224272908898.71854,493586139006.3663,100.82709034721638,-128934433965.80893,-73643737968.24794,55249.073205526714
457,0.00034275,-131887849540.25728,-68178352906.116585,55210.07788325251,191588610864.46753,495509757341.05786,99.30515803671767,-131762732843.25049,-68176961185.67515,55319.42401859814
458,0.0003435,-134486068388.78857,-62596288668.575195,55283.75909493552,163060497332.02856,497229177825.6678,97.94676258329547,-134362977176.53462,-62595308699.03977,55389.46771759436
459,0.00034425,-136850755087.38727,-56910665021.046936,55343.06033276038,138218047852.84045,498755196204.2797,96.73920339573948,-136730313623.59407,-56908235867.37541,55459.20391365726
460,0.00034500000000000004,-138979159145.06705,-51127209357.50836,55427.00731781961,116681398251.40332,500093354601.39996,95.67265789194239,-138860062597.53128,-51125482854.0276,55528.632219635896
461,0.00034575,-140865335210.0538,-45259715093.17034,55488.05407706985,98115488991.02933,501252966876.49493,94.73756599746001,-140748107979.06433,-45256865786.227234,55597.75225008862
462,0.0003465,-142506955747.53174,-39314433692.86863,55570.414964978154,82270196302.55806,502235594286.7474,93.92748362755928,-142390604037.5467,-39312414064.5716,55666.56362128522
463,0.00034725,-143899553310.55682,-33304591343.208294,55636.07568907924,68920587064.26399,503048463609.5109,93.23551044817285,-143784185677.98206,-33302392378.448547,55735.06595120906
464,0.000348,-145040493542.70047,-27239988965.291615,55701.687225365546,57898871000.942665,503692632835.89246,92.65712506594843,-144925998535.04883,-27237211071.81922,55803.25885955918
465,0.00034875,-145927653991.76114,-21129218947.738445,55780.583727862555,49064037023.84746,504171570501.07416,92.18800819620648,-145813510016.7459,-21127448015.223686,55871.14196775244
466,0.0003495,-146558320226.12878,-14986282980.624718,55838.82250118871,42304446070.27528,504487217997.22473,91.82480629769013,-146444693361.0484,-14983774171.844204,55938.71489892558
467,0.00035025,-146931505486.51587,-8817924275.844007,55920.06304323288,37543468466.66166,504639327939.5329,91.5653595248742,-146817810568.65912,-8816803410.985514,56005.97727793733
468,0.00035099999999999997,-147045560533.7567,-2638695867.0706377,55980.5161212742,34723269241.74324,504628839450.94104,91.40774790231582,-146931916964.7692,-2637661029.730761,56072.928731370535
469,0.00035175,-146900034216.88913,3540912059.062932,56038.88597154727,33815572002.062122,504453979734.3235,91.35125483101606,-146786266870.07764,3542896005.3172336,56139.56888753415
470,0.0003525,-146494743970.68607,9712109428.61958,56111.63608198605,34812184994.167625,504113410717.81036,91.39556748231459,-146380574866.88477,9713787324.118929,56205.89737646535
471,0.00035325,-145829896213.7827,15862167579.585016,56175.364410539914,37730089536.9327,503604192253.94934,91.54122320978503,-145715078054.8047,15864137290.950727,56271.9138299316
472,0.000354,-144906372600.32217,21979527567.863716,56232.76155831002,42609472205.21451,502922633418.9267,91.78944372027001,-144790557069.2562,21982844888.937603,56337.617881432656
473,0.00035475000000000003,-143724950413.25046,28056553670.299816,56311.9194119232,49514308522.16065,502064210802.11383,92.14213850848279,-143608214619.0782,28058863341.22691,56403.00916620263
474,0.00035549999999999997,-142287711986.50885,34078688796.696587,56370.71533098296,58542081180.96327,501022157072.46625,92.60229084935287,-142169620061.7203,34081147583.487995,56468.087321212
475,0.00035625,-140596741491.40994,40036119598.12433,56431.957987310016,69810336753.10893,499790581269.0031,93.17321708277446,-140477049866.28546,40038911905.2544,56532.85198516965
476,0.000357,-138654297126.65622,45919254688.98534,56502.37089188125,83474860785.44711,498360630874.77844,93.85949506440056,-138533020393.6384,45921327729.24736,56597.3027985248
477,0.00035775,-136464135496.1361,51714962801.17238,56557.54970488401,99733654586.27602,496721919162.3169,94.66675349291948,-136340606960.14027,51717553159.24819,56661.43940346912
478,0.0003585,-134028904829.58342,57415469842.23227,56629.20008089975,118817874515.79936,494864530231.5633,95.60116678934007,-133903476193.8741,57417041529.780174,56725.26144393864
479,0.00035925000000000003,-131353606335.07027,63007508597.99709,56684.463455207,141027223400.86838,492773107128.8908,96.67104961930572,-131225510048.09412,63009182158.98855,56788.76856561573
480,0.00036,-128442093590.47153,68482469993.695526,56747.67881925587,166705166079.68234,490434870516.67773,97.8849665507445,-128311302829.22755,68483656458.08127,56851.96041593107
481,0.00036074999999999996,-125299858010.714,73829030320.70337,56803.807492234504,196286179624.20255,487830352145.6991,99.25412364150887,-125165698884.68921,73830260406.67569,56914.83664406566
482,0.0003615,-121932744819.93245,79036713332.6278,56853.17283375849,230286778010.2233,484940749310.1931,100.79078209741184,-121794121639.60222,79039028854.86305,56977.39690095266
483,0.00036225,-118345993555.7641,84097018477.36446,56909.25817965725,269336033379.5996,481743213457.7722,102.50951017534817,-118202330473.44508,84100261848.66743,57039.640839279455
484,0.000363,-114545599038.38696,89000800097.68645,56969.504122499595,314220853135.6548,478209054550.3716,104.42807590531103,-114396600265.86829,89004493487.8395,57101.56811348947
485,0.00036375,-110537676624.81865,93739438562.8033,57035.77861298759,365910153212.59436,474306670500.7356,106.56706085938816,-110383651485.74103,93742379793.30786,57163.17837978416
486,0.0003645,-106330660472.27272,98302205756.99544,57089.13772498244,425611625969.59393,469998337132.7081,108.95107302973643,-106170476125.32288,98305036231.1712,57224.47129612493
487,0.00036524999999999996,-101930986134.21304,102681790116.70584,57149.02608367937,494806578764.1162,465244639750.47186,111.6079829975817,-101764578968.22632,102683690219.59163,57285.44652223492
488,0.000366,-97348064714.59888,106868248570.22829,57196.66925718494,575407339898.6392,459991210855.68604,114.57323141529146,-97173997891.33517,106870015915.62808,57346.10371960103
489,0.00036675,-92590040366.9742,110853982822.36472,57242.23824587452,669822152312.4833,454182345795.986,117.88718658826716,-92406767132.09282,110855917731.6587,57406.44255147576
490,0.0003675,-87664094933.98944,114632698173.50635,57298.37129894684,781192633334.2898,447744564310.74713,121.6005791182444,-87471568678.949,114633766450.03766,57466.46268287902
491,0.00036825,-82581653383.74034,118195144630.83011,57338.96283721896,913694822473.1738,440585936279.85114,125.77704987733095,-82377283747.48938,118196159802.32446,57526.16378060006
492,0.000369,-77352173955.04875,121534733913.65364,57373.96711166938,1072813129502.5676,432608217606.71295,130.4915485144374,-77133241025.1939,121536233557.3606,57585.54551319928
493,0.00036975,-71983686536.45105,124646305490.44487,57417.76684456531,1266026629528.086,423678099670.2218,135.84135841306613,-71749012541.57867,124647391963.84735,57644.6075510101
494,0.0003705,-66490169614.303986,127521552182.1839,57438.865453336584,1503804724909.652,413622151652.3982,141.95363591381226,-66234581175.111374,127523515019.44894,57703.34956614076
495,0.00037125,-60878509575.06886,130157252318.1363,57471.963221214406,1800822256302.3381,402243740529.5927,148.98650106864957,-60600007296.547195,130158891089.62439,57761.77123247616
496,0.000372,-55162710969.47548,132546724983.48518,57489.27953606811,2178720000606.7344,389248121508.01355,157.16207492897473,-54855857051.56854,132548209683.25464,57819.87222567966
497,0.00037275,-49355055690.22162,134685319196.97069,57492.324541450675,2669857199220.208,374278729859.58936,166.7747171642983,-49012776599.68569,134686657571.58551,57877.65222319487
498,0.00037349999999999997,-43464044473.65563,136570502671.14912,57501.82960723824,3324624907301.586,356832707717.05286,178.242573532864,-43081710830.08187,136569909794.89276,57935.110904247485
499,0.00037425,-37511105468.35451,138195881619.07068,57465.602438398266,4225405079716.1484,336171376947.9721,192.19082985905075,-37073674229.52648,138194055744.68707,57992.247949847035
500,0.00037499999999999995,-31509268588.535576,139559749204.87195,57402.63511575807,5512013644442.049,311303681962.52905,209.55021849440402,-30999927842.771286,139555675800.44547,58049.06304278863
501,0.00037575,-25478842394.336086,140659618999.14188,57292.24165623436,7437862928203.677,280666617632.37885,231.84633346953748,-24872012729.29707,140651880183.48715,58105.555867654766
502,0.0003765,-19448012955.055305,141493810234.3935,57098.214991034,10493607206917.879,241904646658.07852,261.6966554213252,-18701555010.77528,141480320308.75235,58161.726110817064
503,0.00037725,-13451684240.168257,142063213349.4252,56784.71272866725,15698963393728.502,191590316157.68204,303.8581939218719,-12500213947.128792,142039044543.15564,58217.573460438005
504,0.00037799999999999997,-7531473413.919368,142372383850.32278,56315.40044346354,25284715622923.75,126154413058.03003,367.1429116832171,-6279851767.589206,142326699192.459,58273.097606472635
505,0.00037875,-1670927065.5532658,142432083494.0146,55817.51582205992,43641488724421.37,52828059616.04466,463.90207406049973,-52262665.902914144,142342426343.52225,58328.298240670345
506,0.0003795,4584699301.421385,142241797228.4191,56343.153738661895,71167293850532.0,46252238716.99102,571.3700523711409,6170560264.379456,142085812916.49893,58383.17505657654
507,0.00038025,12106240802.698135,141706018225.8124,59332.9445963858,72691317849803.88,235972743185.7481,531.990684480781,12376581642.4913,141557186003.12442,58437.727749534366
508,0.000381,19325150832.535114,140809345157.44632,61134.525132734285,40826352947253.64,396776376062.3875,391.00116677869676,18553938062.727974,140757188466.03394,58491.95601668634
509,0.00038175000000000004,25589373759.13891,139676975257.81714,60829.527577570676,20380540268258.14,419856745631.45264,326.5256563077836,24690668217.415863,139686997306.43903,58545.85955697612
510,0.0003825,31548838731.762253,138315224794.91165,59916.05387951293,11372372491970.201,407996772159.0086,301.44959080208133,30774891307.046352,138348580769.98993,58599.438071150114
511,0.00038325,37426153446.725395,136707092122.80774,59027.37098949084,7222722495054.459,403681295836.9328,276.5251707549987,36794755894.78316,136744209651.64464,58652.6912617592
512,0.000384,43227045691.14897,134852214151.90286,58340.845745930244,5065567351887.782,409244623610.6326,245.13059474116696,42738559209.69231,134876695413.23955,58705.618833160275
513,0.00038475,48978608027.10779,132739733314.75378,58062.46317836259,3782476542758.164,417021280615.9676,215.1923153287362,48594637834.01377,132749254313.32854,58758.220491518
514,0.0003855,54670102462.57483,130366701690.22055,58093.324690095134,2934682136118.618,423510520169.68774,192.14451698483128,54351501202.36896,130366021337.4563,58810.49594480638
515,0.00038625,60275333853.828575,127737855087.16663,58249.81881195492,2337652717274.8047,429179795737.9362,175.66211943379147,59997860244.22349,127731227716.61572,58862.444902810406
516,0.00038700000000000003,65778079511.47003,124856805785.2709,58457.159949967194,1898411576575.5574,434911924828.72003,163.47877397750702,65522530336.82564,124849891252.97267,58914.06707712766
517,0.00038774999999999997,71153674059.54047,121733445005.4384,58618.219385766824,1563000970497.0798,440830848844.714,153.85908633931274,70914593393.34322,121727406663.37619,58965.36218116989
518,0.0003885,76389001953.83612,118374417758.91422,58740.46203422709,1299607037206.7026,446637604220.09247,145.91820846880444,76163462300.42018,118369665083.1791,59016.32993016463
519,0.00038925,81472061482.0234,114786799774.3776,58832.97939880925,1088688194007.9141,452138648148.9137,139.2035785059883,81258700822.57744,114783022417.9195,59066.9700411568
520,0.00039,86392968414.53767,110977139000.01123,58912.70553109851,917375863204.8813,457267985805.8397,133.43986589567714,86190103329.52571,110974324882.67538,59117.28223301021
521,0.00039075,91141246673.08276,106953034664.10962,58981.95549285077,776553546102.9297,462020949631.5137,128.43655370492897,90947877276.93811,106951002774.10287,59167.2662264092
522,0.00039150000000000003,95707473999.13402,102722042993.96565,59047.206186567615,659546573534.362,466405400625.0405,124.05797393903565,95522434070.783,102720675908.22942,59216.92174386015
523,0.00039224999999999997,100080410934.98488,98294179788.58597,59093.464412349094,561383032650.2646,470437017818.15753,120.20283177360508,99904624639.70222,98291572637.96187,59266.248509692974
524,0.000393,104254494999.76201,93675020435.28189,59159.1419619225,478369736356.5383,474128928598.12415,116.79474149505788,104085607779.13739,93672392310.02394,59315.246250062766
525,0.00039375,108220094318.87311,88874349464.09947,59222.765045449465,407641605794.7285,477508001570.6905,113.76961212246262,108056918746.72139,88872091377.61452,59363.91469295123
526,0.0003945,111968302222.08568,83902414211.75758,59277.301581823136,347049394150.17474,480586527335.1965,111.07949674368606,111810552410.7154,83900076664.63881,59412.25356816818
527,0.00039525,115491941958.06694,78768410562.01231,59332.824112573515,294937478165.53046,483379612799.83704,108.68510528027163,115338830897.83438,78766129041.95573,59460.26260735313
528,0.00039600000000000003,118783615009.71747,73482614129.078,59386.44238882958,249986979511.83746,485904151281.43036,106.55341578146361,118634681471.81602,73480371817.49986,59507.94154397669
529,0.00039675,121835780611.82744,68056744962.60519,59428.791998813824,211151454745.55234,488173161556.39484,104.65777289476296,121691187826.18816,68053189164.11304,59555.2901133421
530,0.00039749999999999996,124644022243.54233,62498480044.48068,59491.382794318124,177599319428.53702,490197627611.14056,102.97634013328788,124502279731.37512,62495330887.863045,59602.308052586675
531,0.00039825,127201750177.16425,56819684357.473495,59552.06788141418,148634625585.9265,491992102171.1552,101.48945978796175,127062118836.23349,56817946300.38487,59648.995100683285
532,0.000399,129503569063.48825,51031497173.6771,59612.508299848465,123713828303.88345,493563347711.1981,100.18219184937654,129365450893.34975,51032294653.02679,59695.350998441776
533,0.00039975,131542421561.0312,45151080702.2823,59630.24252293481,102394224697.41687,494919735645.8387,99.04149335121684,131407395113.55812,45149805401.04935,59741.37548851044
534,0.0004005,133316603916.34944,39184687463.78795,59678.07421605902,84332693288.44212,496064940619.2777,98.05753166372638,133183659272.36145,39182322007.174736,59787.06831537741
535,0.00040125,134821974748.32726,33144830436.842316,59729.09541427337,69214636844.06166,497010088161.5437,97.21991544882992,134690594186.22366,33141912005.56,59832.42922537212
536,0.00040199999999999996,136055544131.81516,27042340607.718163,59789.89212277492,56803331806.57337,497757504656.29395,96.52164922775117,135924991455.85538,27040648820.743465,59877.45796666667
537,0.00040275,137013867493.85007,20892392688.742275,59831.49024025071,46911408283.62558,498310916166.06177,95.95658254304172,136884115962.92441,20890831423.83229,59922.15428927726
538,0.0004035,137695242236.1353,14706005225.303492,59878.02588061732,39400249804.76847,498671427726.8925,95.52028582996665,137566062405.3075,14704833420.826221,59966.51794506555
539,0.00040425,138097970924.8151,8497019890.2475605,59915.74643348071,34160507852.10723,498841202102.05457,95.20896574183458,137969234694.606,8495246647.823509,60010.54868774005
540,0.000405,138221369013.49402,2275385125.2614756,59969.93557213401,31119216109.38998,498819923427.3652,95.0202279037032,138092766244.67877,2274671617.1319304,60054.2462728575
541,0.00040575,138064801576.2841,-3943224528.135643,60005.80030978597,30233714594.177162,498606881808.4448,94.95249061635549,137936118987.4851,-3944352737.1293125,60097.61045782419
542,0.0004065,137628602227.57642,-10148247763.63157,60051.79904752165,31493588179.1935,498199545888.412,95.00534125995594,137499537798.112,-10149106900.753668,60140.64100189737
543,0.00040725,136913609525.17346,-16325074158.04471,60085.66363894373,34917742979.81871,497594691580.4502,95.17921204503205,136783883062.97604,-16326867188.143959,60183.33766618651
544,0.000408,135921026784.63702,-22463647557.475357,60134.59065382237,40554382788.95875,496787847185.61066,95.47551088593089,135790356368.23877,-22465116468.515472,60225.70021365469
545,0.00040875,134652850631.29413,-28549890869.906166,60175.87415401576,48487737220.937256,495772528487.0498,95.89681798194594,134520999168.0278,-28551309514.058445,60267.72840911985
546,0.0004095,133111636959.78653,-34571348128.366394,60214.84594389566,58833536275.67443,494541668637.54144,96.4465710490006,132978211349.5407,-34572971422.05137,60309.42201925619
547,0.00041024999999999997,131300497492.62321,-40515678765.52537,60252.84107948955,71746400492.40456,493086265899.0203,97.12940751981029,131165149545.88687,-40517665509.44605,60350.78081259537
548,0.000411,129222875407.17432,-46371380002.37568,60295.44063509545,87425250332.70122,491395587850.55756,97.95119089194112,129085398530.29765,-46373209807.50366,60391.80455952785
549,0.00041175,126882740525.93817,-52126788280.447525,60341.92161945967,106122669485.66214,489456539588.6081,98.91925732172217,126743147983.39243,-52127523881.188545,60432.49303230415
550,0.0004125,124285353444.08865,-57768537321.34811,60377.74607069013,128152093693.33714,487253981751.6623,100.04245590999608,124143100936.53967,-57768733910.935036,60472.846005036125
551,0.00041325,121436688298.86783,-63283873159.574455,60401.2659827052,153890343310.9695,484771794471.27277,101.33094427789494,121290666860.05783,-63285226463.208435,60512.863253698175
552,0.00041400000000000003,118341524020.97513,-68663947570.747055,60440.23294253783,183797986119.8507,481990786017.8877,102.7968282559716,118191511584.99974,-68665569957.32438,60552.54455612857
553,0.00041474999999999997,115006039313.66994,-73897640904.30107,60483.55413728727,218465302604.0077,478884692603.76953,104.45557918517243,114852074685.83261,-73898658433.36296,60591.889692030585
554,0.0004155,111437969287.45604,-78972591858.32939,60515.61257531637,258611977896.72595,475426584071.04083,106.32469679105758,111279201347.15863,-78973502213.82072,60630.89844297382
555,0.00041625,107645630030.27441,-83877248345.06657,60534.600141787385,305111173131.8763,471586785667.0072,108.42433286640099,107480223992.34654,-83879611321.77725,60669.57059239534
556,0.000417,103633972416.2476,-88605549228.42159,60582.95485410202,359047280390.85736,467329568751.60156,110.77857408151576,103462953500.69344,-88606856208.42749,60707.90592560091
557,0.00041775,99412591987.90692,-93145567959.80174,60623.40936490946,421849988494.9791,462603052931.7963,113.41916407983962,99235822125.22643,-93145301554.07985,60745.90422976619
558,0.00041850000000000004,94992491060.84483,-97485557944.369,60640.088123989786,495277658325.62177,457360567191.97845,116.38041869348126,94807436873.22107,-97485541563.2386,60783.56529393787
559,0.00041924999999999997,90381744175.88602,-101618183515.1517,60661.52157928574,581544786453.8624,451545698142.75745,119.70340266325807,90187025216.76692,-101618524819.82672,60820.88890903495
560,0.00041999999999999996,85589144262.70348,-105535706686.44582,60691.349890092686,683591233526.165,445078985912.6707,123.44161284290315,85384151602.80278,-105535629218.99086,60857.874867849736
561,0.00042075,80626592430.72256,-109228443510.43982,60708.41574364869,805314031788.8402,437868069300.0526,127.66042701453149,80408888164.74329,-109228568721.1773,60894.522965049175
562,0.0004215,75504736956.16702,-112688940000.18022,60720.040628918,951863189411.375,429809177906.8997,132.43834229365038,75271714489.18884,-112689701798.13023,60930.83299717584
563,0.00042225,70233468530.86662,-115910935512.81264,60736.23812311882,1130274215770.7717,420764661967.9629,137.87676645230914,69983211366.61118,-115911651741.11935,60966.804762649146
564,0.000423,64826321357.83987,-118886471036.1575,60737.643170973584,1350397917495.8235,410557068165.71655,144.10777214016633,64554471240.50639,-118887759362.93546,61002.43806176646
565,0.00042375000000000003,59292140404.62626,-121611328202.95094,60750.10406236047,1626175262577.953,398973854445.9783,151.299663578132,58996861154.27318,-121611789671.84415,61037.73269670417
566,0.00042449999999999996,53647777831.80716,-124077546906.86288,60735.74458197408,1978201207382.0823,385710377661.2008,159.6858945367817,53322079600.91748,-124077905041.18547,61072.688471518806
567,0.00042525,47902612215.147964,-126282103262.71439,60725.78962114029,2437320556725.075,370399380995.9492,169.5753307568998,47542035164.027626,-126281062791.56758,61107.30519214815
568,0.000426,42074558956.16049,-128218889652.29729,60687.491476056886,3052191440642.971,352486629928.3263,181.42078316457506,41668948064.15937,-128216584962.35452,61141.582666412316
569,0.00042675,36181042309.49974,-129883814850.95464,60613.18166822334,3902135694872.007,331236658396.5524,195.8762434571514,35715206285.02582,-129880388498.31595,61175.520704014736
570,0.0004275,30236341567.391438,-131275169916.81628,60516.27737748842,5123418721010.41,305563959408.8118,213.95045388922497,29693201285.679276,-131268899659.68166,61209.11911654332
571,0.00042825000000000003,24265603666.074123,-132389801507.09183,60357.11313892528,6965537082272.916,273791705542.81836,237.3049094734904,23615792443.716953,-132379417068.07062,61242.377717471434
572,0.00042899999999999997,18296636555.51307,-133227087082.78918,60111.35857388975,9915976242191.242,233427770535.28842,268.79779106412906,17495718706.944332,-133209451472.73502,61275.29632215897
573,0.00042975,12370173278.233303,-133788112773.72243,59724.73377479942,14998340996560.664,180859522065.6997,313.670966893364,11346077319.367716,-133757378169.52803,61307.87474785338
574,0.0004305,6530542767.3943615,-134078924491.90671,59161.13724083162,24451681793970.17,112931249361.22975,381.4959444695545,5179807057.779493,-134022007805.63614,61340.112813690626
575,0.00043125,723708635.671947,-134112952696.95746,58664.97919402732,42418241333638.734,41582903892.749344,483.769275317885,-990047998.7513056,-134002864134.5303,61372.01034069626
576,0.000432,-5647773310.080246,-133880128150.67192,59633.5043377256,66601691674293.02,59425553565.23058,581.7324514641302,-7150399648.102439,-133699994384.51517,61403.56715178638
577,0.00043275,-13291095406.372837,-133261957427.68811,63096.070739391376,61283457319598.516,268934775685.1884,510.6346219831634,-13288105471.626242,-133114049106.12566,61434.78307176863
578,0.0004335,-20281869892.56087,-132287118063.46672,64557.713177206926,32622841247787.652,406126921644.18884,375.7001869486148,-19390145247.017075,-132246471500.59476,61465.65792734313
579,0.00043424999999999996,-26379268045.330173,-131079997564.68571,63975.32682873519,16384471320184.408,418145874961.69305,321.39136796331366,-25443528911.358856,-131099035842.28107,61496.191547103495
580,0.000435,-32236310900.227768,-129632267498.5143,62924.83942719281,9305682340669.398,405693723394.2187,298.60380970948876,-31435311231.87168,-129674229166.49026,61526.383761537785
581,0.00043575,-37994319225.400116,-127934211210.02979,61886.65636850462,6009648363078.329,402975362317.33875,273.04188063187985,-37352809451.15293,-127975348707.0468,61556.23440302936
582,0.00043649999999999993,-43681711116.678444,-125979410272.10358,61162.4687194676,4268930330128.2944,409206310007.4502,241.5258095948297,-43183443489.66744,-126005964568.91814,61585.743305857926
583,0.00043725000000000003,-49309794436.5926,-123759615481.2733,60876.74905824044,3214011817180.5645,416849406202.496,212.4709450025094,-48914700657.17614,-123770405934.03403,61614.91030620038
584,0.000438,-54864049409.95956,-121273609814.67302,60899.033979269574,2505882622057.1714,423076944662.0283,190.5147870747971,-54534394825.871605,-121273448553.46188,61643.735242131756
585,0.00043875,-60320640166.03478,-118526128617.80287,61055.9856824942,2001016378790.683,428602382738.04346,174.84578014710561,-60030578828.90713,-118520612260.6619,61672.21795362608
586,0.00043949999999999995,-65656870234.31531,-115524656564.96526,61234.184128468194,1625723332438.3892,434248266656.1842,163.17717423924796,-65391353529.786896,-115517858862.60129,61700.35828255734
587,0.00044025000000000005,-70854184001.46172,-112277423582.36539,61384.17037713154,1337079096139.3337,440036349538.11383,153.90331796578158,-70605370629.61275,-112271671136.34763,61728.156072700265
588,0.00044100000000000004,-75896734673.23973,-108793299365.70628,61490.179339025286,1109325635183.1064,445686627421.31854,146.216061734214,-75661639727.16853,-108789098125.26729,61755.61116973125
589,0.00044175,-80772555623.18976,-105080284157.97565,61566.26276021985,926450940228.4467,451012136654.1301,139.7051005231613,-80549124332.43263,-105077700745.42737,61782.72342122922
590,0.00044249999999999997,-85469235741.89331,-101147783337.93123,61613.1571251619,777676879884.5278,455959199833.88635,134.1140605150859,-85257513358.93823,-101145729018.68275,61809.49267667644
591,0.00044325000000000007,-89979287702.047,-97002279011.78786,61666.26120286964,655292922062.7471,460521739393.8849,129.2651894486325,-89776663191.83875,-97001523242.90375,61835.91878745937
592,0.000444,-94289235141.84998,-92655943833.27382,61690.24390156669,553528647198.4624,464718989654.8273,125.0262703559322,-94096950264.07974,-92654241661.3324,61862.001606869504
593,0.00044475,-98393978838.70801,-88114436577.48141,61737.41014859923,468172705382.13,468554971373.8779,121.30391466976766,-98209216921.75212,-88113283068.47906,61887.74099010416
594,0.0004455,-102283308039.22362,-83388534948.30879,61782.364021528876,395979356014.0156,472059177919.6483,118.01957011724976,-102104619710.82722,-83388559438.58176,61913.1367942673
595,0.00044625,-105946532039.1409,-78491236234.55907,61801.88858836092,334544554156.0908,475242773669.8039,115.11544901057947,-105774862353.27657,-78490412411.93903,61938.188878370296
596,0.000447,-109378403460.73112,-73430197187.1231,61838.26169547965,282058899846.60406,478118102212.0487,112.54574384879177,-109212143984.42372,-73429459121.33537,61962.89710333275
597,0.00044775,-112570975706.55185,-68216882412.6268,61875.01339915294,237059176811.35486,480708413511.7331,110.26990509928575,-112409198566.77702,-68216722891.43224,61987.261331983245
598,0.0004485,-115516705482.23502,-62863654926.26056,61902.675509375375,198414822312.2953,483024848532.2069,108.25727441228709,-115359099847.5164,-62863644259.765686,62011.281429060116
599,0.00044924999999999994,-118208895113.32005,-57383156403.19424,61919.32374991871,165237333970.65375,485078915337.0779,106.48252799384936,-118055772604.34654,-57381841977.42514,62034.95726121221
600,0.00045000000000000004,-120643574149.62291,-51784081013.63445,61958.145046251484,136813193793.0663,486881952606.68665,104.92442621591675,-120493501820.0307,-51783264648.43661,62058.28869699957
601,0.00045075000000000003,-122813642546.57668,-46082463045.253334,61972.50113140854,112546830242.6492,488447238737.5709,103.56425206882491,-122666942519.65312,-46080109907.39322,62081.27560689425
602,0.00045149999999999997,-124716774752.53358,-40285411788.63725,62020.81474031324,91987498483.00398,489778635993.5432,102.38853823718286,-124571661389.08446,-40284852167.80557,62103.917863280956
603,0.00045224999999999996,-126346379073.15027,-34412153462.40003,62027.060711396036,74743452287.36794,490888109969.3936,101.3837611943793,-126203717600.19463,-34410171731.156975,62126.215340457835
604,0.00045300000000000006,-127701087991.51338,-28469836117.718742,62064.794945723246,60533032718.2504,491775843912.6808,100.54138765477754,-127559695244.42545,-28468974743.619385,62148.16791463707
605,0.00045375,-128777007285.52475,-22474705983.293354,62085.50995861909,49104373203.15409,492451020059.547,99.85207086155009,-128636872407.05194,-22474023088.562477,62169.775463945676
606,0.0004545,-129572256066.2169,-16439057360.708088,62107.19248181458,40277355906.52232,492913973485.6078,99.31000022388763,-129433186410.5976,-16438460090.062553,62191.037868426094
607,0.00045525,-130085247626.36098,-10376439229.647203,62125.87773348679,33910738335.51477,493167625539.16003,98.90994317716765,-129946944484.86082,-10375548375.64164,62211.95501003691
608,0.00045599999999999997,-130315159851.88351,-4299432768.790268,62148.22097527675,29904725985.57395,493212509932.10767,98.64825378029593,-130177248343.94653,-4298392644.442414,62232.52677265345
609,0.00045675,-130261652346.8928,1779014061.053273,62173.454978133086,28196274745.52279,493048150548.2043,98.52248347900745,-130123820335.16797,1779508719.3238244,62252.75304206851
610,0.0004575,-129925013261.15866,7844230769.358527,62188.489583804854,28758406097.38929,492672522484.9681,98.5314427024754,-129786998882.13568,7845051052.577475,62272.63370599293
611,0.00045825,-129306264120.87057,13883907775.04392,62207.2914321626,31597538223.481194,492082453245.58356,98.67507606521198,-129167694736.89651,13884992169.14535,62292.168654056215
612,0.00045899999999999994,-128406830361.17284,19885881316.49366,62234.321642726485,36754346797.78995,491273362130.38715,98.95448137688533,-128267507135.07101,19886094024.774918,62311.35777780716
613,0.00045975000000000003,-127229055199.4327,25835220516.148746,62249.30239108542,44307061226.55064,490238786733.5806,99.3720440169598,-127088611481.31436,25835256147.255753,62330.20097071449
614,0.0004605,-125775654356.00343,31720002478.80657,62268.499406591414,54368125005.75347,488971525477.5339,99.93115760631804,-125633890765.51233,31719504302.44694,62348.69812816739
615,0.00046124999999999996,-124050382756.55203,37525988213.13017,62277.55969125218,67095004091.35666,487461729598.05695,100.63673461770479,-123906659988.05511,37526066171.76229,62366.8491474761
616,0.00046199999999999995,-122056985483.17487,43241994950.543106,62294.463957486616,82688021282.49178,485698800231.0565,101.49478731280198,-121911052496.90771,43242251538.1295,62384.65392787253
617,0.00046275000000000005,-119800186926.8998,48855110076.70412,62309.489949990886,101409023549.6963,483668329346.00464,102.51329587101294,-119651544517.44482,48855571449.27808,62402.11237051077
618,0.0004635,-117285151027.08926,54353275945.87728,62324.6794846958,123581239646.37569,481354847628.7977,103.70165452593787,-117133478131.90163,54353786835.89955,62419.22437846766
619,0.00046425,-114517589713.37433,59724667158.78645,62340.454660288095,149606589547.08206,478739559462.3234,105.0713562085286,-114362521655.41539,59725021597.587944,62435.98985674333
620,0.00046499999999999997,-111503863076.76935,64957527919.4697,62355.231196191155,179982806060.88507,475800537028.2562,106.63617749718733,-111345020861.71927,64957569217.48011,62452.408712261684
621,0.00046575,-108251677599.7091,70039146299.49693,62357.81487371769,215324620242.56378,472512418776.8546,108.41248481111751,-108087802735.61066,70039991241.93584,62468.48085387101
622,0.0004665,-104767582607.71078,74960226406.04808,62369.827718908025,256383100580.50183,468847359499.47943,110.41921300385478,-104598265728.15509,74961332012.38396,62484.20619234442
623,0.00046725,-101059327973.45251,79710232613.82503,62385.4092048793,304118234574.83185,464767713647.70276,112.68033621124708,-100884250681.94675,79710884954.38611,62499.584640380315
624,0.000468,-97136431351.57877,84277442486.89854,62388.84705851113,359730402988.29816,460232575944.48444,115.22377576250655,-96954237602.99568,84278445082.95905,62514.616112602926
625,0.00046874999999999993,-93007739601.80707,88652386564.03758,62390.05485111404,424713839090.15497,455196657408.98956,118.08203462726202,-92817116853.60352,88654042376.10901,62529.3005255628
626,0.00046950000000000003,-88680616689.65428,92827866351.72441,62409.837055248085,500992812742.5111,449601389108.11383,121.29561247268872,-88482194946.50711,92828302367.31508,62543.63779773722
627,0.00047025,-84167006574.43892,96792521046.06374,62413.85151630866,591104305335.0684,443371622680.3076,124.91564789525945,-83959167295.01588,96792168496.87639,62557.62784953066
628,0.00047099999999999996,-79477695769.41013,100537677451.10721,62408.20598458165,698297851289.4165,436431900361.40924,129.00053805003427,-79258199892.88678,100537145998.81326,62571.27060327527
629,0.00047174999999999995,-74623715591.2004,104055387364.69223,62396.433459666354,826899729062.9886,428681000314.4892,133.62478298925717,-74389850904.89467,104055227317.64534,62584.56598323122
630,0.00047250000000000005,-69614661326.261,107339522722.1937,62393.3068744021,982777082063.8263,419993542128.22095,138.8824944761024,-69365075527.78787,107338854306.14455,62597.51391558724
631,0.00047325,-64464190629.25168,110381732789.98854,62376.02878004078,1174095244855.1455,410205698384.5658,144.8962359000472,-64195158581.96411,110381038884.03639,62610.11432846094
632,0.000474,-59185161219.20985,113175498466.46532,62345.793109652936,1412280761991.1467,399125974958.9856,151.8201511228124,-58891692687.460365,113175356951.40186,62622.36715189924
633,0.00047474999999999997,-53787488890.650085,115716714058.38042,62323.85574678538,1713850519581.6443,386497522638.3643,159.86029036129486,-53466572917.3718,115715953199.69588,62634.27231787875
634,0.0004755,-48286927616.322136,117998833992.22699,62283.584749419984,2103610777849.9268,371961714847.3541,169.30377765200905,-47931848974.60388,117997438315.42696,62645.829760306166
635,0.00047625,-42698955036.77678,120016946628.48695,62219.10839101423,2619671469639.3955,355063034502.51215,180.54341206214355,-42299904288.96331,120015159890.66553,62657.0394150186
636,0.000477,-37036136776.602905,121768390834.21674,62145.41010021076,3323109597565.1445,335157211739.9221,194.14895379060147,-36583319762.461105,121764877911.25221,62667.90121978398
637,0.00047775,-31316676068.447426,123249465517.71777,62041.51541031911,4317064007683.232,311286438774.9608,210.99442752710104,-30794868097.057514,123243093481.023,62678.41511430136
638,0.00047850000000000003,-25565664410.591873,124456603944.85428,61869.205813664434,5785051614566.18,282059829177.77826,232.463826703735,-24947392968.055508,124446794365.54117,62688.5810402013
639,0.00047925,-19803749845.976738,125390076136.46521,61634.31565794888,8074387756957.136,245411177348.2108,260.87161258454034,-19053996737.71139,125373753151.6461,62698.398941046114
640,0.00048,-14072448624.292406,126049178179.0333,61260.26178804236,11892819246480.7,198192691819.59827,300.3904511205673,-13127734315.275463,126022226419.08778,62707.86876233027
641,0.00048074999999999995,-8408515781.98666,126439412252.7801,60732.81201664751,18764160270614.58,136800232978.46365,358.66306409833754,-7181781647.489601,126391135870.44337,62716.99045148064
642,0.00048149999999999994,-2821137334.8761754,126571404055.71843,60120.777807552535,31830052356326.59,63776641074.65025,447.7091374918965,-1229322896.1613474,126479948126.40778,62725.763957856776
643,0.00048225000000000004,2990166061.4404416,126452762587.35986,60251.06208238672,53639343731397.31,28657738271.803783,561.2394089640185,4716379360.728781,126288890746.96176,62734.18923275126
644,0.000483,10010206073.854836,126005378122.61095,63162.15535582015,63836459590371.65,173852902233.0559,569.9774021718011,10642156017.889435,125818765027.47755,62742.26622938991
645,0.00048374999999999997,17231959202.905956,125154605489.3605,65885.71534017686,40023949359638.74,370300856386.00726,425.2824000245074,16534912394.239899,125070924238.01431,62749.99490293208
646,0.00048449999999999996,23352439792.364723,124046721286.87006,65840.6756306649,19831120935645.902,417865989231.42114,340.39064179577986,22381654490.36352,124047553863.28145,62757.375210470855
647,0.00048525,29043247394.857925,122713189609.9987,64829.23921712734,10692011792168.725,407744295930.6951,311.21614492595126,28169479619.888058,122751147788.01678,62764.407111033375
648,0.000486,34601499889.78452,121139081256.47656,63658.18803371439,6582624607202.1875,399687344573.7311,289.0114361406441,33885626463.275974,121185075144.0224,62771.09056558097
649,0.00048675,40082110754.49662,119316744026.11952,62705.7057754609,4526792743810.761,402853538602.51044,259.48982769677394,39517415138.71322,119353056885.89871,62777.42553700946
650,0.0004875,45496763062.508766,117239645328.54367,62174.63300878024,3346549297854.3516,410466566944.2012,228.39853634727896,45052533226.29068,117259644472.41582,62783.41199014929
651,0.00048825,50840499756.9925,114903968976.85323,62028.99505674328,2580665032432.0923,417261506854.96075,203.03003070196908,50478767689.479256,114909911952.17737,62789.049891765775
652,0.0004890000000000001,56093380795.55475,112312481483.79869,62099.70085777532,2044222044755.2776,422839994159.0632,184.68759381530435,55784181400.96523,112309252664.72313,62794.33921055925
653,0.00048975,61238022939.62188,109469222967.23601,62274.5250063491,1650558312380.542,428241533782.2849,171.38123286940683,60957361237.0654,109463917428.21268,62799.27991716527
654,0.0004904999999999999,66248608334.87701,106385112120.66484,62424.83057484504,1350870309747.5542,433867952509.1134,161.0983827094607,65986867844.00026,106380672057.66539,62803.87198415477
655,0.00049125,71106633822.5237,103070640913.65869,62513.45981043268,1116207481784.4622,439491816320.0108,152.71195390568894,70861738699.16093,103066641852.3457,62808.115386034195
656,0.000492,75804457617.34918,99531238017.68842,62591.18949337076,928853940430.7361,444860476505.1132,145.67064616676333,75571376100.95206,99529605210.97481,62812.01009924567
657,0.00049275,80325834938.13414,95778953923.40085,62618.88864387914,777053385742.8628,449884888569.90076,139.65598409462487,80105608289.85947,95777713147.5237,62815.55610216711
658,0.0004935,84663478298.83926,91820740034.10706,62641.486306348845,652688982071.5197,454523815806.7756,134.4649956449345,84454620481.35857,91819707991.58852,62818.75337511233
659,0.00049425,88808365892.63614,87665152386.3292,62665.151643991616,549707578662.76733,458793767591.068,129.9451505885521,88608975115.2245,87664547671.49231,62821.60190033122
660,0.000495,92749914928.22145,83323116377.98055,62674.37363046934,463598643227.9307,462707172977.465,125.98558908974425,92559798577.62277,83321971229.7869,62824.10166200973
661,0.00049575,96482687883.36638,78801217478.73676,62707.47882781065,391029367212.65015,466274104962.70575,122.50387475844002,96298571553.04477,78801851139.49211,62826.25264627009
662,0.0004965,99993718443.81885,74115155760.7108,62699.12752728774,329436035534.5029,469519298717.6033,119.43140129664309,99817478067.01157,74114528923.90163,62828.05484117077
663,0.00049725,103279502114.3586,69271017033.73198,62716.75739604372,276954938376.1964,472445602202.3041,116.71964192712952,103108928404.20934,69270760540.87428,62829.50823670663
664,0.0004980000000000001,106331552082.9116,64281408869.90797,62727.91804020176,232061450756.96976,475080856721.6238,114.32283181443452,106165953737.7881,64281506553.87857,62830.612824808915
665,0.0004987500000000001,109142623845.51149,59159008132.03275,62724.86998215667,193598550617.70724,477433469068.53253,112.20791182152816,108982134315.33649,59158163554.64048,62831.36859934533
666,0.0004994999999999999,111708932326.08104,53911826743.66898,62746.653738497655,160657226223.41812,479515211459.65656,110.34720926540054,111551685527.63881,53912204884.04369,62831.775556120105
667,0.0005002499999999999,114022960637.56523,48555428859.093185,62744.66281911801,132482319203.23116,481342397137.17896,108.71598869167731,113869351989.68066,48555644877.42734,62831.83369287394
668,0.000501,116080562404.26988,43101131075.599075,62741.48756465564,108502874913.85529,482919232963.78174,107.29658974590691,115930199698.13297,43100606018.65179,62831.54300928408
669,0.00050175,117878306333.22707,37559371393.39511,62752.37953695554,88243341745.29591,484256826626.5124,106.07253730171614,117730217171.87572,37559323520.194,62830.90350696431
670,0.0005025,119411849096.5508,31944404342.817883,62752.50899051867,71315441371.28203,485363394982.641,105.03028646356672,119265888849.78305,31944336151.467922,62829.9151894649
671,0.00050325,120678602397.4237,26267712734.96389,62757.946236529984,57420740582.50206,486242731773.67456,104.1595645584451,120534287329.28636,26268297495.135345,62828.57806227267
672,0.000504,121675662366.46758,20544236018.518547,62747.09245985304,46316948260.45303,486900429011.091,103.45131659800828,121533023726.97127,20543860376.739693,62826.89213281087
673,0.00050475,122401902451.19144,14784391674.011663,62749.93876539528,37820897681.862885,487338621763.0346,102.89885172290995,122260351846.98154,14783823720.177734,62824.85741043919
674,0.0005055,122855974332.83136,9001626934.76883,62751.67533825171,31788345663.812572,487560494286.9995,102.49643678553579,122715208309.04172,9001072205.3935,62822.4739064537
675,0.00050625,123037306238.49052,3209191379.2937236,62749.90078386656,28121457034.657005,487565939954.98663,102.24028880489676,122896931065.44464,3208615674.3990135,62819.74163408678
676,0.000507,122946017112.80336,-2580195071.4856687,62748.05210054447,26759939378.222713,487354290253.29974,102.12782669508309,122805812364.53467,-2580668533.3380256,62816.66060850704
677,0.0005077500000000001,122582774062.52333,-8354423889.519943,62751.61775991359,27678407214.47059,486923614969.5515,102.15773044808013,122442396780.52501,-8353952042.757437,62813.23084681925
678,0.0005085000000000001,121948877847.95645,-14099438350.943193,62746.58327757692,30886814218.54098,486270390644.1905,102.32998754161756,121808164640.73734,-14098460297.35982,62809.452368064274
679,0.0005092499999999999,121046416367.0827,-19801936339.958305,62734.02972704932,36428913441.35582,485389893241.99286,102.64577166044602,120904882518.30194,-19801337958.75667,62805.32519321889
680,0.0005099999999999999,119877725637.88475,-25451251367.627785,62733.899305221305,44383205454.65638,484276085582.9983,103.10744190109722,119735138034.94354,-25450235674.66548,62800.849345195704
681,0.00051075,118446276523.13313,-31032748734.331406,62719.6930353165,54871538262.58901,482920316056.99445,103.7189199127821,118302077157.51646,-31032534092.86128,62796.0248488431
682,0.0005115,116755521919.32939,-36535851436.940285,62714.160146693685,68052223238.950874,481313801517.0092,104.48507597540761,116609447726.19823,-36536027066.272095,62790.85173094496
683,0.00051225,114809908563.41971,-41947765366.028496,62704.899356730486,84138717693.78035,479443849028.17914,105.41276886451098,114661426363.18584,-41948563361.48953,62785.33002022063
684,0.000513,112613611529.84688,-47258548371.77779,62709.41981183284,103397044454.81049,477297067435.10474,106.51014867425133,112462878017.36201,-47258318357.309456,62779.45974732473
685,0.00051375,110172652657.33768,-52454570260.345436,62701.30150552869,126169411674.67763,474855355710.0229,107.78783277405137,110019148219.45024,-52453789560.08604,62773.24094484695
686,0.0005145,107493183882.18481,-57524335309.61165,62686.97831754007,152864553050.2942,472101455401.56305,109.25757765906948,107336238721.45047,-57523565398.45645,62766.67364731189
687,0.00051525,104581993920.1695,-62456528767.76233,62667.02022934639,183991205969.60196,469012872336.67303,110.93398522742129,104420516492.35951,-62456658119.644035,62759.75789117891
688,0.000516,101444546229.58861,-67243254590.30649,62668.0531765717,220179689856.47702,465563788308.7945,112.83438479343957,101278924165.9732,-67242477354.027275,62752.493714841854
689,0.00051675,98089524055.19753,-71871892504.4415,62655.950635673296,262240478636.86108,461719264976.5144,114.98089033181934,97919039838.14719,-71870622156.94104,62744.88115862889
690,0.0005175000000000001,94525510823.79515,-76331893809.94211,62632.77576172891,311148625445.3552,457447576719.25665,117.39737290106436,94348610501.02019,-76331159696.18857,62736.92026480226
691,0.00051825,90760441776.18745,-80614672285.08836,62612.681374757405,368127637615.28406,452707291014.4341,120.1132163965271,90576170786.63808,-80614529254.17648,62728.611077558075
692,0.0005189999999999999,86801515839.87984,-84713001511.7503,62610.37427623276,434750991723.71497,447446126697.2236,123.16486924407653,86610310722.98677,-84711713210.58537,62719.95364302601
693,0.0005197499999999999,82660865647.16437,-88614957847.55113,62583.34271156564,513066797866.42755,441599515729.76434,126.59747261295142,82460377541.9606,-88613972731.60838,62710.94800926912
694,0.0005205,78347650669.24063,-92313324681.63326,62553.97735586557,605643790067.388,435106134613.59576,130.46118443936834,78135906458.828,-92313026155.13306,62701.594226283545
695,0.00052125,73870325256.39584,-95801928280.33105,62537.501935850916,715897505898.5342,427875839791.4861,134.82185444078797,73646854610.24956,-95801183077.71106,62691.892345998196
696,0.000522,69241081334.20058,-99072040868.28236,62509.50910469072,848443399500.3583,419796245339.9767,139.7630608086643,69003603597.8824,-99071153790.53535,62681.84242227452
697,0.00052275,64471294681.43274,-102116818747.41261,62472.23219059967,1009478742218.2655,410743388550.9351,145.38562361252423,64216697433.13384,-102116080952.80516,62671.44451090618
698,0.0005235,59570532437.28554,-104931356716.70383,62441.96584004552,1207582378191.8472,400553636474.56866,151.82031117659443,59297078961.34598,-104929809863.38283,62660.69866961873
699,0.00052425,54554153577.01623,-107507875098.1648,62385.88346649046,1455009508469.9,389007411268.74426,159.24188133119523,54255784685.62392,-107506670516.03563,62649.60495806933
700,0.000525,49430307296.15824,-109843793205.48726,62341.87559427062,1769414274910.575,375847626650.6467,167.87421616912417,49104467152.1617,-109841531463.14758,62638.16343784638
701,0.00052575,44214184205.83591,-111933275730.13837,62281.282261512475,2177544833500.307,360687026529.56256,178.03743470610263,43854730049.62211,-111929586307.16978,62626.374172469186
702,0.0005265000000000001,38922837575.65618,-113771267329.64363,62184.655030567825,2720825281316.504,343037511143.5676,190.17254189245256,38518394134.40094,-113766875231.03813,62614.23722738764
703,0.00052725,33569490589.384163,-115355650110.56497,62067.109198183396,3466011648524.0264,322222126155.23096,204.91790120690283,33107284535.923534,-115349999159.41772,62601.75266998178
704,0.000528,28167745180.540367,-116684949022.58574,61933.96318557691,4526691890111.397,297223771395.4741,223.2616416417353,27633741651.00238,-116675963374.20273,62588.92056956154
705,0.0005287499999999999,22741772116.484142,-117756183451.30203,61739.29969643341,6107652161487.34,266518915955.66693,246.80463230234665,22109959376.366993,-117742489848.20743,62575.74099736622
706,0.0005294999999999999,17322464392.292286,-118568142568.73747,61437.112335969025,8601007659721.843,227892448977.3827,278.2485412442246,16548074930.760729,-118547738300.10216,62562.2140265642
707,0.00053025,11938723473.971518,-119123887567.63683,61018.376466549555,12808659344903.307,178233112627.94315,322.4184117222163,10960669453.675032,-119090675817.32968,62548.339732252476
708,0.000531,6628298392.96816,-119428970345.74495,60446.828686346445,20444915278832.53,114603912707.13493,388.03646305372746,5360033199.5200405,-119370659721.3036,62534.11819145629
709,0.00053175,1365391366.816465,-119495054130.49966,59887.90769473096,34745832709878.957,45236875916.70747,486.469440513272,-241470612.11136812,-119387655598.94035,62519.54948312865
710,0.0005325,-4292864394.1621013,-119320158579.98111,60511.496242815316,55728077227708.76,41148756795.87567,593.2998171271087,-5831383035.711195,-119142478747.78212,62504.633688149916
711,0.00053325,-11148673922.888382,-118804053484.0977,63823.827098740636,57564713084102.55,222871717742.30304,555.3808952929735,-11397619480.704552,-118636129260.51945,62489.37088932737
712,0.000534,-17721979658.183887,-117930920280.53668,65847.90317172893,33216300358929.13,385831236201.4834,410.0105881526515,-16927830979.260752,-117870395259.24573,62473.76117139473
713,0.00053475,-23356053798.81219,-116835079331.08801,65502.453287518605,16739579239680.854,412880006701.13477,340.45202834064065,-22409978444.199165,-116847540716.87364,62457.80462101167
714,0.0005355,-28662875238.17208,-115528176424.31671,64410.579252327,9332609619227.451,400940953726.0301,315.03078330270364,-27832172408.57479,-115570450875.23032,62441.50132676339
715,0.00053625,-33860998733.10667,-113995814801.87758,63237.749760696184,5909538990366.328,394753444836.42633,292.12777925365026,-33182591452.233727,-114042703309.46487,62424.85137916006
716,0.000537,-38985572939.53952,-112232265114.30331,62308.86813804686,4144197524855.872,398890254401.1997,261.98709864113533,-38449640599.57289,-112268261260.02481,62407.854870636365
717,0.00053775,-44044302978.05204,-110232262957.41785,61787.81093618334,3102150180535.1104,406406465727.086,231.2757881635417,-43622004175.72485,-110251472067.16821,62390.51189555097
718,0.0005384999999999999,-49033957344.88515,-107992115457.70265,61639.400624150505,2412403453046.9365,412893558664.2172,206.54616059625417,-48688635925.77663,-107997515581.09785,62372.822550186
719,0.00053925,-53936512308.170586,-105514502657.9771,61702.596206163675,1922751877225.5918,418287644770.5231,188.6167637875895,-53638643396.74247,-105511848437.11026,62354.7869327465
720,0.00054,-58731172387.42342,-102805907669.11436,61839.56334469104,1559722334833.0881,423570310124.30115,175.49491442220955,-58461383019.895546,-102800695704.46866,62336.4051433599
721,0.00054075,-63398064577.1862,-99875246246.9081,61962.090186373985,1281295505961.987,429058934424.10455,165.28658956133532,-63146738139.05416,-99870464766.7014,62317.67728407549
722,0.0005415,-67923771876.84507,-96730167977.03564,62055.281426972746,1062021241154.8455,434546443938.5311,156.9227197467033,-67684706788.38799,-96728229056.3339,62298.60345886376
723,0.00054225,-72292039794.08995,-93381943328.97586,62084.514701582455,886023109313.9419,439803176971.91943,149.87235488871275,-72065865039.152,-93381439146.90892,62279.18377361592
724,0.0005430000000000001,-76493915857.2728,-89838629853.97496,62081.20958472115,742937418050.6587,444708673956.8402,143.84158191483957,-76281017879.39839,-89837816397.35776,62259.418336143266
725,0.00054375,-80524422234.2638,-86105423112.59177,62093.410467727146,625334046631.0267,449248684779.31274,138.6261711381136,-80321256320.116,-86105665885.70595,62239.30725617658
726,0.0005445,-84371566418.06204,-82193750601.36479,62081.52880633867,527615943466.1665,453439947063.8388,134.075213712791,-84178423042.10654,-82193696913.35887,62218.85064536554
727,0.0005452499999999999,-88029898826.63412,-78110245151.97739,62081.93047953341,445702211953.05634,457279099871.5171,130.0848445592871,-87844457523.75554,-78110875635.41586,62198.04861727809
728,0.000546,-91489871694.18916,-73866128977.70348,62067.61361737108,376476383548.41223,460788439068.4128,126.5699876074836,-91312005653.17824,-73866638903.64401,62176.9012873998
729,0.00054675,-94745654514.21843,-69469687919.45715,62059.78320632082,317625120243.6613,463976647967.4998,123.46731380924287,-94573903808.0512,-69470635363.52013,62155.408773133255
730,0.0005475,-97789614897.5338,-64932087483.59531,62042.427056086286,267351927273.40765,466862936930.5259,120.72372288102676,-97623707781.26724,-64932928256.10976,62133.571193797354
731,0.00054825,-100615897553.94473,-60263369195.39475,62023.08465482855,224282180210.21936,469458571390.3285,118.29811476273571,-100455348877.31375,-60263733317.83788,62111.3886706267
732,0.000549,-103219786312.26872,-55472572528.40158,62015.1362855288,187327715765.26413,471778047871.022,116.15607854383789,-103063278252.98938,-55473570563.22785,62088.86132677091
733,0.00054975,-105595255465.72054,-50571776868.64961,61998.45555651491,155614745575.50262,473835215134.2363,114.26893466300776,-105442384184.69719,-50573306551.48541,62065.98928729388
734,0.0005505,-107737472356.10039,-45572636146.47189,61972.42003976023,128461803335.18123,475637998509.1589,112.61430482436097,-107588264842.69844,-45573679839.958176,62042.77267917319
735,0.00055125,-109643020341.82733,-40485150529.81875,61952.47255827839,105319207120.2042,477195964092.0707,111.1730743217486,-109496878955.8894,-40485960970.64753,62019.21163129931
736,0.000552,-111308191776.87578,-35321041545.8932,61930.242751689846,85734143617.31766,478518826401.20715,109.92885262596658,-111164726514.56631,-35321421539.724335,61995.30627447493
737,0.0005527500000000001,-112730253594.98271,-30091085651.86669,61911.9935407095,69347180947.13872,479612532795.27637,108.86865569071256,-112589056312.78116,-30091499797.41724,61971.056741414235
738,0.0005535,-113906546703.55084,-24807513543.841232,61888.550905694974,55868258547.982506,480483129776.5546,107.98147176207364,-113767178762.34354,-24807647210.447994,61946.46316674212
739,0.00055425,-114835469937.24684,-19480884759.55428,61871.394817182496,45070229751.860794,481134382468.86487,107.2585841019971,-114697428449.07648,-19481496201.676468,61921.52568699352
740,0.0005549999999999999,-115515507284.7032,-14123432596.754059,61850.80973925405,36772742803.10986,481570035938.1701,106.69271999597574,-115378545116.40834,-14124756772.24255,61896.24444061259
741,0.00055575,-115945770155.93782,-8748021832.021605,61819.09512239684,30841943443.995785,481791530555.0912,106.27848105451808,-115809756351.87068,-8748996168.440142,61870.61956795194
742,0.0005565,-116126345142.6006,-3364169523.3909917,61800.87774802871,27182240026.462727,481799583715.1112,106.0118146132789,-115990871350.19366,-3365899471.843658,61844.65121127192
743,0.00055725,-116057365873.83382,2013283414.1737924,61760.51352824179,25730647608.468937,481594288886.6331,105.88979335281765,-115922259850.21648,2012834627.0656204,61818.33951473973
744,0.000558,-115739927175.91472,7376397517.492444,61742.30577653983,26459005999.32829,481173636796.8912,105.91099117225751,-115604806410.26788,7375777574.826319,61791.684624428715
745,0.00055875,-115175296005.38524,12712483963.325634,61720.81200984806,29370897388.95332,480534909948.5605,106.07502751426841,-115039961328.53018,12711332537.032372,61764.686688317495
746,0.0005595,-114365536971.0483,18009068455.53406,61689.24408931523,34502827439.49099,479673595236.87506,106.38285377579263,-114229595602.35509,18008057457.441887,61737.34585628914
747,0.00056025,-113313075027.88525,23255966029.030556,61662.937959793366,41921861559.058655,478584436682.98486,106.83646358781785,-113176331009.66502,23254733834.643696,61709.662280130404
748,0.000561,-112021170827.25473,28440690768.082024,61626.61954378031,51732408013.671974,477260002377.01086,107.43927313462757,-111883099664.04782,28440262480.71645,61681.63611353079
749,0.0005617500000000001,-110493005205.87032,33554172649.795895,61601.9828157775,64073549508.29277,475692237607.2106,108.19574056553792,-110353380738.2101,33553658224.16363,61653.26751208176
750,0.0005625000000000001,-108732684848.3644,38584954576.33607,61574.74226448031,79134307299.74295,473869558380.0446,109.112202790597,-108591225239.08266,38584180270.82776,61624.55663327589
751,0.00056325,-106744996724.71292,43521761752.71974,61539.88412609618,97149254346.6748,471780026952.1102,110.19614332871747,-106601108842.77231,43521289070.69531,61595.50363650588
752,0.0005639999999999999,-104534469259.47357,48355673593.669586,61513.42369414654,118407600407.35007,469409646343.10126,111.45665823538802,-104388079262.76997,48354742834.246605,61566.10868306383
753,0.0005647499999999999,-102107069417.1654,53075359143.078,61478.00253845823,143276857910.70056,466739870457.99115,112.9053750759826,-101957577708.15804,53074622126.79812,61536.37193614023
754,0.0005655,-99467979336.04828,57672664938.15867,61452.601538412266,172198486125.67548,463752407851.7299,114.55529893218768,-99315473324.22862,57671080666.77633,61506.293560823084
755,0.00056625,-96624997323.44748,62135465152.17928,61406.24980147571,205731143340.3026,460421769372.86346,116.42306892795996,-96467986205.18509,62134723141.785,61475.873724096986
756,0.000567,-93583530614.8354,66457282398.11531,61374.77133306383,244535834541.1256,456725343229.54675,118.526450567661,-93421859192.50795,66456497444.318115,61445.11259484224
757,0.00056775,-90351256319.51753,70628433263.71246,61339.576511339146,289468506515.1052,452626736061.0865,120.88932710801306,-90184319664.1648,70627551583.71796,61414.01034383385
758,0.0005685,-86935504623.45982,74640875999.1941,61305.479331525436,341577700509.6455,448091316590.7423,123.53816000649343,-86762834381.34796,74639637790.14447,61382.56714374064
759,0.00056925,-83344259105.68071,78486507484.60593,61270.22077512459,402186122172.5003,443074898164.42194,126.50536986769734,-83165242712.82678,78484675358.10014,61350.78316912424
760,0.00057,-79587270513.47298,82156218725.29439,61218.70465987711,472969015941.84,437526408396.11346,129.82971773885095,-79399754862.29805,82155033307.33661,61318.65859643816
761,0.00057075,-75671181212.62138,85645087465.29814,61181.689264023524,556042760668.1469,431389730507.8719,133.55651354910313,-75474956779.45348,85643547419.27838,61286.193604026754
762,0.0005715000000000001,-71605666880.94922,88945508671.33286,61141.38079847101,654220441753.6234,424583746803.8003,137.74526308854203,-71399734387.59485,88943401673.6428,61253.38837212433
763,0.0005722500000000001,-67401583933.188225,92049945693.26761,61085.13913723715,771170124128.768,417023382551.59546,142.46590956855758,-67183059811.0573,92048222081.45168,61220.24308285404
764,0.0005729999999999999,-63067907167.73541,94953318694.30368,61027.61216916272,911745310041.9447,408606538279.6613,147.80418085625277,-62834396813.33884,94952089282.7889,61186.7579202269
765,0.0005737499999999999,-58612020897.06751,97651959332.37746,60987.354063855426,1082592905213.005,399195382436.5873,153.8718758450761,-58363425289.60179,97649608073.28334,61152.93307014084
766,0.0005745,-54047373823.375175,100138680639.51572,60927.05953574643,1293051255722.6433,388609071281.91833,160.81622655185905,-53779911870.88589,100135696607.11667,61118.768720379565
767,0.00057525,-49384870038.20897,102409144894.27414,60853.620032953724,1556222374684.6045,376647206997.8635,168.81994222000492,-49093866921.65464,102405910490.48038,61084.26506061161
768,0.000576,-44633930295.996284,104460383319.29362,60780.7165550145,1891215718122.7869,363029336483.49066,178.13143517424444,-44315754558.37743,104456075873.35149,61049.42228238918
769,0.00057675,-39806779647.5255,106288596080.4223,60697.13358477665,2326920146245.5103,347369057843.9198,189.09773680362096,-39455654780.7057,106282765786.19138,61014.24057914723
770,0.0005775,-34919698238.94795,107889486730.67264,60576.37591689004,2908356531984.6875,329154754712.6871,202.20631127251525,-34524225832.09878,107882904352.92462,60978.720146202206
771,0.00057825,-29987670414.875496,109260863235.74812,60416.597821861564,3708297761053.1904,307693161157.14905,218.16214718861676,-29531949493.61069,109253783184.2853,60942.86118075115
772,0.000579,-25019760952.58081,110403332371.24858,60248.31105344309,4850545891139.4375,281966298479.34125,238.05001175320297,-24489646041.76132,110393456334.47845,60906.66388187047
773,0.00057975,-20039368946.784832,111314604483.03358,60018.116268219586,6559236049887.392,250404128940.5262,263.6535659246452,-19408005200.879257,111300356186.88274,60870.1284505149
774,0.0005805,-15073419735.496172,111994727254.75107,59689.11836672703,9263823256243.213,210802033866.82904,297.98186548653024,-14297741002.60045,111973326653.53017,60833.25508951637
775,0.0005812500000000001,-10145037642.376694,112447528439.17738,59262.035118096406,13838574936116.004,160237098034.61,346.3768895885734,-9169604245.513117,112411896760.10295,60796.04400358288
776,0.000582,-5285557093.190578,112678462578.22734,58704.470804063785,22108568981616.33,96912533792.69797,418.13640928405573,-4034385050.7696037,112615779901.766,60758.495399297324
777,0.0005827499999999999,-439906350.6808184,112698003821.68811,58251.87273728138,37154927235025.72,34436351013.115875,522.6786101069879,1097134494.1273592,112585631139.30235,60720.609485116416
778,0.0005834999999999999,4890066175.860598,112495543332.24927,59201.23568379269,56658339625082.42,55211419972.18066,619.7252733582322,6214389445.464912,112322171026.763,60682.38647136951
779,0.00058425,11258767942.852003,111972132655.50558,62442.101980978616,53822106374810.86,246692537851.05862,554.9046115265498,11306716665.519108,111826899680.98836,60643.82657025738
780,0.000585,17149651053.966612,111147961301.93869,63983.625473444416,30455152267209.03,386711931364.0882,413.17563080642526,16363653763.748741,111101560432.29742,60604.92999585109
781,0.00058575,22257531680.67728,110132890088.44635,63527.466247268996,15725365919382.502,405623196254.85284,349.4140829348413,21374752119.964367,110148585861.42053,60565.69696409081
782,0.0005865,27099379159.234818,108930373924.09549,62458.00327920559,8982936377183.324,393564617147.36884,324.96826506513725,26329969442.39769,108970778459.86526,60526.1276927846
783,0.00058725,31853837220.718914,107526407426.6742,61354.54884778257,5787983373277.125,387907678359.3898,302.0544203113378,31219133691.480446,107571403180.44966,60486.222401607214
784,0.000588,36540339105.390335,105918031618.3579,60462.616261532974,4105340619390.9834,392007943692.81854,271.9707457681465,36032520115.16251,105954155470.13765,60445.981312098826
785,0.00058875,41164243304.52173,104101704493.47127,59923.38763438796,3097158182932.0103,399341396791.24475,241.0807926817175,40760306439.97848,104123167336.47018,60405.404647663905
786,0.0005895,45723562209.37302,102074684271.58345,59718.039263691455,2423259858035.6963,405724312496.78754,215.82572783958955,45393231966.28392,102083087584.93243,60364.492633569884
787,0.00059025,50205050896.66219,99838820521.52744,59720.39936579345,1941565517694.9438,410994648431.23535,197.2867316960823,49922032447.1591,99838748805.61905,60323.24549694592
788,0.000591,54590887493.69245,97399858983.20285,59803.17699639242,1582684602746.8804,416098141600.2268,183.66310921581535,54337932717.10362,97395686679.14488,60281.6634667817
789,0.00059175,58868120971.108635,94763182880.03757,59910.62047067876,1306477646350.5303,421408271130.80414,173.07755543467778,58632108436.04655,94759538006.82298,60239.74677392608
790,0.0005924999999999999,63017831252.495186,91939513486.74146,59960.95066164936,1088124400803.6166,426781519416.2646,164.40488896168912,62796320339.65573,91936514638.90154,60197.495651085876
791,0.0005932499999999999,67033608934.84884,88933915368.18303,59992.83918226626,912283296263.9312,431958825313.0299,157.09083316872506,66822503235.02384,88933076521.19092,60154.91033282453
792,0.000594,70903609157.18333,85755759677.27698,59982.87498770303,768713344117.476,436836565228.29584,150.81801016678313,70703080561.77168,85756017808.49591,60111.991055560815
793,0.00059475,74621570802.64714,82411444730.84521,59960.35207886019,650257927405.8359,441370493606.3181,145.38190775350486,74430581122.8622,82412577112.10239,60068.73805756754
794,0.0005955,78179254844.42502,78909475741.0614,59920.15384105466,551558574083.2389,445566977053.23444,140.6306492919527,77997957038.54889,78910103954.3191,60025.151578970195
795,0.00059625,81572243248.75676,75255523178.12811,59892.58603832549,468592279702.98615,449431248602.7951,136.45379364698317,81398667886.28853,75256456207.32225,59981.23186174566
796,0.0005970000000000001,84792547739.43616,71459082633.85115,59853.885001917566,398267484131.0275,452981961919.51855,132.76400867538544,84626377605.96368,71459638469.87137,59936.97914972082
797,0.00059775,87836016889.61209,67526369024.207214,59829.43295855078,338280732845.2029,456225740349.8953,129.49639009897814,87675236237.89664,67527898121.8284,59892.39368857125
798,0.0005985,90694721267.60078,63468610403.455956,59783.231789556936,286836014309.3725,459181561572.88403,126.59586005152124,90539916157.57277,63469677516.1164,59847.47572581981
799,0.00059925,93365251576.08002,59292429402.5936,59747.86671799927,242582097553.58606,461855449547.67426,124.02129651087675,93215176667.0616,59293747889.362076,59802.22551083531
800,0.0006000000000000001,95842786791.25098,55006613354.15218,59716.34832916789,204418430428.05603,464265810603.5631,121.73572428244098,95696450975.02101,55009000781.305916,59756.64329483111
801,0.00060075,98121351875.133,50623037411.361046,59660.35907909427,171476935352.65237,466422770046.1451,119.71022586898901,97979469012.72136,50624438636.48376,59710.7293308637
802,0.0006015,100198046154.95401,46149813564.6205,59605.859730804346,143082525248.80228,468332627135.1043,117.92209039450549,100060430433.49297,46149405507.72432,59664.48387383135
803,0.00060225,102071506058.24544,41591904803.636154,59589.714495978296,118666828286.65877,470008398335.3281,116.35028825001848,101936009061.34245,41593233487.148445,59617.907180472626
804,0.0006029999999999999,103736054709.4938,36964139698.64587,59538.93247379244,97750781346.94846,471462015136.325,114.9766294739206,103603212259.69846,36965306520.626205,59570.99950936505
805,0.00060375,105190043809.17624,32274550064.779118,59489.66627299225,79987828351.34612,472692874496.1188,113.78924624833772,105059547929.03479,32275293583.68686,59523.76112092357
806,0.0006045,106431798911.32625,27531490776.426376,59451.39813044779,65075307143.2944,473710714600.43207,112.77556314910186,106303043062.46118,27532806636.169437,59476.192277399176
807,0.00060525,107459072932.41821,22746537180.664436,59400.27144906899,52765283052.20333,474521000098.37354,111.92559305106697,107332029671.83267,22747526056.48493,59428.29324287746
808,0.000606,108271235343.04684,17927305474.541054,59362.35517651168,42867709782.45803,475125943009.60095,111.2318451253015,108145354068.86572,17929240134.426323,59380.06428327706
809,0.0006067500000000001,108866979592.15465,13086072879.929628,59306.94619293293,35226178988.13404,475529884189.326,110.6874625107338,108742263889.2795,13087584163.112492,59331.5056663483
810,0.0006075,109246428923.91878,8230521170.482636,59262.7206834983,29727401881.203667,475733366431.486,110.28772215010558,109122613727.76155,8232383548.045797,59282.61766167162
811,0.00060825,109409526965.68622,3371740870.629444,59210.05921963211,26284231074.21069,475738348759.5118,110.0285060908546,109286320144.61435,3373290014.208125,59233.40054065608
812,0.000609,109356963080.18336,-1481041735.6247878,59157.88766236166,24841849564.399967,475544170910.57025,109.90726478867177,109234124099.80081,-1480056718.7553265,59183.854576537946
813,0.00060975,109089737145.14035,-6319497258.58586,59115.917970611525,25371509096.30586,475149976208.4209,109.9223413787119,108966961270.04398,-6318011907.445194,59133.98004437903
814,0.0006105,108609224209.79248,-11132931496.719778,59066.8635247103,27872057163.120926,474553426347.7097,110.07323085275644,108486391410.29785,-11131200758.641241,59083.77722106529
815,0.00061125,107917236040.04938,-15912651610.746548,59021.04736065669,32368110827.56884,473751259231.53394,110.36044280741906,107794146776.29501,-15910118690.96339,59033.24638530522
816,0.000612,107016043953.63231,-20648939389.59724,58972.19100046769,38911628930.67787,472738979164.0962,110.78555511955899,106892601247.56384,-20645538272.972813,58982.38781762835
817,0.0006127499999999999,105908790080.27332,-25330478341.094234,58903.443271816584,47581941948.87939,471511101767.73334,111.35115621586712,105784365064.0504,-25328337096.145905,58931.201800383606
818,0.0006135,104597577248.22725,-29953342649.844048,58870.45049790624,58483070888.9563,470061957651.05054,112.06059221328654,104472482317.74585,-29949595063.943687,58879.68861773787
819,0.00061425,103087218909.46858,-34502780914.04163,58798.102223528105,71770116818.81906,468380260447.59766,112.91959053849254,102960419113.80421,-34500472493.84223,58827.84855567426
820,0.000615,101380354690.12114,-38975045234.09527,58753.64958569718,87610448827.96754,466460656553.2412,113.93308693819178,101251961364.9332,-38972406346.19872,58775.6819019907
821,0.00061575,99481735250.67741,-43359632798.780365,58700.04222170349,106241325039.80898,464287423982.06287,115.10970976053265,99351344131.84819,-43356978548.92122,58723.18894629815
822,0.0006165000000000001,97396165318.20847,-47648019728.74422,58639.59173706521,127936764479.08626,461849527082.75555,116.45801303476684,97263163860.12611,-47646010209.01812,58670.36998001914
823,0.00061725,95127755067.94943,-51834100280.444855,58592.42558656062,153030953339.4926,459131921876.6874,117.98860873502024,94992323029.93335,-51831627521.989655,58617.22529638607
824,0.000618,92683193776.03699,-55907303368.89049,58523.366009405836,181946873540.7629,456114222931.6838,119.71506570749338,92543999506.64005,-55906165831.134415,58563.755190439624
825,0.0006187499999999999,90065796516.16165,-59864385999.47939,58483.798974341684,215171157628.69608,452780533324.7349,121.65115035217187,89923710419.2946,-59862193329.2434,58509.95995902711
826,0.0006195,87283385624.01685,-63694696806.73885,58422.38879637697,253347615261.58145,449099435196.90295,123.81684786633625,87137262527.61243,-63692507142.68516,58455.83990080082
827,0.00062025,84341146755.059,-67393064466.756096,58367.72464726398,297214267453.4308,445050708310.6141,126.23126448410108,84190897573.52315,-67390378547.10615,58401.39531621637
828,0.000621,81246220106.51892,-70951995467.97061,58305.83638652805,347713785227.26074,440598190266.51685,128.92022987565252,81090931054.89645,-70949218100.33223,58346.62650753102
829,0.00062175,78005838826.31903,-74364853007.18596,58235.77482547274,406002491577.7604,435707014021.199,131.91261018030895,77844032053.96442,-74362855812.64478,58291.53377880204
830,0.0006225,74624849287.09937,-77628155077.30162,58185.78890749398,473526451895.10516,430334872882.1421,135.24289987131533,74457137008.53745,-77625401325.79962,58236.117435884975
831,0.00062325,71112018759.51764,-80734516761.14842,58125.18604289635,552174273802.7169,424422060590.5308,138.9558126266815,70937322151.58829,-80731201710.47919,58180.37778643195
832,0.000624,67475001638.30229,-83678656655.03833,58058.20584986181,644306426068.9039,417914214981.80133,143.10060544363392,67291953335.16854,-83675020083.99608,58124.315139889964
833,0.00062475,63722703909.908905,-86454877287.82176,57977.274854163545,752984975952.9609,410738248434.95087,147.7389555793843,63528653244.77404,-86452048950.82205,58067.929807499255
834,0.0006255,59861791253.447685,-89059906687.45174,57901.18904670098,882212897217.8623,402809870787.8942,152.9456914442247,59655141007.97572,-89057783286.993,58011.2221022914
835,0.0006262500000000001,55901009386.72937,-91489234323.91351,57820.541124782394,1037403681019.4539,394014465080.8091,158.817831857914,55679191949.36784,-91488019865.55676,57954.19233908775
836,0.000627,51845809443.21704,-93740939405.5508,57758.127978319695,1225900340503.6704,384220661559.6375,165.47527464786714,51608886855.154755,-93738906500.90607,57896.84083449757
837,0.0006277499999999999,47707870132.555984,-95809591465.58026,57677.552637356755,1458027888953.2444,373244736159.67163,173.07836919491723,47452513024.576645,-95807059216.23524,57839.16790691635
838,0.0006284999999999999,43495890074.593475,-97692461631.81133,57586.943393132446,1748285643452.6287,360886159059.1094,181.82636066900284,43218115830.48666,-97689440288.54597,57781.173876523986
839,0.00062925,39217916739.73274,-99387551055.36092,57494.58796962912,2117843814896.9607,346862047840.9515,191.99086743229216,38914247302.216835,-99383385212.29442,57722.85906528303
840,0.00063,34883938188.19542,-100892438325.14964,57392.529932816266,2598675785487.037,330787191952.5066,203.95044235733366,34549159543.844154,-100886618013.03693,57664.22379693691
841,0.00063075,30506873331.684986,-102204449646.68103,57261.418757723026,3240641893717.756,312147796660.8607,218.2397222061038,30131439008.87907,-102197161217.09196,57605.26839700808
842,0.0006315,26098663913.370644,-103322414062.39891,57099.37186646564,4124462689348.6787,290244242136.5035,235.63717826101305,25669695371.00873,-103313549152.53635,57545.99319279632
843,0.00063225,21671859331.05879,-104245975695.4396,56903.59257503697,5387459561139.345,264059067391.88177,257.34257401188427,21172414833.089725,-104234498253.22289,57486.39851337678
844,0.000633,17241139900.739906,-104975409183.76685,56663.90339244007,7276497130320.928,232104198971.1345,285.2985790948151,16648191627.936012,-104959274498.24959,57426.48468959826
845,0.00063375,12829411145.485224,-105511165743.5793,56341.175567283426,10262377681456.125,192257805988.85114,322.80689301696856,12105635447.035038,-105487476877.7057,57366.25205408135
846,0.0006345,8462521111.413633,-105856117210.3017,55906.272846362284,15289668033962.709,142003267534.81357,375.6274054358176,7553253953.402215,-105819045627.12788,57305.70094121654
847,0.0006352500000000001,4155673866.208747,-106016643085.0644,55379.51064283185,24250300496001.824,81137116764.30356,453.163226684764,2999603576.331046,-105954430607.56337,57244.831687162434
848,0.0006360000000000001,-174374690.88174462,-106001245334.90219,55061.23100958428,39913367118574.03,27841108744.292942,561.8882841126508,-1546783750.332949,-105894183528.26573,57183.6446298438
849,0.00063675,-4994233235.608664,-105793582144.1477,56135.80285399169,58022648956332.52,66838029008.82958,649.1533172739387,-6077705523.413753,-105639598518.89967,57122.14010894974
850,0.0006374999999999999,-10611422921.66306,-105313063963.04001,58935.02980962573,52770608847931.66,254676252193.207,569.6923091263601,-10584773535.22788,-105191961281.99757,57060.318465931865
851,0.0006382499999999999,-15767610867.835497,-104590428594.03705,60163.64175392607,30301157753005.72,379422245058.6735,430.36635874282524,-15059853720.078701,-104553031486.01375,56998.18004400227
852,0.000639,-20281264655.191647,-103710770006.39949,59733.65522165399,16121199890618.027,395991575997.65247,366.9189206422944,-19494849420.221306,-103724972288.21231,56935.72518813172
853,0.00063975,-24584851507.571285,-102672196251.41214,58821.49599516361,9406111262050.729,384521094167.6476,341.91793980903816,-23881815688.139904,-102710213978.78084,56872.954245047724
854,0.0006405,-28797798140.92576,-101468764177.25911,57804.10609331971,6134312287529.678,378613399178.805,319.43268302172663,-28212896976.153812,-101511644401.41994,56809.867563232554
855,0.00064125,-32950296553.199158,-100096791147.60324,56934.293718961,4381960365489.008,381916890753.9151,289.92789851919133,-32480547874.691486,-100132327288.17749,56746.46549292141
856,0.000642,-37051031241.73804,-98552891215.18782,56363.98632192652,3324864477038.011,388875095560.6156,258.5373710836607,-36677315294.66014,-98575674010.12022,56682.748386100364
857,0.00064275,-41100567649.180145,-96834338608.8863,56101.18744387979,2615881295720.552,395267074256.6632,231.83370038768987,-40795918270.584435,-96845360150.46799,56618.71659650451
858,0.0006435,-45085349741.252625,-94943844311.66606,56022.32397619369,2107159039582.741,400506517231.35077,211.71580978873197,-44829243778.668495,-94945499630.9373,56554.370479615915
859,0.00064425,-48998579066.51221,-92882541251.91188,56068.43542878144,1727220384575.2524,405402140346.1677,196.8585951809693,-48770466329.052315,-92880314796.42578,56489.7103926617
860,0.0006450000000000001,-52823382101.38924,-90657412631.40555,56129.52855382294,1434377623629.1416,410491033701.6956,185.38556241147973,-52612935171.65092,-90654548936.49995,56424.736694612024
861,0.0006457500000000001,-56549677083.61096,-88273898207.82117,56177.012069909,1202656331679.062,415709943080.93066,176.04459149130676,-56350160632.98659,-88272873948.33823,56359.449746178114
862,0.0006464999999999999,-60164767313.22596,-85740365181.78748,56169.65364463919,1015529199073.1708,420840459510.4439,168.17133469730678,-59975918999.51552,-85740535698.95294,56293.84990981023
863,0.0006472499999999999,-63664419339.646614,-83061025647.99226,56145.205539075265,862296490797.719,425717285608.79663,161.41585603754126,-63484470864.3218,-83062677716.42946,56227.93754969574
864,0.0006479999999999999,-67040953905.29015,-80242760888.489,56095.09014395053,735394326284.4375,430299237263.1411,155.54740983760843,-66870024578.58615,-80245022348.65176,56161.71303175697
865,0.00064875,-70290964351.0462,-77289746163.11046,56049.3710694747,629289383012.9556,434570813622.5049,150.40519022665939,-70127263903.16878,-77293251504.07193,56095.17672364925
866,0.0006495,-73406024672.19914,-74210703424.23601,55974.917888385564,539743126108.4384,438543548748.3127,145.86636235309993,-73250899500.87782,-74213295385.33842,56028.32899475887
867,0.00065025,-76384026550.7388,-71009459270.88148,55912.58903079655,463600746087.05554,442214167361.7995,141.84346857344116,-76236236400.59862,-71011430882.07646,55961.17021620104
868,0.000651,-79220945447.31026,-67691474310.981476,55862.86011469548,398375272230.7084,445604317072.0643,138.26187284151268,-79078599415.31792,-67693856950.372574,55893.70076081776
869,0.00065175,-81910634296.10574,-64265051031.481125,55798.77753826767,342153801212.1196,448725584154.22235,135.06382717642225,-81773832926.17317,-64267199554.876595,55825.92100317584
870,0.0006525,-84449922088.60486,-60735896000.02301,55737.55008683189,293491892295.7964,451582857875.0824,132.20532105838376,-84317837936.36617,-60737910212.7553,55757.831319564764
871,0.00065325,-86835207018.95741,-57110501735.06761,55679.243700649946,251228238702.99066,454191444135.67773,129.64745168153004,-86706966741.48857,-57112993800.1137,55689.43208799462
872,0.000654,-89062687572.87883,-53396205114.71525,55616.96544430061,214434275595.02582,456562249066.3912,127.35867597914206,-88937943817.96649,-53399145179.20348,55620.72368819399
873,0.0006547500000000001,-91128635213.40416,-49601095851.14652,55542.512367577336,182368289505.1612,458703903219.7609,125.31337363214891,-91007604566.9231,-49603378780.36908,55551.70650160786
874,0.0006555,-93031053780.33606,-45731124723.40586,55473.901188340344,154432201495.70526,460624423777.5547,123.49019723098232,-92913294026.72142,-45732778052.39422,55482.3809113955
875,0.00065625,-94768056840.76474,-41792155141.628365,55418.67602825818,130121588037.46889,462334788920.88446,121.86996262625006,-94652534086.8539,-41794661882.15644,55412.74730242827
876,0.0006569999999999999,-96336528909.98293,-37793168546.537674,55351.63275426179,109019911827.01666,463843178980.13434,120.43669974268235,-96223176610.19019,-37796091090.31001,55342.80606128764
877,0.00065775,-97734564934.23883,-33741877443.79017,55276.245593252715,90800551701.26956,465153202550.78064,119.17808102810514,-97623511364.35432,-33744289561.48,55272.55757626286
878,0.0006585,-98960924013.33371,-29645179342.255226,55201.46495602859,75189976919.88727,466271214280.9467,118.0828713221387,-98851986914.71939,-29646725181.294445,55202.002237348956
879,0.00065925,-100014745232.41293,-25509419749.249622,55135.305932702635,61957419849.582825,467203055260.7745,117.14135092552738,-99907450269.56541,-25510708677.033627,55131.14043624444
880,0.00066,-100895418453.78735,-21340422835.086052,55084.87681258415,50911748979.97352,467953336545.673,116.34537438888799,-100789080102.42065,-21343565724.551285,55059.97256634925
881,0.00066075,-101601470349.00871,-17148725515.15002,55011.39035857923,41898081373.9536,468525586662.47217,115.68816986304475,-101496305001.6471,-17152588666.128557,54988.499022762466
882,0.0006615,-102132888188.5228,-12941335921.997332,54932.66446087234,34802119290.119774,468920297624.1842,115.16490775927346,-102028863211.3834,-12945113617.742702,54916.72020228019
883,0.00066225,-102489801267.44511,-8725938974.773188,54848.56377091726,29527611346.794205,469140582349.16284,114.77091794401801,-102386807770.41846,-8728386109.514288,54844.63650339328
884,0.000663,-102672878722.69484,-4507607691.974904,54781.18291060858,26000983296.24,469187741483.577,114.5027088750347,-102570558248.04385,-4509793008.067411,54772.24832628524
885,0.00066375,-102682606473.84386,-294737932.31630796,54708.65939296578,24169175486.50561,469062619236.4921,114.35757754253255,-102580768763.9941,-296381793.30788755,54699.55607282985
886,0.0006645,-102519969357.92044,3906678096.962288,54643.8818085026,24002488559.459076,468764363778.30914,114.3339329577552,-102418383905.09586,3904673269.1465855,54626.560146589065
887,0.00066525,-102186193097.31168,8087949323.919124,54567.17794830953,25489973071.513485,468292003100.3112,114.43083895404882,-102084676073.93427,8086302572.071957,54553.260952810706
888,0.000666,-101682707239.0333,12244456165.573187,54506.39220452331,28638373321.13139,467643837969.9532,114.64813977159511,-101581263299.96,12241580229.62825,54479.65889842625
889,0.0006667499999999999,-101011536549.28703,16366295853.190031,54424.23596584093,33475477178.49292,466816862665.02045,114.98661100432095,-100909811620.8588,16363756353.618755,54405.754392048504
890,0.0006675,-100174684293.63306,20448487572.0512,54349.75413237719,40043353641.40109,465808541533.4258,115.44745011312534,-100072560716.47662,20445962603.81072,54331.54784396946
891,0.00066825,-99174423889.20691,24484625612.066536,54279.41515581612,48408272340.66288,464614077754.6689,116.03300992591537,-99071873531.14044,24481604614.293064,54257.03966615786
892,0.000669,-98013845691.97827,28466239056.81014,54192.58722184742,58658940531.98107,463228146978.3556,116.7464107631987,-97910288028.8615,28464280903.91497,54182.23027225703
893,0.00066975,-96695136234.10526,32389978094.045082,54126.02854743202,70900912596.30037,461646034726.3049,117.5911421152716,-96590709166.80074,32387597122.67289,54107.12007758255
894,0.0006705000000000001,-95221925622.86153,36247607054.64855,54048.00461827759,85279693252.52916,459858201790.1921,118.57271498051234,-95116343611.85587,36245461112.335075,54031.709499119905
895,0.00067125,-93597313959.17043,40034034999.71143,53973.850891443275,101959490559.00352,457858313205.54724,119.696492411572,-93490368688.29697,40031847905.787056,53955.998955522235
896,0.000672,-91824770540.76564,43743592418.73191,53902.42762103222,121145936008.60553,455635741466.57166,120.96970803410298,-91716564391.6544,43740864994.98274,53879.988867107946
897,0.00067275,-89908807377.96054,47369074968.381676,53817.445081954174,143086530646.67288,453179267569.8666,122.40072101165022,-89798597022.00691,47366835149.18815,53803.67965585848
898,0.0006734999999999999,-87852894458.70319,50906372910.81338,53739.512287215344,168066238816.89816,450478537064.2531,123.99848469011962,-87740528420.98897,50904369936.136955,53727.071745415844
899,0.00067425,-85661050985.92867,54350476784.98292,53666.45678795861,196442296543.18808,447516968918.44543,125.77480395471572,-85546516947.7442,54348114577.28,53650.16556108034
900,0.000675,-83338019960.06036,57695689134.99337,53589.06824054118,228643470966.1934,444277859169.6194,127.74295521950927,-83220985244.47469,57693056309.75467,53572.96152980818
901,0.00067575,-80889082358.71771,60936252030.99761,53500.67194191472,265176380098.99158,440743859566.99097,129.9177464955196,-80768526832.23192,60934358006.49557,53495.46008020911
902,0.0006764999999999999,-78317314663.91438,64069977687.85887,53431.658217729855,306644045085.77924,436895589889.1098,132.31611026286888,-78194025467.58206,64067294960.2213,53417.66164254406
903,0.00067725,-75629066961.70726,67090420219.25566,53350.141799968085,353819447205.19586,432702193573.69653,134.96060407253438,-75502246250.08273,67087528697.993965,53339.5666487227
904,0.000678,-72828427660.68756,69994650052.5154,53276.03649503916,407605241564.0622,428141437805.69446,137.87378124566138,-72698262766.40192,69990910943.89462,53261.175532301095
905,0.00067875,-69921975576.8713,72777203559.17976,53188.99826544383,469141693588.426,423176514357.84375,141.08509823684116,-69787274401.35564,72773367362.20438,53182.4887284793
906,0.0006795,-66914952207.78617,75434702268.24704,53098.96187961529,539809615067.22986,417774791165.2177,144.6265109592652,-66774588371.17186,75431232866.0757,53103.50667409889
907,0.0006802500000000001,-63811681663.0941,77964808218.23834,53019.418870394,621355067752.9285,411890855058.0671,148.5378032419372,-63665772565.27082,77960908268.03499,53024.229807640586
908,0.000681,-60619408885.43332,80362855492.53664,52927.94172835494,716027740277.3817,405467377520.6257,152.86842766521903,-60466251592.47807,80359322355.00815,52944.65856922177
909,0.00068175,-57343218417.451546,82626543797.65907,52837.517987810825,826651437302.4902,398450162385.77856,157.6736580688282,-57181756381.59282,82623313963.8513,52864.793400594135
910,0.0006825,-53987463363.80618,84754175332.26274,52759.50941450924,956920876683.9703,390761954442.14606,163.0241695044692,-53818015112.38949,84750113993.44492,52784.63474514112
911,0.00068325,-50560265157.77536,86741699294.93544,52667.87635360327,1111759351789.955,382305601053.344,169.0094402689507,-50380898594.569565,86737327659.22246,52704.18304787553
912,0.000684,-47066818901.31557,88587540912.96872,52576.19578404081,1297653050320.118,372982759368.85266,175.73424527994635,-46876303802.88553,88582612008.13573,52623.438755437
913,0.00068475,-43516028630.92512,90288329448.75807,52463.3184792739,1523487377497.7463,362652794591.7957,183.3362953232369,-43310196476.43952,90283986037.70972,52542.40231608958
914,0.0006855,-39910333946.48236,91844545331.24805,52366.35043821165,1801490061175.8335,351159444946.8299,191.986385168427,-39688534711.068054,91839713561.2962,52461.07417971924
915,0.0006862499999999999,-36257518439.740486,93253957002.14572,52265.31865364475,2149330740427.7122,338260626950.8833,201.9234010993279,-36017166234.4066,93248211030.20737,52379.454797831284
916,0.000687,-32568971175.156624,94513622341.99521,52129.61577511426,2592786271972.1924,323675720795.4659,213.45980108014538,-32302292836.579628,94508245950.68309,52297.54462354796
917,0.00068775,-28844660485.707462,95625539902.92256,52013.98096876306,3170277755518.5645,307059297107.55084,227.0118013330035,-28550005843.22549,95618791366.2591,52215.344111605875
918,0.0006885,-25096646612.642673,96587366110.75337,51875.52688235406,3942471819275.8,287845633236.6722,243.2078232267332,-24766334117.984444,96579138670.5366,52132.85371835351
919,0.00068925,-21332862357.251022,97399068296.3789,51716.51376970601,5007609871323.995,265339785907.67322,262.9516709845276,-20957282398.669422,97388781025.80946,52050.07390174862
920,0.0006900000000000001,-17568212917.96881,98059719481.10216,51504.4957312371,6532855584136.261,238527998550.50613,287.64037180000656,-17128941163.96557,98047339174.07806,51967.005121355796
921,0.00069075,-13806884139.886253,98571789157.29056,51273.937818880644,8816446999530.719,206030476944.39075,319.50258599664926,-13287362373.244556,98554839184.47333,51883.6478383438
922,0.0006915,-10068354419.446177,98935668773.1471,50977.365855251715,12422641424050.77,165888254205.7227,362.33897476791407,-9438323894.912582,98911509705.87766,51800.00251548311
923,0.0006922499999999999,-6368479913.071908,99154300139.76491,50604.86973279489,18454426255384.387,116354359758.09747,422.5496196045155,-5588008438.805191,99117813798.6199,51716.06961714327
924,0.000693,-2708591777.2718673,99232619688.02568,50196.18004721498,28962111361207.473,59959531479.69098,509.38575341241153,-1742108587.8775609,99174307498.09618,51631.84960929032
925,0.00069375,1019289467.4539686,99175116857.97351,50092.17048548332,46061064835139.82,22859993474.71262,622.5413006753032,2093525330.663466,99082088052.69637,51547.3429594843
926,0.0006945,5207101932.211973,98960841199.84546,51241.22207964668,61811959475933.17,90540464672.93045,687.8103514795249,5913082081.302596,98842082338.69264,51462.550136876496
927,0.00069525,9856789596.643696,98538383985.1422,53297.97381067409,52371808237575.305,269523582356.8154,585.1087493999315,9710954227.543043,98455713685.43431,51377.47161220701
928,0.000696,14072169200.762037,97947612192.18626,54001.477402861696,30599169712148.88,370006656828.4232,452.56327399187813,13481609607.967846,97924578246.58377,51292.107857802024
929,0.00069675,17860253807.43641,97236857100.41777,53615.7877753083,17031076097134.906,381657631253.7045,392.1970664147823,17219661196.63049,97250374550.23895,51206.45934757119
930,0.0006975,21493401665.55599,96404552051.81842,52874.972794745736,10294127553096.258,371098884511.395,366.95959703540245,20919592595.45825,96435088774.82654,51120.52655700508
931,0.00069825,25062471156.051846,95445267481.978,52066.38303377211,6868486444135.329,365369429801.4416,344.7547432338486,24576218683.95361,95480834801.01074,51034.30996317245
932,0.000699,28581166126.6445,94358595134.98228,51329.376004792444,4974905187641.877,368003257440.2582,315.82701046142523,28184423704.917168,94390010479.99672,50947.81004471765
933,0.0006997500000000001,32056778804.11046,93142990983.60178,50784.342171465716,3810919987041.905,374489731412.94727,283.95126350772426,31739138599.373497,93165195070.75304,50861.027281857954
934,0.0007005,35493242594.184265,91796259821.09131,50472.51161920164,3022244762258.3105,380821397371.2525,255.52963789031764,35235420638.865654,91809135461.31825,50773.96215638085
935,0.0007012499999999999,38885622421.23395,90318653243.41087,50338.702042137105,2452457922683.4956,386025153556.13354,233.30225313079188,38668624561.56669,90324536117.10587,50686.61515164146
936,0.0007019999999999999,42224173074.456345,88712949254.12154,50298.670453511964,2024986020968.1216,390716947361.92944,216.62043415427405,42034201764.17956,88714648576.82117,50598.98675255977
937,0.00070275,45498159691.493866,86983599227.71703,50281.8117685377,1695264861117.5745,395487871762.15753,203.78482828347668,45327637935.441956,86982573789.1698,50511.07744561798
938,0.0007035,48705808716.625275,85131570509.67755,50299.406942121335,1434552486105.4368,400442610986.0383,193.4188081780281,48544659390.855484,85131688636.31546,50422.88771885775
939,0.00070425,51834638341.54057,83163858208.47952,50280.13598244801,1223700208559.6902,405449587070.6986,184.70153015194586,51681050685.70749,83165489595.84514,50334.418061877615
940,0.000705,54879250591.94956,81084841021.46663,50228.64412188903,1050368918353.4941,410305979399.7191,177.21029600122716,54732976130.00398,81087759916.67355,50245.668965830104
941,0.00070575,57834517933.997375,78899245752.51634,50147.84556096467,906165749421.5852,414922649123.21857,170.6891257474297,57696537045.723,78902108102.98721,50156.640923419145
942,0.0007065,60699593243.94103,76609101838.55803,50074.23022537642,785034968015.4469,419272799387.6787,164.9578043332345,60568166543.89767,76612488907.25043,50067.33442889727
943,0.00070725,63469428617.006294,74219428157.86949,49990.93115756058,682320014521.519,423366571053.0034,159.87664167653256,63344322775.750084,74222835289.84988,49977.749978062835
944,0.000708,66141746028.6805,71733465134.48473,49912.21715674006,594507612673.0425,427199519007.8952,155.34606080871094,66021766289.32628,71737390815.61566,49887.888068257394
945,0.00070875,68712607811.266335,69156006364.30623,49828.14735079437,518867700202.8777,430781561416.89703,151.28672045503617,68597424004.338615,69160305904.70792,49797.74919836279
946,0.0007095000000000001,71178219012.65746,66492216493.15661,49732.03843609472,453302190782.5882,434118055297.6604,147.63720561240322,71068355962.92259,66495842264.91497,49707.333868798465
947,0.00071025,73537542631.96143,63744781591.094635,49648.56780077926,396177835780.2794,437216399402.41583,144.34795869839414,73431784913.7137,63748494412.399765,49616.64258151865
948,0.0007109999999999999,75786667995.89322,60919505982.36764,49555.799560143176,346159614990.9462,440093114604.23334,141.37517344174077,75685157626.46434,60922637339.9148,49525.67584000969
949,0.0007117499999999999,77924132693.67365,58019866150.06815,49469.64130279059,302209976309.98724,442752353068.8668,138.6859419682342,77826157709.8738,58022795375.19748,49434.43414928703
950,0.0007125,79947771286.0705,55050249430.275734,49387.51597714797,263471230584.4163,445206642098.1653,136.25055838233547,79852495464.56363,55053504018.10245,49342.9180158926
951,0.00071325,81854733337.79147,52016376744.84054,49295.659876215934,229246871212.80283,447464242030.4798,134.04466088627618,81762354071.9549,52019545098.3392,49251.12794789196
952,0.000714,83643564334.75638,48922474220.88609,49204.185686428056,198977738777.41202,449530524996.57227,132.04856538344032,83553812260.97821,48925445299.98913,49159.064454871426
953,0.00071475,85312778830.1523,45772996836.939095,49115.06045672615,172189224688.72427,451414808772.9183,130.24422428334333,85225303385.9258,45775970233.725334,49066.72804793527
954,0.0007155,86860941433.069,42572602443.7559,49027.26233483934,148483571133.8138,453124303675.6932,128.61635885820183,86775341219.15453,42575822883.063705,48974.1192397029
955,0.00071625,88286717684.92735,39326139641.435005,48938.76923732506,127529468986.3865,454665015615.3203,127.15202451259297,88202736948.02779,39329861275.26772,48881.23854430598
956,0.000717,89589066253.08994,36038279024.5768,48850.65799806988,109050430775.1216,456042334921.17676,125.84008741999693,89506429451.3045,36042812110.070366,48788.08647738565
957,0.00071775,90766619420.61676,32714994208.252865,48751.32283383638,92812932353.83817,457261498386.4536,124.67080217147812,90685621095.85704,32719452293.2095,48694.66355608957
958,0.0007185000000000001,91818891909.29361,29360858237.06432,48649.744893958836,78624921932.06662,458325885101.37225,123.63617616904027,91739562736.81714,29364587194.572235,48600.97029906906
959,0.0007192500000000001,92745708469.60107,25979843063.87261,48554.59886934657,66318742747.84297,459240507153.7032,122.72872880874617,92667832333.16002,25982931265.730762,48507.00722647628
960,0.00072,93546925555.5741,22575940746.88052,48468.49385984551,55750172147.66346,460009618702.54395,121.94193107031465,93470160734.42192,22579322442.907146,48412.77485996135
961,0.0007207499999999999,94222139325.8396,19154555600.175488,48379.19176294118,46799235245.3353,460636293862.36554,121.27031570544423,94146343739.81465,19158343787.978107,48318.27372266934
962,0.0007214999999999999,94771265589.11234,15720968976.945595,48283.276252586504,39370527310.22534,461122241103.3206,120.70952183622273,94696410056.825,15724825382.158476,48223.50433923752
963,0.00072225,95194600624.09077,12279664591.70432,48186.500878344326,33385363670.002014,461469503648.31354,120.25572803770174,95120636225.54074,12283379047.983814,48128.46723579233
964,0.000723,95492600062.39255,8834873489.150442,48092.79650160015,28778000576.2536,461680112424.3029,119.90561588789863,95419296524.5622,8838632380.182737,48033.16293994644
965,0.00072375,95665733467.54991,5391984412.0536,47992.687860038735,25496156761.0139,461755403578.81573,119.65651758259979,95593107354.31964,5395218273.075803,47937.59198079599
966,0.0007245,95714818913.74399,1955049800.0936072,47894.37107632704,23501424460.375927,461695953823.31366,119.5064294015339,95642703373.00731,1957598381.5681183,47841.75488891747
967,0.00072525,95640759929.89267,-1472660191.7503455,47807.228386205315,22766126714.333073,461502407618.2186,119.45372220880101,95569036012.72649,-1469778545.4370487,47745.65219636486
968,0.000726,95444535339.17816,-4884737447.689335,47705.77875291583,23274514471.12232,461174637595.28125,119.4973425762283,95373047913.4921,-4882460834.005388,47649.28443666665
969,0.00072675,95127331251.01431,-8278885767.582601,47617.375250607685,25021372164.384235,460712152402.5384,119.63672293695649,95056029781.33717,-8276123810.230212,47552.65214482293
970,0.0007275,94690485031.87727,-11649676885.948832,47522.863513161945,28012915391.383774,460113926866.5118,119.8717914383476,94619362468.45972,-11646541755.875355,47455.75585730235
971,0.0007282500000000001,94135499856.71667,-14993032192.934772,47426.86057680817,32264927517.199955,459378746091.4335,120.20287679277543,94064488177.36719,-14989445365.37367,47358.596112039144
972,0.000729,93463987764.27525,-18305033705.286877,47331.70021480324,37803906172.37863,458504862781.24615,120.63078367751642,93393097179.88782,-18300976380.932793,47261.17344843023
973,0.00072975,92677863476.40935,-21580944050.760178,47229.91422992322,44668021269.36926,457489955940.50055,121.15682139825194,92606867290.78386,-21577004550.438404,47163.48840733214
974,0.0007304999999999999,91779008836.52077,-24817268109.642845,47129.20798777341,52905296039.407,456331743105.9382,121.78261583577535,91707763039.92569,-24813564178.015892,47065.541531058014
975,0.00073125,90769390008.75294,-28010517002.071278,47031.581415809655,62578193571.01489,455026766208.95984,122.51046747795762,90697798648.37474,-28006901466.308758,46967.333363374615
976,0.000732,89650867769.79709,-31157851697.541912,46942.99453803614,73764116138.63773,453571037068.25354,123.34322818559272,89579161726.43983,-31153346035.446865,46868.864449499306
977,0.00073275,88426269143.07683,-34253822075.92047,46840.39404962957,86558901095.37608,451959423162.68256,124.28450819748663,88354202233.81352,-34249269123.442722,46770.13533609701
978,0.0007335,87098054691.83289,-37295077764.267525,46733.45507990016,101065205617.75392,450188926241.4295,125.3376728485894,87025128212.36867,-37291135169.604225,46671.14657127724
979,0.00073425,85668580106.79826,-40278789514.315315,46629.63207856178,117408102258.4889,448253695701.85516,126.50726571850144,85594548613.89764,-40275716585.386925,46571.89870459092
980,0.000735,84139958185.66472,-43202751130.485634,46536.87768005163,135739286796.9397,446146711395.88873,127.79876460830954,84064968277.07866,-43199640823.721176,46472.39228702748
981,0.00073575,82515340592.61621,-46062745973.95747,46437.96636342396,156242334049.0612,443859430726.9863,129.21872878316657,82439257811.4059,-46059816968.65679,46372.62787101171
982,0.0007365,80797294844.23369,-48856219398.1324,46341.01490152579,179118975518.67548,441385775417.29553,130.77357293224068,80720127042.6478,-48853225294.31254,46272.60601040071
983,0.00073725,78988766072.64719,-51580121588.25972,46243.230682810805,204610865552.5902,438715814201.4451,132.4714411557696,78910447017.85475,-51576983305.434525,46172.327260480866
984,0.000738,77092545097.45932,-54231926746.818115,46147.50195886131,232999152142.06516,435839755581.90094,134.3213183347923,77013157010.16788,-54228217262.47187,46071.79217796468
985,0.00073875,75112296023.1265,-56808064599.749985,46043.04807053104,264616976633.25726,432745747226.32715,136.33367053803872,75031338366.27989,-56804518446.37879,45971.0013209877
986,0.0007395,73050460551.56528,-59307024768.83432,45945.025466506864,299844113075.9191,429423416461.6049,138.51946631366013,72968063132.0619,-59303038750.94744,45869.955249105515
987,0.0007402499999999999,70910526844.97287,-61725967816.5281,45844.89662295667,339147679581.9629,425855699018.5242,140.8928574204375,70826501671.0358,-61721556679.67898,45768.65452329053
988,0.000741,68695543996.05477,-64062873361.83017,45746.210967751795,383072068000.02313,422027999681.6266,143.46879952643854,68609951960.87382,-64057840926.3847,45667.09970592891
989,0.00074175,66409697723.05307,-66314664204.986084,45637.4831724372,432271013359.40186,417921488190.1377,146.26499241315625,66321637345.34094,-66309802388.31994,45565.29136081743
990,0.0007425,64054621561.39658,-68481193988.64847,45544.325557806296,487508255830.2299,413519178604.9946,149.30038009069054,63964925754.797325,-68475449807.336395,45463.230053160405
991,0.00074325,61635911562.62431,-70558390414.43805,45433.19000265511,549754874234.23224,408790230326.93475,152.6006111459162,61543149188.92502,-70552925447.85387,45360.916349566476
992,0.000744,59156822289.26154,-72544948200.5314,45317.313511691704,620124003529.3604,403717961862.52606,156.18972633676285,59059722541.71079,-72540519171.35162,45258.35081804549
993,0.00074475,56618172414.184395,-74441556132.72275,45225.57375674446,699998364803.663,398270414442.7593,160.0988762965716,56518155028.01987,-74436543356.38245,45155.5340280054
994,0.0007455,54025878348.67796,-76244672944.64873,45120.65915983337,791175274176.2089,392399420319.35944,164.36966629149407,53921967318.4622,-76239613480.00208,45052.466550248995
995,0.00074625,51382540925.119354,-77953766447.33366,45018.43636024137,895797017547.5146,386076365807.77515,169.04255222112852,51274597328.396454,-77948413476.994,44949.148956970865
996,0.0007469999999999999,48693472338.41218,-79566506904.09961,44902.23223524457,1016597634143.4784,379248674480.5235,174.17044036507548,48579540649.8366,-79561747174.52113,44845.581821754095
997,0.00074775,45960338914.753975,-81083217801.65936,44795.615121606876,1156999487151.2537,371867851577.3891,179.81303887920996,45840488765.75886,-81078622391.42897,44741.76571956718
998,0.0007485,43186189953.48056,-82503215775.15382,44697.273255046704,1321518597212.5244,363855478158.3895,186.04958630286677,43060741555.269226,-82498001734.70412,44637.70122676073
999,0.00074925,40376223499.344574,-83824789035.26624,44590.37117040032,1516098445441.676,355125777566.9254,192.97628609070063,40244032640.38765,-83819122857.12703,44533.38892106442
1000,0.0007499999999999999,37535178080.09234,-85046871044.25165,44471.17038468905,1748546266084.234,345588741568.37885,200.70665322008816,37393893470.0439,-85041342953.6309,44428.829381583644
1001,0.00075075,34666128048.97151,-86169412130.70161,44349.73358018751,2029353271329.3984,335129038579.7606,209.38335233158116,34513813223.88432,-86164213377.41551,44324.023188796345
1002,0.0007515,31769891525.68362,-87193252900.91335,44245.385550546926,2373051079418.2627,323588897060.6178,219.1946195252014,31607268988.454494,-87187194523.27692,44218.97092454982
1003,0.00075225,28854761276.00675,-88116316603.66614,44120.067018944115,2800403076850.5396,310750543868.5267,230.39626074838736,28677905035.428932,-88110107041.82419,44113.67317205746
1004,0.000753,25920086858.267056,-88940183106.48137,44009.12044484739,3341056298154.1973,296391493710.9367,243.308239397084,25729184493.79648,-88932794735.99976,44008.13051589555
1005,0.0007537500000000001,22974527667.447865,-89663327725.79774,43876.87170782674,4039541316302.834,280147932702.6303,258.3922843614302,22764559359.953518,-89655194717.8531,43902.343541999944
1006,0.0007545,20022348608.479668,-90286171634.5618,43729.456870202586,4963813148499.846,261603724418.60068,276.2773007602816,19787469315.35422,-90277304052.52026,43796.31283766286
1007,0.00075525,17067090942.092426,-90809482694.83377,43573.927611326384,6222023688058.102,240160326705.58484,297.88551916938985,16801335590.77332,-90799508965.68352,43690.038991529706
1008,0.0007559999999999999,14116237700.754028,-91233444522.57454,43395.28898153503,7993967810309.358,214975407412.0922,324.6265904014055,13809538376.37802,-91221991171.23294,43583.522593595626
1009,0.0007567499999999999,11174141395.995266,-91559331126.53835,43200.01101076823,10591328174908.816,184942714556.29645,358.7082742723018,10815411104.616901,-91545174256.6989,43476.76423520238
1010,0.0007575,8249903095.040021,-91788091017.45323,42971.86124954617,14579349810191.553,148659630146.40384,403.7331973196583,7822275607.922701,-91769633790.5277,43369.76450903502
1011,0.00075825,5349022264.02102,-91921745615.4004,42715.50652710722,21007615316834.414,105085240689.84921,465.5154540986413,4833433867.578121,-91895971455.43315,43262.52400911851
1012,0.000759,2471477001.626387,-91962714130.60521,42448.45299604653,31717963166660.426,56717530415.92962,552.0553980414786,1852075024.982757,-91924979393.3047,43155.043330814624
1013,0.0007597499999999999,-439333085.81180274,-91913348332.68935,42347.61324183534,48659394041207.06,22685342527.4061,664.0548945051058,-1118673881.852715,-91857609460.34442,43047.32307081843
1014,0.0007605,-3569697035.549925,-91765699781.05167,42866.939315915406,66635167224647.07,64140959581.66514,747.8268730087711,-4075738502.9403973,-91694744644.79784,42939.3638271551
1015,0.00076125,-7003647708.200771,-91494747083.90604,44047.66689713176,64189153786557.93,213065368451.57925,684.0460344622762,-7016059657.030614,-91437415545.83727,42831.16619917656
1016,0.000762,-10306915956.247276,-91108163825.7124,44735.31365878669,42545735870720.195,330847098792.71643,541.1321293045693,-9936639835.464336,-91086801586.55957,42722.73078755818
1017,0.00076275,-13293598485.245932,-90639431874.85817,44608.59740711726,25000715799903.535,361029820815.02893,455.6602389652448,-12834582433.323984,-90644138647.63371,42614.05819429539
1018,0.0007635000000000001,-16138515150.940248,-90092293873.36118,44155.10159235836,15301268302432.326,355443311347.08307,419.4927549318199,-15707050704.256887,-90110669681.63245,42505.14902270038
1019,0.0007642500000000001,-18926714688.68331,-89463660807.50291,43597.72996540529,10152544069794.867,347141249536.16864,397.8699013554991,-18551329717.11884,-89487894375.43883,42396.00387739872
1020,0.000765,-21681215630.193424,-88752271282.0388,43039.15982910685,7278879861512.998,345576281576.555,373.1215104714501,-21364619332.379066,-88777247932.65681,42286.623364326086
1021,0.0007657499999999999,-24404008513.985226,-87958717305.18379,42541.00458992441,5538349689185.302,349819423400.60364,342.3411355207995,-24144320268.78375,-87980298103.65341,42177.008090724776
1022,0.0007665,-27100892336.884956,-87081850891.45514,42171.67699232267,4383687022290.4897,356038766178.3733,310.3140720275853,-26887820875.61344,-87098719095.13292,42067.15866514039
1023,0.00076725,-29767048597.472893,-86122909773.8525,41909.13194138794,3559289505222.5864,361744815441.3707,282.11035034257367,-29592682462.03831,-86134214866.0987,41957.075697418535
1024,0.000768,-32402477108.434116,-85081868130.11446,41745.51345265968,2944258129188.5283,366477860006.79553,259.67474129941354,-32256422902.595036,-85088440657.7928,41846.75979870124
1025,0.00076875,-35005452433.01898,-83959164607.1538,41658.48143282439,2473328542025.8867,370794385844.2615,242.39289428482675,-34876776117.87192,-83963422252.8297,41736.21158142383
1026,0.0007695,-37566713549.69533,-82758528254.58171,41581.65272463638,2104898548473.2505,375198416584.74603,228.81424222075373,-37451468067.45682,-82761025482.7467,41625.43165931126
1027,0.00077025,-40085158562.664505,-81481000045.65913,41519.738275600095,1810607162127.896,379786440278.4097,217.71629858580684,-39978436220.01649,-81483153604.56989,41514.42064737487
1028,0.000771,-42555588282.38362,-80129624151.1141,41446.984776438614,1570687121014.1072,384468157827.11346,208.31593580598613,-42455489100.38969,-80131849254.45099,41403.17916190894
1029,0.00077175,-44976518801.84996,-78705991693.88643,41371.8994012192,1371731711369.8992,389090195229.7955,200.17436813276535,-44880642547.81046,-78709150425.7513,41291.70782048727
1030,0.0007725,-47342912513.31064,-77213787553.84044,41272.19475328772,1204483271447.7612,393564289897.8676,193.02524449259985,-47252087793.04346,-77217248273.23972,41180.00724195971
1031,0.0007732500000000001,-49655889492.101944,-75653435629.18541,41181.42392743304,1062465872923.9556,397836792406.21735,186.69182013304825,-49567862436.45595,-75658234643.94243,41068.078046448776
1032,0.0007740000000000001,-51910191657.22512,-74029227096.4521,41067.18790117278,940757221256.8591,401911769343.02435,181.03162459489,-51826351014.869125,-74034243295.66551,40955.920855346136
1033,0.0007747499999999999,-54105276156.28303,-72342809862.64386,40948.78826454936,835700612840.7554,405772264338.67487,175.9443188218559,-54025878746.297226,-72347570098.64317,40843.536291309305
1034,0.0007754999999999999,-56239672194.431305,-70596428237.30501,40828.78892354129,744391082414.6962,409427466671.7901,171.34667217591283,-56164702770.54177,-70600635655.41919,40730.92497825799
1035,0.00077625,-58313263906.4838,-68791300807.22652,40720.89441495537,664519843747.5411,412883928912.3536,167.1728112006846,-58241495725.12382,-68795594705.84947,40618.08754137082
1036,0.000777,-60323672704.77679,-66930424469.90696,40610.27192557992,594218570618.1826,416152762019.91644,163.36809897003698,-60254936641.1933,-66934667617.28844,40505.02460708169
1037,0.00077775,-62270278776.17264,-65015491924.31904,40505.5421294019,532029975790.2383,419235232190.3764,159.89104445620467,-62203672841.81704,-65020307382.36708,40391.73680307649
1038,0.0007785,-64151098772.7388,-63049472812.247,40396.12040093605,476765146718.98376,422141019692.9513,156.704994652041,-64086387443.84774,-63054888859.079094,40278.22475828941
1039,0.00077925,-65964110970.73719,-61035673563.031105,40274.1369779651,427472961519.9199,424874321343.48206,153.78054463009684,-65902020754.22565,-61040800745.74686,40164.48910289959
1040,0.00078,-67708723030.91615,-58976167249.09315,40150.44615550469,383380594351.5516,427439675501.0934,151.0931347471221,-67649517860.167274,-58980464146.9817,40050.53046832755
1041,0.00078075,-69384977066.88164,-56872271315.00992,40037.9921861318,343824044571.1037,429846960004.5991,148.6199152576042,-69328048926.68028,-56876228066.836,39936.34948723178
1042,0.0007815,-70992292326.76518,-54725894800.5747,39935.49292967813,308228090479.9516,432106163463.94507,146.3404657981942,-70936569939.53047,-54730606343.39559,39821.94679350506
1043,0.00078225,-72529178397.47496,-52540169042.47101,39829.19587606587,276114793921.8886,434223010957.71936,144.2381391794132,-72474450579.6693,-52545813376.7035,39707.32302227113
1044,0.0007830000000000001,-73993492297.06166,-50319507495.38845,39700.3238951066,247099989666.63373,436200035180.22723,142.2996596327782,-73940838435.36885,-50324552893.84563,39592.47880988103
1045,0.00078375,-75386740637.50171,-48063489379.35215,39591.73533984455,220874465894.15842,438038732958.2017,140.5141108390496,-75335195043.06886,-48069157170.736694,39477.41479390959
1046,0.0007844999999999999,-76706985871.7709,-45776502606.97788,39471.120884077216,197128117762.12595,439752601136.5644,138.86780288240524,-76657010003.00096,-45781954979.891464,39362.13161315201
1047,0.0007852499999999999,-77953320269.80981,-43461930802.40183,39335.95648020552,175623615575.20508,441340645701.6535,137.3525327711568,-77905833767.46603,-43465427384.27812,39246.62990762011
1048,0.000786,-79127416557.2348,-41118788139.84314,39229.30812678248,156157564966.65784,442806518473.8993,135.96031267529412,-79081207016.66809,-41121992460.5044,39130.910318538925
1049,0.00078675,-80228810910.41425,-38749346718.34677,39134.88382931478,138521522901.00012,444161241987.68506,134.68116598135526,-80182807776.17397,-38754029353.33661,39014.97348834307
1050,0.0007875,-81255615045.19533,-36359120487.11048,39013.85038220177,122550735149.38345,445406190188.7816,133.50858266776734,-81210577130.25679,-36363953839.984856,38898.8200606733
1051,0.00078825,-82207759437.00371,-33950722580.382156,38880.02881794113,108127397058.34546,446539444273.9117,132.43837498370021,-82164326401.50615,-33954086856.456795,38782.45068037275
1052,0.000789,-83086742430.39577,-31523012124.282803,38775.463714221965,95136018706.23608,447566140550.333,131.46486982632655,-83043951989.21939,-31526846370.736668,38665.86599348347
1053,0.00078975,-83891489771.97725,-29080663240.31134,38659.20480679939,83452942475.38966,448494098305.9113,130.5815619175144,-83849543451.63705,-29084533312.956352,38549.06664724283
1054,0.0007905,-84622505853.84259,-26624878701.644085,38549.001853377384,72992267607.06335,449321549371.5522,129.7853536846083,-84581022339.48534,-26629526344.436302,38432.05329007991
1055,0.00079125,-85279575309.1577,-24158928509.134563,38431.46929168011,63671543975.551796,450052583509.174,129.07204197431076,-85238645487.26233,-24163981219.4648,38314.826571611906
1056,0.0007920000000000001,-85862743097.28398,-21685866687.102528,38303.44647482006,55423629311.86768,450688429354.67413,128.4384606974591,-85822757714.23465,-21690222035.324738,38197.38714264054
1057,0.00079275,-86373004434.29178,-19205437548.910683,38195.14661246032,48189615595.80829,451230932018.91406,127.88169615003368,-86333457047.80653,-19210445650.501617,38079.73565514837
1058,0.0007935,-86810024914.04034,-16722438155.049635,38069.43959617289,41909286270.45982,451684012367.54675,127.39836455454906,-86771172182.16447,-16726935104.261047,37961.872762295294
1059,0.0007942499999999999,-87174606140.36122,-14237613641.9084,37950.607099296394,36541160312.83622,452046981061.89197,126.98672233830051,-87136342212.36757,-14241786958.409061,37843.79911841482
1060,0.0007949999999999999,-87467426805.34686,-11751613050.69741,37848.322204262215,32043173142.562847,452322694886.645,126.64429753925457,-87429541379.5705,-11757159353.731552,37725.515379010496
1061,0.00079575,-87688454291.61041,-9269924974.218561,37720.04238236059,28378899054.280964,452512743826.2086,126.36904552409543,-87651102317.55873,-9275178782.559092,37607.02220075221
1062,0.0007965,-87838587069.81865,-6793284598.28531,37594.4485457614,25524256755.759033,452616602455.0091,126.15986660989185,-87801784970.3874,-6797899827.892431,37488.32024147259
1063,0.00079725,-87918584440.9268,-4322595094.33891,37480.348480761466,23453916880.984066,452636405633.9893,126.0150862358331,-87882105356.75237,-4327332308.056722,37369.4101601634
1064,0.000798,-87929045711.02927,-1860917243.5349984,37360.28947446522,22147289470.213573,452573047492.4877,125.93345052737989,-87893019248.06638,-1865460567.4852366,37250.29261697175
1065,0.00079875,-87870773921.00577,590040736.3784293,37240.08965969937,21589975990.988113,452426756951.79315,125.91410672524961,-87835138406.378,585818872.4301975,37130.96827319656
1066,0.0007995,-87744578625.04233,3029266298.2991123,37128.118894026535,21770923875.49834,452198173775.02374,125.95624062352901,-87709291687.54292,3024547598.888224,37011.43779128478
1067,0.00080025,-87551292093.64293,5454083738.516834,37011.42555257448,22683366350.524723,451887559892.9867,126.05927272710595,-87516283099.23466,5448889234.901995,36891.70183482784
1068,0.000801,-87291875779.76025,7862163257.97242,36887.947967815875,24324136712.852295,451495068380.092,126.2228066194395,-87257092940.2712,7856984446.111182,36771.76106855784
1069,0.00080175,-86967348812.76091,10251681717.539522,36761.22957635632,26692845968.403286,451020932499.036,126.44654861521171,-86932811323.16788,10247112415.100792,36651.61615834392
1070,0.0008025,-86578832256.8456,12620436711.210794,36628.51451495316,29792562504.34944,450465166544.91016,126.73038308510279,-86544222048.03198,12617594408.153732,36531.267771188526
1071,0.00080325,-86126796381.567,14971004610.035149,36533.905355931456,33629281123.849873,449827792024.19763,127.07430429778994,-86092543202.77908,14966656034.117931,36410.71657522382
1072,0.0008039999999999999,-85612994769.0963,17296549773.85123,36404.11014289105,38221579812.39781,449106412582.7339,127.47920478788784,-85578756091.07376,17292795053.37454,36289.963239707824
1073,0.0008047499999999999,-85038130918.93634,19598421021.105263,36288.682762745586,43577476494.148056,448303242608.1208,127.94473498721275,-85004124585.30661,19594331357.962475,36169.00843502077
1074,0.0008055,-84403352690.5074,21874771440.527943,36175.71290591742,49718776900.293526,447415762218.878,128.47195392598684,-84369731442.61763,21869762221.00195,36047.852832661374
1075,0.00080625,-83710470224.75385,24121669366.126663,36039.854234744525,56669559764.173935,446443297083.9326,129.06167406266442,-83676685084.84001,24117595197.58746,35926.49710524317
1076,0.000807,-82960081161.25912,26340392772.5402,35921.08570808516,64449231128.5648,445386936603.3422,129.7141543058116,-82926316445.40907,26336422532.98968,35804.94192649062
1077,0.00080775,-82153662227.69286,28528629150.629234,35799.82094825485,73095185214.71118,444242931553.052,130.43123568058397,-82119857120.30186,28524959524.268154,35683.187971235566
1078,0.0008085,-81292279542.34033,30685692751.119156,35683.78033798498,82643316035.00548,443011044661.2099,131.21400075342902,-81258564991.35095,30681742501.21604,35561.23591541333
1079,0.00080925,-80377291566.5744,32810050386.734932,35567.27032214089,93137686659.87355,441689102614.6919,132.06414237759617,-80343709169.51234,32805652355.391346,35439.08643605899
1080,0.00081,-79410439306.72942,34899457464.33588,35440.33493769055,104625613489.34676,440275748602.49384,132.98332139584315,-79376737790.02791,34895283724.43686,35316.74021130376
1081,0.00081075,-78392735267.52519,36953680104.522316,35318.381445981315,117154812962.96716,438770479384.45996,133.97300444491717,-78358913826.35928,36949688569.171776,35194.197920371
1082,0.0008115,-77324961384.299,38972777306.830505,35210.38895189426,130788295708.9694,437169714315.09503,135.03576312565227,-77291601720.00366,38967516123.82322,35071.460243572634
1083,0.00081225,-76209560878.25006,40953375816.54629,35084.821358381516,145603845864.2749,435469367862.53235,136.1747185110481,-76176331715.54889,40947749804.942055,34948.527862305236
1084,0.000813,-75047772142.8809,42894975174.77755,34957.00781623619,161666292368.69846,433671162764.6949,137.39127242525106,-75014371432.89534,42889475082.789665,34825.401459046385
1085,0.0008137499999999999,-73840556094.72845,44797483559.212845,34837.12034483911,179058647263.79297,431771088681.10516,138.6885431678518,-73807204352.36516,44791653372.24251,34702.08171735075
1086,0.0008145,-72590039084.22748,46658798044.45978,34708.07380747947,197883863654.57257,429764288739.71075,140.07046206730436,-72556310727.81487,46653378741.37218,34578.569321846386
1087,0.00081525,-71297003162.15387,48479210534.183876,34587.05750656708,218242500051.1989,427650377824.04565,141.53976114074635,-71263108882.67336,48473825066.69303,34454.86495823082
1088,0.000816,-69962594682.15906,50258286128.784164,34473.60864350483,240263070152.71692,425423038274.99866,143.10116871897407,-69929046129.90884,50252112842.804474,34330.969313267444
1089,0.00081675,-68589944266.37397,51992873217.6792,34337.694379496344,264091204216.73685,423077565733.5966,144.7595486405193,-68555578133.676506,51987505711.18334,34206.88307478146
1090,0.0008175,-67179566591.082886,53683779553.12468,34207.84049426567,289855939561.47437,420616495446.102,146.51745065381462,-67144233955.77371,53679399051.76169,34082.60693165622
1091,0.0008182500000000001,-65731636474.28591,55331952104.24756,34098.39252464744,317735086789.9526,418030428168.67535,148.38131137075126,-65696350478.812355,55327094072.54525,33958.14157382936
1092,0.000819,-64249097982.35252,56934835476.369316,33976.85026758758,347953615715.9999,415309325465.6072,150.35905500919543,-64213508854.30256,56929833284.221344,33833.487692288996
1093,0.00081975,-62732785942.4754,58492662549.96606,33858.73866670405,380721544370.50415,412454933567.8151,152.45509402282298,-62697241310.61078,58487157893.20422,33708.64597906983
1094,0.0008204999999999999,-61184927831.98273,60004084111.03144,33732.69586111284,416296258675.7708,409458280190.58746,154.67719614422572,-61148970579.87288,59998560313.32737,33583.617127249345
1095,0.00082125,-59606544437.10503,61469173316.57586,33609.01397529747,454954907987.81964,406315774800.5464,157.03238184017619,-59570217610.37189,61463604426.92236,33458.40183094392
1096,0.000822,-57999497467.00051,62887139726.21604,33481.97642145761,497031993884.8098,403017979811.8744,159.53001278520964,-57962419212.69237,62881810823.9535,33333.000785305085
1097,0.00082275,-56364344148.133896,64258489873.38673,33363.77270971476,542902688279.65106,399558719171.71985,162.17934691414135,-56327058683.51706,64252740963.5973,33207.41468651555
1098,0.0008235,-54703059864.83942,65582374648.70443,33243.78490728461,593024703384.8462,395925194667.5152,164.99266639269445,-54665622741.04794,65576269077.28311,33081.64423178535
1099,0.00082425,-53018220210.38574,66857600562.82781,33111.51575547605,647906604041.3662,392110610314.26465,167.98151012498843,-52979629801.941605,66851874704.49901,32955.69011934802
1100,0.000825,-51309767570.1188,68085243015.95581,32989.222018644476,708106912542.1024,388109911660.718,171.15720824004902,-51270542728.512405,68079472394.60923,32829.55304845668
1101,0.00082575,-49579645745.67094,69264671402.48087,32866.571947397475,774334948645.6152,383903337164.83923,174.53747388320687,-49539687326.17906,69258839597.91684,32703.233719380223
1102,0.0008265,-47829277594.34077,70395744952.38632,32743.906775005882,847404055306.4171,379480375587.5882,178.13931450700758,-47788569572.11261,70389831536.95059,32576.73283339933
1103,0.0008272500000000001,-46062643185.824165,71476658899.41257,32598.130814540207,928270138819.7365,374826992503.5453,181.98199867371838,-46018668307.37801,71472315914.88591,32450.051092802616
1104,0.0008280000000000001,-44275251955.20076,72511341636.67813,32493.878424133844,1017975219149.9232,369940599976.7782,186.08210472011146,-44231317276.99239,72506250917.45483,32323.18920088274
1105,0.00082875,-42470876962.32989,73497964689.49434,32388.85283793973,1118012522032.464,364769729298.2982,190.47649954012903,-42427903845.09735,73491606501.23392,32196.147861932564
1106,0.0008294999999999999,-40653995272.94892,74434706517.7634,32257.698607977316,1230057703899.6318,359306350952.5838,195.1932158345197,-40609800954.26123,74428350489.83847,32068.927781241073
1107,0.0008302499999999999,-38823385864.20459,75323221691.56078,32134.63206232414,1355968444894.5815,353547798765.2935,200.25697849006093,-38778526655.534386,75316508924.20451,31941.52966508967
1108,0.000831,-36982740234.03616,76162370007.8005,31997.60943638563,1498150064889.6624,347451055019.00806,205.71047184432007,-36935303664.21675,76156124006.52707,31813.954220748063
1109,0.00083175,-35129757804.696815,76954166592.5821,31881.089054737175,1659468593839.3494,340997099203.6849,211.59552412694623,-35081486383.59816,76947475594.24654,31686.202156470434
1110,0.0008325,-33267361367.13949,77697880394.17068,31763.552212365747,1843701984706.6018,334127290875.24347,217.97417258578312,-33218389737.434902,77690640935.92268,31558.274181491564
1111,0.00083325,-31398860253.733505,78392854451.08595,31631.4388291073,2055501757218.8257,326807764751.0373,224.91009251036166,-31347483955.094658,78385861480.44653,31430.17100602276
1112,0.000834,-29522498949.510902,79040654550.82736,31512.45097258378,2300595154726.028,319005370321.78705,232.47254508629342,-29469839757.2924,79033270436.01201,31301.893341248015
1113,0.00083475,-27641159784.958282,79640840324.41452,31390.08727854267,2586551388231.415,310640310551.5428,240.76084537870256,-27586728738.358448,79633184640.84073,31173.44189931998
1114,0.0008355,-25756461895.444607,80193607928.9555,31263.667721478465,2923124812120.4404,301649575745.556,249.88812692661267,-25699454089.85586,80185856640.00893,31044.817393356137
1115,0.00083625,-23871563462.838303,80698739196.43707,31123.390296282585,3323130341909.4146,291952347745.5512,259.9929540230888,-23809239451.895832,80691680529.16139,30916.0205374347
1116,0.0008370000000000001,-21983136557.23875,81158083755.95781,31002.28549337974,3803530207589.7607,281460751380.89136,271.24307464268435,-21917306521.00736,81150893503.8884,30787.05204659068
1117,0.0008377500000000001,-20094758630.511322,81571239272.11044,30878.9700437618,4388016438807.4478,270008208049.31964,283.87833438928106,-20024775768.39504,81563913624.69066,30657.91263681203
1118,0.0008384999999999999,-18206355880.09731,81938941440.8563,30761.370605104257,5109448035267.408,257441792135.82303,298.19516089835366,-18132761662.7523,81931104082.9462,30528.60302503556
1119,0.0008392499999999999,-16320806189.058193,82261198318.07982,30638.435537228077,6014803162081.693,243544026262.2867,314.5917894371904,-16242507585.325548,82253010219.08922,30399.123929142937
1120,0.0008399999999999999,-14441901337.119074,82538042649.1591,30499.33847717021,7172472413338.017,228058449031.36383,333.5995685191401,-14355038743.54727,82530011630.89694,30269.476067956773
1121,0.00084075,-12568700811.826159,82770563310.27505,30360.5002539368,8684473537850.168,210667686351.55795,355.9446831414288,-12471404413.781418,82762561845.83768,30139.660161236585
1122,0.0008415,-10701175064.610344,82959533527.01347,30227.38070025145,10709036280467.053,190906851103.6792,382.6901203020413,-10592692436.577427,82951240412.04674,30009.67692967488
1123,0.00084225,-8840872924.780218,83105450763.418,30096.317827846793,13499987434686.092,168174999668.00113,415.4212049995445,-8719963314.872072,83096529739.32822,29879.52709489303
1124,0.000843,-6987149326.822477,83209091487.16719,29973.87131667582,17477153228465.172,141771866686.44217,456.53492643450323,-6854214363.19445,83198904594.62863,29749.211379437358
1125,0.00084375,-5143796834.871123,83270750838.19221,29846.68133236396,23352671477368.72,111036254602.4986,509.7027649282681,-4996369646.273308,83259012542.84798,29618.73050677507
1126,0.0008445,-3308229625.905232,83291326003.50777,29728.80157711483,32323537444282.496,76188924363.33698,580.2270930410633,-3147385052.689027,83277460260.35272,29488.085201290334
1127,0.00084525,-1476942632.2173603,83271360569.7846,29629.299664133858,46180646655359.016,41057397690.8615,673.8911895313885,-1308225723.2093284,83254818700.88101,29357.276188280106
1128,0.000846,372797576.85742617,83211142443.83711,29608.77717021106,66174704654459.914,21365567477.092003,787.1432476596804,520247867.5799594,83191632821.59386,29226.304193950273
1129,0.0008467500000000001,2279763245.9103327,83108705559.45027,29747.180897637245,86851227284464.89,55202253696.46414,873.9221001859438,2337166635.947267,83088768177.472,29095.16994541147
1130,0.0008475000000000001,4235947909.2769566,82960754114.26436,29989.2724431249,89564209318487.6,163475611841.46152,840.0932256789483,4141642332.646934,82946692174.94324,28963.874170675124
1131,0.0008482499999999999,6133083215.782527,82770669363.08833,30072.795585453983,69115924446709.53,270118475061.39642,706.0813331719474,5932933320.327099,82766062760.5377,28832.41759864944
1132,0.0008489999999999999,7937766922.559276,82544694196.14078,29953.733738895364,45915712227094.484,315101379424.2465,594.6725599688349,7710209411.41689,82547673339.17836,28700.80095913528
1133,0.00084975,9700788148.400251,82283184530.49075,29763.322106386073,30119083667332.145,320331981042.72186,536.0207224853116,9472648009.521322,82292129821.40474,28569.02498282213
1134,0.0008505,11428943713.418322,81987672797.75891,29508.584257246173,20638507991473.59,314055164857.92804,506.34824027469966,11219575724.900707,82000170155.14081,28437.090401284066
1135,0.00085125,13132907974.581882,81658500568.93153,29212.27004091414,14962472711877.17,308862186128.8458,484.31277418303137,12950264700.820036,81672486819.2329,28304.997946975735
1136,0.000852,14822436478.561403,81295204531.48694,28914.36777740834,11423140777234.578,308263611795.6669,459.1475104858111,14664089767.411222,81309794902.18332,28172.74835322818
1137,0.00085275,16492807250.18011,80899164850.59534,28612.801750955914,9076645525387.459,311571415618.7788,428.6222196185856,16360287149.780666,80912882481.81812,28040.342354244818
1138,0.0008535,18145462368.7189,80470811272.3562,28330.212229174656,7415189911421.198,316591717544.85596,395.6882128081142,18038305822.921402,80482490167.71095,27907.78068509743
1139,0.00085425,19788136940.100296,80008895079.5505,28112.64687752934,6174313735113.023,321579890470.63275,364.45782679951986,19697579204.869297,80019376766.75085,27775.064081722012
1140,0.000855,21414279190.13992,79515072237.92526,27923.041059491472,5215272645294.547,325925747545.224,337.5078364518247,21337481592.35515,79524220701.96696,27642.193280914667
1141,0.00085575,23022269275.222576,78990193827.66524,27751.707097141,4460734993167.076,329699679933.4715,315.47331203795454,22957463215.081863,78997892124.40805,27509.169020327554
1142,0.0008565000000000001,24614050976.236706,78434149081.85054,27608.832427573114,3860601976866.4053,333255893245.1386,297.72969620240536,24556962526.052807,78441118428.47154,27375.992038464803
1143,0.00085725,26186928343.359318,77848118821.4468,27475.360002890382,3377729038683.801,336896250829.93494,283.2314393817176,26135509794.50165,77854667792.86128,27242.66307467837
1144,0.0008579999999999999,27738843590.75842,77233286168.82352,27339.875418741667,2983794379043.412,340703040051.8014,271.0582368701969,27692730243.814247,77239294207.24817,27109.18286916403
1145,0.0008587499999999999,29272523391.930305,76589224094.9405,27223.15544773166,2657488527734.898,344623313486.92725,260.5692589965062,29227940588.643234,76595841541.99313,26975.552162957127
1146,0.0008595,30781500024.290295,75918832781.12253,27081.350857868812,2382853937277.188,348591957897.52295,251.34664077530817,30740917093.506355,75925026250.79984,26841.771697928536
1147,0.00086025,32269357925.79393,75221419728.44656,26949.020882515862,2148743006697.7844,352495652824.8862,243.14926241744067,32231224062.591515,75227703234.58661,26707.84221678062
1148,0.000861,33733546956.799965,74498613135.0494,26808.51366294551,1946854468712.3958,356312611723.42554,235.79400852068815,33698441890.533096,74504487004.97224,26573.764463042913
1149,0.00086175,35175170656.74202,73750572902.04987,26673.113132699345,1771159339287.9595,360011716423.2234,229.14910350711435,35142288775.870285,73756362109.38858,26439.53918106821
1150,0.0008625,36593401094.66776,72978265774.83745,26537.653267623053,1617033286043.003,363592076141.6104,223.10501267406786,36562461477.235954,72984073070.2673,26305.16711602827
1151,0.00086325,37987820133.75693,72182510503.75722,26401.50756456751,1480925547691.8176,367047802204.988,217.57657896776522,37958580670.28671,72188301180.81798,26170.64901390973
1152,0.000864,39357082860.60332,71364646869.43639,26256.802433961064,1360047421741.6318,370376742399.79956,212.49613012683372,39330321015.279625,71369971036.24316,26035.985621510034
1153,0.00086475,40703684909.86395,70523973289.39922,26128.87674613269,1252202015242.5227,373574203779.29333,207.81120827348235,40677529415.658104,70529757178.26411,25901.177686433184
1154,0.0008655,42024227535.13716,69662973281.7455,25985.521952309624,1155473408618.7903,376658203617.53876,203.47007366924825,41999845268.967125,69668494768.41917,25766.22595708564
1155,0.00086625,43321668682.667595,68780576589.4953,25859.687805426325,1068408498247.3829,379614341916.0237,199.44074025365975,43297133190.06435,68786954479.74423,25631.13118267212
1156,0.000867,44593089423.00927,67879139444.01606,25720.943059751688,989680583558.7728,382462259112.3081,195.68600746667732,44569252161.396126,67885863835.16374,25495.894113191578
1157,0.0008677499999999999,45838349757.76815,66959480682.36904,25574.79974868814,918277163649.6991,385191744033.6207,192.1830738350268,45815946385.75082,66966014811.44073,25360.51549943284
1158,0.0008684999999999999,47057720676.583664,66022137072.449036,25428.08414950514,853335937623.2413,387807087308.9663,188.9097297250184,47037133285.353966,66028143471.12915,25224.996092970567
1159,0.00086925,48253096103.08445,65066425799.8185,25300.14075749138,794092416994.4921,390316373637.97876,185.84418779701474,48232660391.78793,65072973480.899574,25089.3366461611
1160,0.00087,49422922817.33958,64094028720.5739,25169.27229992028,739829871655.7302,392733449620.2768,182.963991878124,49402431498.27909,64101339047.15164,24953.537912138167
1161,0.00087075,50565339012.82597,63107061041.82679,25019.17643385631,689997496822.6453,395053065583.32886,180.25592909804203,50546299233.848946,63113896373.694405,24817.600644808797
1162,0.0008715,51682066107.568886,62104951807.95613,24876.359591326218,644176157818.4698,397270151932.078,177.71052350744486,51664205435.632,62111419162.68693,24681.52559884906
1163,0.00087225,52772994013.11753,61088452433.32402,24736.954214861125,601936297614.6901,399398895013.2117,175.31229026678108,52756264717.572365,61094564508.19544,24545.313529700074
1164,0.0008729999999999999,53838072047.7182,60058280144.9014,24599.266412110537,562902983036.0034,401442782176.37354,173.0493379569293,53822251173.77792,60064201448.645546,24408.965193563512
1165,0.0008737500000000001,54877243721.36143,59015168604.67626,24462.111791366733,526755826302.65247,403403963742.57764,170.91210596865358,54862236129.711586,59020985950.56672,24272.481347397592
1166,0.0008745000000000001,55890019063.73631,57960275340.47674,24319.670723850868,493220020499.05334,405285017313.3501,168.89205204771193,55876074020.79601,57965574446.596405,24135.862748912856
1167,0.00087525,56876843743.86377,56893920960.640594,24179.28007302804,462065784095.9406,407086936631.71136,166.9820672140358,56863966439.31017,56898701750.98906,23999.110156567902
1168,0.000876,57839582214.37869,55814926630.036285,24062.054919082566,433076328264.98895,408814923416.44147,165.17424471671742,57825913843.115585,55821029092.60342,23862.2243295653
1169,0.00087675,58775456602.83558,54726723494.228,23922.753239845028,406023654140.48224,410478981642.11316,163.45895381999995,58761909086.617485,54733258768.84829,23725.206027847213
1170,0.0008775,59684617276.97467,53630010158.460106,23772.76457990338,380779531836.9641,412068245553.55206,161.83468996743645,59672098922.238106,53636097192.915115,23588.05601209126
1171,0.0008782499999999999,60568769341.13742,52523717672.25883,23638.07509373831,357214342322.34344,413587019728.2785,160.29650265362693,60556491325.49328,52530073239.52801,23450.775043706333
1172,0.0008789999999999999,61426382535.642654,51410296305.85581,23489.6039165028,335168726035.97644,415045727007.4009,158.83646787263854,61415174966.86642,51415941406.96338,23313.363884828337
1173,0.0008797499999999999,62258730839.3995,50289091338.02458,23349.760474246064,314537572575.51807,416439154664.68195,157.45224932120803,62248366381.77154,50294309379.15507,23175.823298315892
1174,0.0008805000000000001,63066731150.73005,49159688212.99471,23225.674409027553,295200306081.5671,417774407749.28864,156.1383839646903,63056037835.40801,49165858014.659004,23038.154047746186
1175,0.0008812500000000001,63849180994.25442,48024288834.33452,23090.55797426881,277040340952.6054,419056134420.0546,154.88967163121114,63838410646.34798,48031185901.96812,22900.3568974107
1176,0.0008820000000000001,64605981924.28999,46883876028.46358,22946.159534930914,259986373713.46756,420279914274.6417,153.70459834268985,64595631592.562454,46890893035.14659,22762.432612310964
1177,0.00088275,65337401898.27419,45738975892.91977,22798.448789081925,243972151493.66345,421447424986.8906,152.58044106744117,65327744431.23568,45745498250.27683,22624.381958154307
1178,0.0008835,66043759053.71258,44590026583.00799,22651.00670107127,228927793054.87585,422561888643.9459,151.51380297504994,66035111999.72518,44595650454.91406,22486.205701349674
1179,0.0008842499999999999,66726414948.10207,43435871516.05286,22522.835632549297,214784347607.1375,423625770515.7713,150.5015816293786,66717870718.263824,43441930152.510956,22347.90460900322
1180,0.0008849999999999999,67384187041.06168,42279055624.66912,22381.261078381558,201462363117.3901,424644655540.5685,149.5396442122606,67376119889.84528,42284907297.79381,22209.47944891422
1181,0.0008857499999999999,68017175640.21635,41120391949.41731,22230.944937027474,188921139048.323,425613929881.665,148.62745663333482,68010195218.1792,41125054031.202034,22070.93098957072
1182,0.0008865000000000001,68627285525.828384,39957691719.429565,22106.507919666357,177119496809.57288,426535433777.05756,147.76306215158576,68620164040.59097,39963071267.30446,21932.260000145245
1183,0.00088725,69213014151.69417,38794263466.58648,21963.09775520821,165990399334.39148,427417178207.7812,146.94198255905897,69206369027.20387,38799395526.16311,21793.467250490572
1184,0.000888,69775310198.23619,37629465745.215965,21823.917805726796,155508233596.78897,428253058556.3233,146.1644310116995,69769012669.22775,37634443605.18607,21654.55351113546
1185,0.00088875,70314561750.7787,36463503590.9788,21689.73576570353,145632303203.80884,429047610393.39795,145.4278890302022,70308340508.23532,36468873099.161125,21515.51955328036
1186,0.0008895,70830677020.8982,35297481723.15867,21551.090223911076,136323906752.064,429802631047.4614,144.7302703761098,70824674483.76944,35303100445.755875,21376.366148793095
1187,0.00089025,71323857452.01953,34132024553.348892,21408.97078464026,127554147231.62012,430517774174.4889,144.07044475222216,71318075083.66934,34137764481.772324,21237.09407020469
1188,0.000891,71794183787.45245,32968039471.421402,21260.733050264018,119295455252.97667,431194202449.5308,143.44700895939584,71788994184.12599,32973080415.220474,21097.704090704985
1189,0.00089175,72242875561.25954,31803985770.447887,21131.014749490638,111523157788.4409,431832644300.3699,142.85872341578906,72237656068.29729,31809686793.467857,20958.196984138325
1190,0.0008925,72669301855.94673,30642230375.30688,20988.84127406135,104200393160.65091,432437478513.7466,142.30310227816472,72664284442.07281,30647921741.10297,20818.57352499929
1191,0.0008932500000000001,73073745315.71976,29483324982.91751,20840.15788951422,97311194902.28618,433005894049.51666,141.77999198638062,73069266882.0772,29488313352.228466,20678.834488428507
1192,0.000894,73457540705.01802,28325171331.395325,20715.1060673238,90837054265.85234,433539314048.88257,141.2882913721642,73452843386.57123,28331221293.56567,20538.98065020816
1193,0.00089475,73819766958.55179,27171130591.535725,20569.107383361308,84745727531.391,434042389527.09155,140.82556070698942,73815375237.0024,27177086689.240402,20399.012786757787
1194,0.0008955,74160757309.15057,26021730191.003574,20413.000411110435,79029184931.13431,434511144633.3562,140.3921853896594,74157104135.22234,26026326948.55471,20258.93167512997
1195,0.00089625,74481638731.15315,24875187154.42892,20275.248876140307,73673684328.74257,434947268220.4611,139.9872087687715,74478358735.77426,24879297228.89138,20118.738093005995
1196,0.000897,74782785240.6784,23731530480.292233,20148.70626526162,68653742749.23763,435354663523.5444,139.60862282294417,74779490232.32204,23736437493.43856,19978.432818691508
1197,0.0008977499999999999,75063923159.99353,22592826582.23516,20009.148264759424,63950265066.65365,435733551571.17474,139.25549219455806,75060752660.41135,22598019203.480362,19838.01663111236
1198,0.0008984999999999999,75325257121.69305,21459939708.220448,19858.87311101122,59555490759.08299,436082403006.4303,138.92773925733115,75322524453.05507,21464462982.23665,19697.49030981003
1199,0.0008992500000000001,75567953110.30872,20330381678.93202,19733.279747881563,55460032301.75653,436402121492.3373,138.6246641857235,75565058759.84552,20336148050.11142,19556.854634937445
1200,0.0009000000000000001,75791587790.67226,19206982920.026176,19592.14869740517,51642846807.72525,436696401342.475,138.34448098546827,75788809045.3882,19213342812.197792,19416.11038725462
1201,0.0009007500000000001,75996548432.89542,18090005127.783295,19445.151484563303,48097945232.42412,436962871650.71814,138.08732597474386,75993997914.73566,18096372614.928493,19275.25834812439
1202,0.0009015000000000001,76183288703.96231,16979381948.935429,19299.566811847653,44816016851.51214,437202751660.17084,137.85250569848859,76181007708.18115,16985625033.992802,19134.299299507933
1203,0.00090225,76352222700.6144,15875105610.725975,19157.679290019903,41785780135.78666,437417300658.3341,137.63916120362884,76350153433.26558,15881220905.25423,18993.23402396055
1204,0.0009029999999999999,76503755655.37724,14777115426.515236,19020.842209400136,38996321191.94381,437607284760.8733,137.44658583820893,76501857268.35085,14783578064.015394,18852.06330462721
1205,0.0009037499999999999,76638068561.9725,13686440791.065073,18878.356630123344,36437624787.55995,437773377917.79224,137.2741337298421,76636369465.89519,13693002083.292696,18710.787925238426
1206,0.0009044999999999999,76755461448.03313,12603702616.973686,18729.894763671215,34102870438.465786,437915588645.73425,137.12141498750347,76754075019.94313,12609688770.05704,18569.408670105593
1207,0.0009052499999999999,76856404041.08183,11528569522.52459,18584.93745809573,31985207663.027836,438034494069.96747,136.98792025372765,76855335978.53107,11533915149.71253,18427.926324116837
1208,0.0009060000000000001,76941181023.35133,10461730023.81536,18436.878483454082,30076109993.144512,438131133801.89606,136.87297202402158,76940479647.3454,10466016089.227028,18286.341672732615
1209,0.00090675,77010335072.96634,9402090848.3717,18301.0423889097,28368802804.12192,438205775029.0468,136.77613754310084,77009799796.61032,9406091819.823107,18144.655501981317
1210,0.0009075,77064280684.58492,8348964759.911463,18179.474588846337,26854790553.963776,438259525487.30365,136.6967396384617,77063736254.11467,8354402011.883838,18002.86859845501
1211,0.00090825,77102857383.53064,7306801614.995178,18020.631135732503,25526736643.51384,438292911607.3055,136.63424789933194,77102530938.82903,7311246211.009781,17860.98174930492
1212,0.000909,77127029138.5331,6270200028.240539,17903.487017221767,24383718435.600285,438304831923.19305,136.58876111493387,77126710768.87312,6276742995.046541,17718.995742237163
1213,0.00090975,77136612202.5767,5244538067.025676,17750.726927546184,23415594203.2616,438297982340.71875,136.55919333798875,77136496768.87137,5251089910.851639,17576.91136550828
1214,0.0009105,77132126405.30147,4228828637.9424963,17595.23217505739,22620753709.203102,438270949452.67554,136.54566531485207,77132257143.62132,4234539159.4679265,17434.729407921095
1215,0.00091125,77114039661.69551,3221534906.455072,17456.01784006135,21993648291.846672,438224979417.53784,136.54763486755473,77114396243.94847,3227217647.304588,17292.450658820017
1216,0.0009119999999999999,77082668097.23926,2222604833.342636,17325.711749338025,21528140732.42123,438160871622.9988,136.56457417320414,77083158968.86975,2229317374.2332697,17150.07590808684
1217,0.00091275,77038247566.54332,1235109463.9887326,17169.401703658972,21219733766.073204,438078809853.7531,136.5961687117564,77038890033.32895,1241001009.1800778,17007.60594613634
1218,0.0009135,76981235736.87756,256262717.01560694,17032.24539565336,21065071133.60692,437978950334.4184,136.64216816811768,76982024368.99736,262357892.89671585,16865.04156391187
1219,0.00091425,76911932259.57909,-712011370.1088845,16884.792384976867,21059536899.54488,437862092558.67737,136.70211643401873,76912946761.46637,-706368102.8747627,16722.383552880932
1220,0.000915,76830708112.4595,-1669743024.4994524,16734.717687476026,21199350922.520317,437728505741.5036,136.7757111015998,76831901953.9421,-1665077725.3356986,16579.63270503093
1221,0.00091575,76737847383.70947,-2619644220.369034,16612.466582223165,21480581326.72727,437578683501.2865,136.86260614907812,76739211009.31506,-2613659674.0813966,16436.789812864525
1222,0.0009165,76633737118.06471,-3557976204.058782,16464.73318764866,21900720128.560326,437412745912.8172,136.96257491458343,76635256601.32814,-3552001089.0281405,16293.855669395487
1223,0.0009172499999999999,76518755056.17683,-4484985361.555697,16310.047669535383,22455689010.988644,437231406877.82574,137.07522346784125,76520396317.00731,-4479993062.419491,16150.83106814416
1224,0.0009179999999999999,76393147259.6224,-5402543523.168282,16172.607268939695,23141536033.393375,437035147379.9622,137.20020595918228,76394866544.06265,-5397532535.790257,16007.71680313303
1225,0.0009187500000000001,76257279524.89314,-6309554334.667229,16032.02899887731,23956324177.593803,436823934801.90967,137.3373662742422,76259167613.01926,-6304481124.818041,15864.513668882397
1226,0.0009195000000000001,76111439617.34047,-7206425416.859748,15895.188184447903,24897058549.646717,436598348845.73376,137.4863801579295,76113503231.01176,-7200786261.360672,15721.222460405923
1227,0.0009202500000000001,75956026129.10536,-8092178367.91288,15750.657288684737,25961384299.948204,436358622185.6832,137.64701245164323,75958260498.07503,-8086412579.84685,15577.843973206238
1228,0.000921,75791421871.50516,-8966378397.098814,15599.15826022215,27145756697.80927,436105405926.7091,137.81890791555134,75793677903.91217,-8961158574.549831,15434.379003270476
1229,0.0009217499999999999,75617759808.86946,-9830727072.189255,15462.873825067985,28446548946.855522,435839198620.061,138.00173751065847,75620220472.05421,-9825063443.946138,15290.82834706598
1230,0.0009224999999999999,75435552326.66513,-10683437306.721987,15315.120384153268,29863430955.445415,435559601446.52563,138.19549020821077,75438153652.1732,-10678082596.62382,15147.192801535686
1231,0.0009232499999999999,75244938943.55957,-11525859916.071917,15176.997593183896,31392313490.68223,435267792346.0205,138.39967880068158,75247753490.36513,-11520093460.730547,15003.473164093904
1232,0.0009239999999999999,75046425359.14738,-12356563667.42658,15028.575672876595,33032436525.213203,434963401988.6185,138.61425578062384,75049391432.4194,-12351086790.543427,14859.670232621698
1233,0.0009247499999999999,74840137858.19682,-13176754421.107836,14888.668565181384,34779667203.81627,434647529284.2223,138.83875982793563,74843354753.51927,-13170992695.385479,14715.78480546265
1234,0.0009255000000000001,74626437268.00888,-13985980963.861633,14747.99337359119,36633430607.82395,434319760869.59064,139.0731671857208,74629850308.9702,-13979818025.768803,14571.817681418253
1235,0.0009262500000000001,74405700241.51826,-14783814827.749573,14602.811995479551,38591512371.168564,433980720317.9938,139.31719202869297,74409311083.00583,-14777563656.564304,14427.769659743575
1236,0.000927,74178206632.28879,-15570385841.357271,14457.267081333337,40650787875.59152,433631013909.19696,139.5704980084757,74182044262.62875,-15564101527.219305,14283.641540142808
1237,0.00092775,73944241602.18361,-16345749234.232565,14312.27255310593,42809107263.54393,433270812098.594,139.8328893116056,73948216286.48091,-16339559428.758356,14139.434122764807
1238,0.0009285,73704013625.49747,-17110273008.950901,14171.431148390413,45064662337.58922,432900378560.61224,140.10416642251786,73708191700.34987,-17103822507.786938,13995.148208198618
1239,0.00092925,73457777783.15889,-17864042665.40035,14033.294915150671,47416659799.0674,432519761965.63257,140.38420802693165,73462251015.23848,-17856888712.789898,13850.78459746923
1240,0.0009299999999999999,73206379008.42932,-18604744345.558002,13872.059854766847,49863962429.36443,432129259305.8552,140.67283083677546,73210738591.8438,-18598753172.23237,13706.344092032818
1241,0.0009307499999999999,72949531965.64429,-19334838424.992496,13726.644209937784,52397770419.91829,431731188139.6277,140.96911750605955,72953872280.03714,-19329444001.474174,13561.82749377247
1242,0.0009315,72687456382.26118,-20054459586.788628,13589.27578912038,55021046741.763756,431323371691.90845,141.27356084892054,72691971360.58562,-20048924529.744965,13417.235604993804
1243,0.00093225,72420765128.97212,-20762324889.76424,13441.691516397288,57734813048.06485,430906199785.9724,141.58607353875965,72425269389.63829,-20757283355.9446,13272.569228420338
1244,0.000933,72149250529.08426,-21460167932.62684,13307.809413692206,60533676899.838036,430481464567.4929,141.90595267013543,72154043226.58658,-21454604772.33511,13127.829167189142
1245,0.00093375,71873734257.71716,-22146040088.954426,13158.985588415195,63420357658.14163,430047563572.91425,142.23356901365875,71878563109.1801,-22140749382.318924,12983.016224846373
1246,0.0009345,71594019921.31174,-22821534751.181908,13020.300761002973,66387545115.28505,429607044127.49677,142.5680587165104,71599133291.28764,-22815787720.736053,12838.131205342781
1247,0.00093525,71310281570.8585,-23486861137.194614,12887.91953480161,69437143497.93097,429158291801.899,142.90974738054828,71316020440.88861,-23479669969.217274,12693.174913029221
1248,0.000936,71023612900.02718,-24139450813.675064,12730.5726652585,72570008090.68712,428701522625.8912,143.25859141576282,71029478010.77867,-24132566647.24946,12548.148152652386
1249,0.00093675,70733846860.43877,-24780729704.284904,12577.108104938974,75774139261.3466,428240268666.0933,143.6132698957085,70739732882.49341,-24774448152.992313,12403.051729350025
1250,0.0009374999999999999,70441415037.20496,-25410239683.80789,12419.899783005245,79049373419.72612,427772617991.1181,143.97408796466135,70446930663.9292,-25405300201.13826,12257.88644864668
1251,0.0009382500000000001,70145432400.98576,-26031179005.423454,12294.820061687278,82392826018.82785,427299484769.87085,144.34070073135362,70151380595.72414,-26025397128.247787,12112.653116449143
1252,0.0009390000000000001,69847482214.11667,-26639796307.109016,12143.022022532748,85817386331.87244,426817137732.99005,144.7143041661597,69853360178.50993,-26634553158.486603,11967.352539042084
1253,0.00093975,69546771572.2158,-27238937491.65712,12009.59610091695,89308640501.24155,426331705339.5573,145.09295075580815,69553049739.3004,-27232937669.184895,11821.985523083411
1254,0.0009405,69244377235.9033,-27826400686.255787,11859.916060997824,92872652571.58344,425839115504.2466,145.47762178090477,69250774371.42781,-27820445018.00491,11676.552875599908
1255,0.00094125,68939842150.38463,-28404000709.845345,11722.085693124016,96499497114.04768,425343078851.892,145.86717385801055,68946716075.05783,-28397340269.18936,11531.055403982658
1256,0.0009419999999999999,68634544782.13335,-28968949064.091286,11558.570641402479,100193109044.9703,424841063566.90234,146.2621926172316,68641039604.95547,-28963559528.49206,11385.493915982805
1257,0.0009427499999999999,68327656951.32196,-29523914438.734962,11411.93231960727,103938459826.80115,424337833683.88904,146.66102631581168,68333938469.07185,-29519203051.391598,11239.869219706707
1258,0.0009434999999999999,68019153740.63493,-30069451054.384197,11278.12698022264,107742812555.46637,423829067986.3647,147.0647566223689,68025780247.51002,-30064222954.86522,11094.182123611698
1259,0.0009442500000000001,67709946622.31977,-30603969853.585163,11131.978684313033,111611912308.57018,423314615713.035,147.4736392177431,67716612928.964294,-30598841114.55523,10948.43343650153
1260,0.0009450000000000001,67399736111.31338,-31128686357.24889,10992.89709573074,115536445093.57271,422798051521.4361,147.8864023904837,67406811438.20851,-31123078351.44051,10802.623967521891
1261,0.0009457500000000001,67088965720.14767,-31643107396.143646,10850.812625769753,119517695184.74403,422277390793.3399,148.30343361715035,67096416933.71119,-31637031980.975014,10656.754526155879
1262,0.0009465,66777740060.82724,-32147497118.35903,10709.514094226808,123551657809.63075,421753940878.2608,148.72431056924597,66785766347.28059,-32140621587.770893,10510.825922219617
1263,0.00094725,66466963864.52093,-32640448944.005783,10552.203066617778,127636556469.74977,421227647547.573,149.1488961015652,66474912226.43705,-32634127762.431072,10364.838965857602
1264,0.000948,66156014843.288475,-33123754898.93913,10406.613354241936,131760307379.96252,420701450711.3295,149.57601063439762,66164065734.95794,-33117453510.056477,10218.794467538246
1265,0.0009487499999999999,65845526959.37101,-33596567929.878746,10256.037862671705,135928491447.4562,420171959384.14514,150.00651804930246,65853512442.57681,-33590760407.02154,10072.69323804959
1266,0.0009494999999999999,65535138019.3927,-34060047137.777763,10115.211303020278,140136341044.51498,419641502830.69073,150.43969392181614,65543345280.70964,-34054096868.23998,9926.536088494451
1267,0.0009502499999999999,65225230434.83169,-34513839102.57368,9974.007101030023,144388070430.831,419108301340.9662,150.87594783272516,65233735743.360794,-34507541256.65565,9780.32383028616
1268,0.000951,64916808509.52518,-34956454436.6527,9815.048237212453,148680928061.22144,418573764076.9889,151.31482484187413,64924843420.68531,-34951202229.22671,9634.057275143983
1269,0.00095175,64607848704.09152,-35392090360.38725,9694.142865848775,152999452308.29416,418041424146.72504,151.75485071375292,64616903730.668655,-35385188890.81737,9487.737235088629
1270,0.0009525,64300486609.800964,-35817103257.202095,9548.858304520852,157368181424.1174,417502375048.13403,152.19889623346452,64310113426.92117,-35809474736.73977,9341.364522437705
1271,0.00095325,63995023752.558105,-36231384504.231636,9390.19335241959,161767238512.30212,416966000004.7486,152.64418156904372,64004598212.9363,-36224149787.65669,9194.939949801324
1272,0.000954,63690742180.968636,-36636612396.485146,9243.328325784303,166182689839.5809,416432523722.0086,153.08985547206854,63700458157.43137,-36629306144.64479,9048.464330077397
1273,0.00095475,63388609438.83883,-37031439914.252884,9085.63049802728,170621326816.70203,415897765511.20465,153.5371608470944,63397908924.04829,-37025138435.63079,8901.938476447338
1274,0.0009555,63087923383.75836,-37417448074.409874,8939.865049204413,175073423192.9273,415365648400.5339,153.98483291438265,63097141964.02731,-37411637276.92464,8755.363202371336
1275,0.00095625,62788311856.596924,-37795561016.780525,8809.218703115057,179546026985.41333,414832890192.42175,154.43366979189807,62798201502.30897,-37788867873.19472,8608.739321584053
1276,0.0009570000000000001,62492190092.88818,-38162049172.41675,8642.015878147211,184048987553.1923,414298147164.5436,154.88433717719525,62501250675.72314,-38157004073.68512,8462.067648089913
1277,0.00095775,62196969419.376045,-38521551917.87875,8509.88507283288,188548591753.8121,413771550360.5634,155.33316990907082,62206509848.98522,-38516058084.07124,8315.3489961587
1278,0.0009585,61904316660.8696,-38871597294.15709,8364.804718209078,193069939787.62238,413240967718.04425,155.78369945019165,61914035149.91967,-38866144256.47059,8168.584180321003
1279,0.00095925,61613368695.32986,-39213867937.98645,8232.086099880851,197600336343.53842,412713889695.36395,156.2339763295236,61623918974.11575,-39207291179.88244,8021.7740153637005
1280,0.00096,61325528717.86889,-39546408856.37146,8081.6475062107875,202146472511.41577,412186700577.1914,156.68479956499115,61336419330.14144,-39539560905.81831,7874.919316325401
1281,0.00096075,61040404344.16514,-39870143034.113434,7932.535427874608,206689335445.67148,411665065783.2397,157.13420901045998,61051430441.8301,-39863226313.209145,7728.02089849201
1282,0.0009614999999999999,60758613580.507225,-40184400944.14044,7775.235111469541,211226309015.01337,411146472931.1166,157.58254902292538,60769304083.46726,-40178202636.26592,7581.079577392143
1283,0.0009622499999999999,60479237719.154335,-40490857279.96843,7632.508811669131,215747721573.2561,410632942198.8682,158.02902722005885,60490155478.57328,-40484635591.98378,7434.096168792516
1284,0.0009629999999999999,60202502571.439125,-40789397926.988365,7494.387915044519,220264892571.184,410120257148.8144,158.47490586052896,60213934131.15049,-40782539287.69312,7287.071488693612
1285,0.0009637500000000001,59929021602.623055,-41079347696.32648,7349.601950579085,224780056437.28296,409609815487.7837,158.91992021858056,59940866194.64666,-41072137035.54003,7140.006353324953
1286,0.0009645000000000001,59659182215.5889,-41360392518.92948,7196.963361711484,229282835103.0074,409104468215.17114,159.3628749634387,59670991917.87122,-41353400419.55808,6992.9015791406855
1287,0.0009652500000000001,59392809612.94249,-41633037260.92704,7045.485606422787,233760990258.2635,408605252937.6486,159.80299855294663,59404482683.91873,-41626393586.687416,6845.757982815014
1288,0.000966,59129960680.66538,-41897431342.97118,6895.306249130894,238212153117.0735,408110677866.3225,160.24055152197502,59141432341.93378,-41891218816.986626,6698.576381237674
1289,0.0009667499999999999,58870567903.06792,-42153890723.28757,6748.483603620532,242635183774.71573,407620790217.68384,160.67546600434147,58881985062.75659,-42147961951.49071,6551.3575915093315
1290,0.0009674999999999999,58613876982.352554,-42403670350.091675,6617.190036802019,247030760341.7153,407135342935.69226,161.1077149979327,58626048782.38678,-42396776774.9654,6404.102430937281
1291,0.0009682499999999999,58361956545.9312,-42644087062.91995,6460.598414701333,251411679003.45703,406651296070.0128,161.53840352534257,58373899609.66861,-42637704994.0715,6256.811717030563
1292,0.0009689999999999999,58112662405.16666,-42878310187.46641,6328.5520849774375,255747426577.0029,406178037950.1288,161.96418899455324,58125542759.18658,-42870796102.03024,6109.486267495656
1293,0.0009697500000000001,57868962578.639244,-43102476280.703674,6161.3562694834145,260058599735.85974,405705349501.3335,162.3880267469527,57881165453.770424,-43096055831.66365,5962.126900231853
1294,0.0009705,57628532345.30664,-43319952225.500374,6016.372344874383,264304967223.97427,405246308420.95526,162.8056061275403,57640751622.870804,-43313741894.761314,5814.734433326825
1295,0.00097125,57391918887.33167,-43530162307.16573,5874.344869887757,268506055293.53217,404789701759.86755,163.21992022730683,57404388209.062874,-43523856632.47961,5667.309685051919
1296,0.000972,57160027603.533295,-43732084183.8642,5720.564213892205,272664390761.7256,404338166997.4563,163.63068225315146,57172113425.31171,-43726388704.00191,5519.853473857726
1297,0.00097275,56931751658.857445,-43927350433.187454,5579.783709671042,276763226726.7733,403896294498.3804,164.03594451234522,56944067661.85235,-43921460935.00298,5372.366618369507
1298,0.0009735,56707958117.25725,-44114983532.96609,5432.680235941718,280812600952.68524,403458614387.1997,164.4372232889618,56720323198.44494,-44109212876.51472,5224.849937382593
1299,0.00097425,56487964692.75385,-44296023451.79213,5294.187112953424,284802260954.1139,403029140633.07025,164.8333237837172,56500901502.91606,-44289569294.59486,5077.304249858067
1300,0.000975,56272646646.770546,-44469493475.58391,5147.23936341669,288737753360.6921,402604893743.9854,165.22500186780528,56285917212.78341,-44462774404.21896,4929.730374917872
1301,0.00097575,56062465138.59448,-44634969946.408745,4990.128117914766,292605569808.8006,402189865729.4441,165.61086159793678,56075416147.24647,-44628781213.38151,4782.129131840499
1302,0.0009765,55856592530.70325,-44793651431.78089,4841.716467614831,296389153745.95685,401785702480.4254,165.98977274578658,55869532676.81213,-44787704819.29402,4634.501340056375
1303,0.00097725,55655636152.2966,-44944912660.05465,4689.1200208901055,300095764864.94025,401387933062.06903,166.36304071094813,55668137768.00566,-44939659725.74407,4486.847819143288
1304,0.0009780000000000001,55458189155.83383,-45090630840.02311,4556.571043039428,303718875999.4,400999455375.3989,166.7297782912218,55471434511.82247,-45084533116.975,4339.16938882195
1305,0.00097875,55265399522.64068,-45229494697.93409,4417.140243115108,307279961283.25684,400614207929.72314,167.092023240669,55279413595.95181,-45222564686.512695,4191.466868951278
1306,0.0009795,55078063412.00496,-45360658117.07143,4263.1702080868145,310767659647.77765,400238204978.8233,167.44798311690676,55092109483.30194,-45353678134.51577,4043.7410795238957
1307,0.00098025,54896109270.45563,-45484344089.75558,4103.931530511513,314157835838.2343,399874987753.72473,167.79572106699038,54909652562.770645,-45478077028.95087,3895.99284066178
1308,0.0009809999999999999,54718816847.97134,-45601545114.72695,3953.4946009332816,317439062582.49036,399523009062.61633,168.1351956191715,54732011994.9724,-45595747924.06318,3748.2229726113724
1309,0.00098175,54545670166.22204,-45712980994.65006,3815.568183024041,320620910211.9182,399178379286.4899,168.46777497111734,54559250638.2539,-45706788207.2798,3600.4322957392465
1310,0.0009825,54376844059.94775,-45818530801.33519,3681.7033070984257,323718926245.7401,398839365372.63605,168.79441793240207,54391467050.78144,-45811263678.92117,3452.6216305274997
1311,0.00098325,54214796125.47452,-45915373427.62576,3514.2974634508514,326735870512.39935,398507835133.9093,169.11463419408847,54228583913.392395,-45909120415.754234,3304.7917975691985
1312,0.000984,54056923738.917534,-46006705249.161156,3369.019533180622,329622939914.7283,398195170993.97424,169.42376419961718,54070686906.7544,-46000456581.24767,3156.9436175637934
1313,0.00098475,53904329721.45358,-46091306050.79854,3218.996141950317,332403112633.96014,397887752201.88293,169.72575704896903,53917821718.44508,-46085407641.4569,3009.0779113126746
1314,0.0009855,53757094066.74875,-46169172278.47137,3065.9030461681104,335071032195.45496,397590790512.11096,170.0195885308933,53770048718.1291,-46163943272.810265,2861.195499714448
1315,0.00098625,53614352317.612755,-46241393491.460106,2924.2009551258157,337620151528.09375,397305278297.7552,170.30444769095573,53627351109.01661,-46236204652.702415,2713.297203760464
1316,0.000987,53476220555.66662,-46307901819.44793,2786.786837479695,340062974101.9144,397027001573.4652,170.58171392738504,53489656213.42166,-46302188186.273926,2565.3838445303095
1317,0.00098775,53343390655.52058,-46367965127.98404,2641.838119233111,342403300915.41095,396757040235.262,170.85133874567154,53357222525.06991,-46361858824.42931,2417.4562431872014
1318,0.0009885,53215700220.997,-46421841036.798515,2495.7730400631435,344627110633.657,396499129519.6273,171.11181108511371,53229886161.5086,-46415344487.24886,2269.515220973364
1319,0.0009892500000000001,53093161479.32546,-46469579281.66492,2349.233931641301,346728326770.8977,396252136952.0924,171.3631134169311,53107671983.21618,-46462651470.64118,2121.561599205562
1320,0.00099,52976547389.676056,-46510357700.426834,2191.6334828769754,348703880052.376,396015752815.4326,171.60530487092055,52990726308.38918,-46503869194.71237,1973.5961992705038
1321,0.00099075,52863724036.52448,-46546666281.09401,2059.1780981524453,350537145761.1305,395793464595.191,171.83691230382203,52878954691.9929,-46539025774.64314,1825.619842620289
1322,0.0009915,52757188918.80323,-46575708733.44204,1903.8415234227432,352261341983.3355,395575031831.3484,172.0615016225026,52772422074.98793,-46568062626.08859,1677.6333507678169
1323,0.00099225,52656698570.484886,-46597818927.2969,1740.6765504657692,353845663392.4831,395372984854.4214,172.27507216679305,52671136620.52348,-46591096576.91123,1529.637545282308
1324,0.000993,52561167118.12725,-46614271394.37592,1589.127542843954,355274829824.7148,395185709656.27344,172.47700386898373,52575104382.93369,-46608167787.53252,1381.6332477846913
1325,0.0009937499999999998,52471074814.199196,-46624560573.476006,1436.6595550091251,356564454780.6992,395006933999.3594,172.66953307895974,52484251117.436165,-46619316320.618065,1233.6212799429547
1326,0.0009945,52385208222.487495,-46630085862.25382,1300.9739814878462,357715091350.3998,394839428074.50073,172.85211089849122,52398659468.66535,-46624537122.18501,1085.6024634677815
1327,0.00099525,52304482057.91907,-46629844619.53937,1160.7878678998404,358749275669.27814,394678204238.8269,173.0265320324419,52318312796.69155,-46623876203.43839,937.5776201077929
1328,0.0009960000000000001,52228458065.5073,-46624354685.28053,1024.5336641789895,359659299812.5394,394528407886.55286,173.19130991913138,52243307958.00305,-46617334625.22891,789.5475716450964
1329,0.00099675,52158962926.36725,-46611592343.38441,864.3915434606458,360446181245.46063,394388272607.1441,173.3467649565922,52173548231.96708,-46604984373.0085,641.5131398906972
1330,0.0009975000000000001,52095104641.96905,-46592579198.92418,704.7383628430099,361073355870.0943,394266084155.7417,173.48967981214687,52109040230.68082,-46586813475.016174,493.47514667993454
1331,0.00099825,52035532956.364685,-46568838941.79914,564.3172528827172,361539004714.1678,394156418728.6582,173.6211835720757,52049596257.2158,-46562838794.08327,345.4344138678916
1332,0.0009989999999999999,51981091118.28586,-46539438109.74627,421.58617346694547,361873259588.2749,394052407391.4089,173.7442669574448,51995405200.66099,-46533066471.68015,197.3917633249169
1333,0.00099975,51932067336.106316,-46504062139.00467,273.46953998197387,362076211206.61456,393959374134.2439,173.85762226114022,51946441441.67096,-46497640075.157074,49.348016932005606
1334,0.0010004999999999999,51887517742.22067,-46463768107.71385,135.8026353027544,362138636541.1775,393879276412.70355,173.9600788263436,51902729424.32916,-46456391050.570015,-98.6960034238193
1335,0.00100125,51849112040.47879,-46416691502.60379,-20.37862098216564,362073365071.9373,393807245028.2896,174.05328775714756,51864153048.18708,-46409454005.95578,-246.73947585401385
1336,0.001002,51816087218.9247,-46363679286.06341,-175.39708014177032,361854312215.6915,393751328170.2401,174.13450743807144,51830749526.73843,-46356840731.30611,-394.7815784729923
1337,0.00100275,51788749204.0113,-46304380305.190895,-334.4317834096499,361481717266.0636,393707324017.4576,174.20455699427103,51802555681.74857,-46298475738.15928,-542.8214894028572
1338,0.0010035,51766067528.84413,-46239932716.09898,-481.19614683000407,360952486230.1217,393676084649.84973,174.2632674244011,51779498538.38776,-46234498326.2153,-690.8583867778508
1339,0.00100425,51747734260.037445,-46170666284.85656,-617.645257000176,360286586457.56915,393652859021.53357,174.31242862502398,51761533630.09895,-46164805714.13376,-838.8914487489457
1340,0.001005,51734371213.82906,-46095867275.50686,-757.9910903699704,359501279123.2411,393637002580.8862,174.35284128280765,51748687189.843796,-46089427957.25469,-986.9198534884626
1341,0.00100575,51726646281.863525,-46014763052.31895,-910.1820839226203,358590907885.0182,393632492124.87427,174.3832118591023,51740802522.676186,-46008393038.61092,-1134.942779194411
1342,0.0010065,51724473513.5329,-45927419433.91295,-1067.5931843789713,357536511029.00653,393642415021.1089,174.40198219106813,51738038614.525,-45921664390.67538,-1282.9594040953841
1343,0.00100725,51726632360.134254,-45835176495.67753,-1210.663783511466,356330058563.6932,393665389740.0019,174.4092505820387,51740267961.56164,-45829262860.71241,-1430.968906454901
1344,0.001008,51733653283.71793,-45737404949.94049,-1354.4372824855407,354994250017.9052,393695154707.9737,174.40752963460562,51747499791.50623,-45731223403.57898,-1578.9704645760207
1345,0.00100875,51745770794.536316,-45633801398.98756,-1502.3960014030865,353532360309.9756,393735057051.25555,174.39620038111175,51759690951.97931,-45627496542.37434,-1726.9632568059353
1346,0.0010095,51763079945.16088,-45524213796.83553,-1654.3641912720932,351939632692.36566,393786774106.7445,174.37442294470384,51776827869.42658,-45518136324.102356,-1874.9464615404179
1347,0.00101025,51785497749.423805,-45408686991.782875,-1807.7312370434788,350211224760.26337,393850400252.8331,174.3419481315986,51798831189.34124,-45403087135.48555,-2022.919257228551
1348,0.001011,51811791440.57715,-45288575029.54138,-1944.5518145227882,348347194994.5498,393925145112.5428,174.2990261691399,51825628152.160034,-45282277035.44006,-2170.8808223771775
1349,0.00101175,51843358873.204285,-45162234072.48273,-2093.7240398146364,346373088049.75073,394005266159.05273,174.24805341064453,51857235695.27365,-45155808850.04766,-2318.830335555543
1350,0.0010125,51879951977.74932,-45029885096.8546,-2246.2338134833963,344275387008.4023,394098247576.37897,174.18676500385683,51893602709.68698,-45023663153.33234,-2466.7669753996365
1351,0.0010132499999999998,51920738041.62421,-44892423015.65868,-2388.9546680703743,342049700461.28357,394202825459.2967,174.11503327887985,51934614949.33344,-44885826416.280464,-2614.6899206170797
1352,0.001014,51966612430.30491,-44748752563.094124,-2540.4282156430763,339711495089.00195,394314520190.16925,174.03466833149682,51980309800.28962,-44742258928.40599,-2762.5983499914673
1353,0.00101475,52016252058.078804,-44600336340.74256,-2677.6467177618965,337252788423.5348,394437993125.8071,173.94435120201877,52030647970.964615,-44592909069.19451,-2910.4914423869823
1354,0.0010155000000000001,52071614977.98919,-44444827560.57615,-2837.1446812261283,334694314822.6667,394567171536.2139,173.84617151047485,52085519192.49442,-44437799205.11137,-3058.368376752978
1355,0.00101625,52131184270.22825,-44283908907.29525,-2986.4131026202367,332010087593.8993,394711545231.5012,173.73698022239282,52144968251.457695,-44276917012.854095,-3206.2283321284317
1356,0.0010170000000000001,52195339857.31056,-44117056620.40263,-3136.892067714001,329214837648.6998,394863416886.532,173.61895682867626,52208859957.55164,-44110270144.6188,-3354.0704876466625
1357,0.00101775,52264272807.179886,-43943956360.07105,-3291.694992659255,326312117768.86816,395024423528.41473,173.49211369622694,52277154885.2968,-43937860431.43512,-3501.89402253981
1358,0.0010184999999999999,52337163892.96938,-43765487386.5808,-3437.3158217652826,323300141292.43665,395195893945.6356,173.35592721700442,52349754037.400276,-43759567874.27878,-3649.698116143332
1359,0.00101925,52414874185.76072,-43580532682.86077,-3592.101167029761,320193941214.0839,395373928070.5495,173.21185501184118,52426727620.25724,-43575409103.23217,-3797.4819479006183
1360,0.0010199999999999999,52496348675.35296,-43390254412.48191,-3736.5646841378475,316985764923.70795,395562888330.28625,173.05863172479982,52507920976.47216,-43385431684.16539,-3945.2446973676
1361,0.00102075,52580656895.8824,-43195690431.26373,-3862.479675745249,313690926755.96893,395757870589.21765,172.897913017902,52593353475.03771,-43189507953.12103,-4092.9855442172247
1362,0.0010215,52669769552.99741,-42994363049.48044,-4009.9205134486424,310335691354.23315,395955087113.9337,172.73181780686434,52682761597.41433,-42987692269.85631,-4240.703668244033
1363,0.00102225,52763084689.689896,-42786883998.89205,-4160.164695625454,306895221783.03326,396164937494.6649,172.55691864929256,52776192891.82344,-42779870533.525894,-4388.3982493687145
1364,0.001023,52860887418.436966,-42572782811.51483,-4317.355438708277,303365745063.91266,396384005696.24963,172.37367054157602,52873605772.08529,-42566083318.87439,-4536.068467642689
1365,0.00102375,52962874862.77108,-42352304289.16552,-4474.57242274017,299742944957.5764,396612655416.4505,172.1820981277872,52974961726.912796,-42346251409.09827,-4683.713503252549
1366,0.0010245,53068670809.4579,-42125789771.72029,-4627.126027233319,296032575244.6505,396849255235.2251,171.98282968925906,53080145670.62041,-42120452419.50341,-4831.332536524801
1367,0.00102525,53177134399.687904,-41894554849.1941,-4760.501424665984,292246509918.4408,397092186775.536,171.77668538499663,53189015953.46106,-41888604733.50555,-4978.924747930225
1368,0.001026,53289879683.79281,-41656447726.04028,-4910.785830282758,288412139138.1079,397336878706.5681,171.56579499177136,53301506686.89324,-41650546762.286385,-5126.4893180885065
1369,0.0010267499999999999,53405667503.67066,-41412903316.80084,-5051.210447381898,284512888158.8759,397591894013.1203,171.3474758076995,53417590733.0227,-41406432906.89134,-5274.025427772842
1370,0.0010275,53525613564.899284,-41162357364.06096,-5205.792229422358,280560440750.94635,397851341018.5026,171.1234258551659,53537189161.454544,-41156146728.77932,-5421.5322579143985
1371,0.00102825,53648691429.96687,-40905982234.73315,-5352.398189080534,276541910838.4374,398120192232.74164,170.892253657363,53660292988.690674,-40899626401.45385,-5569.008989606899
1372,0.001029,53775124189.8486,-40643346977.59828,-5499.947577764051,272469338526.21304,398393559927.1933,170.655546365134,53786688755.76331,-40636914040.052505,-5716.45480411116
1373,0.00102975,53904669872.74831,-40374619431.14856,-5645.436515311336,268346520086.7525,398672657651.9828,170.41333102192078,53916312535.01921,-40367935813.102165,-5863.868882859666
1374,0.0010305,54037768609.79659,-40099057749.62846,-5798.641362829975,264179502867.54773,398956821077.5756,170.1659375541893,54049049836.5222,-40092652551.740875,-6011.2504074610315
1375,0.00103125,54173607484.25382,-39817583344.332985,-5943.793967913383,259963609285.09363,399248202986.37585,169.91267877915516,54184831629.06568,-39811056881.87435,-6158.598559704603
1376,0.001032,54312384464.41181,-39529773067.846825,-6089.721766210024,255710855317.99277,399542994875.5581,169.65494184757938,54323653052.56007,-39523093633.42169,-6305.912521565052
1377,0.0010327499999999998,54454913130.97126,-39234334120.99642,-6251.508282143036,251424457631.51053,399842472664.1241,169.39269570659312,54465345615.30011,-39228688442.533356,-6453.191475206864
1378,0.0010335,54599225656.408165,-38933792279.31254,-6389.491487063446,247091496032.49277,400150544815.8995,169.12443799994685,54609763325.32928,-38927912963.67647,-6600.434602988794
1379,0.00103425,54746411692.18785,-38626478819.36453,-6535.796746921851,242739791113.8363,400457915978.8502,168.85349239311424,54756820343.39559,-38620597016.37301,-6747.641087468571
1380,0.0010350000000000001,54896060269.54943,-38312781831.37703,-6680.957073917228,238365399805.21124,400770420251.73505,168.57858394269022,54906452762.0369,-38306801480.59727,-6894.810111407332
1381,0.00103575,55047587792.59602,-37993355150.3137,-6817.056468123892,233971469773.1621,401086691875.06934,168.29997983688668,55058540620.83398,-37986374279.36296,-7041.940857774178
1382,0.0010365,55201952090.23973,-37666638508.36684,-6967.3544579961135,229569252402.88467,401404151707.86127,168.01889688804533,55212982191.233894,-37659241029.39922,-7189.032509750715
1383,0.00103725,55359097385.13901,-37332485144.21235,-7125.912326268859,225147784418.27466,401727598528.62646,167.73387833884576,55369646752.55291,-37325501772.78754,-7336.084250735639
1384,0.0010379999999999999,55518467073.41142,-36991486577.73811,-7280.758728164076,220702236474.68692,402056427697.5104,167.4448026347592,55528483459.877754,-36985128732.924286,-7483.095264349061
1385,0.00103875,55679735761.65451,-36643915329.17567,-7429.939270129403,216240970099.67722,402387658602.8982,167.15283713354654,55689322227.03549,-36638047877.37051,-7630.06473443735
1386,0.0010394999999999998,55842695090.00574,-36289877913.51039,-7574.5513081629115,211774446415.90436,402720251071.63544,166.858745088386,55852014283.213326,-36284221946.39187,-7776.991845077495
1387,0.0010402500000000002,56007664023.97043,-35928668900.51071,-7725.01886185461,207310591152.49954,403054057583.75885,166.56286705184777,56016530689.020706,-35923525737.13239,-7923.875780581554
1388,0.001041,56173551537.65828,-35561751868.673706,-7860.093113263214,202846795742.7351,403391014219.67126,166.26464135675,56182611140.88463,-35556081439.21842,-8070.715725501373
1389,0.0010417500000000001,56340942525.87424,-35188011299.81723,-8000.7433766196355,198398329355.4117,403726479507.3437,165.96585275928877,56350249323.75447,-35181721061.22517,-8217.510864632983
1390,0.0010425,56510389903.39546,-34806314896.07665,-8157.336647559511,193962339160.5309,404063781315.88184,165.665815712525,56519356819.34157,-34800467684.73783,-8364.260383021165
1391,0.00104325,56681121436.8531,-34417625996.75754,-8309.52825470068,189527235467.3139,404405513156.5072,165.3634072866247,56689646769.67099,-34412195899.44247,-8510.963465964021
1392,0.001044,56852990981.966835,-34021930454.179302,-8459.261494501894,185099996102.2387,404747692634.028,165.05992603523444,56861135016.51287,-34016943431.532505,-8657.619299017286
1393,0.0010447499999999999,57025137247.705666,-33620414236.080494,-8593.06786789595,180687129392.2259,405089919740.01086,164.75591951471102,57033576284.46571,-33614736811.60877,-8804.227067999174
1394,0.0010455,57198096348.61833,-33211953186.986187,-8732.275553025394,176304508035.91663,405429249763.3647,164.4527514107654,57206892039.10596,-33205442082.139088,-8950.785958994677
1395,0.0010462499999999999,57372313826.92711,-32795502545.495396,-8886.200635229452,171949681307.26437,405769032489.7662,164.14960684869902,57380960250.66118,-32789062340.208153,-9097.295158360139
1396,0.001047,57547313025.26561,-32371570524.24698,-9040.667974846321,167612731245.34894,406111342184.1516,163.84555852437828,57555573435.00094,-32365492150.75327,-9243.753852727808
1397,0.00104775,57722594689.03055,-31940742038.80914,-9187.94603782768,163296123361.39108,406453569880.1168,163.54142901513836,57730683299.69744,-31934788386.92294,-9390.161229010231
1398,0.0010485,57897629975.88024,-31503696718.425694,-9323.246321146444,159009073402.33868,406793714780.1325,163.2382521436951,57906069945.97713,-31496897655.740025,-9536.51647440494
1399,0.00104925,58073324399.15591,-31058506213.47674,-9475.405656850087,154763127799.3366,407130398979.5889,162.9369030135707,58081626492.020805,-31051719968.28686,-9682.818776398846
1400,0.00105,58249225570.6366,-30605652634.542953,-9629.497192701028,150548340751.94797,407468342878.8738,162.63587822640505,58257100750.0796,-30599317192.16008,-9829.06732277285
1401,0.00105075,58424518004.46252,-30146353232.52995,-9769.657711605572,146365502801.2176,407805367520.2572,162.3356914688266,58432429217.6175,-30139571342.228786,-9975.261301606102
1402,0.0010515,58600413077.621765,-29677961016.11354,-9934.187676841068,142226852398.76654,408138066854.9226,162.03786788850712,58607439815.35285,-29672572625.992306,-10121.399901280878
1403,0.00105225,58774336271.02588,-29205147033.362396,-10054.670734235588,138119341309.12018,408472356265.47314,161.7405751866823,58781963771.03233,-29198195985.679493,-10267.482310486832
1404,0.0010530000000000001,58948470280.46776,-28723319875.12994,-10208.175355125402,134073267850.39362,408797405957.12885,161.44757923048218,58955843701.78808,-28716417772.936592,-10413.507718225568
1405,0.00105375,59122084712.01769,-28233516288.20297,-10364.824352299976,130069474193.90395,409123827913.7175,161.1559037058404,59128975498.94259,-28227331132.9547,-10559.47531381515
1406,0.0010545,59293917464.55325,-27737992514.824844,-10496.071531151852,126107582278.75368,409448314585.6204,160.8660891073637,59301144069.6712,-27730762447.32903,-10705.384286894607
1407,0.00105525,59465323133.71404,-27233562682.220715,-10652.50382681923,122205352516.07889,409765434338.63727,160.58044719008126,59472126184.8038,-27226805776.14973,-10851.233827428357
1408,0.001056,59635007814.883095,-26722575860.008255,-10793.00827995837,118350306082.63812,410082070563.15686,160.29699924112836,59641862551.30975,-26715364448.112186,-10997.023125710864
1409,0.00105675,59803776890.10125,-26202878867.30445,-10950.998615163242,114553369726.31804,410392839149.5085,160.01734866031094,59810106748.16166,-26196482578.09821,-11142.751372370954
1410,0.0010574999999999998,59970912349.89715,-25675612847.180286,-11103.643596913147,110807329651.81427,410701511420.2267,159.74054028675903,59976630779.378876,-25670130114.4409,-11288.417758376396
1411,0.00105825,60135615169.6652,-25142227837.31645,-11236.620534814629,107117734820.50256,411005234317.3835,159.46745239244476,60141382355.807175,-25136268147.554,-11434.021475038437
1412,0.0010589999999999998,60298518396.39679,-24600859929.46815,-11381.967633011935,103497078787.73491,411301262667.9458,159.1994380113315,60304190446.93952,-24594865783.350063,-11579.561714016214
1413,0.0010597500000000001,60458959932.117355,-24052646847.02718,-11519.757997047633,99940161096.95341,411593345522.95953,158.93550604923863,60464817223.064255,-24045919377.122326,-11725.037667321278
1414,0.0010605,60617709377.55902,-23495213705.788933,-11681.54382253573,96451602891.02959,411879031560.7066,158.6764282353892,60623029103.550644,-23489541011.345158,-11870.448527322065
1415,0.0010612500000000001,60773359961.6274,-22931589361.519024,-11819.278603679619,93021688883.63283,412161749284.51843,158.42116640362138,60778635259.7575,-22925588602.87605,-12015.793486748415
1416,0.001062,60926474667.22712,-22359881572.61879,-11967.668354742853,89664047175.68152,412435716360.1485,158.17169564412043,60931492659.889885,-22354145002.944836,-12161.071738695939
1417,0.00106275,61076460263.74949,-21781145803.620136,-12108.797365297345,86375905568.98293,412704148576.6123,157.92736075447172,61081530597.58334,-21775142906.3693,-12306.282476630702
1418,0.0010635,61223496925.10437,-21194374091.4568,-12258.22145468498,83162036009.06155,412965146542.0134,157.6887768723111,61228299607.149445,-21188587136.167744,-12451.424894393469
1419,0.0010642499999999999,61367053923.1433,-20600500941.762196,-12400.75939754845,80020550189.99725,413219896126.8648,157.45572866871387,61371780358.69159,-20594520628.6222,-12596.498186204402
1420,0.001065,61507105588.06209,-19999060950.421486,-12545.545806077153,76956010936.43762,413466598853.94586,157.22890735552656,61511672005.76049,-19993004793.268703,-12741.501546667321
1421,0.00106575,61643452302.59145,-19390058345.1482,-12691.450024412208,73969184334.72693,413705730406.9343,157.00837656112554,61647844481.23972,-19384003364.382454,-12886.43417077436
1422,0.0010665,61775913387.88307,-18773432335.420326,-12838.724486066656,71061308316.49408,413936984171.2826,156.79433104138593,61780089995.914314,-18767532189.1784,-13031.295253910335
1423,0.00106725,61904229989.58789,-18149368580.381485,-12984.684346489823,68233690397.2209,414160050718.3425,156.58700069309478,61908200973.00675,-18143599339.174877,-13176.083991857218
1424,0.001068,62027946653.198784,-17518757902.8273,-13120.027974167566,65488667844.58171,414374354372.5072,156.3867225379401,62031972382.77305,-17512226804.280994,-13320.799580798635
1425,0.00106875,62147151858.39219,-16880672912.019855,-13261.377976020794,62831375524.73594,414578665594.58344,156.19411877298177,62151209079.51649,-16873456918.730724,-13465.441217324345
1426,0.0010695,62261884605.75691,-16234197567.532356,-13416.328872578046,60261004454.62831,414774063323.2842,156.00901951630587,62265693677.77641,-16227382025.499084,-13610.00809843452
1427,0.00107025,62371681185.97088,-15580206656.868385,-13567.886259067554,57775017705.30926,414961034869.97174,155.83126175742183,62375178811.111275,-15573875027.940685,-13754.499421544495
1428,0.001071,62476202945.237236,-14919228969.667427,-13712.19617235436,55376888965.391464,415137886293.26495,155.66149231851549,62479545635.563995,-14913169604.93403,-13898.914384489062
1429,0.00107175,62575277808.467445,-14251175262.897173,-13854.608960887426,53070957905.6053,415303853158.36926,155.5002153768103,62578541202.30615,-14245190880.623697,-14043.252185526846
1430,0.0010725,62668633543.94533,-13576370495.616867,-13992.918898185348,50859448306.98583,415459009159.302,155.34759979061752,62671833532.28961,-13569983462.76699,-14187.51202334494
1431,0.00107325,62756283050.50427,-12893851710.284906,-14140.861452618492,48744796700.55539,415602878115.623,155.20395409657,62759294532.03271,-12887602471.21459,-14331.693097063224
1432,0.001074,62837762103.79117,-12204787224.413507,-14280.494700584484,46726148364.03,415736015368.30664,155.06923024894056,62840706783.01914,-12198142348.141426,-14475.794606238856
1433,0.00107475,62913149340.49006,-11507764762.55101,-14433.017445501233,44807262628.48204,415856967516.66907,154.94403666251125,62915723958.3253,-11501599787.501741,-14619.815750870708
1434,0.0010755,62981992385.86996,-10803945873.974112,-14578.913133569968,42987328047.39986,415966583250.34326,154.82827399459427,62984351469.19421,-10798120940.24073,-14763.755731403855
1435,0.00107625,63043929249.76574,-10094278768.013607,-14711.677893339098,41270046901.556435,416063485173.1411,154.72249803769097,63046313886.9029,-10087680157.24752,-14907.613748733813
1436,0.0010769999999999998,63099010772.291855,-9377320128.126364,-14855.601831951446,39659819266.875786,416146869909.39923,154.62723049279202,63101283529.0046,-9370431518.10165,-15051.389004211285
1437,0.00107775,63147131477.37116,-8652179497.097715,-15015.622040851124,38156270286.40926,416217617163.0561,154.54235796197267,63148974805.23373,-8646427746.79035,-15195.080699646389
1438,0.0010785,63187760194.23527,-7920836551.050231,-15161.412732937213,36759154282.57383,416275620427.1209,154.46796736987926,63189385504.455376,-7915711901.118117,-15338.688037313163
1439,0.0010792500000000001,63220560268.73554,-7184458755.896706,-15288.31427596162,35473465351.79442,416319119159.8765,154.40481235462005,63222163675.015175,-7178436287.000856,-15482.210219953893
1440,0.00108,63245595308.56838,-6441005557.586412,-15430.711226710455,34303831644.971386,416347534033.85767,154.35338616566483,63247089253.49279,-6434705888.303139,-15625.646450783688
1441,0.0010807500000000001,63262549523.012085,-5691217410.890598,-15572.88033470333,33250005209.821396,416361795786.4371,154.31356143748184,63263890772.05793,-5684467774.9352,-15768.995933494818
1442,0.0010815,63271165529.62067,-4935557296.098228,-15710.791746071605,32314310268.285225,416361005347.7095,154.28574021728735,63272418757.64513,-4928025057.418846,-15912.25787226119
1443,0.0010822499999999999,63271412737.44157,-4171623035.6605988,-15875.206709639056,31499623752.828472,416344575220.6557,154.27033496023023,63272397986.254234,-4165348234.2172356,-16055.431471742568
1444,0.001083,63262756414.56218,-3403174158.28918,-16010.34102804943,30806697732.67851,416312810050.1616,154.2674144133374,63263595573.22053,-3396654745.906895,-16198.515937089305
1445,0.0010837499999999999,63245118171.94332,-2628550407.103631,-16152.14486511527,30240852335.077156,416264076334.5122,154.27769813165477,63245767307.73444,-2621982999.031509,-16341.510473946542
1446,0.0010845,63218257556.468925,-1847879878.228739,-16296.922972615735,29804321490.924202,416198643428.8867,154.30136861066742,63218706718.070625,-1841423361.6335516,-16484.41428845868
1447,0.00108525,63181941224.15467,-1061046562.1319765,-16445.815875708493,29499905276.07251,416116035080.16394,154.33875942371364,63182187236.02292,-1055142080.1725711,-16627.22658727375
1448,0.0010860000000000002,63135914137.09837,-268741989.8908523,-16590.234780899973,29330744285.93247,416015728023.84357,154.39026194614672,63135999448.916275,-263326398.39659214,-16769.946577547915
1449,0.00108675,63079951969.47771,528357067.17526877,-16726.443130275642,29300351609.184845,415897176612.10364,154.45629164477126,63079842890.1708,533964866.1687863,-16912.573466949692
1450,0.0010875,63013851514.3691,1330126396.2429316,-16859.057696621032,29412076903.06067,415759976156.1703,154.53722410131792,63013592532.141556,1336514089.5623949,-17055.10646366455
1451,0.00108825,62937380141.90403,2137472049.668793,-17002.01263300583,29669153858.120068,415603747873.29974,154.6334215798073,62936921347.32145,2144141312.0914202,-17197.544776399245
1452,0.001089,62850280136.281815,2950460621.5855236,-17152.275376400547,30075488330.394012,415427905805.05176,154.74532163677313,62849640046.59845,2956716685.1227927,-17339.88761438602
1453,0.00108975,62752359583.32687,3767707426.384778,-17291.966373417945,30635592975.410427,415231798160.0176,154.87340737419748,62751606272.614716,3774035937.765616,-17482.13418738734
1454,0.0010904999999999999,62643309646.88665,4590668123.40736,-17445.296996679084,31353222252.37894,415015117241.7343,155.01805239844458,62642484104.04332,4596093229.481762,-17624.283705700007
1455,0.00109125,62523054270.04346,5416677041.592143,-17576.475094875947,32233850482.937176,414776937313.1845,155.17984162329773,62522030543.07273,5422645066.475916,-17766.335380159686
1456,0.001092,62391204177.868454,6248022742.539307,-17725.601325536503,33280281796.38778,414517431875.72577,155.35901497152958,62390054588.34093,6253394907.013821,-17908.288422145197
1457,0.00109275,62247653923.13717,7082946941.233506,-17865.07278344494,34499121264.65433,414235207544.93756,155.5563136543649,62246344335.925606,7088211904.054158,-18050.142043582975
1458,0.0010935,62092274484.78135,7920682841.682493,-17993.44175273467,35894631850.32213,413930251390.4687,155.77210026938462,62090707176.151276,7926934111.750189,-18191.895456951326
1459,0.00109425,61924602423.40866,8763215236.391333,-18141.699250431615,37470631457.81969,413602325022.3147,156.00672755196817,61922892519.880005,8769333090.591389,-18333.547875284978
1460,0.001095,61744661032.734505,9608344309.190197,-18276.305382651033,39235824730.69882,413249614514.3505,156.26114414986478,61742645770.09652,9615141098.47579,-18475.098512179247
1461,0.00109575,61552041316.20964,10457308949.387833,-18421.239092777425,41194291043.717766,412872644801.9671,156.53558493342828,61549780484.236916,10464212408.739199,-18616.546581794595
1462,0.0010965,61346636568.284355,11309122674.348501,-18562.161981497302,43354323765.75923,412469864460.71576,156.8308897554183,61344083253.99849,11316205792.414097,-18757.891298860814
1463,0.00109725,61127919211.18598,12165266710.945488,-18720.983946168428,45722143080.53787,412041090708.4147,157.14755778167324,61125361337.73818,12171027095.267546,-18899.131878681546
1464,0.001098,60896285337.59159,13022206433.665997,-18849.99820398677,48309106131.54374,411584292730.7131,157.4867096741699,60893478972.29439,13028307340.880335,-19040.267537138538
1465,0.0010987500000000001,60651069017.17596,13882194465.833136,-18993.876479123057,51116210656.95366,411101533207.4981,157.84810170387362,60648156588.68867,13887941866.034916,-19181.297490696023
1466,0.0010995,60392431154.00242,14743279071.043121,-19124.913543753762,54155197198.13257,410589761761.77167,158.2330655544334,60389166360.56688,14749684743.559416,-19322.220956405075
1467,0.00110025,60119620721.90603,15607601305.969728,-19277.802192357332,57431672680.983116,410049764974.8682,158.641907409021,60116384006.13235,15613151036.123362,-19463.037151907974
1468,0.001101,59833269385.59085,16471516216.538193,-19401.476900420505,60961449034.8352,409478292569.3369,159.0762003622512,59829520100.83348,16478097272.682482,-19603.745295442477
1469,0.0011017499999999999,59532038121.60489,17339182964.09624,-19563.154247362556,64745828391.95036,408878311836.7204,159.53552044430148,59528468992.9342,17344347704.786797,-19744.3446058462
1470,0.0011025,59217008934.44711,18205623408.36261,-19687.691228394433,68807733118.57455,408243671942.72394,160.02239126472608,59213062860.86177,18211561150.012066,-19884.834302561045
1471,0.0011032499999999998,58887214464.69892,19073431694.031685,-19828.3027184296,73146185767.23271,407579400674.1548,160.5359018985743,58883034852.02051,19079479641.71523,-20025.213605637364
1472,0.001104,58542532828.89082,19942028237.552883,-19973.19547631009,77778712219.47896,406880752985.1421,161.07794083829165,58538233519.36163,19947716059.434387,-20165.48173573842
1473,0.00110475,58183191641.42983,20809900968.442467,-20105.70233488611,82720477401.54836,406146968514.4758,161.64966623934637,58178488569.52448,20816046150.208935,-20305.63791414467
1474,0.0011055000000000001,57808748751.61319,21677621725.943436,-20242.583632368027,87980497514.568,405379059132.05914,162.2513718780713,57803642407.77878,21684138564.919243,-20445.68136275808
1475,0.00110625,57418699351.81427,22545758437.370564,-20392.087378481738,93575407274.98347,404574510093.2481,162.88449360146097,57413513966.26014,22551699266.33159,-20585.611304106453
1476,0.001107,57013175108.3506,23413130690.047344,-20537.441989982526,99527340994.80695,403730681330.69476,163.55086220183438,57008048649.755356,23418448557.420242,-20725.42696134778
1477,0.00110775,56592368096.53408,24278580947.84515,-20670.730840936132,105851978395.01329,402848107365.94135,164.2512338366098,56587001197.99116,24283840557.845177,-20865.1275582744
1478,0.0011085,56156106103.6974,25141939274.83907,-20799.9534798643,112561549968.6136,401927154699.14374,164.98616039227718,56150206063.71044,25147778577.506668,-21004.712319317543
1479,0.00110925,55703425279.42267,26004746810.6916,-20949.965858345477,119673498442.72067,400966017457.25165,165.75698758897434,55697617361.82979,26009882029.241837,-21144.180469551487
1480,0.0011099999999999999,55234885997.82078,26865020017.929165,-21090.3113366036,127221337632.02504,399959422031.7143,166.56665517203407,55229067378.60617,26869765397.16031,-21283.53123469792
1481,0.00111075,54751446373.46982,27720259003.885933,-21199.353153850385,135223609831.00475,398909728376.8802,167.4156414123033,54744274612.623795,27727120658.746773,-21422.763841130112
1482,0.0011115,54250654492.54913,28574943793.448727,-21352.22753376083,143685326169.0053,397820454162.07135,168.30329116317372,54243372623.051735,28581488209.204884,-21561.877515877422
1483,0.00111225,53733403781.51967,29426524598.024563,-21500.111103644034,152661066990.02,396678248080.69495,169.23525229056483,53726130622.711754,29432519909.490078,-21700.871486629418
1484,0.001113,53200370340.589645,30273205259.10574,-21627.738330083754,162179106292.80634,395487025466.0412,170.21230709436378,53192405204.55149,30279806011.86475,-21839.744981740238
1485,0.00111375,52650347888.45246,31116673232.2404,-21770.89392228329,172256279401.21674,394249507828.73285,171.23434034517004,52642195450.83843,31123079556.918,-21978.49723023291
1486,0.0011145,52083807272.321846,31955505493.672077,-21908.863187724884,182937374752.04886,392957903317.2055,172.30518783380475,52075348728.92882,31961891816.41233,-22117.127461803422
1487,0.00111525,51500425145.808495,32789721166.605984,-22049.357944978496,194256824067.88882,391613066417.5669,173.42647618432136,51491757362.48533,32795845861.761616,-22255.634906825315
1488,0.001116,50900328353.05252,33618586373.312992,-22186.83850411866,206257606145.92847,390212159862.88385,174.60068788328223,50891456695.488434,33624518709.882145,-22394.018796353743
1489,0.00111675,50283198050.81558,34442088769.59603,-22327.7570062446,218982032214.55765,388754081001.3356,175.82995806354023,50274335135.25619,34447568662.48272,-22532.278362129797
1490,0.0011175,49649939412.17734,35258404661.712364,-22452.078085403322,232482020128.38626,387235388934.1984,177.11732383266516,49640277107.1783,35264494135.626755,-22670.412836584794
1491,0.00111825,48999532336.78674,36068597704.35378,-22586.75213774181,246795272062.49393,385658569236.4894,178.46378254495642,48989179664.61231,36074943332.43714,-22808.421452844446
1492,0.001119,48332116162.33729,36871968993.606606,-22723.121285005967,261989179358.0808,384015912508.5797,179.87387392098375,48321270123.333435,36878507894.22803,-22946.30344473326
1493,0.00111975,47647020088.11361,37668914046.63997,-22871.259726239405,278130975724.7176,382305647001.60925,181.35095066245094,47636317975.68918,37674751715.35478,-23084.058046778733
1494,0.0011205,46944903192.40196,38458057344.80126,-23013.217276234864,295305119538.1264,380522235842.1217,182.8996571087633,46934351846.66753,38463255296.57901,-23221.684494215442
1495,0.0011212499999999999,46226783283.583305,39237736560.56508,-23135.294087455528,313583856178.3882,378666743279.68384,184.5225204909085,46215387766.28516,39243495616.543884,-23359.182022989582
1496,0.001122,45490997515.31971,40009585606.97896,-23274.510097816517,333027183914.8459,376741591922.12024,186.2209234579005,45479456886.345474,40015039461.08985,-23496.549869763014
1497,0.0011227499999999998,44737471345.708374,40773164602.42645,-23423.205345970902,353748813731.2311,374733804846.133,188.0023293384964,44726403340.22499,40777515972.77859,-23633.787271917536
1498,0.0011235000000000001,43967363300.298,41526706348.43658,-23559.04816756271,375870968204.6421,372639209978.9985,189.87273074405942,43956421498.03113,41530508922.03682,-23770.893467559148
1499,0.00112425,43182038103.378555,42268428108.191864,-23668.99576057551,399495826487.7746,370461313036.08856,191.83461767281207,43169588963.59516,42273446088.64651,-23907.86769552227
1500,0.0011250000000000001,42379304549.71448,43000329217.699394,-23798.58348471848,424711220031.20544,368203511301.8334,193.88949095217617,42365712758.58042,43005933056.36194,-24044.709195373896
1501,0.00112575,41559563253.36999,43721544170.213615,-23933.251682596365,451686853215.994,365847685773.73737,196.0477254994453,41545097982.44836,43727533084.38077,-24181.417207417944
1502,0.0011265,40723582044.964645,44430931728.82915,-24060.90691875762,480599613170.17255,363390459352.0058,198.31675088982502,40707801858.19986,44437653345.13389,-24317.990972699426
1503,0.00112725,39870347437.27495,45129066732.39851,-24199.55612978008,511623161596.0396,360832204877.1548,200.70163844675042,39853780327.66897,45135904924.898026,-24454.429733008583
1504,0.0011279999999999999,38999391670.13418,45815900716.41672,-24350.907865168596,544982600151.19196,358161449943.7517,203.21207280887901,38983152861.52491,45821878189.1925,-24590.73273088515
1505,0.00112875,38112869303.51102,46489128345.10204,-24482.55857007471,580941652853.2042,355368739206.1994,205.85893859067,38096153500.2446,46495024143.96715,-24726.899209622632
1506,0.0011294999999999999,37210438525.86683,47148743499.04545,-24609.554109653327,619729971627.9105,352460928458.57513,208.64682340253404,37192693585.85754,47154867624.02811,-24862.92841327242
1507,0.00113025,36292124475.828125,47794394106.70485,-24735.401827809805,661629812179.886,349429014624.3983,211.5852751434354,36273078286.379654,47800937788.16225,-24998.819586647984
1508,0.001131,35357424195.093445,48426113510.58807,-24868.253115143078,706977472089.8529,346263508215.63336,214.6863121199399,35337422206.06989,48432722861.662415,-25134.571975329112
1509,0.00113175,34407957754.28221,49042339296.357925,-24988.036328101956,756185507270.734,342951755175.9765,217.96477224132389,34385920959.17573,49049761785.7222,-25270.184825666092
1510,0.0011325,33441064165.18874,49644645107.44914,-25132.444332122894,809677232860.0161,339494457695.5049,221.43116060183024,33418630483.73843,49651656726.293434,-25405.657384783823
1511,0.00113325,32458660889.70438,50231245736.534004,-25271.117009674355,868045103264.9612,335863910064.27856,225.1078826154616,32435814066.520985,50237794806.98434,-25540.988900586064
1512,0.001134,31460920176.69995,50801681967.114845,-25406.70584520472,931904557211.168,332059401868.16016,229.01067700046576,31437679669.275627,50807780756.840454,-25676.17862175968
1513,0.00113475,30449133898.021866,51354818184.25728,-25529.238410005015,1001964032529.5845,328071053496.4941,233.15769479926095,30424403922.564404,51361153708.865524,-25811.225797778603
1514,0.0011355,29423049717.891163,51890543295.280945,-25649.288834686802,1079011130833.5902,323892999937.2638,237.56719978797602,29396357774.792675,51897294482.82449,-25946.12967890822
1515,0.00113625,28381839299.91637,52409016679.123116,-25778.46708217474,1164005977485.9214,319507176172.1264,242.26428741714304,28353665301.736736,52415835262.55757,-26080.889516209416
1516,0.001137,27326251967.288345,52909453583.998764,-25907.992958377014,1258152666715.4563,314887736962.82996,247.28204187367328,27296583247.860485,52916184116.58148,-26215.504561542748
1517,0.00113775,26256014866.177197,53391649843.67596,-26042.653847926686,1362871327839.536,310018591668.502,252.65403478266222,26225509091.616898,53397954410.60635,-26349.974067572613
1518,0.0011385,25174432015.627155,53853633485.169426,-26152.60059946035,1479891004027.9548,304875488748.94885,258.42008108815855,25140586037.519047,53860649047.53826,-26484.297287771413
1519,0.00113925,24079080489.859272,54296367121.671295,-26272.18422656713,1611133501874.9897,299458273987.5051,264.61317896982297,24042239401.326218,54303856796.751076,-26618.473476423635
1520,0.00114,22970093852.22289,54719432554.05186,-26398.95243279153,1759097221391.6838,293721387854.4377,271.28846346429657,22930714607.494324,54727033417.02121,-26752.50188863003
1521,0.0011407499999999998,21847344362.892357,55122512650.29156,-26533.679663746072,1926909633812.1304,287626373221.3878,278.5114303479396,21806309736.433422,55129715872.68126,-26886.381780311793
1522,0.0011415,20712598544.48044,55504525420.26745,-26661.365222256154,2118501772655.4912,281131527079.806,286.35861985128287,20669491789.51022,55511437492.131096,-27020.112408214667
1523,0.0011422499999999998,19565167643.13633,55865430696.09036,-26792.814395015917,2338702255779.7515,274205899339.41263,294.9117588383371,19520475770.228184,55871695456.90071,-27153.693029912974
1524,0.0011430000000000001,18409713967.258568,56203273092.63559,-26893.386691989457,2593704989173.2188,266792137085.90198,304.2758320569264,18359830178.87592,56210092216.6162,-27287.122903813888
1525,0.00114375,17239721602.505066,56520068751.26099,-27026.005345123303,2891100703972.695,258868304965.5512,314.5565542930619,17187846791.85582,56526149001.90084,-27420.401289161466
1526,0.0011445000000000001,16063053951.410965,56812935158.08326,-27124.75556237317,3241400530265.712,250305210980.12836,325.9298549995139,16005007978.614256,56819519134.41213,-27553.52744604077
1527,0.00114525,14875475841.819527,57083010543.850296,-27234.221573497667,3657885116471.57,241071068042.0761,338.5692082715914,14811659811.413841,57089672469.81645,-27686.50063538204
1528,0.0011459999999999999,13679766447.718876,57329240268.180786,-27334.56176567894,4158783163389.905,231031547250.28818,352.7242917866313,13608309058.82447,57336196053.50055,-27819.320118964566
1529,0.00114675,12473734504.958656,57551939187.07451,-27445.856457436726,4768859776972.448,220069085221.1154,368.70504267245286,12395373430.28967,57558613135.263565,-27951.985159421143
1530,0.0011474999999999999,11259703554.043577,57750250527.53895,-27552.39536456483,5523047576268.94,207996365615.0152,386.9369796245008,11173384778.232294,57756550927.4371,-28084.495020241902
1531,0.00114825,10039784242.74643,57923537297.4036,-27645.645139496926,6471003647522.093,194619257471.67575,407.97587455693974,9942801960.484493,57929641335.52973,-28216.848965778518
1532,0.001149,8813898841.15834,58071680671.17758,-27732.95439970652,7684763157188.708,179706038868.5405,432.5657739495199,8704163289.062485,58077452887.50615,-28349.04626124816
1533,0.0011497500000000002,7584849269.45779,58194102401.041824,-27803.308335603608,9271946576848.822,162943971837.67505,461.7545121969558,7457943183.157359,58199539674.51111,-28481.08617273776
1534,0.0011505,6357176257.95991,58290218410.82941,-27840.725517949653,11396758037656.7,143987108386.11484,497.02180721466743,6204744318.477577,58295587616.85263,-28612.967967207947
1535,0.00115125,5125564039.556204,58360824548.08311,-27884.53537007175,14314364402070.62,122506901881.12906,540.4691179336654,4945101976.129591,58365270450.37725,-28744.690912497175
1536,0.001152,3891907375.9624043,58405619370.442085,-27926.266601814925,18430288836123.26,98194854131.08513,595.1944648814102,3679499004.9912214,58408097526.7639,-28876.254277325817
1537,0.00115275,2665337282.2429767,58423945589.941444,-27927.271238164736,24377623381679.676,71396291597.41492,665.4366609872877,2408564796.499372,58423910070.4025,-29007.65733130003
1538,0.0011535,1444151249.0872478,58416335851.96531,-27907.84429161271,33043646875581.168,44620414122.74621,755.6594941990306,1133010397.7682626,58412207240.95528,-29138.89934491611
1539,0.00115425,225386920.73506865,58382960281.88524,-27880.9759913189,45197867553200.375,25926327534.63574,865.5219223350734,-146602904.86393794,58372662083.10167,-29269.979589564347
1540,0.001155,-1019003019.72791,58323533664.994125,-27940.676699142365,59599370471147.88,34311214829.271236,973.1289784475823,-1429732799.6600752,58305080623.67959,-29400.89733753311
1541,0.00115575,-2340850771.724329,58234832143.0912,-28227.035531371876,69232176857503.1,92741920494.59438,1014.2301227529729,-2715671210.5923324,58209094905.452255,-29531.651862012925
1542,0.0011565,-3766691913.4016786,58110830312.52566,-28774.63808113545,64758961856627.28,186757580636.87808,934.965104517913,-4003751171.5548835,58084380449.56044,-29662.242437100398
1543,0.00115725,-5208892806.919382,57951338560.801926,-29306.33614666541,49407208676362.87,260899236015.3711,795.3276801295524,-5293330885.445097,57930646439.78654,-29792.66833780239
1544,0.001158,-6602433798.291718,57760837606.25243,-29660.299250553395,34068195421283.094,292878829946.90857,683.4234678147224,-6583684460.234933,57747709290.50972,-29922.92884004
1545,0.00115875,-7937485388.924196,57543153843.323204,-29834.470315217834,23164906014512.08,298331581008.1985,616.9547857348379,-7874181967.5109825,57535389022.71942,-30053.02322065249
1546,0.0011595,-9238559233.156723,57298448396.5272,-29912.202983290164,16181225626759.475,294316825536.6297,578.8767811897544,-9163985242.502874,57293391534.41893,-30182.950757401377
1547,0.00116025,-10528287960.771582,57025036450.85131,-29972.00665397714,11760236708667.33,289874887275.4597,551.7696580049125,-10452421140.475836,57021617323.62474,-30312.710728974496
1548,0.001161,-11812262657.41624,56722249681.31556,-30037.85421189549,8894272412782.172,288424872758.3552,525.0933141257061,-11738832218.254736,56719718380.78118,-30442.302414989907
1549,0.00116175,-13086674847.584524,56390813044.46629,-30092.34210945227,6964640907148.026,290239670544.23645,494.7923870150577,-13022384233.82958,56387617936.25443,-30571.725095999944
1550,0.0011625000000000001,-14357122132.347654,56029566372.45026,-30167.535199153852,5609449986536.316,294108024609.9143,461.5204461344177,-14302311943.944853,56025103486.9197,-30700.978053495186
1551,0.00116325,-15624976128.010015,55637822006.745,-30272.394471840333,4618524159291.136,298687792775.08075,428.0974245798211,-15577913505.71466,55632152504.62739,-30830.06056990849
1552,0.001164,-16891724595.712461,55214657034.15405,-30415.45332510495,3869678989894.0107,303101564376.18335,397.2901423776075,-16848373149.644829,55208682520.52894,-30958.971928618874
1553,0.00116475,-18152038132.626038,54761101422.35877,-30557.68893722792,3289755213131.8687,307079243346.02454,370.6350429121754,-18112795111.541603,54754495951.56759,-31087.71141395564
1554,0.0011654999999999999,-19405234644.275417,54277100952.107796,-30698.59222224689,2832724994177.7637,310687129477.5092,348.4141899317716,-19370517791.191147,54269532138.26115,-31216.278311202223
1555,0.00116625,-20653553441.735172,53761519477.21909,-30860.169607673244,2467065990161.7593,314149695454.06696,330.09719963868326,-20620587308.49623,53753721688.559555,-31344.67190660019
1556,0.0011669999999999999,-21893855889.901623,53215046653.099976,-31019.253673932053,2169638719403.1995,317672806264.2632,314.84901581532654,-21862337216.656235,53207208381.97922,-31472.891487353274
1557,0.00116775,-23124514716.826317,52637999743.90507,-31169.529097565784,1923455262813.2432,321310602486.45483,301.9044350067405,-23094850196.424255,52629798601.5838,-31600.936341631255
1558,0.0011685,-24348362104.75207,52028775609.6915,-31343.550861059317,1716142405570.6543,325034417179.21857,290.68525982052887,-24317285675.696705,52021610213.47169,-31728.805758573926
1559,0.0011692500000000002,-25560309725.671024,51389180604.03537,-31498.141877327707,1538616009195.6902,328813864491.8665,280.776215123192,-25528889483.0451,51382641699.0264,-31856.499028295057
1560,0.00117,-26757518641.704185,50720392564.318344,-31620.360895426118,1384659286978.884,332561326482.6291,271.9191808843892,-26728629218.808804,50712971076.15477,-31984.015441886328
1561,0.00117075,-27943759309.162724,50020277783.54594,-31762.03476856792,1249982698980.3982,336216677759.243,263.9421373320039,-27915777957.96625,50012793101.16319,-32111.354291421245
1562,0.0011715,-29117832744.625866,49288985306.404816,-31914.104677387386,1131243438981.7585,339791307186.85486,256.69359395047223,-29089452847.17773,49282035994.28683,-32238.51486995906
1563,0.00117225,-30276461265.528236,48527984463.94165,-32049.224702467618,1025903439232.3595,343275347624.6904,250.05976990665675,-30248829451.201694,48521010274.727264,-32365.4964715488
1564,0.001173,-31421551121.190792,47735782657.17157,-32201.234656070348,932079965307.3916,346642861459.64667,243.9639405437339,-31392975655.45841,47729792123.378716,-32492.298391233067
1565,0.0011737499999999999,-32550186039.15068,46913764855.07549,-32342.92053855727,848152780395.2478,349906413098.1099,238.3338677761793,-32520988155.187523,46908546231.918045,-32618.91992505197
1566,0.0011745,-33660802743.59104,46062678425.28462,-32469.803585902246,772844342372.0165,353052980490.72675,233.1192102396557,-33632105257.338776,46057523143.092804,-32745.3603700471
1567,0.00117525,-34752419872.61728,45182970384.42442,-32585.13470688284,705094327336.1666,356077198433.5446,228.27968599013457,-34725304996.143906,45176985937.39415,-32871.61902426536
1568,0.001176,-35827227000.857285,44272640792.78097,-32729.02912109126,643983189568.6228,358981304181.84094,223.77913293645165,-35799769180.09595,44267221137.13223,-32997.695186762925
1569,0.00117675,-36880506097.90973,43334921726.66825,-32844.119086790255,588623214862.5742,361786755425.36945,219.5769755388478,-36854691337.27441,43328617121.24982,-33123.58815760906
1570,0.0011775,-37914964259.959496,42367280365.09389,-32985.980814879935,538371315106.8955,364472129985.85535,215.6541570626339,-37889169683.61071,42361324339.910034,-33249.297237890125
1571,0.00117825,-38928167370.74472,41371263168.31207,-33124.56936891132,492584852862.4846,367058173404.2874,211.98147797101285,-38902183750.13526,41365768494.79661,-33374.82172971322
1572,0.001179,-39917699652.490425,40348721683.11965,-33239.66580205535,450764229698.28906,369538574515.4308,208.54029611178336,-39892889938.69024,40342366899.13611,-33500.160936210355
1573,0.00117975,-40884824245.32013,39298134015.3904,-33369.85721539779,412521798840.1581,371905410953.2398,205.3178809495842,-40860535578.336525,39291533926.48639,-33625.314161542155
1574,0.0011805,-41828054615.211914,38220485941.06788,-33500.258339492924,377464668003.66736,374173732285.00415,202.29425126688008,-41804239934.40406,38213659565.67071,-33750.280710901694
1575,0.00118125,-42746700214.72978,37116042308.778656,-33633.37484727604,345269213782.4663,376342827746.5099,199.45522416960293,-42723054284.29687,37109211621.381516,-33875.059890518445
1576,0.001182,-43639820296.2584,35985354677.90058,-33766.869893267474,315654549422.6437,378414282031.6017,196.7885461855739,-43616158632.10387,35978702283.776085,-33999.651007662105
1577,0.00118275,-44506196708.02493,34829373926.57234,-33894.43248425721,288380477799.169,380389091485.84894,194.28359445595993,-44482677173.51572,34822638825.77683,-34124.053370646405
1578,0.0011835,-45345238012.92307,33648370072.081673,-34022.56323077965,263244384133.9854,382267058504.7715,191.93147858336462,-45321834378.478424,33641636724.34528,-34248.26628883297
1579,0.00118425,-46157103052.65774,32441545547.017906,-34169.3398683416,240060789954.24432,384051419524.88086,189.72299892893744,-46132742062.65013,32436236723.554096,-34372.28907263523
1580,0.0011849999999999999,-46939220763.25414,31211800109.805584,-34294.76677025175,218648901325.11246,385748621466.4898,187.64802194268688,-46914599378.33489,31207130630.134274,-34496.12103352199
1581,0.00118575,-47690592154.24793,29960240876.90267,-34402.90026743108,198886193593.13712,387350678613.4515,185.70278651300907,-47666573092.83941,29954871359.868755,-34619.76148402162
1582,0.0011864999999999998,-48411436183.90392,28686126576.039127,-34520.8561272588,180659446819.14194,388858578042.4218,183.88213104375265,-48387855325.87222,28680182306.7248,-34743.209737725614
1583,0.0011872500000000002,-49101322298.20751,27389501266.915623,-34652.352512169644,163843747422.47766,390279894435.2459,182.1780566255104,-49077720356.96258,27383666161.094765,-34866.46510929252
1584,0.001188,-49758873712.86782,26072039645.87,-34778.256674180055,148326020569.04663,391617120001.22424,180.58419049078785,-49735330432.05472,26066156581.692802,-34989.52691445162
1585,0.0011887500000000001,-50383343565.402306,24734518691.53329,-34900.90356778728,134021329854.14037,392867280768.8977,179.09719281975865,-50359846529.671234,24728347029.808517,-35112.39447000686
1586,0.0011895,-50974330405.86756,23377051722.283566,-35030.35811225137,120853604814.94897,394031200385.47205,177.71326216446894,-50950744804.880646,23371062351.50991,-35235.06709384061
1587,0.00119025,-51531043373.79615,22000484440.031635,-35162.603375011095,108749312789.24738,395111542401.5008,176.42792804736953,-51507144551.10298,21995211216.53098,-35357.54410491743
1588,0.001191,-52052230552.39316,20606871740.495323,-35280.69172268152,97645727364.28198,396108474278.75946,175.23779311137437,-52028343721.598076,20601421842.133785,-35479.82482328777
1589,0.0011917499999999999,-52537836455.639084,19195637351.809772,-35409.79253555154,87495128484.49341,397019949570.92566,174.1409030690529,-52513721228.577286,19190693030.624733,-35601.90857009192
1590,0.0011925,-52986687434.273796,17768917062.268837,-35528.6900319536,78243283956.81578,397849585343.6561,173.13360568477975,-52962579198.047714,17763909860.74971,-35723.79466756365
1591,0.0011932499999999999,-53398096924.42307,16327933200.643156,-35638.722825461366,69850939379.30399,398595430278.76447,172.21418961270257,-53374227112.81647,16322101696.601435,-35845.482439034036
1592,0.0011940000000000002,-53772247425.112305,14871150282.174252,-35775.1773417938,62282156256.23245,399257637310.47974,171.38082603822448,-53748098865.88078,14865981079.306984,-35966.97120893516
1593,0.00119475,-54107749364.10778,13401926440.784517,-35894.98477394752,55494201485.253075,399839957253.48596,170.63032072594675,-54083526618.45185,13396705930.465714,-36088.26030280394
1594,0.0011955,-54404278091.79907,11920507226.78854,-36015.79542893352,49464196271.462555,400338479170.3361,169.96228519511232,-54379914111.192894,11915302005.043756,-36209.34904728573
1595,0.00119625,-54661089755.35106,10428839912.342428,-36125.66411488061,44167198201.10144,400754238732.9566,169.37527558146473,-54636803144.734825,10422694055.469893,-36330.236770138246
1596,0.001197,-54878214559.35088,8925321109.368187,-36262.665485874764,39584301182.774345,401086451497.4323,168.86840246862113,-54853571886.095406,8919946615.942163,-36450.9228002352
1597,0.00119775,-55054590158.33598,7413686608.000138,-36380.2028478349,35692676691.6668,401337059630.8153,168.43996463713057,-55029781051.1395,7408124280.90628,-36571.40646756994
1598,0.0011985,-55189985671.64109,5893799652.901005,-36503.190510976565,32482812056.90672,401502933175.199,168.09014957079006,-55164964408.653244,5888454147.526351,-36691.68710325936
1599,0.00119925,-55283903907.186264,4367051842.556339,-36625.42472510782,29943504772.41544,401584539765.148,167.8183540944638,-55258660985.20818,4361908612.4293785,-36811.764039547474
1600,0.0012000000000000001,-55335892150.710434,2835153938.4920077,-36740.23197975797,28067840730.7512,401581006919.6274,167.62438792886707,-55310463792.99412,2829712990.7173414,-36931.63660980917
1601,0.00120075,-55345637407.753105,1298768109.3740494,-36857.412064428936,26852294666.958454,401491297296.35876,167.5083563062941,-55319994247.15689,1292986063.9079382,-37051.30414855391
1602,0.0012015,-55312799207.730896,-241628662.4819194,-36984.29398326364,26295569461.04527,401314679049.6604,167.47042414470872,-55286834135.94891,-246941522.14124423,-37170.76599142944
1603,0.00120225,-55237024253.01709,-1783329187.72903,-37097.45287547412,26400111073.814854,401049915619.9839,167.5110621530494,-55210681453.88849,-1789024916.0341773,-37290.02147522538
1604,0.001203,-55118074615.45126,-3325855741.2824287,-37212.8387862465,27171671792.631893,400695600334.00146,167.63099621531848,-55091327614.70645,-3332019555.5004992,-37409.06993787707
1605,0.00120375,-54955679444.24869,-4868367475.283633,-37334.09887779263,28618994430.5088,400250412192.6226,167.83108994302893,-54928508029.696625,-4874575353.801363,-37527.910718469095
1606,0.0012045,-54749617636.43301,-6409400794.849137,-37455.62654724052,30755047946.125618,399712522314.22046,168.1125503296752,-54722060569.66764,-6415493582.129308,-37646.54315723908
1607,0.00120525,-54499673724.10363,-7947919821.940673,-37580.12108970575,33596376627.219265,399080060382.59,168.4768050895198,-54471784941.763214,-7953548048.461526,-37764.96659558122
1608,0.0012059999999999998,-54205784720.48648,-9481965474.85122,-37697.72578367494,37163842617.399055,398350832171.3896,168.92558484037835,-54177568957.336334,-9487334782.889467,-37883.18037605007
1609,0.0012067500000000001,-53867860137.53618,-11010361477.554453,-37813.328025543866,41480775179.472626,397523053087.4106,169.46067139895766,-53839249439.73106,-11015661538.20865,-38001.18384236409
1610,0.0012075,-53485596354.536446,-12532997441.829924,-37942.81447174436,46575376110.530815,396594291937.7964,170.0842416584045,-53456703360.243645,-12537108601.743406,-38118.97633940936
1611,0.0012082500000000001,-53059672048.18576,-14045326011.159946,-38038.96520665039,52484920070.72019,395560601724.7473,170.79931495095803,-53030037074.06295,-14050514058.105349,-38236.55721324317
1612,0.001209,-52589512716.54396,-15548949987.004965,-38154.837511786274,59239385491.206505,394422682280.06854,171.60746729917912,-52559268902.71482,-15554372409.262592,-38353.92581109771
1613,0.0012097499999999999,-52075220821.277176,-17042139027.324373,-38275.74509263541,66888730213.418945,393174034482.8201,172.51283063970706,-52044423445.57845,-17047380065.573423,-38471.08148138357
1614,0.0012105,-51516951113.54893,-18523288228.135838,-38395.96706823407,75486871027.54033,391811296111.12695,173.51921969126064,-51485722869.584366,-18528129695.392277,-38588.02357369347
1615,0.0012112499999999999,-50915185461.47119,-19990120157.4794,-38503.99956020335,85093072670.74385,390331226913.52277,174.63048504520486,-50883185675.193054,-19995339202.5951,-38704.75143880591
1616,0.001212,-50269790416.76641,-21442286391.731606,-38618.555261583475,95769292685.63763,388731437468.24884,175.85036032590708,-50237146900.108665,-21447692266.16172,-38821.264428688584
1617,0.0012127499999999999,-49581071087.208244,-22878207086.151764,-38733.608663180385,107594714811.06958,387005531504.1036,177.18435622616428,-49547682600.051186,-22883670649.086746,-38937.56189650219
1618,0.0012135000000000002,-48849407052.90754,-24296305694.23683,-38846.073579437616,120657339816.58148,385148871121.25183,178.63805840286943,-48815156749.046776,-24301968885.484592,-39053.64319660392
1619,0.00121425,-48075012755.558105,-25695476084.84165,-38960.47763768734,135055624887.24144,383156740187.06,180.2173683049609,-48039896466.00864,-25701282321.147583,-39169.50768455101
1620,0.001215,-47258197491.35345,-27074447199.04851,-39077.101633100516,150904693709.89346,381022675641.0172,181.92929470751204,-47222220065.614365,-27080055484.570454,-39285.15471710441
1621,0.00121575,-46398486183.78798,-28433327516.143536,-39214.81284774543,168336787243.9258,378739929599.1853,183.78165011566088,-46362683762.30517,-28437117566.416283,-39400.5836522323
1622,0.0012165,-45498747666.971275,-29766599772.203434,-39307.79355365953,187518554903.8347,376296829982.94885,185.7849167609912,-45461683936.04435,-29770995615.400463,-39515.79384911358
1623,0.00121725,-44558301975.28793,-31075181515.17175,-39406.88166087794,208588005870.57635,373699168581.65784,187.94370050862577,-44519706829.38364,-31080261491.71309,-39630.784668141605
1624,0.001218,-43576681035.70185,-32359191261.865417,-39529.366628024894,231743494036.8207,370931671335.4011,190.2697697531505,-43537361621.79351,-32363694507.431164,-39745.5554709276
1625,0.00121875,-42556270322.71348,-33614710407.90073,-39628.63087782763,257236534269.44302,367978063230.0834,192.77824663816565,-42515242461.293724,-33619938555.18987,-39860.105620304275
1626,0.0012195,-41495711127.55672,-34843138608.50801,-39753.39617918039,285312555516.0628,364838774135.8124,195.4790089477272,-41453990441.911606,-34847529489.73505,-39974.434480329255
1627,0.00122025,-40397827076.505165,-36040426192.2795,-39853.28614412497,316308097036.35175,361491368414.9384,198.3904893860917,-40354296943.44587,-36045270116.57296,-40088.54141628876
1628,0.001221,-39262309893.30068,-37206665817.37801,-39958.841618500905,350559588633.8229,357935126658.2225,201.52576924564656,-39216965786.392586,-37211815091.55485,-40202.42579470104
1629,0.00122175,-38089773088.20724,-38340737770.90149,-40069.938584113166,388496450025.0957,354150369953.5669,204.90499744806155,-38042726208.325745,-38345864913.52844,-40316.08698331989
1630,0.0012225,-36881226076.50258,-39441159971.97207,-40181.00321155287,430631800463.1217,350119160225.33215,208.5512583500637,-36832491674.24859,-39446166089.89674,-40429.524351138214
1631,0.00122325,-35638724659.73894,-40505607521.8036,-40275.154862110234,477569206204.9264,345825012331.5289,212.48937549745827,-35587150845.157074,-40511403979.974144,-40542.737268391385
1632,0.001224,-34360949944.15855,-41534971465.56531,-40391.95295981828,529998063727.0674,341255885715.9238,216.74435673284663,-34307619173.12019,-41540351875.93649,-40655.72510656096
1633,0.00122475,-33050577024.989838,-42526472853.21989,-40497.51014121531,588822475674.6274,336374405004.7769,221.35431611189452,-32994817921.022083,-42531839181.77384,-40768.487238378024
1634,0.0012254999999999998,-31707687466.38937,-43479729877.09454,-40609.04504976401,655082592091.243,331164531563.58136,226.35515364419905,-31649857382.78571,-43484579210.775,-40881.02303782669
1635,0.0012262500000000001,-30334756411.592525,-44392523013.6737,-40706.31486148442,730082356831.4688,325591735601.4821,231.79282788273397,-30273751933.31964,-44397478256.96368,-40993.33188014763
1636,0.001227,-28931786248.42986,-45264604685.810715,-40808.999855135706,815382643059.0204,319630875459.0598,237.71624532854412,-28867750418.313114,-45269355361.289734,-41105.41314184142
1637,0.0012277500000000001,-27501405763.864613,-46093935379.44294,-40897.9229477294,912976650473.7849,313234971378.5852,244.1894614090827,-27432928625.3462,-46099175225.06297,-41217.266200672144
1638,0.0012285,-26043086376.386337,-46880619794.47992,-40998.08013680629,1025322093031.9899,306367023033.34796,251.2830325725605,-25970438407.069168,-46885741836.94997,-41328.89043567083
1639,0.0012292499999999999,-24560973419.86541,-47621993939.75752,-41074.152547982354,1155632491425.9387,298959926888.74805,259.0907048339961,-24481648678.872345,-47628047174.63439,-41440.28522713874
1640,0.00123,-23053724939.614017,-48318670805.458275,-41163.045056323725,1307923224085.6006,290969403116.2787,267.7131161289757,-22967750176.682335,-48325142093.38732,-41551.449956651
1641,0.0012307499999999999,-21521802151.587227,-48970042732.57367,-41267.418668042534,1487582062009.1267,282299247909.1801,277.28942419392865,-21430130281.62404,-48976043132.62279,-41662.384007059976
1642,0.0012315,-19969027095.139782,-49574005882.89521,-41357.7708573352,1701847649015.9595,272840471717.11685,287.9970771241823,-19870225677.0453,-49579737807.34488,-41773.08676249862
1643,0.00123225,-18396164318.017654,-50130079535.10839,-41445.261507235984,1960355816814.1658,262494385693.93823,300.04482440030574,-18289455133.92647,-50135431052.358894,-41883.55760838404
1644,0.0012330000000000002,-16805220628.041334,-50637294769.54386,-41525.99580951934,2276394942198.935,251113533470.15637,313.7069235744329,-16689140655.879614,-50642202196.30703,-41993.79593142076
1645,0.00123375,-15197881088.045046,-51094918011.07263,-41600.70253223219,2668623849911.532,238516712348.7589,329.3442755001,-15070827981.1248,-51099214763.33899,-42103.80111960418
1646,0.0012345,-13577275979.954187,-51501884014.53072,-41658.968726211744,3163902523993.1064,224470332891.034,347.44357576324563,-13436069169.321653,-51505805157.01202,-42213.57256222402
1647,0.00123525,-11945623393.510544,-51857630408.19416,-41701.86834174727,3801755947108.112,208688889658.84488,368.666893928692,-11786493374.540138,-51861074421.319885,-42323.10964986767
1648,0.001236,-10302230519.865751,-52162363282.766525,-41750.75284557568,4642118800350.04,190796902171.48956,393.94907818866534,-10123611769.44536,-52164439907.04462,-42432.41177442358
1649,0.00123675,-8652871564.401466,-52414826343.93651,-41775.55769496838,5779225721131.63,170276005874.54886,424.6723781626109,-8449020389.633121,-52415266925.82603,-42541.47832908457
1650,0.0012374999999999999,-7001959505.732824,-52614580342.55666,-41767.10967991191,7364699069673.067,146564295834.13712,462.86234520726947,-6764501275.03226,-52613046387.24313,-42650.30870835133
1651,0.00123825,-5354086090.7228565,-52761561154.16298,-41719.239036327024,9648579642149.127,119108348675.62831,511.54370209466407,-5071731324.729911,-52757145079.04446,-42758.90230803572
1652,0.001239,-3714135229.685258,-52856064839.3355,-41626.55719604658,13045193887538.375,87790509180.56621,575.1385921812888,-3372296350.5454974,-52847205251.55341,-42867.25852526408
1653,0.00123975,-2082993113.7116606,-52898999181.64985,-41505.023729738976,18200563171358.24,54449748746.29264,659.1995072546988,-1668018859.3910584,-52882733216.198326,-42975.37675848062
1654,0.0012405,-450536803.44105405,-52891316873.22451,-41411.17241155001,25841412849887.703,27443944043.04458,766.0530093984969,39321931.68449364,-52863482329.607994,-43083.25640745079
1655,0.00124125,1230099038.8164334,-52831987766.16105,-41526.01132349262,35444213009497.0,30971661224.943764,875.6355178840128,1747928776.3553326,-52789027475.875595,-43190.89687326452
1656,0.001242,3056509902.383413,-52712356629.4758,-42165.46081421579,41750106973999.13,99944858361.77246,913.5185283253373,3455931768.441641,-52659196098.78707,-43298.29755833961
1657,0.00124275,5021842548.892464,-52519778070.64147,-43202.73234000854,37421915102519.64,213864656842.5794,817.8978668179429,5161657563.659925,-52473648224.36776,-43405.4578664251
1658,0.0012435,6939797836.199143,-52259879509.9157,-43960.480445391084,26480177489137.574,292924893567.75757,676.2640388217577,6863177711.71419,-52232551383.328224,-43512.37720260444
1659,0.00124425,8736136569.012323,-51945950656.819984,-44255.1711541084,17143755972746.178,318472014731.4652,580.6428837644775,8558605918.414095,-51935670190.312256,-43619.05497329892
1660,0.001245,10445770748.3913,-51583008395.800385,-44253.70483290211,11216133442967.488,317734123830.72034,531.1753187766478,10246025890.344378,-51583011623.385315,-43725.49058627089
1661,0.0012457500000000001,12115907493.245548,-51169116255.33568,-44142.739360520936,7685704356200.0205,311132127563.4127,503.21119133590383,11923801451.25004,-51174636969.30784,-43831.68345062712
1662,0.0012465,13760240831.663446,-50703823043.896576,-43983.893890530526,5549494335114.978,307179980981.68823,479.30316269462264,13589858967.32065,-50710698083.79017,-43937.63297682198
1663,0.00124725,15388978519.008598,-50185513566.4862,-43847.387250419815,4199926885259.0347,307671648698.4312,451.7296617484011,15242215574.406063,-50191496120.13901,-44043.338576660826
1664,0.001248,17003014359.551743,-49613768256.643906,-43758.90764000586,3299079628823.274,311387104049.48566,419.98576626374114,16879065958.938309,-49617198006.682045,-44148.79966330314
1665,0.0012487499999999999,18605350870.04371,-48987039781.563515,-43755.53784310224,2663169967010.773,316309928934.4187,387.3399534155444,18498559426.10708,-48988186322.699265,-44254.015651265894
1666,0.0012495,20191164509.359303,-48306184174.988785,-43803.18990574929,2192882774079.8325,321066053260.62537,357.3321687481804,20098709110.32836,-48304836500.31452,-44358.98595642675
1667,0.0012502499999999998,21758304685.825825,-47571452613.83387,-43889.352320537786,1833733035261.8115,325186598079.1343,331.9038429209728,21677659609.476406,-47567718125.174675,-44463.70999602737
1668,0.001251,23305750596.64987,-46782680330.09468,-44012.666682432755,1553412492794.2012,328836208622.18274,311.2639039272577,23233521902.287785,-46777208317.698135,-44568.187188676486
1669,0.00125175,24831389970.96243,-45940193822.0781,-44161.9865130864,1330602411054.7322,332349374669.18634,294.63864916509453,24764419022.85805,-45933994059.30668,-44672.41695435334
1670,0.0012525000000000001,26330445630.014996,-45045920647.67928,-44302.042193529414,1150225598537.3657,335939604857.8963,281.02078846277925,26268432304.329018,-45038767529.54936,-44776.39871441075
1671,0.00125325,27802937225.354668,-44099459277.81898,-44454.5112027346,1001523254633.872,339634241166.6337,269.5762706861417,27743813438.61957,-44092154648.82939,-44880.1318915784
1672,0.001254,29246098678.22733,-43101945116.07634,-44606.234027119506,876747005659.1642,343390889924.0704,259.71728006578047,29188605816.79168,-43095063002.57865,-44983.615909966036
1673,0.00125475,30655636058.04413,-42055832327.84745,-44729.221691145765,770482477813.2848,347123765499.4448,251.07189682897788,30601013906.98862,-42048468457.32431,-45086.85019506652
1674,0.0012554999999999999,32033279445.117844,-40959629015.1521,-44874.03274218952,679013466546.1475,350750706447.6979,243.40923379856332,31979270451.43867,-40953189250.24979,-45189.83417375932
1675,0.00125625,33374589815.228485,-39816136037.06483,-45001.145335307694,599566468758.0684,354256257642.2766,236.55417944851655,33321517041.808556,-39810349988.2986,-45292.56727431342
1676,0.0012569999999999999,34677385347.879265,-38626895142.07659,-45110.10482162713,530149725196.1795,357607248375.6905,230.38590388592283,34626149063.53134,-38620944539.42804,-45395.04892639064
1677,0.0012577500000000002,35941920486.82977,-37391402219.56121,-45233.78473773246,469228897838.7086,360791819547.41656,224.81048189783434,35891298611.981834,-37386228880.2052,-45497.27856104867
1678,0.0012585,37164265068.07681,-36112880384.40274,-45334.729155507404,415516701867.1284,363820302012.38293,219.74563937937722,37115374416.643,-36107302287.56602,-45599.2556107444
1679,0.00125925,38344520677.68631,-34791007761.21012,-45446.79350315612,368013001846.9113,366679622499.6308,215.13404539426156,38296614168.17795,-34785584574.96215,-45700.979509336954
1680,0.00126,39481207307.50017,-33426844002.146885,-45568.684222877244,325846693881.6635,369379610977.68524,210.9233140749752,39433498559.088684,-33422308507.10459,-45802.44969209086
1681,0.00126075,40571306081.733734,-32023374052.628307,-45672.62620987551,288294803600.7474,371922675710.3058,207.07130872412597,40524529835.43341,-32019011738.772175,-45903.66559567921
1682,0.0012615,41614193110.80986,-30581079820.54755,-45780.803251391066,254788853241.03656,374301757712.1133,203.54768784266602,41568033100.860054,-30577074200.207355,-46004.62665818669
1683,0.00126225,42607938939.94315,-29102060379.570984,-45883.109697199216,224832071543.83517,376524221583.65784,200.32255794883238,42562525045.464485,-29098199673.819687,-46105.33231911284
1684,0.001263,43550937297.642044,-27588249570.03739,-45977.5333089795,198015823234.95734,378590989725.92883,197.37157120588495,43506667201.169266,-27583839226.394974,-46205.7820193751
1685,0.00126375,44442346178.82743,-26040573957.8092,-46077.85476406946,173997640394.6851,380503690461.95184,194.67404084332227,44398994675.54525,-26035652009.237003,-46305.97520131191
1686,0.0012645,45280986719.872925,-24460432402.63567,-46185.44838929367,152477821971.95975,382267702888.97986,192.21055837702852,45238188098.90678,-24455434975.324123,-46405.9113086858
1687,0.00126525,46065383736.64166,-22849848163.002808,-46293.170216540966,133203089187.78993,383885704397.30676,189.964757021928,46022983357.345924,-22844828780.406586,-46505.589786686454
1688,0.001266,46794215614.66908,-21210810552.41452,-46398.49969932961,115964854615.88489,385358050939.5949,187.92346163323487,46752142000.345474,-21205887602.428925,-46605.01008193389
1689,0.00126675,47466581454.48701,-19544601455.443512,-46510.262827267004,100587755001.13718,386685829752.72,186.07522407000454,47424498038.23414,-19540310071.187916,-46704.17164248145
1690,0.0012675,48081036022.26424,-17853829872.218838,-46616.09187862618,86918069093.66405,387871949482.3223,184.40927594981684,48039056243.30624,-17850143416.254837,-46803.073917818845
1691,0.00126825,48636503378.68755,-16140635813.779442,-46716.55434543656,74830475717.06816,388916020594.4356,182.91727766704372,48594683840.24079,-16137389556.36193,-46901.716358875245
1692,0.001269,49132077414.72078,-14406953528.203524,-46815.3288867454,64217319566.42093,389818996867.1166,181.5917920750747,49090347864.219246,-14403983108.59952,-47000.098418022375
1693,0.0012697499999999998,49566642097.39292,-12655706423.758242,-46902.08474169614,54985307909.73249,390582200293.043,180.42612401912606,49525263422.044945,-12652035703.681423,-47098.21954907749
1694,0.0012705000000000001,49939805778.95255,-10887685159.933237,-46999.75142119523,47058311939.74456,391205259988.14935,179.41506370383433,49898555952.67949,-10883744141.394825,-47196.079207306415
1695,0.00127125,50250571782.73607,-9106014366.981953,-47090.342624771714,40366610813.446754,391690406433.0642,178.55324246656662,50209534216.086494,-9101242094.76424,-47293.676849426585
1696,0.0012720000000000001,50498684951.15283,-7310759469.497326,-47204.48482806781,34857850387.58885,392036265599.08704,177.8371453640634,50457449290.48268,-7306705246.635116,-47391.011933610076
1697,0.00127275,50682894918.87061,-5507789769.937238,-47283.700297614894,30485632374.770493,392244019770.9633,177.26312416800434,50641701415.10849,-5502320625.970812,-47488.08391948655
1698,0.0012735,50803277051.40933,-3695677158.811082,-47392.183735163075,27223079865.338276,392310057799.74036,176.82982653969725,50761819499.31746,-3690412171.862833,-47584.892268146374
1699,0.00127425,50859072919.788475,-1878978736.8524933,-47486.348980772505,25043346024.973717,392235963338.4534,176.5348023325028,50817518775.41873,-1873279212.2683828,-47681.43644214339
1700,0.0012749999999999999,50850025448.79277,-59317368.097644195,-47581.868940797074,23933994890.007236,392018983882.7839,176.37738002369144,50808221063.85681,-53184485.44842624,-47777.715905498255
1701,0.00127575,50775836399.58205,1762607014.3953388,-47698.87831476184,23889371317.686142,391657711850.2512,176.3571869601473,50733764451.74364,1767561541.6636667,-47873.730123701
1702,0.0012764999999999999,50636244472.9071,3582120944.2608333,-47797.09297454373,24913776168.328293,391149730063.0985,176.47463554325242,50593829667.92054,3586504951.866019,-47969.478563714394
1703,0.0012772500000000002,50431251501.58898,5396663216.461779,-47883.109570897104,27019644168.609394,390492418908.52826,176.73076866823828,50388464414.55131,5401287523.792234,-48064.960693976565
1704,0.001278,50160774091.97072,7205243295.79382,-47980.653895356656,30226367166.474236,389683482827.7009,177.1269945114145,50117549996.79802,7209540011.491533,-48160.17598440413
1705,0.00127875,49824951059.84621,9004645145.252691,-48073.443853008765,34565190598.69946,388718984414.1455,177.6657981089286,49781268771.68071,9008869932.664186,-48255.12390639518
1706,0.0012795,49423954292.81746,10792600333.723387,-48165.37170747564,40075974990.849464,387595359037.0844,178.35014652973467,49379736033.59344,10796743424.706205,-48349.80393283208
1707,0.00128025,48958044388.79135,12566745617.412289,-48257.265242695255,46809793597.77798,386308217762.7242,179.18379643956234,48913250347.76965,12570870991.013212,-48444.21553808446
1708,0.001281,48427706008.074684,14324205127.32444,-48342.80524723646,54829883344.02967,384852555421.87213,180.17133681213716,48382034663.44788,14328819328.384197,-48538.358198012116
1709,0.00128175,47833318178.16949,16062985175.482727,-48430.14632711556,64210733050.04934,383223485958.59705,181.3179305083569,47786599579.063675,16068110870.141998,-48632.23138996802
1710,0.0012825,47175168038.32075,17781419651.38856,-48527.9722387877,75044039011.11911,381414301955.4006,182.63005150961675,47127469704.66973,17786427785.927353,-48725.834592801
1711,0.00128325,46453826985.02752,19477043602.53862,-48630.360593864956,87442864083.32071,379416564977.1365,184.11572871512845,46405351139.03306,19481385078.57954,-48819.16728685892
1712,0.001284,45670203249.499695,21146877517.92095,-48727.07980996832,101539029575.93951,377222300173.14655,185.78379072390183,45620983640.78111,21150447085.21009,-48912.22895399131
1713,0.00128475,44825722159.557884,22787309167.06672,-48803.39493369987,117482479907.42125,374824066455.6945,187.64366101788687,44775105851.512695,22791406565.61163,-49005.01907755233
1714,0.0012855,43920893192.83329,24397111888.35268,-48883.289191703865,135439975529.37514,372215539341.60583,189.7050984479401,43868674693.20855,24401867323.245594,-49097.53714240376
1715,0.00128625,42955882538.296776,25975459112.311325,-48985.6116225524,155622152727.80316,369383138754.70966,191.98163344331252,42902636691.391,25979557044.853203,-49189.78263491767
1716,0.001287,41933090881.31423,27517641837.65593,-49066.132360210264,178293899537.48215,366309365113.24084,194.49047597023844,41878027876.04239,27522108370.262478,-49281.755042979385
1717,0.00128775,40853156092.14345,29022487811.677307,-49149.299544022884,203735750869.78336,362988427338.0993,197.24608043912386,40796156996.15767,29027367324.682415,-49373.45385599026
1718,0.0012885,39717474282.02024,30487624115.349716,-49231.21834357877,232298255119.77658,359402087926.5405,200.2682321876934,39658229523.56753,30492979322.260464,-49464.87856487064
1719,0.0012892499999999998,38526399710.17274,31912194171.200924,-49331.672048393266,264397861376.86124,355532926346.0668,203.57946822851045,38465578138.902954,31916832528.08303,-49556.02866206249
1720,0.0012900000000000001,37282585839.505615,33292405074.555813,-49418.098374973,300557346924.76154,351354864101.06616,207.20846030178024,37219728814.29632,33296760178.007694,-49646.90364153246
1721,0.00129075,35987467580.178085,34626408530.82186,-49499.4299059779,341372560921.33673,346852869815.6118,211.18307149534925,35922205772.251495,34630663205.19669,-49737.50299877442
1722,0.0012915000000000001,34642487674.66078,35912425004.935814,-49581.146299950815,387573863741.2426,342001335577.518,215.53746001582724,34574561221.03022,35916579770.791176,-49827.826230812454
1723,0.00129225,33249766713.35858,37148108287.31601,-49656.611191947995,440064532956.6105,336768801662.28284,220.3131639240052,33178549978.52487,37152544155.86011,-49917.87283620365
1724,0.0012929999999999999,31811589902.651955,38331215866.09773,-49721.858909696966,499951253257.00836,331123412814.71466,225.55764813350737,31735933131.357555,38336460212.259445,-50007.64231504074
1725,0.00129375,30327869727.835964,39461651072.796814,-49809.22219321786,568603219874.968,325029087722.64124,231.32613182136996,30248580450.461296,39466606339.74489,-50097.13416895501
1726,0.0012944999999999999,28801705835.772087,40536556810.94482,-49892.30381747589,647812927180.5433,318424945856.75543,237.6927926568016,28718528112.076874,40541022370.95351,-50186.34790111899
1727,0.00129525,27236393782.10628,41553371503.70246,-49956.848946477876,739820931463.3322,311262154374.90424,244.739881256492,27147675886.68,41558122970.076904,-50275.283016249334
1728,0.0012959999999999998,25631746105.149338,42512136708.209305,-50038.852795420426,847465940467.2662,303486585256.81854,252.56256520209448,25538183367.753433,42516270246.23412,-50363.93902060937
1729,0.0012967500000000002,23991020452.79649,43410488767.44388,-50117.448544578874,974556887066.7338,295002010444.98926,261.29093133471923,23892246783.718487,43413726471.12223,-50452.31542201202
1730,0.0012975,22317737583.970768,44246286856.786476,-50179.82635069017,1126114142107.4827,285716345281.0689,271.08114217075513,22212058640.264343,44249137453.4702,-50540.41172982242
1731,0.00129825,20614933868.78278,45017990822.649734,-50225.39931457239,1308854648460.3274,275523147000.6079,282.1246429308427,20499969957.81123,45021011297.52714,-50628.22745496076
1732,0.001299,18883365022.289345,45725292130.73656,-50277.32545648155,1531981355509.1968,264283907861.90714,294.6677369220486,18758348608.6721,45727967317.64799,-50715.762109904856
1733,0.00129975,17126976449.868252,46366415421.61637,-50318.49418086078,1808541215461.0361,251798254424.58258,309.04695070308543,16989590808.381536,46368802788.340385,-50803.01520869293
1734,0.0013005,15350345285.797491,46939748814.22717,-50334.49945987463,2157247367830.1394,237837244240.42157,325.7059026499782,15196197106.278214,46942312844.76255,-50889.9862669263
1735,0.0013012499999999999,13552615976.336765,47445823500.020546,-50364.16644770388,2605571092584.1206,222118128493.729,345.2421869786299,13380726984.383627,47447483509.47922,-50976.67480177218
1736,0.001302,11740171949.363865,47882728729.871735,-50371.38167316096,3195597277396.5903,204211150992.9796,368.52812430413445,11545793916.190472,47883368923.78925,-51063.080331966106
1737,0.00130275,9916133858.63364,48250049968.72129,-50360.777095324884,3993129868400.2456,183623656769.17444,396.80716775145197,9693984662.594603,48249023833.27471,-51149.20237781483
1738,0.0013035,8086240954.749133,48547040551.13194,-50316.80658572247,5104831069316.12,159714790275.85022,431.9347528882218,7827956685.24346,48543757179.60559,-51235.04046119895
1739,0.00130425,6254505750.3826475,48773795586.33657,-50242.536971852205,6708577758875.51,131783264309.79294,476.7207061592358,5950423928.865007,48766828595.71116,-51320.594105575416
1740,0.001305,4428924517.41153,48930210608.35195,-50114.677620315364,9106229262919.627,99349156589.467,535.4160283955463,4064276538.63447,48917657273.44752,-51405.862835980435
1741,0.00130575,2613295913.0057592,49017329075.82895,-49942.586791945505,12792576683165.154,63474782629.31666,613.8047871684013,2172126899.958751,48995824949.53339,-51490.846179031745
1742,0.0013065,800036823.125267,49036655692.071785,-49787.22110232547,18417281757622.363,30969811203.796448,716.2180858110537,276948227.1331579,49000864239.159706,-51575.54366293168
1743,0.00130725,-1058027222.8662978,48987791003.96378,-49864.50473563633,25952817648057.06,24872113339.114655,828.9231303288846,-1618452199.493671,48932652815.42112,-51659.95481746939
1744,0.001308,-3076134082.3265,48860440881.42937,-50606.32142741209,31774239903686.16,86725905237.27249,882.1536791187552,-3511261230.657177,48790996171.7652,-51744.07917402378
1745,0.0013087499999999998,-5266986317.861257,48636043703.329025,-51924.95250531873,29195366702237.25,207873859047.99335,796.7409311562612,-5398557682.46245,48575964790.221085,-51827.9162655658
1746,0.0013095000000000001,-7402377518.554985,48321007605.60343,-52877.391179873535,20518014875355.137,297306850830.96423,652.8152008437531,-7277571978.793589,48287645617.081436,-51911.46562666127
1747,0.00131025,-9371954625.126856,47937137089.43347,-53140.49761337451,13002431326214.566,326118432166.7928,555.9460503654576,-9145299922.330463,47926064922.5677,-51994.72679347345
1748,0.001311,-11246672872.740746,47488389531.13606,-53062.842331818145,8337401293669.457,324938537365.07635,508.0287688965805,-10998880860.85665,47491708697.33152,-52077.69930376541
1749,0.00131175,-13069926789.589931,46974075099.87592,-52834.88900478234,5627663954079.262,317591128335.04376,481.83662476128217,-12835491622.330101,46985025459.71372,-52160.38269690293
1750,0.0013125,-14859805303.872917,46393244964.841866,-52552.63170668414,4021948745840.706,313440374790.2289,458.86307648109596,-14652154387.60101,46406565454.726234,-52242.776513856625
1751,0.00131325,-16620921794.808882,45745929222.1587,-52269.46971529361,3022616364392.105,314191983302.8634,431.486201658737,-16446143687.820099,45757033707.816376,-52324.88029720497
1752,0.0013139999999999998,-18362375453.037567,45029214977.739365,-52091.1078706368,2361342837499.534,318194893940.01465,399.898996978094,-18214471833.940845,45037125315.07032,-52406.693591136434
1753,0.00131475,-20080775602.665997,44243362655.012146,-52013.34420235116,1895709246515.0867,323236792619.99445,367.8990731275508,-19954332006.84981,44247762760.49118,-52488.21594145232
1754,0.0013155,-21770291894.12096,43390048507.41195,-51995.473529350995,1551239261393.3738,327897584744.0041,339.127617570222,-21663048957.664894,43390011179.62068,-52569.44689556904
1755,0.0013162500000000001,-23430730006.824055,42468746826.89644,-52050.4475304463,1288007911619.7935,331823561711.3151,315.27088564606163,-23337749134.926678,42464990749.58878,-52650.386002520754
1756,0.001317,-25059505079.189354,41479922581.6718,-52163.42451068574,1082326816093.7062,335308687859.47046,296.2094033469351,-24975784937.628635,41474014028.44279,-52731.03281296194
1757,0.00131775,-26652690485.891396,40424970921.48319,-52307.43154496592,918530142176.5778,338712363948.5299,280.978577253853,-26574419447.015133,40418416096.69667,-52811.386879169695
1758,0.0013185,-28206008083.338413,39305907230.558815,-52456.455267550264,785616466403.2773,342209691684.9067,268.53111921668443,-28131102503.023663,39299599109.55379,-52891.44775504637
1759,0.00131925,-29714514651.7177,38125741401.509026,-52580.75912256223,675794731851.0847,345795770169.61554,258.0669743788996,-29643208394.243874,38119160789.23417,-52971.21499612201
1760,0.00132,-31177053242.970757,36885147101.33742,-52705.0169738581,583642044327.6078,349376549404.30347,249.06908657709135,-31108223430.25534,36878906923.37496,-53050.688159556856
1761,0.0013207499999999999,-32590890175.966255,35585967052.21946,-52826.189715396424,505316357262.03925,352876955025.8207,241.20801401975137,-32523593456.06145,35580618005.494156,-53129.86680414368
1762,0.0013215,-33952689269.251778,34230840000.10866,-52932.03155864253,438097059479.86804,356238885335.26447,234.27011238099254,-33887082240.076836,34226070988.37466,-53208.75049031041
1763,0.00132225,-35259979365.51446,32821974235.701664,-53024.85337667993,380020130152.4798,359425039697.61206,228.10747216457426,-35196234353.76547,32817449183.214886,-53287.33878012242
1764,0.001323,-36511268463.54084,31360728258.645626,-53120.9708682021,329594191884.1333,362421021178.84106,222.60699673937364,-36448870923.764084,31356823307.734745,-53365.63123728502
1765,0.00132375,-37703905283.05633,29849772907.478443,-53211.12041882123,285627030687.1096,365226938142.41235,217.67696385448306,-37642773025.76889,29846301182.76919,-53443.62742714593
1766,0.0013245,-38835522118.66224,28291800458.56457,-53291.62014650852,247171002834.74658,367838383046.03357,213.24712786363528,-38775943128.61419,28288307289.522915,-53521.326916697595
1767,0.00132525,-39904686902.86492,26688526041.564865,-53376.32044668575,213459161963.16562,370253181092.4219,209.26227070147777,-39846430556.035484,26685140665.539993,-53598.72927457965
1768,0.001326,-40908883274.532455,25043307367.961567,-53450.30986028911,183850433197.3754,372475538414.69763,205.67564898555463,-40852163290.03004,25039374393.811134,-53675.83407108128
1769,0.00132675,-41847760041.98892,23356425167.001152,-53550.58118876356,157829010598.0622,374503837286.3451,202.4508062076374,-41791469049.90287,23353496945.67379,-53752.640878143684
1770,0.0013275,-42717696530.126724,21633570685.83122,-53621.52543641127,134945321307.19044,376347318749.16644,199.5535120897081,-42662630500.924515,21630206471.771526,-53829.14926936233
1771,0.00132825,-43517869507.062294,19876366815.30067,-53691.91884583642,114864441885.92224,377997582467.7745,196.9610944253106,-43464000918.01946,19872181548.452393,-53905.35881998945
1772,0.001329,-44247348299.16939,18086413439.55262,-53778.26018692594,97291494527.08514,379460657720.04364,194.65070777398807,-44194132142.24008,18082342532.47524,-53981.26910693624
1773,0.00132975,-44904684254.098206,16266381746.530352,-53875.161683743165,81973909488.89159,380741812822.61475,192.6017693801415,-44851646653.11157,16263374968.288689,-54056.87970877545
1774,0.0013305,-45487474280.960976,14422077191.504738,-53938.033436168706,68707418041.58087,381841413461.52875,190.79827369079098,-45435203804.26152,14418368214.098019,-54132.190205743434
1775,0.00133125,-45995887066.39054,12552975661.663008,-54030.190973785604,57339797550.39555,382754571636.3862,189.2293745245901,-45943747308.35363,12550166707.891647,-54207.200179742686
1776,0.001332,-46427918471.468025,10665001297.041843,-54098.59153105721,47723489478.955925,383488935448.9967,187.88167978720722,-46376219353.723045,10661880030.940458,-54281.90921434406
1777,0.00133275,-46782821795.11568,8761332735.534588,-54153.156291255196,39753579332.80609,384040375272.7321,186.74709828631316,-46731654558.568596,8756559738.299608,-54356.3168947892
1778,0.0013334999999999998,-47060691329.23955,6840945131.875356,-54255.74612971775,33340828794.62559,384409598084.9272,185.81811999149306,-47009369806.04908,6837430429.141113,-54430.422807992705
1779,0.00133425,-47259938742.46312,4911290321.714648,-54326.172358231044,28405054433.952007,384600147965.6005,185.08697204867892,-47208692465.534676,4907582875.800334,-54504.22654254444
1780,0.001335,-47380342989.7665,2974454060.5122375,-54394.398875579216,24899795108.371567,384606260301.8737,184.55043906056753,-47329145294.24595,2970280075.990319,-54577.727688711995
1781,0.0013357500000000001,-47421611289.14894,1032405317.9884304,-54478.050913573185,22787654413.15649,384427784722.2131,184.2050257575975,-47370222777.93959,1028658714.3356606,-54650.92583844264
1782,0.0013365,-47383355766.07718,-910282834.533611,-54552.108980099256,22045991397.992973,384063229214.85846,184.04831022276042,-47331700332.902054,-913867991.0063372,-54723.820585365975
1783,0.00133725,-47265531621.549576,-2849747250.2645764,-54613.06051159074,22668532916.697884,383509301820.19415,184.07955092461776,-47213547934.02161,-2854040881.895174,-54796.411524795825
1784,0.001338,-47068073396.60685,-4785357330.6071,-54702.26578039802,24661594159.628376,382763185530.5643,184.29888634936822,-47015696653.715515,-4788648525.270913,-54868.69825373272
1785,0.0013387499999999999,-46791316044.11762,-6710386763.858142,-54760.38373307488,28049293559.60642,381820150779.3869,184.70803606688753,-46738369877.81747,-6714330756.2447605,-54940.680370866015
1786,0.0013395,-46435359321.23085,-8624208163.416317,-54837.4521460457,32865779897.356453,380676865693.2082,185.309188174672,-46381848122.25878,-8627852410.678389,-55012.35747657626
1787,0.0013402499999999999,-46000742263.20789,-10522356908.792242,-54908.618639272325,39166804771.149,379326589330.9385,186.1066049775371,-45946473681.39085,-10525930830.785007,-55083.729172937215
1788,0.0013410000000000002,-45487960077.33386,-12401997934.350674,-54982.41201503225,47022640310.566986,377763639037.34106,187.10534206479178,-45433079283.34627,-12405162230.784227,-55154.7950637182
1789,0.00134175,-44897813817.31023,-14259456152.668201,-55051.78095878816,56524537285.15296,375980442014.2346,188.31206871623465,-44842153639.30936,-14262347932.410173,-55225.554754386314
1790,0.0013425,-44231259833.11422,-16091265725.641632,-55115.32275078888,67783642467.32752,373969301349.7641,189.7346653440954,-44174535659.74558,-16094213816.595905,-55296.00785210848
1791,0.00134325,-43489283466.954544,-17894391295.069027,-55177.68421265398,80934817861.90121,371721470679.3778,191.38252655803342,-43431341489.51463,-17897651218.239765,-55366.15396575382
1792,0.001344,-42672759761.23479,-19666326895.348457,-55248.397161485016,96143234765.16109,369226175255.4458,193.2671422183284,-42613662049.01436,-19669377166.19533,-55435.992705895595
1793,0.00134475,-41783137094.29904,-21403417064.86383,-55316.136988972525,113613396496.84448,366469735532.9961,195.40275954864214,-41722657320.52835,-21406363138.029995,-55505.52368481363
1794,0.0013455,-40822358489.88549,-23101596635.70685,-55367.69029498168,133585850570.22507,363439595948.29425,197.80504596890734,-40759815229.90847,-23105419517.560574,-55574.74651649622
1795,0.00134625,-39790930001.2918,-24759897003.847958,-55439.42223857289,156340281323.8386,360123670135.12756,200.49103919967584,-39726712010.98472,-24763580826.549736,-55643.6608166425
1796,0.0013469999999999999,-38690176973.0951,-26375594036.608818,-55526.567402867484,182239184924.21698,356497834835.0504,203.48465001277475,-38624940893.04479,-26377814355.77019,-55712.26620266437
1797,0.00134775,-37524323716.16128,-27942021701.901543,-55566.258181032164,211722076010.1043,352539346125.236,206.81317538624378,-37456251073.63969,-27945150752.37597,-55780.56229368872
1798,0.0013485,-36293222118.51304,-29459693483.703804,-55627.89223354303,245264870385.20392,348241184907.95605,210.5000503147972,-36222759109.934074,-29462821478.620144,-55848.548710559604
1799,0.00134925,-34999232397.35983,-30925274698.430645,-55693.37349746593,283510834584.76324,343564231529.0124,214.5832923731624,-34926281847.11375,-30928041327.29614,-55916.22507584021
1800,0.00135,-33644938303.444782,-32335583383.494,-55752.82518984443,327240729989.95593,338477850219.8989,219.10522211553996,-33569120963.882034,-32338177439.92927,-55983.5910138151
1801,0.00135075,-32232009012.15432,-33688726687.36326,-55819.45887779002,377410542375.2502,332950005517.2764,224.11342061987264,-32153506463.474503,-33690638896.564827,-56050.646150492095
1802,0.0013515,-30765648347.70366,-34979530497.16429,-55845.03355162788,435234094352.77515,326935290579.93414,229.6672908848625,-30681797272.619976,-34982747089.57192,-56117.39011360461
1803,0.00135225,-29244615044.86993,-36209370534.00197,-55907.007194402,502165390328.61224,320404702706.24585,235.82801293545913,-29156555410.79257,-36212267027.78334,-56183.82253261348
1804,0.0013529999999999998,-27673652506.91507,-37373957833.405716,-55957.05570136992,580191534283.5369,313274768111.1771,242.6882450210892,-27580417706.035152,-37376900013.01665,-56249.94303870923
1805,0.0013537500000000001,-26053795509.57084,-38472471959.79312,-56023.24548262674,671813639251.4229,305487615684.78064,250.349560950859,-25956073348.901085,-38474325568.2061,-56315.75126481392
1806,0.0013545,-24390107029.326897,-39501192624.6409,-56068.8968774591,780374341209.7189,296948995267.20734,258.9442579525948,-24286390206.538944,-39502545112.638016,-56381.246845583315
1807,0.0013552500000000001,-22686199640.011093,-40458010782.66045,-56094.970097048514,910242248548.0641,287572764127.6977,268.6272046065526,-22574267079.847942,-40459535848.27683,-56446.42941740891
1808,0.001356,-20944082336.47056,-41341978529.51186,-56121.82406341385,1067312612321.1063,277242645144.84564,279.59502658404944,-20822694118.239597,-41343466794.58488,-56511.29861841986
1809,0.0013567499999999999,-19167267456.66548,-42151331857.94768,-56144.53610676694,1259798011407.9995,265793476796.98965,292.11180228066536,-19034741808.46136,-42152803672.94243,-56575.85408848509
1810,0.0013575,-17358791273.571224,-42884761302.37727,-56166.14386176392,1499308816315.8213,253026443494.88016,306.5252192415454,-17213550114.573845,-42885717857.2441,-56640.09546921518
1811,0.0013582499999999999,-15523081402.37592,-43540548555.87698,-56175.375864614674,1802689847555.3025,238683420288.26346,323.30547594341414,-15362400913.132788,-43540865277.68126,-56704.022403964555
1812,0.001359,-13664921801.275175,-44117246369.27477,-56163.57495976405,2194956166809.9507,222441512952.64526,343.0965810183071,-13484604491.43263,-44116914956.015236,-56767.634537833175
1813,0.0013597499999999998,-11788006954.606148,-44614150189.81347,-56136.23047066325,2714367511744.6484,203882981885.78772,366.8073616737137,-11583514054.000753,-44612725584.44643,-56830.93151766881
1814,0.0013605000000000002,-9897941745.556488,-45030278252.30018,-56081.44864636636,3421538642370.296,182448382694.3187,395.7726193408938,-9662546355.806004,-45027187908.43992,-56893.91299206875
1815,0.00136125,-8000611862.513768,-45365124860.765205,-55990.956922514706,4415643167220.934,157448676690.1153,431.9932810543336,-7725240897.527013,-45359451462.26447,-56956.578611381905
1816,0.001362,-6099483336.157842,-45619126048.94613,-55878.025616608495,5863895928168.987,128129920041.98814,478.52700924105204,-5775023592.437842,-45608757498.33664,-57018.9280277107
1817,0.00136275,-4206806252.851777,-45791742106.65737,-55690.69756700907,8052461859795.809,94050397255.34111,540.0114914874754,-3815414085.869092,-45774622374.6658,-57080.96089491302
1818,0.0013635,-2322850475.520412,-45884903639.90171,-55471.455190880486,11445998928982.006,56864509777.7194,622.5145200734115,-1850154039.9610922,-45856502653.34656,-57142.67686860405
1819,0.00136425,-435419051.9980365,-45900189551.70974,-55307.51629734599,16601202339992.07,25698056991.84152,729.0938660339818,117275808.8024927,-45854147734.962585,-57204.07560615837
1820,0.001365,1521206041.8898242,-45835796021.45718,-55512.95416496009,23142252802038.11,29580944824.553146,837.6159553851244,2083185078.3366354,-45767404788.45063,-57265.156766711654
1821,0.00136575,3677793258.4661946,-45675432418.66732,-56589.202176885636,26939424360753.402,110844786759.2276,863.2076623821616,4043956999.5687284,-45596268897.1206,-57325.92001116266
1822,0.0013665,5965291790.760474,-45401153482.89548,-58071.80973484514,22922732625290.43,236437265246.75195,749.9890286282803,5995956778.968887,-45341040821.41142,-57386.36500217519
1823,0.00136725,8125862363.511616,-45030615878.64681,-58878.47156646143,15320984028683.27,311930357226.99396,611.8366408485115,7935497195.953908,-45002209123.3502,-57446.49140417975
1824,0.001368,10122897128.890362,-44584618436.05617,-58989.48145068469,9573926959909.22,330074431012.9732,530.5117593858484,9859045870.79213,-44579943523.39714,-57506.29888337567
1825,0.00136875,12027538563.047428,-44066382792.42366,-58763.44913771544,6159074560901.055,325269336742.566,491.8185923791566,11762934686.531988,-44075089962.93364,-57565.787107732715
1826,0.0013695,13886451636.055925,-43472906239.36351,-58429.385734414056,4195375530209.5894,317896709508.02423,468.6966424552607,13643537866.843515,-43488470169.38033,-57624.95574699312
1827,0.00137025,15711475523.611404,-42803417078.49423,-58074.55502619718,3028225195109.155,314982296551.79083,445.41236351637264,15497298779.045605,-42821095241.15342,-57683.80447267327
1828,0.001371,17504224204.399807,-42058195804.636475,-57752.00324077854,2293999952269.668,316908407750.5494,416.8742621059662,17320872220.737602,-42074153488.63014,-57742.332958065694
1829,0.00137175,19265097270.341293,-41237156822.573555,-57510.64162440045,1800460445367.1716,321459546417.9178,384.9522306130924,19110623724.630013,-41248816613.7991,-57800.54087824071
1830,0.0013724999999999998,20992475831.696735,-40340557879.90599,-57367.67126286918,1447711370367.9124,326416092151.11383,353.9345543554334,20863198005.919525,-40346629289.03359,-57858.427910048296
1831,0.0013732500000000001,22685385347.015987,-39368113566.02822,-57333.76276313739,1183963659437.3489,330708406956.97363,327.0058461607969,22575244867.824024,-39369114971.57877,-57915.99373211997
1832,0.001374,24341610714.407967,-38319933480.52994,-57399.22930350053,980857088088.7535,334309458040.8487,305.1575190857238,24243513564.97586,-38318043088.27368,-57973.23802487039
1833,0.00137475,25953849211.381428,-37199414149.18644,-57494.6606411249,821076103737.7281,337597346871.8135,287.8460864035515,25864648736.013035,-37195346359.182365,-58030.16047049934
1834,0.0013755,27518792254.758724,-36008218552.69668,-57611.32416501474,693070169340.0403,340859778926.52625,274.0055603680645,27435586114.101448,-36003173910.173935,-58086.76075299329
1835,0.00137625,29032432467.727776,-34748775302.619576,-57732.404686960275,588656733429.718,344210520291.9612,262.6424230078101,28953345504.97591,-34743534435.021965,-58143.03855812729
1836,0.001377,30490699611.614906,-33424011423.451893,-57842.24713915662,502042372278.5196,347610451344.51733,253.04974219098187,30414964502.42893,-33418810337.531086,-58198.993573466665
1837,0.0013777499999999999,31890392289.917267,-32036568135.98203,-57939.56870066882,429183687293.3845,350963038185.39246,244.78511449687807,31817555871.177635,-32031434161.58619,-58254.62548836878
1838,0.0013785,33229271235.3041,-30588426174.01395,-58036.95191059062,367244095840.841,354187106502.7687,237.57428312066938,33158276197.143867,-30584017260.31258,-58309.93399398472
1839,0.00137925,34503289603.99478,-29083646749.1336,-58111.163008385935,314172752306.3516,357237976052.09607,231.2321460833245,34434632581.60598,-29079307037.532658,-58364.918783260975
1840,0.0013800000000000002,35711250010.39399,-27523601247.89687,-58193.45635284556,268473169565.66174,360084092501.6546,225.6281190286152,35643983081.997696,-27520033693.28606,-58419.57955094132
1841,0.00138075,36849621322.40617,-25912487545.491673,-58259.97983859536,228961136136.98105,362723507145.769,220.6563303104266,36784008235.97199,-25909238983.45568,-58473.91599356825
1842,0.0013815,37916366641.22902,-24253146272.200542,-58320.12413629601,194721075359.4787,365146507509.0819,216.2375796881574,37852386315.00643,-24249913870.136456,-58527.92780948491
1843,0.00138225,38909403827.36796,-22548700127.1198,-58376.67274096611,165008467899.6853,367352785070.8103,212.30800402022413,38847032340.1486,-22545232794.028397,-58581.614698836536
1844,0.001383,39827766792.51136,-20800578178.359108,-58457.19315080916,139215986844.83197,369343131033.9316,208.81612798678145,39765987521.04002,-20798447939.730663,-58634.97636357239
1845,0.00138375,40668014550.87306,-19014701628.998177,-58512.80056960707,116832972275.80367,371123611763.8248,205.71795530409366,40607229060.340935,-19012908166.773743,-58688.012507447114
1846,0.0013844999999999999,41429100938.94228,-17193407113.287327,-58570.01743641321,97472641731.51413,372686161366.8315,202.98277168603894,41369212098.04782,-17192027939.941265,-58740.72283602268
1847,0.00138525,42109090675.82124,-15341102177.418064,-58615.0124541943,80805009326.99406,374035434147.8684,200.58196969981475,42050299515.09261,-15339216850.021242,-58793.10705666977
1848,0.001386,42707245722.8914,-13459781943.282238,-58675.38770608155,66565606751.696304,375171520308.5007,198.4924223852872,42649029446.82823,-13458170036.93417,-58845.1648785695
1849,0.00138675,43221987283.2171,-11553771488.132917,-58734.11022707225,54528772193.44005,376098748530.2178,196.69325940852994,43164283625.04954,-11552546050.36032,-58896.89601271511
1850,0.0013875,43651872302.30169,-9628174056.269396,-58772.13743287134,44518948052.84148,376815649964.4682,195.16879175637555,43594888130.28532,-9625971038.970873,-58948.30017191341
1851,0.00138825,43996702161.98955,-7684111839.842842,-58835.16983803248,36399643748.129555,377320317368.30054,193.90682754683948,43940030680.72944,-7682277395.071614,-58999.37707078658
1852,0.001389,44255183850.139084,-5727563137.550772,-58881.172002152074,30053023253.379272,377616026713.2935,192.89541298586104,44198846812.90672,-5725199833.333841,-59050.126425773466
1853,0.00138975,44427089962.593094,-3760281183.459882,-58946.31283823873,25397231849.924747,377699131855.1052,192.12687486741805,44370744417.826546,-3758660535.70468,-59100.54795513148
1854,0.0013905,44511715852.42527,-1787899339.4382422,-58997.05586401869,22368372769.79985,377569409234.3248,191.59450801795646,44455328655.97798,-1786451524.5428298,-59150.6413789379
1855,0.00139125,44508895566.54712,185029079.78198612,-59030.518222595354,20928129288.3002,377223308454.25946,191.29429716110985,44452476387.86586,187569397.9588731,-59200.40641909162
1856,0.001392,44418686904.511,2156850641.902227,-59085.14603045296,21055528073.519886,376658411534.9958,191.22351093595228,44362065243.9185,2159473712.591073,-59249.842799314516
1857,0.00139275,44241076373.84754,4123276691.843503,-59145.594868289685,22748888362.665615,375871359200.54407,191.38103562301472,44184130021.98707,4125399381.6435905,-59298.95024515315
1858,0.0013935,43976365509.16498,6079507451.419594,-59196.50662879752,26028194831.229218,374856748715.177,191.76791741064983,43919006237.38188,6081382630.028632,-59347.728483980165
1859,0.00139425,43625079308.63009,8021549123.853244,-59240.450541091595,30931836922.309856,373609273684.76587,192.3866124828241,43567099813.691,8023478848.662483,-59396.17724499585
1860,0.001395,43187915482.92229,9945532146.585224,-59280.18982718006,37517961642.07473,372122920316.3673,193.24109804904467,43129181732.123634,9947897696.481998,-59444.29625922962
1861,0.00139575,42665472028.45007,11848705495.457129,-59332.55374834744,45867029994.108185,370390412910.9281,194.33716972740118,42605989148.594734,11850834314.797556,-59492.085259541585
1862,0.0013965,42059008761.374115,13725992664.502623,-59373.70045369933,56089363991.35061,368401482746.7163,195.68329384513984,41998478212.45886,13728356582.878704,-59539.54398062396
1863,0.0013972499999999998,41369542910.70815,15574308688.849325,-59417.85480909873,68317699373.122765,366147659256.31696,197.2889283997668,41307818375.197815,15576848809.810366,-59586.6721590025
1864,0.001398,40598505892.40985,17389650872.165764,-59459.155476354106,82721343523.53102,363616513014.8393,199.1664754604183,40535344721.260414,17392497399.711487,-59633.46953303808
1865,0.00139875,39747024167.66658,19169266841.16853,-59511.64721736428,99506166807.4548,360795178185.8241,201.33057962561023,39682580349.98303,19171672771.4861,-59679.935842928055
1866,0.0013995000000000001,38817289165.735115,20908292393.1135,-59551.56209535158,118931216465.05374,357666056318.5796,203.79986127542668,38751169717.05552,20910716478.26275,-59726.07083070775
1867,0.00140025,37810622281.33189,22604305083.857044,-59600.13136875313,141299182998.77573,354214935376.7747,206.59423008333783,37742943161.508385,22606244620.46588,-59771.87424025188
1868,0.001401,36729250324.872345,24253337739.58609,-59645.523913326295,166992057818.79257,350418731059.91614,209.73944441036218,36659936579.24951,24254667986.445892,-59817.34581727591
1869,0.00140175,35576629929.095055,25850157776.956165,-59659.20142057929,196469837335.7659,346255513641.63947,213.26472684871638,35504174175.65944,25852713284.673637,-59862.48530933758
1870,0.0014024999999999999,34352803216.94855,27395052347.37671,-59708.212204384756,230270557029.52292,341707587718.0257,217.20079839107424,34278021334.553646,27397186807.823536,-59907.29246583824
1871,0.00140325,33061372195.771088,28883055937.49574,-59749.54056738022,269120481553.4004,336729025955.3465,221.59400615001675,32983883234.12671,28884873258.819107,-59951.767038024256
1872,0.0014039999999999999,31704851046.221245,30311290265.050575,-59788.23617913418,313887063604.94257,331289928329.1022,226.49275497443332,31624441259.695328,30312666444.219135,-59995.908778988334
1873,0.00140475,30286797190.017406,31676039674.410595,-59811.04930629973,365660763869.3382,325349148946.50507,231.95512161325013,30202347346.544563,31677670863.76441,-60039.71744367103
1874,0.0014055,28810446505.47997,32974426350.06657,-59820.431775990735,425802250220.4421,318863018081.2071,238.04895385844696,28720487032.06124,32977130360.222622,-60083.192788861925
1875,0.00140625,27276223940.11391,34206243481.4102,-59863.06739959457,496051024491.2971,311775997361.5562,244.8574124155839,27181754427.1144,34208411577.135773,-60126.33457320117
1876,0.001407,25687732163.62824,35368239483.91821,-59914.87741975324,578751364324.5387,303997077580.37885,252.49445899916722,25589318939.084972,35368948693.66666,-60169.14255718066
1877,0.00140775,24051005164.984528,36455902754.07867,-59932.230108259304,676967784366.2627,295440252520.9518,261.09536734904515,23946446789.48327,36456298921.24453,-60211.61650314545
1878,0.0014085,22369868683.511665,37467123098.853096,-59925.03094604682,794686163371.3527,286025056156.8088,270.8153033233415,22256441178.642925,37468167807.26355,-60253.756175295064
1879,0.00140925,20644656395.93083,38402055817.02842,-59942.93575560798,937306726368.8217,275631797897.5675,281.854999616622,20522741334.125786,38402535942.842926,-60295.561339684806
1880,0.00141,18881922575.131454,39257068501.26308,-59939.739089743496,1112474081166.5247,264070400729.9147,294.496667290458,18748940050.278275,39257451291.67638,-60337.03176422704
1881,0.00141075,17086209942.905851,40030380445.88737,-59914.70177991744,1330905550346.0288,251154102780.32034,309.09601777877054,16938592335.359638,40031148506.11034,-60378.167218692455
1882,0.0014115,15258536333.152887,40722001888.41029,-59905.08091528412,1608113664063.8489,236633721770.8648,326.1295736575097,15095347491.858011,40721985361.28232,-60418.96747471144
1883,0.00141225,13405120235.39656,41329692113.38994,-59880.60295219338,1967455088055.1028,220139985591.12683,346.28097452409145,13223148286.887877,41328552688.76402,-60459.43230577525
1884,0.001413,11531275742.819464,41852193876.8944,-59833.610811503284,2444800315672.084,201234729733.1881,370.5116965886236,11325750213.975098,41849603911.83628,-60499.56148723732
1885,0.00141375,9642943975.27634,42288554420.69339,-59755.223354651884,3097144800328.9106,179348583296.3925,400.2254377272016,9406990316.946022,42283944404.34421,-60539.354796314474
1886,0.0014145,7746354826.233253,42638317057.15337,-59638.85375311016,4018141786397.135,153773740481.06653,437.5334180186631,7470956561.798934,42630683212.17906,-60578.81201208819
1887,0.00141525,5847967403.79566,42901563948.94003,-59479.54830110358,5366271808615.683,123754414092.25955,485.6685882059124,5521604106.309958,42889133223.45003,-60617.9329155058
1888,0.001416,3953119758.3667574,43079088523.1154,-59282.20830234621,7412146547435.98,88985837391.75052,549.4766319236935,3562987634.5925803,43058679648.647385,-60656.717289381784
1889,0.0014167499999999998,2068523089.5907605,43171803934.01349,-59036.65159836203,10589575916674.01,51566099272.52051,635.1207723016455,1599076710.3240645,43138956147.24262,-60695.164918398856
1890,0.0014175,173946770.08202976,43181856659.43244,-58890.81825297591,15369619599448.99,22457217319.51165,744.241372189415,-365979466.47620827,43129782076.94629,-60733.275589109224
1891,0.00141825,-1803921917.6834905,43105827323.77169,-59201.970367985865,21144502191017.336,34293872232.570595,848.0463975934344,-2328077333.713033,43031240128.221054,-60771.04908993583
1892,0.0014190000000000001,-3977474628.828963,42925222102.98511,-60402.53629335767,23721283935238.35,126555820186.98167,854.4155369827888,-4283210815.608606,42843524952.40006,-60808.48521117336
1893,0.00141975,-6249616221.783977,42624377249.51032,-61887.80561100046,19345731107446.113,250317499382.33463,728.6280180775677,-6227305900.887976,42566991214.40159,-60845.58374498966
1894,0.0014205,-8370029884.86919,42226587255.312004,-62574.42154784504,12678276805933.25,316599930899.4578,596.5522119603106,-8156273002.251259,42202133188.25069,-60882.34448542656
1895,0.00142125,-10340184394.02656,41749889798.153496,-62608.16687825298,7914680741032.693,329665169810.52313,523.1842416873393,-10065960732.356785,41749672528.82038,-60918.76722840137
1896,0.0014219999999999999,-12221858668.309366,41197488415.93779,-62314.53874134721,5120117125703.271,323609608438.98285,488.4302757922515,-11952561489.551512,41210633208.72994,-60954.85177170774
1897,0.00142275,-14055404673.972408,40566843592.118935,-61907.43087191401,3511257505961.0474,316526247192.51337,466.34872769128333,-13812046328.509426,40586154359.89951,-60990.59791501693
1898,0.0014234999999999999,-15851616475.22774,39857333092.62086,-61480.6783141139,2549522762867.6553,314214928243.10364,442.81500612612206,-15640548820.835403,39877493227.80626,-61026.005459878856
1899,0.0014242500000000002,-17613711913.722176,39068580218.54194,-61111.625911457726,1939491076701.082,316526790736.4945,413.9061465118975,-17434243263.587284,39086127989.30401,-61061.07420972326
1900,0.001425,-19339397150.336433,38201434177.34547,-60830.695551158504,1525430222673.9873,321144489433.7922,382.0617653398455,-19189229751.657196,38213785587.48001,-61095.80396986067
1901,0.00142575,-21030081207.245525,37254650059.47592,-60690.39415767502,1226872567185.6626,325946848378.4114,351.5954981506659,-20901927589.318405,37262259451.583786,-61130.19454748365
1902,0.0014265,-22679372857.304447,36230603083.88339,-60638.970917029736,1002017940088.6361,330042843538.78973,325.4231450937517,-22568805952.72711,36233634467.99446,-61164.245751667746
1903,0.00142725,-24284475681.106876,35130223426.46841,-60667.21014752518,827988219590.1244,333452657174.97235,304.3199980846002,-24186290227.009766,35129929993.34521,-61197.957393372584
1904,0.001428,-25840360910.008343,33956066782.747128,-60737.47497712953,690629700348.9724,336561063273.5308,287.64410372266013,-25750919465.009193,33953564907.613983,-61231.32928544293
1905,0.00142875,-27342017080.172817,32711313913.616276,-60817.50831997506,580299165724.9951,339658590559.96796,274.30932912641936,-27259357981.18782,32707004088.93558,-61264.36124260973
1906,0.0014295,-28787651546.371216,31397047006.674053,-60926.53676140934,490157594717.8932,342831605697.14233,263.3541889246953,-28708515586.317757,31392924243.101227,-61297.05308149114
1907,0.0014302499999999999,-30171352492.66191,30018032517.00989,-61015.26793444849,415294082589.2435,346044923836.3987,254.10115449360984,-30095300340.08747,30014104219.85443,-61329.40462059348
1908,0.001431,-31490621924.983646,28576687268.33718,-61097.52018014825,352322228960.3045,349189275848.4676,246.13830695948167,-31416787600.747906,28573475442.489323,-61361.41568031236
1909,0.00143175,-32742192924.55445,27076409493.574753,-61168.127576459236,298841885559.7118,352189113115.4177,239.20762841759068,-32670210695.722244,27074206674.76772,-61393.08608293358
1910,0.0014325,-33922757359.320168,25521135484.67048,-61218.511658218595,253125381435.5808,354997348070.3483,233.13587675663538,-33852910804.64231,25519382963.537754,-61424.41565263413
1911,0.00143325,-35030010685.42929,23914061272.608124,-61258.216120214835,213888388859.8234,357589061629.2596,227.79657471713378,-34962420298.43519,23912304890.12915,-61455.40421548321
1912,0.001434,-36061843326.24139,22258355485.177864,-61295.21271713445,180127117215.73373,359957303244.21875,223.08992385786183,-35996296034.205345,22256410996.312218,-61486.051599443206
1913,0.00143475,-37016637201.15566,20556596810.90977,-61344.51294193919,151038832102.35153,362100501962.1289,218.93662183025512,-36952371410.55038,20555255488.76453,-61516.357634370535
1914,0.0014355,-37891303038.95273,18814107331.652473,-61374.730515440395,125970581334.90833,364019937204.88684,215.27322346306545,-37828719948.76129,18812391857.982452,-61546.3221520167
1915,0.0014362499999999998,-38684565004.56338,17033727537.598373,-61407.06734615232,104415505999.54176,365708301869.0646,212.05314054482028,-38623448117.371346,17031633888.717695,-61575.944986029215
1916,0.0014370000000000001,-39394731540.600334,15219261369.620174,-61440.277370105825,85951642450.41951,367168600356.89557,209.2362435124383,-39334803202.8044,15216823703.702774,-61605.22597195246
1917,0.00143775,-40020567172.55116,13373828587.312012,-61484.65445110489,70238005410.84056,368401652318.60156,206.78976645563677,-39961357752.962296,13371810003.078983,-61634.16494722865
1918,0.0014385000000000001,-40560337217.97746,11502284148.008337,-61521.641887285085,56996330234.44751,369409001345.66534,204.68646910086122,-40501786394.63234,11500570700.517508,-61662.761751198734
1919,0.00143925,-41012826006.61653,9609042842.20298,-61548.41211868307,46010161160.70701,370188362656.5501,202.90540688490677,-40954927591.469444,9607076604.471436,-61691.01622510327
1920,0.00144,-41377328555.21379,7697423968.421284,-61579.90249082818,37106630361.722404,370739219808.13934,201.4292167122342,-41319870673.748886,7695468649.037918,-61718.92821208328
1921,0.00144075,-41653069951.94021,5771419210.7702055,-61615.264252033274,30145683464.023396,371062559023.78876,200.24296560411793,-41595908499.94641,5769807249.427987,-61746.49755718123
1922,0.0014414999999999999,-41839335257.15706,3836025284.917127,-61640.22925659868,25020847270.625744,371157122235.62524,199.33515447662526,-41782426621.37937,3834225259.9733315,-61773.724107341746
1923,0.00144225,-41935827779.294815,1895530919.5984192,-61657.382699521135,21656053507.107388,371020237367.569,198.69746438272875,-41879028280.65969,1892943046.610733,-61800.60771141254
1924,0.0014429999999999998,-41942516157.6865,-47847340.881980605,-61697.71699006316,19998956526.59807,370649857399.7496,198.32359893386692,-41885690968.73726,-49944411.22801041,-61827.14822014528
1925,0.0014437500000000002,-41859240287.2713,-1989113634.5960207,-61739.02010657289,20020551185.507637,370043173862.2511,198.20935586357223,-41802324688.32492,-1990098113.6706612,-61853.34548619632
1926,0.0014445,-41686268921.779884,-3922342590.21984,-61755.76046209494,21717531186.040253,369194952837.0407,198.3533037265794,-41629136329.01847,-3923529891.1001163,-61879.19936412766
1927,0.00144525,-41424065958.112015,-5844615169.486838,-61776.28157335505,25106174644.57407,368100703925.7367,198.75559637591866,-41366585400.23916,-5846027352.260065,-61904.70971040757
1928,0.001446,-41073208297.53569,-7751978181.229899,-61801.286837563224,30225872244.534843,366754570102.3647,199.4184482072673,-41015255617.16594,-7753294574.091866,-61929.87638341158
1929,0.00144675,-40634588556.4019,-9639760600.7887,-61820.402044910436,37141301303.07638,365148968592.59454,200.34645029029213,-40575894083.16837,-9641362146.282703,-61954.6992434231
1930,0.0014475,-40109029488.215546,-11504793259.268219,-61848.91084368605,45941572029.04237,363275913142.8967,201.54610555816757,-40049626249.0926,-11506149377.804989,-61979.17815263431
1931,0.0014482499999999999,-39497847056.853325,-13342368022.489717,-61872.4508949249,56748600142.40017,361124357928.4927,203.0268559155004,-39437564263.435326,-13343659720.913202,-62003.31297514689
1932,0.001449,-38802379838.65509,-15148707214.064877,-61895.54790173984,69713924586.28981,358683665436.47235,204.8000339872844,-38741150580.737656,-15149818818.109278,-62027.10357697274
1933,0.00144975,-38024111670.29979,-16920098940.418524,-61920.8209367565,85028253735.66849,355940524309.84503,206.87992941087197,-37961783408.93804,-16920817503.51177,-62050.549826034774
1934,0.0014505,-37165205486.95846,-18651762141.89797,-61932.459744929045,102928904410.02309,352879186714.88727,209.2842179656609,-37101283102.28713,-18652777272.562347,-62073.65159216761
1935,0.00145125,-36227534237.96012,-20340331379.739803,-61940.969650933315,123699228522.16342,349484898756.89124,212.03278178852605,-36161754849.856255,-20341944815.036026,-62096.40874711837
1936,0.001452,-35212293681.60214,-21983835888.163513,-61973.002828887984,147691862269.45682,345737280616.06494,215.1503959626369,-35145046096.57086,-21984829436.552765,-62118.82116454726
1937,0.00145275,-34122916955.875015,-23576568432.192127,-61984.82611417245,175360298694.47708,341606656079.61334,218.66969769814872,-34053406197.846027,-23577670502.3346,-62140.88872002839
1938,0.0014535,-32961630094.270336,-25115669518.774555,-61992.628436266124,207232568852.76556,337073744853.7706,222.62392221794173,-32889387666.012012,-25117172472.275337,-62162.61129105042
1939,0.00145425,-31730011332.81422,-26599218698.007084,-62020.14324751597,243972450235.7354,332106997973.4142,227.05469013158924,-31655503529.97399,-26600040102.436195,-62183.988757017265
1940,0.001455,-30432088447.79085,-28022287268.07823,-62030.62904478472,286433975829.4156,326662072024.6597,232.01605211623243,-30354521470.548653,-28023054960.24761,-62205.02099924868
1941,0.0014557499999999998,-29070203303.92243,-29382610951.533337,-62042.9681637368,335654519748.60034,320704611243.96356,237.56649273895306,-28989398658.507652,-29383151834.18513,-62225.70790098103
1942,0.0014565000000000001,-27648113876.244022,-30676594276.401104,-62043.53585382548,392969972355.9324,314181407706.1914,243.77997136528666,-27563040983.617325,-30677407728.330853,-62246.0493473679
1943,0.00145725,-26167619850.844784,-31902856756.241425,-62060.410398845095,460076927410.5448,307036973743.95013,250.74427868198904,-26078563379.52332,-31902952669.266754,-62266.04522548068
1944,0.001458,-24634153947.82361,-33056932971.59935,-62052.66057794193,539227663001.1575,299188503142.9314,258.5742064141856,-24539380029.41035,-33057287183.604053,-62285.69542430928
1945,0.00145875,-23048325601.977047,-34138728285.676952,-62072.342262571474,633321753733.5311,290563676868.4466,267.40187991990183,-22948813850.160442,-34137850652.96398,-62304.99983476263
1946,0.0014595,-21417370183.59053,-35143256976.526245,-62055.96213471257,746349136896.9976,281033942870.00757,277.4088449504204,-21310461295.00399,-35142411847.89783,-62323.95834966944
1947,0.00146025,-19743658403.54787,-36069636538.94712,-62036.196896104666,883609629024.831,270493011760.71548,288.8076147230163,-19627895666.788208,-36068890562.07752,-62342.57086377866
1948,0.0014609999999999998,-18030063238.943752,-36916562807.98221,-62024.9896486841,1052528001824.1423,258769294044.4389,301.8846480894248,-17904910739.969376,-36915176942.18549,-62360.83727376013
1949,0.00146175,-16282834424.533493,-37681166927.61721,-61990.817988078335,1263725585421.269,245638209026.76102,317.0287467062529,-16145229280.518175,-37679552759.737114,-62378.75747820513
1950,0.0014625,-14506942890.891987,-38361885365.02196,-61931.922669248226,1532580451221.6409,230845070296.53384,334.7533666847004,-14352715916.179346,-38360423225.213615,-62396.33137762697
1951,0.0014632500000000001,-12702319465.91133,-38959359459.725845,-61899.533908286554,1882071686209.8936,214051211105.46512,355.76929000936934,-12531418943.473803,-38956318670.53943,-62413.558874461516
1952,0.001464,-10879826307.536362,-39470210270.37415,-61817.709994099096,2348052231301.281,194748821599.88226,381.13061045131167,-10685381503.045815,-39466053761.497055,-62430.43987306771
1953,0.00146475,-9041227049.469519,-39895023313.27586,-61726.43882501087,2987364813543.068,172392323904.5286,412.342877600233,-8818513611.790758,-39888597225.08401,-62446.97427972819
1954,0.0014655,-7194363158.779591,-40232803451.013626,-61597.911712466914,3894051090733.5376,146238127456.50323,451.7058077849752,-6935111403.02074,-40223098996.20016,-62463.1620026497
1955,0.0014662499999999999,-5345597901.964053,-40483696981.35987,-61428.00423877358,5227265027675.975,115585288075.05672,502.71910652274175,-5039274742.112232,-40468948459.240654,-62479.00295196368
1956,0.001467,-3502775948.572715,-40648214258.84539,-61202.695102953,7256511933500.908,80392377408.28992,570.5241489296562,-3135153491.323769,-40625581793.59445,-62494.4970397267
1957,0.0014677499999999999,-1664761146.3091455,-40728219942.65782,-60971.24883602969,10397038435568.633,43752541920.80415,661.0873793026567,-1226894461.3772197,-40692705720.80189,-62509.644179921044
1958,0.0014685,189750369.48334423,-40724871316.789734,-60876.87774432872,15010603161054.95,19365508237.668133,773.1423037704359,681132265.9765272,-40670439134.674126,-62524.44428845507
1959,0.00146925,2139864038.4248357,-40632989901.37688,-61314.34667651456,20113439640943.047,43751621596.879,867.4433222143724,2584867120.2148204,-40558807353.038635,-62538.89728316376
1960,0.00147,4268666965.3019586,-40433121142.02921,-62580.064435381595,21396991602209.75,147551077284.3658,847.3547595003113,4480059743.235889,-40358228835.0947,-62553.00308380916
1961,0.00147075,6433503018.385688,-40117459165.24986,-63862.712505826676,16655935544964.57,264118100231.8738,710.5113111980693,6362583555.115348,-40069142472.58376,-62566.7616120808
1962,0.0014715,8446407262.606858,-39710294188.40938,-64357.23254403894,10779832353217.273,318527816327.5187,587.517217735515,8228215465.482657,-39692292303.2116,-62580.17279159613
1963,0.00147225,10328961812.557215,-39225994529.2092,-64284.68014979549,6779677223897.755,326510826265.3984,522.4492820504056,10072980735.21014,-39228653510.21791,-62593.23654790099
1964,0.001473,12139897988.65481,-38665009100.38306,-63963.554957588036,4441115887035.969,319609215401.8803,491.2069562431284,11892708298.935837,-38679281871.0825,-62605.952808469985
1965,0.00147375,13907502520.011961,-38025456500.45944,-63559.42440003869,3082035540540.731,313108532347.77124,469.77326280513574,13683503827.507,-38045555092.86378,-62618.32150270687
1966,0.0014745,15633824805.578392,-37308955745.476234,-63113.16617881539,2258887175245.099,311505534114.74915,445.8022444033819,15441316189.125837,-37328901450.19501,-62630.342561945006
1967,0.00147525,17325183473.09551,-36514211634.57993,-62732.81619120923,1729384442725.3774,314157421892.76373,416.48437236895364,17162430593.765516,-36531183399.12067,-62642.01591944766
1968,0.001476,18979599518.556103,-35641908861.94436,-62451.989034944745,1365188259014.309,318771163263.89795,384.6513095257121,18843105934.213585,-35654022714.64461,-62653.34151040845
1969,0.00147675,20596122034.216507,-34691944418.4468,-62298.28285058576,1099762851313.704,323410751929.0811,354.5133846533124,20479629698.431618,-34699514045.184845,-62664.31927195166
1970,0.0014775,22169052485.2242,-33666714834.337852,-62228.03538384096,898383627035.8223,327311220721.7732,328.76117955434466,22068335033.73739,-33669868959.62575,-62674.94914313259
1971,0.00147825,23694822369.16032,-32567929835.8938,-62223.57638047718,741754137976.9794,330548109062.7221,308.0208726063069,23605761321.527607,-32567587571.75011,-62685.23106493793
1972,0.001479,25169208639.884964,-31398041930.199127,-62259.18255746278,617732241091.0126,333497008303.1315,291.61447808027896,25088749963.66157,-31395020176.1789,-62695.16498028604
1973,0.00147975,26589883810.050083,-30158374479.741337,-62340.14322458018,517901700142.5213,336436207953.4256,278.47308244472737,26513988443.895927,-30154913580.36655,-62704.75083402732
1974,0.0014804999999999998,27950729697.606697,-28853641973.03417,-62411.12757482726,436174146669.54944,339460272282.0346,267.6553174812437,27878359009.86635,-28850142207.87678,-62713.98857294444
1975,0.00148125,29247962740.595623,-27487463136.250526,-62461.92146134683,368266875927.73224,342501949844.5641,258.5198234526056,29178970346.114307,-27483671953.84739,-62722.878145752715
1976,0.001482,30480192091.364147,-26061396123.157562,-62524.17143800954,311165733941.4381,345465209094.56506,250.6674577712777,30413028944.681538,-26058522041.917244,-62731.41950310036
1977,0.0014827500000000001,31643755907.22407,-24579444430.917484,-62577.94412336686,262694442495.5845,348286795117.1238,243.84166082268266,31577839866.886276,-24578006559.3592,-62739.61259756874
1978,0.0014835,32734418733.20351,-23047134100.5062,-62590.09472581249,221295161297.0667,350917017961.3642,237.87291580986428,32670803696.46456,-23045476601.273075,-62747.45738367266
1979,0.0014842500000000001,33752135384.92715,-21465086288.367355,-62622.693354270516,185831821252.76422,353322769307.04395,232.64139060955276,33689781088.97156,-21464414818.9044,-62754.95381786062
1980,0.001485,34693207044.61706,-19838937491.79205,-62633.771764813355,155376279315.7038,355509452282.94025,228.04417065578133,34632556511.10852,-19838346203.74326,-62762.101858515045
1981,0.0014857499999999999,35556229297.82235,-18171590196.565636,-62643.96936242218,129223302416.35504,357465214231.7279,224.00601026957582,35497078994.990326,-18170990087.685482,-62768.901465952506
1982,0.0014865,36339388743.89833,-16466803450.050076,-62653.22771644673,106795574492.95477,359190433128.3109,220.4655574912695,36281591160.52621,-16466073698.715412,-62775.35260242397
1983,0.0014872499999999999,37041298332.39762,-14727846895.184322,-62670.10224110828,87628049955.22226,360684391336.644,217.37403416178554,36984521695.93521,-14727480891.671673,-62781.45523211498
1984,0.001488,37660281384.5645,-12958988808.249847,-62685.33844472527,71342544325.36038,361947713568.13715,214.69184354249725,37604317558.29751,-12959020913.843727,-62787.209321145885
1985,0.00148875,38194758233.97895,-11165129093.616339,-62685.381782027056,57639220097.61626,362978613416.5333,212.38784173225005,38139749486.889656,-11164786224.506638,-62792.61483757198
1986,0.0014895,38643951907.99875,-9349696916.000166,-62685.430809578436,46281269550.0376,363775112242.85406,210.4372005699584,38589847852.58405,-9348754756.38251,-62797.67175138374
1987,0.00149025,39007274530.096664,-7515562173.132241,-62702.79248325022,37074153625.56745,364338813234.27075,208.81832458844679,38953592935.67603,-7514991026.333386,-62802.380034506954
1988,0.001491,39283681425.37089,-5668011675.227617,-62712.02897432755,29861854919.31183,364670629387.3792,207.5132716258716,39230476319.62329,-5667606985.544233,-62806.739660802865
1989,0.00149175,39472710960.099075,-3811263582.816114,-62715.019707316686,24530565261.50556,364767074792.623,206.50923524004446,39419875414.61714,-3810754474.2215385,-62810.75060606837
1990,0.0014925,39574196048.18385,-1948453276.4569151,-62728.90817538333,20995436106.82214,364626299326.44055,205.79605749113998,39521524222.28199,-1948519713.4912083,-62814.4128480361
1991,0.00149325,39587918260.26049,-84401521.4052758,-62738.78185248082,19197324700.842026,364246486254.6751,205.36587603199348,39535322175.58636,-85006660.02480441,-62817.72636637458
1992,0.0014939999999999999,39514010804.09078,1775305413.065105,-62724.99113783768,19104041631.420864,363623710301.469,205.21383486838968,39461431099.7283,1775581760.3803113,-62820.69114268831
1993,0.00149475,39352874633.95321,3628323720.503468,-62723.67224783387,20705216068.23159,362754247565.4517,205.33720433527833,39300139159.11238,3629130455.6020274,-62823.30716051787
1994,0.0014955,39104860941.44323,5471299536.946204,-62740.249281062424,24013838171.943493,361633362904.7015,205.73549988222285,39051907648.21572,5471454132.335928,-62825.57440534007
1995,0.00149625,38770774104.17931,7298396619.282783,-62740.843755057795,29070121209.947807,360253723436.9891,206.4111752732451,38717397930.80132,7298601401.381651,-62827.49286456796
1996,0.001497,38351294755.29965,9107045645.465588,-62753.86052975743,35935364430.59308,358608908804.06305,207.36831225282643,38297587007.40174,9106369586.52182,-62829.06252755091
1997,0.00149775,37847909491.88442,10891176073.119436,-62742.66200048766,44701906420.893326,356689086295.70856,208.6140729725947,37793574599.36894,10890839402.967386,-62830.2833855747
1998,0.0014985,37261467694.40529,12648859136.037258,-62747.16464465523,55482778885.737625,354487082505.8082,210.15662723804158,37206531831.367226,12648132668.43453,-62831.15543186158
1999,0.00149925,36593584853.94721,14375428914.130293,-62748.397286701664,68434606840.29789,351988654754.62726,212.00873546300028,36537895873.359726,14374348077.675503,-62831.67866157024
2000,0.0014999999999999998,35846283642.20279,16066190750.266748,-62733.3047462536,83748675837.96814,349181236602.2801,214.18531405087398,35789285140.27691,16065720015.956203,-62831.853071795864
2001,0.00150075,35021183513.4266,17718215620.975018,-62719.780057405995,101655240924.06631,346052314533.6513,216.70336432636216,34962634064.296776,17718447971.046597,-62831.67866157024
2002,0.0015015,34119698724.823177,19329037924.278572,-62724.709550779095,122446039980.17323,342582907360.5605,219.58505422295377,34059796168.58317,19329044233.692085,-62831.15543186158
2003,0.0015022500000000001,33144530242.1975,20893924984.53556,-62721.009891303176,146492043380.60498,338748187841.9144,222.85888610489906,33082959856.56973,20894019753.404533,-62830.2833855747
2004,0.001503,32097364793.887314,22410529260.87391,-62728.8881833961,174233955510.87405,334528154928.97626,226.55565183897593,32034459249.131813,22409817004.708046,-62829.06252755091
2005,0.00150375,30982343427.83984,23873064449.721203,-62701.958192206606,206230595240.26364,329891650786.5108,230.7145375988396,30916621066.697258,23873303760.043716,-62827.49286456796
2006,0.0015045,29800253808.476685,25281177868.32157,-62699.47943441768,243135103802.59332,324818538775.3593,235.3758770075673,29732164375.884377,25281238204.86866,-62825.57440534007
2007,0.0015052499999999999,28553943929.881687,26631476981.337196,-62706.293170824545,285817248787.9972,319259275713.5942,240.59753935516747,28483810437.411522,26630668046.659885,-62823.30716051787
2008,0.001506,27247889641.798054,27919286859.559967,-62687.15570121806,335366993685.61774,313168066448.99335,246.4473452136215,27174513485.197117,27918525011.27135,-62820.6911426883
2009,0.0015067499999999998,25884133412.92018,29143124279.479862,-62672.6751812745,393126392451.15564,306505718611.91144,252.99948950967442,25807211042.043514,29142243541.872868,-62817.726366374576
2010,0.0015075000000000002,24466317408.0805,30299982289.1803,-62652.51892535574,460857433098.4857,299204575316.08923,260.35126957096855,24385138623.253517,30299194236.047447,-62814.4128480361
2011,0.00150825,22996842979.015415,31388223029.02532,-62642.959070011006,540845460874.16486,291192106087.54956,268.6213483756234,22911461549.25041,31386827422.830402,-62810.750606068366
2012,0.001509,21480273719.04741,32404650202.988636,-62621.42498016565,636146091794.043,282370289222.495,277.96215454420275,21389609634.66553,32402909159.212288,-62806.739660802865
2013,0.00150975,19920524752.32299,33347063351.52067,-62587.371962936806,750825758346.211,272636089923.32675,288.55975497965903,19823082141.213898,33345336229.121956,-62802.38003450694
2014,0.0015105,18319950173.32757,34214466379.70748,-62562.4266570966,890434096407.9071,261857229175.13263,300.65196427485967,18215397210.056957,34212132631.883526,-62797.671751383736
2015,0.00151125,16684366034.902641,35003984492.13369,-62516.03257967986,1062783143835.1296,249848306628.01944,314.5592575872592,16570283796.395353,35001572532.37701,-62792.61483757197
2016,0.0015119999999999999,15015937031.178371,35715131612.05278,-62475.64728252451,1278941594005.9453,236404290916.00726,330.6971076472801,14891422640.15366,35711978215.68121,-62787.20932114588
2017,0.00151275,13320984079.047365,36345586044.623924,-62411.20579937975,1555218866582.2898,221227325763.27878,349.64510150035846,13182550226.890202,36341964264.88908,-62781.455232114975
2018,0.0015134999999999999,11602632873.741,36894887673.439156,-62340.09999236997,1916065510796.068,203966557844.75714,372.2006033698281,11447583285.479412,36890283364.16899,-62775.35260242396
2019,0.00151425,9865909428.962345,37362030840.00934,-62254.17857941665,2399533044488.04,184137229177.44034,399.52071529462364,9690440574.774288,37355980977.42015,-62768.9014659525
2020,0.001515,8116533997.016446,37746255249.69036,-62142.941049543806,3066664496180.595,161134270263.4916,433.3158690770906,7915031168.490828,37738054472.31811,-62762.10185851504
2021,0.00151575,6360185321.109266,38047336378.822266,-62001.13424124712,4018378239541.7676,134263027767.35255,476.1638046983039,6125449141.621216,38035842902.14879,-62754.953817860616
2022,0.0015165,4603344401.146096,38265412221.58353,-61819.331235916165,5424925678335.687,102958494242.93932,531.9567277035284,4325437525.544168,38248980860.01344,-62747.457383672656
2023,0.00151725,2849440403.198988,38401530467.234436,-61613.75523475373,7568302775451.247,67739061008.98339,606.161786541167,2519224478.863138,38377033103.02729,-62739.612597568725
2024,0.001518,1096686338.7707472,38456927755.18883,-61425.120922875336,10848112145217.898,33473868383.27454,703.948152146838,710734646.9881835,38419926829.772026,-62731.41950310036
2025,0.00151875,-682219033.9665896,38431783964.739136,-61424.71830845132,15433961122728.535,18421574091.829784,817.8428176558732,-1095878046.2253296,38377689022.64785,-62722.878145752715
2026,0.0015194999999999998,-2563674790.3062167,38318924193.81911,-61995.36921539302,19714487988818.96,62297267726.52379,892.1289772203596,-2896767190.8159814,38250677039.40829,-62713.98857294443
2027,0.0015202500000000001,-4587311849.234138,38100449480.56771,-63219.72498248863,19419354591124.883,176436420077.40997,835.2231395463078,-4687875251.989815,38039426255.18625,-62704.750834027305
2028,0.001521,-6579870938.252894,37779215543.36219,-64166.57756474465,14347024299697.027,278372302484.865,691.2739428178389,-6465241023.331135,37744458608.633484,-62695.16498028604
2029,0.00152175,-8436031469.0892515,37376474683.617905,-64427.3720350606,9228751780940.445,318123128101.7923,581.7190574819184,-8224943929.573242,37366595847.09407,-62685.231064937914
2030,0.0015225,-10195770127.012503,36900012808.0232,-64285.82342712566,5893935733184.464,320885502878.3724,526.17042073994,-9963232424.76582,36906883767.402214,-62674.94914313257
2031,0.00152325,-11895404692.063528,36350835204.18679,-63944.596108500315,3936004958189.449,313573134957.36365,498.3824700298221,-11676244542.790249,36366670743.90598,-62664.319271951645
2032,0.001524,-13556989861.883379,35727048899.557594,-63547.27390948246,2779198516067.7163,307973020458.7488,477.256800474804,-13360161812.837078,35747205479.64545,-62653.341510408434
2033,0.0015247499999999998,-15181240426.2311,35030013851.78081,-63131.7143443427,2064798475185.8787,307187751420.37213,452.6103439456849,-15011488917.084398,35050030522.895004,-62642.015919447644
2034,0.0015255,-16769695433.81304,34259987417.43672,-62763.664207581205,1595983620505.9993,310199364774.6308,422.7758138044941,-16626554569.938871,34276847492.648808,-62630.34256194499
2035,0.0015262499999999998,-18322295571.971966,33417057772.43091,-62492.82759293083,1267842082231.9175,314778387139.27905,390.91001699122324,-18201828305.329445,33429586617.49347,-62618.321502706865
2036,0.0015270000000000001,-19835352946.001125,32502768986.87004,-62312.13803128569,1025499883702.0647,319229569113.5262,361.03473003481224,-19734004546.939674,32510305810.6611,-62605.95280846998
2037,0.00152775,-21307760768.69828,31517302575.297646,-62236.36106428551,840023160019.3972,322921124242.98676,335.5906177342865,-21219697961.953293,31521156495.27263,-62593.23654790098
2038,0.0015285000000000001,-22734343798.22902,30463335319.937836,-62219.9791858084,694834572870.9575,326002536566.87634,315.05515508572006,-22655791099.48798,30464547597.83122,-62580.17279159612
2039,0.00152925,-24111763780.18844,29342855388.245197,-62247.65773543337,579318766490.8077,328822469252.9793,298.74058147735536,-24039260844.505573,29342831070.718216,-62566.76161208079
2040,0.00153,-25434679645.81277,28159839808.099155,-62274.50823957403,485990033932.2696,331637806652.64044,285.61690528548775,-25367122203.459553,28158742173.9621,-62553.003083809155
2041,0.00153075,-26700040435.463017,26917098437.223465,-62297.39976000984,409452759302.9843,334512088867.0751,274.79356529002337,-26636627414.278206,26915026267.932125,-62538.89728316375
2042,0.0015314999999999999,-27905613316.579117,25616927205.653904,-62325.83532828963,345795735563.38947,337401062911.8718,265.64485627014534,-27845143805.879436,25614573961.636078,-62524.444288455066
2043,0.00153225,-29049247627.49434,24261603252.10423,-62367.4993390503,292204115871.77826,340226873476.84015,257.7716413588904,-28990048024.572376,24260424999.929104,-62509.64417992103
2044,0.001533,-30127336994.862625,22855288023.41756,-62396.87096345324,246658043005.4244,342921134379.68365,250.92207449405652,-30069074692.695404,22855596655.745693,-62494.49703972669
2045,0.00153375,-31136369754.26154,21402866423.490253,-62389.77267397693,207718235376.40115,345430170327.3246,244.93165639660847,-31079973797.933918,21403395890.01278,-62479.00295196365
2046,0.0015345,-32075582834.117172,19906115900.654144,-62385.64272171943,174329986240.39426,347722565032.45557,239.68197052705122,-32020707153.140556,19907141176.23099,-62463.16200264969
2047,0.00153525,-32942317624.17803,18369602683.675705,-62363.963458741375,145647598309.3725,349798037577.4873,235.07319360643584,-32889360938.32208,18370119501.362976,-62446.97427972818
2048,0.001536,-33735605185.30266,16795681844.128616,-62349.72564418357,121014365964.2675,351649465892.9526,231.02856607625176,-33684215094.459114,16795828870.179754,-62430.43987306769
2049,0.00153675,-34454124023.27484,15187258074.727894,-62349.50594175288,99889821795.73344,353278775884.4098,227.48508506266646,-34403709663.473206,15187890985.439398,-62413.558874461494
2050,0.0015375,-35095343559.69525,13550286951.68603,-62320.42915363801,81837442155.81194,354685741482.04663,224.39289176267252,-35046390578.17054,13549972912.069439,-62396.33137762696
2051,0.00153825,-35659414995.12623,11885356496.058672,-62322.133701858824,66524409711.207466,355862167731.9915,221.71603053569743,-35611049940.584984,11885660977.057777,-62378.75747820512
2052,0.001539,-36144448760.56116,10198008286.231056,-62312.980794605224,53659351274.700584,356815236565.3551,219.42031000483868,-36096761179.94243,10198716583.59162,-62360.83727376012
2053,0.00153975,-36549413142.715744,8492805146.576661,-62284.977497793414,43023481883.89657,357540200829.9329,217.48096711130668,-36502500277.92798,8492860669.63603,-62342.570863778645
2054,0.0015405,-36874305949.78272,6771059255.25048,-62283.50771863838,34442828058.89376,358035262999.691,215.87794924362467,-36827778174.39562,6771820105.928791,-62323.958349669425
2055,0.00154125,-37118093036.02225,5038425563.230804,-62268.903359258744,27770351126.180454,358303713723.1485,214.59269273874736,-37071965619.72442,5039608836.287239,-62304.99983476261
2056,0.001542,-37280438390.86126,3299431494.1539316,-62235.8537709761,22901525810.19051,358341509972.74023,213.61240802035465,-37234812559.73316,3299777485.7372003,-62285.69542430924
2057,0.00154275,-37361525532.03966,1555554202.870804,-62227.398437889504,19758309781.171783,358146668656.5831,212.9270461518323,-37316067810.24099,1556379075.2565408,-62266.045225480666
2058,0.0015435,-37361147831.52511,-186705899.4875593,-62192.36676697466,18284219425.372314,357718527029.15607,212.5282905603525,-37315943715.1269,-186861330.6413765,-62246.04934736789
2059,0.0015442499999999998,-37279654491.974815,-1926911756.7333512,-62192.65346556877,18449801091.954422,357052873260.3202,212.41131607494117,-37234519174.76027,-1926143951.7815356,-62225.70790098102
2060,0.001545,-37117349537.39641,-3658541735.630359,-62171.75110350657,20247922621.946384,356145821628.38934,212.57348867778853,-37072235400.53629,-3657624521.7818203,-62205.020999248656
2061,0.00154575,-36874789795.88739,-5379057082.1966305,-62156.834982228254,23693260703.394398,354992349765.99164,213.0145392849534,-36829568088.98997,-5377615792.709671,-62183.988757017236
2062,0.0015465000000000001,-36552873506.66789,-7083488815.836896,-62126.100525057875,28823366808.36981,353586491450.073,213.7364740133083,-36507374746.67782,-7082424375.111821,-62162.611291050416
2063,0.00154725,-36152454242.57654,-8769101085.982115,-62100.11574934021,35695685233.79716,351922563369.23303,214.74301674451561,-36106542569.54905,-8768239579.835268,-62140.88872002836
2064,0.0015480000000000001,-35674562410.75044,-10432456491.846807,-62079.416379708935,44395405082.17541,349992019376.51086,216.04080174473782,-35628216826.54902,-10431544583.851336,-62118.82116454723
2065,0.00154875,-35120466487.157715,-12069838759.76569,-62059.126418282685,55036860188.42061,347784877932.84326,217.63921301899512,-35073635426.47511,-12068794121.704433,-62096.40874711834
2066,0.0015494999999999999,-34491716107.37872,-13677377524.700531,-62032.79054804564,67765258949.557976,345290361997.06683,219.55009520386625,-34444104013.760925,-13676454920.432655,-62073.6515921676
2067,0.00155025,-33789626809.396423,-15252419878.181547,-62014.55694387519,82759598170.82094,342496974653.08344,221.78772244261418,-33741301970.65756,-15251135113.042406,-62050.54982603475
2068,0.0015509999999999999,-33016080926.125042,-16791169397.005066,-61993.53067255054,100247435685.63754,339388530993.14905,224.3707367051136,-32966951900.05527,-16789559499.406572,-62027.10357697271
2069,0.00155175,-32173181751.090446,-18290000609.874504,-61964.13954025063,120503894431.75455,335949320658.749,227.32073507842458,-32123025189.241856,-18288410464.597694,-62003.312975146866
2070,0.0015525,-31262779930.8612,-19746224609.19506,-61936.52226091194,143862388361.68973,332162052314.5957,230.66286928057755,-31211484311.606647,-19744562482.880596,-61979.17815263429
2071,0.00155325,-30286976502.153202,-21156920143.12376,-61911.511838780396,170738241786.18716,328003487277.5376,234.42840337976693,-30234413629.432957,-21155004626.63699,-61954.699243423085
2072,0.001554,-29248567391.71355,-22518471588.42762,-61875.78694754274,201644599065.7213,323447288563.10645,238.65482249482326,-29194161793.2546,-22516841679.282024,-61929.876383411545
2073,0.00155475,-28149969924.179703,-23828280166.884842,-61835.87845506916,237205018612.5623,318467533192.1959,243.3846955885083,-28093199660.75605,-23827303536.394634,-61904.70971040756
2074,0.0015555,-26993043117.91338,-25084588380.466465,-61808.9596688397,278199797683.3851,313030151526.39764,248.669846468951,-26934109302.626194,-25083582485.045444,-61879.19936412763
2075,0.00155625,-25781096899.105125,-26284070411.50418,-61776.00930528865,325628300834.9143,307088905093.5808,254.57596013092933,-25719517985.770924,-26283215365.24505,-61853.34548619631
2076,0.001557,-24515956938.606037,-27425307448.9411,-61757.41444757598,380737338258.94476,300600154021.52985,261.1785791207881,-24452218599.09926,-27423797037.019203,-61827.14822014525
2077,0.0015577499999999999,-23201831742.834507,-28504713722.75644,-61723.22070750696,445151340465.6043,293500115395.54913,268.5739173173025,-23135059756.997208,-28502933430.806736,-61800.607711412515
2078,0.0015585,-21841326879.590084,-29520633591.2697,-61686.87679005481,520932841445.85474,285730375085.2213,276.8731362479108,-21771131420.476307,-29518635399.834316,-61773.72410734172
2079,0.00155925,-20437923531.551765,-30470856872.1696,-61643.29703564757,610806405537.8597,277207518717.13776,286.2174428362776,-20363398402.8642,-30468723360.77618,-61746.4975571812
2080,0.00156,-18994981201.15518,-31353561262.236526,-61593.06659245255,718396534695.1967,267833626980.82712,296.783840476426,-18915111654.29424,-31351562978.128098,-61718.92821208326
2081,0.00156075,-17514678361.44785,-32167839663.92992,-61553.64586146198,848619052861.986,257486648601.267,308.7983730658001,-17429518350.99761,-32165253422.89495,-61691.01622510322
2082,0.0015615,-16002096916.940252,-32911192135.988247,-61497.688473807604,1008327606375.331,246000577639.11646,322.56182324062695,-15909854326.929655,-32908455440.5645,-61662.76175119871
2083,0.00156225,-14460161140.460264,-33582735649.563473,-61437.57999135845,1207134453107.5222,233192634923.93158,338.4608726155021,-14359462194.888792,-33579644417.98868,-61634.164947228615
2084,0.001563,-12891648522.865576,-34181704414.721863,-61382.484129704084,1458973590123.1348,218810991536.57874,357.02228508138865,-12781829313.91099,-34177664480.699863,-61605.22597195244
2085,0.0015637499999999998,-11301233683.01968,-34706689781.428665,-61317.404114706434,1784614735090.9666,202521625479.1362,378.98338377816253,-11180378230.854752,-34701480024.23455,-61575.944986029186
2086,0.0015645,-9693418196.775814,-35156769587.50212,-61236.06529814231,2215794123037.0386,183912365687.13815,405.38507396966935,-9558648571.611895,-35150153339.96196,-61546.32215201668
2087,0.00156525,-8073825628.335607,-35531098872.42871,-61124.6533996361,2802527165171.412,162462818435.94543,437.7403782188672,-7920064169.371748,-35523004940.43341,-61516.35763437051
2088,0.0015660000000000001,-6446134948.512068,-35829803127.28255,-60993.123406442566,3625933296211.725,137568558378.04,478.2936961043766,-6268297311.895939,-35819425705.77153,-61486.05159944317
2089,0.00156675,-4815592913.581549,-36052907543.09706,-60834.312576320925,4820854496683.703,108650199511.38345,530.4239744766502,-4606904959.66884,-36039185147.14696,-61455.404215483184
2090,0.0015675,-3185532207.004363,-36201102241.20032,-60658.449696193406,6610411148931.758,75783877369.36082,598.9884435446886,-2939423820.234889,-36181890822.423256,-61424.41565263409
2091,0.00156825,-1557836920.8644567,-36275180338.16383,-60479.19161359668,9330711912184.758,41794531653.18364,689.516754777981,-1269373911.6411648,-36247608413.96767,-61393.08608293354
2092,0.0015689999999999999,80869585.509512,-36275991991.83968,-60400.465942044175,13277748007764.79,18487659382.893642,801.0498133983577,399580185.3153936,-36236353650.24492,-61361.41568031233
2093,0.00156975,1775272099.8293066,-36200562977.56824,-60667.78942880517,17764544615520.867,36753707438.670105,899.8165460483879,2063976782.3202662,-36148454425.2439,-61329.40462059346
2094,0.0015704999999999998,3576579257.6014223,-36037425074.48086,-61488.029286103505,19502900850172.99,126860472103.95605,897.2332949380547,3720242365.2404237,-35984323830.197044,-61297.0530814911
2095,0.0015712500000000002,5406622953.746016,-35780908780.296524,-62372.27270513787,16054333363190.129,239972308375.71896,771.4432705850102,5364926209.982224,-35744579903.66737,-61264.36124260971
2096,0.001572,7145244513.268138,-35445097557.44502,-62756.73190489781,10869530580152.564,301398030967.7253,640.2506237158244,6994583966.092517,-35429994179.20348,-61231.32928544291
2097,0.00157275,8794578438.007349,-35040062404.17927,-62741.851904934665,7005043034852.055,315226040216.40894,564.1383552767008,8605800290.139608,-35041463157.86689,-61197.95739337255
2098,0.0015735,10381632515.85795,-34569072215.128494,-62496.18766749598,4637326140045.089,310569913648.6513,526.9473835739574,10195307973.290442,-34580022225.50393,-61164.245751667695
2099,0.00157425,11929937890.498579,-34031012810.719025,-62161.250494598076,3227823750617.484,303778853136.2513,504.5217352725888,11759694800.084229,-34046880573.563538,-61130.1945474836
2100,0.001575,13445965846.786638,-33425890234.839394,-61800.4650281705,2364591462187.4067,300737939812.1605,482.37237737487493,13295819869.092543,-33443456885.550144,-61095.803969860644
2101,0.00157575,14932035238.004076,-32753634631.189785,-61474.12515029912,1807953300331.7244,302017080984.1242,455.13249012873536,14800518434.724726,-32771306098.979607,-61061.074209723214
2102,0.0015765,16381620211.91367,-32017349816.037075,-61161.40467447024,1426095810245.5408,305928930918.6708,423.78078339135504,16270812100.636984,-32032038860.17721,-61026.00545987884
2103,0.0015772499999999999,17796181874.14619,-31216855797.442837,-60920.44909857439,1148712382181.3584,310459928872.89557,392.138424669619,17703646735.26398,-31227373594.274937,-60990.59791501689
2104,0.001578,19175073661.158028,-30352343897.512295,-60773.92923337251,938496753748.8613,314481105740.39545,363.6066438277863,19096233946.675594,-30359277463.073586,-60954.85177170771
2105,0.00157875,20514967604.924053,-29425382235.570286,-60700.84601315941,774852784651.7058,317781066840.25195,339.75546810699456,20445682908.294163,-29429728471.88696,-60918.76722840134
2106,0.0015795,21811474663.266838,-28438617060.649967,-60664.23389736298,645251457251.4039,320614299134.0072,320.5543288976506,21749329379.33785,-28440971760.33135,-60882.344485426525
2107,0.00158025,23062276971.072803,-27393678370.022633,-60661.2697290091,541187413988.7812,323291313736.28827,305.17893458597916,23004581051.489048,-27395259912.79767,-60845.583744989606
2108,0.001581,24262326795.27186,-26294688198.443096,-60644.44356992023,456436849237.34424,326002523827.3111,292.6585972828208,24209071179.97217,-26294990289.17545,-60808.48521117335
2109,0.00158175,25410382424.20019,-25143137771.882748,-60635.7966128447,386455327447.7732,328765390290.1007,282.2145271466748,25360396540.81831,-25142685234.02659,-60771.04908993579
2110,0.0015825,26504525986.603184,-23941057952.696632,-60640.24160048132,327887257816.0757,331532701072.9842,273.3073831151415,26456466819.404366,-23940853676.656578,-60733.275589109195
2111,0.0015832499999999998,27541294397.336033,-22692341743.862293,-60629.351366757044,278301614386.87427,334231928054.8767,265.59271734590936,27495111576.46136,-22692131554.17151,-60695.16491839882
2112,0.0015840000000000001,28519634245.60928,-21398638067.7038,-60627.04993028564,235975359774.3776,336791589575.3733,258.8551895664078,28474384068.85844,-21399394059.611362,-60656.71728938175
2113,0.00158475,29436324714.551537,-20064418267.11709,-60600.88390216589,199626309232.11893,339179115058.25385,252.94131534389902,29392430253.930416,-20065500864.88545,-60617.93291550578
2114,0.0015855,30290137832.65904,-18692123289.468044,-60567.82553098843,168315002067.63724,341367334750.2743,247.7396390932027,30247539362.619026,-18693274183.10824,-60578.81201208813
2115,0.00158625,31080270707.073868,-17283523591.865456,-60550.209186776,141300678849.8109,343350622538.7498,243.15893356185703,31038270777.59423,-17285722933.81384,-60539.35479631443
2116,0.001587,31803950241.423653,-15843869265.368816,-60504.962572735174,117982026723.05849,345130845607.08014,239.12326584914288,31763256687.402523,-15845980741.019453,-60499.561487237275
2117,0.00158775,32460731887.582535,-14375000586.484484,-60463.61068201906,97900583341.56099,346697293218.7605,235.57751863205462,32421144094.695793,-14377068795.2318,-60459.432305775226
2118,0.0015884999999999999,33049512005.716137,-12879984726.93944,-60425.49257010701,80667964189.47557,348053177792.38153,232.47410361425847,33010816104.970158,-12882087534.36021,-60418.967474711404
2119,0.00158925,33569007093.05733,-11362792598.431583,-60376.40865572202,65968725055.880974,349198695707.6914,229.77458121818967,33531346007.459602,-11364207810.971294,-60378.16721869241
2120,0.0015899999999999998,34019062089.416977,-9824864090.462723,-60348.73344515276,53551737260.78381,350131408926.2104,227.449028489341,33981895230.526974,-9826700390.826317,-60337.031764226995
2121,0.0015907500000000001,34398452689.491714,-8270844676.590928,-60310.99093953026,43203632528.94162,350854758949.55945,225.47083456677157,34361907491.72309,-8272758653.772173,-60295.56133968476
2122,0.0015915,34706760876.83822,-6703768102.886226,-60270.54150973966,34762689958.071785,351365197920.9938,223.82034500196866,34670798128.64475,-6705805396.770674,-60253.756175295035
2123,0.0015922500000000001,34943565593.22469,-5127297970.183472,-60222.03673626437,28097954558.66248,351662479994.47687,222.4809473988641,34908102362.5071,-5128908870.123045,-60211.6165031454
2124,0.001593,35108776696.93555,-3544276845.5295253,-60175.23668932423,23107427371.652523,351745815886.9856,221.43911734679673,35073697929.76918,-3545388876.310903,-60169.142557180625
2125,0.00159375,35202426134.969284,-1956829141.5518696,-60146.92942564007,19712210362.383053,351614794031.8428,220.68378743103423,35167551729.08449,-1958442388.896399,-60126.33457320113
2126,0.0015945,35224414491.717995,-368941682.0823235,-60117.8165408884,17855951499.059414,351267994003.08875,220.20654287980835,35189776348.31652,-371423009.3955349,-60083.192788861896
2127,0.0015952499999999999,35174942723.20119,1214831662.330708,-60067.5360029699,17506046936.008705,350701817440.0569,220.00209215598616,35140559396.131996,1212493104.9544232,-60039.71744367098
2128,0.001596,35054483993.20535,2792197779.238481,-60018.932726319304,18647865333.94373,349913306868.47534,220.06704763567515,35020280765.838066,2790062392.158774,-59995.90877898829
2129,0.0015967499999999999,34863515061.94672,4360506079.870865,-59979.433766542905,21284064214.03853,348899484133.31866,220.39970280137385,34829403310.88927,4358048098.2049885,-59951.76703802421
2130,0.0015975,34602738157.4323,5915885293.253307,-59933.766387890995,25437506481.703945,347655533683.97864,221.00074198388657,34568592906.07877,5913491110.293742,-59907.292465838196
2131,0.00159825,34272864194.873104,7455930571.150676,-59895.27179724577,31149134299.418068,346176411548.0349,221.87272973868608,34238697624.292305,7453197657.241213,-59862.48530933753
2132,0.001599,33874841359.049114,8977292517.303688,-59856.2860776149,38482251849.0822,344455217269.827,223.02064772695587,33840687931.62976,8973993530.708647,-59817.34581727585
2133,0.00159975,33410100493.75418,10475672858.194763,-59796.01844358062,47521378737.67654,342484747988.01227,224.451426161017,33375634052.092964,10473062051.82613,-59771.874240251826
2134,0.0016005,32879581373.594444,11949480981.528915,-59744.15083710601,58368583841.28293,340259326372.3299,226.17296519188776,32844657882.60227,11947311525.589056,-59726.07083070771
2135,0.00160125,32284338569.21086,13396499586.017395,-59707.83834409044,71161039787.47363,337767481320.03595,228.19719157678267,32249123290.556137,13393989668.81331,-59679.93584292802
2136,0.001602,31626056164.80327,14813109922.633348,-59667.617979694754,86073187690.81935,334995635092.92346,230.53965907546777,31590526194.518253,14810180100.31512,-59633.469533038035
2137,0.00160275,30906799662.31315,16195611617.247206,-59608.44993735938,103310980191.87408,331932678731.6284,233.2173802373206,30870458680.135593,16193215652.148134,-59586.672159002446
2138,0.0016035,30128086255.58038,17542017827.076572,-59547.80559212985,123115730669.93275,328568161030.3023,236.24895712510013,30090617917.568695,17540436706.798676,-59539.543980623916
2139,0.00160425,29291212847.520424,18850727436.320175,-59502.01192231766,145789202814.02158,324884409589.7859,239.65853485238398,29252740642.02341,18849369565.963837,-59492.08525954155
2140,0.001605,28398644954.641712,20118295308.91824,-59448.2675998548,171711403209.57382,320857840096.22626,243.47709926967852,28358785152.332905,20117487694.28506,-59444.29625922957
2141,0.00160575,27451049984.35562,21344305253.706264,-59423.855118190186,201331576465.95544,316470119540.87726,247.73802824245183,27410797770.003864,21342579471.046974,-59396.17724499577
2142,0.0016065,26451460471.560738,22524942436.782158,-59391.28307259094,235232869159.91245,311686077917.7751,252.48628828972284,26410900373.82972,22522179056.746883,-59347.728483980114
2143,0.00160725,25403128374.44665,23656869559.045265,-59331.52208328445,274105216083.66006,306481986578.94104,257.7693463770118,25361150387.218674,23654156561.698067,-59298.9502451531
2144,0.0016079999999999998,24307374648.434574,24739356605.81905,-59277.71700534523,318780126765.8869,300833708014.1641,263.63942483382976,24263964229.763233,24736457216.56751,-59249.842799314494
2145,0.00160875,23166345848.4389,25770658876.014874,-59231.442573019245,370333547911.2074,294694299841.4621,270.1664764432237,23121726676.404724,25767195128.10568,-59200.406419091574
2146,0.0016094999999999998,21983646202.21218,26747885440.70791,-59168.67976435354,430137302999.7352,288011848792.51337,277.43656230714174,21936897850.564785,26744624380.462685,-59150.64137893787
2147,0.0016102500000000001,20760664649.591434,27670439736.562393,-59116.23235485912,499913801517.5967,280739098799.2678,285.54768380208014,20711964732.581253,27666889373.21365,-59100.54795513143
2148,0.001611,19500708987.79655,28536149343.38553,-59058.18511806364,581936355564.6752,272800270145.08493,294.6270097082785,19449470641.619335,28532480854.849415,-59050.126425773415
2149,0.0016117500000000001,18206787184.253105,29343409143.876705,-58991.76297816744,679170576111.2478,264117289311.28064,304.82876972808293,18152076106.250393,29339905106.49046,-58999.377070786504
2150,0.0016125,16881853772.26028,30090883374.60008,-58917.280732177984,795562565389.7522,254594553952.1795,316.34526156329133,16822540502.103107,30087861599.780476,-58948.30017191338
2151,0.0016132499999999999,15527427154.780548,30778201456.811607,-58854.969393289946,936462051792.5494,244111982622.3036,329.4222486557685,15463634890.852993,30775094446.869724,-58896.89601271506
2152,0.001614,14145766168.956303,31404485126.334152,-58806.7576047825,1109336184811.97,232502687837.52115,344.3888616573515,14078123546.732023,31400540313.873642,-58845.16487856945
2153,0.0016147499999999999,12741826036.403587,31967742434.066284,-58741.39831260719,1324791394178.6694,219559558479.66592,361.6850068527044,12668785135.998114,31963267335.271305,-58793.107056669716
2154,0.0016155,11318880645.659592,32467222459.172062,-58660.88505129684,1598080140446.1494,205051461546.6188,381.8890992087511,11238514019.002592,32462377441.817223,-58740.722836022636
2155,0.00161625,9879344350.985605,32902661724.125423,-58576.207223214704,1951821040928.6858,188670994874.28958,405.7999569419253,9790195121.125397,32897241059.71158,-58688.01250744709
2156,0.001617,8426248941.957384,33273650307.151333,-58487.81283417223,2420608482352.241,170009989951.27695,434.5618593484013,8326670440.454377,33267340753.833076,-58634.976363572336
2157,0.00161775,6963362573.824067,33579757343.231415,-58389.04788745898,3058881703875.0547,148565980831.00333,469.84508343901206,6850973938.045252,33572108096.411236,-58581.614698836485
2158,0.0016185,5494055018.345619,33820912119.832336,-58279.587252285055,3954528968652.1743,123790713391.48961,514.1185021840186,5365814489.318141,33811263033.25746,-58527.927809484834
2159,0.00161925,4022681625.478537,33997092975.439022,-58150.732603718956,5251652516771.236,95292657184.99055,571.0180671629946,3874362286.5011997,33984708479.1013,-58473.91599356821
2160,0.00162,2550662717.6373343,34108941265.015087,-58019.775103712695,7181341704827.121,63635819665.585106,645.5025093682449,2379422071.5809364,34092449311.017426,-58419.579550941264
2161,0.00162075,1079155852.238393,34156863316.952667,-57896.07980443901,10063704935037.314,32830317950.61574,742.2308567055095,883835707.3347297,34134450438.980896,-58364.91878326093
2162,0.0016215,-404777295.5979203,34141174457.14289,-57875.38456400866,14069331564023.06,16927025366.189518,855.8666847145108,-609451920.1240638,34111039483.44699,-58309.93399398466
2163,0.00162225,-1932683166.982352,34059004592.012047,-58130.38459657273,18162797953198.13,47001075248.292564,942.8397677524299,-2097620358.774842,34022513893.25875,-58254.625488368736
2164,0.001623,-3517811349.560863,33903483756.881397,-58684.6801476972,19047925314497.535,141500565595.93948,917.2977084939403,-3577758837.0860367,33869332569.571968,-58198.99357346663
2165,0.00162375,-5105150002.546261,33673333571.73952,-59212.498254898455,15333442987894.19,243603337941.2558,784.8903852190703,-5047114609.587842,33652038410.98516,-58143.03855812723
2166,0.0016245,-6627693670.454668,33378085446.153915,-59407.80996869136,10484806200761.525,295110825886.994,659.7773570427738,-6502927780.341028,33371373706.569675,-58086.76075299323
2167,0.00162525,-8087681829.888309,33024116493.569603,-59337.649966388155,6908483296548.073,306017825364.63544,587.5146750274321,-7942518830.594716,33028220386.516506,-58030.160470499286
2168,0.001626,-9506127502.7563,32612494564.13321,-59133.39001317834,4673825192995.514,301466885818.1662,551.1809753520002,-9363193615.569334,32623492665.267815,-57973.238024870356
2169,0.00162675,-10891405706.396118,32144098319.668022,-58847.13153881928,3311202370020.257,295256023105.4154,528.686778622734,-10762341613.063158,32158261380.363773,-57915.99373211991
2170,0.0016274999999999998,-12250362432.444302,31618506356.531693,-58542.22238782567,2458602753632.599,292402625030.6181,506.6271804094677,-12137372283.755835,31633596460.44225,-57858.42791004824
2171,0.00162825,-13581230743.226265,31037100035.967133,-58233.28887809663,1899070334195.0703,293499051100.0902,479.71613030144505,-13485862491.587433,31050784750.69143,-57800.540878240645
2172,0.001629,-14887768656.315691,30398731205.42982,-57996.2048297753,1510236819044.1228,297107525997.48785,448.5318681046405,-14805379326.283836,30411305483.237453,-57742.332958065635
2173,0.0016297500000000001,-16162749141.364513,29706632461.608776,-57780.72260819198,1224743058342.7583,301507459042.2673,416.4527452311729,-16093510463.85663,29716567243.197304,-57683.80447267323
2174,0.0016305,-17406044600.161606,28961230366.92785,-57614.2259406352,1006508409444.0876,305520744886.1648,386.87833820067954,-17348008336.258804,28968250976.333557,-57624.95574699304
2175,0.00163125,-18616584150.818047,28163175655.782497,-57505.645970529746,835476332452.6652,308829001989.2217,361.6567317081331,-18566759076.058453,28167797917.749947,-57565.78710773266
2176,0.001632,-19790960023.928883,27314581306.128834,-57427.635632560865,699355917284.641,311623547454.60046,341.0518363914033,-19747545262.93166,27317077305.3887,-57506.29888337562
2177,0.0016327499999999999,-20927884877.356728,26416418112.445633,-57385.9734121958,589737721987.5015,314202949785.0448,324.4213266841959,-20888405393.571297,26418004852.26683,-57446.49140417972
2178,0.0016335,-22024091419.455498,25471211464.3964,-57353.596327423555,500360124170.4419,316787670692.73566,310.84972763888146,-21987374750.831985,25472401796.631832,-57386.36500217513
2179,0.0016342499999999999,-23077704584.129295,24480744267.20208,-57329.222733959825,426520611440.00336,319441291089.73315,299.5312568756314,-23042533254.919888,24482238588.202038,-57325.92001116261
2180,0.001635,-24086309628.26575,23447473259.978607,-57300.57467891923,364702250639.87366,322134136566.9282,289.88122516818345,-24052143022.75999,23449606515.445816,-57265.156766711596
2181,0.00163575,-25047081985.959602,22374667330.3735,-57246.88652727173,312334925867.3615,324794399932.3386,281.5180981102289,-25014719212.75508,22376673290.25616,-57204.0756061583
2182,0.0016365000000000002,-25959504935.263283,21263525744.3221,-57195.04898099145,267568271655.74677,327350324385.3526,274.1997571465014,-25928567915.4565,21265486201.249126,-57142.676868603994
2183,0.00163725,-26822146370.437218,20116185674.731617,-57145.635511940316,229015854457.80414,329766888625.477,267.7550672214205,-26792291230.779324,20118400645.12753,-57080.96089491293
2184,0.001638,-27634002337.265755,18934359376.839935,-57107.251048612154,195637552980.22922,332022213892.0858,262.0566856539022,-27604536548.014454,18937669859.386253,-57018.928027710645
2185,0.00163875,-28392544397.35081,17722077998.84568,-57045.573525158376,166631423391.71542,334106310917.8401,257.00431341875446,-28364026167.4269,17725625515.310604,-56956.57861138185
2186,0.0016395,-29096925659.747227,16481518439.778002,-56973.167148035056,141394892728.44034,336004064061.2911,252.52292899477945,-29069630171.785507,16484690319.759867,-56893.912992068705
2187,0.00164025,-29746868484.31984,15213909938.462307,-56914.4294689347,119437518509.6795,337713968882.4832,248.5495345161809,-29720363005.811195,15217291023.904772,-56830.93151766875
2188,0.0016409999999999999,-30340707035.245304,13923018784.197319,-56841.663578541986,100346733463.59335,339240708501.8031,245.0296194171054,-30315295300.01554,13925875177.839123,-56767.634537833146
2189,0.00164175,-30878344808.18232,12609967484.75505,-56782.97278371631,83799190223.57251,340579146320.5787,241.92237271119515,-30853637653.965534,12612783881.705324,-56704.02240396449
2190,0.0016425,-31359060200.16593,11277047577.994717,-56735.87064910202,69516971373.57106,341732825273.9735,239.19212645100728,-31334643637.01855,11280693058.121504,-56640.09546921513
2191,0.00164325,-31781376971.42811,9929045760.993814,-56658.18336272966,57274211069.93067,342701732346.93445,236.8100992697839,-31757783884.110626,9932018039.721115,-56575.85408848499
2192,0.001644,-32145446611.511505,8567107992.890883,-56584.802094851584,46899290825.87048,343480153510.68066,234.75553848418892,-32122562839.255695,8569420075.54516,-56511.29861841977
2193,0.00164475,-32451120633.226807,7192910476.577057,-56527.84843410132,38239094006.99583,344072228166.3562,233.0080509264881,-32428646632.264248,7195261075.001575,-56446.42941740884
2194,0.0016455,-32698000520.64091,5809136973.565601,-56478.115339041484,31166723615.223087,344480100131.9439,231.55006408157527,-32675761810.549385,5812246975.222741,-56381.24684558325
2195,0.00164625,-32885695526.777683,4419345733.635167,-56415.99858204161,25583917730.96979,344702406995.14276,230.36827146907535,-32863790989.83242,4422811106.388788,-56315.75126481386
2196,0.001647,-33014251602.486164,3025880304.6111116,-56349.36320466448,21416693804.727253,344736865128.8752,229.45270041493006,-32992700396.861404,3029447528.550483,-56249.94303870916
2197,0.00164775,-33083777287.729843,1631186827.2354054,-56281.06744913933,18606644545.73324,344583297086.75793,228.79473566143892,-33062517781.287395,1634763784.3063471,-56183.82253261344
2198,0.0016485,-33094485955.040707,237296767.75287247,-56219.22060014739,17110991282.124195,344241105185.1246,228.38746531587228,-33073520321.32066,241263740.44913217,-56117.390113604546
2199,0.00164925,-33046637759.40711,-1151826920.169022,-56137.24061971322,16902130968.60121,343708907750.4015,228.2258888174362,-33025916910.098988,-1148691985.6672697,-56050.64615049202
2200,0.00165,-32940681126.25405,-2535548430.326099,-56072.336124029316,17966601787.286312,342984688004.7368,228.30685243139044,-32920081221.872627,-2532485080.0856996,-55983.591013815014
2201,0.00165075,-32777091192.898403,-3910668093.2989364,-56005.06160714318,20305277817.234337,342065964412.18787,228.6288475202534,-32756514423.7262,-3907829941.258695,-55916.225075840164
2202,0.0016515,-32556455621.925045,-5274952866.959712,-55938.788156317125,23933125754.034542,340949501100.9977,229.19205242490185,-32535943938.11892,-5272231104.633667,-55848.548710559546
2203,0.0016522499999999999,-32279445643.970634,-6626132287.9366255,-55874.35756048999,28879398789.12893,339631512030.8036,229.99822202796116,-32258959769.98262,-6623480032.218395,-55780.56229368864
2204,0.001653,-31946873961.562584,-7961711266.077905,-55807.942742910665,35188357255.22241,338107500058.7676,231.05073199858631,-31926449323.58433,-7959143245.091259,-55712.266202664294
2205,0.0016537499999999998,-31559403482.22665,-9280269274.021378,-55754.21866630603,42919257133.415215,336372626601.7775,232.35444038903535,-31539110824.325108,-9276989731.970434,-55643.66081664243
2206,0.0016545000000000002,-31118367593.769665,-10578087379.4165,-55683.382377383634,52152619259.00614,334419468482.38196,233.91671459942523,-31098056661.39668,-10574803526.943533,-55574.746516496176
2207,0.00165525,-30624601012.75463,-11853926664.572052,-55617.304808611865,62979923998.6454,332243982704.23895,235.745075263227,-30604371690.04602,-11850341301.501886,-55505.52368481356
2208,0.0016560000000000001,-30079506408.25083,-13104978088.268465,-55542.200019571654,75519980432.43465,329837220760.37994,237.850207982309,-30059169785.775383,-13101619445.070406,-55435.99270589553
2209,0.00165675,-29484118596.924347,-14329789809.5989,-55471.36724515185,89911553901.94221,327192069869.626,240.24407764587946,-29463549666.612095,-14326577761.13973,-55366.153965753736
2210,0.0016575,-28839375536.79787,-15527074842.236248,-55415.28320683988,106327637173.02406,324297311374.0435,242.9420540149293,-28818996299.990078,-15523157713.177794,-55296.00785210843
2211,0.00165825,-28147604978.07989,-16693004102.10106,-55335.18038574542,124982958001.73576,321138535360.11774,245.96351962101025,-28126863805.726143,-16689485912.722818,-55225.55475438625
2212,0.0016589999999999999,-27409577139.133583,-17827159032.293465,-55264.66482790851,146112515223.66614,317710015535.3573,249.3265287049587,-27388531747.421402,-17823654448.6483,-55154.795063718135
2213,0.00165975,-26626800881.499405,-18927706782.897255,-55199.343355399855,170018001546.5046,313992989041.457,253.05624279723463,-26605586515.814995,-18923940300.171406,-55083.72917293715
2214,0.0016604999999999999,-25801091321.407677,-19992578464.89409,-55130.77040839228,197061964382.02783,309969563683.50714,257.1820977367602,-25779720442.06727,-19988640208.6004,-55012.35747657619
2215,0.00166125,-24934192507.24036,-21020066333.349506,-55058.44099162937,227676419572.3873,305622511242.07684,261.736909654792,-24912431418.20034,-21016132958.42981,-54940.68037086598
2216,0.001662,-24028104319.491188,-22008345640.46737,-54978.01895678647,262384722039.96948,300931236280.0386,266.7588474522094,-24005464880.953114,-22004857021.062923,-54868.69825373265
2217,0.00166275,-23084094977.226055,-22956595875.401043,-54904.26028875993,301820920130.9592,295873173677.4739,272.29206833916624,-23060613443.484142,-22953315602.011894,-54796.41152479575
2218,0.0016635,-22103598904.96249,-23863769792.068962,-54841.84219256003,346781637894.17175,290415274985.1225,278.3919343779847,-22079780138.52746,-23860147069.01227,-54723.82058536591
2219,0.00166425,-21089399734.38372,-24727627770.71972,-54768.35947082353,398266400072.27167,284519158839.83203,285.125715021514,-21064699948.98563,-24724075005.375473,-54650.92583844261
2220,0.001665,-20042809118.564526,-25547551977.246334,-54699.4307015091,457498278765.49274,278152594904.9933,292.5679102177696,-20017425675.042393,-25543859263.208183,-54577.72768871193
2221,0.00166575,-18966624382.57573,-26321735954.72979,-54618.96242816104,526044471106.6467,271265380530.61972,300.8119015847123,-18939740997.51826,-26318357543.734093,-54504.22654254438
2222,0.0016665,-17861408115.33899,-27050258274.49207,-54554.78749353931,605883377052.7017,263808695193.81122,309.96718996782283,-17833782795.01121,-27046557246.459152,-54430.42280799263
2223,0.0016672500000000001,-16729646552.128767,-27731719556.43185,-54493.03139576468,699632622357.5331,255703754912.58017,320.17744614749785,-16701547337.471657,-27727458026.73617,-54356.316894789124
2224,0.001668,-15575070754.999928,-28364234169.2435,-54408.47236076067,810719251831.5767,246870140909.58917,331.6179774379951,-15545007494.325037,-28360197921.134476,-54281.90921434401
2225,0.00166875,-14397924707.233284,-28948226942.337036,-54335.457039043205,943644515978.1676,237227225333.41263,344.4977594351026,-14366295800.681671,-28943945758.708595,-54207.20017974258
2226,0.0016695,-13200639720.627975,-29482771593.91354,-54265.28335248335,1104599089597.0,226640119470.50952,359.09831949392105,-13167505475.839956,-29478106439.187443,-54132.190205743354
2227,0.00167025,-11986748960.494234,-29966647230.330284,-54179.43931341556,1302148711375.505,214954845334.854,375.7859502571596,-11950782580.37157,-29962054667.144844,-54056.87970877537
2228,0.001671,-10757543991.70674,-30399858165.751293,-54093.788543481314,1548318598493.47,201996481085.92365,395.0350104134895,-10718202156.796347,-30395257922.356358,-53981.269106936204
2229,0.0016717499999999998,-9514440243.36551,-30782288422.17788,-54016.554691174795,1860529657663.7478,187521793167.27286,417.49539791636477,-9471984530.571028,-30777292422.736237,-53905.35881998938
2230,0.0016725,-8260414259.061962,-31113326362.406185,-53936.15087737182,2264670771812.6416,171216866604.7604,444.07699383783245,-8214140534.387011,-31107926496.880474,-53829.149269362286
2231,0.0016732499999999998,-6997488146.133686,-31392840501.599926,-53855.0764645856,2800095536838.2954,152710874655.45157,476.0626138968911,-6946845185.396676,-31386818249.71975,-53752.64087814361
2232,0.0016740000000000001,-5729480728.545084,-31620391144.727646,-53757.89415063429,3528248359408.088,131565714936.06635,515.3057356320678,-5672268455.445419,-31613850978.96456,-53675.8340710812
2233,0.00167475,-4456486102.383515,-31796527859.488987,-53668.25210931138,4546827886772.882,107381296763.64476,564.4889879565334,-4392547896.809256,-31788903314.197655,-53598.72927457957
2234,0.0016755000000000001,-3182178382.2879605,-31921072685.879917,-53570.62006065832,6012205315183.178,80040336053.59569,627.4487834045184,-3109763724.9885674,-31912127299.2695,-53521.32691669749
2235,0.00167625,-1905701085.8622668,-31994581637.060043,-53490.389993976096,8162358262895.197,50757482324.66466,708.975784349099,-1826046403.2246625,-31983526684.782364,-53443.62742714585
2236,0.0016769999999999999,-627073943.0436387,-32017115362.76969,-53435.38751313027,11283966549661.822,24859547322.00878,812.0377124750878,-543473168.7687675,-32003415695.33519,-53365.63123728495
2237,0.00167775,660058632.3492793,-31988431807.21368,-53449.90151042006,15372972684797.443,18015508106.79148,925.491971901074,735910120.1778651,-31972015243.734806,-53287.33878012235
2238,0.0016784999999999999,1971595981.440217,-31906689907.565624,-53621.02581629777,19046950932811.605,58406159048.06825,997.3484081189537,2010022155.3392217,-31889607063.802658,-53208.75049031034
2239,0.00167925,3300230813.071174,-31769501735.213123,-53887.91340202242,19209454746621.586,151574030437.4846,951.9268481292773,3276891527.2672377,-31756818128.94866,-53129.86680414363
2240,0.0016799999999999999,4602702707.076311,-31579672187.179893,-54019.727547228125,15348598794998.398,241017757917.76822,816.8853994976038,4534481937.737159,-31574017970.39893,-53050.68815955678
2241,0.00168075,5868069096.917515,-31341120230.23105,-53994.4755886147,10721961834437.205,284359114430.37445,696.4291342112288,5780848337.965096,-31341780140.333157,-52971.21499612193
2242,0.0016815,7101908849.441366,-31056039892.7325,-53864.68836068337,7274299657802.58,293565426770.48315,625.6439465400438,7014063758.311558,-31060893136.896137,-52891.44775504627
2243,0.00168225,8312826999.098466,-30724850261.07855,-53684.5888124169,5052720541660.53,289576050716.6853,588.7501451436929,8232339764.996811,-30731960033.05749,-52811.386879169615
2244,0.001683,9508454960.361795,-30346666752.79967,-53507.45235934766,3655771677766.301,283932373160.21356,565.7842916806784,9433703578.643143,-30355938620.4946,-52731.03281296186
2245,0.00168375,10682609409.794645,-29923644693.779778,-53300.12630100903,2757988173805.8584,281132539804.78314,544.0015606110361,10616451047.625185,-29933763628.12503,-52650.386002520674
2246,0.0016845,11836322525.041307,-29456126169.151703,-53089.7416958191,2156320762149.3967,281855041068.1259,517.8230114963358,11778712367.71212,-29466275007.362324,-52569.446895568966
2247,0.00168525,12968156188.810236,-28945069907.86792,-52886.4878057771,1731711349412.8013,285052382339.0992,487.03073540979346,12918973964.717743,-28954523470.293102,-52488.21594145224
2248,0.001686,14077124613.305151,-28391251442.658188,-52703.80847592982,1416630016887.6714,289212121050.86005,454.4184459243551,14035477929.491425,-28399636106.219738,-52406.69359113639
2249,0.00168675,15161982707.792868,-27795523440.905148,-52548.03071356355,1173608544389.0808,293214833897.1178,423.2967865372493,15126641197.597603,-27802664510.777363,-52324.88029720489
2250,0.0016875,16221100778.342573,-27158961719.833794,-52416.53343022847,981561989943.6763,296606951605.6256,395.8796425801029,16190989300.270706,-27164906679.243206,-52242.776513856545
2251,0.00168825,17252880137.141903,-26482723926.33203,-52304.81876482736,827675891202.6504,299436517141.9259,372.91659181791965,17226881727.136517,-26487539002.454117,-52160.382696902816
2252,0.001689,18256319999.65084,-25767672732.39146,-52215.99629676192,703193376319.3914,301957266506.81506,354.1065820794277,18233040204.465202,-25771873262.992867,-52077.69930376536
2253,0.00168975,19228559449.43594,-25016025699.46317,-52123.62679511281,601532238432.2617,304410002298.50323,338.679404038669,19208089052.58099,-25019271399.45984,-51994.72679347336
2254,0.0016905,20170155661.06341,-24227726198.396427,-52058.48168009706,517618829195.61194,306909201525.19476,325.83041844990663,20150721469.741497,-24231161809.501793,-51911.46562666119
2255,0.00169125,21078312006.579044,-23405220503.19949,-51989.64685319307,447468515630.0042,309488188562.5559,314.89869648447336,21059685099.221912,-23408982548.991276,-51827.91626556572
2256,0.001692,21951361834.7621,-22550411909.02405,-51909.45360402267,388098935943.12146,312094281658.74615,305.42730043708434,21933793845.240498,-22554127381.74769,-51744.07917402369
2257,0.0016927499999999998,22788827320.405834,-21664253048.926952,-51832.59936595881,337302530966.53986,314661542072.74115,297.1173908140968,22772000414.07749,-21668278408.449768,-51659.95481746934
2258,0.0016935000000000001,23589497123.300327,-20748404304.208836,-51755.38493429895,293429818343.2803,317144612899.81323,289.7653493827974,23573149898.59611,-20752819803.76655,-51575.5436629316
2259,0.00169425,24351399255.45089,-19805587557.850433,-51656.3889389348,255256300405.22293,319510695966.5994,283.2259470985592,24336350899.384476,-19809470272.30196,-51490.846179031665
2260,0.0016950000000000001,25074834945.09245,-18836129868.833805,-51567.60992939513,221876947445.17236,321734047097.9675,277.3917567070908,25060835461.538692,-18839738318.572758,-51405.86283598032
2261,0.00169575,25758792535.09537,-17841812034.239162,-51482.50349995357,192565009598.74683,323814083086.90845,272.16994529008804,25745599247.777775,-17845233333.581985,-51320.59410557536
2262,0.0016964999999999999,26402707490.73901,-16823938586.54866,-51405.85700034543,166751086770.9115,325746504846.65234,267.485596287539,26389898116.72535,-16827651475.838207,-51235.04046119886
2263,0.00169725,27005616074.882954,-15784478616.734102,-51328.93758215156,143975851252.10446,327529489402.4787,263.2777730613737,26993074733.785614,-15788726261.211828,-51149.20237781475
2264,0.0016979999999999999,27566538589.944767,-14725703256.758543,-51241.42362293005,123871818549.42259,329159215355.062,259.4984113508681,27554437918.43921,-14730069025.221752,-51063.080331966026
2265,0.00169875,28085291619.63649,-13648715013.85438,-51157.852007035435,106141800341.91452,330632235777.34467,256.1091931874905,28073538257.41653,-13653394726.83527,-50976.67480177209
2266,0.0016995,28561188943.604656,-12555589621.61323,-51070.3743743197,90529810076.55357,331951381389.3575,253.07613635131938,28549957255.914566,-12560553147.608116,-50889.98626692625
2267,0.0017002500000000002,28993768840.956547,-11448213981.54242,-50977.66325901611,76824382774.66963,333116514293.68805,250.37142070068666,28983005293.8674,-11453084663.965878,-50803.015208692836
2268,0.001701,29382738832.54955,-10328288981.493017,-50882.243578374386,64847652543.21742,334128064065.66925,247.97177330344647,29372570597.257874,-10332803176.773874,-50715.76210990477
2269,0.00170175,29728042773.571354,-9196988497.25587,-50794.632347077735,54448413685.968376,334987373188.21655,245.857159745091,29718303030.491116,-9201441116.330715,-50628.227454960674
2270,0.0017025,30029209606.2447,-8056813140.4315605,-50698.698206762725,45496365116.355644,335696827172.3494,244.00984828190806,30020021225.268375,-8060747724.623396,-50540.41172982237
2271,0.00170325,30286414427.603497,-6908484049.764319,-50614.578408608104,37887321593.819565,336255473366.28735,242.4159777901351,30277589989.738575,-6912402843.406007,-50452.31542201194
2272,0.001704,30499347598.223194,-5754533979.927168,-50523.922645519975,31529853490.31295,336665656188.5029,241.06267619425387,30490939029.66511,-5758200537.688408,-50363.93902060931
2273,0.0017047499999999999,30668184140.3483,-4595847217.950654,-50443.04590900026,26352871238.920494,336926441016.97253,239.94001006468258,30660085688.41702,-4599762690.124441,-50275.283016249254
2274,0.0017055,30792748119.886986,-3435429581.988651,-50346.222475838746,22295876228.506603,337038986986.2596,239.03901057051897,30784984926.041687,-3438809272.508032,-50186.347901118905
2275,0.00170625,30873414784.430668,-2273352255.950738,-50266.553483792195,19313927030.97108,337002060187.9918,238.35300159534802,30865887363.862427,-2277007945.0108767,-50097.13416895493
2276,0.001707,30910219185.276505,-1112233263.2115004,-50181.46518313485,17368801347.080368,336816886507.3757,237.8756724975039,30902901974.35808,-1116139164.072238,-50007.64231504062
2277,0.00170775,30903443098.52268,46939792.38882198,-50104.08063800947,16434890179.781443,336482243175.82166,237.60264446782801,30896364276.820942,42267604.150240645,-49917.87283620356
2278,0.0017085,30853370487.608513,1200786712.868551,-50002.148524258664,16495190252.196762,335997412452.8676,237.53060208333804,30846639181.020573,1196508378.22217,-49827.826230812374
2279,0.00170925,30760395230.186428,2349964832.773699,-49922.956401721145,17540682683.086926,335361557187.5935,237.65722757478002,30753945198.855164,2345050635.000891,-49737.50299877433
2280,0.00171,30625017655.356377,3490811229.379196,-49822.826691677445,19571596970.97401,334573296674.121,237.9813217025949,30618854671.57533,3486242490.6765275,-49646.903641532364
2281,0.00171075,30447690927.555588,4623010599.09402,-49730.5059028532,22594393572.474667,333631715136.6526,238.50237578296228,30441768461.403934,4618523071.718036,-49556.02866206243
2282,0.0017115,30229041234.84191,5744408499.514952,-49632.287526956374,26625724742.606342,332534522062.49493,239.22123520147844,30223295464.14448,5740475463.570818,-49464.87856487055
2283,0.00171225,29969409112.176693,6855007583.034347,-49555.706164085525,31689519447.559093,331279887700.1244,240.13949802356439,29964060110.049156,6850522220.241125,-49373.45385599016
2284,0.0017130000000000001,29669743164.850727,7951606391.98316,-49462.9758427865,37824421940.44419,329863034053.0851,241.26089567006,29664553116.916756,7947246295.556663,-49281.75504297929
2285,0.00171375,29330788507.02739,9032934563.749067,-49362.66280048872,45071767047.73249,328282936727.6908,242.5886554282885,29325671249.107403,9029148642.597284,-49189.78263491758
2286,0.0017145,28952906190.38656,10099002171.209501,-49281.63025559646,53483644877.176346,326536740636.9387,244.1271177725068,28948069785.125164,10094898827.004942,-49097.537142403664
2287,0.00171525,28537009985.540176,11147830877.15128,-49202.00077032603,63132182627.568504,324617203441.0575,245.88370189029376,28532622006.35651,11143084671.697628,-49005.019077552235
2288,0.0017159999999999999,28084358229.91628,12177019385.484415,-49104.176313526004,74098773812.04338,322520123654.4685,247.86614000245314,28080069625.598164,12172431027.877548,-48912.22895399122
2289,0.00171675,27595622909.984734,13186028267.693226,-49007.46348531018,86471127202.0355,320243877579.9107,250.08155260505308,27591396419.512943,13181651582.550327,-48819.167286858836
2290,0.0017174999999999998,27071466386.37796,14174193912.242529,-48921.479204941454,100359988730.77272,317781362086.3045,252.5400726784346,27067596801.485657,14169568619.327055,-48725.834592800944
2291,0.00171825,26513443684.87778,15139133237.336145,-48820.720451779656,115901429527.25554,315123308375.65314,255.25485478847372,26509514782.313396,15134988574.672636,-48632.231389967936
2292,0.001719,25921788464.678493,16081199107.217424,-48737.496049204245,133241609026.39996,312266596983.96356,258.2380000685494,25918271182.953014,16076805325.382414,-48538.35819801203
2293,0.0017197500000000001,25298332248.915337,16997886459.873137,-48639.6915093814,152571113483.5468,309197474287.4295,261.50723573608406,25294763236.235897,16993863868.46377,-48444.21553808434
2294,0.0017205,24643147094.66224,17889745319.77027,-48562.223238247745,174093987866.8604,305911944450.64636,265.0788082226186,24640141889.318047,17885178715.965843,-48349.803932831994
2295,0.00172125,23957993857.019234,18754688542.54904,-48477.967834185256,198075429632.63065,302392359394.2835,268.9762196542097,23955579911.203823,18749624685.69296,-48255.123906395085
2296,0.001722,23244461597.516502,19591235597.55981,-48378.871951935034,224809905331.73108,298630828364.5695,273.22254060436074,23242189181.4603,19586366963.947983,-48160.17598440403
2297,0.0017227499999999999,22502325476.881756,20400223280.62658,-48303.99759174214,254636746774.04037,294619020900.76904,277.8421629776179,22501117778.831394,20394513084.594284,-48064.96069397647
2298,0.0017235,21734997100.55336,21178192159.87576,-48193.55057447731,287998324042.4705,290330418809.3966,282.8711592403621,21733541515.287235,21173222365.192226,-47969.4785637143
2299,0.0017242499999999999,20942735783.877773,21925615346.66501,-48083.645979669986,325364274256.40845,285764596982.3062,288.33931942897345,20940643668.58436,21921575335.923893,-47873.730123700945
2300,0.001725,20125678782.374428,22642816777.816757,-47996.27798438095,367333297286.1264,280897622779.5558,294.28782877509303,20123744674.73815,22638857927.427258,-47777.71590549815
2301,0.00172575,19285539073.26978,23328531161.947277,-47913.20177198774,414667240164.3078,275694769754.9099,300.77196418929964,19284037211.240112,23324395304.897594,-47681.43644214329
2302,0.0017265,18423401938.975746,23982202010.27134,-47835.76946352559,468282970761.81305,270131129166.2896,307.85199585375585,18422808665.971306,23977505890.068096,-47584.89226814624
2303,0.00172725,17541141487.639023,24602713173.989525,-47751.34373015363,529314633111.5203,264175723367.25226,315.5979923077978,17541340999.907948,24597727933.722473,-47488.083919486475
2304,0.001728,16639387087.263584,25190007558.5009,-47673.57429442046,599151641453.8278,257798974083.16928,324.08912279347373,16640871692.136442,25184360515.53476,-47391.01193360998
2305,0.00172875,15721129507.117407,25742434343.88948,-47573.42452445606,679563941015.9014,250954244987.86377,333.4249510968944,15722934671.817453,25737022413.23848,-47293.67684942649
2306,0.0017295,14786577250.798084,26260387030.42119,-47476.3412694262,772738329921.47,243607751887.22195,343.71596499507217,14788563557.934858,26255167457.4095,-47196.079207306335
2307,0.00173025,13836775451.732807,26743624484.40753,-47385.40073050323,881531839183.6783,235694528799.16696,355.1061167851933,13839218627.235332,26738435048.24678,-47098.21954907739
2308,0.001731,12872967969.711288,27191808847.898846,-47299.658197994366,1009691008693.9948,227138113975.9575,367.77751201824714,12876240385.868427,27186547792.45317,-47000.0984180223
2309,0.00173175,11896467958.497673,27604611622.069496,-47217.58817676173,1162185073502.5068,217849804965.37582,381.95834482706016,11900917446.266388,27599234778.808964,-46901.71635887515
2310,0.0017325,10908770335.700142,27981680877.856674,-47135.961134996855,1345700885235.7332,207723680321.278,397.93736302430943,10914589613.259329,27976155414.612858,-46803.073917818736
2311,0.00173325,9911940958.151897,28322532163.720715,-47045.98437220915,1569380117178.329,196632227439.09747,416.08507390981936,9918601283.58525,28317218562.970993,-46704.171642481335
2312,0.001734,8906339848.194641,28627417993.326645,-46961.780592532225,1845918156945.2725,184425508120.0207,436.8816692831181,8914233111.825033,28622139539.25188,-46605.01008193382
2313,0.00173475,7892304002.7593355,28896486612.96139,-46892.418763526504,2193444605560.0605,170898041919.81403,460.97971061285665,7902881307.468829,28890902958.615967,-46505.58978668636
2314,0.0017354999999999998,6873146909.309553,29129015418.419968,-46812.59510364556,2638462836653.057,155788651897.27902,489.28323232168225,6885827100.773555,29123520991.179005,-46405.91130868571
2315,0.00173625,5847765229.831881,29325616520.169594,-46749.65983062735,3220302633597.248,138822182163.47617,523.030760213995,5864364573.194088,29319932970.99131,-46305.97520131182
2316,0.0017369999999999998,4820397117.75631,29485588049.420914,-46671.10150452669,3999038844857.592,119651575888.13788,563.9954836342554,4839776947.926178,29480170336.67389,-46205.78201937501
2317,0.0017377500000000001,3790025957.251521,29609503244.525463,-46602.3451294189,5067253512522.35,98025372140.09348,614.6618164116046,3813353756.271811,29604437995.118855,-46105.33231911276
2318,0.0017385,2755639765.3854375,29697645017.327602,-46560.028453332074,6568068949571.753,73948408489.05429,678.4730310889723,2786411612.01313,29692839157.327778,-46004.626658186586
2319,0.0017392500000000001,1719323063.1589742,29749752256.04737,-46530.081290683214,8712404975070.485,48441331306.67567,759.650369425853,1760134243.9061844,29745637329.3488,-45903.6655956791
2320,0.00174,681401325.937716,29765823768.890213,-46516.071973065824,11752068701608.396,25562774028.66633,860.9633408823706,735729194.8649747,29762978426.66101,-45802.44969209079
2321,0.00174075,-357112159.77971166,29745782229.43753,-46515.93780381965,15740154103499.338,16496977079.56993,974.8534991754301,-285431355.1394705,29745077281.456917,-45700.97950933688
2322,0.0017415,-1389013664.2928548,29689867801.03913,-46493.525524502504,19748987453300.203,42204441181.647415,1063.0669061987776,-1302220908.9143913,29692277003.802803,-45599.25561074434
2323,0.00174225,-2402868486.5088363,29599316131.723858,-46395.61001222225,21221869114723.605,114670862727.66374,1056.3596777167058,-2313521749.7108674,29604927568.976517,-45497.278561048595
2324,0.001743,-3396020889.04574,29475867347.278343,-46227.892592861506,18581202900850.523,200478297463.1356,944.1599935076888,-3318093450.121894,29483444463.621788,-45395.0489263905
2325,0.00174375,-4375786436.310903,29320184306.771507,-46042.29808753262,13979286058921.98,254696142477.76187,811.8025117164561,-4314863711.385884,29328285782.27483,-45292.567274313325
2326,0.0017445,-5343087143.874855,29132965693.380833,-45845.22527032281,9913418195944.895,273983434750.97952,719.1673704284665,-5302706220.164158,29139921632.20319,-45189.834173759205
2327,0.00174525,-6309663732.563585,28912481513.56021,-45699.46548918778,7045215672814.388,274956717308.634,666.7445652273004,-6280509750.261724,28918842210.147446,-45086.85019506643
2328,0.0017459999999999997,-7271483832.539114,28659037192.403725,-45583.529079567255,5150217751225.345,270361378670.9951,636.9511600521778,-7247207636.345418,28665529300.157955,-44983.61590996591
2329,0.00174675,-8221404847.507448,28374202458.10291,-45456.635678786326,3900544379214.254,266318873969.2858,614.9872788144817,-8201778790.182685,28380621655.56374,-44880.131891578334
2330,0.0017475000000000001,-9162810799.488663,28057245099.912113,-45353.554679757566,3055345751035.0312,264956364427.73743,592.0624823945061,-9143243963.413168,28064712912.93615,-44776.39871441067
2331,0.00174825,-10086316379.7534,27711151630.104736,-45205.23882844094,2460277167015.7417,266383386586.69183,564.5890290720615,-10070557398.666113,27718384419.917377,-44672.41695435325
2332,0.0017490000000000001,-10995977392.98786,27335162756.475304,-45063.5109317086,2022136364276.2856,269591525864.38348,532.9978292670526,-10982822174.279583,27342376400.61997,-44568.187188676406
2333,0.00174975,-11889968443.766138,26930219068.633537,-44922.578817936424,1685877259018.5264,273469598236.6527,499.82647617362994,-11879175932.491968,26937287650.951096,-44463.709996027224
2334,0.0017505,-12766884469.943897,26497248264.350945,-44779.23062626729,1419811913485.2764,277188871308.4689,467.9420332560308,-12758563324.248913,26503888075.855377,-44358.98595642665
2335,0.0017512499999999998,-13627109075.16308,26036412497.090443,-44650.50093064464,1205407723718.949,280388760251.75006,439.3551484400172,-13620264935.745092,26042855273.754906,-44254.01565126577
2336,0.001752,-14469904352.460835,25548298975.98041,-44536.64692131678,1030883686658.2417,283098224219.6209,414.87841977487113,-14463463448.238235,25555115045.265743,-44148.79966330304
2337,0.0017527499999999998,-15293808085.991472,25033937226.92954,-44427.08832585955,887893849917.9899,285512501743.23944,394.401032168472,-15287290918.62982,25041359086.97887,-44043.338576660724
2338,0.0017535,-16095420189.669,24495744787.92293,-44283.74082121882,770007435198.9536,287827325858.1208,377.33607482589787,-16091126505.740463,24502326523.624924,-43937.632976821915
2339,0.0017542500000000002,-16877283391.160152,23932654194.127533,-44161.12807065148,672139686153.4227,290147815745.8328,362.9896208559626,-16874077828.79043,23938900648.104794,-43831.68345062704
2340,0.001755,-17637834572.8021,23345992496.383495,-44042.01558004874,590068476036.9667,292547785916.5117,350.71946305335797,-17635516286.49332,23352022863.90702,-43725.49058627079
2341,0.0017557500000000001,-18376849216.59816,22736261040.69298,-43933.10341906645,520465886908.28705,295013453515.9979,340.0396571179563,-18374949703.118717,22742391282.692333,-43619.05497329883
2342,0.0017564999999999998,-19093316337.322136,22104567165.46911,-43825.96459515743,460747025082.93134,297504580016.2886,330.61067909168145,-19091607109.18157,22110953054.184803,-43512.3772026043
2343,0.0017572500000000001,-19785626860.99256,21452682836.661068,-43701.69386900595,408962554581.1887,299970918969.08417,322.2052000048518,-19784844105.21973,21458571656.76447,-43405.45786642498
2344,0.0017579999999999998,-20454813694.735455,20780158503.285294,-43594.11017676736,363673491600.7639,302366046276.4247,314.66969437420846,-20454263529.692406,20786157626.860954,-43298.29755833948
2345,0.0017587500000000001,-21098750644.410175,20089405767.351162,-43467.274864853396,323752325587.98224,304678545454.68066,307.8795499709706,-21099307933.51657,20094687392.465202,-43190.89687326441
2346,0.0017594999999999998,-21718488860.03765,19379875189.97266,-43357.476529554464,288373329879.60583,306884868121.12933,301.7422556425967,-21719507975.705276,19385066775.93981,-43083.25640745068
2347,0.0017602499999999999,-22313082966.805355,18652940724.808685,-43249.97773372729,256857927502.95648,308988639033.5598,296.1734792721313,-22314404570.3475,18658074281.92674,-42975.37675848055
2348,0.0017610000000000002,-22882145018.518368,17909483495.56296,-43144.96499733217,228679665492.89835,310984163639.2957,291.1055530290096,-22883592815.144573,17914845651.602226,-42867.25852526399
2349,0.0017617499999999999,-23424563985.503044,17151379545.558807,-43023.64226588064,203414706754.77188,312868309513.5206,286.4831574626311,-23426704303.359516,17156223074.94322,-42758.902308035606
2350,0.0017625000000000002,-23940969070.243595,16378377759.404165,-42914.74054166684,180730202300.5959,314633933588.3668,282.2636650678291,-23943441789.492306,16383205657.151348,-42650.30870835125
2351,0.0017632499999999998,-24431320185.123016,15590918710.690853,-42823.22674302004,160326588488.37344,316287681732.7514,278.4063323643604,-24433382465.64576,15596658927.2915,-42541.47832908441
2352,0.0017640000000000002,-24894001051.53363,14791915897.240604,-42706.088005384685,141947148195.14316,317833042560.6611,274.8760799462426,-24896354153.674778,14797541666.311453,-42432.4117744235
2353,0.0017647499999999998,-25329829465.126965,13980739924.430885,-42601.923306224984,125400844529.89363,319260218415.17413,271.65006029870995,-25332153835.821453,13986859477.382664,-42323.109649867554
2354,0.0017655,-25737957111.65461,13159411131.620602,-42486.394279159395,110501453721.52968,320576483686.033,268.7035140783352,-25740526407.330944,13165618643.755774,-42213.57256222393
2355,0.0017662499999999998,-26118315155.875008,12328811015.632387,-42365.04571118688,97100618255.12642,321779786564.65924,266.0173667102444,-26121311443.055035,12334647663.228422,-42103.801119604075
2356,0.001767,-26471614490.17438,11488133537.420412,-42271.73794346805,85066664847.14467,322871744610.03345,263.5744335706731,-26474392054.14729,11495041361.384686,-41993.795931420675
2357,0.0017677500000000002,-26796553561.39415,10640813161.9763,-42151.28645691703,74271121512.06696,323859983260.9501,261.35627371015096,-26799638420.68084,10647680609.51499,-41883.55760838396
2358,0.0017684999999999999,-27093492324.404907,9787023889.989586,-42027.559024795744,64625824221.19062,324737647846.05,259.35242171873006,-27097040655.206886,9793472116.906723,-41773.086762498526
2359,0.00176925,-27362438447.028873,8927684925.146734,-41902.15501328401,56044723115.23378,325507858204.67773,257.5514357415506,-27366561156.6764,8933361750.978382,-41662.384007059874
2360,0.0017699999999999999,-27603695572.843674,8062838802.355995,-41791.40287383693,48452124562.5367,326173030365.9849,255.94246411323056,-27608108639.770885,8068297717.032117,-41551.449956650846
2361,0.00177075,-27817162554.050663,7193637405.255369,-41685.67567317689,41778167474.37264,326736603351.3288,254.51500246583285,-27821729148.470707,7199188611.133582,-41440.28522713865
2362,0.0017714999999999999,-28002577936.700466,6322160096.36961,-41562.526227323244,35966377973.81855,327198613867.4462,253.26096230145643,-28007533094.789146,6327001868.743365,-41328.89043567069
2363,0.00177225,-28160616908.4294,5446929370.360551,-41470.10356207694,30973342757.284653,327557399074.1565,252.17459841255598,-28165621686.288445,5452482692.131238,-41217.26620067206
2364,0.0017730000000000003,-28290891057.907066,4570762154.548093,-41363.11946357595,26752486938.472473,327817537573.73846,251.24835902721182,-28296051098.277164,4576697046.558594,-41105.4131418413
2365,0.00177375,-28393545454.578793,3694820214.4543843,-41242.06520673821,23273039980.70199,327976830124.1979,250.47773295792737,-28398952407.916298,3700438688.7094817,-40993.3318801475
2366,0.0017745,-28468861265.613,2819603224.777344,-41118.59050164914,20507749492.78163,328035602203.4285,249.85858132414,-28474539024.340755,2824502071.095309,-40881.023037826606
2367,0.00177525,-28517131001.303757,1945173366.3277261,-41007.33511294582,18431562527.690407,327995467852.5315,249.38658675373614,-28523038466.58435,1949861878.6692004,-40768.48723837791
2368,0.001776,-28538542566.427826,1072099319.9464744,-40908.38555156323,17023003044.174414,327857672606.8674,249.05783243811896,-28544651721.971252,1077273644.5030088,-40655.725106560865
2369,0.00177675,-28533243632.034077,202373998.03327727,-40796.77562875118,16266318744.843884,327622148442.53107,248.8694780335202,-28539596272.18445,207605977.36857742,-40542.73726839127
2370,0.0017775,-28501551804.15451,-662834065.0909641,-40670.92572506674,16150911387.169868,327288338692.29297,248.81960614505,-28508137390.26168,-658283657.0209086,-40429.52435113813
2371,0.0017782499999999999,-28443785032.279114,-1524148497.7130764,-40560.77295388424,16668412771.658792,326856739940.29205,248.90637699092534,-28450573756.625214,-1519697684.6821165,-40316.08698331977
2372,0.001779,-28360211775.142082,-2380593039.6285706,-40456.97789548098,17814384554.301945,326327452637.4311,249.12838509805215,-28367216212.17169,-2375817843.742724,-40202.425794700954
2373,0.00177975,-28251179423.31584,-3230910679.0523863,-40348.477073071226,19588813564.320232,325699904824.88306,249.48494565271525,-28258482145.726936,-3225867024.297033,-40088.54141628866
2374,0.0017805,-28116979474.506268,-4074959069.713526,-40247.52844002287,21994490334.9342,324973875119.3692,249.97568958520156,-28124686239.36487,-4069138553.7758102,-39974.43448032912
2375,0.00178125,-27958200716.17117,-4910391317.996389,-40122.7902428825,25038844406.090652,324148443959.6169,250.6009092392014,-27966101856.57664,-4904900594.360984,-39860.10562030416
2376,0.001782,-27775131022.505764,-5737668119.67013,-40003.43182746795,28728162442.556232,323224794530.5267,251.36032838194652,-27783357470.74349,-5732421272.875666,-39745.55547092749
2377,0.00178275,-27568026666.1529,-6556803499.60792,-39899.86051617115,33075650332.444126,322201535587.7485,252.25489042668804,-27576629267.636673,-6551069990.95479,-39630.78466814151
2378,0.0017835,-27337612647.304184,-7365686022.62657,-39780.63398331332,38101403281.49918,321076213814.50323,253.28677633555844,-27346494517.050102,-7360053551.548037,-39515.79384911346
2379,0.00178425,-27084311356.57101,-8164025751.679254,-39657.643962328824,43823030686.63918,319849974668.571,254.4570699656606,-27093414211.224216,-8158840596.99634,-39400.58365223221
2380,0.001785,-26808054320.542625,-8953000856.087854,-39564.6739045504,50263898182.49273,318521826125.48737,255.76762333367367,-26817772002.731434,-8946795379.296667,-39285.15471710429
2381,0.00178575,-26509941067.866646,-9729806179.046633,-39451.392530184734,57462388053.63141,317085955455.0553,257.22324772614445,-26520142407.65194,-9723319957.263231,-39169.50768455096
2382,0.0017865000000000001,-26190269616.736904,-10494587744.6358,-39338.24016134294,65447444124.75631,315545198509.4902,258.8258957148177,-26201010605.850594,-10487829606.60912,-39053.64319660381
2383,0.00178725,-25849739211.226753,-11246333907.581724,-39216.888165986995,74258364108.95947,313897260038.49854,260.57904657535187,-25860851205.79052,-11239776381.757738,-38937.56189650206
2384,0.001788,-25488782901.575912,-11984816508.84491,-39095.832878794274,83936842043.45633,312141397214.6132,262.48631696981806,-25500197967.36628,-11978563511.324038,-38821.26442868846
2385,0.00178875,-25108075740.741764,-12709263423.654594,-38970.103981228705,94533906430.97758,310274778811.0698,264.55266613340643,-25119576920.77786,-12703763411.96359,-38704.75143880577
2386,0.0017895,-24707510302.988163,-13420514832.486845,-38866.34843768929,106105498297.7313,308295867790.49585,266.78322981546637,-24719635300.854343,-13414797222.89796,-38588.023573693376
2387,0.0017902499999999997,-24288089991.494785,-14117100827.154013,-38758.481444020574,118729443055.67526,306196725227.2171,269.1867744851236,-24300745959.98979,-14111135347.393614,-38471.08148138346
2388,0.001791,-23850753715.51603,-14797958111.994303,-38636.2149202201,132481170215.95657,303977301490.2281,271.76996521119423,-23863672097.174152,-14792376222.853168,-38353.92581109764
2389,0.0017917499999999997,-23395315007.21481,-15463976560.70217,-38529.80091699298,147438476892.25928,301638518352.6893,274.5382978339587,-23408908237.63082,-15458250264.105387,-38236.55721324307
2390,0.0017925,-22922992577.937435,-16113685919.314028,-38413.45283314871,163708461674.49557,299171028081.5829,277.5024626041952,-22936995652.705067,-16108185616.347641,-38118.97633940932
2391,0.0017932500000000001,-22433681471.9819,-16747733003.327766,-38310.89509545374,181396663950.50137,296574943032.4079,280.67102607888194,-22448625937.079067,-16741773525.627436,-38001.18384236397
2392,0.001794,-21928967365.529213,-17364346136.30672,-38189.754921008,200640270116.68973,293841037697.8648,284.0568913211552,-21944335743.43975,-17358671218.799835,-37883.18037604993
2393,0.0017947500000000001,-21408611672.826996,-17964349427.833817,-38079.445828929835,221570782001.69263,290972116810.948,287.66912443937787,-21424743761.673492,-17958598505.417805,-37764.96659558111
2394,0.0017954999999999998,-20874043618.175278,-18546394956.34015,-37955.55938550103,244361580495.48697,287957338575.118,291.52275138514455,-20890394184.32786,-18541134688.1071,-37646.54315723894
2395,0.00179625,-20324841366.495235,-19111420635.55029,-37847.92890288486,269190636559.69418,284796624939.84094,295.6305036449787,-20341971905.726364,-19106096118.29988,-37527.91071846901
2396,0.0017969999999999998,-19761689025.218784,-19658968342.960754,-37748.26345020403,296291216145.2184,281475648622.0164,300.012379531925,-19780074612.80958,-19653052436.930584,-37409.06993787696
2397,0.00179775,-19185679232.20815,-20188236141.346203,-37642.943890180264,325928841860.7339,277985789705.9173,304.68971816107063,-19205320471.930954,-20181914337.29656,-37290.0214752253
2398,0.0017985000000000002,-18597938732.01638,-20698529509.240677,-37523.692615833235,358395783180.41675,274323748848.33163,309.68247055444687,-18618349999.640793,-20692320539.94456,-37170.765991429354
2399,0.00179925,-17998125447.75337,-21190565287.742718,-37415.1275465884,394017233356.1628,270487057610.59915,315.01036648761504,-18019774027.86689,-21184094718.243168,-37051.30414855377
2400,0.0018000000000000002,-17387757799.288364,-21663338802.52101,-37296.079417535046,433203605178.7452,266457981640.63748,320.70278319961517,-17410249554.02274,-21657153246.428223,-36931.63660980906
2401,0.0018007499999999998,-16765695320.352982,-22118121778.829895,-37202.966046093396,476410894025.4552,262231545360.80145,326.7881879531561,-16790374831.634409,-22111193047.47735,-36811.764039547335
2402,0.0018015000000000001,-16135016122.549112,-22552765969.45575,-37082.45328694582,524234977202.18634,257779694013.85715,333.3094691921939,-16160728081.96769,-22546071117.317158,-36691.687103259246
2403,0.0018022499999999998,-15496067225.174288,-22967488968.86755,-36949.432210406885,577301590713.0518,253108444611.24875,340.29921315233736,-15521967350.272505,-22961672348.23277,-36571.4064675698
2404,0.0018030000000000001,-14847292470.476318,-23363712156.004166,-36844.582363731366,636364135235.8438,248206338405.47397,347.79652852004995,-14874678640.01403,-23357915671.60798,-36450.922800235094
2405,0.0018037499999999998,-14191387841.262613,-23739891423.831596,-36724.8296168621,702413135570.9655,243032950164.77747,355.86411594224876,-14219502819.525383,-23734606939.527237,-36330.23677013815
2406,0.0018045,-13526864315.85694,-24097265484.385338,-36627.8108197222,776576090067.0112,237581732160.6373,364.5604767546026,-13557015979.282907,-24091796354.67568,-36209.34904728566
2407,0.0018052500000000002,-12854975479.43824,-24435275255.93022,-36536.10006936115,860310904239.8741,231811841521.5494,373.96657872440625,-12887935866.493156,-24429309709.450603,-36088.26030280384
2408,0.0018059999999999999,-12178082347.69941,-24752918487.006443,-36422.6597836084,955393094277.7043,225696074784.9628,384.1727965320864,-12212713918.64987,-24747237471.579582,-35966.97120893502
2409,0.0018067500000000002,-11494758284.487938,-25051263103.02188,-36322.85811325212,1063940058656.4723,219223152345.24414,395.2703375527899,-11532027315.297611,-25045443637.03478,-35845.48243903391
2410,0.0018074999999999999,-10806392835.808764,-25329858425.635307,-36221.70069370884,1188693048446.9592,212340402541.25565,407.384597550953,-10846489995.942095,-25324020547.723763,-35723.79466756351
2411,0.0018082500000000002,-10112714262.991285,-25589064839.93626,-36130.79766499368,1333102128047.332,205005518289.99347,420.6640772406724,-10156712897.057487,-25582938649.095135,-35601.90857009179
2412,0.0018089999999999998,-9415325451.859966,-25828432436.99801,-36034.30466979644,1501645938831.8467,197156137518.98007,435.2968467452062,-9463199183.828526,-25822312517.68251,-35479.82482328763
2413,0.00180975,-8713963004.161364,-26048313766.172504,-35944.1188439585,1700093655781.037,188737268103.50366,451.50624718902804,-8766487431.785465,-26042017022.794548,-35357.54410491732
2414,0.0018104999999999998,-8008980276.48766,-26248772959.761147,-35860.9409132738,1936093482508.3503,179666410758.98666,469.5781180600554,-8067241811.032359,-26242308499.49188,-35235.06709384051
2415,0.00181125,-7302371944.244748,-26429384542.398823,-35766.90543520134,2219908727671.7715,169845439999.37082,489.87900594837265,-7365973828.224866,-26423124644.150013,-35112.394470006795
2416,0.0018120000000000002,-6595061022.977051,-26590191308.79372,-35661.45043025375,2565374783380.348,159179680779.68265,512.8657934705197,-6663254068.513945,-26584688875.318653,-34989.52691445152
2417,0.00181275,-5882939897.146581,-26732479255.42809,-35595.8215310546,2991511189749.244,147551379160.04605,539.1288773202094,-5959551125.601083,-26727108445.40312,-34866.46510929235
2418,0.0018135,-5168355231.41969,-26855664356.707973,-35541.23560803591,3525535557686.965,134747974304.75333,569.5095052451763,-5255486823.9570875,-26850356272.570072,-34743.2097377255
2419,0.0018142499999999999,-4454071843.622027,-26959311672.44327,-35473.73364553409,4206459920035.5103,120583973696.31755,605.1326430010203,-4551486205.362162,-26954671782.151455,-34619.761484021474
2420,0.001815,-3736946499.3254194,-27044173329.14559,-35430.02171035668,5090760886370.944,104906433928.03194,647.4905511385017,-3848158341.199811,-27040144235.434307,-34496.12103352187
2421,0.0018157499999999999,-3018251497.9694943,-27110036246.871853,-35397.441857355436,6261862948367.736,87551139758.29265,698.6493683959136,-3146002425.0437417,-27107091556.888344,-34372.28907263508
2422,0.0018165,-2296184077.9960465,-27157115346.424076,-35392.37726705734,7842077267886.0625,68576458430.47965,761.3458839573724,-2445489451.617584,-27155647908.105156,-34248.2662888329
2423,0.0018172499999999999,-1572270785.7354674,-27185129533.280296,-35400.125800864465,10004457407052.66,48590878158.407936,838.9033603686426,-1747114771.327641,-27185969104.58583,-34124.05337064631
2424,0.001818,-845940265.7282959,-27194076598.797943,-35427.02972536456,12961954877346.219,29704468807.34317,934.1029325636814,-1051321816.1866683,-27198278317.48096,-33999.65100766203
2425,0.00181875,-121080285.97548819,-27183785867.061337,-35448.32978407619,16858883532313.625,17323207335.734886,1045.0367917143872,-358593220.75036126,-27192821305.635494,-33875.05989051835
2426,0.0018195,590983442.4317809,-27154601718.391815,-35402.98990547035,21384851968197.34,22404345963.904865,1154.4205519802538,330682636.47492576,-27169712132.093166,-33750.28071090152
2427,0.00182025,1269469198.419908,-27108290874.514507,-35190.72482345869,25086846896139.65,58342773523.729706,1217.2928809531718,1015997058.0310107,-27129288808.158348,-33625.31416154201
2428,0.001821,1904917444.1106672,-27047799173.86272,-34792.66309077338,25647248638334.117,123041879600.11758,1184.2289332843352,1696941725.695821,-27071824086.66847,-33500.1609362102
2429,0.00182175,2506554178.151037,-26975291608.864292,-34286.676959475284,22503951144076.605,187931033727.1846,1070.0411512246008,2373109263.2271705,-26997494400.505577,-33374.8217297131
2430,0.0018225,3105796529.612434,-26889403721.98143,-33838.65838634988,17753183418604.066,228193914341.83267,944.8519699588745,3044097090.606585,-26906571527.77121,-33249.29723788998
2431,0.00182325,3726825889.701195,-26786792554.521774,-33554.23037396888,13401806690733.16,244099215961.97733,852.2666225031056,3709543010.131169,-26799406066.192432,-33123.58815760899
2432,0.0018239999999999999,4363304509.468339,-26666795997.298744,-33385.12504145417,10094114518650.506,246428638022.65698,794.6944445705404,4369037712.790387,-26676212756.774887,-32997.69518676282
2433,0.00182475,5000197513.745202,-26530906192.570236,-33245.60226511188,7740306442478.571,243638385671.24896,759.8492871223112,5022158957.521703,-26537338365.473213,-32871.619024265245
2434,0.0018255,5642472284.784691,-26377864477.659824,-33167.51325240194,6087816126899.734,240221428510.7278,735.6773029043252,5668599449.984963,-26383018684.77635,-32745.360370047
2435,0.00182625,6281529671.530872,-26208999895.22188,-33100.326222974436,4912327814019.868,238304216450.99988,713.6095777438978,6308045549.5964775,-26213569674.165176,-32618.919925051803
2436,0.001827,6913600229.569171,-26025209025.009605,-33020.171712916446,4053281596142.9062,238426462083.3536,688.8458474037685,6940059721.921809,-26029310242.847843,-32492.29839123297
2437,0.00182775,7540826970.96327,-25826113092.66949,-32948.66343779233,3403693675047.3125,240289393183.50766,659.8017914862119,7564384701.00354,-25830570123.422684,-32365.49647154865
2438,0.0018285,8155869389.314864,-25613922566.27907,-32824.42329912672,2894660465588.1616,243267104450.1342,627.2117022996193,8180720186.057133,-25617730250.44021,-32238.514869958937
2439,0.00182925,8767128449.911983,-25386495986.462963,-32735.170627172316,2484119452898.679,246593318302.88852,593.1798453559599,8788818399.04137,-25390995399.00772,-32111.354291421096
2440,0.00183,9369094458.591963,-25145635804.1774,-32627.004944144785,2145883733214.2551,249838265127.21838,559.9198183617054,9388342982.922264,-25150835837.636578,-31984.01544188623
2441,0.0018307500000000001,9961735590.13017,-24891658834.95323,-32505.450095655793,1864022745429.336,252720415714.12024,529.1717118524216,9979072132.304731,-24897496919.256657,-31856.499028294947
2442,0.0018315,10545019301.210154,-24624861985.617077,-32375.49169922892,1628012413548.3948,255201238869.81268,501.88023313184584,10560627844.338993,-24631321264.31834,-31728.8057585738
2443,0.0018322500000000001,11118362977.481325,-24345762362.28923,-32234.871033938183,1430057981238.5698,257383341836.3476,478.2578823948562,11132936329.5609,-24352631287.273827,-31600.936341631153
2444,0.001833,11680824801.05821,-24055092786.4498,-32076.711240412445,1263824723802.6443,259407070438.5466,458.0329047340075,11695634101.718775,-24061810131.442627,-31472.8914873531
2445,0.00183375,12234673936.602293,-23752080985.225666,-31936.055549054974,1123923533744.879,261387445560.791,440.70786342821,12248478815.936535,-23759129746.4288,-31344.671906600084
2446,0.0018344999999999998,12778171994.929735,-23437770384.76784,-31790.121307369904,1005576015035.5394,263425473496.44547,425.7204500880966,12791340212.328527,-23445045906.441006,-31216.278311202048
2447,0.00183525,13311876726.171484,-23112118969.081203,-31650.694718379214,904776243473.5458,265539774816.31226,412.58670991510144,13323983626.869959,-23120041159.294147,-31087.711413955512
2448,0.0018359999999999997,13834791663.490416,-22775916005.932514,-31505.278183133687,818175378886.4619,267725909138.58075,400.92486814880687,13846269190.043615,-22784158691.133396,-30958.971928618746
2449,0.00183675,14345693553.084105,-22430207465.21973,-31339.346016308555,743090048074.3861,269949629038.17923,390.4612238212796,14357981878.509504,-22437957735.097042,-30830.06056990839
2450,0.0018375000000000002,14846882655.178595,-22073873049.416866,-31195.226953711022,677427762727.1455,272167581741.12985,381.0078178129325,14859085117.971067,-22081740653.431988,-30700.978053495088
2451,0.00183825,15336578922.400312,-21708286957.101418,-31042.594848267338,619458800283.8047,274375577394.58444,372.409766175854,15349175379.565691,-21715794159.82502,-30571.725095999816
2452,0.0018390000000000001,15815636878.78138,-21333147663.129433,-30899.824080119535,567877115108.3423,276545096033.15216,364.5566051621631,15828267910.837667,-21340569758.26422,-30442.302414989805
2453,0.0018397499999999998,16283516710.067274,-20949081304.571087,-30757.911620442912,521637690173.5362,278669629052.9902,357.3544434121166,16296199969.494621,-20956433728.282322,-30312.710728974373
2454,0.0018405000000000001,16740014806.607096,-20556514509.515114,-30615.209547961807,479934565815.06665,280738855706.2346,350.72693039633526,16752861063.39305,-20563692640.41973,-30182.950757401275
2455,0.0018412499999999998,17185009797.00101,-20155827249.29291,-30471.635534067664,442136516651.8104,282746194656.3745,344.60985384925624,17198167258.56449,-20162700012.109035,-30053.02322065231
2456,0.001842,17619007466.299076,-19746863388.91499,-30338.91616198347,407740260376.04297,284688355849.6337,338.94784521084375,17631965886.117146,-19753811164.569454,-29922.928840039873
2457,0.0018427499999999998,18040634990.982655,-19331091252.662724,-30189.28142792179,376320893125.9935,286569265905.1218,333.6896112250767,18054225293.74254,-19337484584.15145,-29792.668337802264
2458,0.0018434999999999999,18451496709.905357,-18907363725.675762,-30060.775418429796,347561680915.05145,288377533169.0652,328.7989305604465,18464818342.366413,-18913939194.094036,-29662.242437100293
2459,0.0018442500000000002,18851446438.815144,-18475993565.51519,-29947.200068304628,321154010049.6332,290125332140.19635,324.23553706340243,18863698356.139397,-18483576150.036564,-29531.6518620128
2460,0.0018449999999999999,19238107417.17654,-18039635768.849133,-29794.609405387477,296838244781.0457,291814617863.88727,319.9657611048383,19250900765.267403,-18046725871.792995,-29400.897337532984
2461,0.0018457500000000002,19613365996.952442,-17596751400.788273,-29655.579216748054,274449866947.15027,293424497022.6995,315.9748859018714,19626310729.26027,-17603712697.22903,-29269.979589564246
2462,0.0018464999999999998,19977346162.620213,-17147438597.633997,-29530.75214078203,253796477557.36493,294968279147.0732,312.2385167035793,19989864850.703247,-17154953391.499306,-29138.899344915983
2463,0.0018472500000000002,20328772809.95908,-16693431344.168816,-29386.579375833135,234703239873.53333,296452297056.7716,308.73286907626584,20341497452.26514,-16700684250.218601,-29007.657331299928
2464,0.0018479999999999998,20669156315.533127,-16233276913.155838,-29266.167575758387,217044896935.54517,297867366156.9209,305.44475004003897,20681368799.586586,-16241244072.808859,-28876.25427732564
2465,0.00184875,20996777600.311554,-15769383343.164028,-29119.316212936552,200675969967.4204,299224991716.6194,302.35495157986577,21009369932.5499,-15777125781.78214,-28744.690912497124
2466,0.0018494999999999998,21312427567.815296,-15301161757.620914,-28973.574567509102,185505686345.7063,300514152495.42487,299.45504814927494,21325399843.63533,-15308469733.41066,-28612.967967207816
2467,0.00185025,21616171094.221836,-14828872872.130625,-28829.990472875677,171433747814.74213,301740190265.00995,296.73302097507815,21629521881.284077,-14835687788.066566,-28481.086172737603
2468,0.0018510000000000002,21907869981.594257,-14353075250.179522,-28683.21857735091,158368293868.00024,302906488738.3699,294.1767515727843,21921825042.84161,-14359081182.1701,-28349.04626124803
2469,0.0018517499999999999,22188587718.72732,-13872505829.218466,-28565.62017823162,146230379204.95374,304013408089.56,291.7763201414423,22202293850.558147,-13878995791.82596,-28216.84896577836
2470,0.0018525000000000002,22457533590.120937,-13388625388.877066,-28444.469803703632,134929760108.4954,305070065247.97614,289.51836937290494,22470879566.828094,-13395680792.744545,-28084.4950202418
2471,0.0018532499999999999,22714570007.552265,-12902034053.34022,-28315.144738994823,124406439398.38095,306071590233.02185,287.3960956246973,22727742174.070457,-12909499018.241032,-27951.98515942102
2472,0.001854,22959350024.532265,-12413779646.357412,-28165.97427690285,114610965137.51657,307015738964.03766,285.40458596123335,22972880531.88437,-12420649904.0798,-27819.320118964464
2473,0.0018547499999999998,23192957597.802994,-11922361693.897322,-28038.680979731424,105504726754.81747,307900360645.1589,283.53995940267976,23206370709.653053,-11929569105.329592,-27686.500635381857
2474,0.0018555,23414924902.964653,-11428978988.987392,-27908.192256146616,97031004874.04227,308734998017.231,281.792646979035,23428232398.257477,-11436535251.603962,-27553.527446040713
2475,0.0018562500000000003,23624785443.97905,-10935052759.506512,-27753.912644878314,89150117782.14005,309518215315.2675,280.1567626028799,23638614731.63257,-10941808969.237146,-27420.401289161335
2476,0.001857,23823582045.384903,-10438925452.956432,-27621.269662895716,81835173973.12657,310245987055.7904,278.62980577681435,23837518823.366932,-10445663983.348244,-27287.122903813735
2477,0.00185775,24010946406.58732,-9941780422.222347,-27485.47006893254,75042194943.66672,310926320823.3396,277.20445860322815,24025065046.23945,-9948368717.849236,-27153.693029912847
2478,0.0018585,24187091929.864525,-9443601452.98107,-27353.073773300937,68741311374.50948,311558033972.3972,275.8763250732025,24201292054.6141,-9450159534.809258,-27020.112408214514
2479,0.00185925,24352024678.50498,-8944853210.498947,-27219.127709451823,62903388572.40933,312142214069.47473,274.64129247210093,24366315020.500114,-8951418844.637222,-26886.381780311687
2480,0.0018599999999999999,24505841044.097263,-8445812393.314162,-27083.87167589201,57503930226.84718,312679046858.2159,273.4959645004067,24520228730.61388,-8452332723.49881,-26752.5018886299
2481,0.00186075,24648918462.597004,-7945927630.375822,-26962.883970096944,52520569993.60856,313169290870.0946,272.43707374411576,24663164758.59581,-7953119599.365541,-26618.473476423533
2482,0.0018614999999999999,24780870575.530518,-7446869679.129691,-26824.483805208904,47928423090.46726,313615902513.8028,271.4603463358413,24795212945.95754,-7454133922.288876,-26484.297287771256
2483,0.00186225,24902092007.94395,-6948081981.544508,-26689.776050957873,43713933931.22339,314016217034.0176,270.56415947141153,24916468270.258926,-6955557284.025877,-26349.974067572555
2484,0.001863,25012670140.302082,-6449886183.269725,-26555.89623613173,39858623013.87404,314372634226.6864,269.7455033703609,25027083705.755653,-6457658563.419045,-26215.504561542617
2485,0.00186375,25112593128.966805,-5953048910.080299,-26412.61831662644,36346230115.043785,314686194741.40485,269.0015478154281,25127188043.158936,-5960514481.078998,-26080.88951620926
2486,0.0018645,25202111403.395924,-5457398522.299499,-26270.68259590657,33163954430.343063,314956687671.2595,268.3303068316281,25217006411.724823,-5464492975.800503,-25946.129678908095
2487,0.00186525,25281562909.9865,-4962181069.505007,-26147.67586766252,30297521122.874672,315185667289.6625,267.7293213477493,25296479939.453327,-4969736142.050794,-25811.22579777845
2488,0.001866,25350693961.378864,-4469389972.829049,-26003.938000541246,27731048390.09871,315375491503.77454,267.19555444298805,25365843826.740982,-4476670551.157715,-25676.17862175955
2489,0.00186675,25409819287.726086,-3978528498.001298,-25859.877026791826,25457080826.888958,315524057073.72577,266.7281173153781,25425196918.36708,-3985315784.1706867,-25540.98890058594
2490,0.0018675,25459162023.702057,-3489325564.0385785,-25724.363243256397,23465008904.687534,315632878077.31934,266.3252368152544,25474718974.25019,-3495913521.098251,-25405.657384783717
2491,0.00186825,25498855762.6294,-3001927634.1834936,-25595.282118378847,21744059544.11859,315703484094.0804,265.9847766906609,25514494501.924103,-3008689760.433889,-25270.18482566598
2492,0.001869,25528969333.732407,-2517073207.8030705,-25460.23435512049,20285150786.431896,315736453263.70544,265.70499115059835,25544805625.37447,-2523868871.3147655,-25134.571975329054
2493,0.00186975,25549672605.99047,-2034894183.2429645,-25322.30492442733,19081425439.9502,315731680852.0895,265.48471292064494,25565631887.569775,-2041585721.2531347,-24998.819586647853
2494,0.0018705,25561153382.76659,-1555230069.8359964,-25188.76677453478,18126110823.275993,315689783343.42224,265.3226952391036,25577271576.193096,-1561987713.870436,-24862.92841327226
2495,0.00187125,25563561660.65212,-1078171042.0354486,-25059.58531975223,17412530683.65393,315611625534.58795,265.21756505685426,25579789481.207996,-1085212604.766103,-24726.8992096225
2496,0.001872,25557020403.342236,-604506005.1421218,-24921.74506132,16934900435.886585,315497735231.9164,265.1681099059973,25573447418.950176,-611560667.7403888,-24590.732730884993
2497,0.00187275,25541716776.542385,-134096381.34012303,-24783.83200505747,16688434842.644909,315348391081.96387,265.17335975661916,25558387134.010605,-141170802.0400573,-24454.429733008445
2498,0.0018735,25517817906.56024,332656360.9683713,-24641.31723201262,16668335852.099062,315164274672.0095,265.23227691573874,25534675699.225616,325826738.8079332,-24317.990972699292
2499,0.00187425,25485487403.570866,796450359.100968,-24511.47411345997,16870224695.571995,314945981615.55994,265.3438727038652,25502564825.524456,789382897.9222368,-24181.417207417864
2500,0.0018749999999999997,25444910379.712063,1255872730.1709142,-24366.364252055635,17290556011.71479,314693907446.24927,265.5073100981701,25462181156.91619,1249256454.6661506,-24044.709195373784
2501,0.00187575,25396227290.738823,1711979457.1860628,-24233.441623667735,17925621747.322292,314408717209.11426,265.7217097577727,25413681845.124733,1705401430.815179,-23907.867695522087
2502,0.0018765000000000001,25339581139.092747,2164614279.9235716,-24107.988730338926,18773046324.749645,314090597081.6995,265.9864397864105,25357294283.0843,2157555164.307006,-23770.89346755901
2503,0.00187725,25275181137.623096,2612964890.4113307,-23974.679982361355,19831234443.604137,313739690416.2836,266.3010252990433,25293136021.03761,2605643534.752616,-23633.78727191738
2504,0.0018780000000000001,25203223937.970943,3056809467.7460485,-23834.390210347483,21097878147.73837,313356771055.48785,266.66475589238263,25221399373.52239,3049566416.305292,-23496.549869762875
2505,0.0018787499999999998,25123890535.629665,3496111022.3599224,-23690.99811122799,22570623236.291862,312942581506.3969,267.07685723894264,25142233768.19756,3489155555.6099877,-23359.182022989422
2506,0.0018795,25037317059.543823,3931101856.7498345,-23551.94429394291,24247593075.330894,312497617548.4622,267.5366836300796,25055941223.408516,3924348161.5647326,-23221.684494215307
2507,0.0018802499999999998,24943649867.749767,4361804892.925386,-23418.09525814852,26128232382.667713,312021897955.31995,268.043916302653,24962512107.00911,4354985654.102639,-23084.058046778573
2508,0.001881,24843022111.14817,4788271780.049062,-23290.489266748013,28212773458.11067,311515469215.4017,268.59838320268545,24862185797.907795,4781043594.69757,-22946.303444733174
2509,0.0018817500000000002,24735784273.193817,5209427242.353652,-23148.56003889252,30502247510.26291,310978342592.79034,269.2000090143983,24755091860.693027,5202326877.992339,-22808.42145284434
2510,0.0018825,24622064010.36117,5625553707.1309,-23004.20045102922,32994344463.309605,310412368544.657,269.8478208694945,24641583565.626156,5618809035.825883,-22670.412836584605
2511,0.0018832500000000002,24501864165.533756,6037343281.823289,-22872.863307296357,35688679123.4013,309817774609.3065,270.541307333358,24521743269.613018,6030379400.516771,-22532.278362129655
2512,0.0018839999999999998,24375461218.99991,6444191423.939312,-22740.15544841685,38588611596.79206,309193297864.69507,271.28097159818475,24395655884.484795,6436988451.886937,-22394.01879635358
2513,0.0018847500000000001,24243064265.059174,6845891499.747406,-22604.035818189128,41695143982.04863,308539838326.2982,272.06665553117364,24263600322.7918,6838544342.992578,-22255.63490682518
2514,0.0018854999999999998,24104776343.780994,7242638412.980775,-22470.693178839247,45008875755.27963,307858259318.5435,272.8979253678342,24125679264.209717,7235002226.847084,-22117.127461803262
2515,0.0018862500000000001,23960843375.049835,7634102937.451552,-22334.1334641772,48532172026.86441,307148388735.7966,273.7747902873132,23982132269.144268,7626302553.410568,-21978.497230232777
2516,0.0018869999999999998,23811408427.858044,8020334416.942293,-22197.526249254013,52266145085.6883,306411017572.1525,274.69697596159847,23833109319.03378,8012274605.697916,-21839.74498174013
2517,0.0018877499999999999,23656757207.13651,8400947615.6529665,-22054.51745910448,56212992731.4926,305646290844.27295,275.66442985612093,23678757278.294044,8393051668.694218,-21700.87148662933
2518,0.0018885000000000002,23497016304.125114,8776066003.16965,-21910.55708822354,60373196247.38032,304855372675.54944,276.6766757950112,23519145563.20904,8768373733.556374,-21561.87751587731
2519,0.0018892499999999999,23332178038.654064,9146130326.811468,-21775.349924181046,64749064201.88738,304038268085.81665,277.73366340791955,23354673579.416878,9138344966.509861,-21422.763841129923
2520,0.0018900000000000002,23162601250.28372,9510575481.502823,-21635.796090963497,69346796937.93814,303193589517.6418,278.83629377574346,23185349438.770554,9502951936.502213,-21283.531234697803
2521,0.0018907499999999999,22988331370.26831,9869682580.065054,-21499.531565365836,74168561078.9752,302322922580.50586,279.98433565067336,23011378819.358315,9862011886.93214,-21144.18046955132
2522,0.0018915000000000002,22809744135.216064,10222923763.831705,-21355.74989614797,79219439321.95183,301425875977.95795,281.1780925480996,22833013476.112286,10215539636.49741,-21004.712319317405
2523,0.0018922499999999998,22626595277.6808,10571213258.672169,-21225.461108780408,84500537648.6235,300504315790.1538,282.4169342569435,22650286407.910233,10563568443.07487,-20865.127558274235
2524,0.001893,22439628058.76527,10913236451.145826,-21078.757025974952,90021879808.68709,299555299999.68286,283.702388019165,22463483148.30426,10906020764.606243,-20725.426961347646
2525,0.0018937499999999998,22248486716.811134,11250105689.224075,-20943.433114735944,95781298911.54,298583342559.48987,285.033004223543,22272716681.974266,11242888008.809952,-20585.611304106336
2526,0.0018945,22053487733.443645,11581450680.12086,-20808.768654971653,101788711135.55042,297585196724.54645,286.41010863464953,22078136600.197685,11574239737.330887,-20445.681362757998
2527,0.0018952500000000002,21854779449.503277,11907270726.141357,-20674.82582565377,108050308271.70612,296561522233.8687,287.83427068849437,21879916586.13388,11899910613.73824,-20305.63791414456
2528,0.001896,21652341350.66038,12227868224.948536,-20547.710684937774,114572592101.66483,295512742958.26575,289.3058242943831,21678180410.381573,12219990711.126055,-20165.48173573823
2529,0.0018967500000000002,21446947648.94185,12542117659.248066,-20402.61615743417,121365728066.81665,294437659215.26135,290.82590228927097,21473038621.609512,12534440790.78101,-20025.213605637247
2530,0.0018974999999999999,21238242406.87071,12850952379.155302,-20264.242747751967,128426862054.57751,293341651294.8918,292.3924410065875,21264766919.20284,12843272099.031572,-19884.83430256086
2531,0.00189825,21026714283.545567,13153803464.400705,-20118.779881442133,135766008123.74924,292221515169.29987,294.0065419249004,21053410625.76083,13146455417.666153,-19744.34460584606
2532,0.0018989999999999999,20812158247.04016,13451270527.72996,-19980.64818490563,143386504230.28992,291079277805.3975,295.66799059875655,20839197605.965946,13443960055.886787,-19603.745295442313
2533,0.00189975,20594999484.057465,13742914984.353539,-19838.317529248376,151300589610.82767,289912402236.06635,297.3784334062864,20622246916.54405,13735901741.966555,-19463.037151907865
2534,0.0019004999999999998,20375134996.78974,14029135659.327696,-19701.140704877074,159514553273.72275,288722875756.44934,299.1379355644991,20402793759.153553,14022223566.26959,-19322.220956404966
2535,0.00190125,20152568864.310417,14310128896.446688,-19571.392449493385,168040839224.42813,287509213981.47906,300.94772039287295,20180876546.070747,14302911044.868887,-19181.297490695943
2536,0.001902,19927430872.691326,14585893728.253319,-19446.54252131785,176894772329.52682,286269960492.96564,302.80961045445645,19956642654.173527,14578046201.353256,-19040.26753713843
2537,0.00190275,19700815947.304985,14855131838.435768,-19297.25346774645,186091160863.86652,285005037965.01373,304.72498576145637,19730389071.790207,14847617717.77651,-18899.13187868141
2538,0.0019035,19472024178.656013,15119049796.209902,-19156.062644365866,195623001250.08087,283723511255.4385,306.6898641664456,19502019920.382015,15111637989.693401,-18757.891298860708
2539,0.00190425,19241546321.667095,15377201514.279354,-19010.398355805493,205505268040.84393,282419845769.6488,308.70583380462006,19271773698.31687,15370125895.549963,-18616.546581794402
2540,0.001905,19009086625.041187,15630166346.854816,-18873.464772711726,215745934579.03763,281095374045.2398,310.7734298490563,19039758274.677715,15623159201.401768,-18475.0985121791
2541,0.00190575,18775062024.996834,15877605030.270763,-18734.676005863163,226364446253.5245,279746619583.9841,312.8953636841052,18806142813.878876,15870741470.86737,-18333.547875284814
2542,0.0019065,18539246675.39455,16119969674.350725,-18603.796021166425,237373641981.30542,278375553571.9865,315.07235139610424,18571060559.588207,16112853972.377657,-18191.895456951213
2543,0.00190725,18301895067.536213,16357119622.728086,-18474.767976991836,248795185453.60422,276979774819.3894,317.3066236030579,18334579032.379723,16349636956.374245,-18050.142043582837
2544,0.001908,18063308095.323902,16588881794.501991,-18342.51575493127,260647258141.11993,275560103525.0991,319.59938721995593,18096969534.365044,16580993975.722256,-17908.288422145055
2545,0.00190875,17823909227.15422,16814973908.779085,-18200.844739977878,272943474017.7948,274118798688.11447,321.95051352433325,17858196264.651375,16807023499.584229,-17766.335380159573
2546,0.0019095,17584763560.06467,17034477390.16896,-18030.715663165884,285690546138.8656,272659439642.35013,324.358427134761,17618507212.494606,17027732405.699331,-17624.283705699872
2547,0.00191025,17343133887.093277,17250450365.632427,-17908.317473795258,298873329944.6883,271191798533.05447,326.8171266099596,17377927420.749245,17243277026.160717,-17482.134187387226
2548,0.001911,17101476524.016592,17460474999.018833,-17764.174364100043,312554869100.79724,269690246618.97385,329.3391723352702,17136573293.419914,17453608954.155987,-17339.887614385832
2549,0.00191175,16858064790.174269,17666437316.0121,-17646.702930851487,326738039365.0653,268170101411.94934,331.92272793445994,16894613130.852259,17658805567.094593,-17197.544776399078
2550,0.0019125,16615228578.569977,17866207588.665005,-17498.221949094615,341473951493.8891,266619171815.5375,334.57462567083616,16652131117.090004,17858853715.239,-17055.106463664408
2551,0.00191325,16370892435.380661,18061927347.334827,-17376.077962315325,356753243247.38983,265055928297.8432,337.2880880955183,16409171204.680975,18053871414.37372,-16912.57346694958
2552,0.0019140000000000001,16127398898.1857,18251566706.607723,-17224.231079449397,372626406881.726,263464546103.7643,340.06968106778635,16165903323.894258,18243923487.77789,-16769.946577547777
2553,0.00191475,15883311047.97091,18436607177.07779,-17084.475207882868,389083681946.05414,261862022297.03876,342.9134040875318,15922503944.765205,18429004282.33444,-16627.226587273613
2554,0.0019155,15638658689.46458,18617135710.212753,-16954.423081144065,406159702844.9423,260238270488.45572,345.82282976940763,15678966673.466522,18609145456.889126,-16484.414288458564
2555,0.00191625,15393715880.272062,18793032113.423748,-16827.42410175893,423895743019.2886,258588726218.2598,348.80347726584665,15435516634.92557,18784446818.902103,-16341.510473946404
2556,0.001917,15150141103.326616,18963073221.741978,-16671.579432364393,442329763944.65704,256914261023.8544,351.85859069968,15192069995.432016,18954942045.508713,-16198.515937089192
2557,0.00191775,14906007427.028704,19128993618.194828,-16535.394136611358,461452417502.35376,255231834253.1436,354.98015994847225,14948926166.235256,19120757020.42003,-16055.431471742375
2558,0.0019185,14662477120.349913,19289981476.20925,-16392.289075763696,481316010966.13934,253525754130.1566,358.17428544855517,14705970280.44217,19281922512.060184,-15912.257872261078
2559,0.0019192499999999997,14419363292.747044,19446324189.52092,-16249.666185841388,501946418764.47845,251801213618.44995,361.44196083490635,14463428814.595762,19438475712.362045,-15768.99593349468
2560,0.00192,14176767541.682848,19598074649.758907,-16107.170416965866,523379266540.5875,250057488985.12344,364.7849794929435,14221475940.648088,19590512753.484512,-15625.646450783575
2561,0.0019207500000000001,13934061785.18311,19745806965.886593,-15977.834414682151,545652531165.993,248294459321.5651,368.2052411585267,13979966422.836195,19737939825.550716,-15482.210219953751
2562,0.0019215,13692823316.778606,19888506299.14612,-15830.825537512848,568830781697.0199,246504550484.78644,371.70953619396533,13739125677.583376,19880992113.56789,-15338.688037312997
2563,0.0019222500000000001,13452058713.812704,20027012060.411827,-15690.499093751356,592931550995.7498,244701485844.22263,375.2937913684122,13498980793.561394,20019609702.84635,-15195.080699646276
2564,0.0019229999999999998,13211241706.324137,20161776018.009884,-15565.465178396267,618006498578.3516,242878755954.5604,378.960773256622,13259662743.790628,20153989479.23339,-15051.389004211147
2565,0.0019237500000000001,12971390246.021494,20292210561.55523,-15435.040489838206,644135532876.9962,241026925619.08356,382.7192604647018,13021243190.019135,20284119544.367123,-14907.6137487337
2566,0.0019244999999999998,12732604167.46056,20418371083.95468,-15300.354108710184,671370760503.8702,239153319360.50885,386.57059317598487,12783797090.962694,20410134825.323475,-14763.755731403662
2567,0.00192525,12495282400.405321,20540129107.593174,-15157.20349224753,699760983383.0869,237261554882.8799,390.5142069937284,12547336391.630722,20531984090.76573,-14619.815750870648
2568,0.0019259999999999998,12259910545.704552,20657323168.29398,-15001.23269832535,729343102472.9618,235356437716.60297,394.54766030218735,12312028445.007343,20649756063.384995,-14475.794606238718
2569,0.00192675,12024662391.276766,20771168813.001667,-14866.841171963932,760138887745.3615,233443948143.65207,398.66657028311215,12077853041.125652,20763560416.8968,-14331.693097063111
2570,0.0019275000000000002,11790860051.09982,20880966810.914074,-14727.951989686017,792249607273.7666,231504144755.56918,402.8829334167099,11844937607.637768,20873520439.65087,-14187.5120233448
2571,0.0019282499999999998,11557456148.852135,20987413624.288498,-14603.331597286999,825745234666.2788,229543335596.8105,407.2007925269485,11613382762.612759,20979639663.938515,-14043.252185526679
2572,0.0019290000000000002,11326711149.320698,21089343324.911552,-14454.945197955061,860743344971.7584,227552088224.58676,411.63020905212625,11383104002.947111,21081967392.60371,-13898.914384488919
2573,0.0019297499999999998,11095859547.78678,21188377283.550877,-14332.54089049877,897276722109.9078,225552549202.99417,416.16314766859676,11154328755.677496,21180585127.890984,-13754.499421544355
2574,0.0019305000000000001,10867593404.414803,21283158400.994118,-14189.37927332662,935490307542.4451,223520883215.81558,420.8126055559193,10927036289.536133,21275511834.425293,-13610.008098434406
2575,0.0019312499999999998,10639620202.322897,21374984129.849083,-14065.97675739134,975435273432.1498,221477780644.73877,425.57341682805065,10701327315.603825,21366947718.659267,-13465.441217324207
2576,0.001932,10413210219.1445,21463275677.519997,-13939.267597854801,1017259556733.7262,219404407092.9693,430.45714944340085,10477193129.355295,21454817940.977566,-13320.799580798575
2577,0.0019327499999999998,10189789120.773144,21547444333.27946,-13790.285639384876,1061079121008.8977,217306937119.72955,435.46814203381103,10254713537.297134,21539251127.47294,-13176.083991857078
2578,0.0019334999999999999,9967751854.306005,21628382802.209843,-13648.488861156635,1106940010053.8381,215205134504.13147,440.5963371951314,10033928651.616844,21620283568.483917,-13031.295253910166
2579,0.0019342500000000002,9746605524.969736,21706392757.42886,-13519.685824362863,1154957501712.495,213086970094.65213,445.84564333157306,9814985333.057322,21698070458.42577,-12886.43417077422
2580,0.0019349999999999999,9526960450.838217,21781261134.159737,-13392.772547634304,1205302129119.49,210939432293.29462,451.2297201716082,9597817695.44372,21772680469.34902,-12741.501546667154
2581,0.0019357500000000002,9309408455.24467,21852810314.2035,-13259.820246294275,1258143552856.825,208763863996.11978,456.7579678378211,9382465652.267189,21844082850.161816,-12596.49818620426
2582,0.0019364999999999999,9093674780.50199,21921251464.6683,-13126.664181583166,1313629940413.4792,206568379520.72946,462.43205593079995,9169043090.154673,21912330027.342545,-12451.424894393327
2583,0.00193725,8881043624.08297,21986142407.337177,-12976.879741099292,1371926561554.6445,204352848446.95847,468.25493696589245,8957590183.175303,21977522019.187424,-12306.282476630588
2584,0.0019379999999999998,8668923745.587315,22048637767.165905,-12849.104690323386,1433134708475.6975,202132603917.27753,474.2186646849927,8748107986.698315,22039765054.141647,-12161.071738695824
2585,0.00193875,8459246945.604278,22108021839.216328,-12713.548618426277,1497506858917.1538,199880674418.19333,480.3406574986613,8540628263.122566,22099072475.022106,-12015.793486748327
2586,0.0019395000000000003,8252205891.9454365,22164317517.695023,-12570.142952358785,1565239447540.1313,197607996589.19513,486.6259194314251,8335350956.717642,22155549364.493343,-11870.448527321923
2587,0.00194025,8047585369.235584,22217701985.53906,-12423.963336606153,1636514674167.7378,195322432888.77847,493.0735645096821,8132048862.381704,22209239030.59618,-11725.03766732111
2588,0.001941,7845068903.04634,22268376141.325726,-12280.065741922193,1711532241137.478,193024261244.5632,499.6847711116398,7930847490.79781,22260187972.96016,-11579.561714016074
2589,0.00194175,7643282000.43096,22316891914.0397,-12155.169058142237,1790534440170.5828,190708440822.67712,506.4664151759932,7731793969.5842705,22308518195.74379,-11434.021475038267
2590,0.0019425,7444064317.937149,22362661151.33225,-12023.121052170802,1873902656418.8218,188353397942.68646,513.4428013291861,7534959046.010354,22354347711.42318,-11288.417758376254
2591,0.0019432499999999999,7246787575.9160385,22405975923.701263,-11893.415247953173,1961959686252.249,185972715227.27908,520.6217533365673,7340318738.69372,22397568243.21684,-11142.751372370785
2592,0.001944,7053118140.619772,22446371443.489147,-11746.370943311114,2055074739670.757,183565200418.3506,528.0121041495446,7147961940.518122,22438317239.644707,-10997.02312571075
2593,0.0019447499999999999,6858640041.537801,22485323039.83416,-11637.244567317808,2153510803220.8884,181152446001.70517,535.6045013647716,6957924618.153737,22476731727.334286,-10851.233827428243
2594,0.0019455,6668448135.014251,22521285883.643574,-11499.944985064463,2257881027980.264,178684302724.8022,543.4376328769157,6770266524.278327,22512767736.941593,-10705.384286894521
2595,0.00194625,6479981304.083732,22555131532.304897,-11369.715102146547,2368536854064.426,176203737783.99576,551.5049245465368,6584944867.081258,22546547140.6327,-10559.475313815004
2596,0.001947,6293617813.097443,22586805123.518562,-11241.141609504575,2485973347522.6187,173698564869.9345,559.8153575112966,6402002099.882965,22578121159.370796,-10413.507718225399
2597,0.00194775,6109572533.255842,22616308846.24099,-11111.81356687013,2610732526106.538,171166162709.75787,568.3808946975839,6221355975.239912,22607627806.29308,-10267.482310486688
2598,0.0019485,5927681128.439301,22643751430.52441,-10983.929554329534,2743396301259.212,168607485980.96878,577.2126801971428,6043173666.337046,22635002039.56595,-10121.399901280709
2599,0.00194925,5747851926.59757,22669215628.18742,-10858.415146290838,2884618828783.5874,166020135055.04144,586.3244875440411,5867435843.491815,22660389983.839016,-9975.261301605959
2600,0.00195,5571996862.260571,22692281337.778877,-10715.077856974316,3035140300329.3994,163400798010.79358,595.733115205707,5694162178.135309,22683773070.69778,-9829.067322772677
2601,0.00195075,5395930806.044502,22714058067.798122,-10600.822035097866,3195566578979.509,160774865829.19928,605.4313661858927,5523302344.745752,22705218121.070713,-9682.81877639876
2602,0.0019515,5223302940.2778,22733691852.81879,-10473.023042067785,3366966362822.424,158094978824.80496,615.4622478712113,5354967813.26213,22724820111.179947,-9536.516474404823
2603,0.00195225,5050693823.69719,22752037920.709843,-10368.695313962004,3550275127625.4434,155386224366.3466,625.8383819911479,5189143168.035495,22742687936.696545,-9390.161229010146
2604,0.001953,4883324544.746004,22767962213.851788,-10232.115135665967,3746871566608.868,152612620763.9422,636.6085965997878,5025817314.732361,22758696935.06296,-9243.753852727694
2605,0.0019537499999999998,4717757019.459313,22782311537.885254,-10103.030259617626,3957741941034.1226,149830276109.8468,647.7603589635897,4865001865.199108,22773096212.97986,-9097.29515835997
2606,0.0019545,4555217088.347423,22794878774.23361,-9968.502767458584,4184175447655.395,147021069950.2406,659.3075678692497,4706761107.104814,22785866455.851147,-8950.785958994535
2607,0.00195525,4396032428.566298,22805668252.40703,-9826.679249828443,4427510544882.371,144190927540.41342,671.2605933016438,4551120017.328121,22796952544.591225,-8804.227067999003
2608,0.0019560000000000003,4237835456.694011,22815199498.815727,-9700.930945372438,4689141844643.102,141347699630.04883,683.6252205162518,4398056204.509396,22806525483.234833,-8657.619299017144
2609,0.0019567499999999997,4082366909.6110034,22823176935.868282,-9572.61248729553,4970973677564.291,138458694538.39548,696.445731590746,4247534570.559262,22814722560.104637,-8510.96346596385
2610,0.0019575,3927247637.6273866,22830073483.150845,-9463.574809703032,5275058290324.609,135529381804.41148,709.7574310638522,4099628742.977813,22821508464.98114,-8364.260383021077
2611,0.00195825,3776578798.7550297,22835207078.569633,-9334.425904891974,5604126619213.861,132525579181.98277,723.6318277792528,3954290280.4195414,22826801694.91349,-8217.510864632868
2612,0.001959,3626299172.696231,22839324370.379715,-9223.988472111165,5960719020840.113,129489456321.21242,738.0879795351493,3811635961.8884726,22830809423.046978,-8070.715725501175
2613,0.00195975,3481375063.2038655,22841663122.483086,-9086.885524926589,6348213251052.484,126383687390.68796,753.19142603975,3671590115.1941414,22833554324.19722,-7923.87578058144
2614,0.0019605,3337517140.0781126,22842966142.62399,-8963.735082371024,6769650165351.142,123262011618.40671,768.9444210456774,3534167063.9281235,22835024051.89484,-7776.991845077296
2615,0.00196125,3195168243.8084326,22843188956.058346,-8848.584368048214,7228957535685.46,120090576070.1043,785.3981651779434,3399263113.6582675,22835367315.127018,-7630.064734437207
2616,0.0019619999999999998,3053367454.5562415,22842489572.773365,-8747.907574714754,7730826305498.436,116851965204.18774,802.6264197580247,3267072312.972075,22834607115.457607,-7483.095264348889
2617,0.00196275,2914139488.7636986,22840613537.893032,-8643.301389888493,8281088451626.255,113517404670.58704,820.7374702579607,3137500572.6241603,22832739881.313095,-7336.084250735496
2618,0.0019635,2776762552.8871264,22837697520.037003,-8541.134806489486,8886244466263.95,110099237051.77582,839.8217685671879,3010570084.097955,22829761738.60976,-7189.032509750598
2619,0.00196425,2641685560.2653027,22833721119.4601,-8437.658708087469,9553881541711.65,106593158287.2163,859.9783642102338,2886312762.6874576,22825835682.092922,-7041.94085777409
2620,0.001965,2508400061.9874115,22828781821.79819,-8336.9853917348,10292708578436.105,103002104678.90846,881.3077936188025,2764693445.4108973,22820909849.354702,-6894.810111407216
2621,0.00196575,2376820475.185425,22822919073.801655,-8239.368263332883,11112983990175.41,99318062946.48457,903.929665410612,2645755809.660867,22815119726.74267,-6747.641087468428
2622,0.0019665,2248671082.577813,22815986394.066353,-8131.918847777874,12026846859219.133,95532053878.89209,927.9858335022137,2529462441.3860254,22808401198.854614,-6600.434602988677
2623,0.00196725,2121766996.8595257,22808251064.03477,-8031.763890082112,13047992993372.205,91664957748.52983,953.60199068993,2415675828.9726925,22800863222.309963,-6453.191475206665
2624,0.001968,1997685355.3126547,22799588944.560596,-7926.836383668798,14193048003181.734,87693813423.04268,980.9558364963841,2304621182.912882,22792539128.310123,-6305.912521564908
2625,0.00196875,1872147655.9875503,22790410719.72099,-7847.176283274337,15481369998657.957,83626884174.90317,1010.2336912705795,2196275063.1033196,22783417440.89866,-6158.598559704432
2626,0.0019695,1750273954.1900656,22780278287.166874,-7754.6345880790495,16937882986689.38,79397154367.02695,1041.7499702120313,2090516705.355861,22773576865.769108,-6011.250407460888
2627,0.0019702499999999998,1630071556.9550028,22769399713.546726,-7664.27970986982,18591321545593.047,75040253898.3022,1075.793335416018,1987454214.2471886,22762951115.14,-5863.868882859522
2628,0.001971,1510098846.6867447,22757901097.147102,-7585.124908401695,20476386267341.63,70550632487.37675,1112.7067148934577,1887121101.8370626,22751744508.48663,-5716.454804111072
2629,0.00197175,1390482790.0198975,22745775283.56837,-7514.743712246876,22635906420601.75,65902333179.68159,1152.934838261167,1789380511.802337,22739873873.268116,-5569.008989606783
2630,0.0019725,1270239379.2139192,22733086206.54479,-7458.028091565838,25122454550023.08,61082797516.86209,1197.0205401695039,1694301504.825388,22727441942.91221,-5421.532257914255
2631,0.00197325,1151812617.9346216,22719682351.051193,-7397.991296033798,28001057338579.98,56076275667.15906,1245.6381874387823,1601796506.7953727,22714436827.094357,-5274.025427772725
2632,0.001974,1033670175.4401419,22705669597.940815,-7344.269158777756,31349501728405.918,50926644491.28557,1299.5198394553731,1512039182.758855,22700991561.667957,-5126.489318088307
2633,0.00197475,914758102.8951641,22691101731.728188,-7302.255693083283,35261333465606.46,45670989291.945114,1359.5115466026673,1424853572.6861145,22687032086.173553,-4978.924747930054
2634,0.0019755,794146646.7657328,22676009521.126236,-7275.983604746899,39847692220593.1,40367560038.39828,1426.5853533743266,1340272167.6112,22672566673.96117,-4831.332536524629
2635,0.00197625,675304080.9091713,22660213671.97016,-7242.533747215578,45236608774368.86,35123257799.92281,1501.8027785078555,1258373633.4049022,22657628149.943867,-4683.713503252433
2636,0.001977,553569516.288429,22643934317.73307,-7230.956141070983,51562547161096.22,30180768980.138535,1586.0696937560006,1179099007.0479712,22642284130.79045,-4536.068467642545
2637,0.00197775,430242452.36951286,22627096446.127182,-7231.952949685905,58951634028563.51,25843874832.992672,1680.0230123222543,1102458689.0579922,22626493182.885002,-4388.398249368626
2638,0.0019785000000000002,306991209.80527896,22609618192.43879,-7234.193212805104,67479723271552.34,22626058854.10955,1783.468900222796,1028410743.197694,22610411335.107876,-4240.703668243917
2639,0.00197925,184212667.04966453,22591556936.949738,-7239.674328457554,77096261527927.52,21286007888.841026,1894.5046054731615,956981539.0394856,22594017332.702583,-4092.985544217081
2640,0.00198,64265688.34122914,22572918405.734303,-7238.5600098388995,87506649695028.92,22808225995.807217,2008.3575527354753,888160882.4482884,22577339734.30151,-3945.244697367484
2641,0.00198075,-48413616.99348219,22553808115.21251,-7216.98069508145,98029822135535.55,28277434923.08079,2116.2034269444616,821939965.4363298,22560420728.24818,-3797.481947900418
2642,0.0019815,-149323602.03001446,22534364062.995,-7159.630664834533,107520594138273.08,38485068042.25813,2205.096280276034,758331680.700952,22543229668.307327,-3649.6981161432154
2643,0.0019822499999999996,-229054497.2370035,22514945330.610935,-7039.066160934705,114519831248115.56,53310950133.278755,2260.634404211619,697388371.7617862,22525735686.063152,-3501.8940225396377
2644,0.001983,-294571587.34053195,22495561007.622295,-6878.788714443049,117761654810158.22,71151866363.98686,2273.0909240228066,638995855.1309911,22508023704.115715,-3354.070487646546
2645,0.00198375,-335494141.3363352,22476705720.259068,-6650.769919892265,116750004276160.62,89433899068.32797,2242.701253102964,583164759.8929858,22490116921.82425,-3206.2283321282875
2646,0.0019845,-362836115.6792959,22458256188.53337,-6393.463001155478,112068729039213.3,105285468583.89246,2181.051478640524,529970771.1826055,22472142144.84111,-3058.3683767528064
2647,0.00198525,-388508658.419954,22439896558.342293,-6145.552725007137,105003422234222.06,117035228908.50345,2104.889761731723,479339996.1965559,22453879326.48436,-2910.491442386866
2648,0.001986,-408185766.31666815,22421791582.58843,-5893.41340662369,96900923811909.36,124527120057.59763,2028.674978538825,431290323.7879258,22435449340.21109,-2762.5983499913236
2649,0.0019867500000000002,-422958524.0213286,22403921377.88368,-5640.151660103292,88815221254509.06,128285647819.81491,1961.8672569385276,385781306.61824876,22416929132.5328,-2614.6899206169637
2650,0.0019874999999999997,-441999447.08295304,22385896422.879395,-5412.848465174327,81397577626089.38,129176490540.30225,1908.8945536968079,342809753.9828674,22398260958.421757,-2466.7669753994364
2651,0.00198825,-459764435.50525266,22367912811.34433,-5192.656082616371,74934353771658.98,128233402189.06621,1870.1846774910032,302456475.7038427,22379467646.411495,-2318.830335555427
2652,0.001989,-479368065.2355431,22349811247.079945,-4987.962196053616,69502801959769.516,126146201245.00812,1844.3636464800143,264652148.95574272,22360676605.391674,-2170.880822377033
2653,0.00198975,-503931433.41981333,22331413920.133503,-4807.126279765746,65057471830609.85,123473863689.30908,1829.1867228689114,229358951.21624708,22341761725.492977,-2022.9192572284348
2654,0.0019905,-532409414.22790664,22312736010.42209,-4645.596847140478,61489045498317.305,120652143755.32433,1822.0756480911762,196582529.66077483,22322789769.240654,-1874.9464615402735
2655,0.00199125,-561560535.1096821,22293915333.24416,-4492.138288949226,58667913355483.24,117947255797.7183,1820.5539135603397,166361130.3120958,22303893241.482845,-1726.9632568057634
2656,0.0019920000000000003,-592024837.4134196,22274912805.47759,-4348.38141879359,56470037996113.36,115472170467.3027,1822.521895791322,138685937.44304022,22284826830.55988,-1578.9704645759043
2657,0.0019927499999999997,-619854032.9222409,22255923517.887543,-4200.875280666886,54780011033797.73,113304242471.78445,1826.200326691302,113483237.28980164,22265741360.043156,-1430.9689064547565
2658,0.0019935,-646415344.0242531,22236884451.64488,-4054.3204801623333,53501204686289.45,111415985215.8192,1830.2796518490945,90858692.88423768,22246614909.37119,-1282.959404095268
2659,0.00199425,-672510154.0657364,22217758586.45595,-3911.632970281281,52549841681922.72,109797652569.66423,1833.7675029957004,70718070.21042494,22227447284.661076,-1134.9427791942667
2660,0.0019950000000000002,-693772076.7569827,22198774354.85657,-3757.410457241751,51851974732976.08,108443552255.67892,1835.9063009902106,53036067.75146164,22208326191.485947,-986.9198534883463
2661,0.0019957499999999997,-720962525.1930091,22179390242.12127,-3631.302170207302,51351997057328.01,107257936727.95169,1836.3551560869453,37852755.87695972,22189265121.42337,-838.8914487488013
2662,0.0019965,-738200540.050937,22160417930.99921,-3474.1544641585274,50986990610334.7,106354797752.10217,1834.5862724682881,25196484.28615783,22170139177.585037,-690.8583867777344
2663,0.0019972500000000003,-756191329.478411,22141328291.536762,-3327.4538334394065,50723602918961.664,105517460833.31284,1830.7479520282393,14975736.41528133,22151053539.467945,-542.8214894027129
2664,0.0019979999999999998,-771547527.7478604,22122298771.345047,-3178.2942721865124,50529713422387.91,104770548101.1066,1824.955302905187,7253427.3194774045,22131975453.377544,-394.78157847282006
2665,0.00199875,-789165202.6724889,22103088507.769363,-3045.9301915520905,50382559547299.234,104063823082.62077,1817.476327043046,2002903.0815843327,22112922950.688877,-246.73947585386955
2666,0.0019995,-803652698.021722,22083974620.581635,-2908.9144699303547,50257154150427.57,103448700519.58105,1808.440731178183,-714816.0409603559,22093935506.533268,-98.69600342367497
