,time,J_y_EKF,J_z_EKF,omega_EKF,P_J_y,P_J_z,P_omega,J_y,J_z,omega
0,0.0,0.0,219987406806.4963,63460.17160251382,5.377777777777778e+17,612850014996.7427,43864.90844928605,635829688.0939636,219986442838.89056,57805.30482605219
1,5.000000000000001e-07,7014151195.411176,219749102447.50613,63460.3472214835,1347048294919798.8,612157735232.6918,43861.6993530453,6988845099.88706,219749837168.1284,57805.30482605219
2,1.0000000000000002e-06,13245605227.116547,219324900818.5198,61394.16269365106,386629808781066.6,548226939829.13416,27660.334545528094,13328723325.524189,219329984884.4537,57805.30482605219
3,1.5000000000000005e-06,19450436187.10368,218724635919.02234,59136.24770961713,158813829359735.84,543786659111.8091,10170.6138179436,19650214341.172787,218727398813.9976,57805.30482605219
4,2.0000000000000003e-06,25759923025.055656,217941653967.7595,58540.08456836546,77760442161722.81,524517335263.30273,3562.4659085401677,25948018057.136353,217942912719.93347,57805.30482605219
5,2.5e-06,32058446148.685608,216976117305.21582,58331.71512224361,43336394603508.945,493802470808.40015,1421.3000645130082,32216889822.874565,216977258514.8351,57805.30482605219
6,3.000000000000001e-06,38317683357.56059,215830134661.31284,58207.74394964289,26556745250652.027,460628189969.66296,651.1803036514119,38451669831.17587,215831525470.81467,57805.30482605219
7,3.500000000000001e-06,44530414355.62384,214505514661.03433,58115.63470124965,17452762920169.04,429170710039.9551,335.30616264548286,44647157251.32158,214506829398.0149,57805.30482605219
8,4.000000000000001e-06,50696852432.4276,213002902432.136,58056.607111059675,12097911741393.717,400888256052.9201,190.5226697183184,50798214928.18365,213004621201.18176,57805.30482605219
9,4.500000000000001e-06,56814576669.02667,211323104208.38528,58023.543209638214,8750505558316.888,376191738641.09064,118.10255152836572,56899775374.58626,211326199556.5825,57805.30482605219
10,5e-06,62871070052.68153,209469890539.40964,57982.7563876855,6559719519779.432,355137394444.1791,79.34678793145405,62946818273.207634,209473176392.4829,57805.30482605219
11,5.500000000000001e-06,68866945404.25728,207443693458.34518,57952.890974513415,5076052559124.546,337679604965.53674,57.493208516517825,68934440171.20924,207447386201.27087,57805.30482605219
12,6.000000000000002e-06,74792843824.99988,205248200849.0975,57916.70855904659,4045204640999.2173,323793926602.1434,44.64438614958389,74857563473.36691,205250623280.52942,57805.30482605219
13,6.500000000000001e-06,80652000825.17644,202882489234.39587,57899.23654759174,3314685202151.7935,313391036843.6216,36.812195868052164,80711298142.86348,202885033019.17413,57805.30482605219
14,7.000000000000002e-06,86436515813.29337,200349902314.6293,57885.68288610597,2787649907940.877,306297975216.78064,31.86158091841056,86490981529.52661,200352704504.91324,57805.30482605219
15,7.500000000000001e-06,92140948311.08269,197653136523.24652,57872.68911191047,2399591197772.8154,302168386083.50824,28.599370178966453,92191773285.07191,197655972794.00458,57805.30482605219
16,8.000000000000001e-06,97760511190.17905,194794805966.511,57859.5874193869,2106020801270.5862,300501901730.4777,26.34101172496305,97809014750.96355,194797246502.38437,57805.30482605219
17,8.500000000000002e-06,103290320013.49072,191777776935.28067,57845.32647169898,1875975709267.5386,300703930998.2871,24.691028719543773,103338176120.02132,191779094817.55353,57805.30482605219
18,9.000000000000002e-06,108729620779.1496,188602691326.90137,57842.25352914269,1688356813776.5396,302180521362.1584,23.42246036501115,108774681200.25223,188604235663.02295,57805.30482605219
19,9.500000000000002e-06,114070810701.57803,185274168109.75613,57836.889291903506,1529403277810.5444,304433689936.74133,22.40528926520572,114114074461.3276,185275531989.72662,57805.30482605219
20,1e-05,119310447533.85898,181794675126.3849,57832.85336181266,1390698106840.7083,307092384919.23505,21.56372301716347,119351987026.0912,181795920304.33914,57805.30482605219
21,1.0500000000000001e-05,124443080299.75896,178168134812.3355,57825.512988009184,1267364793891.2136,309924381453.08765,20.850720575165585,124484211201.59583,178168455649.87436,57805.30482605219
22,1.1000000000000001e-05,129465730854.17511,174397039329.08926,57819.91111534174,1156664946858.5854,312797839349.50824,20.234774204699963,129506608232.49542,174396429640.73462,57805.30482605219
23,1.1500000000000002e-05,134376191264.43002,170483288759.9376,57822.5801377127,1056986719128.7146,315646831548.7462,19.693433198272583,134415055784.65764,170482956336.98477,57805.30482605219
24,1.2000000000000004e-05,139168589494.84888,166431628037.90768,57823.9820203867,967232251494.5803,318439040616.34656,19.210402051496796,139205567146.10254,166431726807.93134,57805.30482605219
25,1.2500000000000002e-05,143837716636.05957,162246777626.16702,57818.944843070014,886520482610.1143,321151595177.0107,18.774193422351026,143874334066.2219,162246139878.53525,57805.30482605219
26,1.3000000000000003e-05,148382147495.22763,157930480859.54443,57819.02910474475,814039793421.5192,323768828967.8118,18.376834017066265,148417545719.6525,157929848507.8966,57805.30482605219
27,1.3500000000000003e-05,152797835658.58612,153486736408.74268,57821.15019264651,748982364934.9243,326284921946.70905,18.012609299588142,152831664263.94385,153486571847.55103,57805.30482605219
28,1.4000000000000003e-05,157080192121.68607,148920397522.71646,57819.92078835432,690563957479.1737,328694622535.91156,17.67743531177151,157113033569.54044,148920223221.12985,57805.30482605219
29,1.4500000000000003e-05,161226241422.98053,144235040054.92242,57818.39728973429,638047011280.9496,330993796880.1748,17.368298490958818,161258318639.44846,144234759223.82504,57805.30482605219
30,1.5000000000000002e-05,165232243106.7992,139435244547.9726,57814.37929408261,590751022390.8695,333182088760.23193,17.082763907670774,165264149003.8715,139434176991.06076,57805.30482605219
31,1.5500000000000004e-05,169096933164.50412,134522928301.57095,57818.753713087666,548068470046.2549,335259610031.1358,16.81879586010655,169127306062.89044,134522637300.88728,57805.30482605219
32,1.6000000000000003e-05,172815149160.13974,129504738278.36029,57817.553971700494,509459509721.3749,337229666570.9754,16.574548440077006,172844868045.74246,129504415556.57852,57805.30482605219
33,1.65e-05,176384917745.88693,124383841756.64859,57817.9908713878,474468315577.14087,339091180835.5095,16.348507818810276,176413804487.05447,124383825630.03096,57805.30482605219
34,1.7000000000000003e-05,179803198947.1327,119164912681.35619,57818.20961594604,442702197534.2273,340846309974.3867,16.139282442459937,179831294546.96857,119165210878.443,57805.30482605219
35,1.7500000000000002e-05,183067137499.0669,113852697527.63046,57817.13621839745,413827893133.9652,342496427110.3949,15.945640503355916,183094606947.92984,113853121401.04979,57805.30482605219
36,1.8000000000000004e-05,186174279367.7014,108451643242.88878,57815.73287818143,387562048656.9686,344042766889.77136,15.766496686176303,186201306748.34985,108452129148.31966,57805.30482605219
37,1.8500000000000002e-05,189122632584.76712,102965648324.26744,57817.145886238366,363661639964.4651,345486853507.10156,15.600884446119899,189148875124.40396,102966676863.8987,57805.30482605219
38,1.9000000000000004e-05,191909012546.2184,97400987979.47357,57813.593682842846,341915964541.8239,346830530315.5387,15.447936021958919,191935145235.36295,97401527616.89748,57805.30482605219
39,1.9500000000000003e-05,194532130710.24628,91760912059.61989,57813.30966666865,322145717455.18536,348074105200.78937,15.306924907484474,194557856236.47647,91761450346.3751,57805.30482605219
40,2e-05,196989830538.96863,86050436732.75392,57814.05280106177,304191714539.0204,349219655844.75903,15.177170819248397,197015123675.8279,86051147435.2289,57805.30482605219
41,2.0500000000000004e-05,199279625703.6842,80275838877.08821,57809.59359882913,287915619165.00446,350268238315.7713,15.058084111641826,199305000164.94397,80275651530.4274,57805.30482605219
42,2.1000000000000002e-05,201400664106.57315,74440106407.5936,57809.88072978734,273198328723.20215,351220175094.0569,14.949167939793806,201425824836.12903,74439690624.92186,57805.30482605219
43,2.1500000000000004e-05,203351116408.1265,68548669298.07964,57810.97183311959,259932587167.99573,352077312836.93726,14.849944724202777,203376008216.93317,68548296776.10119,57805.30482605219
44,2.2000000000000003e-05,205129568610.54126,62606380069.75926,57813.04854074994,248025604124.52536,352840294790.82837,14.760008375232383,205154109179.8381,62606377392.871635,57805.30482605219
45,2.25e-05,206734614494.0218,56618546754.57626,57814.53515945991,237396432205.01996,353509781561.6233,14.679003208917976,206758777415.00116,56619014047.42694,57805.30482605219
46,2.3000000000000003e-05,208164950291.51135,50590830832.96633,57813.25272851031,227974987345.0366,354086265371.0197,14.606618569743192,208188968203.33932,50591220588.96345,57805.30482605219
47,2.3500000000000002e-05,209419782965.01913,44527670617.678986,57812.92997515774,219700847878.6435,354570127442.7352,14.54258316484176,209443597465.6657,44528143442.46248,57805.30482605219
48,2.4000000000000007e-05,210497911143.4941,38435904258.06004,57806.30943825271,212521239150.6701,354962023374.98444,14.486650051012411,210521906889.09665,38434822824.67684,57805.30482605219
49,2.4500000000000006e-05,211399291194.30258,32317693344.155,57807.778193922,206391947029.95926,355261952791.10596,14.438617018494016,211423111432.4016,32316354172.575893,57805.30482605219
50,2.5000000000000005e-05,212123054544.89972,26179515838.753403,57808.636682837845,201273924977.93494,355470729914.3011,14.398289639861648,212146770371.0608,26177941510.710094,57805.30482605219
51,2.5500000000000007e-05,212668916508.77716,20025473204.251083,57813.26875781662,197135951853.0752,355588104229.729,14.365521089305762,212692387734.3247,20024745698.654583,57805.30482605219
52,2.6000000000000005e-05,213036407587.26767,13862218256.754694,57814.18687584916,193952708017.46655,355614049292.97955,14.340187864571647,213059761232.93918,13861918457.82891,57805.30482605219
53,2.6500000000000007e-05,213225533920.21677,7693686394.754908,57817.77375092931,191705153639.54617,355548195251.62897,14.32219625698151,213248774974.63968,7694542911.651473,57805.30482605219
54,2.7000000000000006e-05,213236217891.1345,1527386730.0710783,57813.65268338191,190379359329.17834,355390353580.79846,14.311470001992378,213259467703.54947,1527898411.7742555,57805.30482605219
55,2.7500000000000004e-05,213068797029.75906,-4632722898.336134,57809.75792865275,189966722542.3182,355140046898.6188,14.307958048197923,213092102182.36694,-4632995151.765706,57805.30482605219
56,2.8000000000000006e-05,212723611308.8366,-10782559835.669086,57810.15422045362,190463426248.78903,354796864596.86725,14.311628068420536,212746921715.3381,-10782927924.539276,57805.30482605219
57,2.85e-05,212201109894.73688,-16916655045.289396,57811.68675389509,191871031343.23288,354360083871.5895,14.322474503503885,212224449728.3714,-16916791828.20219,57805.30482605219
58,2.9000000000000007e-05,211501888239.40955,-23030053771.34046,57814.48458983658,194196392228.15485,353828800433.3695,14.34051631880168,211525374677.5596,-23029468471.254032,57805.30482605219
59,2.9500000000000002e-05,210626916846.26837,-29115812180.391506,57810.64979150365,197451707438.02042,353201980990.3314,14.365794841191654,210650385864.07294,-29115946306.442047,57805.30482605219
60,3.0000000000000004e-05,209576967424.61923,-35170811262.49729,57810.60543918055,201653683789.1272,352478740529.2837,14.398364121397895,209600452021.67706,-35171063909.327736,57805.30482605219
61,3.0500000000000003e-05,208353219485.55978,-41189165928.58991,57809.340563152065,206825502645.83408,351657600853.82794,14.438312020067253,208376705811.7584,-41189815307.151955,57805.30482605219
62,3.100000000000001e-05,206956708833.61197,-47166912721.31129,57811.44289934975,212995787999.94196,350737192542.4288,14.485745375597949,206980299243.3863,-47167310600.1858,57805.30482605219
63,3.15e-05,205388928343.01572,-53098285908.69731,57812.25525582003,220200200781.871,349715674738.6924,14.540803152689444,205412685259.3392,-53098528992.79327,57805.30482605219
64,3.2000000000000005e-05,203651230211.15512,-58978992340.28868,57814.77204678301,228480503062.53796,348591375001.2552,14.603641573210032,203675337887.2274,-58978611350.98246,57805.30482605219
65,3.250000000000001e-05,201745404361.59848,-64803540932.22191,57815.7423870414,237886354570.05496,347362130558.63574,14.674449988705145,201769960494.01443,-64802673560.80501,57805.30482605219
66,3.3e-05,199673394514.72256,-70566701194.56606,57814.04397142188,248474780196.97885,346025878689.39087,14.7534390627312,199698176561.8434,-70565990593.05434,57805.30482605219
67,3.350000000000001e-05,197436763146.60245,-76264864853.18068,57815.39609787629,260311160033.44565,344580374434.517,14.84084580726809,197461961391.75763,-76263694258.31808,57805.30482605219
68,3.4000000000000007e-05,195038271838.05637,-81891436602.3443,57810.693584530534,273472303447.18893,343022488216.6041,14.936959018265352,195063467952.6585,-81891192041.16386,57805.30482605219
69,3.450000000000001e-05,192479168690.94077,-87444297784.80942,57812.67927162725,288043331846.8361,341350043085.8485,15.042071776498366,192504742260.7311,-87443793072.55827,57805.30482605219
70,3.5000000000000004e-05,189762678705.2851,-92916693750.52045,57809.51900439066,304125882402.11005,339558740773.2729,15.156561974719889,189788231364.46283,-92917034508.81892,57805.30482605219
71,3.550000000000001e-05,186890622528.27542,-98305628046.55174,57809.43299873507,321831906821.04926,337645987093.5109,15.28080422879537,186916344341.3161,-98306325446.62183,57805.30482605219
72,3.600000000000001e-05,183865569142.41943,-103606614688.13383,57810.90171336459,341292271824.79346,335607276973.59827,15.415251551635757,183891692356.6266,-103607352849.66908,57805.30482605219
73,3.6500000000000006e-05,180690040996.07513,-108815562384.30598,57814.387581727926,362656225580.9709,333438243380.6543,15.560405792805673,180716859773.9978,-108815768020.67363,57805.30482605219
74,3.7000000000000005e-05,177367673490.24734,-113926796969.09407,57812.969287443084,386094864725.21014,331134050495.64014,15.71682732270967,177394795883.05716,-113927342814.47137,57805.30482605219
75,3.750000000000001e-05,173900731921.49445,-118937353026.87994,57813.68919165255,411800339299.8678,328690632296.0518,15.885101687093647,173928349999.34482,-118937856575.0821,57805.30482605219
76,3.800000000000001e-05,170292600436.85532,-123842631450.58092,57813.42259999351,439996725916.788,326101654846.9955,16.065928016136848,170320655643.55362,-123843236862.0984,57805.30482605219
77,3.850000000000001e-05,166545984622.61478,-128639316996.62895,57815.51078356666,470940411472.8524,323361213755.3691,16.260072622656388,166574864666.01196,-128639555757.1082,57805.30482605219
78,3.9000000000000006e-05,162664386864.06424,-133323164776.50989,57817.516869517975,504929640211.6942,320461996137.1669,16.468414356544184,162694216726.4386,-133322959830.76799,57805.30482605219
79,3.950000000000001e-05,158651323249.15646,-137890223556.0257,57818.74625556117,542308494028.6152,317396763299.8412,16.69192141855282,158682166708.595,-137889708335.4079,57805.30482605219
80,4e-05,154510675697.08563,-142336389307.69904,57817.50776693088,583476178231.4758,314157519190.09357,16.931675459221374,154542254029.81992,-142336022225.77234,57805.30482605219
81,4.050000000000001e-05,150245748020.74747,-146658484474.5513,57816.49826052415,628896731817.638,310735687451.9516,17.1888842447257,150278006591.91675,-146658291262.74127,57805.30482605219
82,4.100000000000001e-05,145860043383.75165,-150853251468.78705,57816.63749019528,679116204302.867,307120777411.29724,17.464942525689573,145893121947.29663,-150853165399.71832,57805.30482605219
83,4.1500000000000006e-05,141357264460.7349,-154917397219.7211,57817.88505815013,734779335970.4456,303301116575.9269,17.76144759811067,141391503824.7909,-154917261745.91766,57805.30482605219
84,4.2000000000000004e-05,136742215127.8585,-158846824522.2986,57815.63937370581,796650274219.4835,299263918738.2599,18.080219422845794,136776955160.24907,-158847204973.6625,57805.30482605219
85,4.250000000000001e-05,132018111965.05316,-162639162321.9161,57814.7814498965,865633320599.7853,294996398505.2844,18.423288519422155,132053489843.15787,-162639995679.66016,57805.30482605219
86,4.300000000000001e-05,127187906535.0787,-166292267293.33386,57819.42252432267,942816945062.3387,290481828680.38776,18.793052001869963,127225113615.54158,-166292601509.5544,57805.30482605219
87,4.350000000000001e-05,122256743047.07628,-169802324520.67712,57823.20936269224,1029522126426.546,285700308553.5852,19.1923538908856,122296049343.08575,-169802199975.1323,57805.30482605219
88,4.4000000000000006e-05,117229688747.31754,-173165955839.88403,57823.191125650854,1127346527093.1562,280632583841.2937,19.624423126019373,117270540219.66716,-173165896191.53506,57805.30482605219
89,4.450000000000001e-05,112110662380.73337,-176380868560.0401,57822.36306327269,1238238084092.6396,275257134532.3227,20.09299209754809,112152820502.31853,-176381191241.04453,57805.30482605219
90,4.5e-05,106903151067.64075,-179445133640.3884,57824.29031694017,1364603163033.802,269547092301.96597,20.602531850994726,106947294563.93321,-179445451989.1137,57805.30482605219
91,4.550000000000001e-05,101612061515.69003,-182356011743.4799,57826.29270722928,1509447135108.7676,263470084160.1768,21.158464417668235,101658451098.26328,-182356300451.64804,57805.30482605219
92,4.600000000000001e-05,96242396568.18073,-185110957569.51993,57826.68321395072,1676546478939.3157,256990787357.44754,21.767286987323413,96290802787.85747,-185111537589.12415,57805.30482605219
93,4.6500000000000005e-05,90797363172.21408,-187708582927.03372,57830.499585053876,1870693858423.894,250068769126.62515,22.436867306984805,90848962636.29799,-187709025951.82788,57805.30482605219
94,4.7000000000000004e-05,85283490208.09735,-190145872558.3877,57830.519255967214,2098061519111.6636,242653404555.94553,23.177015473458155,85337427743.53459,-190146735994.21817,57805.30482605219
95,4.750000000000001e-05,79703571384.68936,-192421905352.24258,57833.826996109776,2366656720844.2163,234690296706.9927,23.999828862680765,79760896062.41406,-192422842950.1386,57805.30482605219
96,4.8000000000000015e-05,74063217506.88234,-194534489658.41574,57836.68560425138,2687050700616.1343,226109561504.2881,24.920788285977416,74124226501.04279,-194535643049.25464,57805.30482605219
97,4.8500000000000007e-05,68366427255.11163,-196482326211.32858,57841.43020870142,3073362204388.9746,216832177160.88467,25.959740138219733,68432104998.43067,-196483502293.8838,57805.30482605219
98,4.900000000000001e-05,62618116233.28752,-198263847145.71628,57847.13891546741,3544752327857.9595,206763032464.17413,27.14269152226432,62689339171.30134,-198265049440.51874,57805.30482605219
99,4.950000000000001e-05,56822414446.26493,-199877904394.57535,57855.37615060452,4127620702259.5093,195792333683.91345,28.504231782092614,56900866156.39231,-199878927176.02805,57805.30482605219
100,5.000000000000001e-05,50988315036.23646,-201322002790.293,57854.907459162976,4858935358151.625,183794196641.16266,30.09127095442403,51071588120.05731,-201324072824.70273,57805.30482605219
101,5.050000000000001e-05,45113851282.20855,-202597191079.35452,57865.406455487326,5791127981973.702,170644283508.0513,31.967931268811824,45206288802.32,-202599389189.53223,57805.30482605219
102,5.100000000000001e-05,39208032680.58105,-203701225610.00674,57873.85110316308,6999784687970.276,156211886144.80972,34.22460823835369,39309980356.43195,-203704095703.40268,57805.30482605219
103,5.150000000000001e-05,33272440779.714497,-204634105512.36725,57888.857440312735,8594265274763.406,140447477109.18805,36.988023515734376,33387607861.529514,-204637374030.0469,57805.30482605219
104,5.200000000000001e-05,27315270493.59802,-205394322414.58337,57901.41605841572,10731515741874.088,123492502033.4279,40.43475745872316,27444106759.926254,-205398707200.59393,57805.30482605219
105,5.250000000000001e-05,21340730613.690186,-205981613094.1802,57914.54111146924,13626478418198.998,106005983160.05814,44.79711085569854,21484550752.646454,-205987572105.4416,57805.30482605219
106,5.3000000000000014e-05,15353888896.822962,-206395819076.85254,57929.8930878359,17533379743405.28,89818744391.68369,50.33136884056257,15513894720.253698,-206403703087.06342,57805.30482605219
107,5.3500000000000006e-05,9363691322.217937,-206636596701.59402,57941.88927667655,22614948060712.58,79165697652.48141,57.151657563546046,9537189979.56929,-206647049862.07288,57805.30482605219
108,5.400000000000001e-05,3383173452.0705395,-206704334771.4237,57942.78316196781,28525508444791.37,81987541906.78362,64.74220668902329,3559302119.8236337,-206717557153.57443,57805.30482605219
109,5.450000000000001e-05,-2569751352.42959,-206600184942.22314,57918.98212370179,33687023591233.95,107875159092.80563,71.17765524043332,-2414598590.357803,-206615320713.84805,57805.30482605219
110,5.500000000000001e-05,-8488482699.922024,-206325589569.45322,57868.73912355167,35389217476067.58,157198965578.30658,73.39982505593166,-8379630659.318386,-206340663888.5721,57805.30482605219
111,5.5500000000000014e-05,-14381568875.171835,-205881475744.0,57808.07862268009,32326239002579.66,211870772047.38168,70.19150259267,-14330909184.102106,-205893920324.78625,57805.30482605219
112,5.600000000000001e-05,-20260736144.267815,-205267754454.96817,57755.48439242825,26392790689524.324,251164338030.41583,63.93379544325943,-20263267311.389053,-205275741875.3163,57805.30482605219
113,5.650000000000001e-05,-26142944417.852867,-204482341239.37653,57733.526774040576,20278526130357.37,270567006134.64575,57.62457391777759,-26171932294.200993,-204486898975.7307,57805.30482605219
114,5.7e-05,-32012219273.09683,-203526087571.74432,57729.817258574665,15279513030611.422,276670674354.41534,52.51761482792753,-32051940316.951134,-203528175575.89093,57805.30482605219
115,5.7500000000000015e-05,-37853496118.8719,-202400638933.1974,57732.73478441349,11546363161840.725,276667736398.39825,48.57806541199338,-37898480744.13001,-202400541989.12817,57805.30482605219
116,5.8000000000000014e-05,-43659205594.381935,-201107241968.15842,57739.13254243619,8832033378245.846,275044808930.70746,45.390817612964916,-43706620825.497086,-201105152635.21533,57805.30482605219
117,5.8500000000000006e-05,-49428099667.42348,-199646169040.38055,57754.56127734306,6855139606248.86,273959617901.3566,42.5833676282985,-49471573235.42825,-199643370651.0818,57805.30482605219
118,5.9000000000000004e-05,-55149282450.05126,-198019744269.43054,57769.502817711924,5396769731055.261,274129368914.99652,39.935555384124136,-55188552537.678276,-198016547640.6573,57805.30482605219
119,5.9500000000000016e-05,-60819212849.53581,-196229145915.8925,57785.873527664284,4304604349813.884,275474362822.2225,37.37261407220207,-60852917015.28163,-196226131378.46188,57805.30482605219
120,6.000000000000001e-05,-66432653574.85364,-194276068814.28436,57802.33108333621,3475720942235.7505,277604955665.57654,34.91508802609205,-66459955300.24352,-194273954457.98694,57805.30482605219
121,6.050000000000001e-05,-71981472090.16296,-192163422010.89188,57810.94344178194,2840148305760.7,280114000884.64355,32.622286863080085,-72005105758.91653,-192161742852.5674,57805.30482605219
122,6.1000000000000005e-05,-77461276491.66359,-189893387544.78717,57812.37745016543,2349098300350.1724,282722404752.0284,30.548905319395512,-77483607004.56322,-189891503165.79556,57805.30482605219
123,6.150000000000002e-05,-82873041906.8001,-187466065206.52112,57821.14431343265,1967342148605.91,285316112924.88654,28.722878507024042,-82891082586.94398,-187465285549.2639,57805.30482605219
124,6.200000000000002e-05,-88207100346.92403,-184885684418.38092,57822.23628296849,1668588014882.7666,287903739904.30554,27.14272113230206,-88223233638.46036,-184885250949.98334,57805.30482605219
125,6.250000000000001e-05,-93461016033.15355,-182153894997.83984,57822.23225462326,1432897449675.733,290522986006.70605,25.78715518606306,-93475546751.8418,-182153781928.7754,57805.30482605219
126,6.3e-05,-98631149818.18825,-179272839346.67047,57823.30526275596,1244955346669.627,293214564753.21533,24.625229725326957,-98643785098.91399,-179273334179.69296,57805.30482605219
127,6.350000000000001e-05,-103712348839.14499,-176245585733.6647,57822.30927834902,1093009388688.5977,295992309029.7944,23.62469181649697,-103723721328.131,-176246452408.87863,57805.30482605219
128,6.400000000000001e-05,-108699552954.81528,-173075464419.41437,57816.559731141715,968138981288.5647,298839710483.5321,22.75676496424468,-108711169921.95937,-173075896469.81747,57805.30482605219
129,6.450000000000001e-05,-113590756506.06126,-169764133387.6884,57814.12691992132,863681052854.0951,301722891512.71735,21.997699508534353,-113602108760.67938,-169764349411.59784,57805.30482605219
130,6.500000000000002e-05,-118381545799.30313,-166314758334.29135,57812.67334689436,774733137411.5831,304607953801.9368,21.32835595769129,-118392539451.1837,-166314860243.4653,57805.30482605219
131,6.550000000000002e-05,-123068183938.47606,-162730257076.97855,57812.52664673665,697762678144.7101,307461854335.1654,20.73355495804309,-123078587118.32333,-162730474148.28934,57805.30482605219
132,6.6e-05,-127647340126.989,-159013382301.1611,57815.22326137524,630256284570.7839,310258862279.1145,20.201169605602125,-127656519681.15256,-159014336983.18494,57805.30482605219
133,6.65e-05,-132113233774.06761,-155169011239.7012,57811.58081337248,570430797738.0885,312981197437.5815,19.72141285829405,-132122542925.00136,-155169598260.1469,57805.30482605219
134,6.700000000000002e-05,-136463736786.85072,-151199416792.8758,57809.36385811251,517020751838.7481,315613728669.8693,19.286497424444775,-136473068183.12877,-151199721066.93604,57805.30482605219
135,6.750000000000001e-05,-140695630649.3498,-147107782995.25836,57809.43819337113,469090912318.0347,318150129188.0888,18.890055107142015,-140704627236.2441,-147108150905.35513,57805.30482605219
136,6.800000000000001e-05,-144805321434.48132,-142897797573.00858,57810.32476177779,425926219423.1127,320586160869.1274,18.526959072899466,-144813874271.23135,-142898357520.63675,57805.30482605219
137,6.850000000000001e-05,-148788595055.58353,-138574041347.42676,57807.334019878734,386958089909.10034,322918422310.80035,18.193138924762945,-148797362037.27777,-138574089485.3922,57805.30482605219
138,6.900000000000002e-05,-152643462243.3623,-134139083535.42888,57807.45970505627,351718845277.96234,325143822105.2856,17.885384717725852,-152652027478.6528,-134139019144.76558,57805.30482605219
139,6.950000000000001e-05,-156366276665.7613,-129597339541.77988,57806.83004797311,319803110831.70013,327263044595.16705,17.601030789797925,-156374841101.94897,-129597061005.39653,57805.30482605219
140,7.000000000000001e-05,-159953706233.98578,-124953220332.04092,57803.50802227406,290859811161.0291,329275674591.71796,17.337914057845552,-159962743051.85007,-124952139229.00067,57805.30482605219
141,7.05e-05,-163404950487.379,-120208158323.01923,57810.11724311985,264581706399.57794,331181721624.5882,17.094244096532968,-163413005356.03787,-120208212939.4969,57805.30482605219
142,7.100000000000002e-05,-166714452168.2023,-115369805278.47566,57806.760271201776,240691089256.75104,332984517655.017,16.868405516526987,-166722746028.12476,-115369279437.23949,57805.30482605219
143,7.150000000000002e-05,-169881170778.28067,-110440339225.83182,57806.096551207804,218955278989.1545,334681944436.9306,16.659147978877414,-169889453319.51572,-110439513085.14902,57805.30482605219
144,7.200000000000002e-05,-172903120323.10352,-105423123519.25928,57810.82124058189,199164729020.7791,336276677166.1652,16.46529435599125,-172910648132.3348,-105423229650.36424,57805.30482605219
145,7.250000000000001e-05,-175776495784.09164,-100324645890.03558,57809.19802064911,181135413422.252,337770878984.538,16.285785504466038,-175783941000.1342,-100324648510.59497,57805.30482605219
146,7.300000000000001e-05,-178499520994.38638,-95148679148.0673,57806.27677109649,164712532345.01413,339164094326.7735,16.119759893448283,-178507148754.43124,-95148186273.2903,57805.30482605219
147,7.350000000000001e-05,-181070811257.67236,-89898344330.23518,57808.13493072501,149759539537.8262,340457897019.2785,15.966421462481394,-181078122951.95547,-89898186833.45476,57805.30482605219
148,7.400000000000001e-05,-183487531621.6964,-84579698268.99278,57806.09663277932,136155352153.9903,341654440223.6181,15.82502753149236,-183494906998.2478,-84579173921.86964,57805.30482605219
149,7.450000000000001e-05,-185748639397.2696,-79195657955.30531,57808.5221936564,123797525853.9513,342753902031.7708,15.69496294976959,-185755703082.7218,-79195557885.47064,57805.30482605219
150,7.500000000000002e-05,-187851916472.40375,-73751798362.21887,57809.367180503206,112594239741.86166,343758040930.3503,15.57564810317831,-187858745247.11237,-73751987214.38667,57805.30482605219
151,7.550000000000002e-05,-189795724278.32233,-68252950387.465225,57808.365962553115,102467151775.35875,344667286111.6362,15.466592012235951,-189802526378.63403,-68253033087.49752,57805.30482605219
152,7.600000000000002e-05,-191578907875.9887,-62703053129.04071,57809.25839371374,93347845337.42155,345482342618.57715,15.367358213371663,-191585518434.75653,-62703496801.42015,57805.30482605219
153,7.65e-05,-193199663516.14188,-57108277511.78878,57805.157165595854,85175613164.67233,346204306190.5946,15.277544382372234,-193206469947.86652,-57107926994.824715,57805.30482605219
154,7.700000000000001e-05,-194657844213.31537,-51470120547.78468,57811.43808083892,77898860479.07578,346833345701.2099,15.196813992888307,-194664154511.1692,-51471097535.848404,57805.30482605219
155,7.750000000000001e-05,-195951388155.28824,-45796610643.387146,57810.37029853353,71469863054.48648,347371045947.5128,15.124831675714992,-195957642582.33365,-45797759474.32019,57805.30482605219
156,7.800000000000001e-05,-197079503344.20465,-40092619521.95918,57804.59834735179,65850500617.985756,347816797379.4618,15.061350039659512,-197085964776.97824,-40092721032.84808,57805.30482605219
157,7.850000000000001e-05,-198041922786.0011,-34361019582.82902,57803.9628611029,61007287289.26914,348170957565.68713,15.006141990410022,-198048419737.05432,-34360686292.10054,57805.30482605219
158,7.900000000000002e-05,-198837927289.5309,-28606855696.87051,57805.434605489034,56910353339.631775,348434355212.5951,14.958988645970082,-198844376092.07632,-28606590089.906017,57805.30482605219
159,7.950000000000001e-05,-199466892739.2439,-22835782688.427856,57804.78784036458,53535179400.742065,348607015945.86707,14.919713644377014,-199473306947.17264,-22835219030.440746,57805.30482605219
160,8e-05,-199928607171.0631,-17051793419.440239,57806.338534167415,50862058920.12887,348688718483.40826,14.888177558386039,-199935004621.47137,-17051388662.504005,57805.30482605219
161,8.050000000000002e-05,-200222831880.26184,-11259737895.775782,57809.163210692925,48874993774.402855,348679448064.3848,14.864260553261854,-200229174721.18045,-11259920478.69196,57805.30482605219
162,8.100000000000002e-05,-200349453157.66635,-5464878321.848939,57811.04690248563,47562010384.95017,348578939884.0925,14.847869434301588,-200355794998.67233,-5465763948.489637,57805.30482605219
163,8.150000000000002e-05,-200308525973.0727,325851067.3468396,57803.86540317784,46914909538.7427,348386782521.2917,14.838936733775933,-200314844333.5941,326358853.31972086,57805.30482605219
164,8.200000000000001e-05,-200100404998.9916,6111762692.5411825,57808.195585488356,46928865791.32376,348102525369.13416,14.83741666132631,-200106717679.5643,6111527323.948514,57805.30482605219
165,8.250000000000003e-05,-199725414736.593,11884416269.27388,57804.61705939255,47602507686.56234,347725645061.88,14.843284350223094,-199731725550.7786,11884942532.569412,57805.30482605219
166,8.300000000000001e-05,-199184025866.45605,17641434284.205914,57806.25540318181,48937857332.41078,347255406884.9561,14.85653913769181,-199190308307.58548,17641852890.745766,57805.30482605219
167,8.350000000000001e-05,-198476846437.02936,23377506957.737312,57808.87590435641,50940741607.997284,346690853132.3967,14.877206153269226,-198483166976.9145,23377427050.42794,57805.30482605219
168,8.400000000000001e-05,-197604683126.58817,29087391732.074917,57810.14161332838,53620570251.50496,346030917382.6136,14.905333306909242,-197611073544.40488,29086801176.654087,57805.30482605219
169,8.450000000000002e-05,-196568619728.05292,34765370636.389366,57806.57362869262,56990225159.89936,345274481186.97156,14.940988451896684,-196574969926.89175,34765328472.290825,57805.30482605219
170,8.500000000000002e-05,-195369513912.21295,40408296128.37709,57806.52254222018,61065854685.630196,344420444712.7726,14.984256423783464,-195375891674.79068,40408302260.62025,57805.30482605219
171,8.550000000000002e-05,-194008599653.76794,46011061650.861,57806.78669020389,65868503026.380615,343467073171.15643,15.035258553367584,-194015016437.91943,46011093437.31083,57805.30482605219
172,8.600000000000002e-05,-192487225536.24725,51568902378.48782,57806.69514316141,71423275278.71896,342412712720.6433,15.09413812424284,-192493622191.42383,51569012519.695076,57805.30482605219
173,8.650000000000002e-05,-190806659270.31534,57077913006.18325,57809.25678783203,77759785366.68254,341255561933.23816,15.161062135221185,-190813226371.8155,57077444847.10052,57805.30482605219
174,8.700000000000001e-05,-188968842888.17102,62532213869.94989,57807.84051060881,84913251884.86292,339993355497.6833,15.236232717207486,-188975409587.50424,62531855671.120804,57805.30482605219
175,8.750000000000001e-05,-186975294229.95963,67928097091.91723,57807.301480978305,92923045934.90027,338624261542.31067,15.31986420399054,-186981952007.2719,67927827298.51514,57805.30482605219
176,8.800000000000001e-05,-184827889373.1053,73261015591.17932,57806.835878185906,101835461445.44324,337145600298.83154,15.412215077836692,-184834527758.50873,73260897094.58095,57805.30482605219
177,8.850000000000002e-05,-182528927162.4317,78525797736.9408,57803.016121465385,111703395366.26009,335554629955.6538,15.513577107774315,-182535245002.36856,78526627211.18777,57805.30482605219
178,8.900000000000002e-05,-180079669519.60263,83720192619.0019,57806.00405326812,122586206144.6077,333848766400.052,15.624264872114253,-180086154515.2529,83720733253.14603,57805.30482605219
179,8.950000000000002e-05,-177482863721.8378,88838551954.90787,57807.22080471161,134554756983.84048,332023727572.916,15.744672033280125,-177489519062.0781,88838917114.67676,57805.30482605219
180,9e-05,-174741265109.67465,93875916197.37447,57803.949382474166,147687129846.49722,330076481802.6513,15.875202283223924,-174747607668.64426,93877077616.80156,57805.30482605219
181,9.050000000000002e-05,-171857050584.33002,98828872227.67676,57800.89384857531,162070867335.00168,328003777970.94507,16.01628916800113,-171862918143.01733,98831063487.60866,57805.30482605219
182,9.100000000000002e-05,-168832127953.70953,103694547892.05557,57803.148884627844,177807333467.17496,325800999846.1671,16.168443584700405,-168837984002.36536,103696798622.29774,57805.30482605219
183,9.150000000000002e-05,-165668378851.8108,108470066177.30225,57813.77428070101,195014653694.36917,323462473003.6076,16.33226650804329,-165675542989.66632,108470282646.26897,57805.30482605219
184,9.200000000000001e-05,-162370670477.9908,113148079582.74013,57814.1664073973,213829871057.05014,320981913856.35535,16.508443319943165,-162378347633.85254,113147657022.32918,57805.30482605219
185,9.250000000000003e-05,-158940749831.78094,117726680787.5453,57816.678498598885,234400419504.6547,318356393853.7791,16.697615042210483,-158949380710.31058,117725252929.947,57805.30482605219
186,9.300000000000001e-05,-155382683981.71558,122200688518.58957,57813.736377415175,256901049949.7164,315578636873.1324,16.90057878150837,-155391543919.70612,122199233548.46931,57805.30482605219
187,9.350000000000001e-05,-151699604940.3434,126566649486.22318,57807.897054522866,281528652263.619,312642867597.70166,17.118187215174483,-151708083694.8285,126566086028.58615,57805.30482605219
188,9.400000000000001e-05,-147893279078.38022,130822888356.48291,57808.88406414271,308511557662.19934,309541689781.73224,17.351411496865747,-147902130761.29086,130822148608.08397,57805.30482605219
189,9.450000000000002e-05,-143968295242.6509,134964400816.74234,57806.770274685565,338121445457.6387,306264653526.94104,17.601425509797487,-143977019891.10266,134964071605.52802,57805.30482605219
190,9.500000000000002e-05,-139926870836.50525,138989204767.07446,57809.18324896476,370668025082.34216,302803923347.62036,17.86946079889968,-139936077802.4566,138988527428.71417,57805.30482605219
191,9.550000000000002e-05,-135774363749.59206,142892122599.21677,57804.90669052949,406518657006.48755,299147923464.5014,18.156965209792872,-135782984867.25725,142892295006.17725,57805.30482605219
192,9.600000000000003e-05,-131512656075.34038,146671828964.89835,57805.09871497827,446094990617.9326,295287622261.79346,18.465471984731423,-131521226239.2393,146672279531.882,57805.30482605219
193,9.650000000000001e-05,-127145738600.1522,150324935597.37903,57806.466027706294,489903570121.32764,291208212764.1007,18.79683841988738,-127154603439.2135,150325352122.45123,57805.30482605219
194,9.700000000000001e-05,-122677399116.03133,153848477866.76782,57808.39857614888,538543676500.95953,286895204144.3795,19.153165105855983,-122686797108.38004,153848709663.21298,57805.30482605219
195,9.750000000000001e-05,-118111950284.09352,157239266487.4484,57808.64886408522,592730053325.9268,282332468234.7756,19.536844457816496,-118121717483.40929,157239466313.59106,57805.30482605219
196,9.800000000000002e-05,-113453082990.89142,160494828631.47964,57808.84592755754,653318224481.4265,277502419237.9767,19.950602262941675,-113463203977.86226,160495078793.8042,57805.30482605219
197,9.850000000000002e-05,-108705884845.47389,163611850163.70145,57804.71583241435,721344451170.8804,272383953393.76276,20.397622882876597,-108715193068.43004,163612905029.44055,57805.30482605219
198,9.900000000000002e-05,-103871123740.28947,166590162710.07373,57810.55172641636,798065058794.898,266954808819.9048,20.881563435389012,-103881819028.99054,166590547199.87686,57805.30482605219
199,9.950000000000002e-05,-98955484816.33403,169425602695.8983,57813.10378959921,885047104287.2197,261182343532.00842,21.406956395775353,-98967275364.0129,169425613400.318,57805.30482605219
200,0.00010000000000000002,-93964082035.1608,172115496033.06927,57810.34193720472,984217021677.1447,255037391091.30136,21.978966230814553,-93975729522.43117,172115920243.96307,57805.30482605219
201,0.00010050000000000002,-88899253169.05608,174658933467.24194,57810.80550489902,1097977064461.0187,248485472395.237,22.60366890130278,-88911488097.90906,174659386708.06927,57805.30482605219
202,0.00010100000000000002,-83765448737.38168,177053810531.44714,57812.86789622634,1229381391289.3408,241480347077.52567,23.288568077547605,-83778782143.16022,177054108679.45978,57805.30482605219
203,0.00010150000000000001,-78567655965.841,179297953808.20456,57813.97359448844,1382340601758.1367,233969623384.4389,24.04281661930209,-78581935955.77588,179298144183.5888,57805.30482605219
204,0.00010200000000000003,-73310411453.9219,181389622725.64996,57814.07803133419,1561917107377.76,225892850163.95096,24.87762370585181,-73325487557.80605,181389917961.56332,57805.30482605219
205,0.00010250000000000002,-67996497633.63632,183327925675.92175,57818.43557517246,1774757947859.3857,217177122372.5728,25.806958611589586,-68013840728.77759,183327789649.87646,57805.30482605219
206,0.00010300000000000002,-62633228550.606735,185110259735.14642,57817.65371408592,2029744679150.3062,207730528364.5487,26.848666133702018,-62651510791.30062,185110283278.818,57805.30482605219
207,0.00010350000000000001,-57222097058.136986,186736452967.72354,57821.684012545265,2338878221447.626,197449695796.6053,28.02542420806895,-57242994592.3956,186736124750.10367,57805.30482605219
208,0.00010400000000000002,-51770112498.345764,188204436824.75067,57822.60459144558,2718739695478.367,186199129024.2967,29.36716745707114,-51792876828.15992,188204182893.29645,57805.30482605219
209,0.00010450000000000002,-46280907911.21175,189513500853.41125,57823.816714430905,3192592225986.334,173822626650.87766,30.91352731700989,-46305811589.24426,189513403877.33453,57805.30482605219
210,0.00010500000000000002,-40759208811.11075,190662690932.11594,57824.99248370776,3793769974828.6895,160128696757.07504,32.71831741822186,-40786357241.884544,190662786782.13208,57805.30482605219
211,0.00010550000000000002,-35208248189.09876,191651514702.91568,57829.386394924484,4570984872512.303,144896217103.91815,34.85584530961875,-35239123208.28968,191651715725.02948,57805.30482605219
212,0.00010600000000000003,-29633298814.751232,192479082604.20886,57834.707550440464,5596776608260.503,127888600510.12045,37.43038615934702,-29668887182.078465,192479379655.75623,57805.30482605219
213,0.00010650000000000001,-24040312632.473484,193144614911.00296,57838.011614087554,6980510863455.78,108923162159.26942,40.58867522987964,-24080283606.834137,193145318633.4769,57805.30482605219
214,0.00010700000000000001,-18433776543.654922,193647802246.17856,57840.285320190065,8886690785315.188,88055396694.89557,44.53311244765704,-18478017916.34531,193649211547.39124,57805.30482605219
215,0.00010750000000000001,-12816184850.503838,193988670944.50262,57846.25795545619,11552885045666.992,66065584663.61756,49.520272895501414,-12866729792.153065,193990832383.88342,57805.30482605219
216,0.00010800000000000002,-7193865696.137596,194166864497.10287,57852.302221775964,15272362451059.242,45667526291.76373,55.7832680346041,-7251117728.6638775,194170000572.27884,57805.30482605219
217,0.00010850000000000002,-1573945697.2894611,194182274084.23907,57854.268865424114,20209341418462.51,34002500471.202965,63.192289529709505,-1635899104.053067,194186846775.50732,57805.30482605219
218,0.00010900000000000002,4035606368.7278433,194035427218.9205,57849.72378976192,25749751168873.984,45149386779.10498,70.35320298565159,3974212695.946388,194041474578.98926,57805.30482605219
219,0.00010950000000000003,9624011126.734514,193727292682.51718,57832.13129958432,29530751238758.17,93245469826.11015,73.75354787688522,9574550119.369022,193734228740.16824,57805.30482605219
220,0.00011000000000000002,15189687945.973612,193258872113.5768,57806.81756862901,28626025042550.68,167340398150.29333,70.35375209094059,15160471213.830376,193265532206.90515,57805.30482605219
221,0.00011050000000000002,20730064115.288372,192631239570.94028,57777.280249185715,23573043658886.48,230296476579.05933,62.487923774509106,20727348639.737553,192635932010.58084,57805.30482605219
222,0.00011100000000000003,26255053689.57413,191843781511.82697,57759.92111607947,17651600554029.59,262892371001.7994,54.94023143118132,26270508478.824738,191846165905.37146,57805.30482605219
223,0.00011150000000000001,31761521647.4841,190896515052.72925,57755.215719911466,12848098808584.904,272648482813.4983,49.665724481412134,31785355377.198868,190897107919.0893,57805.30482605219
224,0.00011200000000000003,37242330376.30527,189790107862.15097,57759.77209379288,9434491052026.97,271936489016.4945,46.30148308728524,37267326057.7239,189789717158.48605,57805.30482605219
225,0.00011250000000000004,42686579734.97337,188526371688.86264,57765.34365245713,7092181410939.94,268578496643.53143,43.97645238125355,42711878280.11756,188525123206.83185,57805.30482605219
226,0.00011300000000000002,48091194983.52284,187106133868.96625,57774.32444587895,5474489464790.313,266214193662.24078,42.00621617548893,48114532569.56514,187104463647.06445,57805.30482605219
227,0.00011350000000000002,53451004786.568405,185530728693.40085,57785.710868354174,4329610263042.891,266010694561.53357,40.001843695784935,53470727038.927986,185529232906.89944,57805.30482605219
228,0.000114,58759003418.92946,183802237880.51035,57794.30571996271,3493754858635.6777,267794952972.43158,37.833053627072786,58776139964.38987,183800880662.69528,57805.30482605219
229,0.00011450000000000002,64010730961.64065,181922400826.87643,57799.63732812125,2864602481037.088,270807580861.40997,35.55008125445961,64026345245.14109,181920968752.1034,57805.30482605219
230,0.00011500000000000003,69202753716.2863,179892756327.84158,57803.775955106175,2379020792577.3535,274248229393.64066,33.286909916319445,69217047639.5321,179891294173.0408,57805.30482605219
231,0.00011550000000000002,74331482435.89902,177714927742.30524,57808.47593618619,1997531879660.5007,277581767281.06067,31.176144398214824,74344035410.2609,177713688043.65338,57805.30482605219
232,0.00011600000000000003,79392445756.65027,175390963414.1459,57812.95474012895,1694328342448.944,280603096805.953,29.301318415590796,79403036835.12532,175390203902.1542,57805.30482605219
233,0.00011650000000000003,84379622024.47652,172923821151.19196,57811.87336358965,1451384566777.3208,283344005020.749,27.688781436948048,84389864427.07527,172922864035.05804,57805.30482605219
234,0.00011700000000000001,89292441331.44728,170314147211.44333,57816.618353202604,1255290214457.4644,285935356040.8729,26.32310720468019,89300472955.44296,170314005622.69186,57805.30482605219
235,0.00011750000000000002,94123108879.46976,167566116451.77698,57814.32363341661,1095607060584.7179,288513261014.47577,25.167660165346383,94130936683.67622,167565874255.46878,57805.30482605219
236,0.00011800000000000001,98869426872.39372,164681397804.79053,57811.972337556705,964147375341.8481,291149936535.4863,24.181793156296948,98877235073.89168,164680942543.99136,57805.30482605219
237,0.00011850000000000002,103527891242.33902,161662353039.15842,57810.816162333875,854498334447.5914,293864853467.21924,23.329580308473954,103535414423.03261,161661838259.14047,57805.30482605219
238,0.00011900000000000003,108094671013.95743,158511662230.14203,57810.4613694251,761726516544.2118,296636467555.96295,22.582999087521667,108101860232.83589,158511163336.11148,57805.30482605219
239,0.00011950000000000002,112566561849.84296,155231733252.9906,57812.65586984497,682115298754.0836,299425033599.25116,21.921523075104826,112572732687.57642,155231763387.88528,57805.30482605219
240,0.00012000000000000002,116938461806.26143,151826471977.28067,57811.059867910604,612909887162.3254,302191586344.60376,21.33024768323891,116944524325.38217,151826435549.44336,57805.30482605219
241,0.00012050000000000003,121207991194.55206,148298062025.00357,57811.24558308923,552097504900.7047,304903164905.8264,20.798152162682943,121213524990.02623,148298175131.05203,57805.30482605219
242,0.00012100000000000001,125371311481.59677,144649872039.40726,57811.14141921239,498194539477.6585,307540478157.72614,20.316575287118276,125376359966.22697,144650204639.0426,57805.30482605219
243,0.00012150000000000003,129424502017.36435,140885600249.18246,57808.27432466807,450098897936.80695,310090856843.84656,19.878544188936367,129429771120.49973,140885577878.61917,57805.30482605219
244,0.00012200000000000001,133365326987.00935,137007660530.12985,57808.01215875617,406974908799.49097,312546184691.4358,19.478380871502655,133370460666.15384,137007624970.4782,57805.30482605219
245,0.00012250000000000002,137190129472.11732,133019851370.19167,57807.310940389645,368163863658.52637,314903479496.77936,19.111367426460877,137195222285.808,133019753082.30229,57805.30482605219
246,0.00012300000000000004,140896289645.14243,128925181245.14458,57808.516426588525,333136573966.6207,317159697646.4748,18.773675836667767,140900990686.94235,128925271563.84914,57805.30482605219
247,0.00012350000000000002,144480051289.7158,124728022541.38708,57806.93222955509,301452994624.0218,319313718043.4352,18.462161455706966,144484867306.55634,124727829765.772,57805.30482605219
248,0.00012400000000000003,147939560342.4932,120430905306.5984,57808.79604734291,272743920766.89944,321363795964.9962,18.17427986179632,147943963966.92703,120431070187.39755,57805.30482605219
249,0.00012450000000000004,151271252727.03235,116038445734.0376,57808.510434511765,246688151814.80423,323310982021.7093,17.90786029161491,151275512347.80463,116038665945.31172,57805.30482605219
250,0.00012500000000000003,154472960433.88907,111553859625.30405,57809.493845805795,223010470187.93805,325154801515.37915,17.661113053964947,154476942687.3967,111554424352.48576,57805.30482605219
251,0.00012550000000000001,157541238530.53665,106982259603.27594,57805.47326628492,201469510665.65268,326896398378.3,17.432484999139202,157545637113.049,106982144476.37637,57805.30482605219
252,0.000126,160475296144.45718,102325316998.39099,57808.63347577166,181857983237.072,328535669948.5998,17.220671439486694,160479223262.8793,102325710908.32234,57805.30482605219
253,0.0001265,163271018211.35645,97589689872.43646,57804.14282066886,163989434012.05667,330075558111.1858,17.02445285427314,163275440457.6109,97589224005.31633,57805.30482605219
254,0.00012700000000000002,165927787459.51166,92777049224.5622,57805.634425818695,147707985227.48438,331515172455.4239,16.8428493852527,165932025317.689,92776685870.41837,57805.30482605219
255,0.0001275,168443104531.42917,87892092052.22762,57808.148960343715,132872529406.43318,332857188408.1313,16.674920731903182,168446996366.9594,87892207681.98424,57805.30482605219
256,0.00012800000000000002,170814742443.41577,82939473193.01361,57809.08392535661,119362213457.23085,334102353040.17413,16.519860508378496,170818423129.67596,82939936464.32478,57805.30482605219
257,0.00012850000000000003,173041123353.89398,77922938892.71315,57811.090416128165,107072875880.06728,335251184919.91815,16.37697156008261,173044438177.87372,77924089598.90271,57805.30482605219
258,0.00012900000000000002,175119926652.54047,72848117814.0606,57807.78755269224,95912882433.37283,336304874589.22736,16.245618913765107,175123405330.01712,72848925120.07819,57805.30482605219
259,0.00012950000000000003,177049718744.6166,67719270199.332924,57801.50766688708,85803966211.96193,337263680807.72437,16.125259581926983,177053670281.56668,67718705449.158066,57805.30482605219
260,0.00013000000000000004,178829969008.44168,62538538163.714005,57802.98054180863,76676775783.97653,338128608142.9339,16.01539529679579,178833871129.9181,62537857140.19973,57805.30482605219
261,0.00013050000000000003,180458892238.19266,57311314732.13959,57804.80445112753,68468026435.05549,338901523320.98206,15.915545758093556,180462713610.5377,57310767686.28656,57805.30482605219
262,0.00013100000000000004,181935063105.1322,52042738967.87287,57803.74846398624,61124403876.88044,339582555940.5789,15.825319988360905,181938963691.15817,52041810887.66419,57805.30482605219
263,0.00013150000000000003,183257895269.9577,46735715548.31502,57807.52750047399,54600173398.28821,340171821917.2382,15.744385415810806,183261566516.64142,46735443290.45937,57805.30482605219
264,0.000132,184426014371.69995,41396143879.79038,57808.15349316649,48854275692.99424,340670275306.6073,15.67242498141897,184429587465.9455,41396087001.992195,57805.30482605219
265,0.00013250000000000002,185438563999.12506,36028994445.89673,57804.87689327344,43852584042.858955,341077850239.91034,15.6091789923487,185442197333.537,36028356632.11418,57805.30482605219
266,0.000133,186295229411.43552,30637291105.586235,57805.563350071345,39565737549.33851,341394721789.4304,15.554419818961795,186298805816.77362,30636673978.5412,57805.30482605219
267,0.00013350000000000002,186995239773.09976,25226707330.92998,57803.815438413185,35967816518.05529,341621471344.55096,15.507934825148608,186998912561.4791,25225553712.038555,57805.30482605219
268,0.00013400000000000003,187538399480.0693,19800461532.626163,57806.17393869513,33037883653.41985,341757935829.9563,15.469555408928507,187542024201.8429,19799660893.73231,57805.30482605219
269,0.00013450000000000002,187924363132.10635,14363046620.030388,57811.23424105073,30758367185.130688,341804220163.66974,15.439134773162404,187927806789.59384,14363407220.58439,57805.30482605219
270,0.00013500000000000003,188152768610.23962,8921263192.735353,57808.467445057926,29115742132.17061,341760062880.7225,15.416558271709192,188156255339.7108,8921492548.097977,57805.30482605219
271,0.00013550000000000001,188223789557.03275,3478138364.222172,57807.39396424965,28100370675.87325,341624955433.3066,15.401743322095552,188227248390.4816,3478296419.9661317,57805.30482605219
272,0.00013600000000000003,188137532948.60114,-1961844820.974901,57807.61404068521,27705346438.524204,341398696954.1902,15.394621232033922,188141008668.54205,-1961525439.4081,57805.30482605219
273,0.00013650000000000004,187894243623.23233,-7393649554.06361,57806.52304841173,27927139294.94384,341080776841.51605,15.39514927275977,187897713368.60388,-7393429192.223965,57805.30482605219
274,0.00013700000000000002,187494329224.59546,-12812806509.919842,57804.881268264886,28765441733.493217,340670531221.5897,15.403310062362102,187497817262.74533,-12812946709.101412,57805.30482605219
275,0.00013750000000000004,186938253310.32294,-18215676865.92534,57806.58779480232,30223095012.894928,340167199704.25635,15.419109143691612,186941738872.60712,-18215535512.812725,57805.30482605219
276,0.00013800000000000005,186226755352.81482,-23596359154.127018,57804.371602194966,32306407639.288662,339569785330.1652,15.442578321891128,186230158654.12582,-23596740672.68137,57805.30482605219
277,0.00013850000000000003,185360406587.24976,-28952341536.996662,57808.065722603526,35024569119.65031,338877358619.2026,15.473767420507816,185363859973.65787,-28952069077.74534,57805.30482605219
278,0.00013900000000000002,184340402387.3524,-34276780919.480724,57805.17062958824,38390940308.00565,338088459434.61206,15.512760017812973,184343823465.46112,-34276976592.16029,57805.30482605219
279,0.0001395,183167520050.99066,-39567110725.78759,57806.1081839946,42421270937.12497,337202090660.40924,15.55964856304861,183170983983.37686,-39567220964.590706,57805.30482605219
280,0.00014000000000000001,181843201031.42957,-44817435631.47328,57802.89544750046,47136097452.818085,336216450365.45966,15.614564795680343,181846524803.3172,-44818314053.60607,57805.30482605219
281,0.00014050000000000003,180368317356.74832,-50025314991.962364,57805.2855341649,52558938538.50223,335130155094.58795,15.677653667527025,180371654746.64786,-50025979681.196594,57805.30482605219
282,0.000141,178744524034.9578,-55185240658.97809,57805.92864266584,58719141892.51759,333940837012.61346,15.749107693667488,178747845395.7556,-55185894201.55597,57805.30482605219
283,0.00014150000000000002,176973070898.52267,-60293878450.774284,57809.506820309594,65649665817.64975,332646677351.16095,15.829132827812643,176976686477.09366,-60293737553.581635,57805.30482605219
284,0.00014200000000000004,175055700799.0022,-65346545945.566635,57812.87804321904,73389517505.65804,331245105305.7353,15.917976748771057,175059711407.2635,-65345343280.7921,57805.30482605219
285,0.00014250000000000002,172994773000.54706,-70337500569.29526,57809.156568486076,81982825270.3167,329733707820.6501,16.01591255625769,172998786103.4144,-70336587167.33958,57805.30482605219
286,0.00014300000000000003,170791563447.7694,-75264428731.83557,57808.85352703537,91478070942.96352,328110528518.57635,16.123223131667487,170795755724.6815,-75263412391.90988,57805.30482605219
287,0.00014350000000000002,168448616631.51285,-80121992499.6377,57804.89865701986,101933341145.09105,326371822866.17346,16.24026831466415,168452581156.79266,-80121617289.57582,57805.30482605219
288,0.00014400000000000003,165967508015.70428,-84907508724.013,57804.404091666845,113412774354.2535,324514819292.7382,16.36742505806394,165971376179.4303,-84907385147.76073,57805.30482605219
289,0.00014450000000000004,163350634188.07755,-89616650633.0753,57804.2336865581,125991666246.99835,322535274109.61176,16.505142933951994,163354416232.03467,-89616731692.93321,57805.30482605219
290,0.00014500000000000003,160600354836.74585,-94245534068.39989,57804.08868437253,139754765013.13602,320429342464.9442,16.653909269205386,160604037828.33405,-94245844775.53667,57805.30482605219
291,0.0001455,157719086399.66656,-98790442717.05739,57804.22318096209,154798375340.2349,318192783565.9294,16.81426227424419,157722694358.8457,-98790876099.28893,57805.30482605219
292,0.00014600000000000003,154709322285.76343,-103247765812.8182,57804.95823156857,171232323479.2115,315820835379.41846,16.986803742603325,154712964434.60587,-103248292353.6066,57805.30482605219
293,0.0001465,151573272154.71848,-107614512132.61458,57809.102907873785,189182156189.75122,313308209284.7357,17.172207779026554,151577452645.20425,-107614335373.31567,57805.30482605219
294,0.00014700000000000002,148314590052.22452,-111885773755.53958,57809.03675764493,208793065356.7607,310648573031.2772,17.371245612888533,148318918117.94415,-111885433186.58699,57805.30482605219
295,0.00014750000000000003,144935900609.07452,-116058507015.15446,57808.17587317137,230227582204.3322,307836815399.53156,17.584724589486957,144940361313.2021,-116058210596.66916,57805.30482605219
296,0.00014800000000000002,141439805082.0135,-120129806494.34892,57809.06288320487,253674120138.54416,304865927655.945,17.81357017403454,141444583268.94492,-120129226630.46652,57805.30482605219
297,0.00014850000000000003,137829454806.71948,-124096224357.25488,57810.340113871345,279351914611.36,301727666588.1729,18.058847103524872,137834747509.86368,-124095230592.42119,57805.30482605219
298,0.00014900000000000002,134109036835.8303,-127953418311.70685,57806.07212102208,307514408063.3904,298413597445.7567,18.32174001876995,134113845772.3476,-127953086922.20874,57805.30482605219
299,0.00014950000000000003,130280339414.39273,-131699947690.7005,57806.40063815962,338451742304.00806,294915929229.7488,18.603522648734447,130285264177.66081,-131699650923.5696,57805.30482605219
300,0.00015000000000000004,126347203897.3227,-135332200654.20413,57806.74152173403,372510253084.9553,291222407141.1503,18.9057309499573,126352256495.85071,-135331907948.02554,57805.30482605219
301,0.00015050000000000003,122312935026.48282,-138847361792.791,57807.5677829712,410093789502.0137,287321701513.0745,19.23006939228132,122318253860.07893,-138846929068.0691,57805.30482605219
302,0.00015100000000000004,118181302732.18806,-142242365806.30383,57807.32826976769,451679120920.8123,283200805403.7296,19.57847050998046,118186767329.47975,-142242044231.92444,57805.30482605219
303,0.00015150000000000005,113955303213.00935,-145514999871.2682,57809.01105719558,497830227019.9627,278845556267.81274,19.95312243595167,113961341498.52472,-145514369000.88382,57805.30482605219
304,0.00015200000000000004,109639438132.37018,-148661952181.8271,57808.06837377312,549223371572.93854,274238640294.40848,20.356575468065447,109645538158.19708,-148661432867.05252,57805.30482605219
305,0.00015250000000000002,105237295943.82222,-151680892859.42,57806.048505999475,606666090103.4077,269362482925.86984,20.791715146389965,105243143427.22284,-151680763153.06378,57805.30482605219
306,0.000153,100752182590.00972,-154569809182.64053,57805.29728460048,671136200100.9219,264195867869.39743,21.26190362707702,100757945339.93463,-154569939338.10663,57805.30482605219
307,0.00015350000000000002,96187610068.21603,-157326625386.44046,57806.623389963956,743829376629.6508,258713487674.09476,21.771111474031528,96193636499.09279,-157326681149.82898,57805.30482605219
308,0.00015400000000000003,91547913229.09488,-159948874687.46082,57807.61634268598,826218439699.1318,252886254114.8632,22.324028353097738,91554344526.9676,-159948845351.30927,57805.30482605219
309,0.00015450000000000001,86837450908.32039,-162434298649.07318,57806.950879329874,920127564554.2693,246681939882.21823,22.926163715507045,86843826022.53943,-162434482651.5021,57805.30482605219
310,0.00015500000000000003,82058881987.17334,-164781726467.82455,57809.946208041765,1027838132064.8188,240063260001.14862,23.58406105787309,82066233844.11963,-164781580883.48004,57805.30482605219
311,0.00015550000000000004,77217965973.29355,-166988426903.21317,57809.609669305566,1152249259746.0146,232983037544.3186,24.305726984546897,77225613753.14699,-166988355269.7065,57805.30482605219
312,0.00015600000000000002,72317772169.55434,-169053268247.99823,57810.476139734914,1297060410252.9312,225390347109.5008,25.100781029391314,72326018848.4595,-169053129705.16714,57805.30482605219
313,0.00015650000000000004,67362901242.78824,-170974469975.01443,57810.76090022305,1467077342042.955,217220578980.08176,25.98116252120291,67371718692.31577,-170974360665.6691,57805.30482605219
314,0.00015700000000000002,62357138010.14503,-172750762407.26962,57811.90022683485,1668615913297.3223,208397723209.44116,26.96175492755484,62366807291.313034,-172750596968.33246,57805.30482605219
315,0.00015750000000000003,57304461905.6264,-174380886847.7574,57814.34877490934,1910110777209.9705,198828646223.53464,28.06143813794971,57315535843.13709,-174380509979.3158,57805.30482605219
316,0.00015800000000000005,52211473819.35933,-175862857499.36823,57811.25139303268,2203010589606.483,188399918294.57462,29.304510874955525,52222254862.79278,-175862908040.9143,57805.30482605219
317,0.00015850000000000003,47079436025.92268,-177196648206.14215,57812.4248121311,2563091192704.792,176978836466.46826,30.72247197468082,47091136639.26262,-177196759340.7763,57805.30482605219
318,0.00015900000000000002,41914175025.075554,-178380807228.29004,57812.746730388375,3012590575746.61,164393699217.61777,32.35753825908666,41926592127.82736,-178381138843.92978,57805.30482605219
319,0.00015950000000000003,36718624518.36961,-179414857668.2317,57815.91711834302,3583421093110.2026,150444202767.20798,34.26676766632796,36732922411.31088,-179415126950.3586,57805.30482605219
320,0.00016,31498400696.09757,-180297752689.88007,57818.18955625463,4322355510193.7183,134893920682.03407,36.52888490063378,31514615484.354614,-180298041679.2547,57805.30482605219
321,0.00016050000000000003,26257411892.58122,-181029014889.8267,57820.88071916154,5299163464619.627,117497528811.01392,39.253551724182586,26275992886.339523,-181029399878.74643,57805.30482605219
322,0.00016100000000000004,21001082153.102776,-181608026199.40698,57821.696817803626,6619252024632.282,98064617156.38847,42.59399932370857,21021484189.226852,-181608741925.3118,57805.30482605219
323,0.00016150000000000002,15733995785.488781,-182034509678.3619,57820.78902898294,8441260605263.08,76667895370.74858,46.7584973260223,15755352602.275085,-182035808619.32956,57805.30482605219
324,0.00016200000000000003,10457677575.240126,-182308615878.4898,57824.31043827112,10993230083054.98,54189652528.96942,52.00134693580853,10482139391.138163,-182310234324.12976,57805.30482605219
325,0.00016250000000000002,5179348584.584871,-182429929372.22076,57825.90878972125,14549882441220.027,33676401331.68977,58.51998603961754,5206272195.886077,-182432081097.10217,57805.30482605219
326,0.00016300000000000003,-96674287.40834092,-182398670873.9305,57826.90447225506,19231743515708.61,23104818612.033806,66.04585050248761,-67904911.38634299,-182401452631.67618,57805.30482605219
327,0.00016350000000000004,-5363091097.999214,-182215106457.53638,57823.00561757148,24332828630999.74,37820806534.17946,72.84238146598449,-5335932387.925011,-182218583592.0555,57805.30482605219
328,0.00016400000000000003,-10615340662.76039,-181879815475.57294,57814.771952986615,27443608988543.24,91574914947.68716,75.0514181697192,-10593514336.030964,-181883713804.56174,57805.30482605219
329,0.00016450000000000004,-15841787040.612017,-181394194311.50537,57794.37328323246,25974301514023.06,169113493298.90686,70.1310587841847,-15836181576.230986,-181397291339.26584,57805.30482605219
330,0.00016500000000000005,-21051541372.364323,-180758216789.45734,57779.424932771515,20930646629512.773,231023211442.28787,61.46567744098198,-21059586641.5058,-180759959613.85547,57805.30482605219
331,0.00016550000000000004,-26244980907.95198,-179971783710.4432,57774.62283663234,15454040069530.807,261040580529.4601,53.928849023932734,-26259402145.943665,-179972395230.98514,57805.30482605219
332,0.00016600000000000002,-31418173060.175354,-179035083806.30597,57779.63073818961,11165924333879.682,268861705217.024,49.00262145433287,-31431322967.590736,-179035430209.90717,57805.30482605219
333,0.0001665,-36557630264.07654,-177950159467.88852,57782.331930280256,8176317784572.846,267086790003.08298,46.03188850591104,-36571083276.12582,-177950022793.9688,57805.30482605219
334,0.00016700000000000002,-41660786941.57073,-176717854382.19547,57785.152297622044,6150150884406.349,263243181384.9259,44.04816095012467,-41674354367.03551,-176717231548.57126,57805.30482605219
335,0.00016750000000000003,-46723951188.92398,-175339224784.36325,57789.006706824046,4763928364887.514,260751605386.0925,42.34196867889622,-46736940339.5407,-175338305357.75238,57805.30482605219
336,0.00016800000000000002,-51740594329.335144,-173816164895.54825,57789.493534833346,3789894241023.267,260639054340.80472,40.52123758705109,-51754651104.42095,-173814477170.91614,57805.30482605219
337,0.00016850000000000003,-56712754377.54587,-172148402205.02527,57799.42831942117,3081549583312.54,262628363017.93954,38.46283531744093,-56723452717.88391,-172147272024.94705,57805.30482605219
338,0.00016900000000000004,-61629514355.43339,-170339328833.54654,57802.975980788484,2547902796399.7095,265891020809.90198,36.23106871089798,-61639110426.50353,-170338189003.8538,57805.30482605219
339,0.00016950000000000003,-66491056781.86507,-168389295863.50836,57810.85589390709,2133667019238.4265,269551340979.8493,33.97959473947252,-66497677532.64354,-168388926434.4242,57805.30482605219
340,0.00017000000000000004,-71288738129.69371,-166301766334.6969,57810.189415013425,1805123364094.3188,273035976038.4218,31.85988754694569,-71295162039.1054,-166301311466.03186,57805.30482605219
341,0.00017050000000000002,-76022105746.65433,-164077410078.53146,57811.76043978177,1541008573707.2207,276118115268.26965,29.97005449936559,-76027552086.67656,-164077202028.37766,57805.30482605219
342,0.00017100000000000004,-80685954453.11302,-161718790837.86945,57811.3085972927,1326847215259.7705,278843160577.7676,28.34437177989037,-80691039377.86743,-161718592769.95816,57805.30482605219
343,0.00017150000000000005,-85276003005.59247,-159228340023.81088,57807.64722149428,1151984094676.6052,281365022751.29517,26.970098501433245,-85281769775.72649,-159227698683.02863,57805.30482605219
344,0.00017200000000000003,-89790398529.88925,-156607362115.12848,57807.53324019997,1008115260782.974,283836312851.63495,25.810499054452503,-89796010896.13086,-156606675667.81995,57805.30482605219
345,0.00017250000000000002,-94225284676.32872,-153858196931.53336,57809.774278200835,888603834211.5961,286356131801.3936,24.822996604877204,-94230003536.79834,-153857835182.12146,57805.30482605219
346,0.00017300000000000003,-98576009825.29468,-150983862810.63754,57810.20708287629,788176644293.1713,288955454675.5186,23.969809840130747,-98580244683.47401,-150983667780.63037,57805.30482605219
347,0.00017350000000000002,-102840250162.45923,-147986129762.94293,57813.77835881762,702723026757.4655,291616089599.38104,23.22175440802908,-102843135717.98215,-147986678455.10443,57805.30482605219
348,0.00017400000000000003,-107012419875.77296,-144869054785.4753,57811.52215850636,629091965918.524,294301319865.5696,22.557708606578608,-107015279731.7796,-144869581679.02042,57805.30482605219
349,0.0001745,-111090608839.94136,-141634430673.76047,57810.65060289682,564924397630.0237,296968049703.7261,21.962858893097838,-111093297073.99214,-141635102103.58347,57805.30482605219
350,0.00017500000000000003,-115071711541.95161,-138284910314.47058,57811.69115980211,508453435314.56104,299585902786.7898,21.42634638726053,-115073772688.9182,-138286013310.3392,57805.30482605219
351,0.00017550000000000004,-118951052457.91733,-134824617765.76273,57807.68230909094,458356793964.8853,302134089885.1193,20.93983526900704,-118953608099.7318,-134825272456.43672,57805.30482605219
352,0.00017600000000000002,-122726870921.56891,-131255502735.38249,57806.03519000072,413641231281.19434,304597537298.03784,20.496735691647952,-122729642946.2559,-131255896876.24306,57805.30482605219
353,0.00017650000000000003,-126395893658.58339,-127580856346.06374,57805.01336980989,373534377341.7486,306970393068.0424,20.09153867665755,-126398814170.00032,-127581026808.65372,57805.30482605219
354,0.00017700000000000005,-129955099238.21764,-123803944626.21944,57804.03877534179,337426552256.2311,309248431482.3685,19.71968788525559,-129958266585.25252,-123803790462.03119,57805.30482605219
355,0.00017750000000000003,-133402045117.52652,-119927612815.03954,57805.23690321135,304824463327.0682,311428864744.9383,19.377429324231446,-133405106762.24928,-119927494600.18463,57805.30482605219
356,0.00017800000000000004,-136733873302.65161,-115955264545.83264,57807.53526340306,275318146861.6366,313510561690.11176,19.061645799620013,-136736521997.94818,-115955493443.88963,57805.30482605219
357,0.00017850000000000006,-139946711021.37085,-111891753514.67566,57803.559453272646,248562597818.53677,315492518339.00104,18.769765086495227,-139949926500.14432,-111891267718.59715,57805.30482605219
358,0.00017900000000000004,-143039835725.93875,-107738452926.43779,57805.90732891974,224267471474.95337,317372765906.9373,18.49969899779404,-143042741684.45654,-107738239230.11554,57805.30482605219
359,0.00017950000000000003,-146009528712.19266,-103500465757.39601,57804.91264089297,202174949335.67212,319153729661.48517,18.249573882482043,-146012563132.13983,-103500014087.66959,57805.30482605219
360,0.00018,-148854374227.53424,-99180198161.27888,57807.63399458719,182066166806.99625,320834671378.16327,18.01785291489647,-148857022057.09378,-99180183670.89542,57805.30482605219
361,0.00018050000000000002,-151571545186.3805,-94782124233.02252,57809.029838073664,163747486769.05725,322417204268.78613,17.803166640531213,-151573914350.6086,-94782501076.53116,57805.30482605219
362,0.00018100000000000004,-154158841333.68768,-90310154878.23537,57808.88622728072,147052639641.37527,323901534018.4228,17.604352774182114,-154161044098.43973,-90310676429.06177,57805.30482605219
363,0.00018150000000000002,-156614214648.81793,-85768225022.97794,57807.25803134734,131836955183.18362,325288351591.64105,17.420392540675103,-156616486461.05374,-85768578050.482,57805.30482605219
364,0.00018200000000000003,-158935945110.4286,-81159945640.69688,57805.93359343752,117974232919.23582,326578597901.02563,17.25038022331152,-158938311380.7496,-81160145668.1168,57805.30482605219
365,0.00018250000000000004,-161122185631.76346,-76489378580.40576,57804.19700036168,105353685108.53264,327773495443.66754,17.093500972102593,-161124690680.25525,-76489196020.0837,57805.30482605219
366,0.00018300000000000003,-163171287076.76495,-71760496547.11783,57802.22743421851,93878858679.5367,328873917773.8327,16.949036311930602,-163174041663.15787,-71759687869.7667,57805.30482605219
367,0.00018350000000000004,-165082049732.9233,-66976527132.53285,57803.673783522114,83465504364.77937,329880710185.08356,16.816349383745862,-165084717017.93878,-66975755713.18832,57805.30482605219
368,0.00018400000000000003,-166852965795.20865,-62141542016.45157,57807.14873822656,74039115757.25017,330795049700.61035,16.694861180652055,-166855325191.8415,-62141292776.816124,57805.30482605219
369,0.00018450000000000004,-168482419437.01047,-57260304471.88612,57808.874310819745,65535172362.2505,331617540296.5728,16.584067065712063,-168484603297.72482,-57260505461.18293,57805.30482605219
370,0.00018500000000000005,-169969137472.76364,-52337214212.20025,57808.31530941749,57898309757.75252,332348383690.50146,16.483534351144282,-169971270285.26477,-52337518507.36725,57805.30482605219
371,0.00018550000000000004,-171312085686.54053,-47376414288.63767,57806.43384932863,51080226235.00865,332988020575.65704,16.39287672276244,-171314322517.498,-47376488844.32787,57805.30482605219
372,0.00018600000000000002,-172510559591.32538,-42381260189.91867,57807.405131391795,45038507257.76111,333537037916.2298,16.311744505595698,-172512687093.8555,-42381616326.54799,57805.30482605219
373,0.00018650000000000003,-173563511156.29776,-37356672514.30621,57807.01383616704,39735622905.55179,333996154787.0801,16.23981910851919,-173565655493.9148,-37357087734.538795,57805.30482605219
374,0.00018700000000000002,-174470201991.5792,-32307123822.23739,57804.73263528006,35139900211.36255,334365426363.6115,16.176835066841242,-174472465454.13022,-32307079263.15608,57805.30482605219
375,0.00018750000000000003,-175230206683.01785,-27236162561.886326,57804.34599577295,31224258746.859646,334644965545.20337,16.12256330216569,-175232470514.9781,-27235902381.950397,57805.30482605219
376,0.00018800000000000002,-175842980717.7153,-22148434794.048584,57803.439365568556,27965386051.910282,334835049726.7801,16.076799106967506,-175845360072.45508,-22147793853.031563,57805.30482605219
377,0.00018850000000000003,-176308332622.42902,-17046988313.704105,57807.52287289908,25344213247.00696,334935594635.31036,16.039373505662976,-176310582166.99228,-17047061068.42845,57805.30482605219
378,0.00018900000000000004,-176625796818.2523,-11937858196.879555,57807.01294770447,23345031900.826736,334946605983.7299,16.01014202419165,-176628021088.2614,-11937898529.004797,57805.30482605219
379,0.00018950000000000003,-176795396572.53757,-6824366529.527887,57807.83029180149,21956259691.864376,334867594489.83575,15.98899850917977,-176797594668.64603,-6824646743.329442,57805.30482605219
380,0.00019000000000000004,-176817124735.36563,-1711225931.301551,57807.5642337178,21169163049.680496,334698329790.6206,15.97585552965382,-176819341736.31216,-1711591515.667212,57805.30482605219
381,0.00019050000000000005,-176691149939.5414,3397270026.556551,57806.530405452766,20978248940.196835,334438357707.517,15.970651683271367,-176693349044.22232,3396985109.209837,57805.30482605219
382,0.00019100000000000003,-176417765741.40866,8496851404.911865,57804.98488779291,21381040759.37392,334087132109.8594,15.973349912546325,-176419918017.67368,8496842607.479573,57805.30482605219
383,0.00019150000000000005,-175997340636.9374,13584047184.714865,57806.51195573041,22378075686.83902,333643983958.638,15.983937405440571,-175999522129.52017,13583810138.546705,57805.30482605219
384,0.00019200000000000006,-175430423576.92267,18653712936.992016,57805.966268787146,23973120106.51551,333108034196.9447,16.00242804243935,-175432630356.62006,18653607720.185177,57805.30482605219
385,0.00019250000000000004,-174717655203.55682,23701915709.46411,57805.36551184354,26172865408.269524,332478367342.3096,16.028857710129195,-174719881041.6615,23701928595.668633,57805.30482605219
386,0.00019300000000000003,-173859772687.667,28724672025.996117,57805.641117029314,28987203506.375504,331753895191.6524,16.06328678634721,-173862003186.80923,28724704743.74557,57805.30482605219
387,0.00019350000000000001,-172857606914.15237,33718028548.965004,57807.39974353163,32429407294.5096,330933339223.5941,16.10580194902942,-172859879032.8393,33717722811.20088,57805.30482605219
388,0.00019400000000000003,-171712287596.81702,38677076603.699196,57806.68023289894,36516326884.15451,330015231175.0608,16.15651707766731,-171714565133.90033,38676794637.46554,57805.30482605219
389,0.00019450000000000004,-170424895553.21106,43598050953.995186,57805.90103691119,41267962691.66489,328998187066.8609,16.215565065553452,-170427214729.69806,43597886466.179504,57805.30482605219
390,0.00019500000000000002,-168996804498.85052,48476410818.26141,57802.95744474319,46708432720.77653,327880451580.5789,16.283109653948035,-168998950374.57318,48476919308.97198,57805.30482605219
391,0.00019550000000000004,-167428829087.31894,53310102521.7061,57807.469732689984,52865674334.92774,326660271309.913,16.35933879129117,-167431196051.53577,53309815933.83843,57805.30482605219
392,0.00019600000000000005,-165722970918.73294,58093110578.14563,57807.58965149478,59774073421.00144,325334830168.8327,16.444497148742247,-165725427364.99344,58092728735.704475,57805.30482605219
393,0.00019650000000000003,-163880837251.64597,62821607262.17954,57805.41074458425,67470898935.77728,323902436048.9942,16.538829213526643,-163883191252.80658,62821559641.060814,57805.30482605219
394,0.00019700000000000005,-161903771591.12637,67492719333.24215,57806.36979301621,75999095475.68343,322360718286.4481,16.642614984572504,-161906194717.66806,67492492832.17221,57805.30482605219
395,0.00019750000000000003,-159793448654.39642,72102785873.71556,57810.16212658012,85409130357.9196,320706400459.3641,16.756194267637152,-159796275658.43433,72101759821.75499,57805.30482605219
396,0.00019800000000000004,-157552864388.3816,76645552306.02327,57804.348207967334,95758640081.63959,318936168838.6676,16.879949583398922,-157555332444.05002,76645489641.26181,57805.30482605219
397,0.00019850000000000005,-155183115787.35416,81119541739.26337,57802.695530574354,107109225144.4717,317048158047.9792,17.014250642216147,-155185368081.60718,81119969407.5161,57805.30482605219
398,0.00019900000000000004,-152686314842.1906,85521026751.33502,57803.39967633672,119535199199.72095,315037676364.26654,17.15957419976667,-152688558497.966,85521572039.65204,57805.30482605219
399,0.00019950000000000002,-150064883446.7919,89846005739.8807,57803.712013768265,133120858262.97256,312900436217.4566,17.31645144506638,-150067075857.63223,89846672909.8173,57805.30482605219
400,0.00020000000000000004,-147320987475.49457,94091230818.20036,57805.102507555435,147961165134.2881,310632342664.90314,17.48545345230374,-147323317023.27637,94091756987.97571,57805.30482605219
401,0.00020050000000000002,-144457495760.04288,98252535961.41649,57803.76720456088,164164901387.28714,308228477445.1874,17.66722218346388,-144459674646.7766,98253409957.38869,57805.30482605219
402,0.00020100000000000003,-141476140551.3049,102327769078.33313,57806.62488364962,181854472554.3836,305684192481.49634,17.86245058591938,-141478650575.81973,102328185591.143,57805.30482605219
403,0.00020150000000000002,-138380253585.23865,106312533155.73752,57806.92638387265,201173292358.83563,302992695855.9079,18.071959609016666,-138382898143.9098,106312843841.94472,57805.30482605219
404,0.00020200000000000003,-135172675459.78798,110203506833.50035,57805.00436987056,222282634233.82773,300148453166.14233,18.29662127819496,-135175098743.21585,110204135248.01213,57805.30482605219
405,0.00020250000000000004,-131855557134.64442,113998408102.86171,57805.916938180206,245367848612.85672,297144874155.1422,18.537407084394424,-131858049471.458,113998932423.57472,57805.30482605219
406,0.00020300000000000003,-128432387394.59573,117693433443.95291,57804.94110657217,270646072502.89316,293973303234.86505,18.79545261198681,-128434700075.49689,117694231505.58748,57805.30482605219
407,0.00020350000000000004,-124905019979.26694,121286863686.14278,57809.23496257291,298366216041.05804,290625858233.0243,19.071995622127115,-124908041050.19194,121286938182.989,57805.30482605219
408,0.00020400000000000005,-121278077079.18892,124774086272.71542,57808.08631404882,328823086707.2482,287091537034.9029,19.36849268776338,-121281148396.11133,124774204751.56764,57805.30482605219
409,0.00020450000000000004,-117553511597.13184,128153572180.69266,57809.927061987946,362353473113.79614,283361849210.6376,19.686485101385657,-117557129988.50801,128153276220.64656,57805.30482605219
410,0.00020500000000000005,-113735230413.7192,131421925964.02783,57810.09798084462,399358969591.2128,279423706314.7304,20.027799861083633,-113739182219.3805,131421408956.5163,57805.30482605219
411,0.00020550000000000003,-109826769446.23264,134576379065.26515,57808.120253224915,440310283978.3284,275264559115.15985,20.39447896390657,-109830618243.59625,134576056778.90685,57805.30482605219
412,0.00020600000000000005,-105830226190.62248,137615503829.01132,57810.73091196969,485765222670.1351,270870128322.6175,20.788842786594127,-105834810397.7027,137614722702.19907,57805.30482605219
413,0.00020650000000000003,-101750160426.63377,140535929887.93848,57811.1327825498,536397542868.8648,266221609356.99304,21.213649858484736,-101755250111.67873,140534926217.31015,57805.30482605219
414,0.00020700000000000002,-97590941968.34941,143334788847.66183,57806.465632606996,593011219852.1693,261301180810.3202,21.672000617388083,-97595358260.16495,143334387462.33536,57805.30482605219
415,0.00020750000000000003,-93353586092.64467,146011725354.65646,57809.20405807167,656574486279.7616,256089014578.0512,22.167429992734466,-93358763055.46863,146010930245.65845,57805.30482605219
416,0.00020800000000000004,-89043961360.1672,148563064320.27805,57807.68900037127,728285804250.426,250556163470.23886,22.704276781934997,-89049047222.12296,148562478055.26553,57805.30482605219
417,0.00020850000000000003,-84665281082.93953,150987199996.72867,57805.28249555458,809606580052.7722,244676351444.0571,23.287480447729237,-84669914915.35176,150987036507.0769,57805.30482605219
418,0.00020900000000000004,-80221203229.25014,153282338354.20142,57802.62722880799,902354243385.88,238416215988.39868,23.9229202999541,-80225070203.19029,153282690670.53824,57805.30482605219
419,0.00020950000000000005,-75713749484.3375,155447635492.66373,57806.10946666342,1008809473625.3837,231736388455.09772,24.61765736424614,-75718424004.80731,155447697125.0969,57805.30482605219
420,0.00021000000000000004,-71149299990.5219,157480062275.88705,57804.87404174143,1131879765834.1746,224587169260.61954,25.38037871402567,-71153649954.77405,157480422674.71365,57805.30482605219
421,0.00021050000000000005,-66530239858.87736,159378845904.44504,57805.447273275226,1275274974589.5103,216917358617.69736,26.22145454998659,-66534652195.24202,159379276463.67566,57805.30482605219
422,0.00021100000000000003,-61860679523.901276,161142429885.98157,57806.61888007206,1443825881582.086,208660101398.20068,27.153798157467076,-61865461719.18464,161142823305.28925,57805.30482605219
423,0.00021150000000000005,-57145629310.66274,162769082537.81772,57804.97371426243,1643896874746.46,199736295181.69012,28.19357002018474,-57149960876.02052,162769788248.82617,57805.30482605219
424,0.00021200000000000006,-52386887649.13814,164258426612.23013,57807.85038478665,1883988191648.103,190052632046.80322,29.361159927965918,-52392138163.74985,164258895723.00937,57805.30482605219
425,0.00021250000000000004,-47589727131.524994,165608854609.86887,57810.29204793477,2175682990565.5308,179489229273.1935,30.68305934861572,-47596102953.263725,165609180560.8451,57805.30482605219
426,0.00021300000000000003,-42759516023.11377,166819025308.261,57808.859379316134,2535004436339.227,167905286107.52017,32.19384536098375,-42765731138.36263,166819562035.86066,57805.30482605219
427,0.00021350000000000004,-37897429568.76187,167888915107.39835,57812.22202279664,2984527770244.572,155132494467.83395,33.93936939530502,-37905200150.14114,167889253221.7414,57805.30482605219
428,0.00021400000000000002,-33009116443.41997,168817295537.35715,57815.10222206789,3556770740800.0425,140961158617.7815,35.982099120513155,-33018624292.22247,168817488641.17163,57805.30482605219
429,0.00021450000000000004,-28099419511.316833,169603406093.97067,57815.898856836,4299418073757.7935,125159040144.39171,38.40784810070497,-28110082846.907455,169603660205.99472,57805.30482605219
430,0.00021500000000000002,-23172976439.84061,170246727215.38815,57814.04283618891,5283580455024.129,107494941103.81822,41.335640093822406,-23183734858.814137,170247261152.26816,57805.30482605219
431,0.00021550000000000003,-18232228706.677975,170747204173.0319,57813.92381860071,6616271693271.143,87828028021.10016,44.92981540342573,-18243613957.059475,170747940805.6514,57805.30482605219
432,0.00021600000000000005,-13282357116.935904,171104420481.46106,57812.9369850411,8456831302745.316,66357443405.10017,49.40822352480517,-13294007135.890207,171105412880.19647,57805.30482605219
433,0.00021650000000000003,-8326852597.340319,171318330804.7191,57812.600022788014,11027423041671.857,44298902593.23152,55.01756473514742,-8338959852.145812,171319670549.3342,57805.30482605219
434,0.00021700000000000004,-3368741090.359399,171388998120.88928,57815.16061632878,14570122417459.426,25467847122.302155,61.880937930117405,-3382650061.920407,171390509423.163,57805.30482605219
435,0.00021750000000000006,1585278973.1090872,171316319445.02084,57815.154763710656,19092888811333.293,19191419373.0478,69.47390685125177,1570792633.6590261,171318198135.39197,57805.30482605219
436,0.00021800000000000004,6529417993.053849,171100735963.94073,57811.26066484268,23650522788034.715,41566930996.00102,75.54714819769028,6517233807.509672,171102889040.60776,57805.30482605219
437,0.00021850000000000003,11456165774.324068,170743020582.56107,57799.62575190678,25758892388160.22,102363824340.47525,76.06497098390075,11452583514.621265,170744913271.66653,57805.30482605219
438,0.00021900000000000006,16367241065.478708,170243599707.81647,57788.895121834285,23511721773106.11,179207460001.1823,69.64725222556808,16372634490.909542,170244715703.8272,57805.30482605219
439,0.00021950000000000005,21267616750.023598,169602060582.56216,57790.1707339883,18527793322918.074,234804302465.942,60.67519077340371,21273406426.108524,169603003077.74988,57805.30482605219
440,0.00022000000000000003,26139724531.80067,168820335765.61124,57785.17721958245,13581119594448.455,259577811974.82095,53.50954702472368,26150808251.623055,168820383896.96094,57805.30482605219
441,0.00022050000000000005,30989300803.663834,167897992135.39447,57786.91435517067,9825642312343.332,264845034178.402,49.010398840579875,31000701110.76627,167897602589.8032,57805.30482605219
442,0.00022100000000000003,35808569343.02308,166836285464.19717,57790.198716108425,7229956241738.533,262220881670.988,46.342611515418916,35819101827.113144,166835713069.27884,57805.30482605219
443,0.00022150000000000002,40591008481.33932,165636729267.67908,57791.21486679683,5471472662299.241,258295725957.9408,44.545217032763496,40602119015.0571,165635667459.71262,57805.30482605219
444,0.00022200000000000006,45336106758.912025,164299736289.58163,57795.86188619438,4265646418658.6006,255976201790.76404,42.9472066526574,45345754614.03451,164298681545.54315,57805.30482605219
445,0.00022250000000000004,50037807144.147026,162826992348.48535,57800.16246091826,3415611909397.346,256062661354.02856,41.18727784697684,50046063493.68895,162825981095.80466,57805.30482605219
446,0.00022300000000000003,54692583341.42602,161219777265.01135,57804.77360540064,2794913696918.2456,258195506870.2349,39.16199888263345,54699101059.658966,161219005480.59894,57805.30482605219
447,0.00022350000000000007,59294884404.526054,159480152753.59375,57805.370615541615,2324937496037.6465,261524486601.1811,36.947380732313505,59301184426.46616,159479291924.232,57805.30482605219
448,0.00022400000000000005,63843153107.919426,157609026464.176,57807.95015151949,1957861249478.1787,265197983120.06937,34.70255952356426,63848480449.11591,157608374513.66992,57805.30482605219
449,0.00022450000000000004,68332513365.70663,155608501524.80548,57809.12856133445,1664652984923.7795,268660833803.2399,32.58213372495227,68337206862.94382,155607987124.97287,57805.30482605219
450,0.00022500000000000008,72759225942.33574,153480462656.6662,57808.870153965494,1427128454601.1472,271702532573.14294,30.686450810560032,72763660776.1683,153479930116.6909,57805.30482605219
451,0.00022550000000000006,77121121859.254,151226168519.88638,57811.938634595324,1233041493394.0747,274366151145.79803,29.052360672126778,77124288132.92847,151226160842.53662,57805.30482605219
452,0.00022600000000000005,81412203274.00162,148848805610.8789,57809.85793114396,1073390258314.1652,276809578985.31775,27.66902567937974,81415452676.2092,148848662058.8972,57805.30482605219
453,0.00022650000000000003,85630564110.43417,146349761861.40738,57808.923646610536,941150745929.6825,279185617175.3646,26.500989102816277,85633720818.66737,146349529491.78082,57805.30482605219
454,0.00022700000000000004,89773534364.1757,143730772944.12253,57811.734319651216,830665150890.6925,281597655134.54785,25.506137572472035,89775598072.15839,143731064083.85745,57805.30482605219
455,0.00022750000000000003,93836343761.4109,140994943360.90707,57812.38725296554,737383975599.4268,284084791107.6126,24.646460848987264,93837813141.15079,140995626943.72458,57805.30482605219
456,0.000228,97815182952.81856,138145094112.42432,57809.26629148881,657722043866.4069,286634364783.1671,23.89234708774055,97816972110.61127,138145581641.7039,57805.30482605219
457,0.00022850000000000005,101708286476.49611,135182790986.95006,57809.07794436939,588908124557.5486,289210393760.4448,23.22243279898713,101709860950.0276,135183368898.08405,57805.30482605219
458,0.00022900000000000004,105511463409.53079,132111369875.36464,57806.77013660066,528824954269.74054,291776162513.55206,22.62157531644118,105513355138.91563,132111664599.22536,57805.30482605219
459,0.00022950000000000002,109221355799.22311,128933830199.76497,57801.440730957525,475880074796.8315,294298411789.8769,22.078964361996903,109224377987.71909,128933219951.34296,57805.30482605219
460,0.00023000000000000006,112836754960.7997,125651516624.29688,57801.981831212506,428872836388.7061,296754082715.7674,21.58646328486459,112839902645.33417,125650738500.70764,57805.30482605219
461,0.00023050000000000005,116354826480.11957,122267066085.8518,57807.549794553,386878782527.6023,299132038274.0192,21.137473354105463,116357049966.06407,122267061792.74614,57805.30482605219
462,0.00023100000000000003,119771029363.98926,118784919615.74052,57808.4139020317,349179944890.95013,301424895464.89056,20.72656773735279,119772928702.30638,118785179401.02376,57805.30482605219
463,0.00023150000000000007,123083135066.81483,115207683363.06035,57808.337146924096,315215180566.0193,303625375580.45355,20.349353312203533,123084861529.94545,115208084249.57063,57805.30482605219
464,0.00023200000000000006,126288023652.10173,111538999552.81561,57804.86761425036,284527444155.446,305730918813.85516,20.002131083186697,126290236302.16159,111538846111.32756,57805.30482605219
465,0.00023250000000000004,129384150819.79318,107780988520.19417,57804.580965984256,256739417596.43506,307739504294.8534,19.681822363482958,129386411306.92552,107780734938.99553,57805.30482605219
466,0.00023300000000000005,132368867804.49104,103937041545.86891,57805.60071663787,231528508663.26755,309651693354.43964,19.38579226423003,132370996665.14235,103936914598.25464,57805.30482605219
467,0.00023350000000000004,135239692129.89516,100010574538.17615,57806.90910643608,208620021059.31955,311467069078.5252,19.111848986445573,135241619718.09859,100010667598.72917,57805.30482605219
468,0.00023400000000000002,137994124337.56076,96005261634.32603,57806.90691254527,187778043135.65692,313185284479.81195,18.858159568352036,137995938299.14404,96005406454.9627,57805.30482605219
469,0.0002345,140629839187.8966,91924810718.24727,57804.74842298749,168799125576.8958,314806194326.9065,18.623171405039294,140631869857.84378,91924602980.91373,57805.30482605219
470,0.00023500000000000005,143145728424.7469,87771299305.75012,57808.072625727866,151506731008.74738,316330088646.0128,18.405543031058077,143147373396.4478,87771685194.4021,57805.30482605219
471,0.00023550000000000003,145538845750.4724,83549721182.86774,57807.941786358795,135743730498.09856,317758932201.6516,18.20405026364799,145540399500.7094,83550194699.13145,57805.30482605219
472,0.00023600000000000002,147807606656.42648,79263299658.56477,57807.43051723394,121376763063.73743,319092368551.743,18.017675326438546,147809123350.35492,79263771915.86998,57805.30482605219
473,0.00023650000000000006,149949702418.5473,74916782885.71309,57801.54177001891,108288418648.62149,320331314083.9279,17.84550621407986,149951783496.687,74916164847.10765,57805.30482605219
474,0.00023700000000000004,151964717422.96832,70511606120.59454,57802.931105126954,96377741831.76564,321475968189.4947,17.686753856994667,151966822566.2827,70510951623.26266,57805.30482605219
475,0.00023750000000000003,153850405214.7551,66052815004.36807,57802.839354404714,85552502505.11186,322528636649.59283,17.540653705814144,153852590302.63336,66051921270.933334,57805.30482605219
476,0.00023800000000000007,155605546294.43674,61543752706.89909,57803.86146837857,75734827168.76114,323489335017.94855,17.406571572111883,155607751120.00687,61542852361.744865,57805.30482605219
477,0.00023850000000000005,157228834380.69055,56988151811.75577,57805.98720196407,66856116598.254745,324358762227.61896,17.283940683656617,157230862975.8335,56987598458.92057,57805.30482605219
478,0.00023900000000000004,158719082207.50616,52389727222.65018,57809.43694014321,58856535718.41466,325137527189.6248,17.17225637057061,158720829956.5575,52389861503.163246,57805.30482605219
479,0.00023950000000000005,160074547031.93658,47754290677.400444,57804.91620043149,51683877540.83168,325826171899.23474,17.071070024050535,160076503695.09155,47753705607.23464,57805.30482605219
480,0.00024000000000000003,161294990749.29367,43083677969.35725,57804.900937235325,45294331006.5009,326424392280.5617,16.980010635278852,161296907472.9425,43083005254.96077,57805.30482605219
481,0.00024050000000000002,162379551772.2321,38381564140.35097,57808.90343759372,39647336488.95307,326933435874.9163,16.898709485677415,162381226290.23865,38381703087.42956,57805.30482605219
482,0.00024100000000000006,163327006276.09912,33653659104.271217,57807.493169799,34708033065.37274,327353736799.05524,16.82684643447116,163328697349.5698,33653720745.879692,57805.30482605219
483,0.00024150000000000004,164136938694.23126,28903252477.385654,57805.82158233805,30447806906.987755,327684886431.59186,16.764168850369053,164138644774.75577,28903062148.523502,57805.30482605219
484,0.00024200000000000003,164808878703.6146,24134137787.316486,57804.89470676234,26841478231.540325,327927187963.5543,16.710444864193185,164810619175.67075,24133728956.604492,57805.30482605219
485,0.00024250000000000007,165342438842.17676,19350178398.91086,57805.070248900185,23867752587.28083,328080790125.0842,16.665471469119506,165344100007.63474,19349709610.7347,57805.30482605219
486,0.00024300000000000005,165737399676.7972,14554578554.580326,57809.56266248251,21509090826.4894,328145641788.8456,16.62907860786195,165738975103.1037,14555070715.43426,57805.30482605219
487,0.00024350000000000004,165993360298.35593,9753238333.42101,57808.294717009136,19751384328.008644,328121606934.45654,16.601125829363347,165994978826.20312,9753755924.302856,57805.30482605219
488,0.00024400000000000002,166110389489.40643,4949371618.15636,57807.034099,18584384893.815533,328008145055.3916,16.581510869602198,166112008762.07904,4949813619.894051,57805.30482605219
489,0.00024450000000000003,166088560082.11066,146869338.17228392,57806.336542725556,18000505744.140488,327804995919.4735,16.57014975825294,166090172233.40518,147267764.8676807,57805.30482605219
490,0.00024500000000000005,165928057487.349,-4649455011.03432,57802.376869586784,17995196569.181065,327511708096.879,16.56698375027835,165929648059.2619,-4649890734.600437,57805.30482605219
491,0.0002455,165629148669.37808,-9437971443.984024,57807.02513127627,18566828520.441998,327127694429.607,16.571980092191264,165630732775.69208,-9437602166.373304,57805.30482605219
492,0.00024600000000000007,165192280117.22025,-14212046912.485535,57805.177677451604,19717018332.401325,326652126094.7402,16.58513518716348,165193903127.2005,-14212002907.87844,57805.30482605219
493,0.00024650000000000003,164617885457.3006,-18969618263.90802,57807.85308161614,21450016627.310978,326084214627.6028,16.606466620580598,164619522414.97665,-18969037831.26091,57805.30482605219
494,0.00024700000000000004,163906813803.6849,-23704469377.448956,57803.14789425176,23773473900.015926,325422843950.6697,16.636021697074153,163908326690.6163,-23704796336.190403,57805.30482605219
495,0.00024750000000000005,163059612743.62964,-28414800912.23164,57803.42330568667,26697289230.2202,324667181499.5919,16.67386126518927,163061070754.49033,-28415293027.91259,57805.30482605219
496,0.00024800000000000007,162077090047.7075,-33096635042.97914,57806.530056440664,30235469380.155403,323815699969.3536,16.720085129327806,162078649869.0673,-33096596218.25149,57805.30482605219
497,0.0002485,160960396353.64188,-37745011789.72431,57806.503180420834,34405470358.90024,322866836796.4451,16.774821382803186,160961964360.06287,-37744905217.43364,57805.30482605219
498,0.0002490000000000001,159710434733.7682,-42357000687.06117,57808.67694473901,39227605847.658066,321819256627.2909,16.838213248326017,159712144194.87662,-42356413172.91095,57805.30482605219
499,0.00024950000000000005,158328816250.16162,-46927143270.41023,57804.661361957165,44726693636.98194,320671006266.47943,16.91044217373726,158330441280.3836,-46927230551.28772,57805.30482605219
500,0.00025000000000000006,156816460591.1647,-51453288621.320755,57804.14472192345,50930268998.68096,319420681096.7112,16.991699641089504,156818100832.18417,-51453591064.661156,57805.30482605219
501,0.00025050000000000007,155174879087.2555,-55931286678.28177,57803.91448275074,57871986238.18275,318065685109.0598,17.08223349579327,155176486821.4765,-55931755975.44981,57805.30482605219
502,0.00025100000000000003,153405403809.1875,-60357945182.055824,57806.18283788962,65590052905.67446,316603696335.93195,17.182320084014584,153407172988.5852,-60358087452.53751,57805.30482605219
503,0.00025150000000000004,151509807864.23645,-64729129669.70978,57807.75588127022,74128778109.46959,315031916520.991,17.29227797207899,151511759596.11078,-64728916465.93983,57805.30482605219
504,0.000252,149490082428.5469,-69040655034.36678,57806.041085769,83537933087.34624,313347728720.7723,17.412453349999257,149491981733.06454,-69040634562.21555,57805.30482605219
505,0.00025250000000000007,147347890505.80704,-73289471354.21779,57804.45941733218,93873302919.91148,311548485317.32446,17.54322198749006,147349633745.96985,-73289828997.40843,57805.30482605219
506,0.000253,145084701206.5847,-77473018911.63167,57807.38998559691,105199260055.96503,309630637436.994,17.685021262353118,145086702509.20337,-77472831379.76433,57805.30482605219
507,0.00025350000000000004,142702961822.59103,-81586944796.51064,57808.797565651505,117590638570.83194,307589775941.7517,17.838365166343856,142705180887.32327,-81586367758.79784,57805.30482605219
508,0.00025400000000000005,140204919166.1103,-85627709599.82063,57808.30505045504,131130551257.94518,305422364766.53,18.00379378741548,140207236593.77255,-85627100586.98753,57805.30482605219
509,0.00025450000000000006,137592904663.60168,-89591903239.95805,57805.92804083934,145913242110.59872,303124328085.96454,18.181901112939027,137595046486.65897,-89591625549.2951,57805.30482605219
510,0.000255,134869133062.42215,-93476528566.87973,57803.366115846286,162045991664.52023,300691038993.30786,18.373351317445483,134871000450.93813,-93476755871.62535,57805.30482605219
511,0.0002555000000000001,132035180903.04152,-97279628590.87233,57806.738550898655,179652054579.4561,298117046891.0363,18.57889893112267,132037416038.83875,-97279414787.72485,57805.30482605219
512,0.00025600000000000004,129095258179.68991,-100995669273.75716,57801.57133826277,198875843610.9293,295395242424.9074,18.79943191733495,129096792744.70236,-100996418238.40404,57805.30482605219
513,0.00025650000000000005,126049842748.20903,-104624521316.55867,57805.447180146206,219875639481.7871,292521563189.8562,19.035830445277124,126051711070.33861,-104624802791.55362,57805.30482605219
514,0.00025700000000000007,122902932349.81036,-108161436597.24031,57806.06019480083,242843117116.0753,289486345062.4133,19.289211435127914,122904923859.98076,-108161586990.33429,57805.30482605219
515,0.0002575,119657482127.19154,-111603402059.89995,57803.50300905315,267993190207.1689,286283163253.387,19.560738886532434,119659057323.39093,-111604059441.74956,57805.30482605219
516,0.00025800000000000004,116315551676.56238,-114948548115.72316,57803.53918458683,295574305224.7137,282904165314.46625,19.85170406784927,116317036480.57054,-114949367373.59778,57805.30482605219
517,0.00025850000000000005,112879336946.98773,-118194829929.12555,57808.99046476328,325879660065.35944,279338683280.24945,20.16362570413804,112881682900.96246,-118194833574.59529,57805.30482605219
518,0.00025900000000000006,109353586216.46376,-121337830580.78387,57808.19486295559,359255461226.06134,275574553078.58154,20.498263834979095,109355952254.65298,-121337893617.62236,57805.30482605219
519,0.0002595,105740384774.98637,-124376031178.74788,57808.52512784693,396099476126.39496,271602394095.59045,20.857480093590212,105742972436.38979,-124375912757.09904,57805.30482605219
520,0.0002600000000000001,102042830293.29996,-127307004205.8464,57809.63656087223,436886825635.9464,267407995137.7419,21.24346440034295,102045842705.36737,-127306577033.61552,57805.30482605219
521,0.00026050000000000004,98264459522.51642,-130128123430.81682,57809.55403678354,482182655800.04205,262975848491.50275,21.658740457050296,98267777910.05841,-130127605616.31018,57805.30482605219
522,0.00026100000000000006,94408805231.3696,-132836976305.68164,57807.44423968739,532661133091.3026,258289320966.72678,22.106184295957693,94412021383.27602,-132836653997.13986,57805.30482605219
523,0.0002615,90479495991.58362,-135431270904.5612,57802.70663791854,589132506744.8798,253329615139.35562,22.589102138886606,90481762300.41121,-135431641636.71362,57805.30482605219
524,0.0002620000000000001,86478298834.60806,-137910108821.4734,57803.105601882075,652577802207.5245,248075257958.98755,23.111327731947824,86480464797.26665,-137910575520.25732,57805.30482605219
525,0.00026250000000000004,82409051841.5811,-140271186708.9136,57805.111017454234,724207124471.481,242497993568.02002,23.67748698737371,82411567758.02484,-140271471078.78232,57805.30482605219
526,0.00026300000000000005,78276145706.80978,-142512094763.5915,57804.554707142976,805510774499.2952,236568045169.4082,24.292996993841463,78278507926.90323,-142512532939.2281,57805.30482605219
527,0.00026350000000000006,74081250696.41196,-144632147697.6269,57809.31440656386,898336043532.9647,230252810924.13406,24.96419143472274,74084822063.12218,-144632051577.65094,57805.30482605219
528,0.000264,69829954443.12991,-146628557610.99542,57810.211597860165,1005017992824.0513,223509152310.17242,25.69881541084756,69834085649.63756,-146628219201.29608,57805.30482605219
529,0.00026450000000000003,65526647136.443405,-148499520844.85602,57805.82547117578,1128508098246.3025,216292350400.88043,26.506073813294808,65529842510.75847,-148499727829.9362,57805.30482605219
530,0.00026500000000000004,61171959229.18571,-150245064214.49966,57808.12074440113,1272590318264.925,208548881390.89206,27.397141617385376,61175859074.62628,-150245064973.8904,57805.30482605219
531,0.00026550000000000006,56771721951.25768,-151862862009.66547,57807.99647737786,1442219741315.991,200206264241.246,28.386180854686938,56775836817.452644,-151862876807.4184,57805.30482605219
532,0.000266,52329283334.92103,-153351904408.60745,57807.4046439881,1643924345640.6453,191185484198.0635,29.490781958861042,52333395870.43253,-153352008095.6822,57805.30482605219
533,0.0002665000000000001,47847048997.51851,-154711555642.5745,57810.54670157747,1886458147626.8442,181388711866.98022,30.733311644672344,47852407973.16146,-154711436976.13126,57805.30482605219
534,0.00026700000000000004,43331053460.607025,-155940044488.1748,57809.80385455724,2181771976298.7415,170693853352.4731,32.14281176489201,43336548143.303246,-155940039154.9834,57805.30482605219
535,0.00026750000000000005,38782718720.86776,-157037235632.4087,57812.92981732341,2546420216490.2256,158959816973.8659,33.75714239308963,38789647554.13208,-157036991455.86365,57805.30482605219
536,0.00026800000000000006,34207907674.812435,-158001758289.02466,57813.41644571322,3003834341700.9873,146008927876.91547,35.627067687485905,34215602515.46809,-158001537949.2208,57805.30482605219
537,0.0002685000000000001,29611711416.519554,-158832771191.66986,57808.89361902199,3587750530144.035,131639835056.72978,37.82119586184665,29618228585.563145,-158833079220.8124,57805.30482605219
538,0.00026900000000000003,24996177475.103592,-159530233788.94937,57805.18292339127,4347626975052.256,115633550065.9384,40.43350746784872,25001426949.474213,-159530945776.97568,57805.30482605219
539,0.00026950000000000005,20362042148.113262,-160094192664.84317,57809.31677821576,5357093253556.384,97785954952.32515,43.593946057976375,20369043760.705563,-160094793304.59634,57805.30482605219
540,0.00027000000000000006,15716576955.714851,-160523648528.182,57811.74182214773,6726264753670.874,78028059044.28848,47.479838985711744,15724986110.36032,-160524251295.68005,57805.30482605219
541,0.00027050000000000007,11062891611.272654,-160818506801.76,57814.55842422557,8615893102640.582,56771298686.34505,52.316494336615776,11073096587.637474,-160819190752.86047,57805.30482605219
542,0.00027100000000000003,6407421748.509562,-160978450852.0146,57812.45268940859,11238977273661.707,35716672885.81406,58.329205349755476,6417341472.239427,-160979427421.3827,57805.30482605219
543,0.00027150000000000004,1750508137.5039186,-161003888614.6256,57813.84959736202,14788256648394.432,19693657463.290913,65.52103348051685,1761626473.3982325,-161005120415.25662,57805.30482605219
544,0.00027200000000000005,-2901700372.7483964,-160894752396.04022,57813.5102256053,19116068709946.72,19477923762.533974,73.0159295330224,-2890167941.3792644,-160896271375.7984,57805.30482605219
545,0.0002725,-7543632737.3846655,-160651473862.11868,57809.70009558611,23008339523631.75,50872145408.004364,78.01664307210703,-7534322321.293132,-160653175878.72897,57805.30482605219
546,0.0002730000000000001,-12176422940.146482,-160274213276.42896,57809.67457051425,24048168787990.88,117359149736.85446,76.65262679597495,-12166834266.323109,-160276219092.76392,57805.30482605219
547,0.00027350000000000003,-16786217905.67571,-159764256211.43817,57799.753689624195,21160948002264.227,190456524169.61987,69.01735613574715,-16783878750.22566,-159765810504.65115,57805.30482605219
548,0.00027400000000000005,-21378476912.91247,-159121635038.0451,57793.28485384336,16373927862916.66,238204830571.82135,60.08116998295222,-21381585686.356934,-159122562757.51056,57805.30482605219
549,0.00027450000000000006,-25951535966.355064,-158346576307.32626,57792.574386951994,11973320465826.006,257594981374.04254,53.41664640900827,-25956219325.915337,-158347088149.98346,57805.30482605219
550,0.00027500000000000007,-30496877991.143536,-157440392597.77625,57790.79552188437,8708450062905.33,260588551350.4985,49.33280754066153,-30503802519.561005,-157440327867.81268,57805.30482605219
551,0.00027550000000000003,-35015553600.02752,-156403071407.28564,57795.11435577364,6458127415912.799,257392991587.86523,46.90534719308699,-35020739592.22109,-156403156905.7082,57805.30482605219
552,0.0002760000000000001,-39497301574.35274,-155236798639.01422,57795.17419970541,4926675381196.744,253579522831.628,45.222420322052216,-39503235916.16825,-155236499336.23184,57805.30482605219
553,0.00027650000000000005,-43939666289.65815,-153942593231.48734,57792.84137620266,3869376867970.764,251531483252.41086,43.669241519394284,-43947577120.93593,-153941617427.6722,57805.30482605219
554,0.00027700000000000007,-48342072258.28771,-152520897858.83542,57794.48316889815,3118683703433.0117,251822582665.11276,41.924107862481655,-48350087078.253235,-152519619888.49527,57805.30482605219
555,0.0002775000000000001,-52701170807.525475,-150972777599.27557,57801.01717300973,2566646690477.1724,254041049562.3237,39.905256134785894,-52707258051.190216,-150971948281.43497,57805.30482605219
556,0.00027800000000000004,-57009018167.60426,-149301008107.78235,57801.13468856931,2145807625390.7861,257360905830.9765,37.6964573784714,-57015300940.60951,-149299884015.68802,57805.30482605219
557,0.00027850000000000005,-61264542793.74488,-147506394698.99722,57801.880341285236,1814977682592.939,260972795966.20944,35.4567191377329,-61270841299.6229,-147505103484.59723,57805.30482605219
558,0.000279,-65463743635.00293,-145590768395.90674,57801.698548170134,1549078042157.8787,264357401148.0639,33.33808198914069,-65470356468.04189,-145589144652.11273,57805.30482605219
559,0.00027950000000000007,-69605716139.13658,-143554724185.3185,57808.63568439105,1332375370614.4011,267320896489.3367,31.439447874991227,-69610364426.29536,-143553834326.7062,57805.30482605219
560,0.00028000000000000003,-73684489169.6228,-141401130473.59967,57813.359059034774,1154246020623.8271,269911046077.46902,29.797973949830535,-73687429649.96185,-141400950521.75168,57805.30482605219
561,0.00028050000000000004,-77695616542.11923,-139132553140.96097,57812.34968347313,1006903150885.9438,272273401588.19586,28.404750007416496,-77698264261.21991,-139132400720.82388,57805.30482605219
562,0.00028100000000000005,-81637415239.08705,-136750269097.96439,57812.19785710584,884244117104.5771,274557052472.18643,27.22616128267133,-81639568569.59518,-136750312926.752,57805.30482605219
563,0.00028150000000000007,-85505382065.79752,-134257173427.18762,57807.877930249735,781319591602.9359,276866460725.09076,26.221243946504014,-85508206493.12476,-134256729448.10901,57805.30482605219
564,0.000282,-89298367583.32535,-131654302291.03108,57807.93754925525,694128659726.7698,279241750977.25,25.352553910035464,-89301005879.04272,-131653934046.10458,57805.30482605219
565,0.0002825000000000001,-93011749120.59761,-128944922578.26364,57805.24336678479,619468518408.5844,281680458511.3337,24.590252828752725,-93014874443.51994,-128944053723.58275,57805.30482605219
566,0.00028300000000000005,-96644385906.5328,-126130117516.17203,57808.33121337743,554843628995.9696,284150151625.90924,23.9126719712923,-96646789695.09662,-126129668155.25154,57805.30482605219
567,0.00028350000000000006,-100191568430.28307,-123213587814.33774,57808.19699373819,498327873640.04297,286616246275.0331,23.304429197806435,-100193811754.52234,-123213199762.66924,57805.30482605219
568,0.00028400000000000007,-103651282431.41957,-120197254590.52061,57809.4609435632,448465349140.35846,289044401516.2146,22.754675394565517,-103653064134.22093,-120197166260.88142,57805.30482605219
569,0.00028450000000000003,-107019822699.7459,-117084520194.4721,57807.36997189291,404146251643.6229,291412318308.80066,22.255258805295476,-107021802757.25246,-117084206610.12292,57805.30482605219
570,0.00028500000000000004,-110295220081.38953,-113877501081.6078,57806.34878875791,364523456583.6302,293704393410.63153,21.79977767004671,-110297267858.42844,-113877054638.37907,57805.30482605219
571,0.00028550000000000005,-113474782427.94997,-110579030026.91444,57805.813507904124,328933196387.08246,295913210671.6369,21.38290258555418,-113476894812.70721,-110578471798.96886,57805.30482605219
572,0.00028600000000000007,-116556183523.69203,-107191728306.0908,57806.88000859126,296847429738.3111,298034225177.12787,21.000164563004468,-116558106057.19315,-107191394777.32413,57805.30482605219
573,0.0002865,-119536981893.2744,-103718454059.08742,57809.357556136,267836459344.66028,300064919633.1636,20.647807214110255,-119538395637.98062,-103718636672.3075,57805.30482605219
574,0.00028700000000000004,-122414365066.10065,-100162665021.45076,57810.32545846574,241544746435.8673,302003489788.50397,20.32269616868311,-122415378083.96043,-100163211154.38855,57805.30482605219
575,0.00028750000000000005,-125185556241.35667,-96528074476.88315,57806.95456054324,217675050057.11484,303848071103.67126,20.02224246277972,-125186886691.29417,-96528164824.12091,57805.30482605219
576,0.00028800000000000006,-127849162279.5349,-92816895228.97975,57805.47593119174,195975573647.2807,305597226482.2333,19.74429371489506,-127850611985.73433,-92816778967.5829,57805.30482605219
577,0.0002885,-130403285145.57257,-89031991817.73068,57806.88191202273,176226075471.59073,307251876164.4383,19.48696761542578,-130404555961.23775,-89032189203.36093,57805.30482605219
578,0.0002890000000000001,-132845472259.5522,-85177183580.33173,57807.26348891367,158235011730.24518,308812699791.83954,19.248642101628842,-132846671436.71053,-85177529357.70335,57805.30482605219
579,0.00028950000000000004,-135173621017.42838,-81256103256.58038,57805.32753504551,141837628364.70416,310279419846.8269,19.02795337192385,-135175080371.29556,-81256149775.32552,57805.30482605219
580,0.00029000000000000006,-137386100230.59438,-77271884151.53058,57803.00086660352,126890938876.64816,311652103763.06323,18.823726400150623,-137387871016.91563,-77271336618.58887,57805.30482605219
581,0.00029050000000000007,-139481650057.99066,-73227134997.4357,57804.32111510521,113269328551.71513,312931587869.1821,18.63491292709113,-139483317135.27298,-73226665586.40733,57805.30482605219
582,0.000291,-141458603611.82684,-69125265896.45955,57808.14135450975,100861651134.03165,314119213238.2744,18.46056291059394,-141459895208.71637,-69125460035.71149,57805.30482605219
583,0.00029150000000000004,-143314765141.0413,-64971066573.00396,57807.25287265533,89571379191.20154,315215607751.2693,18.29984776222374,-143316180612.90292,-64971242144.84042,57805.30482605219
584,0.00029200000000000005,-145049226576.16733,-60767098449.3635,57808.007680382834,79316455901.64932,316220417049.1066,18.15207305564256,-145050500012.15002,-60767477698.03967,57805.30482605219
585,0.00029250000000000006,-146660582250.77316,-56517094138.05787,57809.01920323811,70023339670.87424,317134771789.2707,18.01658945506685,-146661724648.00272,-56517864534.407555,57805.30482605219
586,0.000293,-148147705378.3208,-52224416279.57843,57811.32223298398,61628073476.463554,317959264708.3612,17.8928208481752,-148148654086.46573,-52225939710.39808,57805.30482605219
587,0.0002935000000000001,-149508723819.92038,-47894886187.58756,57804.094438584325,54074562318.27649,318694490522.2996,17.78025430508876,-149510099330.40286,-47895336573.473526,57805.30482605219
588,0.00029400000000000004,-150743531103.1086,-43529880106.69767,57801.61343804386,47315929395.39635,319339945354.5494,17.67847079165529,-150745068363.2089,-43529705963.01498,57805.30482605219
589,0.00029450000000000006,-151851211175.83612,-39133009390.093956,57802.5170616687,41308365199.919304,319897053454.1048,17.58704926900908,-151852777093.24924,-39132722838.85167,57805.30482605219
590,0.00029500000000000007,-152830838038.19403,-34708366141.3306,57803.76770293709,36014215121.26232,320366260613.6513,17.505623693743853,-152832418293.01215,-34708064304.34872,57805.30482605219
591,0.0002955000000000001,-153681642812.63547,-30260074337.843094,57803.37831467818,31401577979.77024,320747517355.9777,17.43388918145177,-153683240954.14606,-30259539771.560604,57805.30482605219
592,0.00029600000000000004,-154403142765.68402,-25791576676.232086,57803.34371283939,27443376056.578564,321040750999.52515,17.371585839039028,-154404694711.813,-25790828156.39103,57805.30482605219
593,0.00029650000000000005,-154994879171.70407,-21306629158.531013,57803.52902114829,24116353392.241936,321246096960.50977,17.318482195877262,-154996418085.7583,-21305760191.0551,57805.30482605219
594,0.00029700000000000006,-155456467479.9744,-16809281196.469072,57802.529452663824,21401071884.54775,321363545167.3892,17.27437924656844,-155458045494.21802,-16808063059.412518,57805.30482605219
595,0.0002975000000000001,-155787811159.7725,-12302064453.050047,57806.52503811411,19281704236.201252,321392926088.3868,17.239111781764564,-155789262109.15036,-12301426271.40228,57805.30482605219
596,0.00029800000000000003,-155988620953.0207,-7789811648.6509495,57808.783949890414,17745411397.18712,321334152492.171,17.212539507887097,-155989951992.14603,-7789708670.720449,57805.30482605219
597,0.00029850000000000005,-156058878235.8233,-3276530770.633086,57808.853463082596,16782981128.72529,321186708993.052,17.19455989367837,-156060212190.1968,-3276666029.555695,57805.30482605219
598,0.00029900000000000006,-155998696957.38116,1233248991.6743298,57804.0094955703,16388078872.925472,320950142776.96765,17.185096351999267,-156000051299.00238,1233943101.5603976,57805.30482605219
599,0.0002995,-155808319368.1635,5738325077.2279215,57807.9219733828,16557093553.624323,320623984837.8702,17.18409542349729,-155809694518.58127,5738317636.273667,57805.30482605219
600,0.0003000000000000001,-155488020254.12228,10232809478.786123,57807.51885208324,17289378398.19382,320207595778.92334,17.191530206799644,-155489460324.55237,10232757786.740778,57805.30482605219
601,0.00030050000000000004,-155038243383.07553,14713367595.175901,57806.251550066285,18587130397.715153,319700179307.3237,17.20740128355316,-155039690848.05502,14713514472.13954,57805.30482605219
602,0.00030100000000000005,-154459527017.78433,19176329577.66553,57804.68868439053,20455352334.72935,319100871067.4608,17.23173368146051,-154460913342.05414,19176766512.4297,57805.30482605219
603,0.00030150000000000006,-153752336072.663,23619301372.810207,57809.08115904151,22901973266.506977,318408666019.20325,17.264578138586963,-153753910086.84598,23618928797.05526,57805.30482605219
604,0.0003020000000000001,-152917572903.73495,28036963616.40395,57809.664618215385,25938553635.945766,317622147659.2132,17.30602080463032,-152919247547.315,28036250394.50783,57805.30482605219
605,0.00030250000000000003,-151956097800.20676,32425809260.16617,57808.5170951177,29579055927.24404,316740225326.714,17.35616272762807,-151957831826.94675,32425061111.03433,57805.30482605219
606,0.0003030000000000001,-150868905302.07343,36782141382.8217,57805.935420384354,33840763405.59472,315761529793.52374,17.415131594979158,-150870580031.95142,36781754715.82688,57805.30482605219
607,0.00030350000000000006,-149656935034.38498,41102941444.75726,57805.172928585336,38744430099.70555,314684511425.585,17.483084182315704,-149658604679.9987,41102700667.90084,57805.30482605219
608,0.00030400000000000007,-148321353231.0986,45384536883.75632,57805.088603696924,44315095393.59213,313507210389.6407,17.56021555761166,-148323038189.26337,45384316480.67922,57805.30482605219
609,0.0003045000000000001,-146863491044.2742,49623139584.16584,57804.209163685315,50581852010.9272,312227633224.3485,17.646750858945456,-146865111240.49078,49623172087.25194,57805.30482605219
610,0.00030500000000000004,-145284883327.0875,53814807832.002945,57800.61260467723,57578032073.3772,310843733530.4727,17.742942994119286,-145286201315.7418,53815737611.3781,57805.30482605219
611,0.00030550000000000005,-143586215990.1148,57958262335.28926,57805.73822033588,65341408612.5339,309353419646.5413,17.849072337319882,-143587788363.6325,57958520137.52359,57805.30482605219
612,0.000306,-141769784195.18903,62047943853.48165,57806.14268750653,73917985135.63506,307753020201.7551,17.965500616236017,-141771418251.5149,62048127200.60417,57805.30482605219
613,0.0003065000000000001,-139836955195.2829,66081274505.6159,57807.24411142207,83356912011.14384,306040576789.8336,18.092583058700402,-139838726420.06473,66081182005.75465,57805.30482605219
614,0.00030700000000000004,-137789554053.99258,70054754199.43326,57807.8507013648,93715390079.8787,304212815746.8974,18.23073416356675,-137791462590.28827,70054440917.66443,57805.30482605219
615,0.00030750000000000005,-135630192595.52928,73963673074.32283,57800.79045158491,105058115392.84949,302266390591.9726,18.38041711486808,-135631415897.2202,73964668413.2543,57805.30482605219
616,0.00030800000000000006,-133359350080.99358,77807735481.54358,57803.11515359122,117456034830.5051,300198722859.19977,18.542110629412203,-133360578208.31151,77808610894.31302,57805.30482605219
617,0.00030850000000000007,-130979965837.67122,81582000658.3999,57802.61604963724,130995949435.9865,298003781414.07837,18.71644407094033,-130980925744.54836,81583139354.39761,57805.30482605219
618,0.00030900000000000003,-128493587092.83925,85284356395.28075,57805.145165316295,145772481231.5671,295678023563.8479,18.904054702023966,-128494693626.0158,85285238638.89581,57805.30482605219
619,0.0003095000000000001,-125902887052.59325,88910992963.97249,57805.61862406328,161895784147.0163,293216042782.8918,19.105676505803387,-125904052045.92592,88911800668.14316,57805.30482605219
620,0.00031000000000000005,-123209518453.90553,92459881347.99133,57809.51736812986,179489503436.11475,290613108198.3105,19.322096705249532,-123211201301.16295,92460033273.70193,57805.30482605219
621,0.00031050000000000007,-120416526194.91144,95927143746.73401,57810.510852715706,198697816084.14056,287862551397.32544,19.554232337983173,-120418517807.05383,95926903068.70618,57805.30482605219
622,0.0003110000000000001,-117526230254.5264,99310189937.83336,57810.63644772102,219683163668.4154,284958768798.25525,19.803064140002167,-117528464404.8403,99309699063.03496,57805.30482605219
623,0.00031150000000000004,-114541620334.43138,102605775170.08386,57807.300749830836,242633468966.07803,281894674228.9091,20.06970144481961,-114543579178.26746,102605600555.7125,57805.30482605219
624,0.00031200000000000005,-111464823782.0892,105811873183.15462,57804.91004471526,267764272076.74207,278663084105.63214,20.35537040139282,-111466565540.38689,105812077257.16238,57805.30482605219
625,0.00031250000000000006,-108298566860.22853,108925860083.48915,57802.8565547743,295328423088.01135,275254629064.87524,20.6614928408514,-108299999658.36485,108926525877.68364,57805.30482605219
626,0.00031300000000000007,-105044513903.92871,111946301597.72263,57807.13538455051,325620639107.0205,271659453479.95938,20.989673191173207,-105046604457.38454,111946449923.92381,57805.30482605219
627,0.00031350000000000003,-101706610306.74666,114869577953.94789,57809.089995955896,358991185305.7239,267864909099.96277,21.341790884829273,-101709194339.37617,114869356373.346,57805.30482605219
628,0.00031400000000000004,-98287316507.49533,117693755648.02362,57811.765328870766,395846066747.2905,263860314733.26758,21.71988192713725,-98290687996.96637,117692965806.73346,57805.30482605219
629,0.00031450000000000006,-94790818995.6219,120415545055.09973,57808.66024269317,436667445869.086,259631874204.35782,22.126286462570445,-94793939720.52155,120415005654.20636,57805.30482605219
630,0.00031500000000000007,-91218902453.6344,123033876344.90472,57807.87575562364,482022362298.3236,255166291607.17014,22.56360687369765,-91222054949.17567,123033383316.33647,57805.30482605219
631,0.0003155,-87575262332.99388,125546188835.21701,57805.68196474945,532597040775.9647,250444605136.49084,23.034950892558776,-87578144201.24768,125546046546.8092,57805.30482605219
632,0.0003160000000000001,-83862262547.46782,127951070505.44006,57806.02220442843,589215954391.416,245447485512.83072,23.543887532007393,-83865232197.81934,127950937546.4028,57805.30482605219
633,0.00031650000000000005,-80083055347.3169,130246598601.13812,57808.1119844069,652885588438.4976,240151046498.47986,24.094629906178216,-80086592340.87857,130246186872.23929,57805.30482605219
634,0.00031700000000000006,-76241392502.73302,132430617574.68704,57809.15661809274,724838989294.8264,234528693062.8987,24.692115441069998,-76245376932.01852,132430023981.94708,57805.30482605219
635,0.0003175000000000001,-72340674326.20547,134501377987.63013,57809.02218234265,806595317803.4249,228551076147.27713,25.34211653526504,-72344919187.90358,134500773657.37292,57805.30482605219
636,0.00031800000000000003,-68385009371.78392,136456898562.5174,57805.097994922064,900046714481.2915,222183614753.03796,26.051490285268823,-68388525924.77278,136456829298.14685,57805.30482605219
637,0.00031850000000000004,-64376063883.08767,138296616563.7806,57804.99804103594,1007568989455.9596,215386863187.18677,26.828417634223932,-64379548275.49045,138296666140.89575,57805.30482605219
638,0.00031900000000000006,-60318305930.70735,140018569184.46286,57803.69284540219,1132200392002.4766,208109412999.60962,27.68300598359543,-60321384466.634445,140018849190.4259,57805.30482605219
639,0.00031950000000000007,-56214505527.11526,141621771388.07254,57803.90401195319,1277848621525.6636,200294384552.40204,28.627577094503103,-56217511129.06862,141622167444.1417,57805.30482605219
640,0.00032,-52067121701.82477,143105375517.4979,57808.5317290997,1449620024489.0847,191871713599.31586,29.677474211255163,-52071428295.402985,143105357991.31598,57805.30482605219
641,0.0003205000000000001,-47881807986.13722,144467392574.86,57809.35653713092,1654287544037.0425,182755508068.83963,30.852105434373872,-47886668620.268684,144467324621.11005,57805.30482605219
642,0.00032100000000000005,-43661016610.65082,145707254214.82605,57810.85081497551,1900933682433.6226,172848658021.84073,32.17597474973524,-43666657155.8811,145707126562.4924,57805.30482605219
643,0.00032150000000000006,-39408914827.02151,146823864685.30896,57811.03904510856,2201976552259.357,162028840316.98117,33.68088625677275,-39415037259.8619,146823732750.9418,57805.30482605219
644,0.0003220000000000001,-35129566548.986046,147816341837.00385,57808.960997709604,2574677060659.8486,150150358404.05743,35.40863249839831,-35135353346.54129,147816482675.65735,57805.30482605219
645,0.0003225000000000001,-30824766718.704044,148684484280.39636,57810.162563123864,3043468407408.316,137040746545.63924,37.414997311200395,-30831211915.609943,148684656774.81052,57805.30482605219
646,0.00032300000000000004,-26497815811.981277,149427677012.49808,57814.553005536996,3643618615575.8896,122497617444.06047,39.77586660566833,-26506265012.11556,149427656955.8917,57805.30482605219
647,0.00032350000000000006,-22155096956.812428,150044858067.32138,57814.470082735366,4426863864876.898,106312057312.88174,42.59527533056276,-22164201058.450027,150044949071.89792,57805.30482605219
648,0.00032400000000000007,-17798540282.59064,150536026049.48605,57815.154651763565,5469835354786.62,88334365854.97859,46.01508789533401,-17808643112.203056,150536196570.6041,57805.30482605219
649,0.0003245000000000001,-13432729892.436779,150900781742.1669,57814.31204386194,6885724642205.303,68622109987.15814,50.224060654630044,-13443211778.084675,150901208442.65112,57805.30482605219
650,0.00032500000000000004,-9060770669.298775,151139066432.0389,57813.51469944653,8835114521186.621,47865904252.9742,55.4486663207972,-9071560038.64013,151139782939.61694,57805.30482605219
651,0.00032550000000000005,-4685047402.660974,151250922965.37616,57815.49114168355,11514915762797.568,28384872870.690228,61.870999646902675,-4697351728.078561,151251842053.10574,57805.30482605219
652,0.00032600000000000006,-311292554.57609046,151236187128.453,57815.19641816464,15048792813063.898,16164462101.792376,69.31889120831114,-324254792.57252324,151237466856.7633,57805.30482605219
653,0.0003265,4056782607.51979,151095196848.97705,57813.91194205383,19101938149114.51,23225471951.616993,76.48262183145803,4044082739.6060915,151096805013.07843,57805.30482605219
654,0.0003270000000000001,8412707477.902225,150828396418.7166,57807.30286550402,22224949641475.168,63642444473.55468,80.09017720313196,8404053600.436969,150830161865.0009,57805.30482605219
655,0.00032750000000000005,12755186924.976583,150436248316.9171,57799.50264707489,22258741801003.664,133359305315.25325,76.85069251314458,12752035923.739748,150437779198.41043,57805.30482605219
656,0.00032800000000000006,17084127427.837847,149918982738.212,57795.55625120058,18956510457361.734,200467652618.74442,68.36557306483677,17084322756.81341,149920249755.2933,57805.30482605219
657,0.00032850000000000007,21390467486.43946,149277739974.9925,57787.457121480016,14477576722041.229,240299068344.40552,59.70049854589043,21397364404.44238,149278107879.05316,57805.30482605219
658,0.0003290000000000001,25678641261.91884,148512207436.2475,57786.44971206794,10598416838180.871,254970071193.29523,53.564711058257544,25687554524.81009,148512013969.77518,57805.30482605219
659,0.00032950000000000004,29941952035.446472,147623363161.08386,57787.68207851022,7765299026920.342,256158901629.91827,49.85266088107696,29951350553.849792,147622779782.40744,57805.30482605219
660,0.0003300000000000001,34174905456.174656,146612382493.91663,57788.13720715941,5810409448319.164,252639093057.20145,47.614020782396246,34185267424.114014,146611280982.45932,57805.30482605219
661,0.00033050000000000006,38378737142.703575,145479140652.64542,57796.19897550846,4470721339443.991,249033247342.87405,46.003057839830504,38385792804.093056,145478556124.8531,57805.30482605219
662,0.0003310000000000001,42542729267.317085,144226300707.08734,57798.18282784488,3537593438544.7803,247286524048.7452,44.462929869094694,42549423678.98702,144225545598.43115,57805.30482605219
663,0.00033150000000000003,46666714098.19838,142854333142.14276,57800.768292545436,2869067093241.3564,247777017715.707,42.71092194841467,46672715136.5057,142853544554.35834,57805.30482605219
664,0.00033200000000000005,50746469413.50675,141364764499.92902,57801.87947067774,2373332938730.144,250050723530.29025,40.685987964284166,50752312373.17626,141363807981.20242,57805.30482605219
665,0.00033250000000000006,54778829780.12956,139758955520.48187,57801.98167195101,1992683653389.261,253314682733.26746,38.47797990078458,54784835586.476234,139757735879.50632,57805.30482605219
666,0.000333,58763507424.08485,138037200557.43158,57809.948146647694,1691592552733.6428,256825106556.33017,36.24254539701062,58766949464.332565,138036812367.14188,57805.30482605219
667,0.0003335000000000001,62690862586.932076,136203558305.01424,57805.39614622944,1448253763925.0461,260109229250.25073,34.12613976507919,62695450375.26241,136202558393.06041,57805.30482605219
668,0.00033400000000000004,66564203313.74765,134257008792.53949,57810.93298559078,1248956798058.0435,262978889344.1764,32.22501407095157,66567092553.85338,134256677310.43275,57805.30482605219
669,0.00033450000000000005,70375742232.64626,132201338008.47237,57809.48979125765,1084370859747.1233,265483741099.9314,30.576161550529022,70378706651.40424,132200885188.53531,57805.30482605219
670,0.00033500000000000007,74125319613.72258,130036970709.96487,57812.64714427165,947644841452.1924,267758343254.33807,29.172411933695415,74127108339.52605,130037063373.99916,57805.30482605219
671,0.0003355000000000001,77809060726.24185,127766173609.61006,57816.701388014066,833360141366.3097,269951707521.9984,27.981861409463775,77809322690.35498,127767136932.28311,57805.30482605219
672,0.00033600000000000004,81420951604.69101,125392812068.40005,57809.62444535355,737116469131.7808,272163948247.19815,26.965021487819474,81422339371.66983,125393116880.07002,57805.30482605219
673,0.0003365000000000001,84961865425.73347,122916765232.23341,57808.8637212092,655350213864.1273,274433434101.66266,26.085389464780366,84963229303.01364,122917098015.21669,57805.30482605219
674,0.00033700000000000006,88427580557.38954,120341026735.31647,57807.54239193649,585177043557.5587,276764207470.1881,25.313266940996556,88429002183.48886,120341263198.61525,57805.30482605219
675,0.00033750000000000007,91815084470.09335,117668041043.04932,57804.814261480584,524329640890.19293,279128987985.3187,24.626760092478435,91816961082.68204,117667859918.38087,57805.30482605219
676,0.0003380000000000001,95123204653.40662,114898945752.71811,57808.27737749891,471053689532.647,281492545287.75757,24.010363139802006,95124365082.0043,114899276763.71744,57805.30482605219
677,0.00033850000000000004,98347386136.9217,112037593857.70476,57807.583756909626,423997579134.4875,283826014919.7345,23.452918474006864,98348534356.79037,112037904114.10368,57805.30482605219
678,0.00033900000000000005,101485834759.70345,109085862104.73506,57807.62713564666,382136711388.755,286103647564.448,22.9462742184526,101486914418.74916,109086298841.21033,57805.30482605219
679,0.00033950000000000007,104535402956.39597,106046899881.27737,57804.91062163866,344679068045.6901,288310889285.2439,22.48399098382759,104536865723.82799,106046963324.4276,57805.30482605219
680,0.0003400000000000001,107494760213.8483,102922306103.27972,57806.16465393362,311008284265.81946,290438060103.92444,22.060808126532304,107496034802.25475,102922515419.92058,57805.30482605219
681,0.00034050000000000004,110360836600.81203,99715433624.3433,57806.51382122178,280628804450.5704,292481632427.7982,21.67223067360127,110362005114.57016,99715713177.5171,57805.30482605219
682,0.00034100000000000005,113130889390.01552,96429594143.91107,57803.34134676888,253141083801.04965,294437845979.39307,21.314514386667334,113132497918.28273,96429277952.89378,57805.30482605219
683,0.00034150000000000006,115804142612.505,93066020158.3465,57806.4637047365,228216422409.60495,296303842143.32855,20.984546147904712,115805300172.27235,93066160500.84418,57805.30482605219
684,0.0003420000000000001,118377202173.08812,89629045298.37239,57806.09530119339,205572816764.50995,298080308098.84015,20.67962106071371,118378343657.45877,89629145095.99066,57805.30482605219
685,0.00034250000000000003,120848346465.51672,86121296069.5174,57805.15097832092,184975077351.0841,299764976921.16785,20.397542671077435,120849618400.32242,86121252736.3686,57805.30482605219
686,0.0003430000000000001,123215654798.80736,82545771593.66992,57803.90587106421,166219627788.27585,301357517496.19604,20.136438281187704,123217070502.845,82545456392.96928,57805.30482605219
687,0.00034350000000000006,125477628505.12254,78905005986.71613,57805.211082438094,149129821494.3919,302857998384.7167,19.8946975089047,125478944963.51888,78904803603.1481,57805.30482605219
688,0.00034400000000000007,127632108251.96706,75202667555.70544,57805.34277472229,133550642659.40854,304267159245.4204,19.670909481041768,127633399118.82506,75202447221.35507,57805.30482605219
689,0.0003445000000000001,129677527547.30386,71441760750.14772,57805.507756398605,119348323456.6181,305584864777.4077,19.46387362123831,129678841721.35042,71441510415.50186,57805.30482605219
690,0.00034500000000000004,131612275001.55263,67625543907.19255,57805.43998496744,106405586785.952,306811585225.00507,19.272534219444758,131613628720.32964,67625223752.580986,57805.30482605219
691,0.00034550000000000005,133435102700.35596,63756791277.90675,57807.6029574288,94619963726.51208,307947814214.4358,19.095960440957583,133436249310.95007,63756943878.85544,57805.30482605219
692,0.00034600000000000006,135144195919.96413,59839599277.190056,57807.18839256423,83901099743.34348,308994409152.8104,18.933316166760587,135145345940.43358,59839762033.09928,57805.30482605219
693,0.0003465000000000001,136738777307.80296,55876176037.68212,57810.636700660914,74171371548.77083,309951367560.6098,18.78388438771548,136739576265.27205,55877167756.98547,57805.30482605219
694,0.00034700000000000003,138217109272.0503,51871047133.04807,57810.83684888937,65361226314.0061,310819781002.8482,18.647001010271772,138217748307.89648,51872386849.22247,57805.30482605219
695,0.0003475000000000001,139578116408.6135,47827662309.543175,57808.65800389825,57411609481.12733,311599502652.0801,18.52210485218879,139578765982.6896,47828880708.282166,57805.30482605219
696,0.00034800000000000006,140820975456.28058,43749045164.30805,57806.900054139966,50270598188.125725,312290887676.6199,18.408693577813693,140821702065.12552,43750167002.93919,57805.30482605219
697,0.00034850000000000007,141944550404.47357,39639451867.51217,57801.4998634499,43892202892.062965,312894590983.72656,18.306307470154263,141945591315.73032,39639561065.406456,57805.30482605219
698,0.000349,142948710174.24802,35500140884.28621,57804.48206620694,38237008638.777374,313410689716.4728,18.21455111394011,142949665833.51968,35500530625.524,57805.30482605219
699,0.0003495000000000001,143832108336.2024,31336788104.797432,57802.30525726906,33268963065.694748,313840218367.6233,18.133045612395826,143833198279.36557,31336607633.518917,57805.30482605219
700,0.00035000000000000005,144594426066.18515,27151933036.200024,57801.4603433295,28959072880.739315,314182577554.29333,18.061497051004007,144595542176.18076,27151364310.276142,57805.30482605219
701,0.00035050000000000006,145235277530.93442,22948380925.13326,57804.91072838745,25281645463.10742,314438027426.28076,17.99963685966715,145236302292.4436,22948213110.237732,57805.30482605219
702,0.0003510000000000001,145753921023.53745,18731518544.942764,57802.21480164201,22214766099.05887,314606736176.5766,17.947226908384543,145755004432.68066,18730738808.87698,57805.30482605219
703,0.0003515000000000001,146150394578.26782,14502851049.626879,57805.302747234666,19741140739.80368,314688194000.20166,17.904081790050565,146151426226.70206,14502401876.222698,57805.30482605219
704,0.00035200000000000005,146424347762.12305,10266680629.455765,57808.489495699374,17845814091.480373,314682554223.7517,17.870030344215976,146425334989.36844,10266842019.299212,57805.30482605219
705,0.00035250000000000006,146575636924.32013,6027157802.205823,57808.842309152766,16517573592.434084,314589393282.3961,17.844941098724995,146576600989.59348,6027572840.889984,57805.30482605219
706,0.00035300000000000007,146604307402.24484,1787955472.878336,57806.748383558646,15748260227.392807,314408239214.65955,17.828714534602224,146605315323.22592,1788161239.6686447,57805.30482605219
707,0.00035350000000000003,146510519184.221,-2448577520.246973,57808.78404417737,15532407839.824654,314138666293.8878,17.821275628011975,146511510518.66736,-2447895134.677197,57805.30482605219
708,0.0003540000000000001,146294459041.06085,-6677793365.2526865,57808.15869946387,15867332195.35311,313780142177.793,17.822575293438536,146295503401.5164,-6676996077.535619,57805.30482605219
709,0.00035450000000000005,145956454908.72934,-10896693441.102982,57808.33040903763,16753182845.069727,313331948716.66125,17.832593513541507,145957518274.67624,-10895639326.220785,57805.30482605219
710,0.00035500000000000006,145497023546.86542,-15100569035.786999,57803.25344040721,18192898013.070576,312793269119.17566,17.85133724761147,145498096446.3994,-15100399029.670067,57805.30482605219
711,0.0003555000000000001,144916567431.86646,-19287805932.387833,57803.814107365615,20191872663.688427,312163325014.4263,17.87883475178001,144917669551.0385,-19287692894.49708,57805.30482605219
712,0.0003560000000000001,144215826510.36096,-23453614388.152447,57801.70507037296,22758974555.820953,311440872282.66656,17.915150321759217,144216825622.84735,-23454112591.70666,57805.30482605219
713,0.00035650000000000005,143395407768.5385,-27595473284.437,57802.37094653955,25905577613.71171,310624847106.2276,17.960368721370415,143396345730.4433,-27596122285.563103,57805.30482605219
714,0.0003570000000000001,142456000922.42603,-31710397571.112587,57807.04270243275,29646634415.040985,309713766370.7358,18.014608947239317,142457034586.4136,-31710300593.953087,57805.30482605219
715,0.00035750000000000007,141398617603.76248,-35794247117.54927,57810.78966980978,34000732935.592735,308705919143.63153,18.078024353008473,141399846679.74576,-35793309718.39371,57805.30482605219
716,0.0003580000000000001,140224659848.9879,-39842167885.06139,57806.67328015841,38989441528.323586,307599789998.83044,18.150788388963264,140225804355.9573,-39841734843.63892,57805.30482605219
717,0.00035850000000000004,138934755872.47794,-43852894640.16356,57807.571576916715,44636787839.16514,306394202200.10254,18.233083725389623,138936032452.38016,-43852252678.4201,57805.30482605219
718,0.00035900000000000005,137530683210.5705,-47821179280.61675,57802.15322394234,50972857182.23749,305086544351.5702,18.325160010409657,137531703086.21143,-47821508911.72148,57805.30482605219
719,0.00035950000000000006,136012889735.05647,-51746457605.49348,57805.98564356254,58030215311.337875,303675299401.63086,18.427272554748182,136014096189.10854,-51746364154.35986,57805.30482605219
720,0.00036,134383806728.39168,-55622496168.30673,57800.917866398246,65849593562.63134,302156936736.5735,18.53976362997781,134384639758.52296,-55623409860.3099,57805.30482605219
721,0.0003605000000000001,132644032647.83769,-59448564090.893814,57802.22770018081,74473337582.4276,300530132955.063,18.662953079433677,132644820923.0899,-59449537310.543274,57805.30482605219
722,0.00036100000000000005,130795614859.23042,-63220296833.00842,57801.59422250426,83953438916.45728,298791006530.38983,18.797256517119507,130796228279.33492,-63221587067.982414,57805.30482605219
723,0.00036150000000000006,128839892547.43549,-66935332439.91697,57803.37350173218,94346909818.71655,296936865580.315,18.943110375356156,128840508328.89996,-66936532393.73468,57805.30482605219
724,0.00036200000000000007,126778482936.80472,-70590800303.19481,57807.70204597332,105719813641.90161,294963935945.40894,19.10101840206157,126779489017.62056,-70591260645.80356,57805.30482605219
725,0.0003625000000000001,124613559510.13591,-74183015682.39034,57810.175129617404,118147437931.24065,292868196490.70624,19.27154670924042,124614948204.57997,-74182892674.62416,57805.30482605219
726,0.00036300000000000004,122347558439.42218,-77708239609.5712,57807.0953287524,131713833363.23146,290646050900.0918,19.455299351159304,122348799528.88928,-77708470067.81032,57805.30482605219
727,0.0003635000000000001,119981362398.73837,-81165502089.67534,57810.28373053104,146512944187.8557,288293956659.0416,19.652922229799103,119983020889.21858,-81165076234.44933,57805.30482605219
728,0.00036400000000000007,117518470726.14804,-84549782735.15613,57805.914989753735,162656813317.5344,285805411817.6042,19.86521819025262,117519830136.52802,-84549907897.35887,57805.30482605219
729,0.0003645000000000001,114960005156.81718,-87859978931.46092,57805.14318110946,180267577636.5466,283176806779.29846,20.09299318059436,114961314336.32379,-87860222372.8028,57805.30482605219
730,0.0003650000000000001,112307994955.52432,-91093612845.27252,57808.03544006594,199490157010.96756,280401040213.7852,20.33721828342397,112309709102.02321,-91093403209.16847,57805.30482605219
731,0.00036550000000000005,109565595739.94025,-94246960541.16342,57807.34052203914,220491771746.86026,277470858830.5384,20.598994273109202,109567356159.27937,-94246794420.49548,57805.30482605219
732,0.00036600000000000006,106735153339.06543,-97317621266.65598,57804.8466162799,243461276007.2757,274380303471.17795,20.879484640005217,106736636461.27377,-97317838599.27179,57805.30482605219
733,0.0003665,103818187519.59358,-100304197285.01736,57807.220172124944,268617616560.03076,271121732093.3103,21.179999829910514,103820022631.93413,-100304092969.8144,57805.30482605219
734,0.0003670000000000001,100818783518.56035,-103202603771.75146,57803.24452065385,296219599054.8884,267684752959.13092,21.502091036248427,100820035669.94357,-103203129377.85378,57805.30482605219
735,0.00036750000000000004,97737660712.5035,-106012478851.54686,57806.243134709424,326561699701.0928,264061694843.39273,21.84739913698425,97739322632.39865,-106012646454.4406,57805.30482605219
736,0.00036800000000000005,94579134072.961,-108729927271.00436,57804.41971864774,359998482170.8776,260239049011.96127,22.21791720015296,94580499632.01193,-108730394024.63405,57805.30482605219
737,0.00036850000000000007,91344725662.1829,-111353920734.04109,57805.9999269675,396939194863.0898,256206552903.87262,22.6157925991114,91346301260.38644,-111354210324.80916,57805.30482605219
738,0.0003690000000000001,88037422685.30281,-113882133519.97153,57808.68187666491,437874882937.986,251948989521.13983,23.043558996482005,88039552116.44365,-113882020780.65291,57805.30482605219
739,0.00036950000000000004,84660718300.78992,-116312032852.98262,57808.837697670715,483389630541.35016,247450583102.46353,23.504112726302484,84663113545.7846,-116311838035.53136,57805.30482605219
740,0.0003700000000000001,81217136105.36823,-118642018779.53596,57809.147479494146,534180029997.3719,242694804879.33856,24.000732385989547,81219853975.02013,-118641737303.36504,57805.30482605219
741,0.00037050000000000006,77709920608.17294,-120870060444.44008,57808.224352512116,591089308284.2805,237661199886.84998,24.537252238480125,77712704388.81378,-120869806300.7718,57805.30482605219
742,0.0003710000000000001,74141993743.9637,-122994496693.19151,57806.863437347034,655141734259.5966,232327037920.6191,25.118135612202032,74144678358.35422,-122994408717.40308,57805.30482605219
743,0.0003715000000000001,70515893531.52682,-125013991097.63783,57807.40007471935,727594159148.0184,226665657163.9593,25.748640083812635,70518772426.03899,-125013915093.44974,57805.30482605219
744,0.00037200000000000004,66835800398.46403,-126926340584.78868,57804.76377976937,810005491803.5132,220645140166.1322,26.435042402205855,66838140906.135864,-126926633917.93301,57805.30482605219
745,0.00037250000000000006,63102739869.56631,-128731233772.06583,57808.33235946645,904315121204.3344,214231260864.02112,27.18473522927423,63105934712.08982,-128731210646.04408,57805.30482605219
746,0.00037300000000000007,59322375335.8121,-130425950132.224,57806.63778075575,1012986230552.3866,207378234124.88092,28.00681661225246,59325304162.430916,-130426146136.00179,57805.30482605219
747,0.0003735000000000001,55495873303.17367,-132010225264.6613,57808.84029175794,1139142681343.3484,200039788563.59445,28.912121054495252,55499539990.84664,-132010179730.9479,57805.30482605219
748,0.00037400000000000004,51628268095.51552,-133482037274.02484,57807.42284760872,1286833843794.3723,192154032168.04373,29.91415044065781,51631804972.6885,-133482180546.12744,57805.30482605219
749,0.0003745000000000001,47720142487.55258,-134841381212.16084,57812.6281701374,1461342203927.2046,183652702498.4149,31.02955216332478,47725397316.225204,-134840951329.08553,57805.30482605219
750,0.00037500000000000006,43777967794.208954,-136085986757.59532,57812.13278525959,1669704305495.4832,174445937736.61328,32.2796060162079,43783624347.85964,-136085580053.78603,57805.30482605219
751,0.0003755000000000001,39803349575.312584,-137215615116.86317,57813.02365779875,1921370622836.0112,164435854084.03366,33.69119379087368,39809757479.30858,-137215193840.82317,57805.30482605219
752,0.00037600000000000003,35800837342.86515,-138229083985.08905,57811.31467008864,2229298000360.7104,153497558693.4279,35.29935364330819,35807254346.62455,-138228816384.3568,57805.30482605219
753,0.0003765000000000001,31773407179.134533,-139125855303.02383,57808.90663231173,2611525456412.758,141485659524.3718,37.150161080315755,31779412396.0539,-139125850730.4623,57805.30482605219
754,0.00037700000000000006,27722979409.632572,-139905670021.95068,57810.06828245842,3093635691731.663,128228552257.50131,39.305286414197326,27729658338.441105,-139905693250.47592,57805.30482605219
755,0.00037750000000000007,23654243479.85844,-140567668069.9373,57810.44278755956,3712560930116.0586,113533532066.98062,41.84849389448099,23661383547.03208,-140567787156.5573,57805.30482605219
756,0.0003780000000000001,19570441637.759117,-141111478702.00665,57810.68583286991,4522321741074.892,97222863914.72272,44.89376481172275,19578084164.043823,-141111716339.68738,57805.30482605219
757,0.0003785000000000001,15473857166.164164,-141536937182.68832,57813.59366378911,5602435172839.947,79209441636.27574,48.59492364555396,15483052008.313234,-141537210450.67966,57805.30482605219
758,0.00037900000000000005,11368765699.070465,-141843638201.74905,57816.55855279971,7068418038774.362,59707111656.20866,53.15032294498244,11379789253.501091,-141843946915.1127,57805.30482605219
759,0.00037950000000000006,7258780085.465617,-142031427922.0448,57819.20428647493,9077678899458.193,39760737129.30261,58.778265835484966,7271755522.924491,-142031878155.70245,57805.30482605219
760,0.0003800000000000001,3148452489.5869627,-142100207371.3821,57819.16835962208,11801833627508.514,22428795666.70611,65.5889441796671,3162369182.1406145,-142100987264.47217,57805.30482605219
761,0.00038050000000000003,-959727315.2018485,-142050215324.38083,57819.3717027376,15274588341109.77,14920459252.021723,73.17162500551171,-944971484.6221157,-142051415507.2708,57805.30482605219
762,0.0003810000000000001,-5061742079.559916,-141881593323.83035,57818.31966425583,18958503192374.44,29983113259.206234,79.7301997652757,-5046791081.9792,-141883232298.67197,57805.30482605219
763,0.00038150000000000006,-9152355029.001554,-141594809157.5871,57813.68448228723,21253201829990.285,78413507735.17667,81.69974533049457,-9139664137.55657,-141596738413.74973,57805.30482605219
764,0.00038200000000000007,-13223731594.77024,-141190827648.4858,57799.57799022384,20426267978532.836,148642260423.12775,76.74743682518383,-13220218719.999641,-141192347238.81894,57805.30482605219
765,0.0003825000000000001,-17285936361.682087,-140669140763.2716,57796.50650619106,16925487887088.104,208545186065.84683,67.7644467225414,-17285029924.209286,-140670396030.70142,57805.30482605219
766,0.0003830000000000001,-21327266259.411552,-140030968774.2245,57791.21871655573,12816500894866.0,241091864584.63303,59.508255684703386,-21330726483.861485,-140031588593.9735,57805.30482605219
767,0.00038350000000000005,-25349186239.882904,-139276321573.258,57790.75004657122,9414668528272.98,251854163628.2651,53.882182706220924,-25353993070.513676,-139276622978.1283,57805.30482605219
768,0.0003840000000000001,-29346772754.583538,-138406016489.74097,57792.5404792741,6955043820198.487,251676654899.40314,50.49321351039121,-29351447592.40182,-138406229444.36438,57805.30482605219
769,0.0003845000000000001,-33316515168.233234,-137420831286.09605,57796.408074999155,5252081266011.714,248001031563.14908,48.40474347256439,-33319833155.69718,-137421236767.47478,57805.30482605219
770,0.0003850000000000001,-37251501837.11299,-136322520810.05746,57795.74590809672,4075455576021.333,244653572247.98978,46.839597205340354,-37255785726.3612,-136322555958.18295,57805.30482605219
771,0.00038550000000000005,-41151218480.40197,-135111579805.57959,57795.83941441769,3248189391652.9404,243181866971.13278,45.297923758089354,-41156087120.211624,-135111293396.72087,57805.30482605219
772,0.00038600000000000006,-45012002557.92153,-133789255236.43678,57795.700544698775,2649956697182.4155,243829430983.86618,43.53233682201215,-45017533340.66217,-133788606136.57928,57805.30482605219
773,0.00038650000000000007,-48831633996.76666,-132356458800.22134,57797.83455470333,2202575099898.9956,246120874527.57886,41.49920227843144,-48836965348.974785,-132355691622.29912,57805.30482605219
774,0.00038700000000000003,-52606210857.56695,-130814711449.12259,57800.06835433499,1856551952897.0525,249309703902.37192,39.291493448692,-52611249991.59971,-130813895995.6496,57805.30482605219
775,0.0003875000000000001,-56333872111.02365,-129164902924.49266,57806.16547781892,1581194066117.9312,252708397098.96823,37.0602854100743,-56337145067.36223,-129164541992.80728,57805.30482605219
776,0.00038800000000000005,-60009397776.789215,-127409352791.94577,57808.795860009304,1357524993093.396,255880005634.0206,34.946372252423046,-60011852276.02785,-127409240301.73488,57805.30482605219
777,0.00038850000000000006,-63630133226.79646,-125549565405.98145,57809.49356225315,1173486519956.691,258657534616.22504,33.04234744459648,-63632176193.67185,-125549568856.58142,57805.30482605219
778,0.0003890000000000001,-67192846150.83402,-123587406244.32101,57807.497995683945,1020865765100.341,261077086467.4955,31.38538101374107,-67195208021.547386,-123587227625.12451,57805.30482605219
779,0.0003895000000000001,-70695870020.9004,-121524019717.91786,57807.833438453985,893580713848.8429,263268400985.04114,29.969934988248212,-70698029923.30183,-121523917540.07019,57805.30482605219
780,0.00039000000000000005,-74135162295.24506,-119361894260.5704,57805.49371789843,786810061821.1875,265371626482.6385,28.76626081019706,-74137732570.99712,-119361469283.80573,57805.30482605219
781,0.0003905000000000001,-77508558134.25064,-117102625208.17792,57803.467190072064,696624137087.0793,267483495939.96255,27.736569502046404,-77511592333.75899,-117101841589.66576,57805.30482605219
782,0.00039100000000000007,-80813785351.25644,-114747895143.20222,57803.71446116154,619800902433.9487,269650631309.67862,26.844953264727387,-80816833052.89906,-114746947929.87848,57805.30482605219
783,0.0003915000000000001,-84047739620.57397,-112300030081.05363,57803.96803717716,553732446701.8479,271876880961.64624,26.061998054446182,-84050780878.39893,-112298946238.10994,57805.30482605219
784,0.0003920000000000001,-87208527961.46373,-109760618318.9715,57807.65977225525,496351698814.0994,274138812673.30148,25.365713622837152,-87210832520.34724,-109760031886.98495,57805.30482605219
785,0.00039250000000000005,-90291844110.38533,-107133212392.75212,57805.629830100275,446043145874.1438,276405279703.5667,24.740307470153684,-90294439029.53857,-107132339817.40843,57805.30482605219
786,0.00039300000000000007,-93296822519.45747,-104418850512.51598,57807.19166014996,401569592954.43176,278643355894.392,24.17462908033667,-93299127317.41634,-104418222100.68591,57805.30482605219
787,0.0003935,-96221110687.79646,-101619740288.0542,57812.09298095796,361972518016.697,280831825958.6705,23.660322905847742,-96222371350.97081,-101619984333.71405,57805.30482605219
788,0.0003940000000000001,-99060842153.57518,-98739677368.67595,57811.30595006025,326510044214.4653,282955823400.5367,23.19085197740852,-99061864693.4813,-98740090366.34177,57805.30482605219
789,0.00039450000000000005,-101814127220.73943,-95780905756.94203,57808.13392888373,294608049617.9611,285003418288.62524,22.760992706061455,-101815399079.03638,-95781102249.96727,57805.30482605219
790,0.00039500000000000006,-104479654554.745,-92745099527.34012,57808.411876584185,265807540147.99857,286969089879.6542,22.366332479033225,-104480812850.69183,-92745523430.02199,57805.30482605219
791,0.00039550000000000007,-107054481267.35464,-89635742938.61188,57806.226568537226,239731738266.9427,288851157870.8947,22.003055572621506,-107055890961.79327,-89635931936.9995,57805.30482605219
792,0.0003960000000000001,-109537133336.02788,-86454895703.33095,57805.849739794,216072194923.85983,290646688570.9931,21.66798903525497,-109538515127.12425,-86455027147.95706,57805.30482605219
793,0.00039650000000000004,-111925735808.71468,-83205133222.23557,57807.58058628297,194567603014.26453,292354873743.2373,21.35843254248856,-111926866725.84198,-83205553075.63754,57805.30482605219
794,0.0003970000000000001,-114217946251.92813,-79889807631.13097,57807.67526212014,174995408838.51926,293975005673.9476,21.072107743828088,-114219007247.3468,-79890304517.33601,57805.30482605219
795,0.00039750000000000007,-116411711653.77672,-76512173143.68675,57804.4873276648,157166182672.64774,295505794433.5745,20.80712080607334,-116413108559.14363,-76512163125.58011,57805.30482605219
796,0.0003980000000000001,-118505879201.02673,-73074359034.71953,57803.213223422776,140916606058.99692,296946461782.1659,20.56186835821833,-118507503689.60872,-73074056846.8637,57805.30482605219
797,0.0003985000000000001,-120498543594.07121,-69579718681.08633,57801.056316572445,126102234030.32936,298297834476.1636,20.334924927497834,-120500500585.35236,-69578836671.98335,57805.30482605219
798,0.00039900000000000005,-122388547273.10304,-66030590277.85907,57801.714695208364,112597835613.45268,299559941823.2235,20.12506456700626,-122390558164.96913,-66029493726.32397,57805.30482605219
799,0.00039950000000000006,-124174461608.79721,-62429844674.529594,57805.030942533565,100292606343.79413,300733575583.17004,19.931197228297552,-124176187156.12015,-62429111202.29352,57805.30482605219
800,0.0004000000000000001,-125855047037.16173,-58780145841.557526,57812.130747056006,89089763261.83723,301819181866.45734,19.75236921006772,-125856065653.16154,-58780763209.166115,57805.30482605219
801,0.0004005000000000001,-127427939912.91365,-55086769131.77733,57810.52077393202,78904520140.16417,302817243916.21045,19.587739902956738,-127428866387.40202,-55087439574.523056,57805.30482605219
802,0.00040100000000000004,-128892575427.41711,-51351682350.941444,57809.14443412734,69666130593.10364,303726622033.1758,19.436625998281333,-128893525077.0106,-51352383939.883385,57805.30482605219
803,0.0004015000000000001,-130247712532.37704,-47578438366.398445,57805.98385357842,61310174262.4553,304548380618.1329,19.298373252548327,-130248799072.57028,-47578659892.72562,57805.30482605219
804,0.00040200000000000007,-131492473452.37201,-43769994908.34467,57802.88097000026,53780559361.70746,305282985711.07294,19.172396843032665,-131493785862.81726,-43769619587.520134,57805.30482605219
805,0.0004025000000000001,-132626370708.46898,-39928292333.34691,57806.28107389155,47027764489.2238,305930989496.95575,19.05817190168627,-132627520482.37672,-39928447556.86436,57805.30482605219
806,0.00040300000000000004,-133648322974.37695,-36057106412.225914,57811.26720420813,41007506307.56486,306493243819.08984,18.9552172833246,-133649166647.93425,-36058280725.06218,57805.30482605219
807,0.0004035000000000001,-134557252412.45729,-32160883780.923004,57811.367521248074,35682415347.060234,306969604537.65784,18.863132247263906,-134558043039.86725,-32162431782.533283,57805.30482605219
808,0.00040400000000000006,-135352658053.8332,-28242623582.363632,57809.68204242537,31021153894.364243,307359608701.21906,18.781585972373083,-135353455068.70477,-28244264445.03161,57805.30482605219
809,0.0004045000000000001,-136033935140.62979,-24306161520.797607,57804.163928193884,26996155730.18434,307663450439.8389,18.71027503910365,-136034933580.42212,-24307004145.238125,57805.30482605219
810,0.0004050000000000001,-136601031972.02812,-20352965241.143837,57805.29515782743,23583950921.24493,307881161628.9972,18.648932432777507,-136602028340.06157,-20353943825.081078,57805.30482605219
811,0.0004055000000000001,-137053264042.34128,-16388201984.424757,57801.62852018657,20763721538.74436,308013200825.29865,18.59730915751592,-137054403997.9041,-16388390742.090294,57805.30482605219
812,0.00040600000000000006,-137390596592.86661,-12413989798.682312,57800.79907951735,18519281814.276157,308059037610.3793,18.55521549427742,-137391753230.0023,-12413698070.038042,57805.30482605219
813,0.00040650000000000007,-137612844917.6475,-8433708309.223131,57801.584610749705,16837045618.898766,308018592685.0794,18.522486648003458,-137613998458.07208,-8433223037.733129,57805.30482605219
814,0.0004070000000000001,-137719923823.30713,-4450828472.358081,57802.73543970414,15706715428.07013,307891500680.46246,18.49899227799596,-137721100166.8586,-4450278741.13183,57805.30482605219
815,0.00040750000000000004,-137711871480.31738,-468318034.79991305,57805.914922610806,15121028739.71054,307677266772.32935,18.484634716828847,-137713033617.37863,-468123587.23987883,57805.30482605219
816,0.0004080000000000001,-137588797867.19598,3508981841.0140104,57802.91944934317,15075554721.640413,307375334544.6665,18.479345158757646,-137589946936.09955,3509722169.3324594,57805.30482605219
817,0.00040850000000000006,-137350964724.17328,7479511507.01523,57804.56303657631,15568528304.811613,306985077780.61554,18.483082059153226,-137352068971.28506,7480144769.967416,57805.30482605219
818,0.0004090000000000001,-136998692073.06442,11439114738.772703,57805.057409365225,16600902600.599848,306505780113.66486,18.49583067315095,-136999743711.06853,11439712339.499146,57805.30482605219
819,0.0004095000000000001,-136532445513.3211,15384204920.691547,57803.3363109385,18176321340.874374,305936592210.3473,18.517604309749412,-136533429900.23743,15385171310.515436,57805.30482605219
820,0.0004100000000000001,-135952677901.54488,19312340856.86346,57804.31935444573,20301021440.127884,305276616291.5861,18.54844162167336,-135953616622.86714,19313282834.127865,57805.30482605219
821,0.00041050000000000006,-135260112627.52336,23219305400.013676,57802.31303366292,22984357527.984108,304524658917.2554,18.58841409096762,-135260938043.48917,23220726966.513607,57805.30482605219
822,0.00041100000000000007,-134455306898.04083,27102943420.94805,57803.7504897884,26238187864.81024,303679645106.6584,18.637614933239586,-134456155643.54779,27104269181.587555,57805.30482605219
823,0.0004115000000000001,-133538879685.26874,30960636055.395466,57810.51594024043,30078037883.858162,302740007368.9029,18.696175747354758,-133539957363.65056,30960719731.74775,57805.30482605219
824,0.0004120000000000001,-132512011470.38626,34787575316.09576,57812.709240646705,34523183910.24307,301703909800.3295,18.764266759300025,-132513291945.0701,34786954790.51824,57805.30482605219
825,0.00041250000000000005,-131375772189.01764,38580459346.02726,57811.13087782404,39595145022.10996,300570103373.1882,18.842066846236555,-131377033772.20511,38579716263.06952,57805.30482605219
826,0.00041300000000000006,-130131315357.77046,42336098215.51037,57806.68152496931,45318995084.26366,299337015030.7583,18.92978267398046,-130132449877.0189,42335990127.63648,57805.30482605219
827,0.0004135000000000001,-128779502111.0332,46052483173.348656,57805.83686202103,51723828744.11038,298002774654.7235,19.027657664235193,-128780649172.08025,46052525757.68311,57805.30482605219
828,0.00041400000000000003,-127321385533.93999,49726972193.409615,57809.59609034727,58844476593.82994,296564685497.94086,19.135995809776293,-127322864940.04887,49726274018.87351,57805.30482605219
829,0.0004145000000000001,-125758936347.36472,53354774447.263824,57807.29832827878,66721303259.802086,295019893447.4082,19.255149834397454,-125760342808.54611,53354289887.06057,57805.30482605219
830,0.00041500000000000006,-124093620777.15561,56933048255.448586,57801.52548692134,75397799613.83585,293366685511.5245,19.385469631479396,-124094570964.35564,56933621499.55001,57805.30482605219
831,0.00041550000000000007,-122326217486.71364,60460584934.73339,57802.417389916896,84923807562.82278,291602480933.75635,19.527351692043847,-122327160647.63724,60461265083.02909,57805.30482605219
832,0.0004160000000000001,-120458450808.70715,63934036847.54287,57805.4754209206,95358960343.1888,289722979117.97784,19.68129626433818,-120459563600.94492,63934374195.96643,57805.30482605219
833,0.0004165000000000001,-118492515614.44653,67349519420.375015,57804.44124402245,106770008916.12878,287724643665.9574,19.84784619944774,-118493503302.88617,67350007852.92243,57805.30482605219
834,0.00041700000000000005,-116429462659.6265,70705567102.7314,57807.725393525456,119230630521.00534,285604598976.60266,20.02756233287727,-116430694154.61026,70705572918.53175,57805.30482605219
835,0.0004175000000000001,-114271552643.62723,73998617848.34297,57809.548846757665,132827506083.29872,283357856402.73456,20.221116777066047,-114273061449.51204,73998208349.99998,57805.30482605219
836,0.0004180000000000001,-112021025020.17914,77225517313.24478,57807.719165443494,147657327681.78745,280980343684.76733,20.42923032202551,-112022528450.1219,77225256067.93585,57805.30482605219
837,0.0004185000000000001,-109679135737.22812,80384780976.82303,57809.64632808614,163829245364.3989,278467801069.9396,20.65268451061558,-109681010026.06947,80384142956.81773,57805.30482605219
838,0.0004190000000000001,-107249188513.84769,83472093520.79561,57804.29649864371,181471335935.58847,275813753924.24805,20.89240832389508,-107250561184.7856,83472243729.30307,57805.30482605219
839,0.00041950000000000006,-104731424502.65971,86487535341.9368,57808.47139302986,200725224768.87042,273013957274.23938,21.149358775053894,-104733315822.9075,86487080702.06854,57805.30482605219
840,0.00042000000000000007,-102129051178.3311,89427240259.44899,57811.28521015632,221762303149.63364,270059168192.0694,21.42473979998891,-102131488606.14215,89426250748.56145,57805.30482605219
841,0.00042050000000000003,-99445178201.57529,92287911006.8683,57807.64169618336,244775273917.08115,266943002993.85965,21.719823083781844,-99447357645.30673,92287302638.83975,57805.30482605219
842,0.0004210000000000001,-96681955238.5332,95067611878.20247,57801.328105948945,269983500815.82996,263659254134.4117,22.035962375807458,-96683321156.24194,95068041521.51547,57805.30482605219
843,0.00042150000000000005,-93840545709.93655,97765447241.58827,57801.04900111153,297643449202.0034,260199198766.63168,22.37471474895263,-93841677922.7613,97766124090.62727,57805.30482605219
844,0.00042200000000000007,-90923385370.49333,100379162223.09941,57804.69567208527,328060988192.85547,256550645723.24686,22.737955515766842,-90924957057.9176,100379486111.81686,57805.30482605219
845,0.0004225000000000001,-87934316865.91026,102905397876.14627,57803.31310422508,361595023733.43115,252701671743.61966,23.127806799479387,-87935560180.99539,102905907453.61383,57805.30482605219
846,0.0004230000000000001,-84875010294.68675,105343012883.78818,57803.680125612285,398661720131.1924,248642073032.23874,23.546553806234115,-84876151215.68991,105343642708.0001,57805.30482605219
847,0.00042350000000000005,-81748431145.77376,107689776877.14233,57803.44317619506,439759216711.3193,244357016076.5349,23.99687386562583,-81749478732.11415,107690547227.08208,57805.30482605219
848,0.0004240000000000001,-78556596036.5962,109944344276.9997,57806.187918743824,485480107419.8302,239830893979.73276,24.481832050799664,-78558053759.59935,109944788074.68152,57805.30482605219
849,0.00042450000000000007,-75303526593.9006,112103968101.1409,57804.6402576769,536539908873.6418,235044511819.87247,25.005024358269214,-75304662418.11195,112104630462.37636,57805.30482605219
850,0.0004250000000000001,-71990933575.1914,114167753366.4558,57805.307317658895,593796297539.1953,229979338431.10095,25.570517153868224,-71992118063.80971,114168326103.66193,57805.30482605219
851,0.0004255000000000001,-68621910184.43956,116133879336.0502,57806.2733766811,658300739400.1495,224610520229.96545,26.183153860046183,-68623263742.25843,116134369482.26761,57805.30482605219
852,0.00042600000000000005,-65199994926.740295,118000424674.09183,57804.56959849915,731343857533.3005,218910797401.30634,26.848629393421717,-65200975293.61589,118001097987.94559,57805.30482605219
853,0.00042650000000000007,-61726982056.0204,119766613472.89996,57805.77917104819,814520527112.8682,212849981805.2803,27.57363117141828,-61728224926.96634,119767202551.16226,57805.30482605219
854,0.0004270000000000001,-58205144652.79619,121431360569.53339,57811.714118644624,909834343273.0531,206389543298.0088,28.366267698791464,-58207844670.40465,121431194639.88838,57805.30482605219
855,0.0004275000000000001,-54640542436.33213,122991832458.02937,57808.951548461715,1019825693578.6791,199483970460.62878,29.236413921718007,-54642929365.934166,122991883612.37268,57805.30482605219
856,0.00042800000000000005,-51034559475.41454,124447752177.17227,57806.34364454601,1147717228335.5515,192087807404.25858,30.19577604009677,-51036428400.99023,124448044411.44878,57805.30482605219
857,0.00042850000000000006,-47390130571.60333,125798087891.64241,57804.31642982,1297688705311.8438,184139630996.41824,31.258927007199183,-47391515332.68499,125798587422.58311,57805.30482605219
858,0.0004290000000000001,-43709456081.44831,127042156652.31384,57805.78587904183,1475222994340.778,175566284900.62943,32.44413592207503,-43711203035.42103,127042581362.44464,57805.30482605219
859,0.0004295000000000001,-39996079248.0132,128178812334.11446,57808.292355374644,1687623903914.9907,166278550699.523,33.77463833242315,-39998591310.045204,128178986813.62599,57805.30482605219
860,0.00043000000000000004,-36253463167.12068,129207091081.09314,57810.48214668372,1944754399093.6812,156171973158.16708,35.28018755360132,-36256826511.236725,129207048589.35162,57805.30482605219
861,0.0004305000000000001,-32484910521.671562,130126212350.4127,57811.99016268643,2260147456884.3496,145122724851.4404,36.999415916239734,-32489123653.771156,130126043177.56165,57805.30482605219
862,0.00043100000000000007,-28694454350.212868,130935335695.12607,57810.478301523486,2652687562481.697,132984890663.42154,38.983272346380154,-28698560251.229053,130935277113.11662,57805.30482605219
863,0.0004315000000000001,-24884745496.32315,131634109825.7726,57808.2990862609,3149160550354.4316,119594280812.14854,41.29977778544775,-24888401153.425186,131634239308.26059,57805.30482605219
864,0.0004320000000000001,-21057505441.47691,132222377034.94122,57809.64224213583,3788173129643.482,104777209877.37617,44.04087414957607,-21061892585.15337,132222470954.37642,57805.30482605219
865,0.0004325000000000001,-17218283790.036304,132699316250.09483,57807.56555329938,4626017280855.946,88389583020.1465,47.33114924391166,-17222133148.531796,132699625199.97243,57805.30482605219
866,0.00043300000000000006,-13367983034.494741,133065053460.27876,57808.66748272852,5744686552856.76,70436703328.22179,51.33541976614615,-13372398506.878323,133065340056.62117,57805.30482605219
867,0.0004335000000000001,-9511330572.147573,133319166606.53963,57808.618947794916,7260572179870.123,51332242273.96317,56.25709818393722,-9515966148.91619,133319559710.09302,57805.30482605219
868,0.0004340000000000001,-5650543897.5596075,133461683328.54356,57810.0261329192,9323532170746.648,32552452517.86354,62.29182084535906,-5656029468.722638,133462154745.58093,57805.30482605219
869,0.00043450000000000004,-1789907404.2945693,133492504479.91685,57810.21022988661,12068871198457.107,17982830758.317234,69.44155577453014,-1795797321.1906416,133493129315.99734,57805.30482605219
870,0.0004350000000000001,2067514377.268822,133411798604.19034,57809.99468258348,15421657155031.918,15976404386.427507,76.99454612169947,2061471143.838817,133412564508.7768,57805.30482605219
871,0.00043550000000000007,5918079368.604798,133219783268.5684,57808.609499590944,18648145948488.953,39220926810.89375,82.66495401862721,5912616539.551006,133220692632.78152,57805.30482605219
872,0.0004360000000000001,9757472815.060844,132916885988.53735,57804.56988491629,20115438180581.125,93900805066.2799,82.86648126084685,9754415032.20097,132917796111.27821,57805.30482605219
873,0.00043650000000000004,13581962905.597198,132503685073.51184,57797.48105306611,18620075814773.523,162157514517.3851,76.47760981712328,13583674712.917793,132504234446.01918,57805.30482605219
874,0.00043700000000000005,17393695395.714005,131980194564.59981,57795.62017670123,15098028660907.492,214490975454.09772,67.296801283389,17397136617.145424,131980483798.66159,57805.30482605219
875,0.0004375000000000001,21188568191.49493,131346877060.28946,57796.97037249479,11379194438274.5,240717769077.79614,59.51216411288019,21191783165.997185,131347139869.76797,57805.30482605219
876,0.00043800000000000013,24957165008.972214,130605323297.0572,57791.745470516704,8400545526576.054,248372161341.74475,54.34880497760743,24964354965.536102,130604809358.16472,57805.30482605219
877,0.0004385000000000001,28706798217.580482,129754511199.21198,57796.852644077335,6259119917525.329,247196589762.24426,51.231969416598936,28711725840.547398,129754203505.73106,57805.30482605219
878,0.0004390000000000001,32426054339.25646,128796663079.0537,57798.11388405047,4769074638247.665,243488446864.15094,49.26054595713046,32430883578.061405,128796215077.39754,57805.30482605219
879,0.00043950000000000006,36113294053.06508,127732513170.54854,57798.02557849598,3730655302331.1426,240402640736.62836,47.72399680985463,36118579743.03677,127731760193.76596,57805.30482605219
880,0.00044000000000000007,39768424173.40536,126562276035.69937,57803.05863157556,2993530656807.8647,239183049873.03387,46.17279166650594,39771918687.29844,126561905420.92345,57805.30482605219
881,0.00044050000000000014,43383734114.706406,125288340323.26895,57801.867142391064,2455463683170.432,239961809517.41934,44.390436033460524,43387818666.8084,125287724750.67218,57805.30482605219
882,0.0004410000000000001,46962281612.21316,123909992638.27382,57810.73845957852,2049720607123.8198,242249701072.76065,42.348037396406134,46963345370.555,123910353893.4883,57805.30482605219
883,0.0004415000000000001,50495472229.90585,122430315912.41945,57812.74945661066,1733702838395.5764,245353734655.4561,40.13985017874174,50495549776.8132,122431023222.24268,57805.30482605219
884,0.00044200000000000006,53981934511.21834,120850229422.24275,57812.96299209905,1480822113901.5786,248633606725.02356,37.91206801314114,53981566072.8999,120851145381.2698,57805.30482605219
885,0.0004425000000000001,57418898057.30652,119171181054.30675,57811.79004164979,1274492768446.7295,251686913658.26474,35.799811851017445,57418437186.646866,119172069838.39575,57805.30482605219
886,0.00044300000000000003,60803538401.95242,117394737568.27174,57809.31754625527,1104057305587.8767,254363554184.12946,33.8922498954337,60803404459.31853,117395560574.01282,57805.30482605219
887,0.00044350000000000005,64133196151.82667,115522485892.22992,57806.0831102943,962201183079.5896,256696308361.37698,32.22625197013359,64133676086.48381,115522997269.57137,57805.30482605219
888,0.0004440000000000001,67404944324.94075,113556257621.04547,57801.3305834527,843480715593.1045,258805500569.82953,30.79792286951693,67406587388.30805,113556032071.33937,57805.30482605219
889,0.0004445000000000001,70618132294.08604,111496633666.78136,57803.55698884548,743578662128.5522,260820353828.45795,29.579827628948255,70619411821.35945,111496547408.59923,57805.30482605219
890,0.0004450000000000001,73767532689.2087,109346962824.24397,57800.51694920982,658946125239.4866,262839452681.5084,28.5357309098487,73769586297.89664,109346288770.83475,57805.30482605219
891,0.0004455000000000001,76852654886.33333,107107850420.08673,57802.28796681554,586680046951.4937,264906259129.2381,27.630819820914052,76854520365.87306,107107188325.75363,57805.30482605219
892,0.00044600000000000005,79870265557.71004,104781684406.13489,57804.70832520519,524410034967.353,267029661714.09268,26.835972694119192,79871751826.27773,104781212039.44427,57805.30482605219
893,0.00044650000000000007,82817786216.05455,102370583245.54471,57807.03976627725,470246275783.1268,269190071443.7843,26.129082870628498,82818759575.67038,102370382943.19862,57805.30482605219
894,0.00044700000000000013,85692076881.61519,99877277966.35524,57805.421580993214,422705808487.77484,271357596119.01035,25.49416310489637,85693337034.78055,99876849224.6894,57805.30482605219
895,0.0004475000000000001,88492104103.00723,97302913411.425,57807.39626662418,380641322178.45306,273501889450.99875,24.919800438208878,88493028907.95656,97302718342.70566,57805.30482605219
896,0.0004480000000000001,91214998527.27016,94650212327.32191,57808.92053791654,343159815173.8044,275601783759.17694,24.39747693682662,91215506105.33658,94650323461.5721,57805.30482605219
897,0.00044850000000000006,93857924244.21489,91922124863.40277,57806.28252897894,309570478019.2958,277640811865.6137,23.920627971034882,93858716935.31232,91921946180.59142,57805.30482605219
898,0.00044900000000000007,96419967027.66185,89119871764.28406,57807.54604227406,279334116258.1164,279607606232.14056,23.483977597206824,96420490722.12903,89119968397.18616,57805.30482605219
899,0.00044950000000000003,98897826761.20865,86247171202.51215,57803.97579262673,252015856110.65097,281497792588.5503,23.08301677485647,98898802008.4921,86246804694.5336,57805.30482605219
900,0.00045000000000000015,101291085450.05699,83304815098.60541,57806.835497318185,227267708751.35028,283306218117.43536,22.714001391694772,101291651025.81824,83304870542.30959,57805.30482605219
901,0.0004505000000000001,103596911015.4444,80296322402.48264,57808.457595732376,204796230017.8657,285032625599.77246,22.373655665327853,103597127791.4452,80296727620.75801,57805.30482605219
902,0.0004510000000000001,105813117625.33978,77224776900.8078,57806.43737123512,184359067997.64243,286674451843.109,22.059271787772353,105813504727.47351,77224974985.17871,57805.30482605219
903,0.0004515000000000001,107938574159.70088,74092058461.63986,57806.19491503192,165751620670.05704,288229692635.40753,21.768596078285665,107938975239.59695,74092266279.37,57805.30482605219
904,0.0004520000000000001,109971333644.92345,70901223689.95961,57805.12132170666,148795595354.6685,289698442588.458,21.499669816236196,109971802589.31644,70901259253.51794,57805.30482605219
905,0.00045250000000000005,111909710096.77199,67655189502.61557,57802.49351741667,133337465394.1743,291080151104.5639,21.25083119738311,111910469968.37184,67654723238.40522,57805.30482605219
906,0.00045300000000000006,113753051104.48994,64355337708.100784,57806.40038275933,119243707402.9761,292374493986.18884,21.02065771863466,113753456619.40767,64355394658.00649,57805.30482605219
907,0.0004535000000000001,115499141003.5173,61005684767.91446,57808.192526009356,106394731144.03189,293582744270.1846,20.807864436132597,115499320680.41444,61006143675.086975,57805.30482605219
908,0.0004540000000000001,117146635184.80182,57609124245.370995,57808.33731215043,94688837374.52663,294704099096.81836,20.611384336556025,117146723059.77501,57609790501.57405,57805.30482605219
909,0.0004545000000000001,118694387294.35985,54168352362.30949,57808.4112290785,84036825031.72118,295738515685.14606,20.430284983017938,118694362258.87912,54169226374.577385,57805.30482605219
910,0.00045500000000000006,120141184272.31683,50686374490.45109,57808.01090500875,74359984226.65175,296686457091.4516,20.263728587224314,120141123021.29695,50687342990.445946,57805.30482605219
911,0.00045550000000000007,121485538974.14632,47167141822.360214,57802.06941570779,65589368571.19581,297548276178.1148,20.11097035902965,121485954449.0094,47167126825.90513,57805.30482605219
912,0.000456,122727220564.17488,43611862091.12886,57801.76610929926,57665643482.91959,298323760764.77783,19.97136991486842,122727707003.38809,43611570780.73734,57805.30482605219
913,0.00045650000000000015,123865145148.4245,40023806268.933716,57803.86454941989,50534351498.42981,299014224704.59,19.844312346146687,123865544392.07059,40023704009.38192,57805.30482605219
914,0.0004570000000000001,124898183572.08278,36406830452.927216,57803.281287086014,44148758588.40217,299619857741.1738,19.729266970462454,124898663787.73708,36406484758.97421,57805.30482605219
915,0.0004575000000000001,125825933181.26146,32762902955.96303,57806.52849894056,38469155961.77382,300140320023.4183,19.62578964383001,125826271260.0186,32763054224.869343,57805.30482605219
916,0.0004580000000000001,126647240325.1116,29096850212.98472,57803.27130027966,33460053069.28888,300576084474.6139,19.53346999295264,126647683135.91336,29096431843.797882,57805.30482605219
917,0.0004585000000000001,127361860656.8841,25410755971.002335,57800.86546355859,29092233482.530586,300926631298.2932,19.451971781342515,127362429206.76291,25409719546.667538,57805.30482605219
918,0.00045900000000000004,127969432718.57216,21707127425.243084,57802.085199364876,25339499644.57918,301192332863.7457,19.380980260540113,127970016179.01917,21706027756.009056,57805.30482605219
919,0.00045950000000000006,128469491719.39613,17989253427.29903,57804.8100543904,22179338896.34262,301373387855.34216,19.320215072498907,128469996402.2729,17988467358.63737,57805.30482605219
920,0.0004600000000000001,128861595783.51567,14261154948.802269,57803.92306534686,19593221217.032124,301469561859.7336,19.26944462756844,128862048453.90364,14260169357.830631,57805.30482605219
921,0.0004605000000000001,129145680320.65695,10525041851.075294,57805.314078250805,17566305973.75743,301480399286.1903,19.228483600758587,129146069255.81985,10524251044.039728,57805.30482605219
922,0.0004610000000000001,129321548421.97363,6784746116.926839,57804.62877881822,16086374306.660122,301405750214.5712,19.197171083833737,129321969000.43436,6783838770.558515,57805.30482605219
923,0.00046150000000000005,129389243781.09673,3042449873.8184657,57807.3981985556,15144365074.142448,301245173869.1904,19.17538153698017,129389628691.7861,3042107562.591545,57805.30482605219
924,0.00046200000000000006,129348772179.50957,-698333978.9930681,57810.50447766644,14733851999.785822,300998263039.84106,19.163017355620518,129349162028.11435,-697953122.7068858,57805.30482605219
925,0.0004625,129200297686.02217,-4433035295.511759,57806.42592699262,14851306412.949219,300664375877.2663,19.160014598424087,129200693308.9505,-4433096692.809269,57805.30482605219
926,0.00046300000000000014,128944085584.24025,-8160504571.536412,57807.596287821165,15495664294.150719,300242884970.1811,19.166336284227253,128944490203.02937,-8160274448.660048,57805.30482605219
927,0.0004635000000000001,128580494824.22345,-11876435704.11595,57806.118404672314,16668582037.271645,299733025501.75543,19.181974251640444,128580852226.72798,-11876317352.104956,57805.30482605219
928,0.0004640000000000001,128109982895.76622,-15577838117.907368,57803.36876848966,18374242742.837433,299133959714.37573,19.206947692875474,128110295158.7498,-15578281376.108702,57805.30482605219
929,0.00046450000000000007,127533053454.27762,-19261958138.435455,57801.407748067024,20619467924.81492,298444743593.91125,19.2413033563958,127533264930.28401,-19262886399.30768,57805.30482605219
930,0.0004650000000000001,126850118446.54604,-22926911446.161373,57806.04443305158,23413974704.715656,297664231519.99316,19.285119177678528,126850427578.08177,-22927189766.21106,57805.30482605219
931,0.00046550000000000004,126062037397.1964,-26568239125.286568,57807.78873877509,26771060835.67142,296790838162.2289,19.338514717712485,126062442449.50723,-26568130066.91248,57805.30482605219
932,0.0004660000000000001,125169774895.276,-30182219952.600273,57803.88778612358,30706277237.224648,295823386544.7887,19.401625547882222,125170047872.4032,-30182736408.672825,57805.30482605219
933,0.0004665000000000001,124173874777.5393,-33767493695.11654,57804.64716474531,35237784497.117065,294760724676.9402,19.474605377581813,124174159316.48154,-33767898372.617836,57805.30482605219
934,0.0004670000000000001,123075292053.61714,-37320859155.25545,57807.33151585012,40388492256.8656,293600719915.33984,19.55766460237768,123075728062.08029,-37320746332.15809,57805.30482605219
935,0.0004675000000000001,121875579437.27177,-40837630480.548454,57802.054580761134,46184906870.84872,292341390423.25653,19.651048032974337,121875678457.32088,-40838403984.98172,57805.30482605219
936,0.00046800000000000005,120575204290.29523,-44317161421.71419,57803.24267741006,52655779531.81692,290981523129.5522,19.755001738106316,120575277453.60155,-44317917941.79122,57805.30482605219
937,0.00046850000000000006,119175582536.02286,-47755783949.252235,57804.58652981579,59836921412.236595,289518045073.6664,19.869854756679864,119175662429.21252,-47756487854.92722,57805.30482605219
938,0.000469,117677696406.51411,-51151370288.31342,57809.82419623389,67768151553.20137,287948613983.733,19.995964878306275,117678138228.38184,-51151142403.69662,57805.30482605219
939,0.00046950000000000014,116083321865.03479,-54500027826.21316,57811.81470795087,76495809530.49287,286270161196.02637,20.13374668516673,116084032787.76651,-54499162224.029495,57805.30482605219
940,0.0004700000000000001,114394186825.3056,-57798495480.888916,57808.713993227546,86070757003.97469,284480380533.48755,20.283631970802933,114394808763.79224,-57797801325.61102,57805.30482605219
941,0.0004705000000000001,112611149504.28333,-61045521413.77465,57810.00032029728,96549972314.20856,282576743350.0163,20.4460881546782,112611974129.06602,-61044429036.684296,57805.30482605219
942,0.00047100000000000006,110736834149.55167,-64236486429.683464,57803.406866246136,108001060788.61412,280554816310.80646,20.621692852341592,110737218918.35982,-64236290934.27951,57805.30482605219
943,0.0004715000000000001,108771759258.21666,-67370988063.270805,57803.52492351027,120496855533.86183,278412175695.02545,20.811025949189624,108772104588.15662,-67370878868.807014,57805.30482605219
944,0.00047200000000000003,106718588306.52701,-70444869485.2528,57799.28128928424,134125296102.83775,276143142636.7856,21.014816276747467,106718397947.20132,-70445591920.59895,57805.30482605219
945,0.0004725000000000001,104578011606.39644,-73457435306.60272,57802.229472189334,148982635466.82437,273744220786.05884,21.233813649698543,104577955811.3163,-73457964444.99588,57805.30482605219
946,0.0004730000000000001,102352425152.20659,-76405343929.52277,57805.19993719872,165183476491.21765,271208893901.41827,21.468925130466623,102352623405.947,-76405532785.69131,57805.30482605219
947,0.00047350000000000007,100044155566.87428,-79285697048.33765,57805.224383699126,182856217124.98993,268532113497.6051,21.721118494589422,100044347955.98656,-79285900733.0848,57805.30482605219
948,0.0004740000000000001,97655041475.75198,-82096456498.94116,57804.82737829882,202146421558.0435,265708720696.62643,21.991436453902143,97655153551.8786,-82096727548.00842,57805.30482605219
949,0.00047450000000000004,95186782502.657,-84835816980.68137,57806.922768735465,223222518169.74442,262732022097.1207,22.281065732376383,95187115291.53722,-84835818255.81746,57805.30482605219
950,0.00047500000000000005,92642292412.68471,-87500671416.85255,57805.35472827791,246280729786.1444,259593927263.3603,22.5913757793122,92642505148.97127,-87500868416.29056,57805.30482605219
951,0.0004755000000000001,90023584085.30212,-90089173603.2914,57802.844277051365,271544947777.94272,256287404386.48007,22.923849531905095,90023438338.02759,-90089759111.21202,57805.30482605219
952,0.00047600000000000013,87331799737.62007,-92600388021.7836,57806.82430452069,299276927026.74445,252803443761.54916,23.280175858238543,87332140969.50577,-92600415973.17578,57805.30482605219
953,0.0004765000000000001,84569841357.94136,-95031622422.92113,57811.419077614206,329788227545.68353,249129880140.79993,23.662361532558876,84571031877.93166,-95030910721.11557,57805.30482605219
954,0.0004770000000000001,81741995967.31062,-97379245159.36592,57805.404316109234,363441696252.9729,245255787380.6608,24.072629033210337,81742474046.58269,-97379242871.39047,57805.30482605219
955,0.00047750000000000006,78848402976.1808,-99643521761.23454,57805.368123488945,400655719490.0306,241172315584.69415,24.51333707021096,78848874117.2293,-99643541965.43633,57805.30482605219
956,0.00047800000000000007,75892468132.29749,-101821837363.89494,57804.360126818996,441939532694.0707,236862245745.007,24.987391170972963,75892735910.7345,-101822004591.70325,57805.30482605219
957,0.00047850000000000003,72875891403.70665,-103913106828.04865,57807.0379796669,487897054911.60986,232309931053.6309,25.498089986303512,72876658188.06276,-103912897878.71071,57805.30482605219
958,0.0004790000000000001,69801996415.40756,-105915092271.83888,57808.48114476312,539259487686.7694,227495659186.6068,26.049306367781867,69803211443.15979,-105914643086.33687,57805.30482605219
959,0.0004795000000000001,66674306820.3304,-107825667815.15985,57804.841047981376,596908122711.9962,222399432554.15558,26.645471436657374,66674936817.81809,-107825653744.76617,57805.30482605219
960,0.00048000000000000007,63493375812.59464,-109644740350.8306,57807.56945376482,661912246024.1484,216999491286.8433,27.291675107408455,63494549311.2865,-109644408421.89116,57805.30482605219
961,0.0004805000000000001,60264081586.4238,-111369538446.2197,57805.0168174051,735601452675.6199,211264686607.27292,27.994133179751564,60264759377.003654,-111369511614.79556,57805.30482605219
962,0.00048100000000000004,56988651197.48183,-112999127008.44714,57801.13161163509,819612622071.8851,205165770113.27194,28.760049416893263,56988415292.07215,-112999606635.89008,57805.30482605219
963,0.00048150000000000005,53668582702.797874,-114532937203.34834,57801.680289880955,915999906942.477,198665499582.27933,29.598086580590344,53668217447.76494,-114533476562.60666,57805.30482605219
964,0.0004820000000000001,50307255374.822754,-115969453226.53322,57803.09638700651,1027376128182.7567,191717062949.36688,30.518893215001636,50307055455.15931,-115969933972.03142,57805.30482605219
965,0.00048250000000000013,46907098247.20791,-117307738463.925,57806.728972823075,1157086479110.8005,184268242040.58527,31.535449620542142,46907758154.125854,-117307916945.81236,57805.30482605219
966,0.0004830000000000001,43473958165.16105,-118545575208.04156,57800.99486176091,1309473755732.8862,176256193569.3792,32.66382530986945,43473125217.0824,-118546291085.4859,57805.30482605219
967,0.0004835000000000001,40006785880.11283,-119683678299.72,57802.65639487557,1490214036944.3877,167613545360.4611,33.92375512730308,40006162266.94195,-119684306493.32709,57805.30482605219
968,0.00048400000000000006,36510386137.41922,-120720439328.80931,57803.226376742925,1706907298179.6682,158246402739.43564,35.340710074581665,36509786310.55391,-120721069041.5389,57805.30482605219
969,0.00048450000000000007,32988490416.99936,-121654903702.47733,57800.46190942153,1969824392441.7678,148050738099.05496,36.94730592114483,32986857449.274433,-121655788183.2365,57805.30482605219
970,0.00048500000000000013,29442642271.449932,-122486873260.6818,57799.77609984395,2293070950308.706,136904819250.26393,38.785893151658996,29440474316.061893,-122487864230.23616,57805.30482605219
971,0.00048550000000000015,25873836991.910988,-123216184489.33363,57806.612801998475,2696369771725.392,124662866810.91559,40.912603722899846,25873576687.781868,-123216604867.68846,57805.30482605219
972,0.0004860000000000001,22289428287.302864,-123841248095.19391,57806.40796915724,3207758068090.0723,111160623484.59468,43.40284547883224,22289221696.292313,-123841636681.72119,57805.30482605219
973,0.0004865000000000001,18689668402.970608,-124362313203.0621,57808.604136382906,3867505598025.787,96253089257.1466,46.357415167315835,18690252863.89023,-124362559355.19897,57805.30482605219
974,0.0004870000000000001,15079575825.274406,-124778700812.45213,57807.31278930858,4733975165496.119,79848438276.97684,49.91133734354105,15079843106.718487,-124779039901.27278,57805.30482605219
975,0.0004875000000000001,11460627844.941706,-125090465799.4686,57807.31915903158,5891004165699.637,62066076028.99246,54.23885153437006,11460962643.489012,-125090772369.16583,57805.30482605219
976,0.00048800000000000004,7836470589.951256,-125297376016.59415,57806.81974067561,7453888945474.381,43568975707.46177,59.54179462168415,7836740309.338928,-125297683324.1845,57805.30482605219
977,0.0004885000000000001,4210038549.4852257,-125399400620.46323,57806.139393065736,9559630734588.568,26339017769.673737,65.97420337465363,4210087603.3632913,-125399751988.86655,57805.30482605219
978,0.0004890000000000001,583905311.8276061,-125396621071.77422,57806.507730107034,12295248005922.418,15153269074.193277,73.38635203027893,584156250.127604,-125396933476.41199,57805.30482605219
979,0.0004895000000000001,-3037873063.3090377,-125289135090.04099,57805.67724121809,15462612478139.664,19302153321.75058,80.70778355719278,-3038138183.8879466,-125289411046.74232,57805.30482605219
980,0.0004900000000000001,-6653187656.022387,-125077130645.83083,57805.192972907666,18159564989054.418,50448196016.832794,85.21645688652272,-6653753422.263173,-125077393078.7412,57805.30482605219
981,0.0004905,-10258554711.640724,-124760943478.90761,57804.37978486669,18847203952963.812,109304285052.96887,83.61990917516806,-10259616325.065125,-124761120491.52109,57805.30482605219
982,0.000491,-13853562173.001366,-124340704143.29826,57807.3464204864,16874700809484.887,173692222393.6538,76.10174368717823,-13852799071.618744,-124341037680.5115,57805.30482605219
983,0.0004915000000000002,-17427712476.181232,-123817679733.399,57802.018760627165,13456820428306.008,218607044667.53265,66.95307745410993,-17430255062.27644,-123817617514.28578,57805.30482605219
984,0.0004920000000000001,-20988274407.750946,-123191236328.37503,57805.05134274071,10124331095716.518,239447540122.9476,59.66590952982258,-20989071814.956474,-123191405679.6029,57805.30482605219
985,0.0004925000000000001,-24527292218.628513,-122462513511.09898,57808.024633397756,7519264809323.241,244628002710.1263,54.92230327451183,-24526266862.74712,-122463031094.96938,57805.30482605219
986,0.0004930000000000001,-28038602180.2417,-121632917161.9599,57805.44836288459,5650831300573.807,242750463634.1482,52.03734710229033,-28038863074.284283,-121633180626.39716,57805.30482605219
987,0.0004935000000000001,-31525879773.378654,-120701947250.32988,57809.39112693396,4343050451390.4307,239085767004.68552,50.15983116665402,-31524051959.65423,-120702673834.76292,57805.30482605219
988,0.0004940000000000001,-34978957890.3617,-119672156170.42455,57805.132494962025,3423538034864.4478,236263714299.2751,48.640742978497045,-34978921163.06259,-119672480865.39009,57805.30482605219
989,0.0004945,-38399949835.10543,-118543388671.63393,57803.53329296619,2764617454252.082,235266119278.96335,47.07642539228444,-38400619122.19794,-118543453492.46169,57805.30482605219
990,0.0004950000000000001,-41784575127.34202,-117317082566.60289,57801.020162126486,2279298412771.4224,236137232261.0512,45.27806727397867,-41786281233.211334,-117316777489.37097,57805.30482605219
991,0.0004955000000000001,-45131242903.25724,-115993978604.36038,57801.049160799,1910415582350.8667,238399009685.7328,43.22823632448098,-45133178251.97692,-115993523865.73009,57805.30482605219
992,0.0004960000000000001,-48437636237.05687,-114575036093.35095,57805.0206032082,1621251430862.5603,241397956195.81,41.021672629365014,-48438542089.032776,-114574894682.3466,57805.30482605219
993,0.0004965000000000001,-51697636575.49596,-113062885816.67169,57801.34103970488,1388638127750.3948,244554813034.64334,38.79844504373641,-51699669232.85608,-113062219598.55257,57805.30482605219
994,0.000497,-54912916242.039406,-111457100215.11377,57805.96754950842,1198022518512.053,247493189408.9224,36.68793687681771,-54913856147.91439,-111456833889.67735,57805.30482605219
995,0.0004975,-58077660034.60031,-109760487260.94736,57806.23852098294,1039938880388.6987,250078775055.66678,34.775972019102404,-58078500288.65421,-109760241093.91484,57805.30482605219
996,0.0004980000000000002,-61191420412.42401,-107973518163.80916,57811.034975473005,907871385310.4745,252334152747.46735,33.09958969440454,-61191027944.652534,-107973898169.07109,57805.30482605219
997,0.0004985000000000001,-64250137504.1475,-106098535008.9435,57813.592855834504,796943030488.4581,254371114910.48465,31.656753060534925,-64248896300.27557,-106099418776.93579,57805.30482605219
998,0.0004990000000000001,-67250777663.83481,-104137585722.15721,57811.869430154606,703286569498.877,256308597540.60812,30.422441298982402,-67249576838.264435,-104138540618.08824,57805.30482605219
999,0.0004995,-70191183980.95226,-102092332061.21323,57807.69295904553,623729734934.1351,258236604613.33185,29.362577166933463,-70190589916.83614,-102092937708.2122,57805.30482605219
1000,0.0005000000000000001,-73077701011.32645,-99958459521.31746,57842.65174933448,555648426283.58,260204159951.38098,28.44332790432738,-73088525057.41682,-99950636051.61224,61575.216010359945
1001,0.0005005000000000001,-75978522973.18004,-97683455558.12292,58260.20169117801,496846317014.63007,262237695844.70682,27.635174228155456,-76086900360.79158,-97597335075.2916,61575.216010359945
1002,0.0005010000000000001,-78864172680.65396,-95279535152.38036,58869.85075250286,445194985063.6924,264449146216.92053,26.90937596001387,-79009743414.44833,-95154198698.87453,61575.216010359945
1003,0.0005015000000000001,-81709405971.30743,-92759705156.41907,59529.652625093084,399183906416.6892,266784152278.34323,26.247630704475096,-81854351868.02754,-92623753291.8828,61575.216010359945
1004,0.0005020000000000001,-84494363896.54565,-90136172494.00304,60146.328666254536,357834345624.5593,269142410559.79053,25.64071117162204,-84618139525.01035,-90008461279.66153,61575.216010359945
1005,0.0005025000000000001,-87205482548.16238,-87418574556.95953,60674.24087878475,320533752924.1583,271439474845.41135,25.084194003946084,-87298606240.64365,-87310837364.18909,61575.216010359945
1006,0.0005030000000000001,-89831014638.62688,-84617189461.99718,61082.11795917091,286871605304.10803,273627682951.54263,24.57494486825425,-89893185133.18372,-84533623669.7419,61575.216010359945
1007,0.0005035,-92364631933.3185,-81738813168.62265,61373.83189964855,256537559410.40158,275686173531.64276,24.109688523009925,-92399620254.35942,-81679429896.89505,61575.216010359945
1008,0.000504,-94801785101.27824,-78789436792.4881,61560.68577406989,229248445614.989,277615101913.1926,23.684573938110084,-94815624152.50813,-78751134943.2017,61575.216010359945
1009,0.0005045000000000002,-97140958235.26787,-75772218784.71274,61670.19132099625,204726592574.69678,279422079624.6174,23.295564968707506,-97138980149.68822,-75751599359.5978,61575.216010359945
1010,0.0005050000000000001,-99379064710.92393,-72692472686.30847,61710.959367455995,182692711807.43103,281117761036.3374,22.938794000586977,-99367724613.3476,-72683705773.82027,61575.216010359945
1011,0.0005055000000000001,-101516450855.34969,-69551359065.834,61714.54284966642,162884174000.3663,282707188937.707,22.611025408406746,-101499656727.08266,-69550450870.21501,61575.216010359945
1012,0.000506,-103552025314.93848,-66351691885.30253,61694.09226037416,145051968452.28632,284196663063.1936,22.309507356836598,-103533033890.60928,-66354953715.590485,61575.216010359945
1013,0.0005065000000000001,-105485154283.2938,-63095568774.55934,61663.30138850068,128974248332.74283,285589007133.37885,22.032012834982464,-105465901515.85443,-63100227370.051346,61575.216010359945
1014,0.0005070000000000001,-107315839223.89458,-59783812321.824905,61638.98068947729,114457535408.48387,286886000207.98364,21.776707360592344,-107296605379.63464,-59789433093.76977,61575.216010359945
1015,0.0005075000000000001,-109042121614.23697,-56420342028.320206,61615.4689583418,101334460394.9767,288089857637.8431,21.54199245846729,-109023589326.5113,-56425819219.64564,61575.216010359945
1016,0.0005080000000000001,-110662832261.87015,-53007972336.53626,61595.222177584714,89468322116.63893,289199791028.07605,21.326554120853544,-110645226489.44443,-53012515754.54871,61575.216010359945
1017,0.0005085000000000001,-112176773627.35388,-49549677812.86468,61579.17379203808,78745530905.9779,290215580953.99915,21.12924080249089,-112160175545.5813,-49552941545.16422,61575.216010359945
1018,0.0005090000000000001,-113582789213.32222,-46048497827.96766,61567.7315821286,69071503474.00316,291137312168.88165,20.949014258755888,-113567089729.75903,-46050383786.004944,61575.216010359945
1019,0.0005095000000000001,-114880301584.79907,-42506172787.259224,61568.30912026289,60366910341.40817,291965188208.9643,20.784935035556906,-114864786199.36035,-42508171236.888405,61575.216010359945
1020,0.00051,-116066897377.29007,-38929305001.119026,61559.78654854926,52563179200.46935,292700126715.91907,20.636132340041204,-116052149023.63945,-38929788254.670616,61575.216010359945
1021,0.0005105000000000001,-117142545049.49644,-35318861161.01271,61558.382777873754,45606096562.778404,293340351973.01434,20.501919732689704,-117128205922.96854,-35318630893.12432,61575.216010359945
1022,0.0005110000000000002,-118106243264.1693,-31678363150.50509,61561.44870440903,39445868316.06783,293886870343.1268,20.38163538559388,-118091998783.43843,-31678140058.37964,61575.216010359945
1023,0.0005115000000000001,-118957037719.77757,-28011653119.60073,61565.593012898564,34040089163.36574,294339771184.6726,20.274702223415208,-118942776650.67294,-28011808009.01676,61575.216010359945
1024,0.0005120000000000001,-119693993145.44252,-24323237402.849678,61565.11689248815,29352790412.013012,294698695230.20624,20.180635563757008,-119679893851.00002,-24323129620.269463,61575.216010359945
1025,0.0005125,-120316792182.81995,-20615650294.841732,61566.742261226944,25353724712.87612,294963070488.491,20.099033227836227,-120302768807.6688,-20615703104.80041,61575.216010359945
1026,0.0005130000000000001,-120824866888.04018,-16892886443.097282,61567.343966756125,22016304732.710644,295133003406.1649,20.029533105794595,-120810882734.91078,-16892954561.583704,61575.216010359945
1027,0.0005135000000000001,-121217932156.01633,-13158055244.019463,61569.54877570987,19318563638.41616,295208174004.0882,19.97183183359892,-121203925211.25053,-13158482626.35693,61575.216010359945
1028,0.0005140000000000001,-121495616424.19897,-9415753298.720295,61567.31919957979,17242350475.951473,295188295660.7043,19.925674172042125,-121481759421.45396,-9415731659.196127,61575.216010359945
1029,0.0005145000000000001,-121657896817.28798,-5668936140.490499,61565.253118185945,15773645670.992645,295072759033.53375,19.890859301942555,-121644068441.72038,-5668404742.364053,61575.216010359945
1030,0.000515,-121704786320.83138,-1920387052.328951,61567.369728651945,14901696339.556551,294861130168.17737,19.86722353666735,-121690944807.664,-1920053818.0981824,61575.216010359945
1031,0.0005155000000000001,-121636306134.82079,1825317004.674483,61566.912843633145,14619286061.46534,294552792629.289,19.854644150852813,-121622468377.20596,1825750638.838401,61575.216010359945
1032,0.0005160000000000001,-121452661233.87868,5565579895.362344,61569.72832748249,14922790326.88365,294146873510.83734,19.853043270839738,-121438789667.24606,5565490732.683873,61575.216010359945
1033,0.0005165,-121154177719.17464,9295578236.471882,61567.96007748262,15811961173.12593,293642426555.0331,19.862382128347935,-121140246030.41718,9295775650.460484,61575.216010359945
1034,0.0005170000000000001,-120741213519.95642,13013166099.741623,61570.37098147917,17289696817.58781,293038466684.3661,19.88265685930024,-120727292764.16054,13012899002.374693,61575.216010359945
1035,0.0005175000000000002,-120214368609.40338,16713653561.1225,61569.350107999904,19362531170.761883,292333718747.0329,19.9139055287839,-120200440183.96703,16713364870.226583,61575.216010359945
1036,0.0005180000000000001,-119574210845.20953,20394284926.37783,61569.87836498694,22040057521.534645,291526972127.25574,19.956198516427875,-119560279486.48381,20393840411.653893,61575.216010359945
1037,0.0005185000000000001,-118821460009.31274,24051561701.823086,61571.28961832051,25335689980.26042,290616666886.2787,20.00964916251845,-118807523547.46237,24050744394.12602,61575.216010359945
1038,0.000519,-117957125591.34363,27681187446.540955,61568.69570426968,29266591661.244164,289601095350.26764,20.074411831322344,-117943081243.80241,27680689834.381054,61575.216010359945
1039,0.0005195000000000001,-116982056654.72757,31280420041.01532,61566.91431263989,33853259529.513683,288478694217.91016,20.150670378754672,-116967889044.04991,31280130284.066856,61575.216010359945
1040,0.0005200000000000002,-115897313085.04138,34845851473.77719,61565.49995607416,39120906465.37876,287247335197.08905,20.238659578953445,-115882932002.59967,34845835847.68694,61575.216010359945
1041,0.0005205000000000001,-114704016601.12175,38374254400.03529,61564.93697333171,45099343133.094536,285904743193.9103,20.33866090341187,-114689413232.82826,38374491465.018684,61575.216010359945
1042,0.0005210000000000001,-113403218698.36906,41862885651.6749,61568.02994560148,51823547846.951904,284448387297.9261,20.451005289644947,-113388615105.60515,41862711422.57852,61575.216010359945
1043,0.0005215,-111996776442.21765,45307004809.24837,61565.50283086774,59334737955.281334,282875212512.3616,20.576085923790338,-111981847726.78806,45307248798.23513,61575.216010359945
1044,0.0005220000000000001,-110485839448.2631,48704348823.83235,61564.28915969958,67678413270.65607,281183007742.52155,20.71431443897128,-110470528548.80077,48704838315.79009,61575.216010359945
1045,0.0005225000000000001,-108871476107.51088,52052782095.58342,61569.78990388196,76908321694.8895,279368226037.16003,20.866183066921906,-108856365093.90578,52052385076.7384,61575.216010359945
1046,0.000523,-107156285601.79424,55346999813.556946,61567.694104431845,87087746919.70735,277426366085.4685,21.032284255846275,-107140940881.45593,55346761319.18606,61575.216010359945
1047,0.0005235000000000001,-105340888759.3197,58586278157.54592,61573.544694197,98285162200.36685,275354870412.91907,21.213211762918192,-105325876520.84467,58584971294.80639,61575.216010359945
1048,0.0005240000000000002,-103428330749.52716,61765225234.9944,61571.36079242987,110583613929.95569,273147975705.05246,21.40971026251591,-103413057964.56792,61763867327.19295,61575.216010359945
1049,0.0005245000000000001,-101420114850.30357,64881812150.978386,61568.689094941394,124073087127.73212,270802547466.5313,21.62253156120347,-101404452265.02345,64880559164.754654,61575.216010359945
1050,0.0005250000000000001,-99318473097.94977,67932865167.547615,61563.874694863065,138859079348.94818,268313161102.6232,21.852552879502127,-99302116507.79263,67932220615.195404,61575.216010359945
1051,0.0005255,-97125335787.87335,70915906769.48485,61559.4230549664,155062217178.5048,265674294265.9761,22.100758739385512,-97108104351.99426,70916024982.19998,61575.216010359945
1052,0.0005260000000000001,-94842335426.2867,73828954409.98752,61559.802577128765,172822508218.71173,262879339074.52615,22.368274813265398,-94824641255.63895,73829219607.04813,61575.216010359945
1053,0.0005265000000000002,-92472163155.89842,76668685443.48117,61559.799276685975,192304056963.3145,259920207658.1245,22.656408620311467,-92453920844.19197,76669172357.68086,61575.216010359945
1054,0.0005270000000000001,-90016866754.60655,79432851234.48517,61561.74627208009,213694880757.27005,256789578812.9324,22.9665896557638,-89998285618.77728,79433206612.75964,61575.216010359945
1055,0.0005275000000000001,-87479150438.73874,82118552276.52698,61562.86567269367,237214829900.95404,253478517887.75824,23.300441013304244,-87460241648.91531,82118774299.55124,61575.216010359945
1056,0.000528,-84861170863.67339,84723696922.22853,61565.73185410317,263119140308.30222,249977839305.83524,23.65977453682431,-84842140277.88496,84723360124.80801,61575.216010359945
1057,0.0005285000000000001,-82166221672.00708,87245147839.1368,61564.986453829966,291708730307.82837,246276330492.45496,24.046673135077004,-82146724579.40622,87244764661.2376,61575.216010359945
1058,0.0005290000000000001,-79396399920.5583,89681191223.24805,61565.31725016498,323334782354.5672,242363104272.94507,24.463454802353056,-79376467357.47679,89680563082.04799,61575.216010359945
1059,0.0005295000000000001,-76555375901.61298,92028766660.24458,61560.655558604514,358416407961.65753,238223978413.10513,24.91282105666308,-76534198162.03535,92028639216.68427,61575.216010359945
1060,0.0005300000000000001,-73644613017.48773,94286946553.80226,61560.28919831643,397448510940.6089,233845170888.20526,25.397809100598376,-73622753504.7257,94286757643.84517,61575.216010359945
1061,0.0005305000000000002,-70667529511.363,96453170040.70045,61559.5666187045,441032186419.81067,229207299172.17615,25.92204843671829,-70644880336.32724,96452962258.80554,61575.216010359945
1062,0.0005310000000000001,-67627063904.849075,98525473075.27615,61558.398662294974,489890699510.42755,224290809902.44577,26.489715773309992,-67603508747.27711,98525277567.50517,61575.216010359945
1063,0.0005315000000000001,-64526322184.01314,100501915789.49591,61556.180160513,544903921520.66327,219073217409.9115,27.105672315023003,-64501492154.62445,100501788583.83751,61575.216010359945
1064,0.000532,-61367886455.8379,102381036903.2213,61555.345878043954,607150117931.3729,213528750235.7672,27.77561986938608,-61341946333.67946,102380819814.93068,61575.216010359945
1065,0.0005325000000000001,-58154904218.39854,104161094126.42691,61555.03871350839,677966085932.5476,207626338688.0038,28.50636252511248,-58127915519.729614,104160696267.60321,61575.216010359945
1066,0.0005330000000000002,-54891386452.63525,105840017356.9237,61551.02884757582,759021020008.6866,201330445627.68326,29.30603088498307,-54862495939.60409,105839853347.57307,61575.216010359945
1067,0.0005335000000000001,-51579824242.48126,107416765472.81079,61547.361756005834,852413861201.9768,194601513621.18826,30.184329702364966,-51548878616.90107,107416778431.81248,61575.216010359945
1068,0.0005340000000000001,-48223232456.021645,108890061826.43088,61544.70409662383,960825449273.9398,187390169352.52023,31.153145605273057,-48190173097.89194,108890060153.19237,61575.216010359945
1069,0.0005345,-44825058262.34992,110258533822.92146,61541.90919298275,1087717579476.7539,179637815922.73138,32.22716071800158,-44789613207.741974,110258512671.14561,61575.216010359945
1070,0.0005350000000000001,-41388234294.5204,111521157772.8364,61540.31995500939,1237614114371.809,171275655868.01044,33.42464656709117,-41350545534.97646,111520847156.73743,61575.216010359945
1071,0.0005355000000000001,-37916575786.4819,112676659535.86751,61537.68924152838,1416513773318.1833,162220659515.20456,34.76868612865249,-37876268998.04902,112676158323.44382,61575.216010359945
1072,0.0005360000000000001,-34412955600.410065,113724255232.50153,61535.9410115544,1632479945799.2153,152375288596.59836,36.288725683875874,-34370074564.99579,113723305356.25903,61575.216010359945
1073,0.0005365000000000001,-30882928411.447956,114662430405.58066,61527.35337049611,1896532431155.7588,141621964350.4939,38.022987368118166,-30835364536.961323,114661510880.1818,61575.216010359945
1074,0.0005370000000000002,-27327887212.756077,115491148544.32262,61520.305649284775,2223941118397.632,129828883315.47021,40.0214056453688,-27275521389.937054,115490007786.46945,61575.216010359945
1075,0.0005375000000000001,-23750855987.32093,116209843585.15099,61515.57703038803,2636264520745.2114,116839920890.4517,42.35068865271773,-23693867895.97203,116208078370.99002,61575.216010359945
1076,0.0005380000000000001,-20155531778.416183,116817879404.69417,61511.722047583215,3164376763334.768,102493771997.0293,45.10060053539498,-20093866358.634846,116815192311.08138,61575.216010359945
1077,0.0005385,-16547437416.965336,117314464734.92828,61502.523014737046,3852935706819.441,86663757221.82896,48.39174833832012,-16478973326.4879,117310931670.92314,61575.216010359945
1078,0.0005390000000000001,-12930301101.315792,117699416672.71599,61488.50324043759,4766463663327.867,69361238205.28087,52.38262753536164,-12852627390.606396,117694921082.31952,61575.216010359945
1079,0.0005395000000000002,-9305129707.839832,117972977010.61444,61477.17183744216,5995845184916.984,50972342444.9151,57.26778528184821,-9218240160.20824,117967001367.67497,61575.216010359945
1080,0.0005400000000000001,-5676496785.898499,118134898895.80595,61464.85296074308,7658037119556.551,32815480947.62174,63.2374818150033,-5579330448.422646,118126937226.11394,61575.216010359945
1081,0.0005405000000000001,-2046237586.2020874,118185271071.619,61454.97193102039,9862331237813.693,18326154152.340572,70.31419069794005,-1939275115.98909,118174779580.90701,61575.216010359945
1082,0.0005410000000000001,1587009690.615991,118124111646.25404,61456.73318061089,12572476837040.018,14876890959.321402,77.89653429498422,1698392637.226398,118110565716.82588,61575.216010359945
1083,0.0005415000000000001,5228201891.788505,117950814023.0931,61483.43481073858,15278818669429.35,34080599775.902546,83.96030201673214,5330255808.05478,117934484220.57198,61575.216010359945
1084,0.0005420000000000001,8878910768.767778,117664205674.39244,61539.795332542,16750251683062.244,83399927097.2975,85.06075280385139,8952899627.54914,117646836954.81638,61575.216010359945
1085,0.0005425000000000001,12533802452.52195,117263217678.91501,61617.6760161921,15876932212287.523,149521433995.70767,79.49533728203713,12562909321.395752,117248056307.47478,61575.216010359945
1086,0.0005430000000000001,16174084695.344717,116748769674.05792,61689.17966223608,13144320892993.195,204323735832.26404,70.36718187145937,16156853082.216984,116738630882.25769,61575.216010359945
1087,0.0005435000000000001,19775373952.417305,116124551093.59886,61721.876106341544,10025463988790.988,234261779150.13147,62.07255563882161,19731364870.810944,116119195643.88521,61575.216010359945
1088,0.0005440000000000001,23340232527.641087,115391882966.76085,61729.558300913755,7430703223474.321,244476734693.88293,56.340543485977534,23283136594.350452,115390453044.37227,61575.216010359945
1089,0.0005445000000000001,26871239283.13801,114551530779.61424,61723.46715605236,5530545945592.095,244474893865.47003,52.822642098919154,26808706517.42572,114553165876.37631,61575.216010359945
1090,0.000545,30365866739.842896,113604930370.87395,61704.350710081795,4197796469559.1626,240953718759.70828,50.64442721701601,30304833852.75923,113608315897.52832,61575.216010359945
1091,0.0005455000000000002,33825636144.73683,112552435129.23651,61681.09629736496,3267013832742.434,237478631650.79825,49.05715191445156,33768245135.280735,112556866678.50177,61575.216010359945
1092,0.0005460000000000002,37249947102.19655,111394565368.22949,61659.67652394658,2607436154219.073,235601748040.2685,47.558971218076195,37195689481.4924,111399980642.06009,61575.216010359945
1093,0.0005465000000000001,40633792447.84804,110133111941.12987,61635.70666144166,2128245404913.4534,235682591389.51865,45.87892529437045,40583941374.359245,110138895538.83606,61575.216010359945
1094,0.0005470000000000001,43972878259.15069,108769961644.41826,61606.06027022512,1769280144640.6453,237394632586.24316,43.93778154540366,43929873782.50989,108774905134.3143,61575.216010359945
1095,0.0005475000000000001,47268351376.15058,107305041153.59341,61585.05989637815,1491678960871.3389,240106081898.8874,41.79434442436183,47230310179.13308,107309373894.52014,61575.216010359945
1096,0.0005480000000000001,50516223845.37072,105740065041.26187,61569.70692422993,1270776322564.6807,243185534784.73102,39.57844171457802,50482202152.78204,105743815971.53079,61575.216010359945
1097,0.0005485,53711672171.06367,104077407348.82887,61553.09812730155,1091089944207.0195,246169960000.40527,37.4284649026912,53682544592.0126,104079870147.14459,61575.216010359945
1098,0.0005490000000000001,56853886528.89959,102317723369.78944,61543.93502353569,942768186145.8593,248827174430.41983,35.44923913687966,56828258469.892815,102319245660.72206,61575.216010359945
1099,0.0005495000000000001,59939103232.28629,100463119176.90285,61537.94280885907,819196510091.0498,251129755833.52042,33.69607777819117,59916542349.64432,100463700138.32281,61575.216010359945
1100,0.0005500000000000001,62964943099.12902,98515114204.49895,61536.83738791213,715603993211.693,253162572290.29752,32.18037103771233,62944524631.26345,98515042312.43123,61575.216010359945
1101,0.0005505000000000001,65927861595.63987,96476034363.22092,61536.583049635345,628290782259.745,255048183454.77365,30.88418806334035,65909317699.93527,96475270701.22772,61575.216010359945
1102,0.0005510000000000001,68826066463.79845,94347230193.22496,61541.62025424139,554263044104.6268,256890580462.1965,29.775611231331702,68808321752.46318,94346470376.47745,61575.216010359945
1103,0.0005515,71656026622.3184,92131309846.67583,61546.95593093907,491051356792.6015,258756197494.23172,28.81987436049554,71638702409.64397,92130634880.65819,61575.216010359945
1104,0.0005520000000000002,74414895324.6182,89830629068.00902,61551.321633139116,436636749417.1088,260667535416.3058,27.986021945386675,74398031898.9073,89830108677.36292,61575.216010359945
1105,0.0005525000000000001,77099264455.88065,87448210951.69737,61550.0359865808,389389957193.5843,262616840155.3803,27.249395900475424,77083692679.0822,87447137109.20155,61575.216010359945
1106,0.0005530000000000001,79708019732.95126,84985326066.58253,61551.72686085302,348020173054.8055,264579105673.78207,26.591682206142092,79693204038.70764,84983992336.1376,61575.216010359945
1107,0.0005535000000000001,82239265435.4906,82443843450.13307,61558.9724564432,311508394591.33795,266528632407.794,25.99952155766428,82224184757.6,82443105309.20262,61575.216010359945
1108,0.0005540000000000001,84689557379.56178,79827245184.96945,61563.800866559155,279058320936.6279,268442095056.99475,25.463143854279014,84674352500.5906,79827042464.055,61575.216010359945
1109,0.0005545000000000001,87056594455.58688,77138198778.36102,61566.20818786615,250054740878.19778,270298837901.3112,24.975301424143467,87041466029.15054,77138394504.15471,61575.216010359945
1110,0.0005550000000000002,89338106645.94023,74379519304.17221,61565.75940005735,224015773377.0859,272085222263.61484,24.530302078881636,89323341477.58638,74379652046.40083,61575.216010359945
1111,0.0005555000000000001,91532292222.729,71553651231.14357,61564.83284761491,200558910279.59634,273792840544.54678,24.12345806420095,91517962747.64987,71553660545.72751,61575.216010359945
1112,0.0005560000000000001,93637017126.64648,68663574461.409546,61562.247928846395,179373974559.35822,275417290473.7406,23.75077690187333,93623351293.0622,68663158657.124016,61575.216010359945
1113,0.0005565000000000001,95651282466.3156,65710910803.7705,61565.57283313554,160206579762.34802,276955515195.1451,23.408861086502668,95637618318.18846,65710881343.87862,61575.216010359945
1114,0.0005570000000000001,97572206809.0576,62699958683.939926,61564.57215303748,142841277665.89957,278406919958.34705,23.094760942832956,97558921808.46686,62699736893.04422,61575.216010359945
1115,0.0005575,99398752781.37299,59632681707.75302,61566.14009755774,127100072782.59732,279768586645.0071,22.806058305622436,99385626433.34297,59632582617.88302,61575.216010359945
1116,0.000558,101128749497.57602,56512906617.9919,61564.531463253865,112828518427.32811,281040028139.42017,22.540670385644162,101116005215.17834,56512436857.44991,61575.216010359945
1117,0.0005585000000000002,102761065614.7563,53343027213.63298,61564.30917216846,99895473720.42273,282219771302.0609,22.296858949586266,102748583806.78378,53342409595.28449,61575.216010359945
1118,0.0005590000000000001,104294526026.23247,50125545255.86824,61568.2048216862,88185802308.83365,283307742360.0091,22.073111440291417,104281954645.1429,50125425822.5108,61575.216010359945
1119,0.0005595000000000001,105727235950.05504,46864579831.13845,61569.15339390805,77598600946.09183,284304132790.3786,21.868107197756242,105714744413.40677,46864638691.11179,61575.216010359945
1120,0.0005600000000000001,107057890789.58368,43563509343.72508,61566.73559048067,68047886749.49463,285207960376.2725,21.68074356062107,107045741853.67966,43563242150.69389,61575.216010359945
1121,0.0005605000000000001,108286134206.85071,40223649169.58204,61572.387570454484,59458683441.516045,286018828742.69855,21.51006537882633,108273808369.72693,40224278988.69951,61575.216010359945
1122,0.0005610000000000001,109409844169.88481,36850827332.59125,61568.98306812752,51763150543.692314,286737865130.0828,21.355182469257482,109397825122.81552,36851050470.17044,61575.216010359945
1123,0.0005615000000000002,110428853830.11836,33446305334.421333,61570.306702961585,44905748407.768166,287363702034.76056,21.215381647215008,110416908942.92033,33446741179.718132,61575.216010359945
1124,0.0005620000000000001,111341990217.91179,30014235633.048958,61569.95058529926,38835685358.50399,287897138085.8123,21.08999203454404,111330109224.7919,30014680220.197273,61575.216010359945
1125,0.0005625000000000001,112148661056.87357,26557403040.763023,61571.183479440864,33510185187.9257,288337859400.7446,20.978441965490443,112136793700.84055,26558174697.223934,61575.216010359945
1126,0.0005630000000000001,112848058405.45132,23079735170.881382,61570.08119635438,28892042715.70013,288685890449.9126,20.880226900208303,112836339951.33736,23080449901.589657,61575.216010359945
1127,0.0005635000000000001,113439618518.36203,19584873138.557297,61565.63048321595,24950035165.508705,288940849448.22656,20.79491898807626,113428076186.97273,19584824967.804585,61575.216010359945
1128,0.000564,113923183235.19388,16074808268.52195,61566.208116911854,21657790941.1656,289102436770.70514,20.722150164624004,113911698244.76573,16074678502.731585,61575.216010359945
1129,0.0005645000000000001,114298234741.51775,12553801085.263771,61565.22497603143,18992630338.05054,289170742194.11237,20.661589485064518,114286828847.97176,12553310561.482147,61575.216010359945
1130,0.0005650000000000002,114564589512.77823,9024968932.245031,61564.430900313855,16936705510.247032,289145184223.9064,20.612971168440875,114553293714.66971,9024140095.309881,61575.216010359945
1131,0.0005655000000000001,114722148948.1887,5491241510.719204,61566.06264565223,15475858806.009594,289025275445.8523,20.57607728507229,114710815820.414,5490487521.458448,61575.216010359945
1132,0.0005660000000000001,114770839019.97922,1956285988.5430164,61567.647952902,14599522842.019234,288810459299.45715,20.550733959646845,114759519564.71014,1955650663.3599825,61575.216010359945
1133,0.0005665000000000001,114710730473.2811,-1576383632.9257805,61568.31005294947,14300730645.64382,288499978006.1556,20.53681362473957,114699369934.37753,-1577000026.0636933,61575.216010359945
1134,0.0005670000000000001,114542000986.51868,-5103860032.347149,61570.71929777996,14575807458.821138,288093014802.2788,20.534229925659382,114530551840.80925,-5104069040.321508,61575.216010359945
1135,0.0005675000000000001,114264916666.51915,-8622532712.805035,61572.8383003561,15424343531.03077,287588644131.8487,20.542936484359526,114253534817.5534,-8622288140.519083,61575.216010359945
1136,0.0005680000000000001,113879899506.67122,-12128605135.799728,61572.175545578866,16849163213.350504,286985807375.1121,20.56292685051898,113868460813.62196,-12128264581.652899,61575.216010359945
1137,0.0005685000000000001,113387487591.81453,-15618682458.601603,61569.10643149678,18856153636.787937,286283407941.7428,20.59423059185402,113375939058.85373,-15618713124.68995,61575.216010359945
1138,0.0005690000000000001,112788174891.85876,-19090413328.213146,61569.51330768872,21454377089.645523,285480241650.1252,20.636913906452307,112776575559.99933,-19090358927.95343,61575.216010359945
1139,0.0005695000000000001,112082652791.51459,-22540272464.11556,61570.917809867104,24656782646.81945,284574682094.4691,20.69109188608416,112071092479.40517,-22539914488.646984,61575.216010359945
1140,0.0005700000000000001,111271814294.15248,-25964447511.1401,61569.86855968442,28479889174.53111,283565043109.559,20.756920936305786,111260202854.83902,-25964096509.54553,61575.216010359945
1141,0.0005705,110356470588.65979,-29360188802.39319,61569.68902416729,32943651583.808052,282449691731.1333,20.83459092267718,110344845646.92093,-29359785868.9125,61575.216010359945
1142,0.0005710000000000001,109337836894.96782,-32723465383.198143,61565.37081006721,38072475293.95732,281226552405.5232,20.92434088343039,109325912835.97035,-32723792847.49875,61575.216010359945
1143,0.0005715000000000002,108216406669.73758,-36053252355.92282,61570.08063605338,43894433282.23849,279893782943.6318,21.0264419596853,108204546600.76485,-36052963052.796906,61575.216010359945
1144,0.0005720000000000001,106993768094.3634,-39344841746.01421,61572.18319969322,50444696137.21276,278448049255.2985,21.14125585179398,106981905420.79974,-39344124204.52517,61575.216010359945
1145,0.0005725000000000001,105671298420.4274,-42594953478.3897,61571.28403003585,57762068792.39011,276887135728.9187,21.269165492376494,105659309975.04492,-42594163565.874954,61575.216010359945
1146,0.000573,104250493518.21712,-45800362722.15256,61567.120223401726,65891019353.34869,275208493378.2198,21.410596570449574,104238118043.14961,-45800099537.83647,61575.216010359945
1147,0.0005735000000000001,102732471333.82832,-48958986225.19198,61565.80506383787,74882413514.71841,273409238413.42096,21.56603084879871,102719776680.23125,-48958988924.437515,61575.216010359945
1148,0.0005740000000000001,101118919659.99294,-52067538485.52042,61564.48725218671,84796126264.95308,271485323613.42026,21.736047243046656,101105864652.24762,-52067855938.81177,61575.216010359945
1149,0.0005745000000000001,99411308284.48431,-55123463294.367165,61565.10638530906,95700109864.23868,269432949085.43234,21.92129038547023,99398016187.35658,-55123791886.96234,61575.216010359945
1150,0.0005750000000000001,97611618215.13487,-58123422867.745804,61564.133876720385,107672807384.60725,267247641357.10324,22.122492844666905,97597939547.14001,-58123985028.43707,61575.216010359945
1151,0.0005755000000000001,95721408731.26152,-61065098716.54371,61564.754931227406,120802961851.89662,264925155683.32672,22.34045479114962,95707419721.59773,-61065630013.91696,61575.216010359945
1152,0.0005760000000000001,93742278303.64194,-63946175846.70117,61569.03546743002,135193416674.3109,262460096565.65274,22.576091729951347,93728364199.28006,-63946016636.86318,61575.216010359945
1153,0.0005765000000000001,91677240565.83426,-66762394274.058426,61566.19817694168,150963328854.8051,259846228484.8552,22.83045278738997,91662776615.777,-66762517631.99848,61575.216010359945
1154,0.000577,89527189841.67747,-69512895655.36002,61568.88564322821,168245416745.61127,257079046492.93317,23.104631859022643,89512745296.74771,-69512525191.1632,61575.216010359945
1155,0.0005775000000000001,87295007699.12791,-72194069417.66313,61568.90230910278,187198200924.9097,254150185034.83313,23.39995144626999,87280334627.52695,-72193511189.0549,61575.216010359945
1156,0.0005780000000000002,84982870266.1502,-74803551584.11888,61567.52294061877,208001831691.8486,251052844940.80283,23.717851033930504,84967828326.96838,-74802986767.10698,61575.216010359945
1157,0.0005785000000000001,82592932031.1721,-77339134235.26855,61566.24050460167,230866073077.80533,247778853512.77075,24.059953050681667,82577416463.30038,-77338632516.70934,61575.216010359945
1158,0.0005790000000000001,80127696983.67014,-79798352024.05353,61564.01016527566,256036538368.67538,244318646483.27832,24.428111749020488,80111534388.26865,-79798078499.06778,61575.216010359945
1159,0.0005795,77589665778.3779,-82178922529.79253,61560.70987692413,283800637936.42737,240661930153.2447,24.824425779148505,77572561256.97215,-82179058335.7264,61575.216010359945
1160,0.0005800000000000001,74980388168.05203,-84479588036.28836,61562.767080282785,314496791519.9669,236797167447.22488,25.251281970817374,74963000616.13908,-84479410345.75223,61575.216010359945
1161,0.0005805000000000002,72303426422.44545,-86697268999.93904,61562.091286670504,348530632932.11676,232709382256.03885,25.711494488128725,72285422568.85657,-86697170250.26741,61575.216010359945
1162,0.0005810000000000001,69561466524.3827,-88829960197.36668,61559.21693797943,386380085975.1727,228384939051.60742,26.208203514487018,69542447813.01471,-88830151568.26045,61575.216010359945
1163,0.0005815000000000001,66756372586.09877,-90876416826.79308,61559.494752580234,428617469822.6627,223807635941.9862,26.74501151460783,66736723447.488075,-90876551011.33215,61575.216010359945
1164,0.000582,63891494125.36813,-92834293617.12383,61558.50667122687,475937977736.1222,218956796040.188,27.32618655371749,63870893486.99141,-92834479110.25613,61575.216010359945
1165,0.0005825000000000001,60968964705.50563,-94702302558.08383,61560.06173346616,529183290451.1389,213810954038.06555,27.956666526893105,60947903593.07866,-94702173316.04729,61575.216010359945
1166,0.0005830000000000001,57992176248.17465,-96478369279.9844,61560.519717194446,589388481823.822,208343603487.19058,28.642312167305366,57970438373.97019,-96477938599.08098,61575.216010359945
1167,0.0005835,54964108533.228485,-98160878731.81882,61559.74998004951,657829182035.5841,202525973426.11667,29.3900122293537,54941491125.68805,-98160286927.04227,61575.216010359945
1168,0.0005840000000000001,51887650547.19633,-99748394641.70886,61558.321443024055,736095096745.9739,196324329792.30457,30.207971529500366,51864004767.84402,-99747657078.3036,61575.216010359945
1169,0.0005845000000000002,48766177841.668755,-101239340391.71353,61554.639132921446,826188407650.7896,189698710368.79153,31.106085321938043,48740866226.47664,-101238743356.56726,61575.216010359945
1170,0.0005850000000000001,45602311722.57447,-102632663592.09393,61551.082988742426,930654709606.145,182602884311.13208,32.096358464574365,45575133200.32468,-102632212449.50854,61575.216010359945
1171,0.0005855000000000001,42398700903.62944,-103927346446.66289,61549.28821415555,1052775031114.9261,174980661962.83765,33.19360480317618,42369840912.96997,-103926741363.07741,61575.216010359945
1172,0.000586,39158320726.2732,-105122291661.59256,61549.17215891472,1196832427950.3022,166764643777.70975,34.41632024669176,39128168993.5146,-105121300246.63599,61575.216010359945
1173,0.0005865000000000001,35885788009.15822,-106215907654.35739,61544.50380131701,1368490913226.8567,157875077352.0238,35.7878192559325,35853130519.84839,-106214890203.62932,61575.216010359945
1174,0.0005870000000000002,32583463672.0396,-107207654131.85336,61539.43263698159,1575329925462.9216,148221311421.82867,37.337626666076716,32547878332.50094,-107206619483.1866,61575.216010359945
1175,0.0005875000000000001,29254381717.000748,-108096786388.22495,61534.550370063196,1827670396653.3154,137692476410.67474,39.10397265785473,29215550568.537003,-108095546931.2066,61575.216010359945
1176,0.0005880000000000001,25901986645.150536,-108882538626.19476,61528.95098448319,2139783491841.3525,126159480927.71965,41.13699908159642,25859311674.36136,-108881074156.98053,61575.216010359945
1177,0.0005885,22529278154.29839,-109564382837.64052,61523.50197948889,2531702741712.898,113479197039.45256,43.503160052105734,22482515081.72033,-109562448013.71243,61575.216010359945
1178,0.0005890000000000001,19141126028.194828,-110141498485.26999,61513.064258804116,3031945983899.5024,99506137244.85818,46.29128495478431,19088239447.784622,-110139267794.25888,61575.216010359945
1179,0.0005895000000000001,15739634421.470434,-110613833960.80264,61502.253671210565,3681448653670.7905,84135046641.29843,49.619677921913805,15679794167.6632,-110611067557.33693,61575.216010359945
1180,0.0005900000000000001,12326787265.610867,-110981309300.65036,61494.73478711054,4538926136641.015,67387936109.08696,53.64307251151104,12260405589.719357,-110977488338.66252,61575.216010359945
1181,0.0005905000000000001,8908562548.716303,-111243352384.40059,61482.221873126604,5686404190365.705,49644167913.7335,58.550129556525555,8833273461.133371,-111238347669.19592,61575.216010359945
1182,0.0005910000000000002,5486125454.471453,-111400200086.92873,61471.14617823029,7228417100504.81,32169435543.501415,64.52288029450791,5401774448.242126,-111393466522.61575,61575.216010359945
1183,0.0005915000000000001,2062045101.9557734,-111451821837.72424,61462.31160790115,9262410202578.197,18165142699.032406,71.58340167672198,1969066090.6625037,-111442867383.03682,61575.216010359945
1184,0.0005920000000000001,-1364059711.2627323,-111398274471.40442,61463.19915246461,11760822011778.902,14412319296.000362,79.17172269284633,-1461539374.2377353,-111386673217.96924,61575.216010359945
1185,0.0005925,-4795961710.881998,-111239038459.554,61484.96143831713,14291637167653.637,31636431597.93054,85.40233833605824,-4886842628.217801,-111224943785.17873,61575.216010359945
1186,0.0005930000000000001,-8238198845.329432,-110972949953.38011,61538.58963563668,15783836685555.957,77411198875.27832,86.978338979292,-8303595490.939236,-110958005443.92497,61575.216010359945
1187,0.0005935000000000002,-11679252809.573418,-110599583579.71056,61604.52654519752,15181029576752.576,140988656366.96182,81.96552867592472,-11708508712.228258,-110586255841.01018,61575.216010359945
1188,0.0005940000000000001,-15108561105.754618,-110119330539.62592,61668.71215815769,12772740281841.688,196168856441.79694,72.98554559758722,-15098423659.221579,-110110148800.52646,61575.216010359945
1189,0.0005945000000000001,-18505916773.84701,-109535055521.14397,61703.37991036195,9862906753962.56,228067565429.3702,64.4185579602025,-18470132763.875496,-109530202655.44586,61575.216010359945
1190,0.0005950000000000002,-21868841505.708946,-108848487126.7018,61712.98638362145,7364048582726.609,240069273049.9484,58.29604720801442,-21820517011.429974,-108847147474.3425,61575.216010359945
1191,0.0005955000000000001,-25199363362.21461,-108060450065.11313,61707.966427110885,5499943968870.179,241110216322.17584,54.46408976763727,-25146314283.03487,-108061757593.95998,61575.216010359945
1192,0.0005960000000000001,-28495320757.536293,-107172295635.70036,61689.58687268652,4178454709014.2,237963323639.37613,52.098717809216254,-28444490813.974606,-107174854552.62541,61575.216010359945
1193,0.0005965000000000001,-31761806468.451176,-106183383180.7674,61674.42150572467,3250083576292.8657,234399311502.40796,50.43995783104364,-31711983490.262222,-106187324470.78404,61575.216010359945
1194,0.0005970000000000001,-34991029323.54928,-105096100116.60008,61651.1562880235,2590455782702.9116,232171180993.40796,48.95504964394269,-34945592538.55729,-105100378279.61333,61575.216010359945
1195,0.0005975000000000002,-38183590141.63081,-103910715850.1418,61629.122061900765,2111262890585.2842,231794264064.70306,47.33649257734953,-38142378348.165596,-103915081470.4597,61575.216010359945
1196,0.0005980000000000001,-41335174339.172264,-102628959232.10675,61604.76537457858,1753053946971.4653,233084230628.45023,45.46678770862892,-41299344959.74946,-102632696009.09483,61575.216010359945
1197,0.0005985000000000001,-44446506536.526764,-101250787212.14671,61590.66336029644,1476892350376.6685,235497047499.0029,43.37281932685544,-44413607472.473335,-101254602477.09251,61575.216010359945
1198,0.000599,-47510939340.34586,-99779017738.41176,61573.58652705185,1257747272570.82,238424129390.70294,41.166256295431545,-47482160100.10223,-99782075937.80511,61575.216010359945
1199,0.0005995000000000002,-50528374060.700745,-98213963059.28998,61564.373088268025,1079790459679.547,241367290752.85205,38.98354983261503,-50502201940.981125,-98216746712.39064,61575.216010359945
1200,0.0006000000000000002,-53492597137.285645,-96558831955.93274,61548.66939743863,932915240122.4055,244047606081.648,36.93873691797157,-53470962606.911156,-96560119764.7995,61575.216010359945
1201,0.0006005000000000001,-56405104581.30661,-94813124499.58806,61545.21834791474,810453267647.7479,246376472164.74002,35.10198415953188,-56385684413.42718,-94813847028.64842,61575.216010359945
1202,0.0006010000000000001,-59261592320.269936,-92979281100.13956,61545.55052137132,707655222151.1559,248411502534.60022,33.498087555235664,-59243543532.65153,-92979725438.52388,61575.216010359945
1203,0.0006015000000000001,-62058766637.37953,-91059472008.68604,61546.16017237114,620910385844.7246,250260447664.9094,32.11877053749082,-62041985280.21698,-91059690200.8081,61575.216010359945
1204,0.0006020000000000001,-64793237011.600174,-89056174222.27594,61542.99144555385,547322081861.42773,252029954827.3002,30.937291353846966,-64778384079.56851,-89055567445.88232,61575.216010359945
1205,0.0006025000000000001,-67464684502.08505,-86969835888.45844,61547.91751092546,484508457992.2352,253795283529.2413,29.920548949338684,-67450215400.85523,-86969327397.79181,61575.216010359945
1206,0.0006030000000000001,-70068318750.75166,-84804178260.64767,61547.23226202584,430490586310.44666,255598256096.9431,29.03657499634307,-70055168069.65508,-84803082410.789,61575.216010359945
1207,0.0006035000000000001,-72604167973.44989,-82559415460.86392,61555.49342285698,383663283252.9728,257440803624.29523,28.25879999231198,-72590706047.35838,-82558959833.3749,61575.216010359945
1208,0.0006040000000000002,-75067722985.76038,-80239490050.3994,61558.512313421146,342724946356.5331,259310242561.9984,27.56657454068022,-75054560598.98846,-80239132421.87897,61575.216010359945
1209,0.0006045000000000001,-77457445161.50032,-77846100992.8187,61561.55772499631,306654240277.2787,261178561240.52548,26.944885692623167,-77444440903.90952,-77846006971.62486,61575.216010359945
1210,0.0006050000000000001,-79770306232.32394,-75382451932.30353,61559.08267223167,274647687789.021,263020682955.72705,26.382811820655757,-79758162477.56396,-75381857078.53687,61575.216010359945
1211,0.0006055,-82005520167.29292,-72849666804.11636,61560.949838853616,246080674788.886,264814454750.29767,25.87231768119491,-81993667781.72972,-72849081172.51634,61575.216010359945
1212,0.0006060000000000002,-84159891614.1775,-70251462853.2358,61558.06930249742,220457637029.8609,266546843752.81454,25.407083035038948,-84148930094.20268,-70250185988.65346,61575.216010359945
1213,0.0006065000000000002,-86233127953.24593,-67588467277.406944,61563.74041516036,197390385589.9946,268206570540.59082,24.982070431120498,-86221949252.15945,-67587711611.898834,61575.216010359945
1214,0.0006070000000000001,-88221812127.7329,-64865055305.51679,61564.39267073812,176560922125.3111,269789764358.77594,24.592952976038706,-88210881943.0586,-64864217862.58777,61575.216010359945
1215,0.0006075000000000001,-90124848102.99994,-62083029205.48311,61566.66815448641,157715943978.65854,271290508501.19016,24.236170842422172,-90113952714.09787,-62082405401.32385,61575.216010359945
1216,0.0006080000000000001,-91940485368.9485,-59245098337.67961,61570.00050781362,140643217431.89322,272706718325.36035,23.90865349569347,-91929492485.57573,-59244983799.102745,61575.216010359945
1217,0.0006085000000000001,-93666564851.53134,-56354821461.22512,61569.209427590664,125164637391.58466,274036705252.48868,23.607780206202047,-93655799608.64885,-56354694202.373146,61575.216010359945
1218,0.0006090000000000002,-95302203091.70927,-53414005066.0433,61571.432728961765,111130576627.6119,275278297728.13684,23.331360666241945,-95291409406.72128,-53414328262.56645,61575.216010359945
1219,0.0006095000000000001,-96845252038.42325,-50426679892.18601,61568.748123838035,98410089192.28249,276431372765.07733,23.077484499865637,-96834823024.75125,-50426738667.32594,61575.216010359945
1220,0.0006100000000000001,-98294860911.15297,-47394904488.17739,61567.50704807028,86892201175.61742,277494360078.9534,22.84456397579252,-98284722783.7935,-47394774649.91691,61575.216010359945
1221,0.0006105000000000001,-99649988846.98543,-44321084607.43191,61570.284098594064,76478505463.43654,278467349454.8303,22.631204335357598,-99639812555.63885,-44321365958.202835,61575.216010359945
1222,0.0006110000000000001,-100908798781.00343,-41209557178.72304,61567.87400916126,67082571174.13517,279350519698.506,22.436184893854705,-100898929913.68686,-41209507090.72589,61575.216010359945
1223,0.0006115000000000001,-102070842615.9152,-38061915789.390114,61569.91810063839,58631216088.877914,280142666646.11865,22.258496893156465,-102060946402.25266,-38062104944.834915,61575.216010359945
1224,0.000612,-103134796239.8747,-34881917383.70656,61570.835572480675,51058507965.27184,280844334560.8955,22.097223435612015,-103124895528.0422,-34882307795.60816,61575.216010359945
1225,0.0006125000000000002,-104099701325.32886,-31672841040.526737,61569.66308743092,44308236954.54836,281455061644.2414,21.95158208407126,-104089977494.13313,-31673066656.801003,61575.216010359945
1226,0.0006130000000000002,-104964879223.69545,-28437456906.206722,61568.77565542841,38331736512.984856,281974524516.7577,21.820894247426484,-104955270729.90442,-28437564765.61237,61575.216010359945
1227,0.0006135000000000001,-105729602124.76419,-25178952260.619358,61567.571934081556,33086488596.504547,282402749643.78296,21.70455574828178,-105720140951.01613,-25178778991.264553,61575.216010359945
1228,0.0006140000000000001,-106393404416.71068,-21899842309.571552,61569.52939210307,28536004817.778053,282739594056.5423,21.60203880270903,-106384006204.10423,-21899868299.37281,61575.216010359945
1229,0.0006145000000000001,-106955590700.91753,-18603948725.12389,61569.77415685478,24648781207.039394,282985045504.56903,21.512877693962093,-106946165916.55655,-18603968127.60716,61575.216010359945
1230,0.0006150000000000001,-107415749156.64377,-15294517675.643112,61568.24723837491,21398803232.01758,283138577568.1588,21.43668425410201,-107406433199.48535,-15294260323.890938,61575.216010359945
1231,0.0006155000000000002,-107773701230.90756,-11973835807.241686,61570.34678360388,18764359757.546467,283199783830.77814,21.373128096540004,-107764422125.7479,-11973901321.812717,61575.216010359945
1232,0.0006160000000000001,-108029071933.6015,-8646072654.139256,61569.28874387713,16727400335.072567,283168438125.65466,21.32192213458608,-108019892839.2899,-8645972871.226683,61575.216010359945
1233,0.0006165000000000001,-108181842513.65071,-5313459363.203752,61571.253959116686,15274113297.23352,283043862438.55383,21.28283878484081,-108172622566.776,-5313671490.975923,61575.216010359945
1234,0.0006170000000000001,-108231894861.43256,-1980434318.3039773,61568.166280410456,14393909405.588543,282825556867.4324,21.25569194098539,-108222671178.48795,-1980162800.21276,61575.216010359945
1235,0.0006175000000000001,-108179382564.19208,1351254270.843295,61569.4766421456,14079771560.739424,282512742080.3636,21.240344815060592,-108170180323.85153,1351433175.281663,61575.216010359945
1236,0.0006180000000000001,-108024423988.81795,4678024567.104801,61571.45243150813,14327746977.483185,282104697182.194,21.236699642803313,-108015199004.11821,4677913280.872054,61575.216010359945
1237,0.0006185,-107767344777.29744,7995362621.374279,61566.19812367791,15137233605.525274,281600444357.69934,21.244704172732085,-107758062145.22656,7996129436.723347,61575.216010359945
1238,0.0006190000000000002,-107408400803.69347,11302618750.306402,61569.87840455837,16510448835.271824,280999071152.339,21.264341949860622,-107399081410.88985,11302934606.227032,61575.216010359945
1239,0.0006195000000000002,-106948134132.38426,14594886619.5203,61569.73537853464,18453356310.60149,280299217374.6712,21.29564687271959,-106938741687.69403,14595233864.455845,61575.216010359945
1240,0.0006200000000000001,-106387000937.47694,17870019530.417038,61572.32861718716,20974716450.99578,279499684468.3752,21.338686954762505,-106377650220.20988,17869946155.23568,61575.216010359945
1241,0.0006205000000000001,-105725871602.42375,21123456765.74892,61568.445833764825,24087020438.26148,278598890361.19403,21.3935770271065,-105716359985.66486,21123952709.9273,61575.216010359945
1242,0.0006210000000000001,-104965288971.63089,24353536173.348618,61567.949310651245,27805394676.635807,277595595129.4124,21.460457493279012,-104955648160.21556,24354158636.86332,61575.216010359945
1243,0.0006215000000000001,-104105999628.19972,27557417402.571167,61570.95679175393,32149554173.179913,276487772522.99695,21.539527748177527,-104096459728.47726,27557640257.5385,61575.216010359945
1244,0.0006220000000000002,-103149039016.92122,30731493306.276443,61573.00008239298,37143468125.97255,275273209558.9916,21.631040640771555,-103139492131.37668,30731264564.710564,61575.216010359945
1245,0.0006225000000000001,-102095577863.32903,33872312581.92563,61571.59405455721,42814921868.26022,273949885097.59924,21.73528522873821,-102085969803.74416,33872087038.34453,61575.216010359945
1246,0.0006230000000000001,-100946569794.52643,36977536512.358475,61571.210629567024,49195882654.33803,272515766588.52325,21.85258684486241,-100936908092.47849,36977286370.423225,61575.216010359945
1247,0.0006235000000000001,-99703344502.3116,40043890535.22701,61569.357185120556,56324197055.173294,270968076982.887,21.983337410761855,-99693502217.48756,40043864658.982666,61575.216010359945
1248,0.0006240000000000001,-98366857229.2059,43069376811.65201,61571.54475465145,64243046918.41679,269304116046.95935,22.127980278283957,-98357053546.19507,43068961221.38388,61575.216010359945
1249,0.0006245000000000001,-96938882292.69794,46050144824.46005,61570.515554722544,73003369668.28128,267520217262.11334,22.287045108367835,-96928890876.26399,46049783765.04554,61575.216010359945
1250,0.0006250000000000001,-95420703428.3845,48983879937.97765,61569.89724598528,82661848102.77875,265613498851.98007,22.461098735281414,-95410569292.40178,48983500665.95936,61575.216010359945
1251,0.0006255000000000002,-93813752750.89583,51868058754.78557,61570.8034445395,93284240499.09601,263580091321.67786,22.650791970845034,-93803602126.08334,51867524154.497826,61575.216010359945
1252,0.0006260000000000001,-92120462469.19354,54698544167.94335,61563.83846772014,104946228914.1046,261415620565.72406,22.856868572176346,-92109545794.56786,54699045332.395294,61575.216010359945
1253,0.0006265000000000001,-90341749293.89604,57474262611.40996,61560.56518535129,117731364789.90704,259116926797.71927,23.08010330799992,-90330146500.38885,57475420109.17303,61575.216010359945
1254,0.0006270000000000001,-88479291919.19386,60192748415.094666,61560.615132893225,131739167138.33156,256678038081.12613,23.321435394764585,-88467212574.70137,60194152351.407104,61575.216010359945
1255,0.0006275000000000001,-86534326032.73567,62852305456.74224,61568.34395275498,147084222396.55173,254092875655.50363,23.581936648122213,-86522585941.89438,62852758646.74832,61575.216010359945
1256,0.0006280000000000001,-84509976660.63512,65448657217.70093,61570.212295356585,163900641769.83783,251354090056.43503,23.862847173203022,-84498175730.85739,65448748130.44469,61575.216010359945
1257,0.0006285000000000002,-82408191380.94167,67979605902.52168,61568.91488604634,182337573366.13162,248456847799.60422,24.16544464281765,-82396084978.60063,67979757374.552795,61575.216010359945
1258,0.0006290000000000001,-80230474704.81377,70443584182.24365,61570.199096984266,202568171206.2573,245394379544.04868,24.491162615598007,-80218333144.38756,70443396540.00256,61575.216010359945
1259,0.0006295000000000001,-77978998276.06976,72838247680.01663,61572.91350745026,224796379859.10147,242157526530.2231,24.841686544405665,-77967047176.84901,72837474072.56116,61575.216010359945
1260,0.0006300000000000001,-75656889706.78061,75160411372.81795,61569.95202412586,249259968681.05664,238736761667.2889,25.21893383443455,-75644505350.95573,75159851844.6007,61575.216010359945
1261,0.0006305000000000001,-73266187437.39624,77408330949.94707,61565.08282020975,276233308827.53,235123501144.29004,25.62499728591376,-73252881773.53029,77408288838.51607,61575.216010359945
1262,0.000631,-70808943896.33217,79580301886.46672,61561.002014447746,306040958172.92847,231306453855.95715,26.062283974289425,-70794569130.84286,79580834497.19809,61575.216010359945
1263,0.0006315000000000001,-68287224481.47899,81674659480.00006,61559.65897983532,339068869219.91077,227272141207.89676,26.533594279325545,-68272039846.28561,81675380724.33812,61575.216010359945
1264,0.0006320000000000002,-65703578050.872536,83689395112.23555,61559.6269423147,375778457382.4608,223005055900.97546,27.042186074714834,-65687717882.69079,83690166953.73853,61575.216010359945
1265,0.0006325000000000001,-63060606237.99044,85622603405.13866,61559.98274720848,416721967395.74786,218488506419.467,27.591805010606322,-63044119099.1515,85623348994.87268,61575.216010359945
1266,0.0006330000000000001,-60360150875.873055,87473059100.66946,61564.673487593005,462564624871.0999,213703858696.15686,28.18677268743359,-60343805998.29235,87473167775.9342,61575.216010359945
1267,0.0006335000000000001,-57606085236.38567,89238155109.00565,61565.50313438178,514118296457.1246,208628176384.55276,28.83219590798421,-57589459192.64509,89237991634.81355,61575.216010359945
1268,0.0006340000000000001,-54800138685.76953,90916975527.62631,61568.55596946354,572368882038.2341,203238751941.30057,29.533943473859914,-54783648843.15234,90916212950.52531,61575.216010359945
1269,0.0006345000000000002,-51946209493.438705,92507277809.08533,61567.215728235664,638538298813.2748,197505924124.394,30.299042756935968,-51929187508.500244,92506359998.57886,61575.216010359945
1270,0.0006350000000000001,-49047661486.809456,94007421001.93106,61559.94356530725,714140364572.7988,191398488333.6807,31.13577190903567,-49028810427.21251,94007028108.10106,61575.216010359945
1271,0.0006355000000000001,-46105144065.543175,95417331096.15794,61558.52052034815,801073005896.5707,184880011388.586,32.05402062861975,-46085282775.22014,95416857483.72903,61575.216010359945
1272,0.0006360000000000001,-43122137507.32872,96735369455.43909,61558.37845375576,901763484762.5748,177901198179.05148,33.066087309607354,-43101493695.02495,96734686586.86412,61575.216010359945
1273,0.0006365000000000001,-40102596078.44005,97959902728.55887,61554.520735778184,1019329561347.5242,170407752436.92126,34.18706398511535,-40080265716.50774,97959319061.1971,61575.216010359945
1274,0.0006370000000000001,-37047647627.39034,99090676625.81572,61555.33081005161,1157818621867.9807,162338390134.3706,35.43552495385646,-37024552139.28445,99089769256.10742,61575.216010359945
1275,0.0006375,-33962163333.194786,100125929726.54202,61551.84189046547,1322581073516.1313,153614735836.50012,36.835011692005786,-33937222563.642372,100124944896.70213,61575.216010359945
1276,0.0006380000000000001,-30848352047.861553,101065146190.97932,61548.09960675221,1520752554333.2554,144150452203.20285,38.4152597469519,-30821284570.56393,101064086051.21924,61575.216010359945
1277,0.0006385000000000002,-27708334688.602486,101907826144.38358,61547.3322673925,1762015786471.2578,133840543125.25931,40.21465315265955,-27679745338.762775,101906355663.02954,61575.216010359945
1278,0.0006390000000000001,-24547633914.656967,102652565369.49033,61539.95040625982,2059714923470.3572,122561833954.20676,42.283476049581665,-24515557786.899677,102651139582.09932,61575.216010359945
1279,0.0006395000000000001,-21367136549.19176,103299451643.38274,61534.843695938485,2432463982301.5073,110186067753.81569,44.68774608616284,-21331774886.94038,103297746810.67894,61575.216010359945
1280,0.00064,-18170109938.85365,103847915489.88501,61530.70905619144,2906626604155.78,96579122976.34982,47.515474218034264,-18131465568.537357,103845755304.51035,61575.216010359945
1281,0.0006405000000000001,-14960849794.9479,104297341730.22523,61523.47083912672,3519824680937.2744,81646820231.41899,50.88347628633604,-14917659018.3059,104294714361.36142,61575.216010359945
1282,0.0006410000000000002,-11742061336.40736,104647584545.49738,61514.906256016475,4325572729189.637,65429168729.130325,54.94303094245453,-11693380418.893522,104644332208.88329,61575.216010359945
1283,0.0006415000000000001,-8516897970.802986,104898494259.67613,61505.022133280145,5397919265202.89,48310963719.48472,59.87649108713726,-8461715796.197126,104894366684.46674,61575.216010359945
1284,0.0006420000000000001,-5286590876.816217,105050185142.56601,61499.04714158466,6830346073591.011,31503035424.197544,65.85792936504716,-5225795969.941597,105044737095.22063,61575.216010359945
1285,0.0006425000000000001,-2055267754.3701847,105102442626.07774,61492.87146592833,8709473817536.894,18003773221.99543,72.90754697225803,-1988550673.3440564,105095312674.3376,61575.216010359945
1286,0.0006430000000000001,1177152529.5923429,105055334391.82982,61493.35273114028,11013539433892.771,14076200194.914015,80.49896174065995,1246797164.7735157,105046325879.22647,61575.216010359945
1287,0.0006435000000000001,4413286365.2567835,104908568826.14185,61510.86996676775,13373680843460.809,29629707836.462982,86.86764675367878,4477250920.5311575,104897829047.45189,61575.216010359945
1288,0.0006440000000000001,7651937870.22276,104661599873.71075,61546.4619715976,14857890216241.234,72178150887.70457,88.86458414674146,7699742785.032896,104650158002.45508,61575.216010359945
1289,0.0006445000000000001,10887360507.459953,104314111885.59729,61592.16615264886,14478547950290.77,133084006373.67195,84.39162026284357,10911218961.206081,104303545743.32494,61575.216010359945
1290,0.0006450000000000002,14113035849.042585,103866253297.51575,61640.48930301513,12371939949234.855,188190621799.66257,75.61688693817001,14108666443.019445,103858512312.96152,61575.216010359945
1291,0.0006455000000000001,17312891459.860344,103320161386.69539,61668.66636857472,9674904861371.598,221741253047.79724,66.83548674208558,17289110045.11567,103315614861.6951,61575.216010359945
1292,0.0006460000000000001,20485180916.442074,102676982685.16899,61681.318846839,7282397282620.873,235451747770.57797,60.343639816410736,20449454271.24789,102675489627.3333,61575.216010359945
1293,0.0006465,23624792601.740067,101938561231.34853,61675.28127431495,5462277833419.655,237588814617.32727,56.19103801717829,23586811566.597874,101938752010.61009,61575.216010359945
1294,0.0006470000000000001,26736701078.352097,101104663325.85332,61666.040003128546,4156759206023.499,234905959067.5608,53.62017153600387,26698219197.600185,101106201017.01569,61575.216010359945
1295,0.0006475000000000002,29818856804.773865,100176114002.31935,61655.1316132258,3233199947656.7593,231352317706.16382,51.868251426567035,29780809233.084328,100178832608.70148,61575.216010359945
1296,0.0006480000000000001,32868255695.071167,99154023832.58437,61642.03800296361,2574611155048.961,228843757047.75806,50.37806129572431,32831642238.832508,99157621203.6798,61575.216010359945
1297,0.0006485000000000001,35880667919.86741,98040039430.09312,61622.778218919404,2095672792898.124,228057424197.07852,48.80879852310486,35847791540.184944,98043598618.46152,61575.216010359945
1298,0.0006490000000000002,38856681580.37137,96834307372.8746,61607.62937983082,1738070674890.416,228933408762.50803,47.007574711109065,38826520696.41447,96837962660.43253,61575.216010359945
1299,0.0006495000000000001,41791334366.902534,95538863791.73767,61589.68909069109,1463047524693.997,231027300631.51276,44.96891992331639,41765109152.46972,95541960150.62065,61575.216010359945
1300,0.0006500000000000001,44684147383.03192,94154169666.40698,61577.46931155928,1245411058191.0173,233759675307.0692,42.783779567224485,44660712633.6086,94156893752.96321,61575.216010359945
1301,0.0006505000000000001,47531323224.87078,92682050364.57538,61566.640484234034,1069009551909.9052,236629336858.40256,40.58149194965601,47510671462.58787,92684254134.99225,61575.216010359945
1302,0.0006510000000000001,50330366564.7737,91123926009.0183,61557.80772246132,923511401864.6598,239309275961.34903,38.48189668164469,50312254393.67811,91125428794.559,61575.216010359945
1303,0.0006515000000000002,53079394273.68896,89480951779.3633,61553.965014148904,802123224168.3594,241666276643.05545,36.567437176010465,53062994945.807014,89482052210.93028,61575.216010359945
1304,0.0006520000000000001,55775211680.09044,87755067473.16109,61551.64442749327,700108678672.5883,243713927427.4617,34.876647275633694,55760285551.895424,87755796089.50456,61575.216010359945
1305,0.0006525000000000001,58415498206.55691,85947863911.00743,61551.50795890329,613927629255.921,245540034572.54013,33.41213973171135,58401668018.540665,85948342607.9577,61575.216010359945
1306,0.000653,60998213539.3296,84060815546.44939,61555.34020342431,540765946527.77576,247250444835.8147,32.15375287344834,60984636641.414406,84061503556.9301,61575.216010359945
1307,0.0006535000000000001,63519306706.070206,82096940143.43726,61553.78781302115,478307257247.76404,248931901740.47403,31.070987769004965,63506882337.73207,82097170159.87895,61575.216010359945
1308,0.0006540000000000002,65977804790.12405,80057245304.8163,61555.011768186116,424637953986.0163,250632566750.13483,30.132173812228196,65966017485.85173,80057320904.9019,61575.216010359945
1309,0.0006545000000000001,68371077936.28372,77943996865.31479,61556.48888445735,378173494383.60803,252371425901.47308,29.30917661928691,68359818042.02191,77943965044.93149,61575.216010359945
1310,0.0006550000000000001,70696778207.59438,75759408039.77423,61557.24735468476,337626717795.1855,254141255286.52283,28.579469578241252,70686074805.25003,75759143948.05093,61575.216010359945
1311,0.0006555000000000002,72952945605.44511,73505482503.88936,61558.46246459646,301967554983.56665,255921264912.69632,27.926096740147184,72942778160.31897,73505119629.3609,61575.216010359945
1312,0.0006560000000000001,75137416529.46165,71184525823.81842,61559.37387456443,270380452170.20062,257687376255.03958,27.336630811920656,75127746552.01326,71184013764.74864,61575.216010359945
1313,0.0006565000000000001,77248344759.88995,68798661212.50206,61561.04364602789,242225065999.07056,259417409785.9123,26.801949001320995,77239042965.1697,68798118220.9792,61575.216010359945
1314,0.0006570000000000001,79283696840.64973,66350331259.91457,61562.521130679976,216997888984.7157,261094394273.8374,26.3151313589684,79274649176.76944,66349758100.40659,61575.216010359945
1315,0.0006575000000000001,81242007244.61519,63841457405.37465,61566.83238863634,194301541612.22968,262706151053.00037,25.870708195680272,81232867491.1403,63841319944.815346,61575.216010359945
1316,0.0006580000000000002,83120654773.051,61275507598.092384,61566.6178325046,173817155155.49265,264245428290.44113,25.46414199896093,83111823711.00447,61275260974.658676,61575.216010359945
1317,0.0006585000000000001,84918674013.33363,58654080372.45007,61568.826904274756,155289600914.24908,265705956515.96112,25.091660940044562,84909864484.36444,58654119905.925674,61575.216010359945
1318,0.0006590000000000001,86634013953.57086,55980301034.991356,61569.126614077446,138506196457.47723,267085441008.83856,24.749985751106223,86625372637.01431,55980409790.441124,61575.216010359945
1319,0.0006595,88265047049.63858,53256966900.03907,61566.82169697101,123290843967.09431,268381313818.55923,24.43633240332011,88256865560.76408,53256645931.02265,61575.216010359945
1320,0.0006600000000000002,89811026797.40062,50485604052.68452,61569.49264582661,109494713819.35205,269591748415.7946,24.148332846475054,89802825494.79199,50485627363.54248,61575.216010359945
1321,0.0006605000000000002,91269974464.26982,47669851935.01885,61569.8198226944,96987956452.14713,270716688851.32938,23.883915364725965,91261850296.53635,47669913000.912636,61575.216010359945
1322,0.0006610000000000001,92640668850.81198,44812375165.014885,61568.82260900953,85660790530.22823,271754490688.011,23.641358819309136,92632810873.34297,44812216799.07292,61575.216010359945
1323,0.0006615000000000001,93922056573.6733,41915672735.41317,61568.438946184695,75417661262.01683,272704290280.24927,23.419195882260993,93914358768.25706,41915350681.11622,61575.216010359945
1324,0.0006620000000000002,95112971656.88339,38982645297.41061,61567.8276533,66174785582.631035,273565779383.85547,23.216152321274777,95105491564.41173,38982121403.12235,61575.216010359945
1325,0.0006625000000000001,96212526377.51329,36015781285.12387,61569.02621828436,57859223018.55354,274338556652.38495,23.031128308480476,96205137282.45262,36015362839.033585,61575.216010359945
1326,0.0006630000000000001,97219760183.02525,33017910836.215126,61571.5959559847,50406902339.9023,275022529499.31573,22.86316057303448,97212278575.14168,33017842024.394356,61575.216010359945
1327,0.0006635000000000001,98133572072.62515,29992595944.104862,61571.0819568844,43762156974.31598,275617444009.72644,22.7114132750359,98126149019.9729,29992489525.25858,61575.216010359945
1328,0.0006640000000000001,98953415061.67711,26942153590.36786,61571.808212085394,37877387328.80144,276122656437.0745,22.57517564649257,98946012326.03204,26942193566.14918,61575.216010359945
1329,0.0006645000000000002,99678544724.71373,23869721044.771023,61572.12671366647,32710652441.27152,276538184523.76245,22.453811689281036,99671173814.62035,23869883313.46473,61575.216010359945
1330,0.0006650000000000001,100308343260.38853,20778427837.960487,61571.035897291345,28226084202.31984,276863761881.2075,22.346768603351105,100301051593.0878,20778468580.21047,61575.216010359945
1331,0.0006655000000000001,100842372243.1256,17671090266.932186,61569.742262979045,24393118506.40449,277099052648.03156,22.25356901711029,100835176869.00688,17670932994.51483,61575.216010359945
1332,0.000666,101280317593.72551,14550213565.3242,61570.957847169986,21185737456.796844,277243803580.2053,22.1737976936994,101273147378.25438,14550252215.234125,61575.216010359945
1333,0.0006665000000000002,101621752969.46747,11419430404.771446,61570.11063281416,18582066452.996643,277297767940.5811,22.10709518995629,101614677883.33844,11419335872.925842,61575.216010359945
1334,0.0006670000000000002,101866598031.71751,8280662836.472243,61573.917454159244,16564622803.703316,277260328954.37823,22.05316777007027,101859466750.3367,8281256538.429497,61575.216010359945
1335,0.0006675000000000001,102014571467.48912,5138180122.136972,61573.55658380888,15119271461.297253,277131083912.60925,22.011767057792028,102007428380.21797,5138892279.389904,61575.216010359945
1336,0.0006680000000000001,102065661094.45055,1995960312.6844413,61564.5102624252,14235809799.812304,276909214183.08325,21.982703563798445,102058605775.41559,1995253684.35619,61575.216010359945
1337,0.0006685000000000001,102020092649.19916,-1146126739.6521277,61567.31533038837,13907068894.952686,276594041542.1694,21.965830432274593,102013007411.89241,-1146698896.2722929,61575.216010359945
1338,0.0006690000000000001,101877915672.21677,-4283107705.1374173,61566.91382129141,14128807859.136356,276184966469.3349,21.961036338225835,101870817970.59799,-4283905462.5425897,61575.216010359945
1339,0.0006695000000000002,101639373628.82533,-7412771806.45254,61568.62781066282,14900210137.457464,275680963366.2198,21.96826153709322,101632260943.67644,-7413442075.046831,61575.216010359945
1340,0.0006700000000000001,101304776828.76674,-10532079242.356537,61571.359316012065,16223583839.168732,275080935855.4531,21.987491084798805,101297668281.89107,-10532382896.49103,61575.216010359945
1341,0.0006705000000000001,100874599053.53293,-13637482364.862078,61571.29958736488,18104392726.837124,274383662024.24203,22.018753275738415,100867416554.56137,-13637739651.010494,61575.216010359945
1342,0.0006710000000000002,100349302279.98232,-16726652412.081951,61572.75100737954,20551009617.048054,273587939983.53226,22.062112999741927,100342143727.28296,-16726603433.790232,61575.216010359945
1343,0.0006715000000000001,99729530870.12212,-19796335124.97322,61573.2558521948,23575287060.445858,272692271290.28058,22.11768102009952,99722393587.70087,-19796137250.394367,61575.216010359945
1344,0.0006720000000000001,99015957018.08554,-22843797892.085125,61573.993180049125,27192311861.061676,271695121931.05045,22.185608712793133,99008835992.21591,-22843367818.538136,61575.216010359945
1345,0.0006725,98209506350.28004,-25865576305.710342,61571.333069006614,31420874480.93714,270594721083.6625,22.2660935912414,98202232678.6062,-25865478467.682697,61575.216010359945
1346,0.0006730000000000002,97310938466.97046,-28859435501.540073,61569.775825489036,36283129483.95927,269389392186.91293,22.35936953179597,97303564057.19841,-28859573746.85456,61575.216010359945
1347,0.0006735000000000002,96321062527.1224,-31823024564.40748,61571.71846310331,41805936375.23054,268076884817.86157,22.465729062901964,96313720457.13629,-31822887352.460335,61575.216010359945
1348,0.0006740000000000001,95240971362.75475,-34753267295.17031,61574.38656822273,48021268128.47591,266654544747.78262,22.5855293549222,95233766696.16719,-34752629773.101585,61575.216010359945
1349,0.0006745000000000001,94071914202.08177,-37647044631.07621,61575.29695400074,54965853926.19043,265119821664.74078,22.719175980642902,94064797854.58736,-37646091473.777626,61575.216010359945
1350,0.0006750000000000001,92814928230.75926,-40502115647.64088,61577.745972792014,62681533442.088684,263470179028.77005,22.8671192914232,92808045033.35172,-40500552786.48849,61575.216010359945
1351,0.0006755000000000001,91471925992.32509,-43314377503.69718,61572.455335110404,71217079508.27087,261702343696.59076,23.029884861503223,91464770973.46815,-43313395478.33743,61575.216010359945
1352,0.0006760000000000002,90043649557.37038,-46082771441.72665,61571.08654855283,80626047852.70712,259814012573.61093,23.20802233713657,90036400919.63788,-46081917304.78147,61575.216010359945
1353,0.0006765000000000001,88531964884.12857,-48803851401.34083,61567.10999546021,90972661611.08153,257800689279.85718,23.40220911817231,88524320421.6214,-48803617620.963295,61575.216010359945
1354,0.0006770000000000001,86937862220.48976,-51476141802.94401,61567.78794755756,102328737671.84756,255658761895.85715,23.613183726536494,86930107057.11768,-51475965981.7982,61575.216010359945
1355,0.0006775000000000002,85263367978.46863,-54096358007.941246,61566.76404752251,114778797211.36298,253382966383.6516,23.84181664985807,85255324057.60811,-54096439607.98098,61575.216010359945
1356,0.0006780000000000001,83509823103.0297,-56662642279.53282,61568.110218569076,128417795318.33829,250968933679.47513,24.089048185104264,83501672909.4708,-56662619650.9165,61575.216010359945
1357,0.0006785000000000001,81679214966.92894,-59172224066.29042,61568.635413169606,143356167148.00385,248410899785.06573,24.355953651721588,81670859662.11044,-59172168114.96751,61575.216010359945
1358,0.0006790000000000001,79773125722.15956,-61623127126.42591,61570.785986358955,159719837744.51254,245703265046.5735,24.643720308822964,79764837341.94739,-61622750240.550224,61575.216010359945
1359,0.0006795000000000002,77793781644.69054,-64012626083.84471,61571.04493396185,177655077367.0998,242839183158.78558,24.95370003952742,77785373830.34401,-64012164462.9741,61575.216010359945
1360,0.0006800000000000002,75743677231.39693,-66337933324.22134,61565.77139850217,197329610290.02707,239811951794.0729,25.28738757450014,75734468781.16774,-66338128286.59231,61575.216010359945
1361,0.0006805000000000001,73623534462.10052,-68598514155.47851,61567.1916841929,218936036368.0601,236614792049.8388,25.64642492041647,73614162241.8015,-68598626956.9993,61575.216010359945
1362,0.0006810000000000001,71435719357.28764,-70791869130.95598,61570.826740884935,242705172611.49146,233236659225.0845,26.032797077480613,71426555472.93602,-70791487002.25067,61575.216010359945
1363,0.0006815000000000001,69183529516.95152,-72914804152.36937,61567.686746701416,268905827295.10333,229667242240.86215,26.448742795540046,69173804297.6253,-72914748863.20363,61575.216010359945
1364,0.0006820000000000001,66867790422.982574,-74966815273.01653,61569.564464489944,297848632683.1053,225897622326.80008,26.896685193466983,66858085426.04886,-74966449792.92334,61575.216010359945
1365,0.0006825000000000002,64491843720.85384,-76945000249.15915,61567.717621353746,329907933574.5627,221913401203.21985,27.37951607482684,64481637258.3389,-76944776965.27953,61575.216010359945
1366,0.0006830000000000001,62057325961.60492,-78848208669.00833,61567.69975440383,365523490778.6706,217701770529.4359,27.90047327331675,62046830731.06884,-78847935365.93637,61575.216010359945
1367,0.0006835000000000001,59566728942.64527,-80674599060.02374,61568.20135281499,405225145360.2682,213245872905.81366,28.463349930965034,59556070278.72493,-80674122479.88702,61575.216010359945
1368,0.0006840000000000001,57023024149.27817,-82422123980.14166,61565.88236143929,449650567348.3656,208527293198.11954,29.072546427605626,57011726418.1689,-82421801400.77293,61575.216010359945
1369,0.0006845000000000001,54427882845.88317,-84089822009.13985,61566.11644831761,499570094301.9064,203526268017.7202,29.73313628878684,54416230384.740585,-84089421889.31456,61575.216010359945
1370,0.0006850000000000001,51784181976.331116,-85675930220.00432,61566.18272236382,555930005052.9745,198217593199.41547,30.451160513187993,51772202891.03064,-85675440662.59312,61575.216010359945
1371,0.0006855000000000001,49094690205.56226,-87178920390.62334,61565.058274869465,619894646291.1492,192573741025.80255,31.233742521577543,49082144465.22609,-87178464638.39029,61575.216010359945
1372,0.0006860000000000002,46361516438.400734,-88597761231.96242,61565.55035298324,692910290858.0768,186563140148.89407,32.089342461303005,46348639232.02836,-88597127849.1475,61575.216010359945
1373,0.0006865000000000002,43587963241.435974,-89930835925.42694,61564.011781309666,776795880700.176,180147464409.22363,33.02819027416557,43574365247.90609,-89930218087.9771,61575.216010359945
1374,0.0006870000000000001,40776624857.192,-91177065069.85274,61561.41234171529,873854040502.8531,173283859267.99673,34.062635468095166,40761975981.7575,-91176518657.1525,61575.216010359945
1375,0.0006875000000000001,37930566074.78567,-92335248320.59055,61556.49548928354,987037925167.6129,165921036021.4872,35.20782056352236,37914242335.7863,-92335002967.50557,61575.216010359945
1376,0.0006880000000000001,35050178446.2716,-93405391503.24738,61559.916071957545,1120177045160.6497,157999066840.76804,36.48248270463228,35033825108.70846,-93404697004.21777,61575.216010359945
1377,0.0006885000000000002,32142054199.909855,-94385013711.86205,61553.72481063032,1278327875052.0754,149440723976.72418,37.91046253002384,32123555961.778095,-94384640952.68501,61575.216010359945
1378,0.0006890000000000002,29205764061.244408,-95274575052.53667,61553.18644344305,1468195759511.319,140167457874.46954,39.521548943982985,29186163260.418518,-95273929432.39926,61575.216010359945
1379,0.0006895000000000001,26244951026.47687,-96072976900.59245,61553.679203451,1698870456418.383,130075935488.4478,41.35439262223898,26224432563.13886,-96071975281.18512,61575.216010359945
1380,0.0006900000000000001,23263962860.596455,-96779146134.56055,61549.44370501288,1982814677451.2017,119052250202.65419,43.45927985727228,23241263156.18329,-96778083745.46196,61575.216010359945
1381,0.0006905000000000001,20264094212.871937,-97393004727.80444,61547.091848564174,2337338623617.708,106976639184.74118,45.90204188685657,20239519754.78734,-97391706445.3469,61575.216010359945
1382,0.0006910000000000001,17249386820.55101,-97913812706.87018,61542.23771652716,2786817229870.7754,93728198259.70601,48.76992319584986,17222029098.150646,-97912250373.5219,61575.216010359945
1383,0.0006915000000000001,14221810658.959293,-98341421342.37115,61538.383296200474,3365783060547.615,79230531910.09781,52.177778496321515,14191725578.720497,-98339492609.65726,61575.216010359945
1384,0.0006920000000000001,11184926479.459747,-98675434155.30876,61533.21420092748,4122997389625.7607,63534031613.814445,56.273496832586105,11151435341.753696,-98673014449.7126,61575.216010359945
1385,0.0006925000000000002,8142265795.850657,-98915626230.20601,61525.09823041368,5125313898622.953,47024193518.627,61.233561004180885,8104062272.655723,-98912634479.52068,61575.216010359945
1386,0.0006930000000000001,5095665904.657677,-99062073934.00812,61517.55855896988,6456294539763.703,30863864063.73163,67.22422967180127,5052588011.148158,-99058264207.77577,61575.216010359945
1387,0.0006935000000000001,2047240090.221523,-99114785775.06819,61512.31525245423,8192835941598.014,17863828237.761223,74.26344419184196,1999754322.3535392,-99109834806.73668,61575.216010359945
1388,0.0006940000000000001,-1001632767.7681053,-99073776432.60515,61512.404383431865,10317820907144.42,13802326376.375189,81.8562845266475,-1051492569.3936621,-99067447469.76834,61575.216010359945
1389,0.0006945000000000001,-4051963880.673466,-98938818023.65233,61524.59646541844,12516343529714.566,27821511823.4379,88.35240705951313,-4098227000.964751,-98931274191.375,61575.216010359945
1390,0.0006950000000000002,-7101776415.996288,-98709650269.52141,61549.18272293315,13979134524515.49,67290713219.03674,90.75312690528546,-7137502381.542106,-98701522391.70969,61575.216010359945
1391,0.0006955000000000002,-10146703154.592892,-98386133057.89919,61581.23851835598,13791632821858.44,125440854876.45287,86.83209697424826,-10166572713.406809,-98378487735.53337,61575.216010359945
1392,0.0006960000000000001,-13180944888.459873,-97968545279.81612,61614.321814480725,11966126975476.637,180211608946.84415,78.31402066938139,-13182543081.062365,-97962568126.54807,61575.216010359945
1393,0.0006965000000000001,-16193743053.413557,-97458365240.15582,61634.13637879667,9479216999137.469,215259332332.90762,69.35775723958491,-16182590595.694729,-97454365737.81464,61575.216010359945
1394,0.0006970000000000001,-19182395571.14163,-96856623767.63629,61642.505596636,7196522658368.456,230678352591.25308,62.500762384242286,-19163769252.13162,-96854356733.6131,61575.216010359945
1395,0.0006975000000000001,-22143577994.64931,-96164581245.77856,61639.09621012375,5423572748536.073,233972343965.97952,58.010876580561096,-22123422185.57258,-96163290077.97543,61575.216010359945
1396,0.000698,-25080692474.685352,-95382033806.17868,61636.52528158224,4135741929990.548,231837378189.8072,55.210889409055746,-25058721975.448013,-95381906142.3988,61575.216010359945
1397,0.0006985000000000001,-27988432001.02481,-94510494357.16347,61628.96936841698,3217741285193.025,228366618465.89893,53.34313798318984,-27966852376.5612,-94510996155.92697,61575.216010359945
1398,0.0006990000000000002,-30867268802.274796,-93550134384.26538,61623.98379199438,2560377245249.1133,225631914806.1252,51.82965838462692,-30845177281.049126,-93551534023.50217,61575.216010359945
1399,0.0006995000000000001,-33712050671.511776,-92502701649.27354,61614.92913986575,2081579532280.3022,224463917057.30325,50.29897505376005,-33690946867.54083,-92504499921.80074,61575.216010359945
1400,0.0007000000000000001,-36520730443.01235,-91369221234.77727,61603.45169810112,1724290733246.6245,224932287084.60956,48.56378117084172,-36501547530.40889,-91370999432.86967,61575.216010359945
1401,0.0007005000000000001,-39292067109.923485,-90150406456.72697,61594.3484246996,1450104093641.2273,226683858487.0279,46.58644152423037,-39274345352.00091,-90152232299.11945,61575.216010359945
1402,0.0007010000000000001,-42022914343.03412,-88847710233.18341,61585.72580372225,1233697072898.5088,229195044156.82556,44.433767809206145,-42006739047.64237,-88849486247.30675,61575.216010359945
1403,0.0007015000000000002,-44710883765.3298,-87462402124.3136,61578.29280012233,1058664142909.0333,231961972310.3943,42.224480684883666,-44696152420.87893,-87464037527.72011,61575.216010359945
1404,0.0007020000000000001,-47352561359.28144,-85996363007.48018,61568.12856004628,914436656722.4545,234624713581.14822,40.08053897064062,-47340167750.68728,-85997295644.60863,61575.216010359945
1405,0.0007025000000000001,-49948424145.14944,-84449532674.44484,61568.63840545616,794094628348.7808,237001326478.14764,38.0949968195006,-49936258072.675224,-84450708637.47087,61575.216010359945
1406,0.0007030000000000002,-52493292513.956474,-82824885517.46397,61565.786282028064,692862842422.0142,239068752951.53543,36.319387568910315,-52482068167.8098,-82825888181.4393,61575.216010359945
1407,0.0007035000000000001,-54984744964.54438,-81124189969.89908,61559.51217986534,607247381487.1392,240886821456.4928,34.76800751311617,-54975234705.39275,-81124467666.29474,61575.216010359945
1408,0.0007040000000000001,-57422386482.89678,-79347924120.29594,61560.077515254576,534511567265.24677,242551570438.01245,33.428805774974805,-57413376366.84506,-79348133391.34247,61575.216010359945
1409,0.0007045000000000002,-59803277768.06493,-77498212041.56961,61562.95381448545,472405359971.561,244156885701.34824,32.2753175174223,-59794353006.924515,-77498652441.38765,61575.216010359945
1410,0.0007050000000000001,-62123806638.38564,-75577956847.721,61559.723611601716,419059377533.5198,245764794847.77725,31.27673108447377,-62115931395.81085,-75577852809.05956,61575.216010359945
1411,0.0007055000000000002,-64384295649.40793,-73587130816.1039,61565.86058795508,372928124666.3516,247401789360.65875,30.40418571031999,-64376000383.00178,-73587562138.52956,61575.216010359945
1412,0.0007060000000000001,-66580288006.69242,-71529613254.29362,61565.2311343049,332730591769.989,249074187234.20877,29.633295037683965,-66572422808.80935,-71529971347.9653,61575.216010359945
1413,0.0007065000000000001,-68710928881.375275,-69406477758.66534,61566.31146964311,297440754872.3291,250764326420.4659,28.945300790725717,-68703292638.408394,-69406910335.11363,61575.216010359945
1414,0.0007070000000000001,-70773735559.07672,-67220318054.42607,61565.1452078102,266234830533.59814,252451393478.30194,28.32616641834737,-70766599026.67819,-67220503118.078804,61575.216010359945
1415,0.0007075000000000001,-72767579087.31392,-64972522632.01221,61567.46715574091,238463222784.68903,254112660138.75125,27.76559156905517,-72760473952.46422,-64972874723.029045,61575.216010359945
1416,0.0007080000000000002,-74689467145.0244,-62666565274.534515,61563.777218247975,213610798759.30164,255730663437.0617,27.255809405447863,-74683051547.86163,-62666293253.19845,61575.216010359945
1417,0.0007085000000000001,-76539230549.04323,-60302930760.99418,61567.46697789891,191275080498.86664,257289740950.2394,26.790885330115362,-76532676771.39095,-60302937748.17674,61575.216010359945
1418,0.0007090000000000001,-78314121553.99983,-57885136558.824905,61568.4803681091,171129388172.33508,258782629325.52756,26.365893256600085,-78307705190.17136,-57885139653.354065,61575.216010359945
1419,0.0007095000000000002,-80012683327.53099,-55415399558.18181,61568.442534585745,152914456101.71835,260201928935.89993,25.97678568014298,-80006472741.57597,-55415308103.610634,61575.216010359945
1420,0.0007100000000000001,-81633832003.2373,-52895492836.61941,61571.65793388364,136417875343.79466,261543440255.37262,25.62011606832739,-81627504223.3849,-52895809898.62851,61575.216010359945
1421,0.0007105000000000001,-83175485496.34773,-50328764515.928764,61571.422857441896,121461838497.14761,262805246596.23877,25.292887869194413,-83169271953.44524,-50329041735.22297,61575.216010359945
1422,0.0007110000000000002,-84636644220.35193,-47717162789.28538,61572.11541995312,107899102054.36545,263984599687.6335,24.99257837048335,-84630479172.43791,-47717591486.4664,61575.216010359945
1423,0.0007115000000000001,-86015746949.76195,-45063676164.78915,61570.572079389305,95602948241.46764,265080455131.61948,24.71700629432664,-86009880378.14725,-45063900909.86813,61575.216010359945
1424,0.0007120000000000002,-87311738075.57703,-42370636939.435036,61568.88492372972,84465325858.94196,266091405323.4623,24.46432351991995,-87306116770.26923,-42370584895.13343,61575.216010359945
1425,0.0007125000000000001,-88523835214.15749,-39639914328.655846,61571.5969988857,74392030705.77643,267016776007.23856,24.232938676321375,-88518207881.20787,-39640166478.395615,61575.216010359945
1426,0.0007130000000000001,-89650499920.5577,-36875095901.10447,61571.53626638106,65299983301.96908,267856527473.23093,24.02146062822424,-89644932436.37334,-36875375660.98973,61575.216010359945
1427,0.0007135,-90690786357.64616,-34078878321.57663,61569.281107200586,57118432363.75099,268609444984.10696,23.82873060308725,-90685416329.76695,-34078828708.00222,61575.216010359945
1428,0.0007140000000000002,-91643992881.59784,-31253543712.87363,61567.93765267179,49785410407.70831,269274916572.57477,23.653749830477587,-91638795504.8285,-31253177126.443104,61575.216010359945
1429,0.0007145000000000002,-92509167732.82451,-28402242394.57466,61564.59007538722,43246188580.723114,269852885093.1989,23.495632900572215,-92504226116.52379,-28401077052.380905,61575.216010359945
1430,0.0007150000000000001,-93286152067.34523,-25525923312.724155,61570.575995214866,37453587358.64009,270342913075.1652,23.353615494278685,-93281028674.1006,-25525439730.620323,61575.216010359945
1431,0.0007155000000000001,-93973640077.42061,-22629376226.136818,61570.90933590562,32365086713.797382,270745544086.17923,23.226995069695516,-93968532007.17244,-22628896523.636223,61575.216010359945
1432,0.0007160000000000002,-94571360160.24426,-19714447715.763233,61572.75367360842,27946259510.522087,271059571554.12036,23.115209322324436,-94566167094.80385,-19714243355.945316,61575.216010359945
1433,0.0007165000000000001,-95078759922.15515,-16784242782.49627,61573.73566586938,24166722044.706623,271284819585.12314,23.017757172006398,-95073562106.62016,-16784224834.86958,61575.216010359945
1434,0.0007170000000000001,-95495392537.16331,-13842026318.87208,61571.29438253509,21001012307.38797,271420853386.52426,22.934207377390813,-95490274968.74072,-13841703062.757149,61575.216010359945
1435,0.0007175000000000001,-95821131764.03864,-10889739126.78759,61571.561780519674,18428005982.979397,271467155273.42548,22.864193718952304,-95816079911.91316,-10889430326.009855,61575.216010359945
1436,0.0007180000000000001,-96055723745.36288,-7930350604.2383795,61572.79406333949,16429946291.449173,271423491817.70966,22.807395144682566,-96050680231.75348,-7930237364.992763,61575.216010359945
1437,0.0007185000000000002,-96199000088.61478,-4967171985.678261,61571.73895503726,14992942787.483025,271289291265.1238,22.763549226187738,-96193926097.30275,-4966964631.989953,61575.216010359945
1438,0.0007190000000000001,-96250964947.55275,-2002930262.875062,61569.56375573654,14106640518.163055,271063824160.01248,22.732450303281862,-96245902241.00702,-2002386355.1736152,61575.216010359945
1439,0.0007195000000000001,-96211703019.82423,960562131.617736,61572.53384639491,13763779591.444374,270746400252.94388,22.713939066514733,-96206634725.28262,960748029.3192925,61575.216010359945
1440,0.00072,-96081301670.3163,3919711424.9757304,61574.481343417676,13960237839.358263,270336225843.79193,22.70790184146913,-96076259418.72398,3919541172.7322373,61575.216010359945
1441,0.0007205000000000002,-95860042344.36888,6870821406.210065,61570.337661705395,14695079383.424763,269832295772.11954,22.71427397766896,-95854919668.37646,6871214489.148574,61575.216010359945
1442,0.0007210000000000002,-95548205017.23643,9812547423.745243,61570.464206862125,15970082147.304094,269233683108.5583,22.733029324297952,-95543066401.50964,9812988540.404696,61575.216010359945
1443,0.0007215000000000001,-95146173337.68353,12741812040.546438,61571.84535772168,17790292981.384987,268539185105.6771,22.76418876664223,-95141040285.68666,12742078614.89042,61575.216010359945
1444,0.0007220000000000001,-94654506515.04982,15655210044.601393,61570.25159003681,20163877541.268795,267747465000.1327,22.807818897708778,-94649264930.53516,15655792112.006693,61575.216010359945
1445,0.0007225000000000002,-94073605233.36147,18551168816.122337,61573.58156480699,23101862220.470703,266857237388.59198,22.864023578500237,-94068335012.15428,18551231167.24761,61575.216010359945
1446,0.0007230000000000001,-93404336931.36711,21425602960.668682,61572.21672729868,26619258098.006737,265866663389.2026,22.93296432725392,-93398999894.84494,21425792677.44908,61575.216010359945
1447,0.0007235000000000002,-92647168035.78568,24277172878.11812,61575.739089786744,30733697852.2519,264774336977.76648,23.01483140778733,-92641917347.37053,24276760870.390354,61575.216010359945
1448,0.0007240000000000001,-91803292699.98514,27101573997.52819,61572.84326528299,35467619490.9824,263577981129.0236,23.109882093421064,-91798026136.19511,27101474464.731686,61575.216010359945
1449,0.0007245000000000001,-90873398258.34706,29897143091.268063,61571.302205738764,40846051878.112434,262276085888.32306,23.218395063201324,-90867986090.41037,29897250627.512203,61575.216010359945
1450,0.0007250000000000002,-89858336722.46877,32661606544.13905,61572.86481712095,46899394321.11376,260866176093.80148,23.340717625202505,-89852988511.82344,32661529801.577965,61575.216010359945
1451,0.0007255000000000001,-88759469376.11879,35391462329.70074,61570.97602981325,53663395395.830345,259345419689.8461,23.477267799535642,-88753950981.17992,35391616008.29371,61575.216010359945
1452,0.0007260000000000001,-87577531234.52823,38085262400.44239,61573.44867677485,61178062917.89091,257711533571.70547,23.628499012389252,-87572140170.2544,38085073801.182816,61575.216010359945
1453,0.0007265,-86314075275.72258,40739593817.01217,61573.448063779266,69491044647.2206,255960946236.83063,23.79495872408593,-86308659175.34552,40739316296.859276,61575.216010359945
1454,0.0007270000000000002,-84970537136.28844,43351759735.16307,61570.14802241073,78655458538.25983,254090805176.7285,23.97723944654447,-84964796817.33614,43351908080.40036,61575.216010359945
1455,0.0007275000000000002,-83547926650.73138,45920124060.6212,61569.453463114536,88731721673.8371,252097960888.7157,24.175995945634423,-83542005802.11777,45920363779.64839,61575.216010359945
1456,0.0007280000000000001,-82047944600.3811,48441783882.19585,61567.30519337651,99790579222.19891,249977935671.66837,24.39200134913023,-82041715265.12932,48442428627.323875,61575.216010359945
1457,0.0007285000000000001,-80471457908.32434,50915511445.5221,61571.35201373699,111911912959.61949,247726677824.92468,24.626107762782812,-80465443717.39975,50915637299.9378,61575.216010359945
1458,0.0007290000000000002,-78820947590.1174,53337464652.92881,61569.77765850264,125189872643.0041,245338325923.35303,24.87932284978309,-78814672100.70992,53337796296.265396,61575.216010359945
1459,0.0007295000000000001,-77097187940.93193,55706798709.02008,61573.30030112941,139728518697.2022,242808986053.49973,25.152696525098154,-77091105065.90569,55706596253.67891,61575.216010359945
1460,0.0007300000000000002,-75302420928.37877,58020488326.923355,61575.03666478867,155651388616.16205,240131756179.50958,25.44747509103728,-75296420453.53922,58019927025.395325,61575.216010359945
1461,0.0007305000000000001,-73438943388.36958,60275781123.3297,61571.078131277754,173098434798.9884,237300833101.3558,25.76501954817114,-73432541811.23724,60275614024.62597,61575.216010359945
1462,0.0007310000000000001,-71507502514.70303,62472049829.097824,61572.795757420216,192229440935.25256,234310434276.8451,26.10681070592594,-71501141233.13911,62471569158.25832,61575.216010359945
1463,0.0007315000000000002,-69510750014.68973,64606329682.4882,61572.17218904965,213235055672.3784,231151024866.41992,26.474627858814852,-69504298626.32788,64605821735.82679,61575.216010359945
1464,0.0007320000000000001,-67451105021.36746,66676246539.73124,61566.58989217587,236333930767.93295,227814643383.6668,26.87042955771542,-67443844486.42941,66676484540.60425,61575.216010359945
1465,0.0007325000000000001,-65329576527.34042,68681041862.631226,61565.31294586858,261780007222.3637,224292842214.3577,27.296384828639155,-65321883232.147156,68681485279.901596,61575.216010359945
1466,0.000733,-63148714519.07063,70618384284.43054,61563.61941854626,289877017073.73834,220573169695.24442,27.755067612388395,-63140423051.728546,70619085207.92026,61575.216010359945
1467,0.0007335000000000002,-60910156800.09098,72486965567.6847,61565.0212333198,320981665209.1385,216643652437.9732,28.24939054636541,-60901696761.16731,72487583526.74919,61575.216010359945
1468,0.0007340000000000002,-58616299902.59876,74284857820.33493,61567.12289014562,355520385506.48126,212489619635.0801,28.782733663542718,-58607750262.242874,74285255027.08215,61575.216010359945
1469,0.0007345000000000001,-56270114889.64707,76009850738.23593,61565.101157303965,394001808816.61005,208095532818.29852,29.358968592767788,-56260922356.881584,76010528014.9967,61575.216010359945
1470,0.0007350000000000001,-53872143479.14728,77661732767.67406,61570.68767843529,437033702211.09717,203445303589.23383,29.98249190633399,-53863480072.27176,77661702404.5049,61575.216010359945
1471,0.0007355000000000002,-51426667146.073074,79237539241.89445,61570.23110203227,485362271219.86554,198515624892.59616,30.658613595126504,-51417818271.80032,79237376821.18826,61575.216010359945
1472,0.0007360000000000001,-48935361280.903076,80736415695.4194,61569.43172129719,539887276170.08966,193286029345.81116,31.393375548477195,-48926194672.07071,80736233193.86082,61575.216010359945
1473,0.0007365000000000002,-46399897348.86998,82157476929.84595,61572.34803241388,601719616794.9983,187729556784.46524,32.19396297882089,-46391091098.25671,82156851460.93098,61575.216010359945
1474,0.0007370000000000001,-43823633930.40309,83498886237.05136,61573.21019715214,672243746600.3097,181813269534.6472,33.069052767169666,-43814831234.00376,83497988981.23897,61575.216010359945
1475,0.0007375000000000001,-41208798497.063675,84759629855.036,61573.88799940072,753189412128.8318,175502051108.80435,34.02898124257402,-41200117222.20675,84758389981.33179,61575.216010359945
1476,0.0007380000000000002,-38559320957.82168,85937943627.69113,61567.7429864039,846748068655.9069,168753536655.34103,35.08629124406917,-38549420191.09344,85937053177.16823,61575.216010359945
1477,0.0007385000000000001,-35876109729.37586,87033679033.76018,61564.24127339017,955713102079.0696,161521375609.16364,36.25616368686321,-35865123589.69539,87032963098.77824,61575.216010359945
1478,0.0007390000000000001,-33162473393.096188,88045571026.22235,61559.48773814218,1083713091069.0737,153745010189.6262,37.55759786686021,-33149961793.16208,88045120711.95946,61575.216010359945
1479,0.0007395000000000001,-30419785303.9623,88973253866.15327,61559.06719901104,1235501039578.143,145356165600.64377,39.01435278980338,-30406485490.392616,88972693275.42673,61575.216010359945
1480,0.0007400000000000002,-27651949814.06372,89815442703.4342,61556.660917844725,1417403682921.3784,136271396527.03262,40.656709590884766,-27637362413.203617,89814893907.45613,61575.216010359945
1481,0.0007405000000000002,-24861157159.00219,90571627170.97781,61554.59671944956,1637932375922.557,126398607614.97447,42.52333305430134,-24845220354.90648,90571048757.69856,61575.216010359945
1482,0.0007410000000000001,-22050996911.428413,91240951194.86534,61549.34857966549,1908713106044.5952,115631614121.93901,44.66437228609117,-22032732459.99381,91240424312.87163,61575.216010359945
1483,0.0007415000000000001,-19222617460.719837,91823331913.64204,61547.26293424036,2245820751432.1206,103858967659.67807,47.14531653934189,-19202595871.73781,91822606148.16689,61575.216010359945
1484,0.0007420000000000001,-16378547092.140158,92318293515.7092,61548.16709100552,2671764712095.5186,90971074282.63159,50.05255691356928,-16357526697.138872,92317152049.26035,61575.216010359945
1485,0.0007425000000000001,-13522259153.35154,92725265390.58894,61548.819067369295,3218246223026.868,76901586483.16284,53.499367169336566,-13500203079.99603,92723666136.88403,61575.216010359945
1486,0.0007430000000000002,-10657972861.420052,93043752184.94652,61544.49396540261,3929665432618.3735,61714935600.650635,57.63024211936948,-10633390410.028582,93041825326.27548,61575.216010359945
1487,0.0007435000000000001,-7787864450.786547,93273752968.40135,61537.94819040066,4866326372568.754,45798454452.71413,62.615682791679916,-7759826229.129451,93271411848.98691,61575.216010359945
1488,0.0007440000000000001,-4913432192.653768,93415340002.16495,61533.22812514136,6102887939928.536,30264966476.921673,68.61443986691731,-4882214976.868849,93412387589.58978,61575.216010359945
1489,0.0007445000000000002,-2037744582.5512812,93468404089.69019,61528.67178966465,7707626270518.0205,17745189041.8716,75.64271701555627,-2003230308.1341634,93464723111.31056,61575.216010359945
1490,0.0007450000000000001,838180600.0432221,93433028639.37856,61528.56862303779,9667261955452.96,13571036181.872633,83.23544928214548,874291998.4167987,93428372606.8665,61575.216010359945
1491,0.0007455000000000001,3713592770.725687,93309125836.70952,61536.338315218796,11713180895676.535,26168835854.883404,89.85024269964825,3747669897.6685038,93303573970.69221,61575.216010359945
1492,0.0007460000000000001,6589084010.821487,93096382480.36763,61557.54504472684,13144122233237.018,62707721957.03449,92.63857397185322,6614236963.626311,93090489896.17035,61575.216010359945
1493,0.0007465000000000002,9460293571.72261,92794680787.87407,61586.930667584944,13119815476479.857,118062518877.73512,89.27699499606179,9471187093.75791,92789439537.71245,61575.216010359945
1494,0.0007470000000000002,12318473408.439602,92404682335.51912,61611.6663287508,11554149536996.996,172275470279.9261,81.0617780019805,12315918039.502586,92400783326.31458,61575.216010359945
1495,0.0007475000000000001,15154062894.514277,91927953532.75249,61619.3540207474,9272814288016.07,208674773857.17633,71.97008016203118,15145719971.438747,91925038967.45583,61575.216010359945
1496,0.0007480000000000001,17972180216.130608,91364284464.32059,61626.77867809465,7102675661858.377,225787921587.39603,64.75498005210441,17957927348.528133,91362697455.90227,61575.216010359945
1497,0.0007485000000000001,20769478504.69922,90714436232.50093,61632.762622897746,5379966359937.99,230300392132.337,59.91218389752593,20749869050.187733,90714441352.85042,61575.216010359945
1498,0.0007490000000000002,23537626846.585896,89980550214.7119,61625.24850019656,4111712313252.3716,228796721510.75598,56.85911168935937,23518946038.949875,89981019367.65761,61575.216010359945
1499,0.0007495000000000002,26281592917.21548,89161945740.67844,61620.92988254511,3200407560743.039,225469175745.63837,54.85287192857943,26262565626.200054,89163130642.35905,61575.216010359945
1500,0.0007500000000000001,28996343142.56693,88260120245.33025,61613.717621899305,2544874877886.538,222558242070.2073,53.29772944338622,28978176388.26132,88261704232.70053,61575.216010359945
1501,0.0007505000000000001,31680121463.505257,87275878801.14972,61605.562351179455,2066546988529.984,221030908489.4918,51.794413370013416,31663149127.82627,87277581334.2605,61575.216010359945
1502,0.0007510000000000001,34330710444.70039,86210184703.45493,61597.39230773407,1709752144442.5344,221087227759.7235,50.12282860084626,34315073814.855034,86211936630.98294,61575.216010359945
1503,0.0007515000000000001,36946687348.268936,85063729289.71307,61593.02858778466,1436495195933.0288,222475528343.8847,48.21261661051923,36931441475.104614,85065889531.24245,61575.216010359945
1504,0.0007520000000000001,39521103239.814865,83839580565.3169,61575.482922126146,1221402578451.4175,224731905106.5608,46.104329641709136,39509845825.844154,83840558418.76294,61575.216010359945
1505,0.0007525000000000001,42057721577.35906,82536450714.98296,61570.154461278995,1047874183812.8287,227356806496.19037,43.902798329127634,42047736802.470436,82537144386.01949,61575.216010359945
1506,0.0007530000000000002,44552522330.803795,81156219867.71323,61569.50360768247,905083785447.7988,229976330565.49384,41.727953686557626,44542926052.17058,81156998336.82631,61575.216010359945
1507,0.0007535000000000002,47001690458.426285,79701010097.95038,61566.34730438739,785940473917.931,232368586576.17694,39.68041378501502,46993042975.92198,79701592261.1456,61575.216010359945
1508,0.0007540000000000001,49403894714.993866,78171793301.40794,61565.423261633645,685637135405.4407,234459210351.40308,37.824446473152264,49395787186.83929,78172321602.91216,61575.216010359945
1509,0.0007545000000000001,51755947638.11468,76570681497.71144,61561.58610967649,600699300696.8514,236282676985.8501,36.18644353532585,51748996483.62188,76570725689.47383,61575.216010359945
1510,0.0007550000000000001,54056730860.774155,74898625982.56337,61560.73297620588,528453230034.66327,237921282912.82657,34.76354743011286,54050468641.49923,74898431171.47617,61575.216010359945
1511,0.0007555000000000002,56303422627.12243,73157749918.01106,61558.59843270069,466724921735.4462,239466988982.8644,33.534865439966765,56298088322.97576,73157032723.2613,61575.216010359945
1512,0.0007560000000000002,58494517135.99213,71349375008.87312,61558.60318484754,413709000617.1859,240989530388.04962,32.4718609403461,58489763361.96814,71348362813.42941,61575.216010359945
1513,0.0007565000000000001,60627854734.20294,69475369412.02435,61559.5937183086,367893423186.64075,242530707501.98456,31.545395759822497,60623521680.154205,69474185850.24014,61575.216010359945
1514,0.0007570000000000002,62701788219.96299,67537279461.09876,61563.473235471676,328024863264.79016,244103731098.8326,30.72979815853126,62697343385.32483,67536307077.75991,61575.216010359945
1515,0.0007575000000000001,64714148640.93384,65537191929.81714,61568.113192368124,293076766065.734,245702270666.579,30.004351687134562,64709413832.36633,65536671535.03944,61575.216010359945
1516,0.0007580000000000001,66662942828.36829,63477191086.66863,61572.3845660324,262222615926.92963,247308045962.68118,29.353292137778467,66657817202.15871,63477198657.96615,61575.216010359945
1517,0.0007585000000000002,68545847539.04452,61359878066.90556,61572.28375380513,234804322277.0892,248899318843.2478,28.764948557468912,68540837650.32682,61359964851.47119,61575.216010359945
1518,0.0007590000000000001,70360937167.456,59187674694.671265,61566.62087832448,210302877066.85892,250455310778.94455,28.230703179219326,70356682968.59474,59187037604.92352,61575.216010359945
1519,0.0007595000000000002,72107867385.73167,56961270659.518326,61566.732558290954,188308012654.4741,251959762351.89154,27.743998601043792,72103803353.95131,56960443298.563614,61575.216010359945
1520,0.0007600000000000002,73785072556.67052,54682687782.07329,61572.015830568074,168487771866.20328,253403822307.00446,27.299495390169216,73780562581.60597,54682358937.92446,61575.216010359945
1521,0.0007605000000000001,75389902864.10808,52355576058.76831,61571.439258741695,150575276080.3125,254780744858.63882,26.89276819769902,75385487401.69029,52355138903.56226,61575.216010359945
1522,0.0007610000000000001,76921480634.45741,49981510807.94954,61571.16200506011,134357909877.68045,256083593018.68094,26.52018629161111,76917183714.82999,49981016642.89346,61575.216010359945
1523,0.0007615000000000001,78378556352.16037,47562602869.646774,61572.360114683055,119658338907.4993,257309394940.15225,26.1786075360234,78374213157.08008,47562276712.96329,61575.216010359945
1524,0.0007620000000000002,79759577827.42035,45101585983.92801,61572.07472875382,106327869453.35735,258456272682.1933,25.865306854848,79755304896.32509,45101227868.949234,61575.216010359945
1525,0.0007625000000000002,81063243659.41032,42601030454.92641,61569.505320992765,94241556186.7888,259522239040.518,25.57796221384945,81059277213.57974,42600360763.75251,61575.216010359945
1526,0.0007630000000000001,82289119384.0135,40062034277.043,61573.73548488456,83292698803.8899,260505762034.90717,25.31459336930746,82284923141.99133,40061959991.721565,61575.216010359945
1527,0.0007635000000000002,83435343795.09816,37488485427.759125,61573.66558874831,73386835932.13103,261406971507.02115,25.073449584379656,83431176230.41837,37488520723.27274,61575.216010359945
1528,0.0007640000000000001,84501150709.32704,34882471031.450676,61572.98483457051,64444799058.5642,262223978160.11545,24.85309202465366,84496979725.29834,34882556759.99402,61575.216010359945
1529,0.0007645000000000001,85485590666.14168,32246606877.534897,61571.18698444282,56396726291.67027,262956122936.8722,24.652277190023458,85481583960.15144,32246439747.977085,61575.216010359945
1530,0.0007650000000000002,86388203201.4029,29582436180.88239,61574.784164368844,49181660575.74021,263602850219.02136,24.46992888670994,86384092585.8709,29582739918.799274,61575.216010359945
1531,0.0007655000000000001,87207714507.66846,26893826492.42294,61574.05451195996,42745213332.77792,264164343921.56323,24.30508502604547,87203632136.45206,26894094600.888565,61575.216010359945
1532,0.0007660000000000002,87943509442.99098,24183326601.862865,61570.400852113846,37041713304.26339,264639506210.21933,24.156948387943768,87939604733.38089,24183061122.02669,61575.216010359945
1533,0.0007665000000000001,88595188173.05905,21452954641.65798,61568.23412053704,32031147414.625214,265027861669.14816,24.024824869751864,88591440125.11806,21452222787.70044,61575.216010359945
1534,0.0007670000000000001,89162308874.80621,18704931555.59525,61569.54039069715,27678287258.652905,265329391876.21716,23.908091717765448,89158564582.10056,18704198233.959076,61575.216010359945
1535,0.0007675000000000001,89644165493.48524,15943003622.385546,61566.41688360576,23952800506.58459,265543941474.23883,23.80620195274124,89640535534.17493,15941641611.778547,61575.216010359945
1536,0.0007680000000000002,90040829937.10135,13167564529.360098,61573.89213131096,20829789171.242832,265670696186.30164,23.71870569685523,90037012326.99022,13167129049.157093,61575.216010359945
1537,0.0007685000000000002,90351558651.82639,10383609258.245476,61574.516964790266,18287266897.601635,265709723246.42133,23.645192956295194,90347709690.17761,10383356010.945625,61575.216010359945
1538,0.0007690000000000002,90576383355.69836,7592292691.138564,61579.38512100622,16308624116.983122,265659889400.84088,23.58534879052219,90572446078.22649,7592909068.588784,61575.216010359945
1539,0.0007695000000000001,90715005972.11789,4797915613.710873,61577.19010043639,14879999863.872427,265520778902.4345,23.538900133872286,90711100672.12675,4798467485.763364,61575.216010359945
1540,0.0007700000000000002,90767507349.94449,2002558611.489727,61573.421479815035,13991321477.364233,265291546070.46637,23.505634214136798,90763658686.04851,2002752104.6155005,61575.216010359945
1541,0.0007705000000000001,90733977889.96822,-792108184.3519484,61574.53635387569,13635220581.890022,264971622104.36908,23.4853778052691,90730101781.82375,-791723847.7403246,61575.216010359945
1542,0.0007710000000000001,90614512528.32567,-3582346744.78581,61572.4669693434,13807367102.268126,264560284299.33636,23.47800309794146,90610611685.23807,-3582220678.282024,61575.216010359945
1543,0.0007715000000000002,90409300961.82912,-6366767502.136735,61575.78887546694,14506490824.428247,264056583343.28503,23.48343312424356,90405413871.54428,-6366142717.065511,61575.216010359945
1544,0.0007720000000000001,90118729657.16772,-9140743136.269863,61570.70018986931,15734448053.26852,263459393587.11917,23.501641627106345,90114823208.2009,-9140814737.456003,61575.216010359945
1545,0.0007725000000000002,89743053074.70131,-11903705305.321049,61572.173520038545,17495566306.36921,262767749621.64117,23.53263869487994,89739113161.61804,-11903573889.047852,61575.216010359945
1546,0.0007730000000000001,89282799544.4039,-14651982226.292973,61571.79870042931,19797769865.258373,261980189725.52856,23.576490043088747,89278803268.27832,-14651885598.722256,61575.216010359945
1547,0.0007735000000000001,88738444785.58116,-17383437821.356857,61572.88714977767,22651726819.485867,261095384854.14157,23.633301453943307,88734534964.6867,-17383163217.93073,61575.216010359945
1548,0.0007740000000000001,88110610308.17831,-20095356113.401127,61574.12949873613,26071562459.40049,260111713460.8622,23.703227999643023,88106812372.47612,-20094880586.10198,61575.216010359945
1549,0.0007745000000000002,87400104927.44945,-22784675452.627346,61572.25564429323,30074740549.84973,259027474140.31827,23.78647073159495,87396285778.75368,-22784418427.922665,61575.216010359945
1550,0.0007750000000000002,86607597330.15834,-25449399179.936455,61571.401238994746,34681921073.62291,257841039804.81027,23.883268930936755,86603695046.71701,-25449310905.811886,61575.216010359945
1551,0.0007755000000000001,85733884521.93773,-28087158106.702026,61572.10214696303,39918141297.481705,256550258914.99313,23.993921772270035,85729948403.95535,-28086966379.535557,61575.216010359945
1552,0.0007760000000000001,84779981980.13437,-30695144487.945015,61571.78644703953,45812906990.50751,255152749740.14917,24.118788884440796,84776040735.95312,-30695000150.300957,61575.216010359945
1553,0.0007765000000000002,83746709781.89888,-33271423482.188526,61573.95032086889,52400076341.10977,253646196765.77576,24.25827911553733,83742831854.92934,-33270963371.805855,61575.216010359945
1554,0.0007770000000000001,82635254984.93977,-35813207998.812874,61575.50208927161,59719418734.08878,252027645318.99268,24.412875587576945,82631516725.09607,-35812454117.39607,61575.216010359945
1555,0.0007775000000000001,81447004951.46681,-38317588573.909004,61573.07076482018,67816062270.27685,250294296625.4862,24.583117778058874,81443144806.31282,-38317044952.77285,61575.216010359945
1556,0.0007780000000000002,80182957381.5216,-40782810256.84995,61571.41377968902,76740849598.46622,248443476928.29648,24.769594516914413,80178936705.4766,-40782560608.8903,61575.216010359945
1557,0.0007785000000000001,78844336078.49904,-43206693090.27779,61571.059561882765,86553063664.88232,246471439776.29468,24.972993778767094,78840226347.82692,-43206496948.64036,61575.216010359945
1558,0.0007790000000000002,77432367209.3033,-45587184564.72136,61573.015622337734,97320785564.96878,244374094706.99283,25.19410259929617,77428317882.5497,-45586794179.13211,61575.216010359945
1559,0.0007795000000000001,75949244316.48622,-47920740559.25231,61567.64054000242,109122369371.88321,242146881988.9279,25.43381557080722,75944691422.52406,-47921128257.46842,61575.216010359945
1560,0.0007800000000000001,74395574862.76224,-50206761731.46159,61567.29160402388,122044424459.64082,239786561228.77536,25.693065309023645,74390779629.72954,-50207407913.30157,61575.216010359945
1561,0.0007805,72773266750.59308,-52442520377.35692,61566.51164189264,136190334890.52296,237286842437.6482,25.972977888848867,72768169188.2494,-52443395540.9302,61575.216010359945
1562,0.0007810000000000002,71083572159.34018,-54626460427.96299,61568.95063669927,151677300805.39578,234642286823.30234,26.274797998722118,71078459864.26903,-54627155524.78842,61575.216010359945
1563,0.0007815000000000002,69328364376.7203,-56756243290.02133,61571.59166114762,168641943988.63324,231846068850.71698,26.59994986367765,69323330076.74355,-56756634264.2831,61575.216010359945
1564,0.0007820000000000001,67509623449.21735,-58829604710.91332,61572.19735065913,187241157750.05115,228891484868.27438,26.950013946320283,67504470227.36795,-58829876567.634026,61575.216010359945
1565,0.0007825000000000001,65628877936.2588,-60844979135.185555,61573.67619859191,207655808019.25766,225771513003.72992,27.326741016839115,65623831218.188835,-60844973869.61727,61575.216010359945
1566,0.0007830000000000002,63688032263.05299,-62800444039.52845,61575.287014591064,230097787287.1432,222477376962.05838,27.73213648987948,63683156894.50454,-62800170868.66249,61575.216010359945
1567,0.0007835000000000001,61689478864.93377,-64693725559.32666,61573.28797032908,254814651930.83554,218999565087.59717,28.168478026005573,61684315961.935585,-64693582078.83171,61575.216010359945
1568,0.0007840000000000002,59634974788.43435,-66523367734.943405,61570.39398607674,282094989779.94104,215328473205.70178,28.63831078362451,59629366906.027916,-66523508399.6304,61575.216010359945
1569,0.0007845000000000001,57526460477.45089,-68287804547.96543,61567.44473864648,312280769509.8869,211452199939.03085,29.14456558293564,57520259463.34842,-68288224683.83736,61575.216010359945
1570,0.0007850000000000001,55365371981.28808,-69985967566.32735,61568.674833241465,345778603197.88605,207357134455.41553,29.69062869021482,55359076562.23732,-69986275844.60965,61575.216010359945
1571,0.0007855000000000002,53154223193.641014,-71615930248.23645,61570.13725455395,383077644130.58673,203026634833.23883,30.280479311077293,53147928561.820404,-71616051753.65436,61575.216010359945
1572,0.0007860000000000001,50895506492.331924,-73175969451.06499,61569.63923658628,424763827387.17444,198443664686.11224,30.918686366881683,50888901380.87134,-73176094085.29155,61575.216010359945
1573,0.0007865000000000001,48590929158.001,-74665054137.18126,61570.6783788867,471544271227.16473,193589459582.5504,31.610514729736952,48584302516.25717,-74665002730.22493,61575.216010359945
1574,0.000787,46243343567.89895,-76081432962.9332,61569.25969973012,524283893160.9039,188440821643.97906,32.362186992031226,46236289167.42927,-76081428145.99197,61575.216010359945
1575,0.0007875000000000002,43855126562.75033,-77423837823.98773,61565.55763095985,584042033186.878,182972826954.85718,33.180993183267866,43847203391.972694,-77424145687.75761,61575.216010359945
1576,0.0007880000000000002,41427066591.97093,-78691976701.10023,61568.327523599895,652130832308.3397,177156213904.9622,34.075591560085456,41419280047.244606,-78691949670.4507,61575.216010359945
1577,0.0007885000000000001,38962743287.734665,-79883973813.30803,61569.409902799365,730202598270.9456,170952849269.12512,35.05658349011483,38954863977.07197,-79883756328.31473,61575.216010359945
1578,0.0007890000000000001,36464994282.67332,-80998594945.74664,61567.00103506164,820338184422.2131,164323113614.8764,36.13668963438747,36456406362.4303,-80998469545.53445,61575.216010359945
1579,0.0007895000000000002,33935396387.066975,-82035309592.02438,61565.99280453148,925190807284.0586,157221097430.88367,37.33135751166488,33926217019.962013,-82035117512.43903,61575.216010359945
1580,0.0007900000000000001,31376272399.859196,-82993247951.54503,61566.51742733448,1048193586681.5282,149589821705.52386,38.65977899991782,31366840760.94862,-82992897190.7267,61575.216010359945
1581,0.0007905000000000002,28789530351.447952,-83871761862.84969,61570.57253339114,1193837961819.8489,141362725250.83945,40.145994682465755,28780639809.48474,-83870962945.80515,61575.216010359945
1582,0.0007910000000000001,26178712238.77335,-84669671662.97772,61572.75423059625,1368079853442.5293,132461191811.77934,41.82049435138409,26170100257.819912,-84668442075.06036,61575.216010359945
1583,0.0007915000000000001,23547954648.442093,-85385854009.63965,61566.912486384565,1578904688622.8845,122798318137.24876,43.72210450560042,23537805006.762417,-85384809899.70964,61575.216010359945
1584,0.0007920000000000002,20897846866.875698,-86020425746.47179,61562.56828511961,1837149880333.8425,112280213420.99928,45.9006529300675,20886284399.882572,-86019418925.29292,61575.216010359945
1585,0.0007925000000000001,18231468592.349094,-86572742197.00197,61557.33733170205,2157752514005.198,100800578336.13208,48.42133779856796,18218004292.528378,-86571779676.67445,61575.216010359945
1586,0.0007930000000000001,15550523888.571543,-87042589405.8435,61554.4635890645,2561489234342.4863,88264000347.5087,51.369511282526425,15535523835.639112,-87041502402.91956,61575.216010359945
1587,0.0007935000000000002,12858716999.452028,-87429381453.58328,61549.45592076499,3077425616658.507,74617378331.7427,54.85641753349474,12841371429.451385,-87428202842.39694,61575.216010359945
1588,0.0007940000000000002,10157227025.248556,-87733117899.46321,61547.377064998735,3745938900070.4775,59937347738.671776,59.02278759587165,10138184144.258698,-87731659975.90636,61575.216010359945
1589,0.0007945000000000002,7450787859.181817,-87953294979.91571,61540.66466083362,4621421582913.023,44602627873.42068,64.03360784449636,7428481748.091243,-87951596241.66397,61575.216010359945
1590,0.0007950000000000001,4740008927.8579235,-88090110949.11484,61536.27216037808,5770548006541.235,29680020786.77391,70.04043362611651,4714837441.42119,-88087909511.62228,61575.216010359945
1591,0.0007955000000000001,2027565911.9899206,-88143473671.90327,61533.26692937776,7253908601061.466,17630710414.720966,77.05783534886119,1999820343.700191,-88140601660.18216,61575.216010359945
1592,0.0007960000000000002,-684710550.3886807,-88113383851.3225,61533.038477305745,9061336650435.232,13371471135.702518,84.64899541184624,-713865726.1307421,-88109833383.48096,61575.216010359945
1593,0.0007965000000000001,-3396096401.0862474,-87999813992.85504,61539.35499803599,10963775013485.219,24661930136.930046,91.37319908472296,-3423793338.1486797,-87995505762.9873,61575.216010359945
1594,0.0007970000000000002,-6104626705.402738,-87802708159.89867,61552.63484470713,12354514974146.176,58427834910.17456,94.5304348669945,-6127395158.308588,-87797888917.52646,61575.216010359945
1595,0.0007975000000000001,-8811592803.424362,-87521651455.88437,61579.68345911098,12467461418495.023,110952157073.6401,91.73234050915413,-8822020377.817837,-87517359660.34613,61575.216010359945
1596,0.0007980000000000001,-11506981780.540205,-87157303501.48193,61603.632038108226,11141239956629.059,164357280068.847,83.8692129307376,-11505240541.94355,-87154209324.44928,61575.216010359945
1597,0.0007985000000000002,-14184975327.042688,-86710588328.20361,61618.512261265954,9060664469693.56,201931438998.68567,74.6901485071395,-14174481757.418604,-86708911238.11609,61575.216010359945
1598,0.0007990000000000001,-16839418174.904318,-86182972761.85616,61618.08676752761,7004800107054.924,220746263398.08328,67.12669042734142,-16827237715.59052,-86181947355.959,61575.216010359945
1599,0.0007995000000000001,-19475033557.837036,-85574153100.2608,61618.10250310363,5334668580585.4795,226540175642.16693,61.91524888157998,-19460992320.450237,-85573931697.58807,61575.216010359945
1600,0.0008000000000000001,-22089248768.07295,-84884804461.98587,61618.354477848676,4087636573362.1045,225727994730.6955,58.58594275731259,-22073267983.107254,-84885548672.71266,61575.216010359945
1601,0.0008005000000000002,-24676387931.862938,-84116539026.63226,61611.1818142426,3183757210145.7456,222621102320.0215,56.416901643728295,-24661615174.535824,-84117461936.96796,61575.216010359945
1602,0.0008010000000000002,-27237353250.495693,-83269472799.28719,61604.56825430486,2530319114326.0703,219589118550.64322,54.79964024453189,-27223581076.47798,-83270580796.61484,61575.216010359945
1603,0.0008015000000000001,-29768134490.994133,-82345026005.59082,61593.86689112925,2052426658864.7092,217741320620.11667,53.30915986944835,-29756873561.774834,-82345783300.08246,61575.216010359945
1604,0.0008020000000000001,-32270295175.512314,-81342869373.50076,61591.45490472321,1695953542703.8186,217396845085.56192,51.694707370491926,-32259007631.04073,-81343997962.26064,61575.216010359945
1605,0.0008025000000000002,-34738444701.79373,-80265010692.6143,61587.19290887232,1423396555468.3083,218411886906.49036,49.85351981545741,-34727792176.35722,-80266244738.82408,61575.216010359945
1606,0.0008030000000000002,-37170565533.975975,-79112497611.82661,61582.14535153919,1209424770017.861,220383585258.51126,47.79875047709404,-37160791660.19084,-79113652162.23416,61575.216010359945
1607,0.0008035000000000002,-39565255242.2892,-77886130553.06337,61579.96830238639,1037223195623.383,222845337912.67123,45.61705227645138,-39555782836.75179,-77887500780.49466,61575.216010359945
1608,0.0008040000000000001,-41918661710.72822,-76587929724.11708,61573.36322256419,895759989225.7694,225401160501.02795,43.42327019670263,-41910514831.8068,-76588911678.67392,61575.216010359945
1609,0.0008045000000000001,-44230955362.648476,-75218024169.5138,61573.69240163519,777798677146.1063,227789141844.00214,41.32351571680144,-44222828285.15027,-75219226933.48656,61575.216010359945
1610,0.0008050000000000002,-46497110922.423676,-73779362017.63942,61566.115884149986,678442289994.7103,229901517118.72836,39.39275268109131,-46490581444.08847,-73779866339.25552,61575.216010359945
1611,0.0008055000000000001,-48717338106.566635,-72272108813.06157,61563.308805255925,594227117342.5557,231735113905.4381,37.6696896973102,-48711752200.82018,-72272266931.33252,61575.216010359945
1612,0.0008060000000000001,-50889571628.31898,-70697683522.20221,61564.76314272096,522514788785.7841,233358914786.08774,36.16138699691545,-50884166190.446075,-70697936980.36552,61575.216010359945
1613,0.0008065000000000001,-53011782435.02718,-69057572232.65932,61569.94955256001,461189835383.6961,234859818952.35,34.853597445280165,-53005881838.83905,-69058372475.1227,61575.216010359945
1614,0.0008070000000000002,-55080082526.01336,-67354832055.1033,61566.80578886751,408499606804.11005,236313386926.65408,33.721071683062824,-55074945128.64449,-67355272685.908035,61575.216010359945
1615,0.0008075000000000002,-57094075430.78678,-65590076655.83719,61565.70285997874,362985145818.425,237766141617.90958,32.73568727142087,-57089439175.64148,-65590262887.33408,61575.216010359945
1616,0.0008080000000000001,-59051936493.43895,-63764991174.58895,61566.548775627285,323420140890.69275,239243315513.82745,31.870973834803568,-59047528709.16438,-63765142182.103096,61575.216010359945
1617,0.0008085000000000001,-60952280516.60475,-61880939429.62833,61571.989450778245,288790479356.2599,240747430611.4138,31.104609683070993,-60947349479.895065,-61881678389.960846,61575.216010359945
1618,0.0008090000000000001,-62791546919.96261,-59941506759.97443,61568.167629470045,258267751095.30484,242267177162.96844,30.419003872213956,-62787261794.129974,-59941764642.178535,61575.216010359945
1619,0.0008095000000000002,-64569541330.97803,-57947215567.85007,61567.48129177033,231193202319.61142,243780481351.3282,29.801059588278793,-64565533416.81751,-57947263717.551994,61575.216010359945
1620,0.0008100000000000002,-66284410356.18444,-55900228877.24196,61567.61145554139,207035334886.0426,245269592516.11203,29.240913378343574,-66280616693.82792,-55900147812.32409,61575.216010359945
1621,0.0008105000000000001,-67934625779.55636,-53802498196.69554,61568.67225418026,185372340747.73544,246717980906.63535,28.731115766639192,-67930939534.35577,-53802438965.66764,61575.216010359945
1622,0.0008110000000000002,-69518466164.23495,-51656344718.866615,61568.490624989405,165868324391.86322,248112824884.38687,28.265868713227437,-69514915983.25162,-51656146573.236946,61575.216010359945
1623,0.0008115000000000002,-71035085520.88844,-49463082779.407234,61572.707405110974,148255067692.06006,249444521387.60757,27.840506224639146,-71031245525.44691,-49463342921.83699,61575.216010359945
1624,0.0008120000000000001,-72482841512.50792,-47225130235.195724,61578.12521902763,132313344158.57396,250707800791.373,27.45107755054586,-72478543423.95665,-47226247025.72042,61575.216010359945
1625,0.0008125000000000001,-73859618814.3957,-44945896802.95659,61576.01964743285,117864630015.4875,251898316910.92194,27.09423002283621,-73855520697.42764,-44946952782.79059,61575.216010359945
1626,0.0008130000000000001,-75164767693.55444,-42626823132.62143,61573.596059095304,104763608701.8905,253011675194.08478,26.767153516998345,-75160916157.0551,-42627684169.79702,61575.216010359945
1627,0.0008135000000000002,-76397274400.36688,-40269923252.05059,61572.48903130785,92885703216.92694,254046500963.5122,26.467374468287282,-76393585615.34483,-40270693149.08342,61575.216010359945
1628,0.0008140000000000002,-77555772957.47421,-37878000710.84011,61568.88128579219,82124217496.77629,255001886390.5268,26.19273351894218,-77552471392.50914,-37878284364.95537,61575.216010359945
1629,0.0008145000000000001,-78639835872.93018,-35452223266.18471,61570.94676426607,72388363139.01106,255876344932.65787,25.941398208736196,-78636488985.02216,-35452712405.21382,61575.216010359945
1630,0.0008150000000000001,-79647840197.52547,-32996304853.97754,61568.144604007844,63597602621.030655,256669788562.41806,25.711758118839345,-79644766722.57007,-32996305123.787434,61575.216010359945
1631,0.0008155000000000001,-80579391060.44632,-30511606986.68453,61568.31532744448,55684286322.741264,257380426447.81,25.50248874756099,-80576381775.7754,-30511419930.85341,61575.216010359945
1632,0.0008160000000000002,-81433708310.68759,-28000368385.65691,61571.589798078145,48587810884.28633,258008030445.33096,25.312424444793283,-81430606850.29518,-28000453077.042847,61575.216010359945
1633,0.0008165000000000002,-82209918899.48558,-25465303362.020386,61575.130779875486,42255388492.01082,258552169080.6803,25.140555077204233,-82206740938.81049,-25465895605.741943,61575.216010359945
1634,0.0008170000000000001,-82907116630.8796,-22909668273.711834,61573.555374960015,36641608354.81538,259012059586.98236,24.986021828748157,-82904013974.98244,-22910119594.97781,61575.216010359945
1635,0.0008175000000000002,-83525083820.15169,-20334820649.057594,61575.220834082975,31707758981.08757,259386696295.32278,24.848101711204645,-83521959635.7389,-20335549414.3567,61575.216010359945
1636,0.0008180000000000002,-84063095740.5913,-17744032112.9381,61574.07527928149,27419176381.983418,259676105970.34866,24.726137970669477,-84060010919.32695,-17744688438.075134,61575.216010359945
1637,0.0008185000000000001,-84520778996.05426,-15139742272.86824,61571.1137218725,23746812879.958042,259879641098.85648,24.619572498497618,-84517823913.71094,-15140028794.44575,61575.216010359945
1638,0.0008190000000000002,-84897981970.32117,-12523478253.632069,61572.90196096587,20665769271.45482,259996865333.7867,24.52792159917809,-84894986599.67337,-12523948197.441437,61575.216010359945
1639,0.0008195000000000001,-85194335692.85988,-9898047681.2356,61576.1345886833,18154660412.181858,260027601490.33936,24.450757377610465,-85191281019.08078,-9898984037.040392,61575.216010359945
1640,0.0008200000000000002,-85409513319.00075,-7267030217.8418045,61573.571666973134,16196319715.845827,259971189680.12292,24.387727193122245,-85406486452.13773,-7267681133.003059,61575.216010359945
1641,0.0008205000000000002,-85543529806.41084,-4632226110.332416,61571.22418425875,14777408454.615421,259826748263.49594,24.338551001778956,-85540587582.06197,-4632567266.784391,61575.216010359945
1642,0.0008210000000000001,-85596346685.25668,-1996428221.1641002,61567.18752898517,13887397276.899931,259593739758.20825,24.302993737254415,-85593468825.1111,-1996011098.2353055,61575.216010359945
1643,0.0008215000000000001,-85568051475.05731,638935392.4983037,61568.69318002632,13518890069.147919,259271470285.23425,24.280870570836594,-85565195293.06558,639385986.9307842,61575.216010359945
1644,0.0008220000000000001,-85458704066.12367,3270980276.3611803,61571.78079052719,13667477566.927692,258859156205.45267,24.272045879702336,-85455812657.04,3271111834.885529,61575.216010359945
1645,0.0008225000000000002,-85268520482.08488,5896283578.071901,61570.10678613681,14331897945.7015,258355751937.01044,24.276439169267494,-85265616226.76666,5896705267.501042,61575.216010359945
1646,0.0008230000000000002,-84997752473.0669,8513341772.976409,61571.15459156523,15513588280.779726,257760247818.63617,24.294014959055882,-84994802567.28252,8513722577.63445,61575.216010359945
1647,0.0008235000000000001,-84646835855.96391,11118625448.111662,61567.442634797626,17216996185.592575,257071462738.9969,24.324785722321327,-84643734444.54062,11119693114.66754,61575.216010359945
1648,0.0008240000000000002,-84215973639.2652,13711667073.204918,61572.937613243834,19449109850.022713,256288311385.3338,24.368802132931044,-84212893010.95383,13712157310.5067,61575.216010359945
1649,0.0008245000000000001,-83705834784.70355,16288356178.439991,61574.52715257718,22220857721.474342,255409011327.61658,24.426181372160965,-83702830514.3597,16288577762.143505,61575.216010359945
1650,0.0008250000000000001,-83116906968.3328,18846867963.740314,61577.09947089192,25545509000.08877,254432239261.2378,24.497073604024532,-83113932360.91054,18846602809.75244,61575.216010359945
1651,0.0008255000000000002,-82449965010.99657,21384186741.801563,61576.4476625723,29439969754.025517,253356256908.06198,24.581680867118965,-82447041340.3358,21383857908.235905,61575.216010359945
1652,0.0008260000000000001,-81705571837.25351,23898657452.452488,61578.12194917251,33924171979.10336,252179465157.35846,24.68024473714253,-81702761913.22174,23897932844.098328,61575.216010359945
1653,0.0008265000000000002,-80884847025.83073,26386756435.916687,61573.89055004261,39022503061.92945,250899635845.84964,24.79307305904898,-80881954535.13994,26386417822.136913,61575.216010359945
1654,0.0008270000000000002,-79988439752.36168,28847048167.846172,61571.08975884556,44762288355.67902,249515118034.89294,24.92050391632145,-79985346287.8103,28847098105.170174,61575.216010359945
1655,0.0008275000000000001,-79016846166.90144,31278385680.604733,61576.994646628395,51176404548.67055,248023281361.83423,25.06295342938133,-79014040122.10233,31277618895.445194,61575.216010359945
1656,0.0008280000000000001,-77971896408.95447,33676179072.633465,61573.99005121586,58304428435.99698,246420523109.83044,25.22094432200752,-77968914260.4194,33675758856.522217,61575.216010359945
1657,0.0008285000000000002,-76854214552.58418,36039478699.22231,61572.87819943293,66188337080.721146,244705239325.84363,25.394994239352265,-76851103523.35234,36039108793.05724,61575.216010359945
1658,0.0008290000000000002,-75664982457.55344,38365963963.34965,61572.3674674291,74878393887.92885,242873932225.30994,25.585723466394818,-75661765986.74423,38365705718.62197,61575.216010359945
1659,0.0008295000000000002,-74405307588.02809,40653655310.98651,61573.56452372201,84431933258.52005,240923062259.57193,25.79383904005666,-74402107626.31557,40653208318.93313,61575.216010359945
1660,0.0008300000000000001,-73076970581.45541,42899483446.070816,61569.513334460054,94914913712.53513,238848624958.0758,26.020146502815983,-73073375827.159,42899598807.19878,61575.216010359945
1661,0.0008305000000000002,-71680685784.1041,45102547821.98268,61569.637837372575,106400759631.81625,236647415139.52905,26.26550376491114,-71676992043.5728,45102731291.610504,61575.216010359945
1662,0.0008310000000000001,-70217823154.50394,47260764988.48903,61572.67964319355,118976358521.09703,234314022778.17972,26.530931707489664,-70214331205.52544,47260573150.91005,61575.216010359945
1663,0.0008315000000000001,-68690193680.8626,49371555958.447395,61573.8330314819,132741284063.40298,231843020577.15527,26.81758683431257,-68686781684.70039,49371166870.9559,61575.216010359945
1664,0.0008320000000000002,-67099549608.56663,51432695167.599976,61571.48410422847,147808341316.15106,229229486468.5783,27.126726103811233,-67095865330.8986,51432535809.5015,61575.216010359945
1665,0.0008325000000000001,-65447498697.456665,53442336293.19263,61566.69343111494,164306616111.47177,226468101989.87064,27.459732531703576,-65443190292.705795,53442809356.20972,61575.216010359945
1666,0.0008330000000000002,-63734580054.47617,55400016837.54936,61570.244335569085,182385413177.19995,223552507739.8361,27.818167304468993,-63730437061.401436,55400141750.18325,61575.216010359945
1667,0.0008335000000000001,-61963092200.032005,57303084340.0322,61574.00044095937,202222879159.4501,220473085214.22888,28.203913862492083,-61959221999.595856,57302696706.87382,61575.216010359945
1668,0.0008340000000000001,-60135865038.1298,59148632788.33176,61568.962424612655,224023296122.57956,217221877762.07526,28.619048772924792,-60131374407.37479,59148814707.34951,61575.216010359945
1669,0.0008345000000000001,-58252893974.97165,60936948480.96594,61572.2217860494,248020319878.9619,213792189119.4556,29.06579035890495,-58248597495.68933,60936794937.783516,61575.216010359945
1670,0.0008350000000000002,-56317376945.55038,62664980471.66498,61570.895518758385,274497122418.17053,210170996434.61914,29.546842897810343,-56312810665.70198,62664974312.93146,61575.216010359945
1671,0.0008355000000000002,-54330300512.58632,64332042630.74724,61573.000104805586,303781151949.30273,206348318591.8561,30.065184860249843,-54325865537.59592,64331791749.11641,61575.216010359945
1672,0.0008360000000000002,-52294793489.42631,65935579420.71935,61569.23024764776,336265504742.37604,202309926592.3392,30.624308496385073,-52289775987.53357,65935676765.02969,61575.216010359945
1673,0.0008365000000000001,-50211190531.28208,67475538474.99729,61572.403345249106,372413081358.8576,198043106171.15866,31.2281196191743,-50206441771.4599,67475321986.60523,61575.216010359945
1674,0.0008370000000000002,-48082765893.557465,68949496649.73906,61572.41962520231,412788694696.6909,193528421387.5462,31.88131747315363,-48077933328.3568,68949228701.10637,61575.216010359945
1675,0.0008375000000000001,-45910972876.6627,70356604320.4806,61573.99481530783,458068552517.5606,188748208413.151,32.58926359048483,-45906311949.169106,70356141460.35175,61575.216010359945
1676,0.0008380000000000002,-43698427370.643105,71695248193.41606,61573.64932958379,509079555636.70593,183679966576.33295,33.3582867117093,-43693700305.71601,71694720641.88849,61575.216010359945
1677,0.0008385000000000002,-41447538649.62595,72964116295.75218,61570.43169250918,566833698823.7231,178299374851.59274,34.195805403140476,-41442225721.57392,72963826700.45113,61575.216010359945
1678,0.0008390000000000001,-39160168064.42868,74162325960.5677,61566.920872928145,632581607210.8154,172578458152.3554,35.11060033461292,-39154091498.37537,74162280855.3952,61575.216010359945
1679,0.0008395000000000002,-36838232613.00111,75288994495.93724,61564.77447420739,707887191116.6979,166483341299.36246,36.113248148363,-36831442028.21674,75289096464.90903,61575.216010359945
1680,0.0008400000000000001,-34483809833.68515,76343199386.72101,61564.46028715815,794725416737.754,159973964693.82138,37.216612060909476,-34476550671.271095,76343334928.03795,61575.216010359945
1681,0.0008405000000000001,-32099847638.487087,77323696772.36407,61562.16343006005,895615477232.9813,153003650338.8258,38.43644654386285,-32091720547.572975,77323973685.87215,61575.216010359945
1682,0.0008410000000000001,-29687897395.49694,78229986380.25554,61561.91158678497,1013799093823.8695,145520061665.73434,39.792090817937556,-29679180192.649403,78230194515.16895,61575.216010359945
1683,0.0008415000000000002,-27250757639.484646,79061082036.06488,61560.99467401316,1153509200934.1975,137459563902.51315,41.307745139347,-27241353994.322803,79061251854.93355,61575.216010359945
1684,0.0008420000000000002,-24790305703.21227,79816452493.66496,61561.59167032396,1320330998925.2883,128750118811.34785,43.01387124254072,-24780476164.798714,79816507211.14914,61575.216010359945
1685,0.0008425000000000001,-22309727781.41907,80495189599.45451,61559.849167737375,1521737177719.5703,119307815648.7427,44.94935942853669,-22298975514.620945,80495222405.30136,61575.216010359945
1686,0.0008430000000000001,-19810008186.321686,81097162671.04652,61561.93767163466,1767839271698.3071,109042027318.60857,47.16416087811984,-19799190846.174145,81096860923.93445,61575.216010359945
1687,0.0008435000000000002,-17294215428.008713,81621643440.07532,61564.30131174739,2072508675082.1492,97854199522.8251,49.723324266284905,-17283479025.30856,81620999693.5009,61575.216010359945
1688,0.0008440000000000001,-14765078007.72451,82068140722.27057,61565.65061245921,2454933039529.596,85659335337.40926,52.71149788030235,-14754277282.843088,82067156769.4759,61575.216010359945
1689,0.0008445000000000002,-12226348052.68504,82436102520.5396,61561.426660828816,2941762385092.62,72419167470.44519,56.23803581684728,-12213999979.916098,82435008120.10423,61575.216010359945
1690,0.0008450000000000002,-9679004715.59971,82725618863.55585,61557.80679566418,3569717759996.174,58222581243.111496,60.44002642751594,-9665066980.686234,82724343458.16359,61575.216010359945
1691,0.0008455000000000001,-7125381157.424634,82936518135.32063,61554.95113488024,4387816836828.0244,43446301772.355545,65.47658402045766,-7109922842.144333,82934942122.53825,61575.216010359945
1692,0.0008460000000000002,-4567883686.749276,83068685419.79317,61552.73842230047,5455604770511.835,29107028539.709007,71.49240946453017,-4550969727.616826,83066710958.16791,61575.216010359945
1693,0.0008465000000000001,-2009152778.7667937,83122048186.80177,61550.201921144566,6826812797678.75,17511174575.482967,78.50021693066324,-1990663401.5363774,83119668821.46686,61575.216010359945
1694,0.0008470000000000001,549405129.8879038,83096632284.90755,61549.77318920579,8493653790210.3545,13198421688.015392,86.08861248591694,568606737.9362351,83093772917.53488,61575.216010359945
1695,0.0008475000000000001,3105971357.6616406,82992545827.09485,61553.3470323681,10260518077863.176,23314702207.62459,92.91022347855152,3124404862.1231523,82989128563.5138,61575.216010359945
1696,0.0008480000000000002,5659134313.874931,82809743566.14374,61562.16541728048,11602916550106.422,54503438086.28744,96.40924010940849,5674279466.329247,82806041743.59723,61575.216010359945
1697,0.0008485000000000002,8209493322.463414,82547974027.67625,61581.917320310575,11827148663745.072,104231285933.88255,94.16187111911947,8215888612.065985,82544658257.38353,61575.216010359945
1698,0.0008490000000000001,10747220399.605305,82208032819.25839,61595.56018317446,10718248942621.33,156597118503.8768,86.68843870725559,10746773785.136314,82205358859.83308,61575.216010359945
1699,0.0008495000000000001,13270483489.716148,81790389772.02345,61605.076450806664,8833299233747.217,195098357520.2878,77.47773002050583,13264531856.378883,81788555724.36449,61575.216010359945
1700,0.0008500000000000002,15774865037.495817,81296012199.80371,61606.73480978334,6895941853932.707,215511171169.76416,69.596212803093,15766890502.805193,81294741511.77594,61575.216010359945
1701,0.0008505000000000001,18262194868.60827,80724877088.72174,61609.99549393994,5283233806727.457,222621516124.29373,64.01538389216746,18251356084.523487,80724443300.8564,61575.216010359945
1702,0.0008510000000000002,20727595275.98048,80078150919.8354,61609.19035876115,4060574970675.3057,222586421031.06293,60.39241978490481,20715711422.368137,80078301742.78539,61575.216010359945
1703,0.0008515000000000002,23167679839.95433,79356988506.07735,61601.51721207938,3165983263624.4106,219774334131.80176,58.039210596309246,23157575694.719185,79357055350.33553,61575.216010359945
1704,0.0008520000000000001,25584403721.241375,78561154269.35876,61597.64461375389,2515614851338.8076,216689300387.6799,56.339511213201774,25574797381.78744,78561440537.63684,61575.216010359945
1705,0.0008525000000000002,27974896035.347343,77691556140.2159,61596.162271319234,2038582407500.1567,214572612935.6111,54.845708266550595,27964980899.04813,77692296565.2472,61575.216010359945
1706,0.0008530000000000001,30334892642.818783,76749768017.61836,61590.67945061225,1682483534974.2932,213863196179.7753,53.27821305262455,30325859792.733723,76750499417.48737,61575.216010359945
1707,0.0008535000000000001,32663509648.86668,75736369504.52155,61585.67203941048,1410539010861.0989,214504391986.4995,51.50438256417187,32655269269.979023,75737079567.5119,61575.216010359945
1708,0.0008540000000000002,34958700054.828896,74652343618.41483,61581.73207148809,1197558440222.1968,216169899861.20926,49.50943394501785,34951105493.046936,74653045109.96582,61575.216010359945
1709,0.0008545000000000002,37218099906.362305,73498886301.88449,61577.97000740443,1026605833995.8925,218430650573.9503,47.35970976806932,37211163497.32877,73499503453.51294,61575.216010359945
1710,0.0008550000000000002,39440386220.18833,72276774991.36032,61577.97181717232,886457090812.042,220887555546.40457,45.16103735959453,39433411965.22609,72277641849.63838,61575.216010359945
1711,0.0008555000000000001,41621754775.180595,70988123389.36989,61573.17170129942,769691364351.2344,223255690690.29782,43.020872480961735,41615710950.10004,70988640570.43826,61575.216010359945
1712,0.0008560000000000001,43761395580.85355,69633633258.40619,61570.01639202841,671332405385.8538,225381824239.80396,41.02336244032625,43756071259.81841,69633892502.57736,61575.216010359945
1713,0.0008565000000000002,45856761291.92069,68215003235.43284,61565.316948291715,587883260036.5044,227234596240.8373,39.21859197696839,45852512645.08974,68214759702.71726,61575.216010359945
1714,0.0008570000000000001,47908089706.21391,66732202336.47984,61571.47832889391,516741504466.2098,228856548785.4883,37.62444476045431,47903104435.1346,66732644017.94609,61575.216010359945
1715,0.0008575000000000002,49910474808.04526,65188673018.5909,61569.71028267623,455838792644.24835,230328236658.22034,36.23444463618354,49905964359.22014,65188960869.32819,61575.216010359945
1716,0.0008580000000000001,51862841391.19074,63585522486.68148,61565.48551039612,403489103321.3882,231721201006.01138,35.028200836961624,51859194309.496666,63585265759.81058,61575.216010359945
1717,0.0008585000000000001,53764576268.76053,61923415824.620026,61566.69846838975,358274784428.91724,233093207876.77655,33.97932997500676,53761092795.31196,61923169565.249626,61575.216010359945
1718,0.0008590000000000002,55614129144.66884,60203700489.823395,61574.16198672473,318997457435.7019,234480240945.96497,33.06110733058468,55609834107.22538,60204209356.25064,61575.216010359945
1719,0.0008595000000000001,57408639641.65032,58429020048.16268,61578.950877215335,284656590258.7438,235894363029.44006,32.24987198182766,57403745372.11192,58430312501.0369,61575.216010359945
1720,0.0008600000000000001,59145812670.320076,56601821451.997574,61576.449625215864,254434138911.28326,237327639959.88766,31.526502529911667,59141195635.80881,56602988403.769295,61575.216010359945
1721,0.0008605000000000002,60825168979.96647,54722874705.4248,61576.127285047805,227668697029.2883,238762702821.8981,30.876329346385184,60820588811.752205,54724155777.926865,61575.216010359945
1722,0.0008610000000000002,62444299865.87314,52794990622.93701,61570.35899861554,203823712769.19562,240182771362.0778,30.28820577639764,62440475918.07078,52795665219.39825,61575.216010359945
1723,0.0008615000000000002,64002666459.773346,50819070047.91759,61567.734519098376,182473498471.20743,241569569407.45053,29.75380304746387,63999266882.86256,50819317223.11278,61575.216010359945
1724,0.0008620000000000001,65498725100.94857,48797164008.77235,61566.58112346672,163274410024.28555,242910398978.7333,29.26664527287271,65495615632.37311,48797122535.58344,61575.216010359945
1725,0.0008625000000000001,66930934176.174164,46731486321.30005,61564.79437946297,145951500175.24332,244194938657.26248,28.821585701924537,66928149700.11893,46731021817.29267,61575.216010359945
1726,0.0008630000000000002,68298164776.36494,44623841405.2564,61563.98317052691,130283615971.25163,245415376780.36362,28.414416907364668,68295710331.24076,44622959056.09968,61575.216010359945
1727,0.0008635000000000002,69599366134.7071,42475987021.71297,61565.88561459476,116089856048.89575,246566764598.47495,28.041575861466487,69596968881.73517,42475050775.54126,61575.216010359945
1728,0.0008640000000000002,70832836146.13823,40290848029.96642,61563.95109748973,103220333470.80998,247646000831.12216,27.69998716361474,70830754637.04803,40289333672.25145,61575.216010359945
1729,0.0008645000000000001,71998528669.16211,38068748339.48622,61571.43720063739,91551740311.38768,248649755490.47437,27.38704360839875,71995994927.84096,38067927558.39241,61575.216010359945
1730,0.0008650000000000002,73094298793.94136,35813713791.22723,61573.002908781345,80976189612.587,249577823376.85693,27.100409319532563,73091683271.4598,35813091191.31657,61575.216010359945
1731,0.0008655000000000002,74119643798.81075,33527110073.855892,61575.672951491375,71405515449.04878,250427257575.6732,26.83816159963695,74116843065.19116,33526862098.424526,61575.216010359945
1732,0.0008660000000000001,75073682450.7448,31211060426.235794,61579.65962234003,62762064450.94552,251197171151.08444,26.598624878801886,75070556802.18843,31211521329.039692,61575.216010359945
1733,0.0008665000000000001,75955218846.42096,28868649732.36391,61578.86652353588,54978434510.74961,251886758878.45544,26.380350102891153,75952147164.9109,28869236373.53859,61575.216010359945
1734,0.0008670000000000001,76763522547.32933,26502243298.193924,61573.82407269297,47997065906.80767,252494616408.72403,26.182119747608162,76760692966.37083,26502320102.639484,61575.216010359945
1735,0.0008675000000000002,77498297419.32582,24113156908.7982,61572.02008365175,41767403264.13186,253019954467.14175,26.002882238001348,77495570010.18855,24112945226.806946,61575.216010359945
1736,0.0008680000000000002,78159001737.28735,21703332643.23443,61574.88301687859,36243985873.650696,253462891951.07513,25.84169166127026,78156176245.48904,21703504730.37136,61575.216010359945
1737,0.0008685000000000001,78744887329.0531,19275614501.85774,61577.61517915394,31387177911.941708,253823224513.41666,25.697722018226063,78741973675.47514,19276254914.71615,61575.216010359945
1738,0.0008690000000000001,79255108334.75465,16833929037.629818,61569.72363371374,27163442174.76181,254100094720.59406,25.57028343876752,79252464371.08083,16833519441.089111,61575.216010359945
1739,0.0008695000000000002,79689909210.37634,14378129265.358318,61570.28354822937,23544983633.08585,254292208755.40198,25.45881579599882,79687330589.4891,14377680799.408415,61575.216010359945
1740,0.0008700000000000002,80048667073.2178,11911758732.939749,61569.190067717,20506130609.501156,254399927947.03867,25.36278724027152,80046122700.73245,11911034949.489344,61575.216010359945
1741,0.0008705000000000002,80331251282.77621,9436425870.745861,61571.715180048166,18026343733.669132,254422491731.84186,25.281758326213282,80328646710.54543,9435948441.675882,61575.216010359945
1742,0.0008710000000000001,80537361953.76796,6955163513.173234,61572.47522075783,16088412695.688871,254359403090.744,25.215354014939543,80534738876.56097,6954790411.659669,61575.216010359945
1743,0.0008715000000000002,80666916171.87878,4470223687.064529,61572.628297648225,14678948511.3213,254209831165.78662,25.163272120381073,80664328074.01196,4469822045.396031,61575.216010359945
1744,0.0008720000000000002,80719892626.22832,1983785542.7614858,61573.505504359004,13787641057.483927,253973055786.18808,25.125266752852447,80717337366.3112,1983520923.4621103,61575.216010359945
1745,0.0008725000000000001,80696316761.9192,-501688691.3812385,61574.23388119236,13407177854.827682,253648331810.7431,25.101143763560053,80693696514.90112,-501827478.3860248,61575.216010359945
1746,0.0008730000000000001,80596301100.81273,-2983687259.3827977,61573.82326414198,13533199052.83193,253234805036.8172,25.090760961408765,80593648867.7641,-2983849642.36857,61575.216010359945
1747,0.0008735000000000001,80420035141.4415,-5460001985.70685,61573.48479784489,14164151672.460554,252731552848.16205,25.094025669607564,80417427138.74991,-5460200175.517352,61575.216010359945
1748,0.0008740000000000001,80167755359.76382,-7928518074.795694,61574.67452117845,15301269352.485615,252137562597.8374,25.110893673628933,80165154106.55537,-7928552335.979106,61575.216010359945
1749,0.0008745000000000001,79839789334.728,-10386706250.97738,61575.69103206501,16948677828.981089,251451661264.90692,25.141371247075202,79837199841.97357,-10386483654.042706,61575.216010359945
1750,0.0008750000000000002,79436596903.9616,-12831807540.930294,61573.6709418189,19113319605.96683,250672590424.96686,25.185512720945635,79433972921.65123,-12831790472.279417,61575.216010359945
1751,0.0008755000000000002,78958651575.17313,-15261727821.135899,61570.75589515269,21804807990.097385,249799112210.80057,25.243414416038558,78955900382.55849,-15262141758.54219,61575.216010359945
1752,0.0008760000000000003,78406229881.03899,-17675541706.116226,61576.19669090453,25035841772.009087,248829781332.63855,25.315221387170865,78403604386.1718,-17675319136.700165,61575.216010359945
1753,0.0008765000000000002,77780384526.02931,-20068655668.58607,61572.392532381986,28823362684.825253,247762423572.30713,25.401154432709134,77777634516.12051,-20068857638.172382,61575.216010359945
1754,0.0008770000000000002,77081417911.53816,-22440639145.723972,61573.80138760767,33185940330.872906,246595938153.47855,25.501446673786834,77078667146.61975,-22440647593.91965,61575.216010359945
1755,0.0008775000000000001,76310154710.42706,-24788797800.229965,61575.96420317632,38147395200.41428,245327892259.8241,25.616413789911732,76307503541.72198,-24788446206.28017,61575.216010359945
1756,0.0008780000000000002,75467677126.14572,-27110095753.501614,61573.01508747467,43735194284.05759,243956091351.67297,25.74642643093832,75464876590.7881,-27110066748.39995,61575.216010359945
1757,0.0008785000000000002,74554696715.93161,-29403007494.42279,61570.56614821402,49980215916.33593,242478724360.35797,25.891888566150488,74551690372.51878,-29403296463.466774,61575.216010359945
1758,0.0008790000000000001,73571914716.8477,-31665997834.00023,61572.64589449353,56919009489.307465,240893094046.59106,26.053282831529156,73568978296.27972,-31666061811.60186,61575.216010359945
1759,0.0008795000000000001,72520640679.95235,-33896146159.968204,61572.56810290003,64594540080.3282,239195820925.88965,26.23118975535704,72517661841.40283,-33896203456.71279,61575.216010359945
1760,0.0008800000000000001,71402053468.75665,-36091219548.91016,61569.72690508594,73054715212.20216,237384213461.94183,26.426239422994783,71398795280.85686,-36091669565.9126,61575.216010359945
1761,0.0008805000000000001,70216998519.60649,-38249827017.55859,61569.31441945895,82354077999.66736,235455302660.30627,26.639128514997495,70213577924.13695,-38250436190.124825,61575.216010359945
1762,0.0008810000000000003,68966654571.47957,-40369947534.89253,61570.65008673281,92556322666.87067,233404964366.19595,26.87067313003911,68963172479.99843,-40370542032.75392,61575.216010359945
1763,0.0008815000000000002,67652322594.517815,-42449499154.45712,61572.51585682837,103734291251.0892,231228925889.64505,27.1217979392905,67648842435.62573,-42449894824.35068,61575.216010359945
1764,0.0008820000000000002,66275494498.16657,-44486266369.91697,61572.68870096893,115971106926.65253,228922770143.29282,27.393533123102355,66271968265.60273,-44486553410.27173,61575.216010359945
1765,0.0008825000000000003,64837464750.404106,-46478520839.176346,61572.661986755586,129361324438.09335,226482020048.10922,27.6870130573355,64833881704.86634,-46478709138.79666,61575.216010359945
1766,0.0008830000000000002,63339384993.44829,-48424810879.51714,61575.368583587864,144013997859.85065,223901321350.40134,28.003518508524117,63335992770.32986,-48424544461.202255,61575.216010359945
1767,0.0008835000000000002,61783523432.78139,-50322284654.94763,61572.22094698945,160055926063.35773,221174163268.48135,28.34452200143896,61779814709.45823,-50322338627.90701,61575.216010359945
1768,0.0008840000000000001,60170644875.54727,-52170255787.9583,61572.48519879088,177630118353.2052,218295386926.08783,28.711604846596256,60166865085.75048,-52170194379.73854,61575.216010359945
1769,0.0008845000000000002,58502451081.78196,-53966844161.82308,61574.04504680428,196906018482.17957,215256716473.55923,29.10662538433248,58498837325.735886,-53966537282.237885,61575.216010359945
1770,0.0008850000000000002,56781256896.171196,-55709667473.80844,61570.78382008002,218080180227.83975,212049821787.0217,29.531689895437644,56777261464.28492,-55709717013.92214,61575.216010359945
1771,0.0008855000000000001,55008030273.82386,-57397957264.80059,61570.186161104335,241379066058.53165,208667071730.50665,29.989109204534643,55003833717.180534,-57398113457.7274,61575.216010359945
1772,0.0008860000000000001,53184785795.090324,-59029876873.6374,61569.284197014385,267072005770.79318,205097485126.05014,30.48158303531901,53180340328.88042,-59030167465.30683,61575.216010359945
1773,0.0008865000000000001,51312991988.70976,-60604231983.78974,61570.53722887816,295475264937.3832,201329921193.7725,31.01218134824777,51308525214.41057,-60604447635.04706,61575.216010359945
1774,0.0008870000000000001,49394846038.347015,-62119250804.446,61570.63329398795,326965373297.6681,197351070300.90485,31.58445480373662,49390227370.74281,-62119416879.144684,61575.216010359945
1775,0.0008875000000000003,47431520336.030174,-63574125005.66472,61574.703629596384,361989315939.0347,193147133582.40408,32.20245102150401,47427307208.71866,-63573780397.16416,61575.216010359945
1776,0.0008880000000000002,45426170787.02377,-64966556225.82927,61573.30733271956,401087051991.6596,188700546892.3521,32.870928123211975,45421676085.617256,-64966277560.8241,61575.216010359945
1777,0.0008885000000000002,43380695303.6109,-66295430309.177795,61568.392362619124,444903725427.05725,183994989519.79492,33.59528223254104,43375422950.195694,-66295552961.92756,61575.216010359945
1778,0.0008890000000000003,41295995505.103806,-67560331541.4104,61567.64168813674,494223846805.82837,179010345652.6195,34.38181401500155,41290392613.51063,-67560502875.79557,61575.216010359945
1779,0.0008895000000000002,39173552257.55133,-68760387817.65318,61573.04810820813,550015603397.622,173720245429.2279,35.23811740376178,39168613280.51199,-68759955076.75523,61575.216010359945
1780,0.0008900000000000002,37017543707.93442,-69893233733.21425,61570.82079794099,613480161695.507,168094159942.7676,36.17333764692088,37012178035.14354,-69892887647.92238,61575.216010359945
1781,0.0008905000000000001,34828076882.37488,-70959027185.80048,61573.83028676439,686101878574.0914,162103413705.43262,37.198141438215345,34823096078.74755,-70958321410.60454,61575.216010359945
1782,0.0008910000000000002,32609869276.40849,-71955493681.1825,61566.971901781086,769761913325.4463,155707642846.3252,38.325619756733595,32603587118.40598,-71955259082.94064,61575.216010359945
1783,0.0008915000000000001,30362009558.186363,-72883306879.02676,61568.30750330228,866834065358.0585,148867835388.0849,39.57141320972802,30355725044.38483,-72882896466.44585,61575.216010359945
1784,0.0008920000000000001,28088503385.111702,-73740774264.79643,61566.735705768,980391633279.1019,141528088923.75555,40.955180988541535,28081639803.1158,-73740418677.6554,61575.216010359945
1785,0.0008925000000000001,25791212644.418335,-74527341676.94855,61564.514699897234,1114419567626.634,133630642506.90848,42.50123085375443,25783556788.87149,-74527112626.40591,61575.216010359945
1786,0.0008930000000000001,23471133043.640335,-75242770179.7289,61567.26621892222,1274163653425.4934,125107125884.23112,44.24012947460442,23463644413.43294,-75242228429.07559,61575.216010359945
1787,0.0008935000000000001,21132641315.0417,-75885711892.33177,61564.41890383247,1466625633364.4412,115876539464.76833,46.210945614264695,21124171036.129005,-75885264494.11938,61575.216010359945
1788,0.0008940000000000003,18776339416.100773,-76456198592.69241,61564.15031170261,1701228436914.5405,105856857997.22063,48.463486873787005,18767430726.78077,-76455599019.60683,61575.216010359945
1789,0.0008945000000000002,16404960947.052353,-76953610167.21147,61563.925600469294,1990835145725.1956,94958595156.09015,51.06230746868069,16395588320.517979,-76952803522.21765,61575.216010359945
1790,0.0008950000000000002,14021392224.372948,-77377431297.39206,61561.33689664379,2353136838109.802,83106922569.79312,54.0910029776631,14010891292.653322,-77376586862.1395,61575.216010359945
1791,0.0008955000000000002,11627176759.616114,-77727532794.35127,61559.62079766756,2812534400663.3433,70275516960.47609,57.65682775684578,11615677573.534456,-77726498504.62608,61575.216010359945
1792,0.0008960000000000002,9224918994.577915,-78003608839.44879,61557.430757666436,3402417738332.001,56557250488.56923,61.893588248756366,9212212700.790876,-78002478058.8356,61575.216010359945
1793,0.0008965000000000002,6816795031.420215,-78205514446.54547,61555.23231228752,4166953126594.983,42325602344.3904,66.95495121696361,6802778594.419631,-78204092819.65347,61575.216010359945
1794,0.0008970000000000001,4405546719.699207,-78333103520.10841,61551.44773023653,5159286660690.957,28552684768.15553,72.9789022245036,4389734552.078494,-78331430737.63774,61575.216010359945
1795,0.0008975000000000002,1992770114.4816186,-78386422697.99936,61548.46459742027,6427052793403.765,17397238975.527225,79.97646980471444,1975268426.9925654,-78384341482.56116,61575.216010359945
1796,0.0008980000000000001,-419918414.70079774,-78365520163.43878,61548.17198503164,7964453212592.766,13044937245.593107,87.56082193869003,-438305329.5211004,-78362914221.58917,61575.216010359945
1797,0.0008985000000000001,-2831370459.2310295,-78270347878.15013,61552.50571985065,9604663553499.072,22068346613.37038,94.47353666702519,-2848667569.165839,-78267318570.23454,61575.216010359945
1798,0.0008990000000000001,-5238350545.567011,-78101034552.05464,61558.93057883748,10895059194387.133,50811368601.02166,98.30044982251005,-5253576121.490795,-78097628279.5787,61575.216010359945
1799,0.0008995000000000001,-7639803140.621277,-77857595057.79721,61569.66811975734,11210898957118.06,97753878928.85094,96.6046184919007,-7650732729.181547,-77854173373.92159,61575.216010359945
1800,0.0009000000000000003,-10032064285.958876,-77540323224.75543,61581.08226572321,10299725452452.373,148884989590.27234,89.56339259414322,-10037927677.47631,-77537227620.77733,61575.216010359945
1801,0.0009005000000000003,-12412971837.758392,-77149507108.34953,61593.38292567094,8603000501892.649,188133728797.429,80.37245323526875,-12412867681.334854,-77147152873.26897,61575.216010359945
1802,0.0009010000000000002,-14777464784.454264,-76686022572.0273,61600.559365096204,6784407421606.238,210109384371.40274,72.19276856649739,-14773290036.226377,-76684414180.06474,61575.216010359945
1803,0.0009015000000000002,-17126657059.024445,-76149855811.64072,61610.49758152622,5230838431485.676,218590077914.78137,66.23223512782124,-17116972628.6632,-76149472229.75227,61575.216010359945
1804,0.0009020000000000002,-19451379742.54256,-75543130640.86403,61607.205821520736,4033672133480.5933,219412184372.54688,62.29141169120009,-19441795134.39404,-75542999661.04395,61575.216010359945
1805,0.0009025000000000002,-21756297027.477715,-74865172055.22153,61607.25444701053,3148871500334.126,216967237828.37558,59.72761760402933,-21745484945.106426,-74865759997.72026,61575.216010359945
1806,0.0009030000000000002,-24036202250.64201,-74117495808.96217,61602.59694456762,2501636695876.437,213896452560.44058,57.92117362606881,-24025916275.026653,-74118310568.45122,61575.216010359945
1807,0.0009035000000000001,-26290858336.26528,-73300432636.86708,61598.43851331237,2025339032477.6665,211554446370.28918,56.40515619957375,-26280986461.821434,-73301458265.01566,61575.216010359945
1808,0.0009040000000000002,-28518830291.338226,-72414577578.08914,61597.094596381845,1669446831269.7239,210493031188.8196,54.873755383758876,-28508610982.76283,-72416102738.60776,61575.216010359945
1809,0.0009045000000000001,-30716102397.225063,-71461537553.34332,61591.747466382854,1397899500920.7046,210760249646.91647,53.16454246682098,-30706579574.851845,-71463088744.95197,61575.216010359945
1810,0.0009050000000000001,-32880873243.29464,-70442309881.23114,61583.171671348384,1185708915151.912,212101096528.06747,51.2344644675708,-32872972222.482155,-70443534299.34348,61575.216010359945
1811,0.0009055000000000001,-35011556683.20611,-69357837790.30106,61573.20570863661,1015871803152.7712,214128262439.08032,49.127755565584856,-35005745667.56322,-69358385405.61505,61575.216010359945
1812,0.0009060000000000001,-37107143733.92192,-68208784609.51911,61566.46117466717,876985567141.9084,216452181639.14725,46.937912918096956,-37102869732.15367,-68208722858.942505,61575.216010359945
1813,0.0009065000000000003,-39166462693.60907,-66995824623.11138,61566.75852979035,761450663250.005,218769705954.5213,44.77060324729933,-39162432197.01757,-66995729461.958626,61575.216010359945
1814,0.0009070000000000003,-41186050776.35982,-65720942947.544975,61565.64851574007,664152034496.1188,220900161734.54028,42.71594208385113,-41182544929.35761,-65720725534.79656,61575.216010359945
1815,0.0009075000000000002,-43164346013.83221,-64385257822.74076,61564.89974944204,581547046795.1743,222773592082.52176,40.834591433668656,-43161297724.90029,-64384856088.95367,61575.216010359945
1816,0.0009080000000000002,-45099800054.73721,-62989907523.77316,61566.102453587475,511041327633.7337,224406285315.17856,39.15540322881545,-45096850426.465775,-62989506576.12696,61575.216010359945
1817,0.0009085000000000002,-46990061192.03208,-61536653736.77819,61565.649710519974,450618357532.67316,225860484399.4265,37.68106044048321,-46987426786.004745,-61536027568.30627,61575.216010359945
1818,0.0009090000000000002,-48833484249.74593,-60026903092.72295,61564.27345061893,398638986880.87396,227208462980.60608,36.39696513824439,-48831292190.38528,-60025896268.02555,61575.216010359945
1819,0.0009095000000000002,-50628854921.20003,-58461774182.92144,61565.25151875559,353731119496.3011,228512882601.70914,35.27961591388755,-50626848876.47605,-58460647387.90921,61575.216010359945
1820,0.0009100000000000001,-52373635093.70935,-56843558608.746376,61562.08711465599,314734186669.6739,229816782636.79678,34.30301250205653,-52372319237.36748,-56841914835.23131,61575.216010359945
1821,0.0009105000000000002,-54067959369.53226,-55172302910.05129,61567.92052639781,280676849041.5936,231138542471.65292,33.44291332958194,-54066221074.49508,-55171164631.1837,61575.216010359945
1822,0.0009110000000000001,-55708810054.90698,-53450927947.85595,61570.55836231608,250743774446.1261,232482830383.948,32.67856146636404,-55706857319.88111,-53450021712.62936,61575.216010359945
1823,0.0009115000000000001,-57294989591.5835,-51680857689.23577,61572.77710862016,224272077141.9491,233837470783.21912,31.99356094461613,-57292859890.254166,-51680162221.343155,61575.216010359945
1824,0.000912,-58825589465.57712,-49863213240.18849,61579.2302679312,200723153759.1933,235186169264.78217,31.375364840126977,-58822783511.9507,-49863434761.718094,61575.216010359945
1825,0.0009125000000000001,-60297868503.68818,-48001301132.27734,61577.40054884027,179661639459.50208,236512849715.07968,30.814453722278184,-60295202207.24699,-48001521525.63399,61575.216010359945
1826,0.0009130000000000003,-61711658619.745605,-46095618856.49722,61579.11318755493,160744061944.0609,237800026656.67062,30.303719076912003,-61708793217.588066,-46096225703.794655,61575.216010359945
1827,0.0009135000000000002,-63065040077.22613,-44148830591.36006,61577.56126831581,143690524838.06653,239037140318.43976,29.837519608939573,-63062281754.11396,-44149421183.86376,61575.216010359945
1828,0.0009140000000000002,-64357152910.11614,-42162390147.16162,61576.76672583107,128277618855.26843,240214789888.41168,29.411327807804085,-64354399016.05708,-42163042619.5476,61575.216010359945
1829,0.0009145000000000002,-65586697392.781685,-40138442868.7849,61574.99159338118,114322257415.9348,241327351202.0434,29.02133142247262,-65584146624.99314,-40139003292.91458,61575.216010359945
1830,0.0009150000000000002,-66752604653.296616,-38078944269.95066,61572.551243452035,101674354492.08702,242370600953.7315,28.66427925594506,-66750223922.558975,-38079248565.32656,61575.216010359945
1831,0.0009155000000000002,-67854011925.8076,-35985613836.264656,61571.564408836166,90208907156.45514,243341693878.00546,28.3373623858747,-67851758412.03832,-35985743525.21008,61575.216010359945
1832,0.0009160000000000001,-68889776522.39474,-33860781566.1299,61569.51235223935,79820108868.07437,244238875737.3768,28.03813363866822,-68887725025.18541,-33860547091.869858,61575.216010359945
1833,0.0009165000000000001,-69859291730.1261,-31705910256.250263,61570.76507029367,70418606513.01866,245060310037.66956,27.764494719024817,-69857273188.60904,-31705730247.220898,61575.216010359945
1834,0.0009170000000000002,-70761860091.4649,-29522634541.48161,61577.492450998994,61926760319.17104,245805121316.30386,27.51461756571149,-70759442700.76826,-29523323283.541813,61575.216010359945
1835,0.0009175000000000001,-71595960171.47427,-27314679631.778954,61577.05115885543,54277202727.58913,246472552761.79153,27.286920556060338,-71593593819.19318,-27315442959.93269,61575.216010359945
1836,0.0009180000000000001,-72361254946.24405,-25083385732.834103,61576.66157968419,47413994952.01297,247060334958.3506,27.08011560392119,-72358931358.97005,-25084227675.206493,61575.216010359945
1837,0.0009185,-73056992201.35635,-22831217794.92023,61574.10872153511,41287010902.950134,247567882203.4057,26.89307100039965,-73054772834.00488,-22831822759.137882,61575.216010359945
1838,0.0009190000000000001,-73682842628.59613,-20559607808.033638,61574.90275828055,35852827547.32665,247994449505.89813,26.7248083053613,-73680591212.03136,-20560366153.01021,61575.216010359945
1839,0.0009195000000000003,-74238074830.52654,-18271401950.737957,61573.620408143564,31072831918.786556,248339866349.22968,26.574458617287604,-74235912491.09785,-18271957178.168083,61575.216010359945
1840,0.0009200000000000002,-74722355105.6649,-15968428271.450798,61573.235405807514,26914285034.637463,248603301010.74503,26.44128787110394,-74720214459.4178,-15968904967.549908,61575.216010359945
1841,0.0009205000000000002,-75135196519.78958,-13653393938.95958,61570.093266274445,23348634523.30662,248784272656.94733,26.324658974442496,-75133207951.47173,-13653420174.69735,61575.216010359945
1842,0.0009210000000000002,-75476545967.08568,-11327221139.9202,61573.56440446351,20351856425.1951,248882044196.27094,26.224033301074183,-75474496498.76445,-11327621388.212862,61575.216010359945
1843,0.0009215000000000002,-75745902137.7161,-8993417114.120022,61573.2508736053,17903025153.869476,248896394469.7541,26.138932682641766,-75743872379.2055,-8993770330.072407,61575.216010359945
1844,0.0009220000000000002,-75943176149.69643,-6653809261.530814,61572.77224216265,15985685599.516,248826352310.27957,26.068972487199424,-75941216256.45189,-6654095898.495601,61575.216010359945
1845,0.0009225000000000001,-76068237115.59778,-4311037001.649474,61569.38034185031,14586368576.196798,248671270304.40323,26.01382951535346,-76066291612.68947,-4310772157.378678,61575.216010359945
1846,0.0009230000000000001,-76121147935.83218,-1966014972.6905727,61572.61407434833,13694774133.313675,248430413411.05362,25.973240534303063,-76119158661.14351,-1966124564.349354,61575.216010359945
1847,0.0009235000000000002,-76101839856.34427,377388885.7086937,61569.72871672243,13303373079.002535,248103137891.30923,25.946991982186898,-76099866425.78438,377727259.27483535,61575.216010359945
1848,0.0009240000000000001,-76010462570.67102,2718377946.0837355,61571.85233984761,13407752056.02032,247688476878.98636,25.93493174240269,-76008484012.4794,2718549400.011707,61575.216010359945
1849,0.0009245000000000001,-75847178453.30183,5053653513.38595,61570.4110231188,14006204403.870935,247185505616.0372,25.93695841151444,-75845145240.54747,5054086216.73402,61575.216010359945
1850,0.000925,-75612219956.04291,7381606277.783886,61570.334526952465,15099717842.840725,246593205796.9302,25.953020708528335,-75610140838.15976,7382215783.455517,61575.216010359945
1851,0.0009255000000000002,-75305892605.26904,9699904477.062769,61570.36753339552,16692077287.947798,245910434559.60773,25.983118013247804,-75303806935.6382,9700589387.972824,61575.216010359945
1852,0.0009260000000000003,-74928546751.68881,12006505734.728302,61571.45455058592,18789835259.56553,245135947120.34808,26.027299493883184,-74926429867.05162,12007097506.156261,61575.216010359945
1853,0.0009265000000000002,-74480599936.92392,14299272970.92406,61573.57724382905,21402476238.36694,244268338314.8519,26.085666097042065,-74478454744.63896,14299664871.927572,61575.216010359945
1854,0.0009270000000000002,-73962536531.668,16576059704.437197,61576.56113627138,24542505407.16249,243306064097.11063,26.158370852319496,-73960461525.8407,16575983279.559032,61575.216010359945
1855,0.0009275000000000002,-73375232133.08559,18833371576.787224,61570.88397702046,28225587051.33682,242247446433.27792,26.24561914037503,-73372945688.85646,18833974979.26086,61575.216010359945
1856,0.0009280000000000002,-72718985089.64546,21070766533.266075,61570.19087446801,32469537115.236202,241091335788.7797,26.34763959238031,-72716563297.0223,21071551029.23019,61575.216010359945
1857,0.0009285000000000002,-71994494943.05125,23285975109.048225,61572.081466325115,37297195334.437996,239835342851.4487,26.4647476272774,-71992075443.57849,23286580436.939976,61575.216010359945
1858,0.0009290000000000001,-71202607497.09401,25476576900.57813,61573.527601590016,42735254280.916534,238477134825.77786,26.59732501721516,-71200199271.0991,25477059757.444992,61575.216010359945
1859,0.0009295000000000001,-70344132404.47008,27640572139.98259,61574.98280933162,48814330598.23921,237014499988.87076,26.74580563083794,-70341738161.1884,27640848372.101162,61575.216010359945
1860,0.0009300000000000002,-69420008243.5237,29775808287.36289,61575.51686914392,55569844293.37295,235444948001.28223,26.91068671660074,-69417638812.50978,29775969168.0685,61575.216010359945
1861,0.0009305000000000001,-68431291028.06863,31880080282.419743,61573.80603736048,63042317136.14669,233765852104.61862,27.092530959921422,-68428813839.20646,31880410668.603836,61575.216010359945
1862,0.0009310000000000001,-67378663403.5747,33952180346.697376,61575.76537126533,71277850934.41273,231974476656.68542,27.291968360656135,-67376297331.65701,33952203754.62125,61575.216010359945
1863,0.0009315,-66263582775.21809,35989337668.14039,61574.43972016229,80330595119.76683,230066960512.9562,27.509746532439927,-66261162251.28409,35989465237.155334,61575.216010359945
1864,0.0009320000000000002,-65086929455.49189,37990188811.72595,61574.414553518545,90260811474.97891,228040259145.02792,27.746673882055237,-65084470615.271774,37990257006.958855,61575.216010359945
1865,0.0009325000000000003,-63849943605.69555,39952760772.967094,61574.52481172754,101138577772.0728,225890166892.65814,28.003680057782645,-63847494724.74877,39952783014.2194,61575.216010359945
1866,0.0009330000000000002,-62553949964.27554,41875105289.544556,61573.743297820416,113043854306.26112,223612349082.6079,28.28180870011337,-62551415152.39503,41875178114.51007,61575.216010359945
1867,0.0009335000000000002,-61200341931.21346,43755328796.97158,61571.337782060305,126067971065.85596,221202233633.03937,28.582222298902373,-61197518063.14837,43755687712.91514,61575.216010359945
1868,0.0009340000000000002,-59790089011.577484,45592259481.108,61571.94033805529,140315495813.44138,218654878735.55695,28.90621655446661,-59787264247.353714,45592620419.68434,61575.216010359945
1869,0.0009345000000000002,-58324591771.96805,47384146503.45402,61574.49747541098,155908528011.68405,215963826478.7658,29.255290414750103,-58321924798.55475,47384238479.07961,61575.216010359945
1870,0.0009350000000000002,-56805658663.27629,49128866791.120155,61574.88134463823,172987914375.57538,213122384370.85733,29.631136236835715,-56802982837.97434,49128866264.13375,61575.216010359945
1871,0.0009355000000000001,-55234582800.723595,50825091896.68656,61575.6964236751,191715117597.4784,210124149880.5556,30.035616478997543,-55232031296.65234,50824900329.64103,61575.216010359945
1872,0.0009360000000000001,-53612995643.78916,52471170719.0118,61576.06240387753,212278834494.08722,206961153451.83118,30.47084983589083,-53610489688.86531,52470795274.30781,61575.216010359945
1873,0.0009365000000000002,-51942579798.0723,54065519609.332695,61575.383228252555,234898940584.93347,203624761858.7856,30.93923473021726,-51939985146.19349,54065091074.3568,61575.216010359945
1874,0.0009370000000000001,-50224951506.58703,55606729796.94763,61574.18381724787,259832854636.58978,200105445506.19766,31.443490822181644,-50222237854.40626,55606345238.539406,61575.216010359945
1875,0.0009375000000000001,-48461978910.35412,57093252959.27661,61571.21974751277,287384043241.8033,196392304252.67026,31.986728226311264,-48458866229.45629,57093154967.856964,61575.216010359945
1876,0.000938,-46654906582.551605,58524181664.58646,61570.596554630225,317911068743.03345,192473448945.32614,32.57249596298719,-46651553996.795555,58524131932.274185,61575.216010359945
1877,0.0009385000000000002,-44806051329.223885,59897758616.1062,61567.70482152525,351843609421.1809,188334076172.4818,33.20494197366472,-44802126727.16705,59897993544.616585,61575.216010359945
1878,0.0009390000000000003,-42916227981.701065,61213515136.23597,61569.95365845339,389693739663.3032,183959233672.5882,33.88881145902496,-42912390399.850174,61213531823.31779,61575.216010359945
1879,0.0009395000000000002,-40988061579.42142,62469639674.22089,61570.67140927566,432084695310.64844,179329114109.36346,34.62973996824387,-40984170433.30507,62469524723.50708,61575.216010359945
1880,0.0009400000000000002,-39023625207.13714,63664903839.46925,61569.009029380475,479769365981.223,174424082020.7841,35.434242328499586,-39019361884.57889,63664937344.49754,61575.216010359945
1881,0.0009405000000000001,-37024523338.87339,64798469206.42447,61567.46054516867,533667816330.8649,169221629663.50174,36.30993951224816,-37019835718.09949,64798567194.47557,61575.216010359945
1882,0.0009410000000000002,-34992213774.292656,65869601333.48144,61568.79390117983,594917032148.6547,163694518785.18234,37.26591422941955,-34987517043.14173,65869518451.13254,61575.216010359945
1883,0.0009415000000000002,-32929014213.593708,66877121030.37992,61570.225329818946,664935809889.7103,157810168389.3003,38.313125101833286,-32924379115.48954,66876854653.202286,61575.216010359945
1884,0.0009420000000000001,-30837313569.916756,67819948949.82319,61569.55227974317,745505166948.2959,151532432280.4582,39.46476936528154,-30832421991.52804,67819710751.82058,61575.216010359945
1885,0.0009425000000000001,-28718596745.34755,68697537765.87764,61570.094474146754,838882296411.7559,144820305070.1535,40.73684252646217,-28713615735.024796,68697193196.91543,61575.216010359945
1886,0.0009430000000000002,-26575913911.092247,69508698817.7225,61566.444825041806,947965714564.4698,137624221979.3561,42.14907920132215,-26570008974.180923,69508538875.39056,61575.216010359945
1887,0.0009435000000000001,-24409674740.73928,70253436961.14455,61567.66554677226,1076506102549.3483,129889796694.8264,43.72584878639278,-24403742502.8982,70253130510.63177,61575.216010359945
1888,0.0009440000000000001,-22223694221.0292,70930449291.84193,61564.45367702864,1229437425376.7832,121549194354.81334,45.497980464146465,-22216827283.134,70930306934.12225,61575.216010359945
1889,0.0009445000000000002,-20019022146.30071,71539581280.69203,61562.582822172044,1413295611858.5537,112531900850.53833,47.50432388682444,-20011362953.700954,71539546961.82477,61575.216010359945
1890,0.0009450000000000002,-17797773821.922546,72080315398.81766,61561.722413841206,1636865023102.884,102757460710.84195,49.79466469726038,-17789464579.886116,72080235466.58626,61575.216010359945
1891,0.0009455000000000003,-15561785427.914078,72552270845.55255,61562.833863105036,1912067862649.3423,92145443824.08879,52.4331176689904,-15553237367.084002,72551959193.6736,61575.216010359945
1892,0.0009460000000000002,-13313749693.774717,72954921072.5801,61563.237645081455,2255215557812.7627,80629347130.57426,55.502362500437016,-13304884302.364683,72954416373.20013,61575.216010359945
1893,0.0009465000000000002,-11055825460.16388,73287973854.13898,61563.028520490916,2688661199507.9043,68192173426.604706,59.107843461263464,-11046525254.329304,73287280503.52055,61575.216010359945
1894,0.0009470000000000001,-8790350313.275383,73551178728.84232,61561.64182446324,3242749622993.185,54935721857.46782,63.37993964030316,-8780275580.023542,73550317967.57765,61575.216010359945
1895,0.0009475000000000002,-6519202971.099179,73744429400.2468,61560.30268857133,3957264602757.0566,41229048921.7606,68.46689291309534,-6508326899.270228,73743375599.908,61575.216010359945
1896,0.0009480000000000002,-4244980566.0846524,73867579910.72919,61557.42569737699,4879628611359.381,28001136782.781925,74.50013977064602,-4232823994.209301,73866299666.48303,61575.216010359945
1897,0.0009485000000000001,-1969006176.8944428,73920694798.85152,61556.090820963014,6052041268939.644,17273410403.657475,81.48890207534271,-1955938717.0146234,73919119672.08728,61575.216010359945
1898,0.0009490000000000001,306547345.69349164,73903772260.51875,61555.95050868735,7470171032596.873,12910617502.737202,89.06840790274538,320259218.47621584,73901858529.49988,61575.216010359945
1899,0.0009495000000000001,2580248739.926088,73816818540.09018,61558.32293183964,8991420854536.98,20961138626.736256,96.06135682778509,2593489924.624037,73814593677.85524,61575.216010359945
1900,0.0009500000000000001,4850412639.168175,73659905082.71452,61564.21904515275,10225239378310.59,47448486170.46002,100.18922540495599,4861678824.639604,73657426209.062,61575.216010359945
1901,0.0009505000000000001,7116613808.013722,73432958289.47646,61577.13121610974,10611966561075.215,91679835728.92245,99.02470978518096,7122622888.178208,73430639372.94215,61575.216010359945
1902,0.0009510000000000002,9375036738.354557,73136203134.60269,61592.35034510483,9876325381369.68,141419937196.02325,92.43850407747715,9374247225.685562,73134511203.54167,61575.216010359945
1903,0.0009515000000000002,11619439098.75321,72770476514.14394,61600.41366291836,8358493174867.331,181198117352.9341,83.31602454548937,11614391657.716688,72769446521.34598,61575.216010359945
1904,0.0009520000000000003,13848306310.571383,72336309525.80496,61603.45914519707,6659616991086.33,204615457241.4365,74.87077486476788,13840946120.453945,72335892686.50183,61575.216010359945
1905,0.0009525000000000002,16059676504.925743,71834334926.23804,61602.17024773582,5169132789981.216,214445831885.49075,68.53658637949583,16051839617.161201,71834235583.43745,61575.216010359945
1906,0.0009530000000000002,18251752118.721096,71265204709.77182,61597.27576730219,4001132538128.1562,216144864367.49936,64.26887469044262,18245005357.8008,71265137432.3859,61575.216010359945
1907,0.0009535000000000001,20425726491.140266,70628805577.37662,61596.88740281854,3128663625100.3325,214119630180.61533,61.47860512415543,20418400920.36271,70629143631.45305,61575.216010359945
1908,0.0009540000000000002,22577470366.282013,69926281869.8889,61595.48807956933,2486214494231.0977,211114806106.3957,59.54870080661267,22569881983.40015,69926936949.46017,61575.216010359945
1909,0.0009545000000000002,24704025231.521187,69158725393.59949,61590.08455654915,2011621775563.1638,208600180330.22696,57.99534986100532,24697455908.209244,69159293354.1562,61575.216010359945
1910,0.0009550000000000001,26805013747.03118,68326487799.18169,61585.699448664316,1656447357518.1775,207225854053.37146,56.489018541802984,26799275433.155838,68326969799.45246,61575.216010359945
1911,0.0009555000000000001,28878084189.148148,67430560821.48384,61581.02132927074,1385542911939.288,207132102044.61926,54.840051929046446,28873296139.752308,67430852314.160255,61575.216010359945
1912,0.0009560000000000001,30921642947.05109,66471733984.88594,61577.46902305069,1174223121213.311,208143107538.099,52.977628547121256,30917528632.68369,66471815910.509636,61575.216010359945
1913,0.0009565000000000001,32933658729.09787,65451024945.9051,61574.57333807139,1005483760919.0189,209922856363.65695,50.922354710704916,32930145626.139217,65450979317.44592,61575.216010359945
1914,0.0009570000000000001,34911891415.341255,64369650626.02194,61570.613624907586,867795589398.1255,212098755942.45197,48.752640246016256,34909213067.8961,64369284629.689384,61575.216010359945
1915,0.0009575000000000002,36854528587.52015,63228727896.414955,61565.73734390408,753421619184.1614,214353153967.72055,46.56952017026267,36852970155.689926,63227817113.35997,61575.216010359945
1916,0.0009580000000000002,38761055428.03106,62028676983.11857,61566.8969002591,657151769801.8867,216473769007.6684,44.46735703530493,38759533855.41341,62027773378.934456,61575.216010359945
1917,0.0009585000000000003,40629861069.71581,60770466691.68809,61574.68274212502,575383401170.409,218363423457.7859,42.515776465737176,40627181529.87169,60770306725.6068,61575.216010359945
1918,0.0009590000000000002,42456866961.28756,59456798405.65909,61574.69498406529,505513346370.0014,220013101873.45944,40.75404164309566,42454226524.29738,59456711250.356895,61575.216010359945
1919,0.0009595000000000002,44241112743.72532,58088615320.567665,61572.00653012529,445566673051.0285,221462399352.14136,39.19448766033484,44238916056.57598,58088270863.63093,61575.216010359945
1920,0.0009600000000000001,45981668494.99252,56666784700.11474,61571.477002043066,393951868169.47925,222777569480.04184,37.829448654051525,45979629393.69545,56666378778.57848,61575.216010359945
1921,0.0009605000000000002,47676795978.13776,55192789236.20687,61571.96459547562,349339351368.4518,224024835690.6391,36.63934599249661,47674804167.17821,55192394352.79162,61575.216010359945
1922,0.0009610000000000002,49325914227.25034,53667194650.176254,61580.439268090915,310605266432.6221,225253407820.82727,35.599730025087794,49322827703.24458,53667782943.503296,61575.216010359945
1923,0.0009615000000000001,50924583746.75165,52094091116.02327,61574.061771834226,276794588001.66644,226493736279.74777,34.68600026193585,50922149087.24883,52094096157.80406,61575.216010359945
1924,0.0009620000000000001,52473951381.24602,50472721795.277016,61574.8360380063,247119773398.7145,227749794555.3102,33.87663412676986,52471421761.97716,50472891477.66627,61575.216010359945
1925,0.0009625000000000001,53971636626.4686,48805570890.39308,61573.998831817,220916948080.20618,229020423040.16223,33.15365933598024,53969192416.09257,48805703874.974365,61575.216010359945
1926,0.0009630000000000001,55416167875.39393,47094435889.384,61570.69331933451,197645976514.44705,230292493470.63568,32.503016491949744,55414167049.368126,47094163571.14575,61575.216010359945
1927,0.0009635000000000001,56806925612.423004,45340218220.0914,61571.465497795216,176869348508.6117,231549789829.63715,31.914000787395068,56804985075.806366,45340000259.72355,61575.216010359945
1928,0.0009640000000000002,58142235427.753975,43545081569.04898,61571.863937256974,158231776328.5258,232778151205.53845,31.378418059807682,58140293987.87263,43544896396.4041,61575.216010359945
1929,0.0009645000000000003,59420969475.74326,41710677992.26922,61572.69402925034,141449187280.3741,233964082140.0238,30.889986397808826,59418997202.69982,41710549724.320335,61575.216010359945
1930,0.0009650000000000003,60642009979.3794,39838733866.583954,61574.257063757745,126292480089.60089,235097351010.65894,30.44372927730069,60640002968.99259,39838788323.373055,61575.216010359945
1931,0.0009655000000000002,61803960739.05281,37931521604.406,61572.999418386,112575839721.68562,236170595490.34247,30.03556218443647,61802092307.893684,37931365138.81055,61575.216010359945
1932,0.0009660000000000002,62906250633.25432,35990183826.85176,61574.794633322854,100148338084.01447,237178091400.1557,29.662063743157237,62904241997.513664,35990285720.19555,61575.216010359945
1933,0.0009665000000000002,63947445462.59039,34017342371.21849,61573.46511451694,88883445926.61641,238117007947.51886,29.32024492529416,63945585469.42803,34017321827.73683,61575.216010359945
1934,0.0009670000000000002,64926870344.48059,32014521895.20894,61572.56057041673,78676901544.12659,238984255622.49088,29.00754621727359,64925082495.77334,32014384889.972404,61575.216010359945
1935,0.0009675000000000002,65844006452.17623,29982936505.15016,61577.11524660674,69439604233.35913,239778231739.48624,28.721727419634732,65841955699.806496,29983407256.03577,61575.216010359945
1936,0.0009680000000000001,66697425287.01448,27925793047.26184,61576.81677234136,61094352799.56113,240498204388.67877,28.460813495905978,66695398119.430336,27926330269.757046,61575.216010359945
1937,0.0009685000000000001,67486463809.52107,25845041673.47494,61573.10968501974,53576907583.3433,241141972421.31784,28.22315885292604,67484664909.90706,25845158255.62703,61575.216010359945
1938,0.0009690000000000001,68210853470.772896,23741721393.906956,61573.65177767178,46831243789.00442,241708251387.23236,28.00735221113483,68209035156.28765,23741914467.793346,61575.216010359945
1939,0.0009695000000000001,68869686648.91908,21618585164.49132,61572.20458799278,40807264965.381004,242196838535.17932,27.81213902690039,68867952966.02127,21618552579.06832,61575.216010359945
1940,0.0009700000000000003,69462543477.17761,19477328074.03277,61571.657021385094,35462377780.32899,242606627617.03104,27.63646019584643,69460819577.50148,19477133639.488327,61575.216010359945
1941,0.0009705000000000002,69988935007.24419,17319979156.50774,61571.92599479769,30759099577.560112,242936984169.6666,27.479399603175054,69987182828.59644,17319734080.70469,61575.216010359945
1942,0.0009710000000000003,70448566241.81586,15148007539.954298,61576.92766572831,26664980654.026497,243187238509.74435,27.34016963683091,70446662191.80586,15148366844.12292,61575.216010359945
1943,0.0009715000000000002,70840694520.75151,12965063900.574589,61574.506224040284,23151741910.490433,243356937537.569,27.218084743810916,70838886438.37006,12965130326.70412,61575.216010359945
1944,0.0009720000000000002,71165282461.85036,10772234329.890942,61573.44678693182,20196404314.446743,243444804816.49814,27.112589948820176,71163513505.83696,10772130350.978544,61575.216010359945
1945,0.0009725000000000002,71422061271.05585,8571809745.698231,61572.01097485072,17778730283.913666,243450454694.59857,27.023193425108676,71420343644.43481,8571436965.123774,61575.216010359945
1946,0.0009730000000000002,71610925771.88258,6365394168.965141,61573.68238945455,15882097324.407993,243373276823.08054,26.949476421060893,71609141469.99623,6365212996.746025,61575.216010359945
1947,0.0009735000000000002,71731689693.4295,4155713425.9039726,61573.33242615295,14492987210.790977,243212687048.3382,26.89108514003766,71729909748.83875,4155578460.5765986,61575.216010359945
1948,0.0009740000000000001,71784358629.73251,1944422649.129221,61574.52804477904,13601215754.079287,242967819157.3516,26.847738280928073,71782563907.65776,1944434440.4851134,61575.216010359945
1949,0.0009745000000000001,71768929246.27342,-265465103.60735717,61570.54299259712,13199376490.159004,242637886652.5355,26.819213018904634,71767183948.0306,-265955143.4611785,61575.216010359945
1950,0.0009750000000000002,71685534762.49792,-2473359391.188612,61573.07140379935,13282880653.900879,242221996009.28647,26.805344304853243,71683735652.3081,-2473541915.236595,61575.216010359945
1951,0.0009755000000000001,71534313748.63562,-4675976163.313228,61572.21265379375,13849846775.2452,241719228929.37143,26.806019684063845,71532474162.70189,-4676222251.947011,61575.216010359945
1952,0.0009760000000000001,71315450237.896,-6872181605.715611,61575.38972535314,14901067256.66079,241128543571.48743,26.82118019360769,71313652331.48256,-6872028406.563254,61575.216010359945
1953,0.0009765000000000003,71029328832.41617,-9058526430.569414,61572.02499555242,16440202820.110392,240448713489.61298,26.85082307584772,71027526176.18874,-9058806662.234652,61575.216010359945
1954,0.0009770000000000002,70676244766.199,-11233892003.816135,61570.28713092888,18473143025.49872,239678704696.2193,26.894985929538507,70674404621.26772,-11234480732.999292,61575.216010359945
1955,0.0009775000000000003,70256525284.95343,-13396647338.959158,61572.71072695194,21008838321.74097,238817138920.4346,26.953762006464405,70254681677.36037,-13397028922.854832,61575.216010359945
1956,0.0009780000000000001,69770625761.79066,-15544591230.333338,61577.13875801111,24059462167.361443,237862337124.634,27.02730738628162,69768945138.71353,-15544349694.85111,61575.216010359945
1957,0.0009785000000000002,69219401230.21011,-17674212458.364563,61572.5334492086,27640225105.235382,236812574984.81262,27.11583350614708,69217585854.48366,-17674513463.729675,61575.216010359945
1958,0.0009790000000000003,68602979283.42398,-19785673193.79552,61576.38123711881,31768295684.076363,235666757439.02133,27.219572121585518,68601266737.188324,-19785427440.417446,61575.216010359945
1959,0.0009795000000000001,67922320818.889694,-21875648201.641064,61577.09613884448,36466229822.82094,234422268922.13522,27.338854712349278,67920641877.9277,-21875213177.784096,61575.216010359945
1960,0.0009800000000000002,67178109288.30102,-23942383068.201355,61576.85851789271,41759085628.446175,233077353935.02444,27.474050606527495,67176478139.32444,-23941850250.396507,61575.216010359945
1961,0.0009805000000000003,66371206811.98349,-25983752527.966404,61574.47595935929,47676240790.87085,231629838118.6595,27.625590019570435,66369488092.873665,-25983413094.363903,61575.216010359945
1962,0.000981,65502476847.669785,-27997867849.30599,61570.527115961806,54251377823.20561,230077462768.5663,27.793963964159303,65500512334.857735,-27998053219.912243,61575.216010359945
1963,0.0009815000000000002,64572516869.27645,-29983593484.786236,61570.79457997174,61523273769.077896,228417665387.214,27.979735970878743,64570498596.206764,-29983828760.92012,61575.216010359945
1964,0.000982,63582067027.74953,-31939411289.649616,61576.8259759512,69537653062.59978,226646914270.89774,28.183582398822974,63580288119.49029,-31938887302.208786,61575.216010359945
1965,0.0009825,62533116872.63013,-33861436002.435707,61571.90868634606,78347465809.02715,224761294346.12,28.406291884912157,62531047990.45257,-33861528987.408886,61575.216010359945
1966,0.0009830000000000004,61425749507.11412,-35749911732.17009,61573.69564915044,88009119518.1907,222759110909.88556,28.64864400472402,61423714253.106705,-35749755135.58884,61575.216010359945
1967,0.0009835000000000002,60261404642.34117,-37602393801.55263,61575.488720606336,98591497873.62387,220635265924.56882,28.91160552623996,60259505555.84783,-37602021540.357834,61575.216010359945
1968,0.0009840000000000003,59041519342.43353,-39416740273.2444,61573.98608692528,110171834010.0646,218385627865.8922,29.196247533569224,59039481239.45455,-39416475613.8464,61575.216010359945
1969,0.0009845000000000001,57767074885.50915,-41191696722.17674,61573.13498828077,122837523717.09917,216006209191.88684,29.503736775149754,57764994012.15374,-41191553340.52823,61575.216010359945
1970,0.0009850000000000002,56438904438.777504,-42926213743.19697,61577.477978167146,136690063280.70564,213491691939.52252,29.835407055813796,56437228284.31973,-42925521587.86878,61575.216010359945
1971,0.0009855000000000003,55059383856.716,-44617225463.47255,61574.22202267689,151848083209.1593,210835380480.8804,30.192813605735807,55057489846.267426,-44616750936.172714,61575.216010359945
1972,0.0009860000000000001,53628993636.406876,-46264396875.21504,61574.71163441703,168443717928.15332,208032888819.69348,30.577592884293313,53627182691.88175,-46263773070.99708,61575.216010359945
1973,0.0009865000000000002,52149696438.1462,-47865530216.0416,61572.54760641281,186634146682.5214,205076269554.5645,30.991672157710887,52147610361.69725,-47865138844.596344,61575.216010359945
1974,0.0009870000000000002,50622821570.17162,-49419354343.8068,61569.78751632372,206599460159.6731,201958545959.48187,31.437189323721466,50620385147.80291,-49419252810.172646,61575.216010359945
1975,0.0009875,49049443312.48016,-50924900342.33608,61570.35141052307,228550468790.47925,198671251632.96573,31.916576453971302,49046914677.98193,-50924768713.86898,61575.216010359945
1976,0.0009880000000000002,47431260501.64023,-52380593866.56132,61571.920668322666,252736287129.24066,195203916958.38,32.43265705345201,47428824388.49094,-52380345149.870155,61575.216010359945
1977,0.0009885,45770493210.80649,-53784529500.74561,61569.130859148616,279449420068.011,191545761866.3766,32.98864248179056,45767635085.68549,-53784567394.95991,61575.216010359945
1978,0.000989,44068386371.90353,-55135832940.57305,61566.202770727745,309032767084.5307,187686253068.97345,33.588121614397934,44064902523.791046,-55136218092.40176,61575.216010359945
1979,0.0009895000000000004,42325828670.9723,-56433899058.12477,61568.85900880132,341896293549.8778,183611765266.03082,34.23525700164153,42322440817.81181,-56434094579.29018,61575.216010359945
1980,0.0009900000000000002,40545269533.64855,-57676909222.05166,61570.16177047757,378535051363.36163,179305082329.39526,34.93498297314844,40541889656.33734,-57676993401.59092,61575.216010359945
1981,0.0009905000000000003,38728457706.93894,-58863752849.65554,61570.35470363931,419541598719.1889,174749571217.1828,35.69296064914713,38725002429.564186,-58863838378.06999,61575.216010359945
1982,0.0009910000000000001,36876711955.96118,-59993670910.568085,61572.63766566979,465634603610.7296,169925896816.81165,36.51578083127936,36873416483.42522,-59993530648.91739,61575.216010359945
1983,0.0009915000000000002,34991627427.26617,-61065734178.79806,61577.66308510665,517695151733.80853,164810528318.5008,37.41126307341565,34989076585.91337,-61065001186.53204,61575.216010359945
1984,0.0009920000000000003,33076589753.42416,-62078060407.57153,61575.206483443995,576810535971.6204,159376359030.8629,38.38872966330197,33073666655.782127,-62077405760.54084,61575.216010359945
1985,0.0009925000000000001,31132097465.20578,-63030588186.84725,61575.13282065087,644321833109.4646,153596595604.78613,39.4590952922223,31129192286.18883,-63029830084.89232,61575.216010359945
1986,0.0009930000000000002,29160791494.16766,-63922079001.79248,61572.535423359426,721918847990.1206,147434993489.2484,40.635667922300016,29157498476.00122,-63921503951.2999,61575.216010359945
1987,0.0009935000000000002,27163942567.094105,-64752087683.16064,61571.4737724107,811736568712.2805,140852287836.91736,41.93457590531109,27160394426.27194,-64751586356.79247,61575.216010359945
1988,0.000994,25144196270.86264,-65519583009.08234,61567.80041171572,916510892495.599,133800886757.00198,43.37571370092168,25139850845.940712,-65519310641.85237,61575.216010359945
1989,0.0009945000000000002,23103172818.135555,-66224087050.745,61563.78643344211,1039774726078.8867,126228370653.75722,44.983654007146676,23097819534.399345,-66224119414.8746,61575.216010359945
1990,0.000995,21042117600.159462,-66865266553.97559,61562.98110124508,1186149820926.3425,118073510839.01285,46.78918416246189,21036171232.91717,-66865288664.67442,61575.216010359945
1991,0.0009955000000000003,18963428924.655167,-67442405151.986084,61562.6630202909,1361756223248.5288,109265965179.56563,48.831358749450104,18957037539.098026,-67442365664.69452,61575.216010359945
1992,0.0009960000000000004,16868935939.124159,-67955065706.23364,61563.43692311374,1574776475515.3257,99732109477.32458,51.15990766573496,16862224152.67921,-67954907896.26736,61575.216010359945
1993,0.0009965000000000002,14762020618.729176,-68402482501.05599,61559.10993192216,1836262973466.2769,89399148752.0843,53.838554529918255,14753918444.729021,-68402465035.11195,61575.216010359945
1994,0.0009970000000000003,12643170049.761099,-68784737807.72385,61557.14141516824,2161229080041.386,78214042735.12471,56.94866498085573,12634011247.553614,-68784696336.00217,61575.216010359945
1995,0.0009975000000000001,10514114501.762022,-69101559096.81311,61558.18431936018,2570128234881.5957,66166900010.89672,60.593624675796974,10504665670.851782,-69101235744.12251,61575.216010359945
1996,0.0009980000000000002,8378399950.215814,-69352429115.3649,61555.76092439515,3090523504859.857,53363659419.23107,64.90048490319805,8367793941.521803,-69351987038.84808,61575.216010359945
1997,0.0009985000000000003,6237096767.13048,-69537382152.07451,61554.13778443222,3758224034369.0776,40168923479.18484,70.01214580997768,6225382770.767385,-69536732720.54176,61575.216010359945
1998,0.000999,4092464822.96268,-69656283807.68028,61552.318576564125,4615525568551.235,27468542220.057503,76.05378499279306,4079508148.038955,-69655321023.699,61575.216010359945
1999,0.0009995000000000002,1946176215.6047251,-69709134299.16087,61551.6103767433,5699815757081.429,17152865235.749647,83.03316499975125,1932270579.536433,-69707800191.52933,61575.216010359945
2000,0.0010000000000000002,-199666482.3346234,-69695910407.91272,61551.33171593219,7007987259624.02,12788251188.72489,90.60673546664262,-205510275.7901111,-69694171061.1376,59061.94188748811
2001,0.0010005,-2342045334.113425,-69616804879.20166,61549.57231249936,8418295770468.223,19935489802.59531,97.67419057894861,-2262002378.4640164,-69617669379.64815,59061.94188748811
2002,0.0010010000000000002,-4472868695.422383,-69472448377.68932,61531.06284108195,9594342821984.098,44289899188.605896,102.08938844558574,-4314082020.907099,-69480599105.60745,59061.94188748811
2003,0.0010015,-6573747382.68808,-69265190053.55573,61457.711179945596,10037830117768.867,85814578773.54247,101.45730644020732,-6360090655.652359,-69283110100.4088,59061.94188748811
2004,0.0010020000000000003,-8632430109.978554,-68998511619.75291,61311.41748267761,9464477365819.025,133830193355.77916,95.39282348670085,-8398180737.29623,-69025406750.65257,59061.94188748811
2005,0.0010025000000000004,-10652733271.71812,-68674813271.08114,61113.02225000815,8128286697486.01,173564989530.56348,86.47145387812357,-10426667481.630083,-68707850255.36232,59061.94188748811
2006,0.0010030000000000002,-12643411272.085798,-68295102361.89073,60889.78349641311,6563548367119.632,197904685084.25418,77.89970514960363,-12443787717.544725,-68330804539.9838,59061.94188748811
2007,0.0010035000000000003,-14618514612.521753,-67858148082.22115,60676.81951276599,5151719903972.902,208719716726.13354,71.30263093123327,-14447584297.984972,-67894586918.98214,59061.94188748811
2008,0.0010040000000000001,-16580084824.807014,-67363762564.349266,60478.40437881292,4024359617376.8228,211082394140.33582,66.78951921604168,-16436534480.162716,-67399690322.62485,59061.94188748811
2009,0.0010045000000000002,-18529716702.240067,-66811484946.6123,60298.984903028555,3171358751045.904,209347016940.7848,63.8375364067804,-18408893768.048084,-66846535107.339066,59061.94188748811
2010,0.0010050000000000003,-20464840194.294403,-66201736628.38188,60134.013352211645,2537671882061.2173,206317108199.4917,61.84258064469609,-20362835536.46249,-66235719076.78919,59061.94188748811
2011,0.0010055,-22381962611.100353,-65535396687.86187,59977.62573775942,2066705428590.6672,203549576141.06552,60.30991276879029,-22296903395.961754,-65567903810.907555,59061.94188748811
2012,0.0010060000000000002,-24279498623.74496,-64812949268.918526,59830.921224473415,1712794234186.3665,201783568906.33264,58.88816483361629,-24209263418.719498,-64843686562.07847,59061.94188748811
2013,0.0010065000000000002,-26154898477.297638,-64035293536.84842,59692.54456352701,1442081820828.8384,201246209912.1508,57.35969812925935,-26098341322.180786,-64063736477.56154,59061.94188748811
2014,0.001007,-28007618147.46461,-63202660586.733284,59569.10949798954,1230392980624.1948,201841728048.19785,55.623066929857224,-27962500291.538536,-63228853402.029945,59061.94188748811
2015,0.0010075000000000001,-29834197511.027496,-62316496493.119736,59454.76600457274,1060832470993.6823,203296782290.03653,53.67049602389524,-29800052962.43796,-62339857467.97871,59061.94188748811
2016,0.001008,-31634260158.441174,-61377055783.93948,59356.59553300967,921840125911.1759,205265376020.1916,51.56030647358749,-31609551519.364193,-61397469370.6524,59061.94188748811
2017,0.0010085000000000003,-33406547470.717426,-60384926116.61115,59276.76180468438,805623916609.968,207429041667.569,49.3846510568048,-33389413796.23318,-60402604850.1466,59061.94188748811
2018,0.0010090000000000003,-35147193501.31272,-59342163316.76715,59202.63494711044,706976237955.1261,209549413186.04996,47.240176363560046,-35138070815.068954,-59356281130.2202,59061.94188748811
2019,0.0010095000000000002,-36857141364.87094,-58248354360.069405,59147.59771116833,622398840136.3049,211482407226.96896,45.20745877846709,-36854209560.96986,-58259373811.59015,59061.94188748811
2020,0.0010100000000000003,-38534240121.898964,-57104733761.04047,59106.34910571878,549429363782.6887,213184366435.10394,43.339871522557715,-38536212028.56643,-57112958788.70376,59061.94188748811
2021,0.0010105000000000001,-40177962857.68317,-55911588596.15363,59083.30805086297,486240566810.8189,214673606984.7877,41.66305916939617,-40182658605.171394,-55918035620.21,59061.94188748811
2022,0.0010110000000000002,-41784616957.2879,-54671422968.56132,59062.1445950417,431378320481.37286,216005442097.9172,40.179818464415675,-41792126813.92909,-54675730722.93023,59061.94188748811
2023,0.0010115000000000002,-43354083268.99824,-53384434735.00064,59050.89251113257,383641272751.2122,217238022531.89468,38.87790820268094,-43363371010.60784,-53387147118.57335,59061.94188748811
2024,0.001012,-44883814360.27736,-52052666395.02766,59039.97476956411,341990671548.3227,218427118039.21115,37.73666890309085,-44895055237.21345,-52053549759.643936,59061.94188748811
2025,0.0010125000000000002,-46373771926.96278,-50676254539.69817,59038.49808942687,305530624406.93604,219609184091.3238,36.732828184634776,-46385766192.532234,-50676144769.99023,59061.94188748811
2026,0.0010130000000000002,-47821819033.28482,-49257107550.80854,59038.76518622093,273480422622.55417,220806729980.34692,35.84389136848438,-47834360998.13692,-49256160973.09566,59061.94188748811
2027,0.0010135,-49226718741.15524,-47796499957.121506,59040.438048506774,245175976735.47217,222023729212.0498,35.05036704912298,-49239590735.16715,-47794773236.55986,59061.94188748811
2028,0.0010140000000000001,-50587993588.008896,-46294977767.94213,59049.38787448441,220056716973.02075,223253660726.6227,34.336405726589554,-50600306229.919815,-46293460785.92661,59061.94188748811
2029,0.0010145000000000002,-51903657441.88868,-44754676588.206375,59057.49773839398,197652073737.82556,224485613024.65707,33.68956495667043,-51915305018.049286,-44753510694.67774,59061.94188748811
2030,0.0010150000000000003,-53172077459.91176,-43177609392.54003,59059.92166802059,177576907587.61642,225703959249.46243,33.1004361801649,-53183537376.39783,-43176228667.32745,59061.94188748811
2031,0.0010155000000000003,-54393162673.5981,-41564073625.58507,59066.75633789716,159517419852.70044,226893359857.7923,32.56194187622212,-54403969393.825294,-41563181812.22886,59061.94188748811
2032,0.0010160000000000002,-55565377133.42128,-39916106835.83709,59072.27913888207,143212860491.0969,228043739969.61166,32.068497303086026,-55575515990.22899,-39915750224.735085,59061.94188748811
2033,0.0010165000000000003,-56687419128.765015,-38235668160.48619,59073.04475635147,128451387448.42307,229145830695.5415,31.615652442061307,-56697280209.41079,-38235423873.802376,59061.94188748811
2034,0.0010170000000000001,-57758855871.11358,-36523609482.55897,59075.16517924833,115059886441.45956,230192395026.59976,31.199752482067648,-57768369305.23475,-36523666480.657555,59061.94188748811
2035,0.0010175000000000002,-58778302268.57188,-34782251194.69752,59072.3151855454,102893108121.88812,231179696563.398,30.817619343413647,-58787816684.511566,-34782065757.665695,59061.94188748811
2036,0.0010180000000000002,-59745430540.69013,-33012397930.61104,59071.35463580926,91831623974.64227,232103994080.7618,30.46651845086514,-59754792625.32659,-33012145710.232193,59061.94188748811
2037,0.0010185,-60659379248.66446,-31215733475.292057,59071.025657125465,81773126795.17055,232963880164.43555,30.14399970504989,-60668625064.76998,-31215500357.51611,59061.94188748811
2038,0.0010190000000000002,-61519576325.23958,-29393511546.68432,59073.71975272855,72631220012.62553,233757875257.9119,29.847908666273472,-61528535492.39001,-29393645475.42888,59061.94188748811
2039,0.0010195000000000002,-62324812917.73273,-27548384537.81926,59071.06002167601,64331695218.85536,234484983020.4358,29.57634958464141,-62333754242.341064,-27548243126.786743,59061.94188748811
2040,0.00102,-63075026590.579735,-25680797866.879955,59073.10509097571,56812657038.13787,235143139763.3835,29.327725737857843,-63083700086.3627,-25680990558.814278,59061.94188748811
2041,0.0010205000000000001,-63769143308.630455,-23793488464.141098,59070.788634611585,50018662780.49813,235732109523.45493,29.10060525069758,-63777805901.33909,-23793477284.056164,59061.94188748811
2042,0.0010210000000000002,-64406821402.27049,-21887724362.16171,59068.11410664281,43903279421.06876,236250396658.3286,28.893782493981007,-64415521685.574715,-21887392001.364292,59061.94188748811
2043,0.0010215000000000003,-64987775705.58366,-19964590047.418335,59069.51324976741,38425349486.9878,236697391853.70645,28.706199150049855,-64996357241.77897,-19964417855.043144,59061.94188748811
2044,0.0010220000000000003,-65511236126.70569,-18026743085.70456,59067.04902507118,33548366902.163548,237072884482.6873,28.536913003669014,-65519849680.3776,-18026166206.668358,59061.94188748811
2045,0.0010225000000000002,-65977060250.52617,-16075123734.240864,59067.19633433688,29241639338.74257,237375800303.72128,28.385134279381973,-65985610232.781624,-16074536648.300854,59061.94188748811
2046,0.0010230000000000003,-66384942955.915985,-14111174520.844152,59071.28025659578,25477684028.487324,237605849089.0672,28.25016157864292,-66393323968.37967,-14111125493.93135,59061.94188748811
2047,0.0010235,-66734233975.53974,-12138179137.43998,59067.17788006518,22232730871.04335,237762635481.07108,28.131382139460975,-66742647773.45803,-12137662943.539183,59061.94188748811
2048,0.0010240000000000002,-67025056647.93955,-10156290018.039143,59068.19359513278,19487492395.906864,237844999221.8751,28.028300024595246,-67033412849.67539,-10155866693.530275,59061.94188748811
2049,0.0010245000000000002,-67257050132.508064,-8168115070.220578,59066.86276653065,17224469639.30027,237852844732.47946,27.940462077736125,-67265425511.72433,-8167510960.57332,59061.94188748811
2050,0.001025,-67430212778.66941,-6174411146.998078,59070.78046895145,15429633684.19424,237785473439.82086,27.867491365474482,-67438456607.50377,-6174260450.347655,59061.94188748811
2051,0.0010255000000000002,-67544299676.38166,-4178178834.4307485,59069.70710998801,14091231299.776865,237642464128.19843,27.809063161229314,-67552551490.36968,-4177911523.907408,59061.94188748811
2052,0.0010260000000000002,-67599364239.17786,-2180491822.9884515,59069.63808617548,13200510753.484863,237422960073.8009,27.764922873335323,-67607571167.4245,-2180234193.9741635,59061.94188748811
2053,0.0010265,-67595412180.31733,-183330011.30227774,59068.64462832608,12750798637.413662,237126359408.78308,27.734862617072594,-67603506104.90492,-182892546.87492532,59061.94188748811
2054,0.0010270000000000001,-67532520425.69873,1812130845.2255845,59070.988313191556,12737763082.10107,236751946790.80344,27.7187237623045,-67540593198.36724,1812256623.8045206,59061.94188748811
2055,0.0010275000000000002,-67410807674.49892,3803267293.434889,59069.53508214058,13159348569.126308,236298928596.4173,27.71639595346279,-67418888638.508,3803519057.0128393,59061.94188748811
2056,0.0010280000000000003,-67230425812.98056,5789252825.44944,59071.67981510126,14015648803.020805,235766457148.15967,27.727814783757655,-67238564678.41504,5789209401.995411,59061.94188748811
2057,0.0010285000000000003,-66991540833.22394,7768525576.8804035,59077.75369851684,15309094734.012741,235153540257.50595,27.75296416740102,-66999744762.85178,7767497106.803892,59061.94188748811
2058,0.0010290000000000002,-66694620038.28118,9737452832.888712,59073.047177022876,17044542536.717245,234459001637.27615,27.79187933832103,-66702779676.16797,9736809784.318678,59061.94188748811
2059,0.0010295000000000002,-66339876695.137505,11695792639.696476,59070.659711825596,19228240702.061264,233682125716.29178,27.844618194116148,-66348101085.339745,11695351281.767736,59061.94188748811
2060,0.00103,-65927644032.2654,13641988103.184193,59071.04895534035,21869328592.229404,232821634696.3375,27.911292539499687,-65935979249.05848,13641438411.576075,59061.94188748811
2061,0.0010305000000000002,-65458439173.340996,15573809998.802792,59069.5930054642,24979571320.683228,231876068037.85254,27.992069247578723,-65466867924.58852,15573407910.678638,59061.94188748811
2062,0.0010310000000000002,-64932574551.77576,17490324470.05947,59072.0894162448,28572947162.517696,230844130070.9651,28.087154512693097,-64941071826.41993,17489586972.630116,59061.94188748811
2063,0.0010315,-64350854336.50521,19388720261.041637,59069.12718895153,32666836083.145374,229723983530.08313,28.196818199522095,-64359321789.18209,19388343268.60527,59061.94188748811
2064,0.0010320000000000001,-63713581134.22296,21268422022.2746,59069.765066349864,37280471507.39353,228514428215.9759,28.321353449976268,-63722199757.972466,21267998661.009148,59061.94188748811
2065,0.0010325000000000002,-63021552572.893684,23127187179.88301,59068.546153116105,42437427645.139336,227213278945.25198,28.461130038678974,-63030165454.27339,23126870085.630566,59061.94188748811
2066,0.001033,-62275209970.553,24964069236.482143,59070.75426889973,48164103150.628174,225818761747.6214,28.616561557131593,-62284053182.24548,24963498595.749207,59061.94188748811
2067,0.0010335000000000001,-61475593188.02665,26776601092.416313,59068.92722776278,54491696263.57354,224328338423.06226,28.78814253573839,-61484449162.46187,26776244331.025276,59061.94188748811
2068,0.0010340000000000002,-60623340665.536095,28563608518.365353,59066.798402397944,61454456874.15732,222740198465.09958,28.976401209685296,-60632152861.3868,28563524153.083035,59061.94188748811
2069,0.0010345000000000003,-59719151284.06289,30323798887.198753,59066.22752932954,69092055874.14035,221051778526.9793,29.1819432044684,-59727974104.460396,30323921228.037464,59061.94188748811
2070,0.0010350000000000003,-58763953576.01677,32055484362.46309,59065.456399191986,77450089830.69702,219260046109.55246,29.405467149864766,-58772758936.59576,32055857705.792103,59061.94188748811
2071,0.0010355000000000002,-57758353011.42733,33757704257.591057,59068.568250864235,86580052350.83934,217362023462.9497,29.647751117082006,-57767455194.45028,33757856865.196632,59061.94188748811
2072,0.0010360000000000002,-56703580890.53365,35428419710.28962,59070.15866882336,96541648888.26086,215353817183.2372,29.909694325919585,-56712901215.97954,35428434346.49444,59061.94188748811
2073,0.0010365,-55600569988.96951,37066298052.40659,59071.2562053933,107401442666.27562,213232208509.41818,30.19226860389961,-55610117877.004585,37066250605.48777,59061.94188748811
2074,0.0010370000000000002,-54450487668.75722,38669733420.65741,59070.22677375252,119235500917.52547,210993361579.56342,30.496554931320354,-54460103481.24334,38669892648.602356,59061.94188748811
2075,0.0010375000000000002,-53254370477.40779,40237438964.42813,59068.04839525909,132130063900.36958,208633323849.338,30.82374619455201,-53263926140.253586,40237914010.03627,59061.94188748811
2076,0.001038,-52012843181.13826,41768725976.82853,59070.2045487093,146184012150.23987,206147452824.6585,31.175182414461187,-52022664145.94056,41769091225.25848,59061.94188748811
2077,0.0010385000000000001,-50727607297.21013,43261529942.910225,59069.439312184266,161512881548.30615,203529485841.61066,31.55242682366904,-50737516463.86651,43262045003.11978,59061.94188748811
2078,0.0010390000000000002,-49399201520.66666,44715367100.965836,59072.88605328085,178246970490.018,200774415250.7662,31.95717609417048,-49409571401.7557,44715560167.51986,59061.94188748811
2079,0.0010395,-48029667654.70099,46128033247.98244,59071.34543508131,196539586245.87357,197874827499.92117,32.39139762865933,-48040089421.42524,46128457822.94586,59061.94188748811
2080,0.0010400000000000003,-46619980240.260086,47498701391.052025,59068.780824719564,216564376007.42453,194825032647.05466,32.857216429960935,-46630358077.658585,47499534950.2206,59061.94188748811
2081,0.0010405000000000002,-45170551507.81654,48827076592.60654,59072.989818407084,238524659618.92715,191617268136.11942,33.357048780280515,-45181543264.370895,48827567662.57057,59061.94188748811
2082,0.0010410000000000003,-43683638136.54099,50111072573.63494,59074.04553859115,262662161459.65536,188240772019.2492,33.89375715780465,-43694971486.505325,50111575356.453,59061.94188748811
2083,0.0010415000000000003,-42160157912.63639,51350023034.598274,59076.21402352686,289255810174.0889,184686912023.15784,34.47049902033402,-42172081478.32704,51350343151.58492,59061.94188748811
2084,0.0010420000000000002,-40600899226.90871,52543338852.41806,59083.608534649684,318636645860.0616,180944359663.45386,35.09090416258802,-40614112272.56766,52543005248.1232,59061.94188748811
2085,0.0010425000000000002,-39009037265.28182,53688588637.14734,59081.557309593976,351200295196.816,176999152235.31006,35.75922226024891,-39022564640.49737,53688448501.04409,59061.94188748811
2086,0.001043,-37384575263.15542,54785985416.32437,59082.8288654834,387408974160.56305,172840730398.518,36.48012107486127,-37398772259.01023,54785759940.95428,59061.94188748811
2087,0.0010435000000000002,-35729068553.57656,55834504945.2376,59085.81193124561,427824886237.9202,168451705137.00156,37.2591576515123,-35744280509.31796,55834014429.92763,59061.94188748811
2088,0.0010440000000000002,-34044667598.539337,56832834330.68772,59085.58129036675,473127051572.03357,163813351333.01144,38.102855346620245,-34060457444.36677,56832404404.1912,59061.94188748811
2089,0.0010445,-32332471142.53355,57780444887.33706,59085.564193851926,524137732710.5757,158906365098.9653,39.01877920148263,-32348921471.460167,57780116481.42243,59061.94188748811
2090,0.0010450000000000001,-30594213160.270077,58676451761.24245,59084.42487574827,581867203561.2083,153706938584.97296,40.01590507996566,-30611175943.690437,58676270317.254036,59061.94188748811
2091,0.0010455000000000002,-28831066301.766876,59520343028.11985,59084.679976967614,647562834367.1697,148188402032.714,41.10490347393667,-28848732217.344555,59520321532.11231,59061.94188748811
2092,0.001046,-27045286190.84298,60311096225.75231,59082.032408195526,722782195828.8782,142318923369.15894,42.29863805305198,-27063238662.691273,60311521875.91685,59061.94188748811
2093,0.0010465000000000003,-25237744650.99593,61048446762.86266,59081.15386766648,809480072364.6531,136064049310.24168,43.6125763474711,-25256053378.076942,61049144725.665565,59061.94188748811
2094,0.0010470000000000002,-23409542802.144356,61731988598.310425,59084.294377325365,910144271865.6465,129381627220.12749,45.065690260393815,-23428992264.70475,61732751902.10148,59061.94188748811
2095,0.0010475000000000003,-21562620696.23082,62360993897.65918,59088.826654620316,1027972484837.9974,122222549386.4208,46.68147480626075,-21583602753.938206,62361771507.01288,59061.94188748811
2096,0.0010480000000000003,-19698788642.796104,62934878485.110504,59093.519894153396,1167110672743.6812,114532924045.87372,48.48910866990288,-19721525138.68018,62935685755.673874,59061.94188748811
2097,0.0010485000000000002,-17819605510.343296,63453211939.576065,59098.72830919371,1332991318993.329,106253508619.18883,50.5251164924921,-17844421678.116528,63454104277.31707,59061.94188748811
2098,0.0010490000000000002,-15927092667.725082,63915479748.89101,59102.6355550339,1532808215550.1497,97320630450.22998,52.83563286625336,-15953903281.151325,63916559868.33781,59061.94188748811
2099,0.0010495,-14022961206.46959,64321340803.63956,59105.31753732864,1776170519939.318,87672539342.25769,55.47917891429758,-14051592007.271048,64322776212.06842,59061.94188748811
2100,0.0010500000000000002,-12108604544.201845,64670577507.23059,59108.23711437599,2076003960452.1685,77259812774.97795,58.53010543900827,-12139158106.79281,64672422956.43471,59061.94188748811
2101,0.0010505000000000002,-10185080094.576757,64963050385.79832,59113.91967350503,2449733592975.649,66069224256.29436,62.08219728396605,-10218430603.929953,64965305237.9743,59061.94188748811
2102,0.001051,-8254963812.701039,65198361617.734474,59118.2677206645,2920673321392.114,54173965805.96487,66.25075059450259,-8290988869.780153,65201234567.582344,59061.94188748811
2103,0.0010515000000000001,-6319169867.377245,65376484169.12909,59124.56301374699,3519136039088.7446,41839365170.58365,71.16791527598053,-6358553744.525808,65380004677.185715,59061.94188748811
2104,0.0010520000000000002,-4379351171.79369,65497283894.20971,59132.69402920452,4281772163758.302,29713514824.19481,76.96002259999972,-4422785396.128106,65501602105.14088,59061.94188748811
2105,0.0010525,-2438098128.9532175,65560606933.623566,59139.28617469969,5244829399609.192,19180080353.12904,83.67854595481816,-2485426458.7277837,65565907871.61388,59061.94188748811
2106,0.0010530000000000003,-497900621.7122431,65566467422.84967,59142.18744949753,6421623949384.629,12887865168.928268,91.13312408016634,-548090640.7977904,65573034787.7595,59061.94188748811
2107,0.0010535000000000002,1438056587.9191241,65515067898.98864,59138.08522888962,7749038167391.805,15200556831.551056,98.57484385740968,1387522690.8792,65522948248.21841,59061.94188748811
2108,0.0010540000000000002,3365267154.1587777,65406854571.52957,59120.35101751345,9003860316475.896,31494024687.94117,104.34005128196998,3319712801.3162475,65415759416.243774,59061.94188748811
2109,0.0010545000000000003,5282662968.387077,65242325264.65602,59092.15610375581,9775559876837.947,64472989891.11299,106.07453107964908,5246776550.860884,65251683875.93843,59061.94188748811
2110,0.0010550000000000002,7185956116.589939,65022394700.05542,59048.55567327096,9675000370181.838,108712929710.86134,102.33143500144317,7167010529.703185,65030911594.07998,59061.94188748811
2111,0.0010555000000000002,9079326121.333282,64747145169.0627,59005.418444426134,8701404493056.446,151454499369.50266,94.35390929387924,9078804971.876642,64753734591.6229,59061.94188748811
2112,0.001056,10968036621.600166,64415909707.67563,58978.96829476229,7263374521547.011,182285871379.1218,85.22494866896369,10980551171.12805,64420405238.26633,59061.94188748811
2113,0.0010565000000000001,12848593274.512272,64028960630.47457,58962.968211474814,5805145029678.663,199232359698.0549,77.36419474429832,12870429785.900293,64031324263.84955,59061.94188748811
2114,0.0010570000000000002,14721532741.583096,63585931692.960464,58961.95319060643,4562428802957.8955,205797606790.07776,71.57625084329248,14746967477.934402,63586857942.79695,59061.94188748811
2115,0.0010575,16579556892.550419,63088178032.455215,58961.04323419848,3587894043238.844,206389096054.92758,67.63486575826606,16608551624.764942,63087415187.583336,59061.94188748811
2116,0.0010580000000000001,18423992599.66332,62535387054.374214,58968.29306629813,2850425316347.226,204305155590.0684,64.98734447273699,18453475544.053516,62533581507.67801,59061.94188748811
2117,0.0010585000000000002,20252073168.362682,61928189483.35114,58980.82540262086,2297949401701.022,201595185544.28683,63.095262418930815,20280185467.908634,61925841170.22785,59061.94188748811
2118,0.0010590000000000003,22059968009.421196,61267758917.133644,58991.81043556491,1882453490932.3162,199375146856.90817,61.53785520227346,22087100169.93527,61264792346.49309,59061.94188748811
2119,0.0010595000000000003,23848555252.10052,60553877589.28331,59009.80715739064,1566217648768.9966,198145910495.68048,60.024556539401324,23872681351.205795,60551118065.74796,59061.94188748811
2120,0.0010600000000000002,25613748717.477104,59788038411.73343,59025.27420376355,1321368456944.1855,198023799229.43063,58.38278041777009,25635427578.35842,59785492368.96175,59061.94188748811
2121,0.0010605000000000002,27354404000.104347,58970857095.22299,59039.42711641559,1127951495099.6978,198870857402.04065,56.541998636535276,27373826182.597065,58968614795.49904,59061.94188748811
2122,0.0010610000000000003,29068409762.737446,58103408147.46939,59049.13855585058,971931744178.8,200419051810.33734,54.51196471864353,29086333920.54778,58101279822.10823,59061.94188748811
2123,0.0010615000000000002,30755517979.360172,57185974734.87628,59060.2862864717,843588349161.3397,202360471423.21866,52.356226273263175,30771445579.674988,57184231640.15711,59061.94188748811
2124,0.0010620000000000002,32413531971.40243,56219772155.95789,59068.77132698051,736244284069.5564,204424278561.01453,50.163140364026255,32427827482.1319,56218382755.94064,59061.94188748811
2125,0.0010625,34041165861.797935,55205661050.83215,59075.34080918612,645321988591.1907,206412355302.4602,48.021034101328645,34054119015.67048,55204635178.68611,59061.94188748811
2126,0.0010630000000000001,35637354729.65619,54144402288.97042,59081.97521961745,567625894910.7235,208215437707.12155,46.00096167344338,35648743819.0403,54143926633.381584,59061.94188748811
2127,0.0010635000000000002,37200145283.2913,53037357741.760185,59084.964536009764,500839737984.7891,209802271284.51355,44.1489000478825,37210531068.34226,53037253673.81337,59061.94188748811
2128,0.001064,38727834532.657104,51885879805.77988,59082.066609592934,443203061472.36835,211193418352.8684,42.485980070789836,38738049732.37811,51885611586.3196,59061.94188748811
2129,0.0010645000000000001,40220546908.047646,50690060313.30574,59083.38418637703,393308465158.5715,212437112136.3121,41.013282655222305,40229991440.622635,50690073812.30517,59061.94188748811
2130,0.0010650000000000002,41676157984.93825,49451613057.873764,59082.42455795833,349977229907.51294,213592310472.87402,39.718113821143206,41685184528.53741,49451714464.435074,59061.94188748811
2131,0.0010655000000000003,43093741838.71829,48171451805.000916,59081.61882747515,312211500320.33484,214706832077.45203,38.580591000941425,43102367958.715614,48171617254.24993,59061.94188748811
2132,0.0010660000000000003,44471799321.771645,46851023686.47875,59078.52649818722,279156708466.1321,215814881358.8625,37.57845168375789,44480329423.30705,46851008677.95891,59061.94188748811
2133,0.0010665000000000002,45809692062.89388,45491072407.67125,59077.576344967216,250086315321.27374,216933819639.4727,36.69036474978334,45817961690.48561,45491037886.15243,59061.94188748811
2134,0.0010670000000000002,47106110902.379456,44092989017.56276,59076.94546093572,224384865541.6557,218068748870.24292,35.89759603900991,47114099747.11542,44092991728.94929,59061.94188748811
2135,0.0010675000000000003,48360101130.02418,42657891376.4442,59077.76726719879,201539566299.49713,219214064351.9728,35.1847336642417,48367763618.67275,42658095987.87067,59061.94188748811
2136,0.0010680000000000002,49570233817.712204,41187492930.44488,59076.26563472072,181126720894.846,220358836162.60693,34.539585176785884,49577685353.04993,41187692929.861305,59061.94188748811
2137,0.0010685000000000002,50735999111.844124,39682551211.7316,59077.5823934928,162801302811.81458,221489134516.81528,33.952764842404065,50743025781.2118,39683030882.886,59061.94188748811
2138,0.001069,51855987863.45348,38144943932.32065,59076.82583981718,146280695293.7639,222592969552.50354,33.41698867165794,51862822462.467865,38145521559.84242,59061.94188748811
2139,0.0010695000000000001,52929153694.6941,36576266298.8551,59072.784012829834,131337081366.09653,223658833947.951,32.92659646493707,52936074663.75127,36576573595.03795,59061.94188748811
2140,0.0010700000000000002,53954641555.966385,34977968361.33488,59065.927058189765,117785550948.48051,224677662392.91064,32.47706486576456,53962013340.34135,34977527243.539154,59061.94188748811
2141,0.0010705,54932360062.12624,33350377852.071087,59065.588345701784,105474622038.2491,225643043420.87997,32.064641700665625,54939722859.49254,33349738205.370613,59061.94188748811
2142,0.0010710000000000001,55861111199.37112,31695489761.254738,59066.0062274049,94276568311.45386,226552022570.5079,31.68604452946477,55868297679.22002,31694784052.121017,59061.94188748811
2143,0.0010715000000000002,56740385658.37059,30014312755.962517,59070.57736796982,84086609696.39592,227401173889.8236,31.338460913394915,56747137214.66093,30014127081.667263,59061.94188748811
2144,0.0010720000000000003,57568909549.69505,28309322675.257942,59070.7711131176,74815970505.89873,228188458534.23056,31.01943028661845,57575514799.34464,28309175425.669586,59061.94188748811
2145,0.0010725000000000003,58346236243.173256,26581682290.55725,59070.31270945914,66391402478.40315,228911018026.1948,30.726868250266733,58352743143.82864,26581604228.267994,59061.94188748811
2146,0.0010730000000000002,59071784548.7746,24832858098.033215,59069.8635128346,58749363567.656715,229567442942.10825,30.458947226722245,59078204799.87106,24832802052.40034,59061.94188748811
2147,0.0010735000000000002,59744990881.202,23064378618.39313,59069.582088080955,51834820064.75552,230156696813.53983,30.214064912839596,59751289447.78926,23064333374.807957,59061.94188748811
2148,0.0010740000000000003,60365247289.07998,21278025079.33808,59067.80843277868,45599899330.70112,230677879626.60233,29.990824775149125,60371465495.31208,21277823670.50901,59061.94188748811
2149,0.0010745000000000002,60932319913.70132,19474707401.623905,59069.90162218574,40003066783.76301,231130003797.71628,29.788024202205875,60938365808.49643,19474793760.597836,59061.94188748811
2150,0.0010750000000000002,61445472366.44513,17656858904.153286,59068.66098980117,35007187917.842834,231512714549.92206,29.604601172806305,61451478428.10412,17656863537.776287,59061.94188748811
2151,0.0010755000000000003,61904565311.14977,15825317999.593798,59070.55799728972,30580805672.348133,231824861403.2171,29.439665074917873,61910428626.430984,15825612223.351677,59061.94188748811
2152,0.0010760000000000001,62309050663.31114,13982412551.561623,59069.541413677405,26695645463.379105,232066073493.74213,29.292429831676806,62314942242.3914,13982678520.513762,59061.94188748811
2153,0.0010765000000000002,62658770414.70651,12129288566.994957,59069.81539106036,23327821983.345135,232235441492.86945,29.1622332249115,62664592698.67244,12129698383.352943,59061.94188748811
2154,0.001077,62953508669.070465,10267350174.26195,59072.71847623129,20456283234.694218,232332511497.3481,29.04849510251036,62959184704.58686,10268266723.255949,59061.94188748811
2155,0.0010775000000000001,63192935443.76168,8398915606.814403,59072.57751018059,18063019006.085533,232356796732.90036,28.950712663356157,63198588564.64389,8400027294.260445,59061.94188748811
2156,0.0010780000000000002,63376972446.431465,6525314617.270796,59072.379040348766,16133295537.970695,232307482637.31,28.86846927405467,63382643644.95993,6526543210.289639,59061.94188748811
2157,0.0010785000000000002,63505479538.45454,4648688141.442093,59068.452851797265,14654757434.866386,232184007900.34897,28.801409092062173,63511191154.88474,4649509207.465608,59061.94188748811
2158,0.0010790000000000003,63578490265.8605,2770093419.337692,59065.970981629995,13617639846.955471,231985700979.18726,28.749237742849466,63584259745.760544,2770599023.1316924,59061.94188748811
2159,0.0010795000000000002,63595989091.24185,891460754.3299825,59062.4589912936,13014307331.769833,231712034320.59055,28.711709011338097,63601772237.17295,891457004.7439734,59061.94188748811
2160,0.0010800000000000002,63558044330.31824,-985849666.6981306,59060.203571727245,12839494116.50153,231362313786.3814,28.688630717679324,63563822509.451965,-986360996.5147128,59061.94188748811
2161,0.0010805000000000003,63464733620.90093,-2860650316.8192782,59062.21103482785,13090143553.644539,230935790431.8129,28.679861824305068,63470531259.971985,-2861127818.4948463,59061.94188748811
2162,0.0010810000000000001,63316194337.63846,-4730644985.449801,59062.58146242731,13765528642.477528,230431556678.09607,28.68531483925525,63321954579.1856,-4731231122.29631,59061.94188748811
2163,0.0010815000000000002,63112634510.94859,-6594206051.407853,59061.67348356431,14867059925.601303,229848660546.67355,28.704951147641463,63118370391.06211,-6595028307.883388,59061.94188748811
2164,0.0010820000000000003,62854238287.409225,-8450318557.360628,59064.25395008284,16398233647.833946,229186141219.89633,28.738776188895233,62860007594.73535,-8450938546.471073,59061.94188748811
2165,0.0010825000000000001,62541281289.763756,-10297179447.64249,59068.09595891111,18364977527.73566,228442812222.3369,28.786846983281887,62547115259.74497,-10297394266.644907,59061.94188748811
2166,0.0010830000000000002,62174188055.71887,-12132561482.341072,59068.23557266883,20775463518.512993,227617441960.39,28.84926799609385,62180037291.63079,-12132762154.028517,59061.94188748811
2167,0.0010835,61753333753.65028,-13955083929.628216,59067.05704157151,23639793051.255417,226708964000.73087,28.926178592243893,61759162542.17734,-13955425743.34175,59061.94188748811
2168,0.0010840000000000001,61279046936.07774,-15763657283.632706,59068.508633893485,26970571905.778393,225716099273.01575,29.017764092762718,61284920734.41729,-15763847343.262058,59061.94188748811
2169,0.0010845000000000004,60751974791.21362,-17555974919.520897,59066.36153199112,30783421198.667515,224637178881.39795,29.12427164773688,60757804087.635506,-17556440766.525375,59061.94188748811
2170,0.0010850000000000002,60172463850.75698,-19331205007.752598,59066.82382972101,35096077280.73092,223470888152.00607,29.245984256710543,60178329938.84534,-19331619799.642456,59061.94188748811
2171,0.0010855000000000003,59541313183.950874,-21087041801.54274,59063.36505044456,39930036779.216995,222215237149.5242,29.383255503789606,59547072562.41864,-21087960683.02716,59061.94188748811
2172,0.0010860000000000002,58858784669.01066,-22823055839.078873,59065.13823687809,45309207795.93775,220868724909.95428,29.53647518365914,58864530213.48913,-22823825171.2522,59061.94188748811
2173,0.0010865000000000002,58125627362.93917,-24537370171.021736,59068.04902025014,51262558751.88224,219428713405.49167,29.70612859825905,58131565192.07378,-24537859128.58081,59061.94188748811
2174,0.0010870000000000003,57342591830.002754,-26228345091.87232,59070.555875986174,57822661738.452225,217892909014.8047,29.892762270526674,57348742296.57674,-26228481705.249027,59061.94188748811
2175,0.0010875000000000001,56510411219.0494,-27894540183.62012,59072.82610875735,65026368207.75136,216259007840.83765,30.096981365894223,56516829797.0977,-27894353891.385796,59061.94188748811
2176,0.0010880000000000002,55629866348.64503,-29534524432.037254,59074.88187138871,72915626134.42395,214524436568.55008,30.319462994178107,55636581280.38414,-29533978567.984585,59061.94188748811
2177,0.0010885000000000003,54702061812.019226,-31146377646.61683,59072.59713248629,81538123943.48549,212686358187.733,30.560966640663825,54708829319.841675,-31145992541.03996,59061.94188748811
2178,0.0010890000000000001,53727432819.75353,-32729554777.238598,59073.542165039406,90946977075.19983,210742278591.88483,30.822312797786626,53734466378.28718,-32729002373.360897,59061.94188748811
2179,0.0010895000000000002,52707332322.67852,-34281925888.24231,59070.66763122205,101204540310.00833,208688112328.53952,31.104469547673265,52714346302.93215,-34281586077.632164,59061.94188748811
2180,0.00109,51642565694.424774,-35802461767.34689,59067.06294257142,112379905520.99081,206520777606.60513,31.40848040945936,51649412601.74145,-35802538328.937096,59061.94188748811
2181,0.0010905,50533731132.500534,-37290438707.887634,59067.58236878366,124552656212.17665,204236188806.60178,31.735523416647872,50540696021.13171,-37290550587.05982,59061.94188748811
2182,0.0010910000000000004,49382472878.95331,-38743697126.62499,59063.8030497814,137815439448.91705,201828969574.69788,32.08696966043371,49389202912.28417,-38744340614.815285,59061.94188748811
2183,0.0010915000000000002,48188976096.4982,-40162174866.72281,59066.51739687207,152271593467.9023,199295168877.12338,32.464286792881786,48196033909.234566,-40162649022.03431,59061.94188748811
2184,0.0010920000000000003,46955186910.749855,-41543555748.3211,59064.81575551785,168043766438.98715,196627878823.98932,32.86921026410286,46962149291.58097,-41544269220.71261,59061.94188748811
2185,0.0010925000000000002,45681678869.01509,-42887359715.314804,59065.493157922414,185269259100.93576,193822325529.55972,33.30359816100661,45688743712.61455,-42888119513.70866,59061.94188748811
2186,0.0010930000000000002,44369609057.70379,-44192416763.09206,59067.80324630829,204109410754.17783,190871257166.18472,33.769586897390994,44376962477.36418,-44192997929.36434,59061.94188748811
2187,0.0010935000000000003,43020251629.536255,-45457514792.54577,59070.44116728943,224751403389.23486,187766973942.63312,34.269599863288725,43027993029.79385,-45457913404.37428,59061.94188748811
2188,0.0010940000000000001,41634427049.64717,-46681948688.68361,59076.73144345992,247412898757.95853,184501316040.30234,34.8063672575084,41643049432.55354,-46681797197.74915,59061.94188748811
2189,0.0010945000000000002,40214640481.23644,-47863527878.31256,59075.04667457383,272350589323.03333,181064215299.55377,35.383035637169876,40223380337.314606,-47863484831.52009,59061.94188748811
2190,0.0010950000000000003,38760963570.18992,-49002383105.066086,59077.35840885626,299860010260.5107,177447947222.45422,36.00302715127468,38770313604.794075,-49002104576.668976,59061.94188748811
2191,0.0010955000000000001,37275203185.17028,-50097117087.47817,59078.65424370812,330296744319.75073,173639468901.82974,36.670392688958096,37285062011.64998,-50096671851.73149,59061.94188748811
2192,0.0010960000000000002,35758531152.28333,-51146952437.175064,59080.39612502947,364081090343.429,169626112685.30222,37.38977002908728,35769075785.417496,-51146281179.84012,59061.94188748811
2193,0.0010965,34212918948.401257,-52150595034.51038,59078.0399765862,401716678748.9471,165392984908.05472,38.16654010976898,34223667206.662952,-52150155509.42985,59061.94188748811
2194,0.001097,32639021239.73752,-53107754908.49166,59077.73244426306,443806286503.97046,160924839075.0297,39.00687592060591,32650113351.286076,-53107338032.84228,59061.94188748811
2195,0.0010975000000000004,31038545947.18735,-54017440714.62806,59076.92228098562,491084582619.4812,156201722680.7801,39.91809494690594,31049920046.86767,-54017185196.41912,59061.94188748811
2196,0.0010980000000000002,29413047167.436172,-54878852502.22204,59074.92375565886,544446984302.22925,151202162902.42554,40.90880484247563,29424517334.84817,-54878930990.19416,59061.94188748811
2197,0.0010985000000000003,27763271344.104115,-55691683398.76843,59076.410751430754,604994306731.2162,145901856507.3031,41.989190129172854,27775371399.765804,-55691764888.91486,59061.94188748811
2198,0.0010990000000000002,26091614871.163208,-56454773262.17409,59074.9273427458,674096884929.5161,140270899970.7641,43.17153365509519,26103823871.663956,-56455179366.27111,59061.94188748811
2199,0.0010995000000000002,24398804415.779,-57167902656.3347,59075.59146395392,753463665412.7474,134278224337.56839,44.47050452320747,24411440946.144142,-57168453123.03827,59061.94188748811
2200,0.0011000000000000003,22686302496.42091,-57830487911.922165,59078.100573047595,845257904547.9362,127885493858.78038,45.904008702500455,22699759392.82848,-57831098316.23301,59061.94188748811
2201,0.0011005000000000001,20956320477.18224,-58441708008.75299,59078.25490617371,952239513765.0553,121049327253.51665,47.49402780613309,20970260745.3851,-58442565026.47864,59061.94188748811
2202,0.0011010000000000002,19210381790.06378,-59001127084.151054,59076.62545864394,1077957991844.199,113722881149.52385,49.26760743741673,19224496498.67114,-59002328061.77223,59061.94188748811
2203,0.0011015000000000003,17448685731.74207,-59508773787.81678,59080.36396377635,1227029856503.2776,105853502891.22783,51.258411245412276,17463952629.551964,-59509988353.333984,59061.94188748811
2204,0.0011020000000000001,15673723618.686132,-59963899249.98467,59083.72664957765,1405533659079.8433,97380638086.64351,53.50899289218296,15690175678.75393,-59965229821.01595,59061.94188748811
2205,0.0011025000000000002,13886421085.775173,-60366323650.46111,59089.76030034123,1621524182960.0132,88247108902.4651,56.073024028580626,13904823989.000206,-60367640903.3395,59061.94188748811
2206,0.001103,12089163666.099798,-60715509607.12842,59094.21946538786,1885765271624.001,78402691964.89293,59.018524405232526,12109374644.492388,-60716979620.77823,59061.94188748811
2207,0.0011035,10283340912.398651,-61011263139.420616,59098.24601472967,2212668670176.219,67827328944.03896,62.43095088915163,10305472466.109,-61012992615.49894,59061.94188748811
2208,0.0011040000000000004,8470128526.315091,-61253450933.9164,59103.64368082282,2621446609784.513,56565908801.576385,66.41567410284551,8494589780.240315,-61255452154.193,59061.94188748811
2209,0.0011045000000000002,6651968690.226647,-61441762307.887085,59106.692648546625,3137195188514.02,44803658720.05907,71.09625371987526,6678374599.015657,-61444272016.60366,59061.94188748811
2210,0.0011050000000000003,4829298059.845664,-61576265407.05566,59112.433334544636,3790948018883.1147,33014567444.854313,76.5997035638358,4858409741.729931,-61579281887.51327,59061.94188748811
2211,0.0011055000000000001,3003880050.7916694,-61656841343.24484,59119.941317831785,4616096450614.963,22219633139.57743,83.00999040549796,3036325729.4150033,-61660449069.96654,59061.94188748811
2212,0.0011060000000000002,1178794401.0192316,-61683338406.32815,59123.49390123144,5634772309274.481,14413334102.349995,90.24972821862957,1213665493.6018548,-61687761596.86948,59061.94188748811
2213,0.0011065000000000003,-643980176.3794633,-61655904824.89183,59122.956188300726,6822657982612.108,13044212343.246248,97.83694429466155,-607978365.8036932,-61661300262.05234,59061.94188748811
2214,0.0011070000000000001,-2461292442.3249063,-61574799433.92901,59114.56756571982,8043975271575.083,22931083647.09606,104.534545293005,-2426962275.579546,-61581049088.68778,59061.94188748811
2215,0.0011075000000000002,-4270993544.0963783,-61440395202.75612,59097.66498762609,8993483243387.818,48149508148.25599,108.24487994212005,-4241725884.2333465,-61447255377.358246,59061.94188748811
2216,0.0011080000000000003,-6070614335.044284,-61253248573.16272,59071.12581418522,9278728582526.35,87256180917.99864,106.94766921817241,-6050716639.797097,-61259950673.074684,59061.94188748811
2217,0.0011085000000000001,-7858989488.708674,-61013899963.44988,59037.11556640956,8717310577039.821,130643920730.33829,100.60554056836034,-7852416124.300771,-61019488510.81307,59061.94188748811
2218,0.0011090000000000002,-9639231065.15499,-60722245516.13745,59007.978695021135,7535487439374.349,166482027674.10995,91.6523210787842,-9645173862.110884,-60726056416.41913,59061.94188748811
2219,0.0011095,-11416029515.059513,-60377430194.60043,58998.60132357958,6156641474887.297,189167014510.5831,82.96613884206282,-11427427846.714611,-60380109064.144714,59061.94188748811
2220,0.0011100000000000003,-13181188391.263556,-59980616784.02654,58990.629241240145,4890505630194.704,200067897125.04858,76.07826663527244,-13197688195.14753,-59981918557.928734,59061.94188748811
2221,0.0011105000000000004,-14935575445.973358,-59531621130.7061,58990.14468384141,3856829410549.9355,203214358352.45,71.18767584703075,-14954455385.006737,-59531819877.8026,59061.94188748811
2222,0.0011110000000000002,-16676368022.923092,-59031001587.54418,58993.58173110921,3058172259032.966,202300199946.1521,67.87252839165266,-16696181385.284805,-59030340222.49883,59061.94188748811
2223,0.0011115000000000003,-18401089095.367493,-58479411734.33092,58998.278088385174,2454174425193.685,199836209826.76456,65.58752164636508,-18421247624.40498,-58477963966.348,59061.94188748811
2224,0.0011120000000000001,-20108428961.26041,-57877290946.90714,59004.94044590214,1998792157103.8887,197303364104.47702,63.86037638704392,-20128336442.1793,-57875266997.76046,59061.94188748811
2225,0.0011125000000000002,-21797063507.797867,-57225108459.35126,59014.27974165224,1652933364572.136,195473700234.83313,62.338761635216926,-21815865469.46533,-57222891010.72635,59061.94188748811
2226,0.0011130000000000003,-23465942639.749134,-56523254615.98699,59028.0730181199,1386642411199.7761,194655256583.39163,60.78874133991372,-23482436105.69178,-56521280779.21425,59061.94188748811
2227,0.0011135000000000001,-25111845300.07045,-55773021640.20851,59038.99308713978,1177955125287.334,194856325291.30804,59.08180793006562,-25126645614.417637,-55771168575.36448,59061.94188748811
2228,0.0011140000000000002,-26734249819.54298,-54974772978.70913,59050.81942310726,1011156419901.6326,195896174651.67197,57.178600279161245,-26746999641.25341,-54973388371.913445,59061.94188748811
2229,0.0011145000000000003,-28330741037.348587,-54129726352.73935,59058.35471533966,875168079290.8441,197508285263.15668,55.10710736209217,-28342187900.300304,-54128605283.757904,59061.94188748811
2230,0.001115,-29899613619.724266,-53238934413.82117,59059.62399252868,762291768914.943,199411159888.19922,52.937521864062234,-29910857177.870506,-53237570976.518295,59061.94188748811
2231,0.0011155000000000002,-31441379082.9813,-52302303190.91741,59065.112214793095,667214569166.1531,201367738769.8581,50.75632772093628,-31451629207.15527,-52301184992.99958,59061.94188748811
2232,0.001116,-32954547258.949715,-51320712372.66096,59073.65986535375,586237219157.8618,203220918388.79773,48.64445579505199,-32963234328.982292,-51320238557.49878,59061.94188748811
2233,0.0011165000000000003,-34436367701.68466,-50295946035.05796,59075.93381444335,516734197877.8129,204889950991.18454,46.66412146085931,-34444402633.684364,-50295604155.439064,59061.94188748811
2234,0.0011170000000000004,-35886087855.541916,-49228709786.29585,59075.58891565779,456777153204.17615,206354886933.34378,44.85399957726621,-35893829452.411,-49228383295.48255,59061.94188748811
2235,0.0011175000000000002,-37302698951.96864,-48119870359.323395,59074.292451983,404870177835.6469,207642070614.99185,43.23014609496174,-37310316689.49412,-48119442055.80115,59061.94188748811
2236,0.0011180000000000003,-38685180659.61769,-46970323165.00945,59073.382917784475,359797964164.01556,208799762771.7016,41.79084443995607,-38692591646.530396,-46969883394.09808,59061.94188748811
2237,0.0011185000000000001,-40032630497.05071,-45780889417.3883,59074.839516435844,320539851567.27136,209879742080.41528,40.522680498788056,-40039525345.49434,-45780599558.00138,59061.94188748811
2238,0.0011190000000000002,-41342759110.53808,-44553644503.003334,59069.288181074575,286223350843.7967,210925833202.69324,39.406127499773696,-41349991347.81832,-44552769816.56273,59061.94188748811
2239,0.0011195000000000003,-42616436092.21245,-43287962959.77001,59073.656176692624,256106332851.3174,211965114658.2596,38.42005096952428,-42622929829.073685,-43287523459.643745,59061.94188748811
2240,0.0011200000000000001,-43850744042.364555,-41986676062.57886,59071.040200971016,229546944260.2864,213016095320.30295,37.54410327228442,-43857286449.73427,-41985959290.38301,59061.94188748811
2241,0.0011205000000000002,-45046152231.94108,-40649477232.453865,59075.7497591754,206010734866.33746,214079113237.65854,36.760702302992456,-45051919758.29553,-40649299875.120705,59061.94188748811
2242,0.0011210000000000003,-46200701905.74098,-39278522283.04923,59078.01731150657,185044846763.72736,215150675167.899,36.05520749828781,-46205948173.77186,-39278764234.40759,59061.94188748811
2243,0.0011215,-47313362482.16928,-37875168357.29952,59077.35584289079,166278500920.99167,216219128266.10117,35.41607402821399,-47318369380.69586,-37875565743.92571,59061.94188748811
2244,0.0011220000000000002,-48383263058.1849,-36440668402.44882,59074.52358987375,149407854591.43442,217271557248.53183,34.834353845337915,-48388235054.17496,-36440966918.14534,59061.94188748811
2245,0.0011225,-49409835373.19099,-34975929461.738,59073.175778826175,134184569929.6725,218296066824.26584,34.30309977220665,-49414690572.915565,-34976220476.32951,59061.94188748811
2246,0.0011230000000000003,-50392018951.69699,-33482554616.560432,59070.616890081255,120404860913.46301,219283241899.47784,33.816800923605626,-50396873487.452065,-33482613880.344635,59061.94188748811
2247,0.0011235000000000004,-51329104260.73971,-31961766123.569904,59068.0692144374,107903003309.70972,220224920298.39163,33.37102449542969,-51334048767.068,-31961565569.674637,59061.94188748811
2248,0.0011240000000000002,-52220545322.14254,-30414569033.848053,59068.379731847446,96542602322.83362,221115203722.52975,32.96208681398346,-52225365336.33384,-30414453225.8674,59061.94188748811
2249,0.0011245000000000003,-53065345675.44882,-28842762010.96881,59067.54365374271,86210128246.32132,221950203390.83832,32.58682985178662,-53070105045.562775,-28842573935.253666,59061.94188748811
2250,0.0011250000000000001,-53863111884.16248,-27247221916.359848,59069.96176234476,76811955982.88846,222726361601.08582,32.2425500081477,-53867577183.92732,-27247313801.690784,59061.94188748811
2251,0.0011255000000000002,-54612940801.27534,-25629812226.90795,59071.35706841122,68268335987.62158,223441750360.81998,31.926865556646867,-54617224402.275055,-25630183739.349934,59061.94188748811
2252,0.0011260000000000003,-55313896665.40012,-23992732116.395615,59065.99463359913,60512526705.01379,224094200534.83984,31.63771822024483,-55318365071.12906,-23992510570.115055,59061.94188748811
2253,0.0011265000000000001,-55966273583.41421,-22335608670.21233,59069.66948443815,53488452392.72177,224681455756.1437,31.373350966421746,-55970488636.63243,-22335783457.495415,59061.94188748811
2254,0.0011270000000000002,-56569072914.04415,-20660896161.391994,59072.60552342428,47144763700.9375,225203753039.40222,31.132146075872967,-56573104269.44042,-20661595228.24278,59061.94188748811
2255,0.0011275000000000002,-57121624039.39306,-18970653436.08454,59070.502826295866,41438673896.5511,225659658946.46576,30.91273099380172,-57125680293.92957,-18971301531.19166,59061.94188748811
2256,0.001128,-57623724313.36397,-17265857092.428753,59068.51168667471,36333521315.75081,226047652467.8655,30.713950419539458,-57627801455.61689,-17266357732.065655,59061.94188748811
2257,0.0011285000000000002,-58075018492.796196,-15547938600.895485,59067.1664602284,31796460717.396698,226367133651.76688,30.5347875289306,-58079084183.19094,-15548359039.424055,59061.94188748811
2258,0.0011290000000000002,-58474984983.66689,-13819138014.918863,59060.77089992724,27798731429.21093,226617523356.67346,30.374354235560826,-58479215341.84546,-13818753916.611626,59061.94188748811
2259,0.0011295000000000003,-58823799280.618805,-12079178394.976254,59064.21808562737,24315852268.220802,226797845109.4261,30.231900310704503,-58827929446.49636,-12079037634.203205,59061.94188748811
2260,0.0011300000000000004,-59120845007.851654,-10330977185.795628,59064.64979460372,21325188063.940826,226908222664.62396,30.106737843477912,-59124938775.2008,-10330805076.12506,59061.94188748811
2261,0.0011305000000000002,-59366049788.77182,-8575451275.096604,59067.4516418805,18808588676.870735,226947566867.08795,29.998307369949,-59370062867.63479,-8575598541.35104,59061.94188748811
2262,0.0011310000000000003,-59559184039.31164,-6814485398.54965,59069.44623664883,16750289847.145788,226915266320.53278,29.906129645548535,-59563173420.42402,-6814952179.686535,59061.94188748811
2263,0.0011315000000000001,-59700129990.96958,-5049738234.580108,59069.931313458896,15137422136.163744,226810536022.69833,29.82980582532948,-59704073216.21482,-5050361200.384041,59061.94188748811
2264,0.0011320000000000002,-59788833181.49301,-3282819653.0032864,59068.74922459942,13959567598.93429,226632654618.73077,29.769003684288652,-59792797174.30476,-3283421285.525725,59061.94188748811
2265,0.0011325000000000003,-59825275649.213684,-1515755589.9475691,59062.61978301551,13208575776.260796,226380954527.47897,29.723448141660572,-59829281360.489914,-1515635644.479674,59061.94188748811
2266,0.0011330000000000001,-59809566143.283676,251475228.2389316,59064.53688135449,12878468690.918568,226054762965.87338,29.692917255506835,-59813600252.858246,251400154.04845306,59061.94188748811
2267,0.0011335000000000002,-59741722021.062294,2015972252.4282064,59062.33375989149,12965317031.912624,225653455108.9059,29.677236093547847,-59745722032.981255,2016198218.222066,59061.94188748811
2268,0.0011340000000000002,-59621878252.798134,3776802682.0765824,59061.528626146806,13467468705.153688,225176162062.93533,29.67628648529927,-59625934189.06097,3777249562.6323395,59061.94188748811
2269,0.0011345,-59450162654.42795,5532761861.320936,59064.29755957149,14385358229.441998,224621993679.46588,29.690001193196032,-59454197095.76649,5532991169.968097,59061.94188748811
2270,0.0011350000000000002,-59226839526.51818,7281427406.888725,59062.982361738024,15721692964.996252,223989890452.4064,29.718367179282573,-59230790059.65411,7281858167.170161,59061.94188748811
2271,0.0011355000000000002,-58952064150.40528,9022310883.382044,59066.378475522615,17481017092.270275,223278913457.10822,29.76141295390435,-58956064526.94989,9022387925.54907,59061.94188748811
2272,0.0011360000000000003,-58626221610.44125,10753063856.868484,59066.9922787254,19670467276.754242,222487763297.40097,29.819224570801882,-58630307249.64571,10753095422.702711,59061.94188748811
2273,0.0011365000000000004,-58249629721.72049,12472441743.72959,59067.39170104674,22299012296.90529,221615354648.23682,29.891927199066576,-58253734246.41471,12472415253.46694,59061.94188748811
2274,0.0011370000000000002,-57822729477.34196,14178725319.354773,59065.813659261294,25378066526.988716,220660396058.35922,29.979694752918327,-57826868762.631584,14178893951.222757,59061.94188748811
2275,0.0011375000000000003,-57345866000.567276,15870859333.636114,59065.93551500265,28921310822.707607,219621604925.14758,30.08274570377548,-57349984256.7198,15871027412.27873,59061.94188748811
2276,0.0011380000000000001,-56819442975.65429,17547564000.642555,59068.80726533658,32945433854.96478,218497315097.79492,30.201360480068022,-56823676222.9995,17547409738.076916,59061.94188748811
2277,0.0011385000000000002,-56244218274.323425,19206539018.109425,59067.10606345069,37470228651.474686,217285641735.70648,30.335884762825906,-56248459894.08658,19206581790.605354,59061.94188748811
2278,0.0011390000000000003,-55620572634.19647,20846996929.133793,59066.85085225331,42517627056.012146,215985232535.1619,30.486694680396973,-55624893599.65428,20847005094.623524,59061.94188748811
2279,0.0011395,-54949112649.11486,22467474015.824356,59067.30613338041,48113725380.8763,214593958092.41547,30.654241673701698,-54953526667.36087,22467443536.690598,59061.94188748811
2280,0.0011400000000000002,-54230561674.71083,24066364552.08747,59066.59109184057,54288358050.78841,213109618536.9665,30.839046768298537,-54235003803.99799,24066425960.387882,59061.94188748811
2281,0.0011405000000000002,-53465548398.70188,25642443680.68135,59066.109189776034,61075238749.72243,211530062214.0722,31.041692233273174,-53470002806.80722,25642579088.97099,59061.94188748811
2282,0.001141,-52654830599.515945,27194285969.5977,59065.17437553955,68513019521.212364,209852744617.31357,31.262840403256668,-52659238859.3003,27194463433.4977,59061.94188748811
2283,0.0011415000000000002,-51798832773.48581,28721207990.73025,59069.18552429265,76645522454.99765,208075002378.15872,31.503233915771144,-51803572292.61344,28720959778.23224,59061.94188748811
2284,0.0011420000000000002,-50898890395.15233,30220849083.412605,59068.39117072488,85523913039.03493,206193142894.59006,31.76374506202397,-50903702955.91797,30220634133.449837,59061.94188748811
2285,0.0011425000000000003,-49955644097.71795,31692346114.22998,59067.1763240079,95203997520.06546,204204806483.9251,32.04528891519475,-49960516192.95444,31692313525.431374,59061.94188748811
2286,0.0011430000000000004,-48970049115.52022,33134335064.210213,59064.63280150552,105750262802.5276,202106468749.65048,32.34889902980932,-48974847919.15962,33134655345.151886,59061.94188748811
2287,0.0011435000000000002,-47942604890.86937,34546214498.5131,59066.35320809716,117235903831.1196,199894432851.70978,32.67572944043841,-47947557296.11847,34546390449.60883,59061.94188748811
2288,0.0011440000000000003,-46874406847.9069,35926502858.75685,59069.11456808058,129746270711.07242,197563589355.74728,33.02712565390261,-46879658242.73093,35926417867.67448,59061.94188748811
2289,0.0011445000000000001,-45766219742.15204,37274274262.920685,59074.93066565509,143378206673.26654,195109193696.86774,33.404583511786306,-45772100728.11368,37273541401.93276,59061.94188748811
2290,0.0011450000000000002,-44619866872.345535,38587347752.71038,59073.97368530796,158243629940.37213,192525619620.42297,33.80979452032071,-44625944983.12085,38586570393.81684,59061.94188748811
2291,0.0011455000000000003,-43435958703.35044,39865216538.54691,59072.80860249739,174467554011.5321,189808888777.4656,34.24454744473771,-43442205965.72765,39864475004.38086,59061.94188748811
2292,0.001146,-42215552457.082855,41106834051.714325,59071.70347219101,192196397750.4325,186952621440.12683,34.710888826195585,-42221929476.24173,41106165902.21306,59061.94188748811
2293,0.0011465000000000002,-40959671773.42742,42311245124.540825,59071.44440271684,211599913879.79974,183949732472.9188,35.21115072918206,-40966201497.92563,42310658102.46804,59061.94188748811
2294,0.0011470000000000002,-39669571104.0832,43477318783.069176,59070.71235010617,232875967944.9737,180792224860.93002,35.74799377683374,-39676216684.97437,43476764853.74072,59061.94188748811
2295,0.0011475,-38346669495.4456,44603865562.48709,59067.42529894461,256255124160.50336,177471649164.64322,36.324426568047855,-38353144668.725555,44603680882.44888,59061.94188748811
2296,0.0011480000000000001,-36991767309.96461,45690325068.67847,59065.63849530891,282006685588.4144,173979129661.86523,36.94383547125631,-36998172789.46555,45690419618.49736,59061.94188748811
2297,0.0011485000000000002,-35605848620.083595,46735965215.49385,59066.86173833679,310450252622.9557,170303372275.88617,37.610141922059526,-35612467283.84794,46736048448.17964,59061.94188748811
2298,0.0011490000000000003,-34190557253.62776,47739577043.39375,59067.14437729889,341966058726.53625,166431408480.1802,38.32790076207158,-34197297138.00833,47739721151.417496,59061.94188748811
2299,0.0011495000000000003,-32746729444.129635,48700647124.56371,59069.98168987536,377005386527.71484,162350133611.40097,39.10231545277957,-32753997044.620213,48700689908.135216,59061.94188748811
2300,0.0011500000000000002,-31275697487.431572,49618313674.17972,59074.38119467913,416111965905.18176,158043392039.65576,39.939465959902506,-31283731970.57082,49617976625.74729,59061.94188748811
2301,0.0011505000000000003,-29779625587.874123,50491267935.06412,59073.944400580986,459942276544.6469,153493368857.99124,40.84644812291117,-29787956674.527836,50491032063.25093,59061.94188748811
2302,0.0011510000000000001,-28259216398.799564,51319232475.20455,59074.15941975008,509289358474.8766,148682174887.6451,41.83144670397488,-28267876228.167145,51319073200.57535,59061.94188748811
2303,0.0011515000000000002,-26716168059.00849,52101342570.95953,59072.61881821648,565127972624.662,143586718531.41614,42.90419816914277,-26724897277.828766,52101353871.96707,59061.94188748811
2304,0.0011520000000000002,-25151749497.97898,52837050372.45112,59070.4111326862,628659437839.6743,138181690378.15176,44.07626934492612,-25160426549.892395,52837353890.44977,59061.94188748811
2305,0.0011525,-23566754475.09391,53526059493.407814,59071.32972066969,701379774913.842,132437555573.3722,45.361555093297,-23575757842.259335,53526408437.299095,59061.94188748811
2306,0.0011530000000000002,-21962742099.766064,54167708306.906845,59073.73344378933,785172440253.606,126318912202.81296,46.77698441500754,-21972413106.197166,54168030321.6522,59061.94188748811
2307,0.0011535000000000002,-20341887835.757854,54761164969.71299,59072.9903166716,882425066025.3247,119786590181.57118,48.34321809759438,-20351731173.08577,54761743687.75249,59061.94188748811
2308,0.001154,-18704878567.31779,55306285934.320076,59073.89682241729,996187533246.1901,112798697150.62212,50.08550852485954,-18715177000.434956,55306973231.426834,59061.94188748811
2309,0.0011545000000000004,-17051743099.95417,55803088181.83001,59083.55355149265,1130405983279.5815,105305949531.40811,52.03524989208589,-17064166789.745646,55803410844.08527,59061.94188748811
2310,0.0011550000000000002,-15386485642.635279,56250272744.30917,59087.05808653888,1290243967705.046,97251668241.16588,54.23199910678843,-15400180275.584076,56250626185.53057,59061.94188748811
2311,0.0011555000000000003,-13709572353.67698,56647859185.05331,59090.62725080968,1482478702045.614,88586725041.34636,56.72503191449804,-13724625426.762304,56648234442.01124,59061.94188748811
2312,0.0011560000000000003,-12022931726.703913,56995438787.25199,59092.09556994989,1716100510580.4697,79264299683.16203,59.57643810177038,-12039101950.44748,56995993218.97054,59061.94188748811
2313,0.0011565000000000002,-10328275714.721699,57292748422.77967,59090.84491455587,2003069554452.4004,69259336395.98044,62.86406755205252,-10344973325.742968,57293673009.769295,59061.94188748811
2314,0.0011570000000000003,-8625470384.055515,57539925870.11703,59094.58203036746,2359257933736.9106,58596568929.15855,66.68407159081265,-8643828761.910408,57541019245.04523,59061.94188748811
2315,0.0011575000000000001,-6917367849.453108,57736511131.878204,59096.54616476296,2805441836995.0884,47402633982.96698,71.15109525668093,-6937051174.448158,57737957066.50644,59061.94188748811
2316,0.0011580000000000002,-5204870433.4065695,57882492034.75379,59099.54654820987,3367698791979.0835,36023360628.37501,76.38888329997127,-5226142811.348024,57884272959.012985,59061.94188748811
2317,0.0011585000000000002,-3489184026.7631097,57977811704.257484,59104.68257911711,4075631520494.291,25215872465.93213,82.49882886469479,-3512694555.110353,57979983554.39868,59061.94188748811
2318,0.001159,-1773078597.9181693,58022290496.87819,59106.56761674239,4954278032519.719,16479795992.271156,89.47683290894341,-1798196426.1646814,58025063328.68281,59061.94188748811
2319,0.0011595000000000002,-57738463.95036197,58016084314.37532,59107.6481497015,6001515309299.895,12495209502.300943,97.03203305784973,-84112797.37562093,58019452042.12575,59061.94188748811
2320,0.0011600000000000002,1654375178.684652,57959257062.18842,59104.51211387771,7141228645441.959,17332553544.30988,104.28408781703263,1628118480.3747964,57963292178.168594,59061.94188748811
2321,0.0011605,3361113218.612769,57852068350.81247,59095.94508249599,8162790666238.563,35428045381.2201,109.5083102482996,3336987267.3808002,57856692918.25372,59061.94188748811
2322,0.0011610000000000004,5059981013.773217,57694925329.135284,59079.92600699062,8726821855115.798,68102834594.07112,110.53422602681769,5040970203.578091,57699797154.11578,59061.94188748811
2323,0.0011615000000000002,6750591533.881489,57488139025.73333,59060.264774351934,8554090624616.715,109528146517.1549,106.2967887375801,6738589668.050128,57492726183.16566,59061.94188748811
2324,0.0011620000000000003,8433039754.277165,57231893415.35989,59041.43948520955,7684385348322.318,148557788781.97412,98.19058509541343,8428357342.901012,57235773343.06447,59061.94188748811
2325,0.0011625000000000003,10107358205.750172,56926257155.41815,59027.11016531082,6452200765364.23,176714815156.14008,89.0845223742093,10108906129.444572,56929224483.20734,59061.94188748811
2326,0.0011630000000000002,11771989767.667381,56571488018.84225,59016.45341910657,5205096777453.737,192511504255.12006,81.18254165393506,11778620250.38075,56573426426.080574,59061.94188748811
2327,0.0011635000000000003,13425164617.617708,56167943895.84737,59008.212981836965,4131048567648.044,198936169128.73917,75.25361296327787,13436171702.495447,56168672855.559715,59061.94188748811
2328,0.001164,15067427784.84611,55715474129.21848,59007.71820992434,3277018777504.2183,199782182990.69952,71.1284174110382,15080101098.393297,55715454280.56897,59061.94188748811
2329,0.0011645000000000002,16696133028.333824,55214639911.48734,59011.51566227113,2621767714468.6978,197991262236.98773,68.3107293710736,16709049147.054049,55214158393.5855,59061.94188748811
2330,0.0011650000000000002,18309277985.297966,54665987068.49561,59017.99899220856,2124810206536.4216,195437512863.87582,66.2962001385498,18321502371.22679,54665326351.89492,59061.94188748811
2331,0.0011655,19904663868.189964,54070243717.382904,59024.612433187685,1747188191075.262,193184388588.78348,64.67761984190473,19916172761.516594,54069402082.25721,59061.94188748811
2332,0.0011660000000000002,21481164477.55143,53427883646.73567,59032.299257868595,1457420598720.3774,191750259688.69022,63.162669099293204,21491623679.37444,53427060000.90762,59061.94188748811
2333,0.0011665000000000002,23036336917.031254,52739930461.358246,59036.54998247867,1231758137066.6262,191298879428.527,61.56615943040704,23046557383.23397,52738852175.01433,59061.94188748811
2334,0.001167,24570551987.15438,52006365494.146576,59044.810370082334,1052865866715.6361,191761639646.5195,59.796907430498685,24579567483.329597,52005444565.45952,59061.94188748811
2335,0.0011675000000000004,26080877440.916405,51228550019.92677,59049.238320653276,908307326519.0612,192940800338.63553,57.84032637538677,26089416753.83023,51227549157.21166,59061.94188748811
2336,0.0011680000000000002,27566066239.518528,50407268417.56383,59049.86983440963,789307335758.5565,194576717663.1946,55.73797522321266,27574789570.989086,50405919950.69776,59061.94188748811
2337,0.0011685000000000003,29025947161.92451,49542759316.545944,59052.85645855466,689735837066.2362,196417921973.16138,53.56348668393102,29034400425.06107,49541300359.79105,59061.94188748811
2338,0.0011690000000000003,30459093241.845997,48635881706.34174,59057.0692680306,605318178280.8116,198266519005.0611,51.39933396262351,30467069357.332417,48634455129.74909,59061.94188748811
2339,0.0011695000000000002,31863754362.449436,47687779949.306175,59059.099664424,533051510269.64886,199993072329.7199,49.31922143344623,31871460885.850864,47686249287.14325,59061.94188748811
2340,0.0011700000000000002,33239982918.50512,46698517320.94443,59067.35749208225,470774910493.656,201535744947.59396,47.37779896204536,33246488478.34793,46697524020.22406,59061.94188748811
2341,0.0011705,34585089891.45397,45669973596.26033,59070.91071275051,416859366460.56586,202891331400.9,45.607108860376044,34590970687.10399,45669258892.62413,59061.94188748811
2342,0.0011710000000000002,35898046299.652145,44603083683.701546,59070.83693170436,370031067967.7813,204086527972.7994,44.01904637059447,35903682110.00073,44602371962.87494,59061.94188748811
2343,0.0011715000000000002,37178148983.357925,43498553454.43093,59070.47360816205,329244964684.8793,205165519027.0839,42.6099596985937,37183631221.40899,43497800121.58562,59061.94188748811
2344,0.001172,38424725230.75717,42357038718.81716,59073.116906297946,293616200019.3844,206175172910.66342,41.36606049501236,38429647803.93018,42356559112.58941,59061.94188748811
2345,0.0011725000000000001,39635780972.834076,41180399490.18726,59070.59331598008,262384368217.96216,207154833973.63055,40.268364751796476,39640785206.77315,41179760241.54394,59061.94188748811
2346,0.0011730000000000002,40811721988.12817,39968391118.927216,59075.83996071862,234900625312.9889,208128513830.7848,39.296677244658106,40815974892.1012,39968384682.244225,59061.94188748811
2347,0.0011735000000000003,41950111708.36312,38723485656.21296,59074.880662924064,210604255320.09598,209111578847.406,38.431738599907106,41954129227.48399,38723565186.451416,59061.94188748811
2348,0.0011740000000000003,43050768520.970474,37446061529.85086,59075.64334806961,189026670712.0657,210103997194.3657,37.65689534108987,43054446577.43634,37446382271.19873,59061.94188748811
2349,0.0011745000000000002,44111844104.20873,36138344188.383026,59068.44425765968,169772155634.70505,211101089203.12732,36.95831600579036,44115982390.08909,36138039144.980156,59061.94188748811
2350,0.0011750000000000003,45133711087.373604,34800100249.82816,59067.23329885961,152515945309.27484,212091500610.51395,36.32505840968944,45137824740.41226,34799698772.57856,59061.94188748811
2351,0.0011755000000000003,46115290398.53961,33432737083.19938,59068.92578493254,136985489066.9098,213066093586.5177,35.74841543588864,46119162397.41219,33432582951.534756,59061.94188748811
2352,0.0011760000000000002,47055569401.7735,32037707833.838737,59070.9324368637,122958156324.99179,214014405326.8805,35.22157477600895,47059144017.40944,32037837956.166473,59061.94188748811
2353,0.0011765000000000002,47953414091.12681,30616795909.209873,59068.698071998275,110252680121.99022,214926585797.19528,34.73919091312256,47957099384.48788,30616756028.91688,59061.94188748811
2354,0.001177,48808656396.322876,29170447482.858715,59070.01998921992,98722003045.07254,215793974029.73456,34.2970103067882,48812191359.083954,29170622810.1302,59061.94188748811
2355,0.0011775000000000002,49620304580.60341,27700383502.431965,59070.53790442219,88243075832.85443,216611512871.90665,33.89145223603744,49623749231.09896,27700744382.95777,59061.94188748811
2356,0.0011780000000000002,50387615014.5694,26208087795.190334,59069.00539513759,78715062602.56902,217374632800.09662,33.51948918597876,50391032171.30012,26208315552.526783,59061.94188748811
2357,0.0011785,51110124528.33946,24694632896.106625,59067.96755907446,70054066319.82959,218079911426.3812,33.17851375770836,51113515539.2177,24694816083.237995,59061.94188748811
2358,0.0011790000000000001,51787226656.897675,23161416936.96796,59066.88339258723,62188827153.76289,218725279008.2928,32.86622733626667,51790612526.466774,23161582358.13658,59061.94188748811
2359,0.0011795000000000002,52418291525.1877,21610020711.616512,59063.99582974257,55058868145.41917,219309048277.03714,32.58060924570594,52421786445.88977,21609859830.38357,59061.94188748811
2360,0.0011800000000000003,53003030644.49544,20041357074.090366,59063.41793087236,48612668944.9667,219829661635.77127,32.31989813845249,53006482806.394066,20041080567.406406,59061.94188748811
2361,0.0011805000000000003,53540885654.04868,18457032166.131294,59062.88645260466,42805067636.31059,220286303909.98892,32.08253543443362,53544306670.656006,18456585497.614227,59061.94188748811
2362,0.0011810000000000002,54031521005.80703,16858205916.53609,59064.292108291,37597292322.610405,220677867450.8669,31.867173962761484,54034853500.15372,16857854072.037033,59061.94188748811
2363,0.0011815000000000003,54474494311.2642,15246443095.239666,59065.96884531128,32955383797.333748,221003516026.36926,31.67264340916309,54477710025.43605,15246254291.63637,59061.94188748811
2364,0.0011820000000000003,54869525148.48654,13622944474.483604,59069.57753913111,28850032704.366055,221262264821.6192,31.497941961704488,54872613802.04908,13623221811.319115,59061.94188748811
2365,0.0011825000000000002,55216039103.7709,11990241515.000538,59065.99797472964,25255595827.53843,221453344643.1998,31.342204584367764,55219232876.550186,11990171262.4953,59061.94188748811
2366,0.0011830000000000002,55514025533.21047,10348992126.322205,59062.96399136505,22150701630.143707,221575462548.41043,31.20471557994003,55517319951.82396,10348564836.650396,59061.94188748811
2367,0.0011835000000000003,55763344742.97066,8700275659.06662,59063.19360801089,19516092324.86719,221628197140.45914,31.084839255582214,55766632120.065285,8699853740.774197,59061.94188748811
2368,0.0011840000000000002,55963762421.867294,7045829690.770903,59063.66838600315,17335176396.874104,221611132615.20474,30.982017835147825,55966954851.22694,7045411082.799385,59061.94188748811
2369,0.0011845000000000002,56115159854.275444,5387073307.838677,59064.56722247608,15594284166.32481,221523543403.6321,30.895783278181675,56118359320.457985,5386761895.566407,59061.94188748811
2370,0.001185,56217483964.62284,3725104733.0709662,59068.55650538837,14282208642.364923,221364703914.2865,30.825745934057718,56220593723.30394,3725309350.1644077,59061.94188748811
2371,0.0011855000000000001,56270605826.32349,2062481064.3841267,59066.30378980141,13390031887.787651,221133914087.2941,30.771583901775475,56273724779.75778,2062493560.5028849,59061.94188748811
2372,0.0011860000000000002,56274622513.464134,399609873.28998643,59067.36287337522,12911281509.09738,220830275235.989,30.733046164599475,56277778305.366,399783156.9812508,59061.94188748811
2373,0.0011865000000000003,56229557953.111374,-1261455175.7179787,59066.27186198132,12841348319.594862,220453119470.76108,30.70993147784132,56232708564.79911,-1261366376.70864,59061.94188748811
2374,0.0011870000000000003,56135527031.824936,-2919359609.378833,59064.22307719029,13177776942.742514,220001633347.3628,30.70209344040611,56138651896.99634,-2919506868.1608815,59061.94188748811
2375,0.0011875000000000002,55992657814.640884,-4573025857.441219,59064.28960845346,13920089860.190802,219474995782.97415,30.709435939601118,55995770368.55923,-4573176792.681869,59061.94188748811
2376,0.0011880000000000003,55801152057.6503,-6220591479.635318,59062.65567485402,15069931389.73907,218872260440.31506,30.731915734270757,55804230696.81104,-6220968182.431753,59061.94188748811
2377,0.0011885000000000003,55561230488.07697,-7860801832.8359,59061.06616253633,16630898792.656784,218192468250.51227,30.76953791587172,55564282320.73109,-7861444170.647587,59061.94188748811
2378,0.0011890000000000002,55273060802.75552,-9492881316.380926,59064.63530671249,18608710015.193325,217434551874.06198,30.822357703807644,55276181063.756134,-9493192748.982712,59061.94188748811
2379,0.0011895000000000002,54937043119.16711,-11114606512.59525,59065.82853588954,21011640677.599285,216597114308.55356,30.89049279790088,54940198029.77568,-11114773716.15136,59061.94188748811
2380,0.0011900000000000003,54553495790.78728,-12724800856.818977,59066.95764829142,23849769252.299095,215679012838.31876,30.974101480023467,54556694128.591156,-12724805969.041203,59061.94188748811
2381,0.0011905000000000002,54122885807.575966,-14321750051.448353,59065.439336194264,27135644259.251377,214678895390.41666,31.073392764036164,54126118795.86358,-14321900092.765066,59061.94188748811
2382,0.0011910000000000002,53645449160.82943,-15904874041.188723,59068.259333280206,30884008573.105747,213595483931.08676,31.188619013153957,53648801080.661514,-15904663759.490576,59061.94188748811
2383,0.0011915,53121857877.32184,-17472001492.38968,59067.98701922557,35113077099.69523,212426837633.13727,31.320109587585712,53125265640.42777,-17471757127.271626,59061.94188748811
2384,0.0011920000000000001,52552556571.62578,-19022063366.228786,59067.53019587866,39843145077.73768,211171529507.561,31.46823268627553,52555953160.46,-19021834308.067,59061.94188748811
2385,0.0011925000000000002,51938035342.627716,-20553891504.571415,59068.27358320822,45097990332.12969,209827703307.9368,31.6334202832886,51941530396.325935,-20553549241.073776,59061.94188748811
2386,0.0011930000000000003,51279152210.97562,-22065480588.005882,59064.25143349554,50905146806.1182,208393203193.22455,31.816178798980005,51282510976.360535,-22065579715.573383,59061.94188748811
2387,0.0011935000000000003,50576277393.29701,-23556242115.890633,59062.26537707464,57295004022.46126,206866388496.1276,32.01705503648649,50579564516.92654,-23556603633.163445,59061.94188748811
2388,0.0011940000000000002,49830115242.71856,-25024782534.959637,59060.91251275662,64303403444.46384,205244559457.16684,32.23669755578874,49833321966.00482,-25025377291.446598,59061.94188748811
2389,0.0011945000000000002,49041299825.53762,-26469968799.578594,59061.0973599156,71970929321.86125,203525043701.7654,32.47584197646749,49044443885.190155,-26470688675.784298,59061.94188748811
2390,0.0011950000000000003,48210607259.82315,-27890465882.16819,59061.6604929209,80343975109.15486,201704836137.3961,32.735322406816785,48213748038.71039,-27891216455.264908,59061.94188748811
2391,0.0011955000000000002,47338588665.24319,-29285424338.935513,59065.677176327634,89475058972.23572,199780879169.98438,33.016066972125756,47341972367.289635,-29285798502.344616,59061.94188748811
2392,0.0011960000000000002,46426170025.163795,-30653390339.846195,59070.23613905739,99424770697.77248,197749339357.1498,33.3191365827752,46429936034.13598,-30653299521.286255,59061.94188748811
2393,0.0011965000000000003,45474399438.038704,-31992868790.728416,59072.33781691652,110261426741.1549,195606612093.55252,33.6457009961202,45478432229.60249,-31992485086.90035,59061.94188748811
2394,0.0011970000000000001,44484520365.64184,-33302247957.565025,59068.13646718703,122061992635.853,193349237523.00937,33.997031383141454,44488457197.91933,-33302235320.985657,59061.94188748811
2395,0.0011975000000000002,43456555410.268814,-34581690066.717636,59070.21422946675,134912929166.15204,190973979649.8329,34.37449543857133,43460758641.33914,-34581449207.56627,59061.94188748811
2396,0.001198,42392120892.10404,-35829178762.63542,59068.92478913685,148917335369.33755,188474492572.7357,34.7797418495616,42396422419.75972,-35828979330.5067,59061.94188748811
2397,0.0011985000000000001,41292155568.27839,-37043756422.7327,59065.65566028837,164190511260.55557,185846226473.81857,35.2145636520442,41296258099.6504,-37043884684.882225,59061.94188748811
2398,0.0011990000000000004,40157335909.8337,-38224795403.01125,59064.41459075108,180865573205.08527,183083667631.71982,35.68096463631732,40161405889.20326,-38225083618.902695,59061.94188748811
2399,0.0011995000000000003,38988797543.822556,-39371170260.11945,59063.57669896787,199098015450.6073,180179721094.52567,36.18125001846418,38992831800.9614,-39371600098.331154,59061.94188748811
2400,0.0012000000000000003,37787404845.05457,-40482104754.56561,59064.88533118819,219067814250.19495,177127104805.25653,36.718023027374485,37791583731.888824,-40482473150.369286,59061.94188748811
2401,0.0012005000000000002,36554633535.36096,-41556280286.85732,59064.13315364886,240985637022.211,173917310715.6358,37.29425629062495,36558743611.311356,-41556846062.61306,59061.94188748811
2402,0.0012010000000000002,35291218303.55626,-42593156897.34152,59065.221105125216,265096122759.1352,170542110670.47696,37.913272472201584,35295497059.06315,-42593689723.067726,59061.94188748811
2403,0.0012015000000000003,33998680133.033356,-43591533592.27662,59064.37109229618,291688855540.86255,166991000743.90738,38.578900385414464,34002938067.00355,-43592183681.097565,59061.94188748811
2404,0.0012020000000000002,32677627089.512653,-44551033718.766884,59066.63087098585,321104166965.5805,163253438859.13345,39.29548065152718,32682168092.179153,-44551539652.4697,59061.94188748811
2405,0.0012025000000000002,31329850104.39784,-45470381468.15869,59066.376530769696,353749487110.6535,159315812363.4189,40.068083501684505,31334431047.765324,-45470944372.34507,59061.94188748811
2406,0.0012030000000000003,29956857054.102848,-46348654554.23129,59061.963430479,390108701935.89154,155164832612.20264,40.902501980716636,29960931324.528446,-46349616053.74147,59061.94188748811
2407,0.0012035000000000001,28557881825.90635,-47186459403.68422,59069.105282926874,430762011248.5021,150785753501.7897,41.80540353772668,28562908426.011726,-47186901061.60562,59061.94188748811
2408,0.0012040000000000002,27136510766.84074,-47981552951.17022,59068.31321321127,476423868061.5854,146155927232.21167,42.78491568013479,27141596102.292606,-47982175872.75444,59061.94188748811
2409,0.0012045,25692427304.180313,-48734274157.929855,59072.34560804202,527952547749.10455,141257936020.50424,43.85031452299572,25698187968.994003,-48734649175.118904,59061.94188748811
2410,0.0012050000000000001,24228214865.489243,-49443269985.50447,59071.44553774253,586412041851.1,136066070599.37035,45.01276753523082,24234090905.471653,-49443779877.96274,59061.94188748811
2411,0.0012055000000000004,22744215245.387177,-50108501055.66074,59072.89044387558,653112543777.541,130555437543.07835,46.28544438748941,22750581643.52873,-50108965233.34816,59061.94188748811
2412,0.0012060000000000003,21241785598.985565,-50729382029.16399,59075.87793651963,729696723561.8934,124694052345.89323,47.68432000814528,21248910777.21321,-50729772743.520195,59061.94188748811
2413,0.0012065000000000003,19722408601.560688,-51305329741.33249,59079.139129287534,818235610839.7643,118446220878.81288,49.22882953805813,19730431120.153973,-51305595891.085526,59061.94188748811
2414,0.0012070000000000002,18187922337.920284,-51835695571.91711,59079.76555709315,921363012672.3195,111772430279.38107,50.94273746521742,18196500973.771313,-51835998283.63291,59061.94188748811
2415,0.0012075000000000002,16639257708.531124,-52320251138.240906,59080.68657947143,1042456162074.8435,104630179527.8531,52.85523640508083,16648453435.977879,-52320558482.71494,59061.94188748811
2416,0.0012080000000000003,15077616972.808813,-52758670200.44352,59082.715458717335,1185893186407.5178,96971875677.40466,55.00263544954602,15087678206.993418,-52758996806.22791,59061.94188748811
2417,0.0012085000000000002,13503675201.046885,-53150795617.30889,59089.22811643914,1357397558847.3357,88748379855.98988,57.43037082863432,13515539125.82383,-53150921408.82823,59061.94188748811
2418,0.0012090000000000002,11921386106.666447,-53495613442.51129,59086.49970466659,1564512454494.801,79913011575.03271,60.19559805475644,11933441632.267859,-53496091076.951355,59061.94188748811
2419,0.0012095000000000003,10330284846.77859,-53793436847.36068,59085.328583660805,1817187714756.1904,70442079079.10184,63.36930864278284,10342734572.329853,-53794210028.37768,59061.94188748811
2420,0.0012100000000000001,8731404643.982893,-54044107770.946526,59087.10492152291,2128581821765.9766,60342976581.50572,67.03951014453465,8744836031.94066,-54045073301.0919,59061.94188748811
2421,0.0012105000000000002,7126612314.030285,-54247333267.25032,59089.183969270336,2515902428110.354,49703110163.78697,71.31202143944981,7141186463.707711,-54248510485.51388,59061.94188748811
2422,0.001211,5516769359.713725,-54403056253.3643,59093.90557455431,3000960452347.8955,38773827245.30849,76.30502035913449,5533115794.972397,-54404426508.03511,59061.94188748811
2423,0.0012115000000000001,3904041323.639991,-54511056331.532135,59097.63334192437,3609418072314.0444,28116894921.801373,82.12794961919926,3922090269.1392517,-54512760883.47165,59061.94188748811
2424,0.0012120000000000004,2289631545.0374913,-54571332459.220474,59101.5385090694,4366066875546.5366,18861844198.434147,88.82305056090559,2309435377.5486355,-54573399170.565056,59061.94188748811
2425,0.0012125000000000003,675643534.2039406,-54583827082.390305,59102.7685890126,5280587315474.653,13071362037.244493,96.23292857347684,696610955.0578129,-54586392066.12798,59061.94188748811
2426,0.0012130000000000003,-936466862.6880268,-54548659353.04145,59101.902925791335,6315314214953.149,14063541185.716087,103.75627439147009,-914937741.7010049,-54551825166.00217,59061.94188748811
2427,0.0012135000000000002,-2544226367.537758,-54466034788.83037,59096.1489367701,7333979719777.0625,26047483447.862465,110.05416853815413,-2523797859.753997,-54469615847.60895,59061.94188748811
2428,0.0012140000000000002,-4146679263.504829,-54336148934.52735,59087.165963159416,8071706488503.024,51909742171.97427,113.0942153994107,-4128603103.368194,-54340048884.186226,59061.94188748811
2429,0.0012145000000000003,-5740312235.483754,-54159519441.129585,59069.50673810097,8227038657793.321,89273287127.13316,111.17322783322635,-5728020290.721752,-54163347525.84974,59061.94188748811
2430,0.0012150000000000002,-7324393236.454281,-53936543481.06987,59045.88142637459,7692404957645.612,129242485893.54898,104.54614374841192,-7320570191.932557,-53939592191.18981,59061.94188748811
2431,0.0012155000000000002,-8903778139.61393,-53666700082.87121,59033.76020118752,6669508859851.57,161911548627.41553,95.57750615990531,-8904847557.01911,-53669026862.55891,59061.94188748811
2432,0.0012160000000000003,-10476271660.332138,-53350153278.83776,59029.80688340904,5492629003480.253,182828311341.87866,86.89496810154482,-10479621553.107746,-53352053308.99928,59061.94188748811
2433,0.0012165000000000001,-12035269223.53797,-52988140979.93503,59018.97825448197,4405276407622.793,193200676433.4898,79.91321235302696,-12043463738.575245,-52988894352.044136,59061.94188748811
2434,0.0012170000000000002,-13585258629.976534,-52579835712.0292,59017.87558711505,3506241043689.225,196463282036.51544,74.85543688911531,-13594997366.835232,-52580011129.725365,59061.94188748811
2435,0.0012175,-15122236508.08245,-52126085915.75773,59018.58100778863,2801907209841.0977,195853009949.5327,71.35956298911573,-15132898363.669064,-52125643891.10867,59061.94188748811
2436,0.0012180000000000003,-16645214141.186247,-51627183957.878006,59022.252297647785,2262318680489.134,193631023046.10977,68.92532247823925,-16655864734.960539,-51626397567.05676,59061.94188748811
2437,0.0012185000000000004,-18151403995.483753,-51084018068.63558,59024.03874593699,1850904508940.9004,191180230294.9642,67.10327799695462,-18162531076.28953,-51082742545.134926,59061.94188748811
2438,0.0012190000000000002,-19641058785.059517,-50496602366.23555,59029.60126721969,1535550418087.2249,189252774543.51245,65.54738200816003,-19651652366.56068,-50495077886.86323,59061.94188748811
2439,0.0012195000000000003,-21111414010.398754,-49865983730.538895,59033.16814251274,1291025768911.4805,188188864583.6262,64.01731010558183,-21121871602.213135,-49864140151.17884,59061.94188748811
2440,0.0012200000000000002,-22562625158.452812,-49192202435.28877,59040.90442898271,1098475603792.9434,188048733478.67838,62.36920029604512,-22571995391.031498,-49190486559.59477,59061.94188748811
2441,0.0012205000000000002,-23992579360.76332,-48476193868.46187,59048.79724795017,944135452689.9526,188721982020.2244,60.5417907586294,-24000752322.193466,-48474761829.3316,59061.94188748811
2442,0.0012210000000000003,-25399805702.87911,-47718741750.16678,59055.467266242595,818131459362.5571,189997889209.88873,58.54007862233164,-25406962609.578,-47717496862.34799,59061.94188748811
2443,0.0012215000000000001,-26782166293.321053,-46921072909.68047,59055.51026357622,713470337594.7467,191633967482.1614,56.4149159201435,-26789381937.487083,-46919519555.74743,59061.94188748811
2444,0.0012220000000000002,-28140819192.174164,-46082714017.77437,59062.9482200735,625247985723.3105,193405590723.63882,54.24105582402092,-28146934244.39864,-46081591402.973145,59061.94188748811
2445,0.0012225000000000003,-29473017676.957756,-45205269284.372856,59067.54502994824,550006979114.0217,195148133142.2186,52.09634239818753,-29478309588.180264,-45204434262.89845,59061.94188748811
2446,0.0012230000000000001,-30778159212.239037,-44289241920.98851,59072.93754168437,485295697553.45496,196755454831.67297,50.04764347523186,-30782499303.077892,-44288933837.39437,59061.94188748811
2447,0.0012235000000000002,-32054983091.374603,-43335556903.05172,59078.029342251546,429316989885.11426,198184213829.25638,48.142663364569145,-32058319104.74645,-43335844963.077934,59061.94188748811
2448,0.001224,-33301589116.331238,-42345701424.81568,59076.77007335902,380699912508.76105,199436716822.58316,46.40822301677456,-33304753098.62634,-42346058657.66158,59061.94188748811
2449,0.0012245000000000003,-34517817905.09448,-41319977212.13141,59076.439438967755,338354453220.06744,200541657649.84082,44.852891857244806,-34520715382.93307,-41320477609.504654,59061.94188748811
2450,0.0012250000000000004,-35702742642.3676,-40259219577.27816,59077.794337928564,301372165961.9461,201542925201.4867,43.47132632008525,-35705213942.15125,-40260041340.982956,59061.94188748811
2451,0.0012255000000000002,-36854812908.002235,-39164865082.716835,59076.01497836244,268979765811.602,202483453095.50394,42.24940549027245,-36857199900.18202,-39165697715.64717,59061.94188748811
2452,0.0012260000000000003,-37973440909.64086,-38037599011.288155,59074.67547038354,240514845005.15265,203396170665.00262,41.168798144871616,-37975736202.33996,-38038409382.521614,59061.94188748811
2453,0.0012265000000000002,-39057808960.5677,-36878315493.451454,59074.8574674061,215405579170.182,204303953964.6647,40.21015675152069,-39059826689.32742,-36879351848.82193,59061.94188748811
2454,0.0012270000000000002,-40106388459.80421,-35688715956.2398,59070.312864573454,193161957063.96396,205218277641.22427,39.35527459347868,-40108625093.148026,-35689440465.68918,59061.94188748811
2455,0.0012275000000000003,-41119183866.20283,-34468951197.79416,59070.38546116902,173370985882.2752,206139409169.52832,38.588344004364,-41121261850.23775,-34469746833.19446,59061.94188748811
2456,0.0012280000000000001,-42094615625.65033,-33220946906.869297,59066.72887367541,155682211703.77066,207063607223.16266,37.89614968878576,-42096877291.97778,-33221480298.006298,59061.94188748811
2457,0.0012285000000000002,-43032610902.75657,-31944940786.784195,59067.95488696333,139806901552.72607,207980865756.86774,37.268159960946974,-43034675741.987785,-31945637210.559353,59061.94188748811
2458,0.0012290000000000003,-43931778219.30639,-30642842680.683376,59066.31897874755,125503726398.1421,208881907808.28424,36.696009709674065,-43933913259.10221,-30643450504.175423,59061.94188748811
2459,0.0012295000000000001,-44791741805.90082,-29315338602.445915,59066.60542757545,112576657993.73338,209755688285.4892,36.17319587133315,-44793789675.3619,-29316062083.339508,59061.94188748811
2460,0.0012300000000000002,-45611443790.644356,-27964135630.50869,59063.933196148944,100863522358.19823,210593660595.80783,35.69454017654579,-45613602403.97914,-27964580486.924965,59061.94188748811
2461,0.0012305,-46390539493.918785,-26589963006.823467,59063.028202563444,90232375676.4023,211387963165.3035,35.255888108626,-46392783715.1249,-26590313739.513504,59061.94188748811
2462,0.0012310000000000003,-47128424281.4293,-25193961643.55427,59064.2114519708,80573188447.33972,212133443337.07794,34.85375819531372,-47130592478.59003,-25194416603.553673,59061.94188748811
2463,0.0012315000000000004,-47824297267.90722,-23777720189.75701,59064.10470573636,71794554730.70915,212826190251.59134,34.48517461037226,-47826457547.14432,-23778129386.458378,59061.94188748811
2464,0.0012320000000000002,-48477600116.90283,-22342526668.99871,59062.74575816255,63820806954.35085,213462779182.4252,34.14758350391763,-48479888595.42906,-22342668981.37176,59061.94188748811
2465,0.0012325000000000003,-49088098473.928116,-20889045320.691654,59065.472139318714,56588149743.662186,214040759998.67657,33.83875671549666,-49090280551.56944,-20889496967.580658,59061.94188748811
2466,0.0012330000000000002,-49654857089.0448,-19419550897.29404,59063.216343332824,50041384815.91631,214558916635.1769,33.55670338785348,-49657148056.85116,-19419734067.081814,59061.94188748811
2467,0.0012335000000000002,-50177724876.513016,-17934712260.958874,59062.28225946572,44134815696.222305,215015111516.55753,33.299720880096444,-50180021087.25736,-17934787925.21322,59061.94188748811
2468,0.0012340000000000003,-50656203896.19088,-16436080315.040623,59060.42755478933,38828006392.95693,215408457649.5101,33.066296925068535,-50658570280.79688,-16435858757.763279,59061.94188748811
2469,0.0012345000000000001,-51090110165.003845,-14924430900.97527,59062.32510807757,34086250303.676132,215737866154.23254,32.85511666292469,-51092428581.62457,-14924333158.37169,59061.94188748811
2470,0.0012350000000000002,-51478842463.13057,-13401939286.813581,59060.28264572979,29878823986.540066,216002737549.96646,32.66502078566194,-51481241694.74797,-13401554068.365124,59061.94188748811
2471,0.0012355000000000003,-51822520576.447174,-11868459646.423819,59067.235500733594,26179950404.245327,216201763095.0513,32.49503532969571,-51824718768.01843,-11868818873.853296,59061.94188748811
2472,0.0012360000000000001,-52120417307.84819,-10327104912.44432,59066.89725218915,22965987491.2182,216334739552.47647,32.34428639664394,-52122626562.80778,-10327444227.213413,59061.94188748811
2473,0.0012365000000000002,-52372488633.75008,-8778716810.55951,59065.00640009874,20218101645.43893,216400155294.86942,32.21206890440083,-52374669316.63,-8778857724.004227,59061.94188748811
2474,0.001237,-52578642051.97852,-7224288971.4591465,59064.85223323226,17919548124.881947,216397296336.4582,32.09777343599047,-52580857816.49851,-7224372379.348351,59061.94188748811
2475,0.0012375000000000003,-52738688381.65281,-5665562167.976729,59063.00062018491,16055922977.397642,216325631731.70813,32.000868843822424,-52740926844.79005,-5665433586.022558,59061.94188748811
2476,0.0012380000000000004,-52852597031.36024,-4103512122.070341,59062.95616469815,14615454552.569984,216184415146.65744,31.920909412779213,-52854778122.72715,-4103345545.4547863,59061.94188748811
2477,0.0012385000000000002,-52920315149.128105,-2539349490.833042,59065.57892568235,13588486644.971327,215973017089.739,31.857519473154543,-52922465558.42456,-2539443232.3541846,59061.94188748811
2478,0.0012390000000000003,-52941775222.198135,-975366732.9569145,59062.81349938898,12967623760.163303,215690699641.66843,31.81039337977555,-52943890658.905716,-975135269.8882129,59061.94188748811
2479,0.0012395000000000002,-52917072575.52721,588444854.4932537,59066.907805732735,12747702647.749958,215336581790.4137,31.779295626018808,-52919218655.30702,588279824.2207124,59061.94188748811
2480,0.0012400000000000002,-52846239287.04296,2149579180.63956,59067.15004598497,12925480284.828173,214909896824.165,31.764046275921363,-52848355858.091995,2149286393.9054003,59061.94188748811
2481,0.0012405000000000003,-52729427877.65057,3706612193.175352,59063.824112898874,13499788876.516787,214409736013.59332,31.764524094576256,-52731532588.14071,3706663197.184227,59061.94188748811
2482,0.0012410000000000001,-52566742602.931465,5259260465.838011,59066.371236932886,14471263964.249172,213835271257.53506,31.780656352197614,-52568882705.0297,5258993758.096067,59061.94188748811
2483,0.0012415000000000002,-52358401412.84644,6805453708.524668,59067.68552377423,15842810828.243332,213185426874.46207,31.81242913337377,-52360590236.478424,6805016384.18536,59061.94188748811
2484,0.0012420000000000003,-52104695630.67616,8343510655.344418,59065.24279488942,17619205603.004524,212459166588.70062,31.859878518605267,-52106829971.87821,8343287486.550041,59061.94188748811
2485,0.0012425000000000001,-51805762477.425064,9873108616.83135,59068.0943957657,19807042783.784904,211655523179.2611,31.92308327523248,-51807998251.93477,9872502177.199509,59061.94188748811
2486,0.0012430000000000002,-51461997362.93551,11392249856.15045,59069.61603124474,22415642846.9152,210773035953.71216,32.00218976602372,-51464282014.60422,11391398837.983551,59061.94188748811
2487,0.0012435000000000002,-51073898817.43776,12899034519.38504,59065.22049482435,25456186380.45057,209810472670.13824,32.097390319469646,-51076138731.40679,12898593918.529982,59061.94188748811
2488,0.0012440000000000003,-50641573473.042015,14393466363.379128,59066.92459222026,28941652577.303394,208766825556.76648,32.20890985240592,-50643892290.221924,14392831135.784945,59061.94188748811
2489,0.0012445000000000004,-50165761718.08567,15873006066.971846,59063.05598933776,32888744602.97742,207640104604.74316,32.33706130049798,-50167982768.11157,15872814695.203463,59061.94188748811
2490,0.0012450000000000002,-49646542260.61892,17337733761.039963,59066.08426706166,37315641489.43971,206429151465.89252,32.48218673160545,-49648913851.105896,17337234752.872158,59061.94188748811
2491,0.0012455000000000003,-49084835142.825005,18785041413.345444,59063.25953380956,42245088670.11566,205131534981.96222,32.64473081514306,-49087151541.436356,18784834852.28599,59061.94188748811
2492,0.0012460000000000001,-48480808768.81202,20214777912.429173,59065.00056659614,47701412532.54856,203745973778.82852,32.825161778275664,-48483186525.84011,20214421067.80174,59061.94188748811
2493,0.0012465000000000002,-47835329927.69353,21624928352.361984,59063.67004462411,53714092093.32065,202269859362.2896,33.0240523412861,-47837673313.95869,21624759327.472076,59061.94188748811
2494,0.0012470000000000003,-47149063164.25121,23014244434.845375,59059.46719233602,60315458457.33359,200701340781.5715,33.24202364135626,-47151211494.388405,23014582180.549362,59061.94188748811
2495,0.0012475000000000001,-46422247267.23808,24382424325.46611,59060.63590631142,67542215829.19572,199038308513.9526,33.47976413767074,-46424465715.533485,24382745467.256134,59061.94188748811
2496,0.0012480000000000002,-45655641415.55211,25728043244.93441,59063.955877778135,75437843512.38037,197277301601.4602,33.738103300788296,-45658006654.78106,25728123564.182404,59061.94188748811
2497,0.0012485000000000003,-44850124271.1005,27049615009.136036,59066.055379516554,84051240773.99936,195415187526.3329,34.017972639638586,-44852608866.69478,27049440493.323597,59061.94188748811
2498,0.0012490000000000001,-44006489790.94084,28345951807.85381,59066.600221001005,93437209178.36362,193449106023.5946,34.32038544332312,-44009047693.908516,28345687841.943943,59061.94188748811
2499,0.0012495000000000002,-43125657293.53615,29615765847.56999,59064.155708886436,103657917930.596,191375898999.84283,34.64645777326518,-43128051138.36812,29615720477.50045,59061.94188748811
2500,0.0012500000000000002,-42207871298.256454,30858841416.138767,59067.155019610946,114783669520.95255,189192276315.91656,34.99741744914138,-42210595945.443146,30858554847.9535,59061.94188748811
2501,0.0012505000000000003,-41254521751.44439,32073297794.511852,59066.999695309154,126897217250.54506,186892985503.6623,35.37471644806901,-41257321712.54455,32072998191.593033,59061.94188748811
2502,0.0012510000000000004,-40266219825.410065,33258485475.084496,59067.76532737143,140090702385.82184,184474189991.22702,35.77992509314773,-40269195073.63098,33258089441.230835,59061.94188748811
2503,0.0012515000000000002,-39244157756.89471,34413045626.53623,59065.85807467164,154471033851.12833,181930664748.6248,36.21482289831311,-39247089996.55509,34412797177.65325,59061.94188748811
2504,0.0012520000000000003,-38189290703.75814,35536025611.43003,59061.82746128697,170159885070.656,179257474769.06662,36.68137421826401,-38191958142.67674,35536231895.467384,59061.94188748811
2505,0.0012525000000000001,-37101905348.88304,36627229841.56506,59063.35791479882,187297658077.859,176448906902.74356,37.18178087841535,-37104648940.23376,36627410551.90686,59061.94188748811
2506,0.0012530000000000002,-35983237075.35617,37685411594.23988,59066.3445765152,206050174434.36566,173496753215.27032,37.71863015833366,-35986273143.397095,37685327106.39508,59061.94188748811
2507,0.0012535000000000003,-34834736323.57814,38709247059.93386,59066.11161258286,226609006529.5256,170393312482.89487,38.2948389923024,-34837828678.73648,38709173842.88251,59061.94188748811
2508,0.0012540000000000001,-33657019448.311787,39698296368.54759,59067.42120757215,249195675011.63922,167131263336.52664,38.91363676881955,-33660324475.277367,39698118600.96013,59061.94188748811
2509,0.0012545000000000002,-32451373916.786938,40651524057.6108,59067.82116054367,274072099185.2785,163700849193.62003,39.57874004271071,-32454867463.135303,40651315392.425766,59061.94188748811
2510,0.0012550000000000003,-31219240075.675087,41567873672.78404,59064.48669701906,301545889859.2534,160091948066.81036,40.29437850999842,-31222453211.7791,41568000291.40758,59061.94188748811
2511,0.0012555,-29960833051.526073,42447300571.90867,59065.7753705725,331979661848.83673,156293950135.45755,41.06534927096008,-29964268521.972622,42447327500.49287,59061.94188748811
2512,0.0012560000000000002,-28678087885.14118,43288458608.30358,59064.06209047711,365810336681.9543,152292027331.955,41.897325774756425,-28681336228.873924,43288694266.65457,59061.94188748811
2513,0.0012565000000000002,-27371246900.115402,44091287252.92907,59067.0634534685,403557497757.3085,148072371784.0319,42.79680524074043,-27374912328.182365,44091362625.41702,59061.94188748811
2514,0.0012570000000000003,-26042292418.14794,44854565297.935936,59067.545690166015,445853230338.5469,143616445256.66592,43.77149572813082,-26046101210.35938,44854698429.94415,59061.94188748811
2515,0.0012575000000000004,-24691755914.953033,45578074145.8949,59070.78659374955,493460977550.8275,138906218727.79697,44.83034549765823,-24696119831.75607,45577997730.588,59061.94188748811
2516,0.0012580000000000002,-23322261101.318806,46260432612.80647,59066.280777929365,547318811967.6945,133918936024.70258,45.98400801447434,-23326130973.460358,46260722328.21341,59061.94188748811
2517,0.0012585000000000003,-21932963625.68053,46902221983.23852,59069.624613745036,608574323763.9624,128633046664.67883,47.24492441894274,-21937413452.327885,46902327687.819626,59061.94188748811
2518,0.0012590000000000001,-20525901340.8766,47502446187.53632,59073.81233927982,678666867879.7484,123016979704.77931,48.628327823911555,-20531142293.470997,47502241612.3658,59061.94188748811
2519,0.0012595000000000002,-19103565896.600986,48060083355.38967,59070.881220775285,759397059665.3394,117038752835.31847,50.15259590009269,-19108617891.232166,48060127204.07619,59061.94188748811
2520,0.0012600000000000003,-17665122030.25741,48575613190.36083,59075.01153581116,853032196364.674,110665926648.72034,51.83982264006845,-17671089720.87489,48575453746.406136,59061.94188748811
2521,0.0012605000000000001,-16213699722.178198,49047865752.985085,59073.86293743767,962479380016.4655,103855341853.8126,53.71744643926601,-16219756025.30712,49047838976.09805,59061.94188748811
2522,0.0012610000000000002,-14749319471.337639,49476963661.07283,59075.634821566586,1091467254039.4904,96566744395.72601,55.81911235508182,-14755984208.357124,49476941390.09761,59061.94188748811
2523,0.0012615000000000003,-13274185934.419456,49862269436.15764,59074.76752989489,1244843757241.5203,88754209285.10155,58.18680823271503,-13281032940.061605,49862354441.80279,59061.94188748811
2524,0.001262,-11789658311.088467,50203523517.68829,59071.49186233322,1428939245849.7754,80377569368.77731,60.8727830398449,-11796242332.903093,50203901706.7115,59061.94188748811
2525,0.0012625000000000002,-10295035603.496372,50500986803.96641,59076.434426793545,1652066847480.5828,71407895150.84221,63.9420994380541,-10302784616.968351,50501266318.13354,59061.94188748811
2526,0.0012630000000000002,-8793736823.674917,50753885237.497154,59077.70462683735,1925175553668.9978,61839122156.54953,67.47566053517987,-8802068101.396093,50754325216.77413,59061.94188748811
2527,0.0012635000000000003,-7286785362.61837,50962154721.4137,59077.38689514449,2262535307659.86,51733440923.73095,71.57087484424767,-7295429046.891764,50962853208.26251,59061.94188748811
2528,0.0012640000000000004,-5774786600.477801,51125797247.68254,59079.05743426436,2682333766114.81,41274771290.62903,76.33896317747316,-5784186021.361596,51126653283.891266,59061.94188748811
2529,0.0012645000000000002,-4260428909.129979,51244513834.146805,59076.249935685046,3206489290146.032,30880834566.474873,81.89110655078093,-4269568304.7395563,51245630288.058495,59061.94188748811
2530,0.0012650000000000003,-2742929567.986039,51318556316.95477,59079.043628071515,3857977556463.1587,21402229644.023624,88.2975680281596,-2752963049.072921,51319809884.7543,59061.94188748811
2531,0.0012655000000000001,-1224928249.9659252,51347721686.73281,59081.047763044786,4652028434857.72,14412922376.327717,95.49256081586147,-1235751782.7628067,51349159906.373764,59061.94188748811
2532,0.0012660000000000002,291887984.6711828,51332048360.73599,59081.114350168755,5574633205557.123,12551697298.646332,103.08520649048701,280770018.148752,51333799597.82298,59061.94188748811
2533,0.0012665000000000003,1805579091.2843192,51271672646.462746,59077.58097361399,6543417517453.605,19517511095.78431,110.08386639390127,1795350367.8850253,51273669725.76831,59061.94188748811
2534,0.0012670000000000001,3314781913.413838,51166773484.983185,59070.607059982525,7367147427731.842,38840216304.65794,114.74779912772368,3306564438.3352814,51168890405.63631,59061.94188748811
2535,0.0012675000000000002,4819277292.830393,51017480570.45736,59063.8877691826,7771627240920.629,70755502013.35445,115.11770038578058,4813212769.512935,51019581276.12676,59061.94188748811
2536,0.0012680000000000002,6315223073.4876795,50824320679.52039,59050.15383176041,7560301149744.726,109395170079.3234,110.45896413984374,6313896252.607222,50826016956.93155,59061.94188748811
2537,0.0012685,7803782364.371424,50587355860.88013,59037.08434385278,6792365370841.78,145100682631.03268,102.2540848749105,7807424275.82577,50588342716.419075,59061.94188748811
2538,0.0012690000000000004,9287226034.57364,50306230064.06561,59034.62586358854,5738816055389.593,170934300164.33063,93.1660284934216,9292391517.605377,50306805146.55794,59061.94188748811
2539,0.0012695000000000002,10761233958.475515,49981581548.5063,59033.342816109995,4672092689614.495,185759327448.31058,85.2119922889004,10767509566.142416,49981761640.182686,59061.94188748811
2540,0.0012700000000000003,12226470668.408016,49613260289.18707,59038.81747132116,3743217981657.7554,192102744135.59604,79.13429265325969,12231639577.696363,49613543763.818794,59061.94188748811
2541,0.0012705000000000004,13678951264.693481,49202146105.71914,59042.845609690805,2994228373354.425,193237330341.21402,74.81628389455896,13683358529.427668,49202451782.94084,59061.94188748811
2542,0.0012710000000000002,15117023174.999458,48748798344.93397,59044.17824378539,2411698958853.313,191762698919.13242,71.8175276858147,15121448844.806839,48748905325.85915,59061.94188748811
2543,0.0012715000000000003,16540600681.606379,48253365742.87131,59046.63780342599,1964554433785.2168,189394044278.0489,69.66808740863748,16544723459.137682,48253389891.40643,59061.94188748811
2544,0.0012720000000000001,17947480558.101566,47716639524.05848,59046.68626855629,1621342797765.1873,187147802236.83276,67.97514837686404,17951988747.767464,47716427528.79521,59061.94188748811
2545,0.0012725000000000002,19338370194.649136,47138465548.52387,59051.879754128684,1355870859179.4026,185551971319.13684,66.44655990141209,19341985579.436802,47138464584.56429,59061.94188748811
2546,0.0012730000000000003,20709830192.966454,46520197350.03469,59052.719481159744,1147912013641.1956,184816653024.45496,64.88636080110821,20713435453.092205,46520092174.59787,59061.94188748811
2547,0.0012735000000000001,22061748339.891224,45862043840.923546,59053.954268201334,982429058702.1134,184930533137.93787,63.18513771799689,22065292085.751965,45861824377.10165,59061.94188748811
2548,0.0012740000000000002,23393454673.025265,45164379225.142944,59058.1503099489,848444776292.5011,185753406941.66592,61.30626122582321,23396399365.094067,45164351079.54405,59061.94188748811
2549,0.0012745000000000002,24703294395.728092,44428060120.38286,59062.50139279353,738057540522.58,187078404962.40152,59.26931041904477,24705541240.998573,44428263699.44542,59061.94188748811
2550,0.001275,25989241301.87119,43654273374.85389,59061.49401548928,645649027470.0664,188683289612.676,57.130852316208426,25991615525.279404,43654328728.94188,59061.94188748811
2551,0.0012755000000000004,27252032486.88434,42842739228.36232,59066.838358502806,567255084955.9264,190371298992.6955,54.964531494725655,27253597118.64601,42843203173.80108,59061.94188748811
2552,0.0012760000000000002,28488847270.12458,41995206317.49015,59066.619916158306,500055325197.08405,192003617945.08304,52.84308713064768,28490336043.61517,41995723015.02929,59061.94188748811
2553,0.0012765000000000003,29698788419.40674,41112451779.25616,59062.04869949904,442026561274.36334,193494082874.10953,50.82689354014384,29700840143.511616,41112531252.91153,59061.94188748811
2554,0.0012770000000000004,30882153833.7077,40194399824.01272,59063.186484511905,391665114236.65265,194810966046.24335,48.957746361938966,30884112518.95045,40194549675.755554,59061.94188748811
2555,0.0012775000000000002,32037130500.995335,39242426278.209175,59063.4023017165,347798530670.03845,195965350725.4696,47.2578235462298,32039021528.514103,39242567770.07984,59061.94188748811
2556,0.0012780000000000003,33163026576.62279,38257179207.3494,59065.07769338658,309482776245.1511,196987589705.69046,45.732818852025055,33164687550.010326,38257476229.72162,59061.94188748811
2557,0.0012785000000000001,34258481273.467888,37239893728.83272,59064.58036879066,275927460268.0601,197917594884.25702,44.37624043982966,34260137557.292027,37240124907.70605,59061.94188748811
2558,0.0012790000000000002,35322731352.71558,36191383654.50206,59063.446132342666,246459644766.8786,198792346477.42975,43.174088285969944,35324434465.968285,36191421196.778534,59061.94188748811
2559,0.0012795000000000003,36354476627.383095,35113023759.87565,59057.80432092382,220498684790.29315,199641812239.74313,42.10870285143137,36356778141.61751,35112421631.67329,59061.94188748811
2560,0.00128,37353803046.13104,34004868823.831688,59057.30958701268,197545816855.98502,200484721117.25034,41.161750691243356,37356136314.937996,34004050347.08998,59061.94188748811
2561,0.0012805000000000002,38319957045.3845,32867740376.933758,59062.51022956088,177169342910.77246,201332412547.18774,40.31591256197414,38321819269.53413,32867275782.848984,59061.94188748811
2562,0.0012810000000000002,39250953972.87437,31703970988.97194,59060.13606908443,159002017953.31107,202186991833.95563,39.55599683583227,39253021842.109634,31703222167.787853,59061.94188748811
2563,0.0012815,40147229876.111176,30513200305.78928,59064.59796476207,142739705034.76407,203041216669.15723,38.869515654313055,40148935185.05914,30512862232.120106,59061.94188748811
2564,0.0012820000000000004,41007483788.98123,29297121425.793564,59068.76516080554,128124005883.75131,203888383346.65045,38.246285345520924,41008805291.29019,29297270210.798824,59061.94188748811
2565,0.0012825000000000002,41830652060.4309,28057328876.963753,59068.15618027831,114942992819.183,204718312686.45535,37.67827937835106,41831934651.435265,28057543465.21968,59061.94188748811
2566,0.0012830000000000003,42616555120.29397,26794257424.423847,59069.76587981292,103023291720.9889,205520460144.31192,37.15923237566011,42617649673.01883,26794743396.16785,59061.94188748811
2567,0.0012835000000000004,43364010015.965065,25509877174.125202,59065.70862412069,92220268025.15967,206287113297.75784,36.684109671258774,43365351082.69757,25510043396.802536,59061.94188748811
2568,0.0012840000000000002,44073165587.06462,24204129581.925907,59067.73410560315,82416589230.36165,207010555259.80746,36.24887559781269,44074322322.748245,24204556875.605713,59061.94188748811
2569,0.0012845000000000003,44742915568.53505,22879046781.381413,59066.98161744043,73512372218.2465,207686747045.8764,35.85008937513331,44744060871.134346,22879500689.23673,59061.94188748811
2570,0.0012850000000000001,45372825574.92002,21535659008.05733,59065.327630474734,65426408617.9117,208311073001.00357,35.48486622819636,45374014338.979546,21535979875.704426,59061.94188748811
2571,0.0012855000000000002,45962404040.32883,20175161912.481316,59062.95101666715,58090284860.20113,208880457032.6725,35.1507111569961,45963719630.56606,20175217313.653942,59061.94188748811
2572,0.0012860000000000003,46511406831.36199,18798261031.03045,59064.28895511409,51446197763.19828,209392636173.87323,34.84543886119093,46512671504.20044,18798420381.51208,59061.94188748811
2573,0.0012865,47019315558.44723,17406293787.61345,59067.529162942716,45444250005.27951,209846331603.0812,34.56710077321184,47020399791.18341,17406869693.540672,59061.94188748811
2574,0.0012870000000000002,47485356090.06405,16001487792.371029,59063.81883446861,40042115062.549995,210240107137.64966,34.31399169387401,47486588493.94579,16001771746.988846,59061.94188748811
2575,0.0012875000000000002,47909538631.71163,14584171215.96689,59062.352531061966,35204638353.095245,210571908211.39157,34.08466911959225,47910850289.73004,14584278519.723583,59061.94188748811
2576,0.0012880000000000003,48291572438.90438,13155423468.529808,59064.08746733215,30900130988.401997,210841091087.9937,33.8778432424324,48292869095.46807,13155684713.143644,59061.94188748811
2577,0.0012885000000000004,48630955968.73235,11717214726.0534,59062.37088020057,27101094984.068165,211046950923.97406,33.69237983284823,48632261106.81578,11717307943.115665,59061.94188748811
2578,0.0012890000000000002,48927766590.74089,10269532602.730145,59068.623588309834,23784443086.8809,211188234425.84073,33.527321590121886,48928900520.59541,10270355415.324306,59061.94188748811
2579,0.0012895000000000003,49181352066.09441,8815471800.05082,59065.92604347925,20929223288.86605,211264587070.5141,33.3818161129854,49182599814.0694,8816119514.758726,59061.94188748811
2580,0.0012900000000000003,49391722789.624565,7355734389.074723,59060.96797102684,18518867055.87218,211274491274.58984,33.25517652673813,49393094285.44912,7355841040.919455,59061.94188748811
2581,0.0012905000000000002,49558917933.82906,5890545130.975308,59063.01819558581,16538611162.881615,211217260568.85715,33.14680755963523,49560271978.600395,5890811897.320128,59061.94188748811
2582,0.0012910000000000003,49682641994.27238,4422452383.283454,59060.06553755424,14975604486.13142,211092540855.4848,33.056181748826425,49684007016.80354,4422344497.121511,59061.94188748811
2583,0.0012915000000000003,49762956651.932884,2951820502.794189,59060.814366866056,13819945369.896208,210899345561.85645,32.98287335643284,49764289819.01414,2951695771.919608,59061.94188748811
2584,0.0012920000000000002,49799796475.703316,1480175458.0750053,59062.48184985206,13063492652.911783,210637034181.26273,32.92652503956734,49801145242.78143,1480183524.8527496,59061.94188748811
2585,0.0012925000000000002,49793160821.348305,9234510.767046997,59061.26749558509,12700353543.785105,210304767414.78214,32.88685367035787,49794531336.15548,9110002.291019822,59061.94188748811
2586,0.001293,49743122586.22217,-1460495165.021833,59064.23168241214,12726642810.53836,209901675406.4187,32.863643512023984,49744475175.65654,-1460315797.3026984,59061.94188748811
2587,0.0012935000000000002,49649783169.86693,-2926558834.8088307,59060.69526778629,13140417809.797699,209426896757.3045,32.85673867058893,49651115800.92989,-2926751018.901214,59061.94188748811
2588,0.0012940000000000002,49513267718.087456,-4388652142.247572,59060.1083834707,13941527741.851841,208879583770.80258,32.86603707947942,49514598147.96819,-4388944049.10296,59061.94188748811
2589,0.0012945000000000003,49333735508.43841,-5845355887.137937,59060.61633090167,15131839096.694496,208258782483.12393,32.89149262691129,49335020368.18349,-5845699024.530831,59061.94188748811
2590,0.0012950000000000004,49111426375.7807,-7295069739.869458,59059.162819099125,16715201304.234325,207563445168.83728,32.93311542833863,49112702324.87035,-7295642228.40739,59061.94188748811
2591,0.0012955000000000002,48846488928.0917,-8737243492.736435,59062.10392099709,18697296433.38824,206792554678.02133,32.99096503156675,48847791589.6809,-8737558136.594841,59061.94188748811
2592,0.0012960000000000003,48539276414.93053,-10170012412.194199,59063.34667407197,21086259627.99902,205944746307.5961,33.065166271898455,48540630974.14209,-10170180858.34426,59061.94188748811
2593,0.0012965000000000003,48190175717.8475,-11591879345.370382,59061.02352162248,23892021252.497856,205018847382.62564,33.155890729781426,48191454108.45972,-11592319640.049255,59061.94188748811
2594,0.0012970000000000002,47799390095.08194,-13002348870.826458,59062.090899219955,27126485610.327038,204013735347.76312,33.2633526061131,47800686837.135475,-13002730310.524513,59061.94188748811
2595,0.0012975000000000003,47367349105.07952,-14399944859.866966,59063.66395614496,30804585991.282627,202927712950.49863,33.38784029779296,47368767922.56336,-14400175597.81791,59061.94188748811
2596,0.0012980000000000003,46894587098.73239,-15783092026.234749,59062.43365902444,34943644150.70267,201759178632.58652,33.5297015493593,46895942726.757416,-15783510812.290754,59061.94188748811
2597,0.0012985000000000002,46381248542.71241,-17151577179.97517,59067.442131313015,39563342640.52121,200506694893.69177,33.68933067131278,46382851347.38995,-17151440272.25638,59061.94188748811
2598,0.0012990000000000002,45828103962.68198,-18503322174.5563,59069.639478109966,44687687614.59838,199167818597.07245,33.86722467382051,45829938540.64183,-18502859675.810623,59061.94188748811
2599,0.0012995,45235624399.73387,-19837355434.150696,59071.2246061829,50342895351.70968,197740916055.1608,34.063923016814634,45237617028.0083,-19836578085.43998,59061.94188748811
2600,0.0013000000000000002,44604560583.93402,-21152123627.922085,59068.656716264064,56559178490.080635,196223911540.2733,34.280037196626026,44606548882.52778,-21151522016.654972,59061.94188748811
2601,0.0013005000000000002,43935437695.6808,-22446741805.387497,59064.80725868492,63370212573.09282,194614963768.08655,34.516235304342395,43937359963.833626,-22446505879.649002,59061.94188748811
2602,0.0013010000000000003,43228422372.83841,-23721019307.009712,59068.18631248168,70814739286.7352,192911618526.6227,34.77328019335316,43230596974.860214,-23720419371.4329,59061.94188748811
2603,0.0013015000000000004,42484664506.003685,-24972854647.29347,59068.27587924559,78938716313.80229,191110032820.0458,35.05210071954012,42486902058.02483,-24972183307.365192,59061.94188748811
2604,0.0013020000000000002,41704849322.70166,-26201249068.203716,59066.252851508325,87792131934.9965,189207806536.4378,35.35368521906967,41707018833.75479,-26200684417.46786,59061.94188748811
2605,0.0013025000000000003,40889568483.3157,-27405403198.937103,59064.74058009578,97431958204.94896,187202008156.1919,35.67912230909685,40891690654.32543,-27405023264.96853,59061.94188748811
2606,0.0013030000000000003,40039586983.774086,-28584273194.79891,59063.43090044933,107923684499.79144,185088928240.59412,36.02964678460883,40041629166.38873,-28584054326.25626,59061.94188748811
2607,0.0013035000000000002,39155519779.69668,-29737088072.50072,59064.4689795313,119341936387.06328,182864603446.92282,36.40664603525181,39157700066.50045,-29736734760.974396,59061.94188748811
2608,0.0013040000000000003,38238384599.45667,-30862566475.59076,59064.52163819264,131772692914.83237,180524313341.17062,36.811698587316904,38240597676.77899,-30862266483.45638,59061.94188748811
2609,0.0013045000000000003,37288985972.73027,-31959813041.561417,59064.27639284158,145313448553.4419,178063630196.61407,37.24654683826378,37291187974.51087,-31959533445.15752,59061.94188748811
2610,0.0013050000000000002,36308170947.26329,-33027928947.636997,59064.02828274275,160076334920.7079,175477464186.31967,37.71314044561589,36310432219.11998,-33027688168.459633,59061.94188748811
2611,0.0013055000000000002,35296852896.66029,-34065993572.74718,59063.54059446955,176190614261.79987,172760108306.51193,38.21367305105658,35299075910.62413,-34065832226.059494,59061.94188748811
2612,0.001306,34255878708.56184,-35073211894.74007,59063.622953699596,193805609102.12402,169905300470.81366,38.75061499288419,34258142018.35152,-35073053147.95083,59061.94188748811
2613,0.0013065000000000002,33186558704.93624,-36048382210.061844,59060.399407001016,213094915272.40067,166905889964.26096,39.326769058909065,33188573017.1403,-36048548336.7163,59061.94188748811
2614,0.0013070000000000002,32088922982.39353,-36991584862.29921,59063.87267933741,234259004807.65027,163754938237.54062,39.94525868216014,32091209960.704647,-36991529240.53498,59061.94188748811
2615,0.0013075000000000003,30964767621.160294,-37901251404.94517,59064.69431970878,257537101050.1294,160441878879.32214,40.60977261999921,30967186579.94696,-37901163957.63972,59061.94188748811
2616,0.0013080000000000004,29815258723.422104,-38776536450.07097,59062.14870420084,283206427756.8106,156957952147.7562,41.32443191631102,29817459391.164204,-38776752233.90134,59061.94188748811
2617,0.0013085000000000002,28640831887.967655,-39617214861.92417,59062.28486677454,311593665781.38885,153293291749.5967,42.09389869998413,28643063081.44335,-39617471750.61811,59061.94188748811
2618,0.0013090000000000003,27442745654.585304,-40422412560.600204,59062.70746603364,343090039297.8245,149434737030.0763,42.9236299843782,27445065062.434944,-40422695642.9413,59061.94188748811
2619,0.0013095000000000003,26221460866.117336,-41191867327.74314,59068.25868183219,378162052756.88715,145368464670.50705,43.81994296090567,26224464933.052784,-41191719631.81048,59061.94188748811
2620,0.0013100000000000002,24979583502.435947,-41923927410.48708,59065.87428013549,417374166040.1436,141077279364.98196,44.79029704983854,24982396429.201527,-41923990957.117836,59061.94188748811
2621,0.0013105000000000002,23717137579.99588,-42618736450.51144,59065.589428933505,461400815964.87,136546596560.67941,45.84317860131601,23719991620.733574,-42618863729.164604,59061.94188748811
2622,0.0013110000000000003,22435141472.593346,-43275761937.59289,59067.681561123754,511069618480.2575,131755536032.37915,46.988696790139784,22438396116.2474,-43275765534.67575,59061.94188748811
2623,0.0013115000000000002,21134831617.57207,-43894388709.65579,59070.914078209724,567397541997.8268,126680556770.6516,48.23891742917865,21138648695.79946,-43894180062.75802,59061.94188748811
2624,0.0013120000000000002,19818330554.821278,-44473644193.07335,59068.46887241921,631642421904.4648,121295682831.26186,49.60826163926758,19821934134.064842,-44473633235.31109,59061.94188748811
2625,0.0013125,18485035922.101547,-45013918289.874344,59073.171953898156,705365993335.932,115574417950.49106,51.113877899788825,18489464386.492737,-45013685789.722855,59061.94188748811
2626,0.0013130000000000001,17137773039.299904,-45514018469.517685,59073.07065262753,790543754302.3867,109481077379.45528,52.77684408923315,17142402356.620056,-45513832290.57123,59061.94188748811
2627,0.0013135000000000004,15777326788.049807,-45973769901.93067,59071.672194346844,889670260491.4707,102981997581.69043,54.62266508114763,15781942097.070038,-45973673119.480415,59061.94188748811
2628,0.0013140000000000003,14403877762.64186,-46393180903.02563,59075.26443591211,1005936978513.738,96038714127.78719,56.682678362093064,14409330729.56647,-46392953292.178566,59061.94188748811
2629,0.0013145000000000003,13019739879.673834,-46771518669.69604,59076.54033136433,1143467131218.9434,88608229121.11081,58.99587584400206,13025702653.174799,-46771351404.66336,59061.94188748811
2630,0.0013150000000000002,11626454044.189005,-47108442947.74049,59074.200944498945,1307607449662.56,80653094714.56253,61.61051581465927,11632291294.676428,-47108419992.27586,59061.94188748811
2631,0.0013155000000000003,10223901074.077084,-47404092171.29886,59076.10815156712,1505331939472.0183,72145010370.32307,64.58637187351445,10230368583.225025,-47404125609.489075,59061.94188748811
2632,0.0013160000000000003,8814368902.083197,-47657963053.67728,59076.02671522683,1745770145808.6682,63073445361.3837,67.99748796811359,8821133245.883774,-47658128032.39759,59061.94188748811
2633,0.0013165000000000002,7398535362.789802,-47870016186.67559,59077.11173699804,2040790473259.1843,53478525933.73544,71.93346374280648,7405843588.976009,-47870311199.32674,59061.94188748811
2634,0.0013170000000000002,5978215182.343033,-48040003004.20231,59076.39014322158,2405565094592.3438,43492984685.88897,76.49837712668678,5985741251.042378,-48040452463.54609,59061.94188748811
2635,0.0013175000000000003,4553850486.445396,-48167961530.46747,59077.94861644507,2858658850118.449,33430932648.833084,81.80141528307574,4562080278.438138,-48168570240.9375,59061.94188748811
2636,0.0013180000000000002,3127010137.5584803,-48253757150.3031,59079.96972911134,3420605164000.95,23932993630.880505,87.9288627572775,3136072342.130745,-48254540014.04964,59061.94188748811
2637,0.0013185000000000002,1699036637.6076243,-48297353431.70827,59082.06918313955,4108468296915.0776,16205841123.689224,94.87507331920652,1708932463.2725163,-48298344079.25891,59061.94188748811
2638,0.001319,271559185.77249527,-48298723884.318726,59082.47424558354,4921775476070.198,12324405512.572948,102.39982322497279,281978991.1753827,-48299979380.15,59061.94188748811
2639,0.0013195000000000001,-1154030522.1086407,-48257981148.68995,59081.31085238057,5814314590572.9,15398503665.300201,109.79335062439925,-1143629906.269356,-48259516263.3116,59061.94188748811
2640,0.0013200000000000004,-2576152305.97619,-48175254550.010025,59077.536042538115,6655924687210.628,28994790602.37589,115.65065049303033,-2566573513.258244,-48177040026.90158,59061.94188748811
2641,0.0013205000000000003,-3994927065.9756155,-48050592881.16828,59075.594783406945,7222878698532.943,54976444970.30056,118.0463905595835,-3985656560.4719753,-48052649857.73481,59061.94188748811
2642,0.0013210000000000003,-5408152382.847322,-47884243556.11148,59072.48830366216,7287789323873.494,90393189930.02576,115.57939896824972,-5399678869.567834,-47886473593.01032,59061.94188748811
2643,0.0013215000000000002,-6811778265.668962,-47676842156.13715,59059.88353208722,6792388173383.119,127199199707.63116,108.7226131777505,-6807379611.501946,-47678728119.74042,59061.94188748811
2644,0.0013220000000000003,-8209866533.84214,-47427992756.91907,59054.21719611594,5910456956269.055,157101846818.53467,99.74258364536422,-8207473391.295056,-47429627599.64174,59061.94188748811
2645,0.0013225000000000003,-9598551364.356447,-47138318328.93089,59047.02720270196,4905871351467.974,176499056250.81058,91.04796471077265,-9598815249.980654,-47139558797.65835,59061.94188748811
2646,0.0013230000000000002,-10979242359.647316,-46807592947.42253,59046.1239071842,3971301096871.165,186425403618.69647,83.95931566894377,-10980182179.637573,-46808641095.28406,59061.94188748811
2647,0.0013235000000000002,-12348064534.942732,-46436657375.95195,59043.04380425652,3188727656915.1943,189828012111.64517,78.72331383909538,-12350411452.467758,-46437343370.74728,59061.94188748811
2648,0.0013240000000000003,-13704003104.567442,-46025899819.933136,59038.24769068789,2567272781861.808,189523120778.32733,75.03582387688779,-13708320092.13595,-46025983532.87882,59061.94188748811
2649,0.0013245000000000002,-15047693598.64987,-45575218654.2747,59037.782113668836,2085176427992.9946,187549881743.72574,72.44053879594412,-15052716813.818151,-45574975264.23154,59061.94188748811
2650,0.0013250000000000002,-16377140801.114523,-45085222467.87258,59038.828508367296,1713576842230.887,185201579789.12485,70.51097032335481,-16382366708.548141,-45084709737.6067,59061.94188748811
2651,0.0013255,-17691160053.663174,-44556359794.703026,59041.35169322212,1426154648031.3518,183214138502.7325,68.90782803060576,-17696285705.399384,-44555740389.10823,59061.94188748811
2652,0.0013260000000000001,-18988113953.894085,-43989303808.834724,59043.25669275789,1201713509996.1682,181947430509.52524,67.38634630340455,-18993183099.63086,-43988531166.01404,59061.94188748811
2653,0.0013265000000000004,-20267224523.713634,-43384460704.05556,59046.06521339519,1024086502675.1422,181508233349.29938,65.78941926460433,-20272107917.43439,-43383599471.22275,59061.94188748811
2654,0.0013270000000000003,-21527739894.52029,-42742217944.57255,59051.607290402004,881266583785.3687,181839188309.47534,64.03678609966967,-21531889004.140003,-42741586256.08335,59061.94188748811
2655,0.0013275000000000003,-22767615959.773514,-42063605744.83453,59054.59292974508,764481346145.7052,182784178931.62595,62.111836362178835,-22771463453.406124,-42062981095.17779,59061.94188748811
2656,0.0013280000000000002,-23986026994.417316,-41349178318.23618,59056.280073900656,667411159427.7004,184139417296.00394,60.04576418903922,-23989703219.37368,-41348508891.21919,59061.94188748811
2657,0.0013285000000000003,-25181795890.082657,-40599703501.360176,59055.73131887458,585541921673.404,185703113939.03232,57.899003635883076,-25185644444.619625,-40598867390.58898,59061.94188748811
2658,0.0013290000000000003,-26355412437.34482,-39814972839.22166,59063.200071999076,515662895129.2281,187306170509.8772,55.743142314091045,-26358248999.524006,-39814644362.50084,59061.94188748811
2659,0.0013295000000000002,-27504075002.715168,-38996763878.53893,59065.623068221794,455466011601.61896,188833780556.75607,53.645647047310554,-27506526460.161533,-38996587612.47239,59061.94188748811
2660,0.0013300000000000002,-28627631252.2629,-38145323897.14727,59069.33866607612,403275316529.53876,190217407391.8556,51.66074776803368,-28629556499.006683,-38145511533.10251,59061.94188748811
2661,0.0013305000000000003,-29724395813.242115,-37261965134.612816,59068.47666841143,357822839661.7168,191437371064.89142,49.82470543953188,-29726298476.860813,-37262079720.30487,59061.94188748811
2662,0.0013310000000000002,-30794559229.565666,-36346664441.160164,59072.53259327843,318115830573.481,192504245170.30338,48.15608462428866,-30795848127.920006,-36347235546.924324,59061.94188748811
2663,0.0013315000000000002,-31835982327.79134,-35401237564.33663,59070.49821360445,283337087665.2908,193450614930.1114,46.65833215560765,-31837317812.299076,-35401741412.11309,59061.94188748811
2664,0.001332,-32848263430.316948,-34426213600.11523,59066.98325504704,252803535748.7756,194311197489.51294,45.324264839721195,-32849850350.492573,-34426450466.200485,59061.94188748811
2665,0.0013325000000000004,-33830615974.31126,-33422449056.926243,59062.62052224493,225926573645.64276,195120551661.1372,44.140007485553056,-33832511132.35973,-33422322985.56555,59061.94188748811
2666,0.0013330000000000004,-34782927151.948685,-32390137701.36981,59064.56728875458,202196591017.77127,195905928085.31586,43.0885173417533,-34784544731.993645,-32390167172.036522,59061.94188748811
2667,0.0013335000000000003,-35703840240.4204,-31330722450.043552,59066.5811163851,181169986851.4642,196686702197.9675,42.15209687824023,-35705263594.998184,-31330966844.561897,59061.94188748811
2668,0.0013340000000000003,-36592312173.38694,-30245476545.432102,59065.60811480321,162468199605.6421,197470666175.46667,41.31427960625107,-36593799145.1702,-30245674795.148727,59061.94188748811
2669,0.0013345000000000002,-37447812215.910675,-29135171526.131824,59064.205856044726,145770225544.48395,198257558640.32416,40.56072984660227,-37449363030.22041,-29135247872.578438,59061.94188748811
2670,0.0013350000000000002,-38269578936.50679,-28000887308.143272,59061.70751761407,130804451364.56467,199042777871.3829,39.8794557603175,-38271368949.47531,-28000707801.404354,59061.94188748811
2671,0.0013355000000000003,-39057087287.74356,-26843452016.98112,59060.10475350442,117343770367.86415,199818535659.81424,39.26073789938667,-39058941509.88285,-26843016588.621723,59061.94188748811
2672,0.0013360000000000002,-39809870906.32773,-25663617718.505405,59061.81732494574,105198769921.11798,200576243409.85364,38.696810679119224,-39811657252.42111,-25663272563.733574,59061.94188748811
2673,0.0013365000000000002,-40527171598.049484,-24462598320.111042,59064.68419225019,94211991032.81155,201307666164.18616,38.18148410378806,-40528762257.05952,-24462486155.498463,59061.94188748811
2674,0.0013370000000000003,-41208261624.837265,-23241677786.522385,59066.52331009216,84253936992.5975,202004830412.13937,37.70982734308353,-41209723419.04529,-23241772504.182194,59061.94188748811
2675,0.0013375000000000001,-41852360016.70851,-22002377997.757694,59063.646994653966,75218156371.74736,202660746036.83417,37.27786412441633,-41853882732.28028,-22002156603.18055,59061.94188748811
2676,0.0013380000000000002,-42459428747.11203,-20744961049.481632,59064.540935577716,67017218098.68559,203269495586.99567,36.882331039762974,-42460888673.5023,-20744805420.83267,59061.94188748811
2677,0.0013385,-43028701537.59869,-19471052050.265507,59063.9102939575,59576524520.02135,203827877450.42673,36.52039797512071,-43030159971.010345,-19470846564.26974,59061.94188748811
2678,0.0013390000000000003,-43559828630.01716,-18181581776.94253,59063.83119129968,52834515737.84364,204332654652.11575,36.18963134849669,-43561267367.81722,-18181356383.03282,59061.94188748811
2679,0.0013395000000000004,-44052536678.01911,-16877313909.17349,59067.505562091435,46738861614.98882,204781664606.63904,35.887892353400254,-44053790143.26302,-16877508030.318956,59061.94188748811
2680,0.0013400000000000003,-44506116862.07863,-15560164764.119806,59067.47355820423,41244627326.15448,205173493866.98376,35.61327873948409,-44507320223.95835,-15560420965.047356,59061.94188748811
2681,0.0013405000000000003,-44920340458.29614,-14231038470.800196,59066.76690643172,36314528744.36172,205506137375.23703,35.364154025285394,-44921521253.8186,-14231277484.340712,59061.94188748811
2682,0.0013410000000000002,-45295023563.98643,-12890694516.65177,59069.11264509031,31916073824.863102,205778376783.70187,35.13907814635454,-45296058210.91373,-12891273190.411589,59061.94188748811
2683,0.0013415000000000002,-45629684236.370514,-11540937298.761515,59068.48049366878,28020814774.365704,205989428337.52045,34.93677407183475,-45630782683.801956,-11541603437.68714,59061.94188748811
2684,0.0013420000000000003,-45924141764.42353,-10182800572.2443,59066.82240604498,24604858848.519417,206138007746.00696,34.75615136167979,-45925235901.66608,-10183442435.152508,59061.94188748811
2685,0.0013425000000000002,-46178260872.96621,-8817175291.479921,59066.964950582595,21647336762.229397,206223205239.1714,34.59626525522993,-46179358095.65184,-8817926061.745798,59061.94188748811
2686,0.0013430000000000002,-46391758309.779396,-7445781378.570265,59064.05960877192,19130072551.851933,206244321490.15732,34.45629335121868,-46392924386.71795,-7446307168.295533,59061.94188748811
2687,0.0013435000000000003,-46564573395.35312,-6069506748.66725,59061.44229268196,17037900261.86643,206200373773.92062,34.335542926561786,-46565785389.290344,-6069815664.928934,59061.94188748811
2688,0.0013440000000000001,-46696612854.96343,-4689489695.235266,59059.63442651935,15357781650.240246,206090652450.49072,34.23342048767498,-46697845423.747986,-4689502560.54285,59061.94188748811
2689,0.0013445000000000002,-46787833457.82557,-3306607797.5863395,59061.302705131755,14078926669.328766,205914422278.0893,34.14942501027486,-46789071010.97563,-3306708018.6505327,59061.94188748811
2690,0.001345,-46838110542.15624,-1923108295.6116247,59056.82217674976,13192651791.020966,205670939959.38007,34.08313967399905,-46839378889.30433,-1922611505.6279635,59061.94188748811
2691,0.0013455000000000003,-46847554286.42299,-538527291.7792857,59061.79525386678,12692546879.622496,205359238871.72366,34.034235906108,-46848774873.67922,-538448433.4662219,59061.94188748811
2692,0.0013460000000000004,-46816116707.50997,844154555.1148301,59059.07018223981,12573903344.541239,204978601302.07574,34.00244833865223,-46817335284.362526,844574398.8864604,59061.94188748811
2693,0.0013465000000000003,-46743905619.629295,2224919589.8604646,59060.40391116568,12834106043.414902,204528066638.93506,33.98758389649093,-46745091103.96397,2225290780.891062,59061.94188748811
2694,0.0013470000000000003,-46631027227.23235,3602016500.260354,59060.24250635041,13472352267.805784,204006749903.8602,33.989509432717085,-46632108015.82493,3602494459.8203697,59061.94188748811
2695,0.0013475000000000002,-46477611905.42838,4974554094.6633835,59061.52312292224,14489679135.574362,203413717764.5175,34.00814965951043,-46478647744.76613,4975015248.208002,59061.94188748811
2696,0.0013480000000000002,-46283822465.78635,6341360911.425485,59064.13910568459,15889069103.605206,202747942624.61755,34.04348783268252,-46284852720.34863,6341568724.600304,59061.94188748811
2697,0.0013485000000000003,-46049922997.474075,7700817316.454848,59064.05315480486,17675468784.93348,202008307922.32895,34.095565588822076,-46050962507.263916,7701087136.201249,59061.94188748811
2698,0.0013490000000000002,-45776061120.10563,9052440024.17855,59067.853710805306,19855552273.451267,201193788032.6194,34.1644728077106,-45777199480.279236,9052224477.016644,59061.94188748811
2699,0.0013495000000000002,-45462714143.59103,10393954423.494457,59065.10588012315,22438456870.285095,200302980076.17136,34.25036684988451,-45463801720.25499,10394002587.451359,59061.94188748811
2700,0.0013500000000000003,-45109989676.33185,11725330500.916355,59066.99577207966,25434641342.39262,199334967796.04544,34.35343786641731,-45111106559.23764,11725120573.985804,59061.94188748811
2701,0.0013505000000000001,-44718425255.64282,13044581944.857887,59065.23546154208,28857732924.98502,198288044795.4619,34.473956750617894,-44719481173.77118,13044512380.604757,59061.94188748811
2702,0.0013510000000000002,-44288216640.26254,14351311938.69369,59067.09348889595,32723026208.949287,197160987204.71152,34.61223716990545,-44289351358.74884,14351009686.48484,59061.94188748811
2703,0.0013515,-43819957081.90156,15643774481.952843,59066.34085197583,37049237842.76747,195951863344.01926,34.768676862327766,-43821164185.6099,15643446174.870815,59061.94188748811
2704,0.0013520000000000003,-43314034460.36237,16921100289.394636,59065.626909803774,41857237359.01641,194659178949.9534,34.94372257485277,-43315288106.451164,16920749113.276524,59061.94188748811
2705,0.0013525000000000004,-42770977260.05208,18182087706.71389,59063.97956738226,47171334479.51598,193281031553.11115,35.13789474916309,-42772203805.50298,18181826304.455936,59061.94188748811
2706,0.0013530000000000003,-42191291869.91511,19425706933.051582,59062.0163863582,53019169037.04303,191815471334.71753,35.35178543466174,-42192474249.62553,19425680475.71797,59061.94188748811
2707,0.0013535000000000003,-41575623686.72595,20650704550.635635,59058.021385396365,59432336134.691284,190260305432.5225,35.586069436028914,-41576562119.52836,20651123885.320232,59061.94188748811
2708,0.0013540000000000002,-40924243449.63231,21856689681.561527,59058.43361892283,66446426966.69223,188613373311.28894,35.84149821022459,-40925175319.13857,21857222397.83588,59061.94188748811
2709,0.0013545000000000002,-40237800789.930145,23042476220.730236,59061.04366066263,74103220246.26703,186871438350.68903,36.11896086135383,-40238753093.29206,23042784580.756847,59061.94188748811
2710,0.0013550000000000003,-39516816215.01007,24207204156.836807,59066.95827565736,82449870170.37419,185031420123.4695,36.41945861013904,-39518095131.119835,24206936843.923584,59061.94188748811
2711,0.0013555000000000002,-38762597790.73519,25348789628.698715,59065.17180305279,91540336546.57397,183089835370.8811,36.74412248134649,-38763819786.679214,25348647448.91991,59061.94188748811
2712,0.0013560000000000002,-37975435747.05043,26466997930.974197,59064.0365098855,101433187208.76447,181044703300.72647,37.094119167138196,-37976594743.01213,26466965414.865406,59061.94188748811
2713,0.0013565000000000003,-37156020947.26363,27560921348.581745,59063.838324194425,112197074126.22606,178892121342.97592,37.470788107823864,-37157216379.22299,27560940558.2821,59061.94188748811
2714,0.0013570000000000001,-36305142033.20826,28629571738.59028,59063.811445047286,123910482687.60527,176627814195.33472,37.875652247838026,-36306377685.65672,28629582510.409954,59061.94188748811
2715,0.0013575000000000002,-35423556287.8731,29672069531.118782,59064.16623066681,136663004692.57083,174247298405.45023,38.31042159048799,-35424863640.88332,29672055740.485027,59061.94188748811
2716,0.0013580000000000003,-34512203007.131424,30687371816.78176,59063.16173035786,150557470187.1623,171745622463.40436,38.777018042141556,-34513466951.63923,30687434063.55685,59061.94188748811
2717,0.0013585000000000003,-33571621212.50396,31674964364.231316,59064.52965476908,165711533464.73978,169117718514.37793,39.2775801498384,-33573042539.82836,31674925103.62273,59061.94188748811
2718,0.0013590000000000004,-32603003810.962185,32633630611.986492,59063.85177607302,182262305877.63565,166357101796.45837,39.81455502716021,-32604463828.761185,32633601839.76043,59061.94188748811
2719,0.0013595000000000002,-31607197522.600613,33562626993.282593,59062.013290997886,200366942035.97223,163457749339.9082,40.390661847797226,-31608512562.169785,33562804597.05539,59061.94188748811
2720,0.0013600000000000003,-30584324641.06847,34461911836.29508,59067.249610801395,220208297466.93085,160412631824.47992,41.00896911514323,-30586208474.52791,34461625482.59216,59061.94188748811
2721,0.0013605000000000002,-29536889482.66467,35329258730.62173,59062.173257952265,242003646917.58643,157211783532.5566,41.67309013279312,-29538342673.63809,35329386897.92443,59061.94188748811
2722,0.0013610000000000002,-28464122888.54869,36165491174.57925,59065.60687731536,265999883141.0288,153849155582.90814,42.38691459732595,-28465963625.91195,36165393130.99966,59061.94188748811
2723,0.0013615000000000003,-27368089852.100105,36968951779.73284,59065.376054496,292496590369.3568,150312016102.2922,43.15511064121468,-27369952790.82642,36968896164.60282,59061.94188748811
2724,0.0013620000000000001,-26249518945.867233,37739208550.4189,59064.61372109462,321843044592.5827,146590276121.07455,43.982931492896114,-26251395057.044785,37739184648.21939,59061.94188748811
2725,0.0013625000000000002,-25109385244.984444,38475654592.78632,59063.67800732829,354456480418.37286,142671332728.97833,44.87644435211925,-25111189569.684048,38475672079.32038,59061.94188748811
2726,0.0013630000000000003,-23948876738.2094,39177583788.76065,59061.243336694366,390836914864.3231,138540848548.14288,45.842702546853765,-23950436449.87075,39177857698.96865,59061.94188748811
2727,0.0013635000000000001,-22768608347.4798,39844699613.62653,59060.98677680931,431586177513.1656,134183093961.0486,46.8899164921872,-22770032265.840443,39845103590.87865,59061.94188748811
2728,0.0013640000000000002,-21569905020.424057,40476281146.18934,59060.33224710075,477437094819.69434,129578934436.42175,48.02780560678839,-21571244362.14303,40476787647.159325,59061.94188748811
2729,0.0013645000000000003,-20353295699.7714,41072104194.71184,59063.3126285545,529283843589.1448,124707878118.18217,49.267835127299755,-20354961749.786423,41072417966.06703,59061.94188748811
2730,0.0013650000000000003,-19120733018.23222,41631215403.22841,59062.92364711951,588230818401.9446,119545216954.29633,50.62374447848765,-19122440706.650085,41631596695.93105,59061.94188748811
2731,0.0013655000000000004,-17873372921.808537,42153186139.004196,59059.47841232155,655642823997.6013,114066136371.70708,52.111846215398536,-17874556828.179985,42153862512.87749,59061.94188748811
2732,0.0013660000000000002,-16610924864.017448,42638228672.6908,59062.87965088564,733225132035.8883,108242407274.08592,53.75174068517669,-16612541326.006754,42638726317.62267,59061.94188748811
2733,0.0013665000000000003,-15336135977.370676,43085245033.069115,59061.248510098565,823137409967.6494,102038372679.91188,55.567529006624845,-15337504906.341629,43085879612.23382,59061.94188748811
2734,0.0013670000000000002,-14048967288.291117,43494364855.748085,59062.830725542255,928113805514.1918,95421076847.05692,57.588446842035445,-14050519239.507162,43494933746.22063,59061.94188748811
2735,0.0013675000000000002,-12750499682.778578,43865244776.756485,59067.29325427716,1051664371126.7489,88352052090.32957,59.850621640063736,-12752744449.122372,43865616722.14564,59061.94188748811
2736,0.0013680000000000003,-11443725242.100258,44197029391.718185,59063.39270165042,1198319501844.9055,80794157771.4789,62.398781970497936,-11445378795.35636,44197624117.51402,59061.94188748811
2737,0.0013685000000000001,-10127164532.63889,44490269728.88038,59067.43409727849,1373938875813.702,72722166712.65889,65.28782371699452,-10129602985.208708,44490756330.67375,59061.94188748811
2738,0.0013690000000000002,-8804200206.887804,44744130690.258316,59065.89624236308,1586161552938.8188,64119377604.726776,68.58581448017067,-8806432797.03732,44744738152.772865,59061.94188748811
2739,0.0013695000000000003,-7474371989.292917,44958840014.393776,59068.28742453825,1844870993361.279,55012584486.05984,72.37505370597331,-7477104547.052025,44959365273.21815,59061.94188748811
2740,0.0013700000000000001,-6139433183.70402,45134093061.10393,59070.932645382054,2162719286239.1196,45496162905.59945,76.75237062708518,-6142853359.035531,45134572268.06066,59061.94188748811
2741,0.0013705000000000002,-4801461236.5653,45269640150.355064,59069.3072324079,2555354269758.8164,35804420492.62877,81.82304827751896,-4804755131.765375,45270289544.046135,59061.94188748811
2742,0.0013710000000000003,-3460355067.1482496,45365631370.04876,59070.25557954279,3040698596784.0464,26425008688.17194,87.68106598642164,-3464007937.273081,45366319783.10269,59061.94188748811
2743,0.0013715000000000003,-2118016381.4767637,45421912113.03346,59069.89054787284,3635692034690.967,18278378424.47725,94.3602053330796,-2121784688.0475452,45422707894.56119,59061.94188748811
2744,0.0013720000000000004,-775152731.5116088,45438562044.41406,59070.8746546803,4347221659884.42,12980158682.296623,101.72794580959807,-779249920.0073146,45439408919.7994,59061.94188748811
2745,0.0013725000000000002,566604847.4950457,45415547236.788765,59070.689022762,5152593330132.735,13066483466.719124,109.29632686997049,562456663.5684141,45416561541.52819,59061.94188748811
2746,0.0013730000000000003,1906011944.5968356,45352972794.00471,59069.422711707404,5968299323840.68,21811664823.237617,115.98459596224977,1902116478.7585444,45354034123.54428,59061.94188748811
2747,0.0013735000000000002,3241294510.147648,45251018083.754265,59065.25180201783,6625767038861.962,41904096651.3287,120.07518635034175,3238620354.9072614,45252084857.23355,59061.94188748811
2748,0.0013740000000000002,4571123626.122614,45109903271.64402,59057.90856658411,6907722294303.94,72757086773.02585,119.83408747828967,4570715212.652861,45110748902.842354,59061.94188748811
2749,0.0013745000000000003,5896804949.768279,44929554625.768364,59055.43143637986,6679108393125.29,108679751152.35191,114.81216982995151,5897262980.877086,44930305146.04628,59061.94188748811
2750,0.0013750000000000001,7215820335.224536,44710291083.380035,59053.13801220634,6005873039707.06,141385252771.78973,106.53044566773458,7217209444.843027,44710870463.92977,59061.94188748811
2751,0.0013755000000000002,8528588204.458207,44452059305.64577,59055.809209158244,5105946015368.611,165174316831.77832,97.45408765827987,8529295575.700483,44452618152.12266,59061.94188748811
2752,0.0013760000000000003,9831431376.447927,44155540007.660225,59055.27370787707,4193452557917.6953,179138746297.31024,89.4395453361602,9832507162.408916,44155996380.12126,59061.94188748811
2753,0.0013765000000000001,11124192240.023037,43820886727.3203,59054.71124318684,3390290777475.8027,185405629179.35693,83.20889947960184,11125630450.33485,43821194475.126274,59061.94188748811
2754,0.0013770000000000004,12405511542.498545,43448502509.79772,59053.31176043677,2734008550103.208,186791237235.92432,78.69600915037083,12407529623.43931,43448604787.97579,59061.94188748811
2755,0.0013775000000000003,13676276316.133041,43038184662.958725,59057.90753340453,2216892706183.53,185607756765.54926,75.51243881357381,13677099597.249273,43038567002.94345,59061.94188748811
2756,0.0013780000000000003,14932248561.74448,42591205642.7632,59057.28375818723,1815263455198.3145,183434711898.60452,73.22032197493618,14933309410.447678,42591507694.20491,59061.94188748811
2757,0.0013785000000000004,16173894668.527147,42107575452.95588,59057.18814607571,1503891497312.7566,181229130411.61465,71.44203697761964,16175076348.42508,42107779791.27482,59061.94188748811
2758,0.0013790000000000002,17400293318.638226,41587688648.85969,59058.29361848193,1261077839539.0867,179522381860.52286,69.88717340454204,17401352910.050007,41587889513.647545,59061.94188748811
2759,0.0013795000000000003,18609835086.712128,41032247535.95604,59058.08337497791,1069692772886.8428,178552329346.2234,68.35214681286234,18610984471.416233,41032394938.52376,59061.94188748811
2760,0.0013800000000000002,19802069283.79351,40441539234.96947,59059.43679989347,916748303212.554,178357473740.92523,66.71232974333485,19803028036.158726,40441727676.00043,59061.94188748811
2761,0.0013805000000000002,20975482436.342968,39816328790.99513,59059.71948963831,792598562274.2645,178849784787.34497,64.91132488863161,20976454425.72128,39816495376.32916,59061.94188748811
2762,0.0013810000000000003,22129006942.416668,39157256857.860245,59058.46884118522,690187733873.1737,179865898655.77106,62.94823585258049,22130252600.52217,39157270607.433205,59061.94188748811
2763,0.0013815000000000001,23261762431.19887,38464909233.63287,59056.28733887905,604411065028.2417,181215267447.83423,60.8620296962344,23263420845.28335,38464673779.539795,59061.94188748811
2764,0.0013820000000000002,24374132640.36251,37739126443.61327,59062.36427587024,531602870170.712,182717598283.4022,58.71442532682588,24374980419.590973,37739325405.428955,59061.94188748811
2765,0.0013825000000000003,25462441160.652737,36982205432.91846,59056.97520691127,469125796672.2512,184231064829.5306,56.57351345607851,25464025562.996437,36981912709.34759,59061.94188748811
2766,0.0013830000000000001,26528684827.275726,36193013538.918655,59062.503603504185,415086632901.3473,185651483237.9638,54.5019909725652,26529651990.489243,36193109534.63121,59061.94188748811
2767,0.0013835000000000004,27570061548.600086,35373494048.01202,59063.49463475689,368070319473.0575,186932016547.12308,52.54822540047549,27570893737.890118,35373652458.22817,59061.94188748811
2768,0.0013840000000000002,28586353635.121212,34523944481.625374,59065.66975630967,327003022862.83734,188057507279.4388,50.743902726255634,28586991437.300583,34524252265.93289,59061.94188748811
2769,0.0013845000000000003,29576360976.59259,33645405916.04948,59065.969122376846,291027671693.38513,189042744231.47516,49.10433272672561,29576879106.939663,33645772455.486404,59061.94188748811
2770,0.0013850000000000004,30539208143.374855,32738746073.93206,59064.07485530411,259438643889.16174,189916290385.81772,47.63143588969179,30539887210.96569,32738974481.015762,59061.94188748811
2771,0.0013855000000000002,31474620985.45829,31804316409.80736,59065.26124795807,231637755431.19385,190711498915.63403,46.3175187261635,31475170281.990513,31804752467.177937,59061.94188748811
2772,0.0013860000000000003,32381586117.775944,30843143645.60952,59067.06671514747,207106962189.75436,191460564863.0587,45.148913914149325,32381901909.40726,30843800478.31609,59061.94188748811
2773,0.0013865000000000001,33258822668.825123,29856647714.822834,59063.87772390313,185398184624.15317,192187575789.6815,44.109249596433926,33259379317.163017,29857137184.59596,59061.94188748811
2774,0.0013870000000000002,34106637559.781796,28844615392.29428,59067.571000787306,166125952449.5214,192906786364.5521,43.18185691188801,34106789074.98712,28845485541.333427,59061.94188748811
2775,0.0013875000000000003,34923315122.863495,27809068073.706127,59065.92154731631,148954296271.93307,193627432041.13974,42.35102152131314,34923547560.79612,27809861182.579166,59061.94188748811
2776,0.0013880000000000001,35708431916.63847,26750702570.398884,59062.28546485111,133600631607.00458,194348612218.65765,41.60306449835285,35708891895.79299,26751197798.880936,59061.94188748811
2777,0.0013885000000000002,36461578940.86153,25670182429.25537,59059.82604604012,119824944706.00526,195065994250.87756,40.92649232721098,36462287625.38566,25670429838.17731,59061.94188748811
2778,0.0013890000000000003,37182024896.80088,24568626377.54314,59056.895443641355,107424780556.68561,195773099469.83038,40.31189028763683,37182980639.111855,24568459224.075764,59061.94188748811
2779,0.0013895000000000001,37869453341.01185,23446606967.71497,59057.479101638266,96231663869.12172,196461743559.93503,39.75171419034359,37870407891.33049,23446369866.836475,59061.94188748811
2780,0.0013900000000000004,38522948783.13304,22305651990.18897,59055.95170795409,86104668784.61938,197124372749.08392,39.23991538019549,38524048531.2261,22305158654.718525,59061.94188748811
2781,0.0013905000000000002,39142232504.13502,21146372296.3378,59056.5086740002,76928348785.86757,197753028107.47784,38.771688613547695,39143332731.76181,21145790145.540268,59061.94188748811
2782,0.0013910000000000003,39726711474.582245,19969933190.93046,59057.48916064144,68606129433.83298,198341727703.12912,38.34310833241807,39727791994.195145,19969374327.199745,59061.94188748811
2783,0.0013915000000000004,40275968094.6051,18777259153.179337,59059.9032967159,61058129888.55439,198885336713.164,37.95092343263171,40276945186.17629,18776883780.066948,59061.94188748811
2784,0.0013920000000000002,40789514987.06366,17569475062.033207,59062.83711590172,54217552146.55674,199379979763.7763,37.59237341727333,40790342968.63529,17569358619.401493,59061.94188748811
2785,0.0013925000000000003,41266833476.31126,16347895931.401709,59063.95225695592,48028567952.87299,199822546179.1469,37.26508045980447,41267578729.8259,16347918726.265932,59061.94188748811
2786,0.0013930000000000001,41707544993.876656,15113653290.023775,59063.15816226464,42444454988.81018,200210425617.39902,36.96698158400332,41708297248.35316,15113615560.818981,59061.94188748811
2787,0.0013935000000000002,42111493224.90581,13867356060.535767,59065.173788687185,37425517102.41833,200541685103.91034,36.69626338961015,42112203403.94111,13867533064.89048,59061.94188748811
2788,0.0013940000000000003,42478121902.62463,12610796382.009632,59063.22869091349,32937212232.98905,200815242517.12158,36.45130036389156,42478909691.690155,12610800071.133755,59061.94188748811
2789,0.0013945000000000001,42807408345.65444,11344318631.347143,59064.94388487918,28950738215.45026,201029510502.64355,36.23068555268488,42808072881.0423,11344548277.775187,59061.94188748811
2790,0.0013950000000000002,43098892540.86863,10069758878.174604,59063.158693125704,25440462722.234703,201183793750.9795,36.03316189033046,43099589991.47807,10069819224.632614,59061.94188748811
2791,0.0013955000000000003,43352491622.98427,8787809863.980524,59062.38673574659,22385050868.645718,201276808203.37592,35.85765553261386,43353225545.38535,8787818998.117464,59061.94188748811
2792,0.001396,43568015003.381004,7499627911.551688,59062.15833879288,19765743588.39432,201307759702.65533,35.70322922671882,43568732816.31161,7499582360.161434,59061.94188748811
2793,0.0013965000000000004,43745325464.1627,6206272054.334457,59062.99592860862,17566578279.65549,201275788386.60126,35.569077811552084,43746063754.24979,6206319413.786308,59061.94188748811
2794,0.0013970000000000002,43884266499.72648,4909151293.011435,59062.246395940056,15774052118.584589,201180045875.18515,35.454515975057205,43885021579.575584,4909125515.364812,59061.94188748811
2795,0.0013975000000000003,43984830421.56886,3608842092.0082583,59065.17282516041,14377064475.235065,201019589247.63403,35.358972050518176,43985566879.0201,3609158383.740546,59061.94188748811
2796,0.0013980000000000004,44046902276.12629,2306992938.5011635,59066.520210110684,13366413028.734118,200793670057.59,35.28196418187994,44047656418.746895,2307465835.987834,59061.94188748811
2797,0.0013985000000000002,44070465494.407875,1005196289.2456542,59062.564470124846,12735119595.713495,200501337915.54865,35.223104250619606,44071259261.34291,1005322068.6007006,59061.94188748811
2798,0.0013990000000000003,44055604653.69856,-296431411.16617286,59063.37667029726,12478041049.483236,200141709811.91647,35.182083140582165,44056444714.07936,-296178679.59479064,59061.94188748811
2799,0.0013995000000000004,44002351961.0645,-1595962969.9824836,59060.98886770013,12591735306.355446,199714026609.95734,35.158656370204966,44003224157.461174,-1595898166.6026359,59061.94188748811
2800,0.0014000000000000002,43910815317.02465,-2892546035.96323,59058.49311342273,13074625461.103258,199217406856.2801,35.15264702444278,43911696388.81725,-2892698586.0020785,59061.94188748811
2801,0.0014005000000000003,43781120464.28806,-4185101318.596559,59056.32994087902,13926893469.084661,198650964611.06686,35.16394014169062,43781949508.264015,-4185624796.121013,59061.94188748811
2802,0.0014010000000000001,43613332125.881325,-5473358676.78365,59062.05184296849,15150547781.480751,198013741204.35547,35.19248209821256,43614168499.774765,-5473336472.650769,59061.94188748811
2803,0.0014015000000000002,43407744141.66735,-6754902745.599615,59062.54069691181,16749863972.396597,197304451691.78442,35.23829392770227,43408549195.02888,-6754827971.5667715,59061.94188748811
2804,0.0014020000000000003,43164578923.32693,-8028879755.968886,59061.08531911717,18730485415.986458,196522140253.54257,35.30144268815426,43165308835.2928,-8028937999.778201,59061.94188748811
2805,0.0014025000000000003,42884013421.652145,-9294674563.565783,59062.445998953524,21100013937.442604,195665732512.4593,35.382047808970654,42884765008.12251,-9294547216.71883,59061.94188748811
2806,0.0014030000000000004,42566403635.17788,-10550781299.560019,59062.36844186194,23868423755.172638,194733830779.6813,35.48029729166592,42567133925.49785,-10550684586.049694,59061.94188748811
2807,0.0014035000000000002,42211986340.740555,-11796478534.357958,59064.42736627697,27047543994.565052,193725185261.60205,35.59643211887766,42212822099.237686,-11796174580.852793,59061.94188748811
2808,0.0014040000000000003,41821329878.19443,-13029877581.30794,59060.764603145006,30651838362.62579,192638204844.4235,35.73076397518661,41822109145.005264,-13029964718.72023,59061.94188748811
2809,0.0014045000000000004,41394566535.46773,-14250859716.902615,59061.08959243372,34697363595.063484,191471801199.90662,35.88363989307181,41395384276.2382,-14250939410.046373,59061.94188748811
2810,0.0014050000000000002,40932278275.00271,-15457805602.654905,59059.40633726868,39203919779.76344,190223935869.46146,36.05550204720276,40933055384.21505,-15458109841.94968,59061.94188748811
2811,0.0014055000000000003,40434625163.65364,-16650455649.788794,59063.33154838826,44193558370.63865,188893009766.07617,36.24685001034751,40435507430.01129,-16650407579.253654,59061.94188748811
2812,0.0014060000000000003,39902435992.628975,-17826817906.988407,59062.78636800368,49692725431.792274,187476490048.49182,36.45829496983238,39903292191.79785,-17826835718.954967,59061.94188748811
2813,0.0014065000000000002,39336107817.714165,-18986208851.821568,59061.598333023365,55730005390.687035,185972833108.33813,36.69048770681316,39336921870.94962,-18986317260.684135,59061.94188748811
2814,0.0014070000000000003,38735836789.655365,-20128328839.590557,59066.51479169477,62338485411.9066,184379821631.21744,36.944166967846975,38736922152.72771,-20127907011.018734,59061.94188748811
2815,0.0014075000000000001,38102551253.71481,-21251388462.073704,59068.69738968837,69557148136.04921,182694173355.82217,37.22021809339995,38103815188.36597,-21250655374.122154,59061.94188748811
2816,0.0014080000000000002,37437110537.8482,-22354001591.184044,59064.39669639196,77428566536.67123,180913667504.2303,37.519592009241634,37438251282.99511,-22353549320.090042,59061.94188748811
2817,0.0014085000000000002,36739683468.81398,-23436083074.712883,59063.03084185142,86000065475.21753,179036334947.3465,37.84329878493621,36740760771.76835,-23435774209.37471,59061.94188748811
2818,0.0014090000000000003,36010955300.623405,-24496609435.822887,59063.098733451305,95327527164.85902,177058389233.69885,38.19252880864024,36012095839.95965,-24496280597.64614,59061.94188748811
2819,0.0014095000000000004,35251449600.70643,-25534869399.03566,59066.30505247964,105474321804.5141,174976079523.66962,38.56863223037333,35252840683.53054,-25534229915.07608,59061.94188748811
2820,0.0014100000000000002,34462369215.94741,-26549247144.423897,59064.66160927502,116513276328.22797,172785076086.30875,38.973145957238835,34463716727.35071,-26548771679.1262,59061.94188748811
2821,0.0014105000000000003,33643741603.472736,-27539838756.96687,59068.77432248306,128525302860.16553,170482202180.15463,39.4077138202113,33645494473.42279,-27538933375.356323,59061.94188748811
2822,0.0014110000000000004,32797269746.212376,-28504577242.655933,59064.884967632745,141606207762.68427,168061704350.8662,39.874262736749216,32798855204.45719,-28503973964.859936,59061.94188748811
2823,0.0014115000000000002,31923098257.319912,-29443474610.288467,59062.84710957339,155861602721.29596,165520289912.23782,40.37482844001058,31924565198.743046,-29443030187.105003,59061.94188748811
2824,0.0014120000000000003,31021921773.168858,-30355827831.525894,59063.33446970422,171416140964.40414,162851833604.79816,40.911764664860975,31023481954.663006,-30355392420.333702,59061.94188748811
2825,0.0014125000000000003,30094990476.87989,-31240405285.817577,59060.851720637394,188414345499.49692,160049563349.455,41.48777127969619,30096401374.157124,-31240223002.33613,59061.94188748811
2826,0.0014130000000000002,29142723944.610645,-32096906149.348423,59060.67576021904,207021802834.92093,157107420214.59518,42.105841964249336,29144120901.27274,-32096827962.692818,59061.94188748811
2827,0.0014135000000000003,28166149634.621216,-32924437842.29521,59060.487164841186,227433416107.138,154017216580.10406,42.76942240437461,28167501661.148163,-32924386987.10978,59061.94188748811
2828,0.0014140000000000001,27166059187.479122,-33722385979.24266,59061.1561635429,249876354105.67996,150770588419.19595,43.482422200829234,27167496952.800034,-33722347786.32262,59061.94188748811
2829,0.0014145000000000002,26143042629.80859,-34490318867.90353,59065.39471337337,274618024389.40027,147357953991.75974,44.24931537645161,26144904074.890907,-34489992851.258865,59061.94188748811
2830,0.0014150000000000002,25098845783.508358,-35226934137.031975,59064.69997022673,301975873075.3719,143767866494.07486,45.07528961374485,25100708063.75494,-35226688739.64279,59061.94188748811
2831,0.0014155000000000003,24033994987.357845,-35931972528.65623,59063.8785327307,332322448544.5373,139990174539.9528,45.966183193439626,24035773388.563248,-35931814144.72114,59061.94188748811
2832,0.0014160000000000004,22949590093.081226,-36604762943.92608,59061.70965140291,366104584929.94696,136011594181.54506,46.92878063205513,22951136334.925995,-36604818642.02001,59061.94188748811
2833,0.0014165000000000002,21846339469.999557,-37244936558.12894,59060.66269799027,403858168992.0922,131817572448.20541,47.97097013292766,21847762740.234577,-37245180768.04259,59061.94188748811
2834,0.0014170000000000003,20724887572.267937,-37852155140.06095,59063.18370451059,446232458826.0423,127390818992.81642,49.10204270615548,20726573253.31255,-37852304746.932236,59061.94188748811
2835,0.0014175000000000004,19586660755.93634,-38425648381.71289,59065.16622542527,494019868001.4882,122711114036.58693,50.33303882474824,19588566888.779606,-38425694551.275314,59061.94188748811
2836,0.0014180000000000002,18433367181.137753,-38964611068.20037,59061.54861645483,548189338468.0255,117757433618.51517,51.67699219733885,18434829885.02877,-38964947537.83493,59061.94188748811
2837,0.0014185000000000003,17264768558.426247,-39469273414.44943,59062.61346208918,609932259771.4519,112507976319.73871,53.14927516417622,17266324783.249752,-39469646399.79769,59061.94188748811
2838,0.0014190000000000003,16082158423.567173,-39939063255.299644,59065.57281415608,680738398191.5199,106933933292.82646,54.76856244443094,16084155132.373486,-39939348035.868126,59061.94188748811
2839,0.0014195000000000002,14887312083.133795,-40373293985.79352,59065.13620683154,762474900051.9744,101004976222.85495,56.557483286203194,14889320335.925287,-40373633802.104576,59061.94188748811
2840,0.0014200000000000003,13680774062.835365,-40771856847.91319,59065.316255335616,857495834884.0538,94690538127.64351,58.54342626773482,13682840844.525305,-40772277597.06894,59061.94188748811
2841,0.0014205,12464120778.826387,-41134269310.45007,59062.7891821309,968800947325.1615,87956621427.47495,60.759970734183604,12465867273.981472,-41134813846.351715,59061.94188748811
2842,0.0014210000000000002,11237732768.556217,-41460504064.48568,59062.28895923149,1100231103774.2153,80771315188.26593,63.248305108818464,11239412007.885345,-41461103854.06216,59061.94188748811
2843,0.0014215000000000002,10003081803.18603,-41750187763.66467,59061.13324806119,1256741616437.3843,73105300353.87904,66.05929283748497,10004593157.403166,-41750860101.04066,59061.94188748811
2844,0.0014220000000000003,8761163932.674559,-42003142750.20458,59059.95839454005,1444735736411.2378,64943673660.96633,69.2553694497199,8762409618.918741,-42003954207.136345,59061.94188748811
2845,0.0014225000000000004,7512431776.374647,-42219326823.46539,59062.27289605637,1672477632566.045,56299553459.15837,72.91236465398575,7514045480.732799,-42220123625.10379,59061.94188748811
2846,0.0014230000000000002,6258832699.481679,-42398385373.26675,59062.922326324224,1950533180007.8853,47240718896.432076,77.12010420009162,6260610504.626501,-42399190799.06836,59061.94188748811
2847,0.0014235000000000003,5000799584.603777,-42540331338.45363,59065.646029237134,2292050738965.252,37943954386.036316,81.97854366565787,5003155117.474369,-42541076421.44508,59061.94188748811
2848,0.0014240000000000004,3740111602.737301,-42644959519.338585,59066.68567379112,2712474851879.992,28777846785.10283,87.58450887708236,3742732177.9840727,-42645709237.61457,59061.94188748811
2849,0.0014245000000000002,2477546523.6191697,-42712281360.91065,59067.94278151813,3227592181015.5234,20449973521.228287,93.99623807532393,2480465576.5799522,-42713057410.67381,59061.94188748811
2850,0.0014250000000000003,1214495530.667546,-42742243085.50489,59067.89969623105,3847752824827.929,14215452898.514408,101.15536995681693,1217538756.5085974,-42743128911.14758,59061.94188748811
2851,0.0014255000000000003,-48149135.76457925,-42734914338.20062,59067.98957826427,4564628422404.524,12109896609.272211,108.73917135682325,-45080428.04027456,-42735872744.82225,59061.94188748811
2852,0.0014260000000000002,-1309034597.8728542,-42690344349.46641,59067.1371831466,5327590872433.282,16974955539.919588,115.94465513974919,-1306143291.641316,-42691393620.84449,59061.94188748811
2853,0.0014265000000000003,-2565844777.372446,-42608739567.80933,59061.386575175835,6016977985804.907,31739508367.405552,121.33611865331709,-2564652449.625835,-42609751117.395805,59061.94188748811
2854,0.001427,-3819605981.7196913,-42490082027.08376,59058.05524179676,6448116257913.956,57418858462.953896,123.12610681698487,-3819498004.987256,-42491033915.84217,59061.94188748811
2855,0.0014275000000000002,-5069300811.524392,-42334478233.35375,59057.286698254335,6452336114500.828,90765154507.47742,120.19216084088237,-5069504672.741467,-42335427428.329704,59061.94188748811
2856,0.0014280000000000004,-6312798393.767128,-42142213515.57375,59055.466113635215,6002949609841.213,124619911499.54852,113.16447904921779,-6313672387.753417,-42143085391.49176,59061.94188748811
2857,0.0014285000000000003,-7548594464.047914,-41913602017.61601,59051.29788089843,5245850790118.107,152065058843.42044,104.18920843410899,-7550991263.858192,-41914230040.42275,59061.94188748811
2858,0.0014290000000000004,-8777273549.040583,-41648613923.36114,59050.23109748708,4388986229746.0674,170138547681.9109,95.47792902406627,-8780226969.046503,-41649047531.36855,59061.94188748811
2859,0.0014295000000000002,-9996855498.873156,-41347660116.07256,59049.10019798677,3585384489957.5103,179708363039.77264,88.2716103258085,-10000427389.850542,-41347880882.039894,59061.94188748811
2860,0.0014300000000000003,-11206078592.208057,-41011102219.82717,59047.18752152907,2903793413562.2764,183266379165.34183,82.84584733511221,-11210446491.073135,-41010987719.78416,59061.94188748811
2861,0.0014305000000000003,-12403917232.916273,-40639292467.584335,59044.51369136672,2355155035122.922,183275079194.03128,78.95277829622175,-12409303930.632957,-40638721590.63072,59061.94188748811
2862,0.0014310000000000002,-13590599033.519318,-40232218362.9069,59045.659791049424,1924169873924.6897,181573176607.42856,76.17937006210143,-13595986112.069796,-40231430120.64455,59061.94188748811
2863,0.0014315000000000003,-14764272373.999887,-39790468084.91685,59047.5866556955,1588309231629.374,179364270979.9896,74.12302638050696,-14769502215.349676,-39789576828.10419,59061.94188748811
2864,0.0014320000000000003,-15924939021.25219,-39314064789.46731,59054.69410298139,1326144135330.068,177361288293.8558,72.45309171897364,-15928723277.454233,-39313549885.58262,59061.94188748811
2865,0.0014325000000000002,-17068288469.805319,-38804699880.23774,59052.052163572305,1119924667969.8252,175941825121.8479,70.92217417974287,-17072713207.267958,-38803780521.199,59061.94188748811
2866,0.0014330000000000002,-18197186859.311024,-38261365822.23453,59058.20926710193,955850945381.8463,175243329041.76123,69.36299485390961,-18200561287.26669,-38260759232.49615,59061.94188748811
2867,0.0014335,-19308882376.545094,-37685241603.404015,59064.08207470027,823461680512.5111,175261794034.92484,67.67839539726313,-19311247948.688858,-37684992881.88786,59061.94188748811
2868,0.0014340000000000002,-20402521962.051746,-37076818258.99502,59070.18272921392,714994360737.9915,175886880790.05225,65.83192991117343,-20403777414.446236,-37077081463.406296,59061.94188748811
2869,0.0014345000000000004,-21476565785.706642,-36436988242.58327,59072.60968788885,624755667624.2721,176956049088.2528,63.835082488594665,-21477349258.162693,-36437517128.71074,59061.94188748811
2870,0.0014350000000000003,-22530235946.614697,-35766328511.26255,59072.14667197467,548615467455.7152,178291146869.2164,61.73249570251335,-22530866089.38807,-35766892925.98664,59061.94188748811
2871,0.0014355000000000004,-23563138100.885216,-35065192584.36185,59072.37509550027,483592181321.39825,179731303452.21527,59.58613768637501,-23563573227.90265,-35065956197.93605,59061.94188748811
2872,0.0014360000000000002,-24574154435.38105,-34334378291.46383,59071.44910097634,427527318987.6029,181152766598.27664,57.46096521509352,-24574498517.715176,-34335226068.92577,59061.94188748811
2873,0.0014365000000000003,-25562216690.59335,-33574731417.34934,59067.66402457791,378842207651.1173,182473961329.6372,55.41436826191152,-25562938713.020313,-33575353738.565174,59061.94188748811
2874,0.0014370000000000003,-26527262288.349823,-32786403675.09783,59067.63574787841,336354316776.4747,183654321271.6373,53.48992627265313,-26527923041.230583,-32787096847.293045,59061.94188748811
2875,0.0014375000000000002,-27467994793.770092,-31970451392.12397,59066.96233554148,299142054579.6582,184689096233.84186,51.71508119363541,-27468644093.890316,-31971142465.593372,59061.94188748811
2876,0.0014380000000000003,-28383433988.398056,-31127794545.570843,59063.89576961469,266465110228.1403,185593984628.74225,50.102379327452674,-28384323465.07904,-31128218836.163254,59061.94188748811
2877,0.0014385000000000003,-29273390875.95593,-30258701482.72133,59064.20007169307,237707999386.67114,186396196732.91107,48.652324833783084,-29274227476.883568,-30259144525.64224,59061.94188748811
2878,0.0014390000000000002,-30136579335.687527,-29364441649.787834,59062.182323283974,212342957927.6143,187127867399.00058,47.356746260316456,-30137573736.513107,-29364700174.107426,59061.94188748811
2879,0.0014395000000000002,-30972827401.655506,-28445284767.356636,59063.868911565194,189916036159.19922,187816184916.55234,46.202368550546815,-30973660878.596165,-28445677462.727768,59061.94188748811
2880,0.00144,-31781128980.254524,-27502342556.15484,59065.633721217404,170030637154.73355,188483622781.13382,45.17348211615495,-31781844201.309906,-27502943782.640583,59061.94188748811
2881,0.0014405000000000002,-32560365784.667225,-26536990705.279415,59062.159296908845,152344373766.75848,189143694179.18484,44.25413000860643,-32561325762.032837,-26537287331.794807,59061.94188748811
2882,0.0014410000000000004,-33310538050.41509,-25549372259.847546,59061.73464228292,136564194383.66356,189801609356.725,43.42950157630131,-33311564205.96577,-25549644288.114822,59061.94188748811
2883,0.0014415000000000003,-34031125661.434944,-24540188043.288498,59065.58325852633,122436962100.88399,190458795803.57214,42.68647356094464,-34031816684.528675,-24540839286.30841,59061.94188748811
2884,0.0014420000000000004,-34720823708.018295,-23511279810.91882,59063.66019739751,109747618051.071,191112140748.41263,42.013916915812025,-34721603491.75064,-23511768737.869713,59061.94188748811
2885,0.0014425000000000002,-35379413058.6225,-22463143313.80591,59061.24620438822,98317994814.88272,191753816626.19952,41.402801403713106,-35380383619.78475,-22463346012.691544,59061.94188748811
2886,0.0014430000000000003,-36006379813.44089,-21396691125.50794,59058.68390950248,87997791087.90694,192376384057.3738,40.845832007218526,-36007541643.713104,-21396552225.146492,59061.94188748811
2887,0.0014435000000000003,-36601170930.07696,-20312960574.99541,59055.19549490036,78661687454.2418,192972399898.61453,40.33715055709771,-36602514812.07882,-20312304726.71044,59061.94188748811
2888,0.0014440000000000002,-37163663702.58932,-19212274366.7757,59057.08739670269,70205647239.82567,193534917358.10855,39.87204255269664,-37164839067.56286,-19211574562.26209,59061.94188748811
2889,0.0014445000000000003,-37693366807.3377,-18095571548.658627,59063.64989186523,62541901722.4385,194058825234.98093,39.44661211450348,-37694167328.91899,-18095472088.258923,59061.94188748811
2890,0.0014450000000000003,-38189324253.2215,-16964872138.640995,59064.25356321163,55597576874.73491,194539532061.43326,39.05761579719929,-38190057310.68699,-16964801399.302893,59061.94188748811
2891,0.0014455000000000002,-38651429911.8656,-15820633716.851068,59065.16967717746,49313725188.7617,194972029443.32153,38.70238646731975,-38652085741.216576,-15820626212.134138,59061.94188748811
2892,0.0014460000000000002,-39079176627.80355,-14664223452.377182,59063.03739556571,43639840644.78583,195353418366.46426,38.378610804968254,-39079850961.6638,-14663975393.738163,59061.94188748811
2893,0.0014465,-39472404521.58235,-13496268096.152618,59062.138798936496,38533761187.43525,195681144228.10413,38.08427721618646,-39473098625.55043,-13495881309.741243,59061.94188748811
2894,0.0014470000000000004,-39830722917.2712,-12318039255.57813,59060.01592302804,33959081296.55048,195953701524.15622,37.81758967676008,-39831501962.12139,-12317447325.546572,59061.94188748811
2895,0.0014475000000000004,-40153925216.30792,-11130402388.6292,59058.51753815327,29885055365.448544,196169587962.77557,37.576965497550795,-40154735899.80612,-11129610546.174232,59061.94188748811
2896,0.0014480000000000003,-40441711022.63333,-9934619096.698542,59055.54649319636,26285156180.338287,196327688430.60315,37.3610034852591,-40442572584.49761,-9933433492.895079,59061.94188748811
2897,0.0014485000000000004,-40694137819.9932,-8730656978.715837,59061.33900258222,23136850398.52208,196426824986.8441,37.16848240207253,-40694861053.70056,-8729926735.188358,59061.94188748811
2898,0.0014490000000000002,-40910771479.879585,-7520423352.417265,59066.399161427835,20420027655.048412,196466507058.25494,36.998309072325966,-40911376533.830894,-7520260067.432932,59061.94188748811
2899,0.0014495000000000003,-41091441504.87913,-6305096985.545002,59069.79630572337,18118439053.26436,196445411938.48053,36.849567138072395,-41092013178.454056,-6305398228.687065,59061.94188748811
2900,0.0014500000000000003,-41235984379.48647,-5086140192.864832,59068.226260249925,16218384418.177956,196362367439.32724,36.72148627468311,-41236570096.32516,-5086423262.764011,59061.94188748811
2901,0.0014505000000000002,-41344418538.626144,-3864079744.1278224,59067.58599224111,14708494027.214836,196216281439.93506,36.613421186794646,-41344990245.295586,-3864422949.499072,59061.94188748811
2902,0.0014510000000000002,-41416673760.01734,-2640119342.6178956,59066.46892041559,13579093541.325748,196006441897.06442,36.52481666641823,-41417286431.13291,-2640405279.889122,59061.94188748811
2903,0.0014515000000000003,-41452722136.98995,-1415579848.2826388,59062.670371764325,12822532791.179497,195732045748.52975,36.45520874475301,-41453348309.84117,-1415519246.5205708,59061.94188748811
2904,0.0014520000000000002,-41452616942.76919,-190813718.9487516,59063.245164071996,12433021364.688803,195392262755.39252,36.40421926387446,-41453227224.40659,-190744203.25662175,59061.94188748811
2905,0.0014525000000000002,-41416365225.37495,1032882942.3210975,59065.277585360134,12406492784.016611,194986309477.13962,36.371545951864995,-41416956035.0132,1032683802.5144327,59061.94188748811
2906,0.001453,-41344028639.51854,2254338819.376074,59067.52767674347,12740794581.500237,194513235788.17874,36.35696621873619,-41344646551.89991,2253799515.311304,59061.94188748811
2907,0.0014535000000000004,-41235719262.82307,3472295663.542888,59068.15979092211,13435550439.219858,193972052042.5973,36.36033092519595,-41236428581.03642,3471595250.220434,59061.94188748811
2908,0.0014540000000000004,-41091597114.73218,4685571575.185253,59066.334241040895,14492065834.412947,193361787424.15262,36.38155587950008,-41092335991.47347,4685005027.942584,59061.94188748811
2909,0.0014545000000000003,-40911847498.623985,5893153130.101602,59062.8601398596,15913294449.162292,192681500487.66785,36.42061499205547,-40912523008.02439,5892903678.44294,59061.94188748811
2910,0.0014550000000000003,-40696677471.09556,7094061051.8724375,59058.64886964933,17703931870.403973,191930211302.7579,36.47753933764965,-40697284403.365906,7094226320.557707,59061.94188748811
2911,0.0014555000000000002,-40446210607.358665,8287884545.058946,59059.673049146026,19870528909.632423,191106849929.521,36.55241936032216,-40446805700.63552,8288065384.519304,59061.94188748811
2912,0.0014560000000000003,-40160876028.145775,9472608470.47334,59055.80400160818,22422044226.406086,190209955612.8441,36.645423756855145,-40161403089.10274,9473286559.594305,59061.94188748811
2913,0.0014565000000000003,-39840676320.84754,10648545373.39502,59060.445722130244,25368763548.411243,189238526132.33395,36.756762930967554,-39841292219.48056,10648907459.057104,59061.94188748811
2914,0.0014570000000000002,-39486135507.027084,11813667372.907284,59062.55364000133,28724342192.409775,188190611774.1134,36.88674642099675,-39486799187.730576,11813877251.483276,59061.94188748811
2915,0.0014575000000000002,-39097628251.06647,12966944089.737328,59062.32119144731,32503866427.7578,187064933452.54752,37.035728315458144,-39098264819.57309,12967175972.608591,59061.94188748811
2916,0.0014580000000000003,-38675323169.33557,14108045919.482857,59066.490459233515,36724843246.678215,185860101022.59955,37.20411635523718,-38676118950.09059,14107890399.80989,59061.94188748811
2917,0.0014585000000000002,-38219926400.46369,15235082199.550232,59065.57423514611,41408375530.60485,184573989333.09702,37.39241606770824,-38220765777.72432,15234982526.083176,59061.94188748811
2918,0.0014590000000000002,-37731518203.83727,16348056207.065994,59069.83686569823,46577350307.84948,183205273871.25543,37.601172055846526,-37732620514.97064,16347458846.527418,59061.94188748811
2919,0.0014595,-37210760407.34989,17445448989.30895,59072.93526504537,52259460533.6719,181751365854.04462,37.831050678367134,-37212071215.07842,17444468972.505413,59061.94188748811
2920,0.0014600000000000004,-36658392579.51821,18525819166.55717,59070.11659016557,58485284566.67108,180210265328.79984,38.08278955126879,-36659648900.33719,18524948322.44468,59061.94188748811
2921,0.0014605000000000004,-36074787608.17532,19588640427.62995,59066.24152215909,65288596958.652565,178580361067.6173,38.35717592190006,-36075983318.56889,19588070729.67139,59061.94188748811
2922,0.0014610000000000003,-35460391754.460175,20633214982.512577,59063.54038711939,72708547404.27304,176859147942.3064,38.65511055660301,-35461471795.32866,20632875134.399582,59061.94188748811
2923,0.0014615000000000003,-34815657113.98394,21658841769.184654,59063.731545426104,80790077116.4593,175043598249.47617,38.977633205215014,-34816734616.8528,21658502348.25659,59061.94188748811
2924,0.0014620000000000002,-34141183934.101925,22664596721.681313,59065.85861157728,89584736443.61803,173130227528.28513,39.32593988400555,-34142451784.18273,22664107583.28957,59061.94188748811
2925,0.0014625000000000003,-33438037840.42668,23648940192.288967,59062.514679122025,99151056316.9073,171115489354.12238,39.70137511286572,-33439128690.884815,23648737837.389954,59061.94188748811
2926,0.0014630000000000003,-32706566250.786217,24611540596.313404,59059.731795303596,109553754206.06517,168996795745.28586,40.10536803915628,-32707465493.875454,24611664743.86301,59061.94188748811
2927,0.0014635000000000002,-31947292936.114315,25551773683.172894,59059.43293288628,120868115321.63324,166770045937.6859,40.539544032666676,-31948163910.86499,25551978122.237938,59061.94188748811
2928,0.0014640000000000002,-31160754956.24544,26469002573.31488,59062.99414524235,133180872990.68039,164430431323.8595,41.00576188956796,-31161839078.178596,26468926046.84361,59061.94188748811
2929,0.0014645000000000003,-30348155934.16077,27361833313.92029,59063.121603931686,146592094861.3333,161972511789.6641,41.50614389042563,-30349322984.8736,27361721275.622253,59061.94188748811
2930,0.0014650000000000002,-29510235088.887527,28229559941.55976,59060.73783036838,161214539590.32687,159391935374.72632,42.0429974732173,-29511194082.682327,28229703529.518337,59061.94188748811
2931,0.0014655000000000002,-28647425797.35537,29071826440.340214,59060.34485829122,177178310733.63617,156683492009.41086,42.618891215516996,-28648341352.706985,29072035945.746918,59061.94188748811
2932,0.001466,-27760499148.922237,29887912624.493744,59061.53578588162,194635578438.02643,153840277183.21188,43.236777535504075,-27761459701.9748,29888047658.86016,59061.94188748811
2933,0.0014665000000000004,-26850518262.831646,30676876555.469086,59061.07169154161,213763211585.85443,150854857612.21335,43.900023754825995,-26851427186.888824,30677055891.66102,59061.94188748811
2934,0.0014670000000000004,-25917837534.67581,31438480610.160187,59064.18639229001,234766308831.08508,147719856681.92792,44.61241455003418,-25919054200.238365,31438380172.18413,59061.94188748811
2935,0.0014675000000000003,-24963742031.462883,32171681828.25006,59065.519383097344,257887586586.0023,144425589896.67923,45.37833402436472,-24965145522.990196,32171404297.20423,59061.94188748811
2936,0.0014680000000000003,-23988882215.209175,32876047975.65954,59067.46591688619,283410650770.97217,140962896426.54855,46.20274050855699,-23990536727.23933,32875615808.6195,59061.94188748811
2937,0.0014685000000000002,-22994605374.957367,33550648957.873158,59065.47944027729,311672242387.95056,137320692132.49797,47.09134748390901,-22996133903.40526,33550390993.472763,59061.94188748811
2938,0.0014690000000000003,-21981426743.73142,34195233077.92682,59063.84128219912,343070566933.2793,133487912982.76987,48.050668911611425,-21982904058.439735,34195107395.547604,59061.94188748811
2939,0.0014695000000000003,-20950469417.2804,34809135800.426476,59060.606906200446,378084170830.1974,129450554320.6484,49.08831446753171,-20951600320.192905,34809265334.20216,59061.94188748811
2940,0.0014700000000000002,-19902192731.622074,35392153810.35835,59059.993350437115,417288142967.463,125193575198.35458,50.21315170049881,-19903171035.87995,35392376715.62922,59061.94188748811
2941,0.0014705000000000002,-18837624837.629337,35943732293.88517,59060.66323201739,461382175988.51843,120698592223.6998,51.43568887146322,-18838645831.7805,35943934335.71464,59061.94188748811
2942,0.0014710000000000003,-17757921271.373955,36463302754.896835,59060.708829719944,511219818051.1589,115945651804.23102,52.76836224630557,-17758922184.241627,36463526254.55029,59061.94188748811
2943,0.0014715000000000002,-16663581959.801256,36950674346.35587,59063.71054994096,567848758806.3601,110913174168.83041,54.22591423234833,-16664978153.57629,36950722270.51978,59061.94188748811
2944,0.0014720000000000002,-15556683485.114107,37404929845.82641,59060.9959839653,632568854072.2115,105575692411.45343,55.826065618170254,-15557747486.745205,37405168223.20355,59061.94188748811
2945,0.0014725000000000003,-14437085388.969656,37826242537.035126,59061.62942602217,706993707239.2228,99908667218.31151,57.589930536379256,-14438190477.864819,37826490138.32338,59061.94188748811
2946,0.0014730000000000004,-13305872811.263084,38214204435.4501,59064.28507682849,793157318455.7357,93881443822.70197,59.543258378627364,-13307284551.770828,38214321287.70177,59061.94188748811
2947,0.0014735000000000004,-12164238159.815117,38568418513.25067,59067.28105423561,893634122244.5344,87462523868.02235,61.71748933600822,-12166082349.317198,38568427587.586716,59061.94188748811
2948,0.0014740000000000003,-11013794637.037449,38888416558.521904,59066.69102561063,1011703286806.16,80621384550.86696,64.15108148143369,-11015696040.946203,38888472665.571495,59061.94188748811
2949,0.0014745000000000003,-9854764752.105947,39174227001.153984,59068.06453117092,1151560466028.2,73332873418.42947,66.8910282546423,-9856954796.175617,39174295627.977615,59061.94188748811
2950,0.0014750000000000002,-8688101157.440193,39425627946.293884,59071.433296334086,1318604009634.3293,65579390401.526306,69.9949851643795,-8690949063.033716,39425574915.60994,59061.94188748811
2951,0.0014755000000000002,-7515941906.324744,39642161024.312584,59070.01827340168,1519771405313.3396,57365672340.87227,73.53301339889482,-7518805930.224517,39642166199.204384,59061.94188748811
2952,0.0014760000000000003,-6338878547.492003,39823828968.28589,59067.11134510033,1763898778544.611,48743704869.6252,77.58806810640867,-6341336746.462694,39823944534.23614,59061.94188748811
2953,0.0014765000000000002,-5156595413.054217,39970764780.811104,59070.30223187031,2062026358223.0393,39846455103.250694,82.25412871291323,-5159736488.336273,39970835109.658066,59061.94188748811
2954,0.0014770000000000002,-3971797113.8749156,40082553148.75823,59069.742260785315,2427345859125.6143,30953635298.66945,87.62733915157038,-3974933993.065055,40082693974.49468,59061.94188748811
2955,0.0014775000000000003,-2784782246.7163434,40159277745.65735,59069.853117515435,2874052133534.5923,22611135744.71318,93.78022865262267,-2788054456.0011187,40159494864.80152,59061.94188748811
2956,0.0014780000000000001,-1596574667.1442864,40200909594.58985,59070.67327575251,3413690003303.468,15794097763.13875,100.70452748673243,-1600138862.0251417,40201195320.34877,59061.94188748811
2957,0.0014785000000000002,-408488058.34450805,40207400956.80555,59070.4770264559,4046306596542.09,12119938447.68625,108.19794721774355,-412269734.936209,40207813039.514275,59061.94188748811
2958,0.0014790000000000003,778567347.2532324,40178835577.70895,59070.38003182621,4743366349856.56,13972545967.883947,115.68148328998416,774688335.8340356,40179328604.06747,59061.94188748811
2959,0.0014795000000000003,1963498365.3030376,40115270112.82983,59069.98815796698,5424019427035.92,24173515107.694736,122.00914878915654,1959623576.6519349,40115906922.044586,59061.94188748811
2960,0.0014800000000000004,3145229939.7102356,40016810353.95179,59069.17623554271,5943299609219.567,44652909204.350685,125.52084471942015,3141484253.8081903,40017468063.666885,59061.94188748811
2961,0.0014805000000000003,4322007450.086173,39883679389.38808,59065.48882779471,6132070169952.199,74228875999.26086,124.71268362181793,4319156660.034705,39884402326.02832,59061.94188748811
2962,0.0014810000000000003,5494891187.131911,39715801784.84957,59066.24930103871,5900035599390.599,107542785024.86755,119.37559586809513,5491777252.826033,39716684790.145485,59061.94188748811
2963,0.0014815000000000002,6661306114.3598585,39513529992.15719,59065.84354962558,5312813914558.444,137516237392.09647,111.03562952764119,6658316634.663116,39514463475.10425,59061.94188748811
2964,0.0014820000000000002,7819987937.530159,39277156476.54607,59063.50523470965,4544841251910.534,159456714664.68326,101.97153936417808,7817678094.227642,39278062380.91267,59061.94188748811
2965,0.0014825000000000003,8970257212.775131,39006905445.115234,59060.40952359114,3764600203881.567,172622992827.01257,93.89682683089217,8968869804.298578,39007700250.13917,59061.94188748811
2966,0.0014830000000000002,10110644676.94339,38703194290.15169,59054.904340440975,3070586623253.874,178806454974.7461,87.51457239778527,10110949777.779676,38703640571.91864,59061.94188748811
2967,0.0014835000000000002,11242333146.924963,38365792350.125114,59054.61354940861,2496079337434.1494,180426758109.0328,82.80470402121016,11242882899.247532,38366231653.37229,59061.94188748811
2968,0.0014840000000000003,12362453952.118238,37995485712.72849,59052.58277179164,2037527737438.0918,179537202389.016,79.42828661041952,12363763627.908913,37995687896.65888,59061.94188748811
2969,0.0014845000000000001,13472196068.100554,37591955184.119095,59057.22206617597,1677234641856.1257,177571844569.33392,76.98133331694719,13472539439.276655,37592460113.668655,59061.94188748811
2970,0.0014850000000000002,14567402002.05009,37156604773.82787,59055.42155557568,1395079905787.1987,175443949670.50705,75.10194529025775,14568249837.761795,37156914933.072296,59061.94188748811
2971,0.0014855000000000003,15649328438.20404,36689123870.48274,59056.72376067421,1173216387929.8774,173671507910.86557,73.50392004450165,15650073064.308996,36689498451.79766,59061.94188748811
2972,0.0014860000000000003,16716387098.744947,36190173316.108406,59058.114892403624,997201481291.001,172515883632.62167,71.97845886595982,16716940386.422554,36190576129.20806,59061.94188748811
2973,0.0014865000000000004,17767128764.79798,35660470668.679855,59056.685283845225,855872312751.3857,172054146994.67728,70.38865092093405,17768012462.976387,35660671498.26408,59061.94188748811
2974,0.0014870000000000003,18801314222.62163,35100240460.14638,59056.08284278738,740804208031.6597,172240181916.6405,68.66123942580292,18802415290.950943,35100310129.70796,59061.94188748811
2975,0.0014875000000000003,19818074481.70097,34509983829.22619,59056.45290552991,645725355141.9974,172954869160.79422,66.77617853462297,19819198916.487988,34509988671.32135,59061.94188748811
2976,0.0014880000000000002,20816174705.804646,33890444318.439266,59055.33564274401,566020849242.9214,174042112532.25198,64.75437101411511,20817548347.652946,33890239978.409367,59061.94188748811
2977,0.0014885000000000002,21795467182.112816,33241790057.075176,59057.770654995424,498326662958.1896,175340152161.24982,62.64377039899661,21796651578.20844,33241662818.244358,59061.94188748811
2978,0.0014890000000000003,22755079476.330494,32564583401.12958,59063.504082505766,440194885094.45654,176709294871.0726,60.5049560894505,22755565226.20058,32564869041.76461,59061.94188748811
2979,0.0014895000000000002,23692646638.129417,31860479197.015614,59059.924525437746,389840249090.2003,178043391297.27353,58.398903655177584,23693572371.753773,31860496030.460693,59061.94188748811
2980,0.0014900000000000002,24608529694.226223,31129409931.372486,59056.98707902613,345951183583.55615,179270962009.09998,56.37843529214606,24609804777.06741,31129039008.031487,59061.94188748811
2981,0.0014905000000000003,25501728602.029575,30372220803.566322,59052.62289694294,307527247314.5536,180362035120.89868,54.48266455612189,25503567524.592052,30371320141.414696,59061.94188748811
2982,0.0014910000000000001,26372381225.357407,29588870641.004963,59055.27062049703,273783386230.28775,181314401671.9867,52.73573760505861,26374083126.262394,29588025372.66013,59061.94188748811
2983,0.0014915000000000004,27219119064.44839,28780535760.04064,59058.44167154638,244075934061.0032,182147203758.23193,51.147900740301644,27220596766.24607,28779768870.903065,59061.94188748811
2984,0.0014920000000000003,28041365836.613155,27947804488.12042,59063.55515335091,217867448704.50598,182886309664.12158,49.71853789412178,28042346347.250854,27947431210.346916,59061.94188748811
2985,0.0014925000000000003,28837891618.873837,27091947066.748386,59064.67863330399,194696703497.1724,183560133344.8997,48.439353167630514,28838704148.529133,27091647384.106792,59061.94188748811
2986,0.0014930000000000004,29608643083.556274,26213126480.222557,59068.996429102255,174166131669.4532,184192580053.88397,47.29754389117962,29609045866.866634,26213243206.56479,59061.94188748811
2987,0.0014935000000000003,30352395159.915253,25312753193.658615,59069.41601242002,155927045066.73157,184803876109.71964,46.27813115053809,30352764171.51478,25313002404.101555,59061.94188748811
2988,0.0014940000000000003,31068776279.975803,24391394040.081318,59069.199504489676,139679004123.47906,185405495527.23514,45.36598187878768,31069068937.56144,24391710838.830124,59061.94188748811
2989,0.0014945000000000002,31756993340.524803,23450150971.877735,59065.67848921267,125161545077.45605,186003480032.62033,44.5469174500525,31757502293.965546,23450219092.5507,59061.94188748811
2990,0.0014950000000000002,32416979819.17274,22489228728.960728,59065.982290198466,112152141392.99251,186597958763.07983,43.80842125196702,32417439540.19682,22489333060.939564,59061.94188748811
2991,0.0014955000000000003,33047822896.60459,21509974838.927887,59064.48297531994,100459526500.18814,187186589330.39005,43.13978506661215,33048342583.64367,21509991242.542183,59061.94188748811
2992,0.0014960000000000002,33649117594.70928,20513122174.512527,59062.95632949683,89923615534.63539,187763185040.45657,42.532201791935954,33649693781.173008,20513003506.203236,59061.94188748811
2993,0.0014965000000000002,34220444175.98693,19499445111.295788,59062.55496306472,80409664183.93785,188320860627.73935,41.97852828232037,34221064261.93616,19499302765.45705,59061.94188748811
2994,0.0014970000000000003,34761466587.90389,18469593988.28713,59065.54328783879,71804831173.06502,188852723924.231,41.473005471908216,34761913045.417,18469693288.399296,59061.94188748811
2995,0.0014975000000000001,35271616365.78616,17424666444.684063,59069.47580580017,64014624893.44037,189352580978.83954,41.010966193149855,35271840387.86358,17425254197.587997,59061.94188748811
2996,0.0014980000000000004,35750038967.56378,16366496421.37632,59065.36069843455,56960853669.88337,189814559284.2199,40.58861965718587,35750418535.77741,16366758456.915192,59061.94188748811
2997,0.0014985000000000003,36196820046.04958,15295147925.5027,59063.218113237075,50579877820.32189,190232790505.1585,40.20289509193448,36197271434.81093,15295267676.353374,59061.94188748811
2998,0.0014990000000000003,36611687763.29996,14211333178.560732,59064.9555235855,44816754304.65924,190604063092.4531,39.851147417677694,36612036275.83692,14211655735.932457,59061.94188748811
2999,0.0014995000000000004,36994196458.01056,13116234188.622932,59067.68327167396,39625051412.92125,190925920778.40707,39.53106466588417,36994449856.11199,13116880086.840065,59061.94188748811
3000,0.0015000000000000002,37343722600.14179,12011748735.712667,59062.3307102334,34966054961.07256,191195994831.60803,39.24063680365176,37344164587.63104,12011891493.252182,59061.94188748811
3001,0.0015005000000000003,37660448169.227104,10897640353.35822,59061.97850178068,30808053339.324127,191411655614.10532,38.97814702115924,37660880980.62976,10897736440.285667,59061.94188748811
3002,0.0015010000000000002,37943943489.72966,9775436643.337452,59060.49971613225,27122521681.150677,191572056412.4941,38.74203259306426,37944423051.77079,9775368449.7888,59061.94188748811
3003,0.0015015000000000002,38194063462.66822,8645911140.692535,59060.139722258995,23885816105.34025,191675813846.35178,38.53092651896812,38194552085.25943,8645721471.049124,59061.94188748811
3004,0.0015020000000000003,38410585705.71685,7510217874.94464,59059.16696812616,21077566555.852608,191721874470.40375,38.343626517858056,38411130000.86446,7509850840.546663,59061.94188748811
3005,0.0015025000000000001,38593464770.18357,6368810778.103243,59062.821575322705,18680584256.476135,191709129827.88327,38.179091386909704,38593957706.96873,6368795582.776354,59061.94188748811
3006,0.0015030000000000002,38742448886.583275,5223269445.708451,59064.778254282726,16680012383.039532,191636777282.1507,38.036411357542526,38742930561.19574,5223461719.84213,59061.94188748811
3007,0.0015035000000000003,38857405213.55384,4075033053.1801167,59061.25336077134,15063829750.609856,191503649751.58737,37.91482336383931,38857919850.545364,4074916673.833398,59061.94188748811
3008,0.0015040000000000001,38938412567.93334,2924113375.7783866,59062.61955810759,13822193092.77519,191308642768.1707,37.813691481662836,38938894164.37101,2924096080.761997,59061.94188748811
3009,0.0015045000000000004,38985372259.99181,1771936298.5250604,59064.015065255175,12946767691.222534,191051078425.64615,37.73246868035261,38985870364.954956,1772031298.7090845,59061.94188748811
3010,0.0015050000000000003,38998276598.833565,619611659.6094178,59064.45629100081,12431331075.947617,190730020020.8013,37.67070878031569,38998772328.0839,619796000.362212,59061.94188748811
3011,0.0015055000000000003,38977160058.76706,-531706487.1995564,59062.71193273918,12271429554.607485,190344537863.6782,37.62805628942213,38977651829.21234,-531670015.6598796,59061.94188748811
3012,0.0015060000000000004,38922087279.70253,-1681490572.756705,59063.67057770478,12464267362.525772,189893735699.6806,37.60423600251836,38922603708.06426,-1681369506.8496141,59061.94188748811
3013,0.0015065000000000002,38833154885.85821,-2828169639.540182,59061.44123353724,13008751085.208961,189376694867.63266,37.599047838988,38833656760.09753,-2828309855.564101,59061.94188748811
3014,0.0015070000000000003,38710458048.24502,-3971327353.3818097,59062.100325689375,13905387217.773865,188792497871.3903,37.61236059423427,38711000542.26543,-3971457002.6039786,59061.94188748811
3015,0.0015075000000000004,38554146374.64423,-5109731293.37082,59062.848727047516,15156506429.449364,188140100515.5869,37.64411454979008,38554719823.22581,-5109826433.883356,59061.94188748811
3016,0.0015080000000000002,38364360206.47935,-6242615835.038541,59065.789553830116,16766135254.45801,187418435055.83182,37.69431638605,38365010116.25666,-6242409674.830678,59061.94188748811
3017,0.0015085000000000003,38141409070.465294,-7368274818.6326,59063.594381920586,18740216915.612858,186626292706.64505,37.763042331751514,38142089071.225,-7368266663.249998,59061.94188748811
3018,0.0015090000000000001,37885453114.09948,-8486302091.977265,59062.61208087649,21086070516.321075,185762730370.91388,37.85041596149361,37886117782.66135,-8486387543.5564,59061.94188748811
3019,0.0015095000000000002,37596763954.84361,-9595653406.400246,59061.87175094379,23813283430.428635,184826446410.46872,37.95663047284035,37597417233.512505,-9595800014.221315,59061.94188748811
3020,0.0015100000000000003,37275563195.08561,-10695619685.78993,59063.74479306432,26933456485.160473,183816096771.8165,38.081945449187906,37276285174.77245,-10695628487.33422,59061.94188748811
3021,0.0015105000000000001,36922134291.36968,-11785281739.62466,59068.08774437188,30460662621.836353,182730070921.23444,38.22669842179217,36923002019.43368,-11784825981.069147,59061.94188748811
3022,0.0015110000000000004,36537014041.707565,-12863042437.098587,59068.02371934092,34411451513.760086,181566650450.2766,38.39130402039054,36537876412.879944,-12862524805.52148,59061.94188748811
3023,0.0015115000000000003,36120489688.73983,-13928309426.936998,59067.58584411052,38804145700.84733,180324591703.75262,38.57621922711103,36121424513.00517,-13927750574.97266,59061.94188748811
3024,0.0015120000000000003,35672963396.221176,-14980171110.2342,59066.86088088205,43660264274.84116,179002148020.70364,38.781979367998936,35673984050.43726,-14979601284.5316,59061.94188748811
3025,0.0015125000000000004,35195085491.49332,-16017220045.735708,59060.79101152577,49004441572.690186,177597423032.91263,39.00920337702644,35195890262.44662,-16017224635.510525,59061.94188748811
3026,0.0015130000000000002,34686865978.60147,-17039631648.087812,59060.962962759535,54863891730.45862,176108928124.0964,39.25856502212825,34687710276.98879,-17039689242.119305,59061.94188748811
3027,0.0015135000000000003,34148950545.699055,-18046088359.443794,59061.877759961586,61271547677.34208,174533615293.67276,39.530894563345356,34149804378.69729,-18046116141.776962,59061.94188748811
3028,0.0015140000000000004,33581885528.955273,-19035635739.191254,59062.4449402755,68263982868.726364,172869006589.10992,39.82712258222187,33582773800.32158,-19035679872.610134,59061.94188748811
3029,0.0015145000000000002,32986177586.66128,-20007470452.66978,59063.139928231714,75882516804.56735,171112571495.5506,40.148280845761064,32987097707.28617,-20007453656.392452,59061.94188748811
3030,0.0015150000000000003,32362278914.663536,-20960921313.497253,59065.601811961526,84174158298.70992,169261470586.01236,40.49552204353911,32363376534.353493,-20960665815.89313,59061.94188748811
3031,0.0015155000000000001,31710993506.075623,-21894802218.711567,59065.58228670622,93192728503.80795,167312352736.94083,40.87015040205305,31712108924.30484,-21894561605.8174,59061.94188748811
3032,0.0015160000000000002,31032864229.017483,-22808437082.138298,59064.675174096614,102998434326.92216,165262280451.80737,41.27358986434485,31033963385.883495,-22808253327.645733,59061.94188748811
3033,0.0015165000000000003,30328724958.797337,-23700787490.955566,59060.07080601608,113660191086.71173,163107675856.04773,41.70743229378204,30329523082.946095,-23700984981.91062,59061.94188748811
3034,0.0015170000000000003,29598896512.37613,-24571566061.660778,59057.38444102682,125255816095.35652,160845098150.67734,42.173428601907,29599445885.535942,-24572061997.859306,59061.94188748811
3035,0.0015175000000000004,28843867217.648872,-25420228420.574856,59058.493111431824,137875930348.827,158469601562.95856,42.673594351233525,28844416642.789764,-25420661495.851974,59061.94188748811
3036,0.0015180000000000003,28064354067.666115,-26245974645.555614,59061.9753921261,151625336922.56903,155975499882.02344,43.210247059283695,28065079890.267105,-26246234051.611965,59061.94188748811
3037,0.0015185000000000003,27261234311.42603,-27047895028.96617,59065.08152108109,166624501044.49567,153356997907.75418,43.786002993020794,27262231507.652145,-27047907125.717403,59061.94188748811
3038,0.0015190000000000004,26435264853.59171,-27825285518.468258,59067.51798554886,183011748714.1781,150608366476.0797,44.40377492760691,26436496290.36304,-27825110905.078342,59061.94188748811
3039,0.0015195000000000002,25587386798.303116,-28577318325.57198,59067.2306936597,200947305257.09756,147723253993.03018,45.066829977737065,25588706515.741577,-28577159478.00071,59061.94188748811
3040,0.0015200000000000003,24717834870.622505,-29303863359.58062,59070.641631691586,220616734805.13385,144695024424.1768,45.77882662770973,24719568970.362537,-29303436186.11331,59061.94188748811
3041,0.0015205000000000004,23828283155.179768,-30003530612.15714,59067.512768061446,242239598423.5026,141514530568.1256,46.544015686609484,23829877091.965034,-30003325446.175896,59061.94188748811
3042,0.0015210000000000002,22919460682.524437,-30675880148.55115,59060.15110356611,266069293380.03107,138174462614.0246,47.3671183336255,22920405923.974277,-30676208463.310688,59061.94188748811
3043,0.0015215000000000003,21991201641.93022,-31321138680.645348,59059.1332817504,292405124649.2997,134665652283.20198,48.253517831302986,21991986336.746075,-31321493481.511505,59061.94188748811
3044,0.0015220000000000001,21044739445.59957,-31938427116.890278,59059.23971452995,321607362487.58435,130974674317.03471,49.209619753800865,21045490548.81829,-31938804706.83456,59061.94188748811
3045,0.0015225000000000002,20081189432.88014,-32527052891.653046,59057.781609092825,354103931963.04816,127088535791.96149,50.242848626838395,20081756528.067978,-32527607312.407093,59061.94188748811
3046,0.0015230000000000003,19100948814.58841,-33086835824.51907,59059.153160821006,390406860162.836,122993578238.94951,51.36178490522002,19101523934.896362,-33087358750.61787,59061.94188748811
3047,0.0015235000000000003,18105413699.927624,-33616990670.020454,59058.32022691415,431136928773.66425,118672952041.95996,52.57654028908167,18105833552.78151,-33617621111.950184,59061.94188748811
3048,0.0015240000000000004,17094395834.6567,-34117681163.854668,59064.50783491494,477045516631.3952,114109636612.90672,53.89893005003849,17095486036.14068,-34117931467.153152,59061.94188748811
3049,0.0015245000000000002,16069888407.670534,-34587873688.31972,59067.57384511736,529058349390.50714,109281205293.0902,55.343149373745476,16071381765.935541,-34587933449.19541,59061.94188748811
3050,0.0015250000000000003,15032941080.953135,-35027160051.224686,59067.07859370616,588309639854.4132,104166806084.41801,56.92594669694125,15034471650.426523,-35027272490.68747,59061.94188748811
3051,0.0015255000000000004,13983910567.95319,-35435471837.06277,59067.8895414063,656204839956.557,98743341065.03278,58.66728468477141,13985703419.83556,-35435543215.70094,59061.94188748811
3052,0.0015260000000000002,12923517384.714077,-35812551354.87977,59071.22186441529,734503238059.8188,92983651790.91885,60.591332821734916,12925914682.975088,-35812480292.356255,59061.94188748811
3053,0.0015265000000000003,11853432527.905397,-36157808996.54572,59071.512762243394,825420518760.0789,86858705185.18056,62.727513622433406,11856033019.496277,-36157755630.47183,59061.94188748811
3054,0.0015270000000000004,10773671697.370026,-36471315776.07419,59075.53863599486,931757852088.8899,80341806299.57019,65.1115358783243,10777055160.796133,-36471131260.479996,59061.94188748811
3055,0.0015275000000000002,9686089839.600471,-36752517468.9165,59076.758913744176,1057089205275.9147,73406053211.80893,67.78718998072137,9689945335.410366,-36752337583.39637,59061.94188748811
3056,0.0015280000000000003,8591805143.74785,-37001197142.50357,59074.68789750994,1205976524863.6814,66035510098.991165,70.80775678928846,8595604192.358173,-37001120044.36065,59061.94188748811
3057,0.0015285000000000001,7491341584.370202,-37217323245.00593,59072.577398896094,1384249269976.903,58231930621.729355,74.23767635822543,7495000112.414923,-37217457661.49135,59061.94188748811
3058,0.0015290000000000002,6385043461.761341,-37400876451.27947,59074.09349280558,1599321640648.1458,50030231334.76618,78.15375110477832,6389185765.8193,-37401048938.925606,59061.94188748811
3059,0.0015295000000000003,5274511204.410901,-37551572294.23766,59075.03144059197,1860477665284.1135,41528726849.57033,82.64428500373405,5279056852.116037,-37551819574.62379,59061.94188748811
3060,0.0015300000000000003,4160328082.146655,-37669383461.53434,59077.66926820903,2178920250694.771,32944876619.765064,87.80257326803437,4165591738.8261323,-37669616472.49174,59061.94188748811
3061,0.0015305000000000004,3044371265.182394,-37754098509.17003,59076.8047093768,2567151163990.088,24699198539.036903,93.70893376393853,3049815055.8345594,-37754503040.35626,59061.94188748811
3062,0.0015310000000000002,1926616701.8734317,-37805846793.67996,59078.42529691878,3036653002329.963,17552997737.007465,100.38824678801615,1932565476.858192,-37806389324.258865,59061.94188748811
3063,0.0015315000000000003,808712242.1147767,-37824513434.29383,59078.470767945706,3592044919615.692,12785231774.003183,107.72440094993225,814956983.829172,-37825226562.99843,59061.94188748811
3064,0.0015320000000000004,-308489842.73668754,-37810192066.51763,59078.32946144036,4219058706749.98,12354439269.224995,115.31195650262107,-302093732.7818356,-37811031238.83816,59061.94188748811
3065,0.0015325000000000002,-1424049225.3522742,-37762898065.428024,59077.64455096827,4865521996468.429,18799934111.90722,122.26723471992182,-1417627448.9780593,-37763878373.9144,59061.94188748811
3066,0.0015330000000000003,-2536730697.071666,-37682756522.65524,59075.693234233804,5424206096669.387,34438965940.491356,127.1514179995844,-2530622411.6113143,-37683859546.239975,59061.94188748811
3067,0.0015335000000000004,-3645198782.495085,-37569942303.82493,59071.265694230984,5745341767555.399,59591734563.55836,128.33455597896616,-3640162420.057355,-37571154843.0304,59061.94188748811
3068,0.0015340000000000002,-4750325548.091467,-37424400138.88863,59071.11202132988,5706301628231.235,90881177861.89131,124.95471770927212,-4745196068.3540745,-37425826797.012825,59061.94188748811
3069,0.0015345000000000003,-5848310723.1546135,-37246664558.536354,59064.88488461973,5301169215888.978,121995456039.602,117.76623615395978,-5844850757.674762,-37248008767.859535,59061.94188748811
3070,0.0015350000000000001,-6941099004.079431,-37036533759.521484,59063.15124763937,4651589617283.571,147164868864.61646,108.79686959695408,-6938080560.523815,-37037892376.6556,59061.94188748811
3071,0.0015355000000000002,-8025348956.417728,-36794640620.22591,59057.214434504625,3921152956870.114,163980627208.1141,100.07451214033672,-8024086918.526584,-36795746741.179016,59061.94188748811
3072,0.0015360000000000005,-9101823933.939333,-36520933148.96136,59053.214702373516,3231241652204.2407,173161447386.37775,92.7635647016106,-9101781047.38924,-36521772366.929436,59061.94188748811
3073,0.0015365000000000003,-10167384535.719713,-36216239200.52658,59043.02464665343,2639040880072.9487,176822856918.3961,87.1602600985572,-10170320207.766794,-36216242627.9884,59061.94188748811
3074,0.0015370000000000004,-11225990822.0498,-35879575137.2354,59044.86191550994,2156188076930.9553,177104282113.82355,83.0680672106578,-11228764251.323027,-35879534483.577866,59061.94188748811
3075,0.0015375000000000002,-12273141237.798668,-35512155087.446106,59044.85929410202,1772209143995.4111,175667077703.2686,80.11493690542726,-12276231747.183748,-35511954491.64002,59061.94188748811
3076,0.0015380000000000003,-13309611500.30313,-35113781509.26996,59050.020832696355,1469721696693.1694,173616619171.91977,77.92345010738401,-13311761458.354353,-35113855123.87548,59061.94188748811
3077,0.0015385000000000004,-14332651549.635517,-34685436926.70689,59052.28687126699,1231411334609.465,171639117680.8988,76.17348426962462,-14334496022.154675,-34685542671.91334,59061.94188748811
3078,0.0015390000000000002,-15341473427.094692,-34227553279.12389,59051.84208984662,1042549485726.4604,170111841290.5573,74.61847517391944,-15343574290.567858,-34227543901.352318,59061.94188748811
3079,0.0015395000000000003,-16336393438.166973,-33740087134.20211,59054.76648351238,891413230725.4054,169204702284.69382,73.0834271921151,-16338097731.735592,-33740153902.9532,59061.94188748811
3080,0.0015400000000000004,-17316122791.318703,-33223642317.162926,59058.80003646359,768969260130.4225,168948055427.32773,71.45794537386263,-17317218962.71919,-33223946265.502598,59061.94188748811
3081,0.0015405000000000002,-18278587558.62092,-32679325164.067417,59056.22411914555,668396678970.9348,169274604789.70294,69.688331541688,-18280138495.937252,-32679349011.711876,59061.94188748811
3082,0.0015410000000000003,-19224667169.09159,-32106810763.930885,59058.12370963864,584619440216.8632,170056612805.1092,67.76802304773487,-19226019581.9876,-32106926430.057682,59061.94188748811
3083,0.0015415000000000001,-20152369850.74603,-31507263634.138084,59056.11680840895,513881361663.3584,171148400127.2519,65.72501478479535,-20154078736.61097,-31507155854.059433,59061.94188748811
3084,0.0015420000000000002,-21061952560.442772,-30880633788.25696,59058.13886152923,453435591758.59015,172402516927.4137,63.60928683281981,-21063435810.075058,-30880579569.889725,59061.94188748811
3085,0.0015425000000000005,-21951978742.8318,-30227886813.68014,59058.82490325908,401267578743.17035,173697158821.01102,61.47963906290877,-21953408329.56936,-30227796352.672787,59061.94188748811
3086,0.0015430000000000003,-22821698907.505177,-29549639122.147045,59058.204303800354,355897920971.3101,174940597282.92587,59.39328470479742,-22823245399.366325,-29549408398.603493,59061.94188748811
3087,0.0015435000000000004,-23670686763.319714,-28846291363.28523,59059.088110963145,316220185645.97955,176076901383.37415,57.3983113140704,-23672114854.082634,-28846096412.157646,59061.94188748811
3088,0.0015440000000000002,-24498265473.773567,-28118427806.432,59061.83744152055,281382537792.11536,177083081546.04663,55.52966038193004,-24499435140.002384,-28118411384.947334,59061.94188748811
3089,0.0015445000000000003,-25303364514.421623,-27367009203.721413,59062.68489187581,250707735256.72412,177960486618.40594,53.80835628809652,-25304437575.994305,-27367006870.844227,59061.94188748811
3090,0.0015450000000000004,-26085456638.00261,-26592604679.562912,59063.251210754825,223641005340.47095,178725103533.8913,52.24300559536018,-26086492613.405697,-26592638500.22382,59061.94188748811
3091,0.0015455000000000002,-26844101523.933086,-25795702750.322258,59065.930927254296,199712812239.7484,179401496831.4418,50.832300112929325,-26844841336.332706,-25795876453.612534,59061.94188748811
3092,0.0015460000000000003,-27578230950.457844,-24977449583.69235,59065.657677589224,178517543850.1469,180016220721.06537,49.567939975338085,-27579007943.719723,-24977566487.183064,59061.94188748811
3093,0.0015465000000000003,-28287239687.362885,-24138621975.17487,59062.58783472303,159704046403.53198,180591449912.89,48.43753512410226,-28288257129.581955,-24138456075.71366,59061.94188748811
3094,0.0015470000000000002,-28970790761.254974,-23279720625.283432,59059.99473268872,142965847965.8303,181144380642.42868,47.426835590262336,-28971974628.32799,-23279275898.23438,59061.94188748811
3095,0.0015475000000000003,-29628340416.32049,-22401486508.193134,59058.13616323977,128035066738.81575,181686857951.75357,46.521347498698525,-29629668668.90684,-22400797191.571552,59061.94188748811
3096,0.0015480000000000001,-30259587071.16713,-21504369134.344418,59060.42040343693,114679739501.84058,182224658945.66837,45.70746680521936,-30260776884.68388,-21503794366.752384,59061.94188748811
3097,0.0015485000000000002,-30863618402.91933,-20589670236.64786,59060.88269481327,102699673122.38068,182759060513.90918,44.97307374059773,-30864779855.768692,-20589136932.493958,59061.94188748811
3098,0.0015490000000000005,-31440174592.444576,-19657870441.566643,59063.32885178221,91925823914.53775,183286341924.68762,44.307884230316574,-31441166218.74887,-19657533599.35629,59061.94188748811
3099,0.0015495000000000003,-31988521640.850525,-18710197119.373276,59063.33018581462,82214308481.07777,183801357447.31418,43.70335320042336,-31989500176.884396,-18709879593.076286,59061.94188748811
3100,0.0015500000000000004,-32508418640.036377,-17747174432.911793,59064.59713870656,73445100729.69066,184297113806.62567,43.152555958057505,-32509264593.941154,-17746926093.55904,59061.94188748811
3101,0.0015505000000000002,-32999444746.447212,-16769632237.971888,59067.158164396016,65516916761.144066,184767202432.35297,42.64987636708471,-33000146149.92715,-16769670196.039396,59061.94188748811
3102,0.0015510000000000003,-33460899246.494175,-15779032816.800407,59064.808864818704,58345133624.26379,185205541853.96875,42.190759097107275,-33461615460.336567,-15778912489.098146,59061.94188748811
3103,0.0015515000000000004,-33892697927.019894,-14775735239.285463,59063.67032291684,51860180660.802414,185606029565.97098,41.77152417244313,-33893378664.68058,-14775525109.046352,59061.94188748811
3104,0.0015520000000000002,-34294408299.281116,-13760823332.681993,59061.59105572284,46002866945.37159,185964486392.85794,41.38908579671642,-34295118701.269817,-13760414217.18317,59061.94188748811
3105,0.0015525000000000003,-34665913431.33324,-12734706871.15016,59063.58421790378,40723901534.62866,186277234182.94025,41.04083357623554,-34666505848.85426,-12734471129.007393,59061.94188748811
3106,0.0015530000000000003,-35006774793.72949,-11698609735.699068,59065.762144637185,35981182214.61975,186541815817.59088,40.72449190277572,-35007264507.795876,-11698599293.2137,59061.94188748811
3107,0.0015535000000000002,-35316652007.57468,-10653677726.748894,59065.81576095981,31739761335.811203,186755771678.12244,40.438091860057774,-35317114046.651115,-10653701657.246172,59061.94188748811
3108,0.0015540000000000003,-35595402822.317184,-9600570459.56955,59066.70162371329,27970346824.123535,186916962653.02057,40.17992306913345,-35595846581.49371,-9600813844.458729,59061.94188748811
3109,0.0015545000000000001,-35842786533.13296,-8540314393.8649025,59067.29788774699,24647778123.747982,187023928244.08124,39.948471219712005,-35843161414.8146,-8540744518.207841,59061.94188748811
3110,0.0015550000000000002,-36058589721.187386,-7474000200.120755,59066.118433965115,21750804836.885815,187075324073.19138,39.74240451927362,-36058968127.2954,-7474431613.760457,59061.94188748811
3111,0.0015555000000000005,-36242732445.93411,-6402274499.601607,59066.31601432851,19261490465.930965,187069904601.5862,39.560559784626754,-36243100813.23442,-6402817482.6460705,59061.94188748811
3112,0.0015560000000000003,-36394921744.892296,-5327052529.9741,59058.16900115729,17164427745.523079,187006737057.3709,39.401914428861154,-36395456469.86966,-5326805661.6259575,59061.94188748811
3113,0.0015565000000000004,-36515359693.62554,-4247613158.3319964,59059.35899560715,15447168750.723478,186884531101.00363,39.26560375329995,-36515897514.704,-4247420600.633361,59061.94188748811
3114,0.0015570000000000002,-36603819870.319954,-3165712391.5110297,59060.31825053336,14098477534.993484,186702854286.23642,39.15085387952089,-36604337463.30205,-3165594300.646802,59061.94188748811
3115,0.0015575000000000003,-36660276905.88354,-2082091271.9996173,59063.078383060645,13109761301.539055,186460653124.79437,39.057022508263145,-36660795758.388374,-2082199639.854693,59061.94188748811
3116,0.0015580000000000004,-36684678191.6506,-998207072.3699782,59062.35461102322,12474255294.560846,186156947653.75714,38.98358077521401,-36685223861.70947,-998208888.4624528,59061.94188748811
3117,0.0015585000000000002,-36677074688.70484,85549519.89039391,59064.165203313176,12187042994.098406,185790699235.91425,38.93010585369427,-36677591756.3569,85388425.32993,59061.94188748811
3118,0.0015590000000000003,-36637491660.36519,1167965079.9468794,59065.44386924988,12244788373.271576,185360993836.78305,38.89626259056753,-36638055880.52127,1167683279.6954367,59061.94188748811
3119,0.0015595000000000003,-36565991564.766174,2248332530.3840184,59068.581958387564,12645846194.319025,184866858838.76495,38.881800141062655,-36566578595.996315,2247674614.1896706,59061.94188748811
3120,0.0015600000000000002,-36462690197.20767,3325232639.6314244,59068.56809631215,13390238130.572199,184307288030.8912,38.88654679125491,-36463298539.39406,3324507695.5393167,59061.94188748811
3121,0.0015605000000000003,-36327722782.2536,4397881012.41609,59067.429252612885,14479491418.250895,183681326718.36072,38.91040005198201,-36328356931.32913,4397169250.845966,59061.94188748811
3122,0.001561,-36161195561.83409,5465778978.770916,59069.60722067048,15916748999.01927,182987996090.1552,38.953323867161295,-36161903885.671265,5464782364.275301,59061.94188748811
3123,0.0015615000000000004,-35963397521.5924,6527172869.807936,59066.36184992503,17707067184.91817,182226109828.74838,39.01535744147793,-35964100439.29481,6526365925.844201,59061.94188748811
3124,0.0015620000000000005,-35734466530.459885,7581749717.94577,59064.602380320284,19856778220.24799,181394758429.568,39.09659128861145,-35735182570.75427,7581084166.680468,59061.94188748811
3125,0.0015625000000000003,-35474742316.89182,8628098914.323315,59059.097758011,22374385313.10813,180492678901.64716,39.197189285687585,-35475362422.5777,8627912467.140884,59061.94188748811
3126,0.0015630000000000004,-35184340372.075615,9666036721.711653,59057.64761513488,25269916174.85763,179518817950.0396,39.31736960853568,-35184884226.50974,9666065733.727821,59061.94188748811
3127,0.0015635000000000002,-34863571813.23819,10694485179.985502,59057.739541378345,28556116374.322613,178471540562.67853,39.457440360387324,-34864099070.138725,10694589159.036598,59061.94188748811
3128,0.0015640000000000003,-34512761477.55344,11712486990.303436,59058.3985921998,32247855858.07439,177349269837.12006,39.61778560416082,-34513250654.02439,11712636364.3675,59061.94188748811
3129,0.0015645000000000004,-34132366055.082706,12718822358.794722,59056.02172763809,36362367539.33345,176150399026.31262,39.79886167338566,-34132774224.767002,12719360841.82337,59061.94188748811
3130,0.0015650000000000002,-33722488861.56681,13713379061.550192,59058.799896139826,40919048559.94842,174873530003.11295,40.00118091017647,-33722937886.651516,13713762949.890001,59061.94188748811
3131,0.0015655000000000003,-33283667109.148273,14694842445.094517,59061.17806423316,45941278217.53949,173516334005.8723,40.225372321492934,-33284210692.755306,14695083334.12394,59061.94188748811
3132,0.0015660000000000003,-32816421231.81095,15662141569.257704,59060.82680904583,51455013630.22467,172076930857.6928,40.47214031013672,-32816915219.186493,15662459607.877522,59061.94188748811
3133,0.0015665000000000002,-32321175050.10746,16614532308.266123,59059.02316336673,57489365350.80337,170553539277.40106,40.74225882584969,-32321547866.582287,16615014583.450815,59061.94188748811
3134,0.0015670000000000003,-31798103818.269863,17551775861.55465,59062.08145946918,64077547451.51915,168944027040.6844,41.03659761792178,-31798577911.054115,17552006040.470562,59061.94188748811
3135,0.0015675,-31248142923.498398,18472198174.933887,59059.92650064226,71258498148.95601,167245239270.71793,41.35618618517039,-31248509637.87892,18472599638.580933,59061.94188748811
3136,0.0015680000000000004,-30671397835.57477,19375768272.30397,59061.44765941748,79074428317.21309,165455244123.86652,41.70212009502818,-30671839563.47534,19376073753.508583,59061.94188748811
3137,0.0015685000000000004,-30068287933.922,20261833855.556965,59067.44006493725,87575107859.89153,163570510723.7893,42.075676608316954,-30069067500.90309,20261711342.309845,59061.94188748811
3138,0.0015690000000000003,-29439761079.303555,21128995540.38584,59070.16881047712,96817488736.74667,161587171584.42667,42.4783223883356,-29440727142.710342,21128553090.43593,59061.94188748811
3139,0.0015695000000000004,-28786564483.936054,21976326205.31207,59067.91009011311,106864585393.6011,159502380095.1669,42.911635852962135,-28787501052.635708,21976010162.66392,59061.94188748811
3140,0.0015700000000000002,-28108750408.281677,22803878937.960022,59070.067296408306,117787595563.33743,157313180641.71542,43.377328512389276,-28109883029.16199,22803255012.23667,59061.94188748811
3141,0.0015705000000000003,-27407241253.065514,23610527314.512924,59071.16808981232,129670420160.41714,155014453110.31476,43.877402540196684,-27408532529.973644,23609729223.505806,59061.94188748811
3142,0.0015710000000000003,-26682987779.69297,24395249988.498665,59067.31284004892,142607779815.93433,152601806868.7732,44.414084291895996,-26684110289.100605,24394690620.951626,59061.94188748811
3143,0.0015715000000000002,-25936165882.881226,25157973250.5461,59066.02667294765,156707163595.64444,150071150492.5011,44.98981139667104,-25937261445.8576,25157526835.045635,59061.94188748811
3144,0.0015720000000000003,-25167993086.942017,25897485630.89505,59060.029494142495,172094836724.10757,147416204173.78094,45.60740176478581,-25168659304.158512,25897516941.357132,59061.94188748811
3145,0.0015725000000000003,-24378262885.212105,26614093904.478573,59061.2206859203,188914379173.86426,144631798145.55838,46.26996949167661,-24379027055.331654,26614063118.8883,59061.94188748811
3146,0.0015730000000000002,-23567990307.268555,27306841623.491875,59064.38434949545,207336945000.83746,141709285708.07233,46.98119337560178,-23568966540.09004,27306535312.239994,59061.94188748811
3147,0.0015735000000000002,-22738374767.95042,27974726618.17181,59063.875356633915,227560700295.7708,138640728246.72235,47.74525252751623,-22739297132.05459,27974526718.23687,59061.94188748811
3148,0.001574,-21889524266.214687,28617744679.884567,59067.28694782739,249815434239.46017,135418782857.39937,48.56680661594928,-21890816678.091965,28617317542.36505,59061.94188748811
3149,0.0015745000000000004,-21022847819.897865,29234828222.757137,59067.10172805545,274374793556.76132,132033026735.65018,49.451272181537234,-21024230666.748158,29234420164.69264,59061.94188748811
3150,0.0015750000000000004,-20138718890.218487,29825793271.540745,59068.09186529897,301559119060.0379,128474082397.4663,50.40477566246475,-20140281808.859894,29825313639.668694,59061.94188748811
3151,0.0015755000000000003,-19238338982.611843,30389868471.31911,59066.10195069012,331751343116.90845,124729854263.8442,51.43443617088481,-19239789766.19738,30389474337.79448,59061.94188748811
3152,0.0015760000000000004,-18322194786.444633,30926826883.57984,59064.70402570207,365407087755.449,120788116743.19868,52.548452259443444,-18323533422.298103,30926531160.608604,59061.94188748811
3153,0.0015765000000000002,-17391056900.04369,31436254382.234035,59064.18904227863,403075965585.8972,116633908424.28871,53.75643890687982,-17392357232.358818,31435983915.586452,59061.94188748811
3154,0.0015770000000000003,-16445596849.55462,31917814483.281086,59065.71625486485,445423438324.8599,112250485125.59933,55.06971820233235,-16447131203.693853,31917414622.6686,59061.94188748811
3155,0.0015775000000000003,-15487233656.177954,32370801981.48293,59064.078747258165,493261119476.4163,107618866861.96414,56.501710179735085,-15488646267.672579,32370495075.960575,59061.94188748811
3156,0.0015780000000000002,-14516348526.624596,32795113672.900723,59063.681111917824,547580658936.7773,102719934800.6867,58.06823408467664,-14517740704.557863,32794868672.390736,59061.94188748811
3157,0.0015785000000000003,-13534121937.719805,33190260738.44666,59061.80903633216,609608789377.0765,97530884914.1002,59.78824403273132,-13535318192.087124,33190164586.62307,59061.94188748811
3158,0.0015790000000000003,-12541179535.974243,33556050279.51046,59060.58435759991,680868206421.4781,92028119850.26494,61.68446088084311,-12542204537.99538,33556035685.52402,59061.94188748811
3159,0.0015795000000000002,-11538321970.2,33892220183.546726,59060.44495319108,763265601720.4331,86185868386.47128,63.78436399077744,-11539296027.359814,33892224629.595367,59061.94188748811
3160,0.0015800000000000002,-10526372052.394232,34198519742.926888,59061.623310463816,859202619415.5172,79978032773.99878,66.12132710170962,-10527481231.685635,34198544715.548073,59061.94188748811
3161,0.0015805,-9506283472.731382,34474679576.23918,59063.45530371163,971720789481.0868,73380532554.12167,68.73597727991972,-9507684074.463787,34474660937.96196,59061.94188748811
3162,0.0015810000000000004,-8479573955.70442,34720313107.51171,59061.75778509227,1104685780734.9023,66375895583.70969,71.67771306357955,-8480759661.919207,34720468521.78392,59061.94188748811
3163,0.0015815000000000004,-7445981627.610355,34935571907.23103,59064.56682505451,1263010281465.154,58962348692.12247,75.006102874281,-7447627540.434999,34935659137.71699,59061.94188748811
3164,0.0015820000000000003,-6407629307.733207,35119980047.17637,59063.60945395165,1452928939001.233,51162043550.29769,78.79242874595109,-6409121537.866336,35120170304.638016,59061.94188748811
3165,0.0015825000000000004,-5364377889.859131,35273659590.603,59065.816002628126,1682235387586.9978,43051923362.261185,83.11895076900912,-5366265394.111491,35273862222.6203,59061.94188748811
3166,0.0015830000000000002,-4317250824.453144,35396451587.66706,59070.05610382678,1960415411554.8665,34797491212.12808,88.07510338701975,-4319946503.032907,35396605723.54869,59061.94188748811
3167,0.0015835000000000003,-3268201814.262343,35488105092.492836,59070.07989849682,2298322209951.403,26724202080.048603,93.74454749591636,-3270987084.8582654,35488274285.48786,59061.94188748811
3168,0.0015840000000000003,-2217371883.6615534,35548723071.798355,59070.89454435611,2706738963966.816,19425390310.284107,100.17400178507326,-2220472895.458195,35548911079.65087,59061.94188748811
3169,0.0015845000000000002,-1165830099.8289661,35578266025.53207,59071.60079669498,3192557928205.125,13907847699.91885,107.30910264903261,-1169187460.4291923,35578567515.3261,59061.94188748811
3170,0.0015850000000000003,-114580205.35945275,35576733840.35257,59071.69192046003,3750512279812.537,11754641547.70936,114.87759357268736,-118147527.97149608,35577161713.67446,59061.94188748811
3171,0.0015855000000000003,935313514.7954085,35544198486.02906,59070.89284690277,4348830671486.3687,15154236599.351768,122.22030752578814,931868320.2013458,35544704828.13774,59061.94188748811
3172,0.0015860000000000002,1983064316.496808,35480713770.294914,59069.57112094326,4912179337431.639,26470565924.24629,128.15288662374527,1979827051.5766141,35481292040.20824,59061.94188748811
3173,0.0015865000000000002,3028068858.1682415,35386352749.84298,59069.00122998376,5318697954217.062,46980437366.76004,131.10170933265968,3024873584.1377287,35387009177.850395,59061.94188748811
3174,0.0015870000000000003,4068879396.7700286,35261293240.22645,59067.15704082824,5438817160117.165,75110668919.66138,129.7871096068981,4066045780.592012,35261985328.95948,59061.94188748811
3175,0.0015875000000000004,5105565354.662146,35105560500.69215,59067.726107928975,5213854693899.414,105934757585.14616,124.19285591739495,5102507857.648568,35106415505.23388,59061.94188748811
3176,0.0015880000000000004,6135209368.918727,34919632422.37546,59063.14894458077,4704636830699.429,133434762493.2718,115.81888341671696,6133332397.224296,34920369086.755875,59061.94188748811
3177,0.0015885000000000003,7158853208.036455,34703431322.75301,59060.79404377671,4050098345525.869,153724978641.7931,106.7686086448559,7157620958.702439,34704123683.02179,59061.94188748811
3178,0.0015890000000000004,8174140675.363359,34457474701.65568,59055.124408193886,3382953301266.4136,166187957575.31757,98.62838907217636,8174423187.475784,34457876001.12785,59061.94188748811
3179,0.0015895000000000002,9182250707.39294,34181565763.469166,59053.83762355273,2783148747667.644,172310549489.34534,92.08757773245455,9182982223.829988,34181874026.022385,59061.94188748811
3180,0.0015900000000000003,10182535213.314024,33875818972.946415,59057.72022847455,2280138890252.1396,174172447225.1952,87.17001522556565,10182396118.071112,33876368255.60461,59061.94188748811
3181,0.0015905000000000003,11171195275.650297,33541337683.39183,59055.119702817894,1873480673710.5332,173585247101.0204,83.58589349378772,11171745547.273706,33541652815.25671,59061.94188748811
3182,0.0015910000000000002,12149761629.84642,33177774660.083755,59055.84488972671,1550245855897.6067,171850282671.67725,80.96555572302623,12150254036.280771,33178091115.40153,59061.94188748811
3183,0.0015915000000000002,13116093797.60899,32785893763.83285,59054.20890409945,1294579223437.7717,169825674672.8067,78.9652975918585,13117111913.411661,32786000655.655346,59061.94188748811
3184,0.0015920000000000003,14070536357.425268,32365643648.85091,59055.76175222193,1091863848857.3654,168024031367.37393,77.30440009984189,14071378888.766409,32365816618.294926,59061.94188748811
3185,0.0015925000000000002,15011716742.018644,31917600652.845627,59057.85214871293,929969948175.1477,166722229223.29947,75.77081446216037,15012303282.812641,31917881471.526154,59061.94188748811
3186,0.0015930000000000002,15938726868.787994,31442224378.01676,59059.933002403974,799334681534.2274,166028168172.41193,74.21770534134286,15939045429.434607,31442588913.61108,59061.94188748811
3187,0.0015935000000000003,16850598979.459217,30940048997.385315,59060.89884658747,692613531248.6675,165935045246.5018,72.55686006088236,16850782136.0594,30940516597.118015,59061.94188748811
3188,0.0015940000000000004,17745863769.606384,30411939520.18624,59056.016340091184,604255417119.6069,166360700697.9657,70.75072009351013,17746770958.574463,30411981226.61394,59061.94188748811
3189,0.0015945000000000004,18624733726.95533,29857921530.63732,59051.97659382365,530116437595.82965,167178913146.83316,68.80287908631405,18626291285.23604,29857529526.69945,59061.94188748811
3190,0.0015950000000000003,19487042312.74287,29278134663.131874,59053.30365535367,467121208365.57025,168252533859.04037,66.74632916012101,19488558932.93014,29277701365.67506,59061.94188748811
3191,0.0015955000000000003,20331248997.10158,28673566218.381073,59053.54086765973,412999299375.9148,169452982769.4765,64.6313128261815,20332834642.026443,28672996699.780373,59061.94188748811
3192,0.0015960000000000002,21157320442.692043,28044301743.646545,59058.57883359642,366081898372.1346,170671008035.8933,62.51432474284271,21158369896.640472,28044017726.63494,59061.94188748811
3193,0.0015965000000000003,21963050353.469826,27391984941.506035,59054.66275873636,325126337829.07855,171830197730.3302,60.44859927997284,21964566797.23818,27391336218.372265,59061.94188748811
3194,0.0015970000000000003,22749176449.59221,26716202715.32769,59055.46286976975,289200785736.67303,172881052017.47235,58.47833461195759,22750686186.00785,26715446496.306507,59061.94188748811
3195,0.0015975000000000002,23514246161.726727,26018181880.46764,59052.93112808359,257574618886.04398,173807482787.26044,56.63500782255323,23516072462.231068,26017102998.720528,59061.94188748811
3196,0.0015980000000000002,24258464791.743065,25297829882.022892,59056.12423703382,229664626655.60193,174611485828.94992,54.937296802078336,24260039760.149166,25296891685.31084,59061.94188748811
3197,0.0015985000000000003,24980761666.513466,24556145558.233902,59059.980627872166,204983494222.20416,175311263121.0908,53.39226619115362,24982077257.082504,24555392790.64569,59061.94188748811
3198,0.0015990000000000002,25680280704.105625,23794044937.322315,59061.57416742726,183118776108.99942,175929393470.4239,51.998019849752346,25681447793.016644,23793368899.308945,59061.94188748811
3199,0.0015995000000000002,26356473891.399204,23012207386.930836,59061.41183560399,163714968454.8989,176488749182.75195,50.74644464455243,26357694815.33187,23011469536.826633,59061.94188748811
3200,0.0016000000000000003,27009474490.58582,22210543384.518364,59068.56591326716,146461749407.11603,177009856952.59003,49.62566303707861,27010094594.476746,22210438260.81341,59061.94188748811
3201,0.0016005000000000004,27637770520.676544,21390862393.47371,59069.74471875225,131084838633.37425,177510328143.52762,48.62194771066068,27638244403.098392,21390922070.967793,59061.94188748811
3202,0.0016010000000000004,28241029328.409676,20553741327.878548,59067.767679697645,117349137195.3938,177998877680.1738,47.7215411495443,28241532790.89341,20553752085.098064,59061.94188748811
3203,0.0016015000000000003,28819067742.757526,19699538399.502934,59067.43300280283,105050118270.78156,178480147795.896,46.91152952466348,28819497258.29491,19699527556.024887,59061.94188748811
3204,0.0016020000000000003,29371499067.682804,18828857928.12461,59070.13936551566,94010406893.03894,178955384597.4007,46.18033652530065,29371656689.256287,18829175547.322475,59061.94188748811
3205,0.0016025000000000002,29897558571.724407,17942925988.54654,59070.58182479733,84078044023.34474,179422487984.7497,45.51798353935949,29897602029.379837,17943417687.965668,59061.94188748811
3206,0.0016030000000000003,30396784005.566742,17042629296.315548,59068.16432885088,75125252905.61383,179876167202.3803,44.91617733191304,30396889631.177315,17043014052.846237,59061.94188748811
3207,0.0016035000000000003,30869129868.09319,16128161185.23932,59069.760900285975,67044333925.56384,180310202023.76886,44.368139474507366,30869117706.254936,16128781346.641039,59061.94188748811
3208,0.0016040000000000002,31313861223.108322,15200961507.069162,59068.14347754236,59743462874.79864,180719181998.73572,43.868308617740766,31313872124.22592,15201546499.825798,59061.94188748811
3209,0.0016045000000000002,31730832918.73894,14261468296.330477,59067.87705440708,53146979225.66571,181096796666.63132,43.412202966569865,31730815588.590244,14262153204.827145,59061.94188748811
3210,0.0016050000000000003,32119585838.513817,13310784485.26279,59065.95357466475,47190800753.44049,181438118363.66736,42.996135237919965,32119593054.18034,13311370321.002676,59061.94188748811
3211,0.0016055000000000002,32480045813.47944,12349208127.387568,59068.23301524896,41821724782.981094,181738572383.47125,42.61705846434373,32479892404.816177,12350041095.126923,59061.94188748811
3212,0.0016060000000000004,32811441406.253807,11378834549.49584,59061.29309419289,36994346077.177734,181994999779.28558,42.27237094977026,32811501685.493385,11379095108.366411,59061.94188748811
3213,0.0016065000000000003,33114158335.5073,10398838558.797993,59063.86911486777,32672194129.490154,182203547446.89062,41.959906699427975,33114135049.44848,10399355993.270521,59061.94188748811
3214,0.0016070000000000004,33387524895.58218,9411292554.053463,59062.03641461568,28822339857.942814,182362926556.43906,41.677706910231784,33387602878.18062,9411682538.3883,59061.94188748811
3215,0.0016075000000000004,33631483150.289814,8416658828.105896,59060.702411282444,25418521008.81719,182470732843.3753,41.424093467680976,33631593633.912834,8416910443.508514,59061.94188748811
3216,0.0016080000000000003,33845865665.831654,7415755338.763631,59060.35682693483,22438029491.71477,182525471648.01172,41.197582617680425,33845970502.394447,7415946560.600856,59061.94188748811
3217,0.0016085000000000003,34030474698.081333,6409646397.208672,59058.97132914274,19861645783.798256,182525867476.27844,40.996864001728696,34030679485.628296,6409729944.655652,59061.94188748811
3218,0.0016090000000000002,34185250798.549187,5398885359.14351,59060.03886155022,17673313454.679295,182470660741.39325,40.82079392920451,34185437935.332348,5399001073.07617,59061.94188748811
3219,0.0016095000000000003,34310078328.355175,4384318925.632522,59063.519219357135,15859363326.872347,182358877207.21417,40.66836881021906,34310242122.974625,4384726061.08333,59061.94188748811
3220,0.0016100000000000003,34404747981.680954,3367818831.5984435,59059.14341511713,14408528453.41623,182189499182.04636,40.538723096666324,34404954437.8948,3367833763.7478676,59061.94188748811
3221,0.0016105000000000002,34469389277.79366,2348944213.069335,59061.60644219261,13311987092.439442,181961250673.3489,40.43113712287398,34469591645.814354,2349096430.5768247,59061.94188748811
3222,0.0016110000000000002,34503878220.91836,1329449603.3235571,59061.059709307,12562215329.252136,181673424878.91888,40.34498728961478,34504087812.499916,1329525409.4874332,59061.94188748811
3223,0.0016115000000000003,34508250098.89419,309932080.0575706,59060.95947926254,12153792483.699366,181324974354.5412,40.279765298592196,34508469587.43626,309966542.34121656,59061.94188748811
3224,0.0016120000000000002,34482532742.51914,-708668762.6256121,59060.7190205922,12082848185.62249,180914972876.8774,40.235060086516306,34482758983.28784,-708730411.6793002,59061.94188748811
3225,0.0016125000000000004,34426776870.20662,-1725687015.7712214,59062.58559436268,12347127251.709036,180442471771.81598,40.210552063787176,34426995248.90047,-1725523095.6127982,59061.94188748811
3226,0.0016130000000000003,34341084812.59278,-2739647726.0151324,59060.254581607755,12945997852.537344,179906477502.9753,40.206008782235386,34341296700.61023,-2739719208.377253,59061.94188748811
3227,0.0016135000000000004,34225573308.98405,-3749964701.1199355,59057.40518732904,13880265434.907366,179306051323.19153,40.22127413990003,34225755274.988388,-3750347056.229243,59061.94188748811
3228,0.0016140000000000004,34080303358.747463,-4756425569.582352,59060.85191826883,15152309444.960802,178640220476.1108,40.25626563266355,34080482185.954235,-4756567244.016348,59061.94188748811
3229,0.0016145000000000003,33905474674.749043,-5757558789.320815,59063.468809501086,16766480552.566916,177907726476.49005,40.310987511479766,33905722060.214558,-5757447166.81714,59061.94188748811
3230,0.0016150000000000003,33701302976.8844,-6752350698.749218,59063.90000159556,18728593798.34512,177107442574.7678,40.385512994000266,33701554343.401855,-6752159043.861707,59061.94188748811
3231,0.0016155000000000004,33467891075.53363,-7740523079.616117,59068.47609245164,21046066103.786133,176238279453.68896,40.479977578187665,33468256243.5147,-7739867018.049479,59061.94188748811
3232,0.0016160000000000002,33205667588.92434,-8720283146.382057,59066.865881896105,23728602996.18221,175298755542.49286,40.59460162726484,33206071598.232655,-8719673003.122263,59061.94188748811
3233,0.0016165000000000003,32914848992.554466,-9691133348.741701,59063.644333423785,26787033637.817684,174287927850.04883,40.729647821959595,32915178828.534115,-9690744600.394722,59061.94188748811
3234,0.0016170000000000002,32595737142.741688,-10652245629.355736,59059.131530959436,30234502290.500866,173204499301.497,40.885448046597354,32595901263.174046,-10652322689.622782,59061.94188748811
3235,0.0016175000000000002,32248507216.9256,-11603241190.500265,59058.20666110429,34086382238.081493,172047055297.8391,41.06240824738874,32248621426.7705,-11603410962.710625,59061.94188748811
3236,0.0016180000000000003,31873573340.48355,-12543018285.69907,59057.309018910186,38361090311.137314,170813656535.76974,41.261038529479464,31873620014.071915,-12543358178.401745,59061.94188748811
3237,0.0016185000000000001,31471291746.71803,-13470779648.643103,59056.524916727496,43079413774.37137,169502570756.73694,41.481929067601456,31471248715.29727,-13471261160.962456,59061.94188748811
3238,0.0016190000000000004,31041752022.518425,-14386389532.013988,59062.92053755333,48265141773.563934,168111927792.074,41.72575621296874,31041905133.98994,-14386393606.568748,59061.94188748811
3239,0.0016195000000000003,30586008859.50815,-15287561110.966345,59059.210100254364,53946567368.466934,166638940468.26675,41.99333880550391,30585968289.56832,-15287826001.605091,59061.94188748811
3240,0.0016200000000000003,30104023936.91256,-16174609511.200996,59058.664922626216,60152997510.264046,165082697725.21866,42.285500793316714,30103964751.137344,-16174984262.220196,59061.94188748811
3241,0.0016205000000000004,29596214159.314034,-17046788840.892506,59060.965580632714,66919883462.9139,163440389211.89114,42.60321826481438,29596172192.337482,-17046982573.697138,59061.94188748811
3242,0.0016210000000000003,29063410094.735344,-17902702007.080738,59058.43796779892,74287524571.32892,161709072726.77432,42.94761475352737,29063217622.498337,-17903147275.103893,59061.94188748811
3243,0.0016215000000000003,28506134916.890327,-18741652831.268604,59052.04727304345,82300090703.97984,159886690559.9739,43.31989414461651,28505555764.101913,-18742711796.038128,59061.94188748811
3244,0.0016220000000000004,27924178375.980423,-19564072501.351665,59055.306845716135,91007770275.4112,157970743325.31213,43.72138199385694,27923668752.429962,-19564991775.899124,59061.94188748811
3245,0.0016225000000000002,27318375241.531807,-20368706842.359905,59060.596808628055,100470855386.09254,155956297847.87888,44.15369316130603,27318078037.09301,-20369273179.26271,59061.94188748811
3246,0.0016230000000000003,26689653573.84471,-21154347758.674442,59061.537549282715,110756504614.47621,153839530103.23178,44.618625671627704,26689398044.704414,-21154815948.19391,59061.94188748811
3247,0.0016235000000000002,26038581898.116276,-21920393201.5095,59059.37801829673,121939679166.77348,151617399493.01605,45.11810900597507,26038157142.578354,-21921045358.18254,59061.94188748811
3248,0.0016240000000000002,25365449171.105927,-22666594355.514095,59059.242637085,134106259827.99867,149286154718.69653,45.654273267483866,25364947083.927032,-22667240367.434723,59061.94188748811
3249,0.0016245000000000003,24670865229.49406,-23392301461.401222,59060.639231910696,147356220662.5121,146840568994.8515,46.229562418844225,24670361695.651215,-23392860153.71383,59061.94188748811
3250,0.0016250000000000001,23955726821.690205,-24096609558.537323,59059.72267988883,161804610277.05164,144275083997.61307,46.84675192929963,23955098922.91819,-24097255178.896103,59061.94188748811
3251,0.0016255000000000004,23220262737.170074,-24779364272.77193,59062.259455812506,177583026615.94086,141584449094.05704,47.50892953100968,23219804147.246983,-24779809262.05947,59061.94188748811
3252,0.0016260000000000003,22465302246.285534,-25439798711.834,59065.41295893026,194845993119.23346,138761475093.31427,48.21965387556779,22465109468.433483,-25439997195.439224,59061.94188748811
3253,0.0016265000000000003,21691682644.08234,-26077213820.218513,59067.20403229463,213772495272.05365,135799016558.06078,48.98295458092541,21691680900.92695,-26077212508.180145,59061.94188748811
3254,0.0016270000000000004,20900318164.36384,-26690914762.256252,59065.52584757074,234570882089.02316,132689623571.66478,49.80337857884636,20900242446.07861,-26690950853.38411,59061.94188748811
3255,0.0016275000000000003,20091790843.495613,-27280534325.212746,59062.56296614147,257484557780.52353,129425451004.54053,50.68605815161654,20091469327.630627,-27280742158.718693,59061.94188748811
3256,0.0016280000000000003,19266602286.018772,-27845766846.85435,59060.92413525357,282801163603.64984,125997008698.73404,51.636888775987735,19266131151.032757,-27846041797.51906,59061.94188748811
3257,0.0016285000000000004,18425349045.933212,-28386232045.180214,59061.735682905884,310862799324.11597,122392971801.59079,52.66272620121998,18424894455.532135,-28386425744.90868,59061.94188748811
3258,0.0016290000000000002,17568912822.471294,-28901376144.77059,59063.21279700018,342077983200.05145,118600501374.31787,53.77157283665767,17568615472.816902,-28901461685.89053,59061.94188748811
3259,0.0016295000000000003,16698072722.288769,-29390759973.605576,59065.06277735531,376935691130.57043,114605957653.82196,54.972738381696146,16697974423.559416,-29390666191.906536,59061.94188748811
3260,0.0016300000000000002,15813867159.203926,-29853833021.21432,59064.84747931966,416025324056.85785,110394245474.00499,56.27710388035126,15813779158.291195,-29853734890.928005,59061.94188748811
3261,0.0016305000000000002,14917381836.245642,-30290090126.08396,59060.40964231322,460060174103.4567,105949356838.09723,57.69739761059266,14916841300.852432,-30290243615.010242,59061.94188748811
3262,0.0016310000000000003,14008407612.984564,-30699720832.68783,59061.034269065,509908675159.4233,101254161055.03429,59.24857002922538,14007883020.072264,-30699852037.01327,59061.94188748811
3263,0.0016315000000000004,13088219856.0532,-31082131626.685932,59061.916542397004,566643639475.4662,96286433401.4575,60.948617462922414,13087794169.118818,-31082195483.557198,59061.94188748811
3264,0.0016320000000000004,12157247412.75487,-31437175045.688503,59066.02402226347,631589447250.5616,91024144350.23706,62.819057794277285,12157333636.202175,-31437000697.15452,59061.94188748811
3265,0.0016325000000000003,11217202027.381418,-31764192195.8163,59065.99352421258,706397321826.4019,85442928399.73515,64.88585815859516,11217297196.965296,-31764046630.27584,59061.94188748811
3266,0.0016330000000000003,10268336972.122656,-32063177834.74481,59066.83727829573,793129230033.2717,79520989237.1473,67.18017826024305,10268585467.289383,-32063032272.13794,59061.94188748811
3267,0.0016335000000000004,9312191207.300823,-32333670414.146732,59063.40928167031,894384229833.4962,73236013681.92453,69.73980713699547,9312094700.64859,-32333679591.864876,59061.94188748811
3268,0.0016340000000000003,8348376560.972539,-32575874015.071915,59064.958768519275,1013441735095.7318,66572757134.36437,72.61035523421799,8348512409.440343,-32575818709.70365,59061.94188748811
3269,0.0016345000000000003,7379434167.9909935,-32789115394.8229,59059.31418053892,1154461589968.9158,59523231930.00756,75.84712869356063,7378796833.446276,-32789257449.143715,59061.94188748811
3270,0.0016350000000000004,6404688041.178492,-32973685067.31783,59057.60834924098,1322682823401.024,52106474144.40864,79.51576491570606,6403750658.188492,-32973875511.99177,59061.94188748811
3271,0.0016355000000000002,5424781127.670322,-33129453417.243595,59060.5302471879,1524664560476.9155,44377142224.72763,83.69290942846698,5424241457.335209,-33129496835.02869,59061.94188748811
3272,0.0016360000000000003,4441678436.007983,-33256064028.75673,59060.55959621813,1768425547159.3994,36462060054.97238,88.46353950944352,4441110264.934119,-33256099558.921387,59061.94188748811
3273,0.0016365000000000002,3456303635.161174,-33353463469.627956,59057.739663727385,2063294377406.0383,28615988295.72717,93.91146014820399,3455263302.7781796,-33353559056.426548,59061.94188748811
3274,0.0016370000000000002,2468556981.4764996,-33421766070.25223,59058.18547767912,2419044569475.915,21301523603.7906,100.09679605383612,2467509282.5131173,-33421819671.69547,59061.94188748811
3275,0.0016375000000000003,1479993051.0611558,-33460823091.221695,59057.332904822375,2843414915230.857,15309257114.286259,107.00817283051403,1478764124.653182,-33460867797.999405,59061.94188748811
3276,0.0016380000000000003,491095915.46483207,-33470716212.824497,59057.93395455034,3336492247779.1035,11907645494.705706,114.47209571255382,489819938.15559363,-33470711575.109455,59061.94188748811
3277,0.0016385000000000004,-497215001.24963665,-33451363067.993412,59058.36198320742,3880302827358.5474,12930098390.596914,122.01064609212622,-498415240.4619188,-33451323141.18337,59061.94188748811
3278,0.0016390000000000003,-1483429298.459425,-33402934376.189842,59057.022878905795,4424205890015.018,20586162671.019035,128.6856235804934,-1484977269.306978,-33402832740.632805,59061.94188748811
3279,0.0016395000000000003,-2468035845.4448237,-33325367949.92484,59058.864535201814,4875114572784.88,36642764074.338745,133.09012217102446,-2469215859.564242,-33325235428.29348,59061.94188748811
3280,0.0016400000000000004,-3448574177.8645387,-33218914511.013454,59057.547273754804,5113778265403.484,60921154626.4339,133.76058887093652,-3450142753.891917,-33218702705.413246,59061.94188748811
3281,0.0016405000000000002,-4425049428.320079,-33083632092.832077,59056.589262792746,5051657516585.757,90120543214.36142,130.04783767787035,-4426925372.294791,-33083297816.5599,59061.94188748811
3282,0.0016410000000000003,-5397055692.684964,-32919593825.897152,59057.6445145971,4693589228602.059,118744076868.94466,122.76884121767527,-5398788579.469917,-32919254480.28666,59061.94188748811
3283,0.0016415000000000004,-6362049222.090797,-32727262847.56884,59054.110878985266,4138681488707.8813,141968353591.2802,113.81734373354836,-6364779984.340891,-32726707081.80035,59061.94188748811
3284,0.0016420000000000002,-7323026398.824214,-32506098021.46752,59060.7971499658,3515834466460.67,157755806812.89514,105.06460768981974,-7324111761.955429,-32505790221.65057,59061.94188748811
3285,0.0016425000000000003,-8276567134.866856,-32256738014.714,59067.37520679711,2922142237071.046,166682428315.2097,97.61778501542095,-8275928020.286548,-32256843212.730415,59061.94188748811
3286,0.0016430000000000001,-9219190584.090292,-31980156936.78886,59063.48721142518,2405948209694.1304,170517818248.95187,91.80246904816697,-9219403148.849833,-31979998754.990154,59061.94188748811
3287,0.0016435000000000002,-10153652419.857153,-31675775733.501907,59063.594240796316,1979457255986.704,171115931299.76526,87.47599074263309,-10153787930.079945,-31675613231.838806,59061.94188748811
3288,0.0016440000000000003,-11079347657.338823,-31343738128.644222,59068.66584736851,1636144519102.0017,169964556938.28293,84.31026881637467,-11078258201.884136,-31343945998.498463,59061.94188748811
3289,0.0016445000000000003,-11992527974.052961,-30985328073.351505,59065.595173737674,1362776280725.046,168097066816.4668,81.95313557945666,-11991958780.522882,-30985377273.5829,59061.94188748811
3290,0.0016450000000000004,-12895902734.511536,-30599683082.44237,59070.797392467386,1145470711482.7815,166164297888.9557,80.09658524258724,-12894195207.72629,-30600135903.826134,59061.94188748811
3291,0.0016455000000000003,-13785516375.263012,-30188356948.128017,59068.276682566364,971984556880.1643,164558026567.2953,78.49471106835004,-13784151607.285048,-30188651458.918423,59061.94188748811
3292,0.0016460000000000003,-14662809947.159224,-29750877052.67302,59069.85420995722,832368220631.2041,163467353421.00067,76.96629351732355,-14661089764.678362,-29751332207.0514,59061.94188748811
3293,0.0016465000000000004,-15525680028.712246,-29288246613.82948,59067.563698577214,718805182401.8383,162956378452.33298,75.38897229774709,-15524219444.30236,-29288627530.857025,59061.94188748811
3294,0.0016470000000000002,-16374829499.94045,-28800204709.128872,59070.667028098185,625301953812.5919,162992761579.354,73.69337417261751,-16372806071.860172,-28800945493.784523,59061.94188748811
3295,0.0016475000000000003,-17208269538.42901,-28287830689.415302,59070.48356191622,547309946129.7195,163490368919.58478,71.8547706824309,-17206167731.591846,-28288647993.12505,59061.94188748811
3296,0.0016480000000000004,-18024560154.861565,-27752098599.29339,59061.215793302574,481425633083.1788,164327215913.27774,69.88434843196308,-18023568863.40797,-27752307315.65865,59061.94188748811
3297,0.0016485000000000002,-18825562892.348206,-27191994379.16772,59063.395203186206,425122754301.02936,165372172115.13867,67.81862924092533,-18824254945.199852,-27192397601.423473,59061.94188748811
3298,0.0016490000000000003,-19608669229.92474,-26609194381.322094,59060.60264852675,376515405331.6179,166513353672.67633,65.70744064133073,-19607670651.760975,-26609389672.030033,59061.94188748811
3299,0.0016495000000000001,-20373829513.540043,-26003857402.39544,59058.38448213612,334212466779.94586,167653701243.35992,63.60471190890948,-20373108252.58189,-26003927916.446247,59061.94188748811
3300,0.0016500000000000002,-21120424898.807613,-25376509671.78035,59057.00619453577,297168654078.94934,168727113051.36792,61.56013437220312,-21119826642.270504,-25376418471.404816,59061.94188748811
3301,0.0016505000000000005,-21848207079.175133,-24727391683.03373,59060.35262524211,264584657194.7556,169695779557.75006,59.613963606502956,-21847362762.54804,-24727565600.39784,59061.94188748811
3302,0.0016510000000000003,-22555366506.21185,-24058093703.342663,59055.55945153605,235830516829.3653,170547146956.82867,57.79453416776748,-22554988697.843678,-24057878138.48639,59061.94188748811
3303,0.0016515000000000004,-23242853533.279617,-23367875485.51793,59060.09462384965,210401395946.96216,171282893616.5279,56.118515753934666,-23242166642.4533,-23367960113.775642,59061.94188748811
3304,0.0016520000000000003,-23908839595.03496,-22658490403.470184,59059.027680637824,187868913325.87946,171921536443.50732,54.591818833336816,-23908272957.909485,-22658465670.18963,59061.94188748811
3305,0.0016525000000000003,-24553107363.402325,-21930297365.464268,59056.65148062565,167872457807.61725,172482270068.23328,53.21232339401709,-24552767158.026207,-21930057457.11542,59061.94188748811
3306,0.0016530000000000004,-25175222072.561478,-21183859545.628246,59054.292200018666,150097690126.8951,172986624161.50394,51.972148789368205,-25175110612.502594,-21183361218.425674,59061.94188748811
3307,0.0016535000000000002,-25775079560.412872,-20419347828.506996,59057.61327673434,134269170322.99142,173453869989.47205,50.859909919273356,-25774835567.060154,-20419032955.89269,59061.94188748811
3308,0.0016540000000000003,-26351749082.828785,-19637920616.85994,59060.28483585371,120143891079.55606,173899836118.47165,49.86253414856221,-26351345631.54103,-19637780926.83705,59061.94188748811
3309,0.0016545000000000004,-26904816037.577026,-18840197362.4046,59063.30256787532,107511471692.19685,174333564374.47296,48.96682535617702,-26904195887.98258,-18840333683.760666,59061.94188748811
3310,0.0016550000000000002,-27433369982.207405,-18027553696.42926,59059.3205807786,96189070987.21857,174759622637.1693,48.16035609933578,-27432969822.461414,-18027348913.84937,59061.94188748811
3311,0.0016555000000000003,-27937809501.916756,-17199525660.40516,59062.59339313048,86020798462.03357,175177442524.6723,47.43208009818183,-27937213137.29832,-17199639162.24953,59061.94188748811
3312,0.0016560000000000001,-28417020234.06349,-16357908912.949684,59060.36420315875,76869937135.63235,175586159632.36163,46.77233794340277,-28416536943.906765,-16357855167.668047,59061.94188748811
3313,0.0016565000000000002,-28871071482.483337,-15502725576.259449,59061.45524255917,68622800915.23524,175980486061.9908,46.173085932582275,-28870569900.529896,-15502746145.851784,59061.94188748811
3314,0.0016570000000000005,-29299430888.578163,-14634995000.943012,59062.5042820719,61181508501.63588,176355683738.87686,45.62763672907341,-29298872690.260914,-14635115216.921154,59061.94188748811
3315,0.0016575000000000003,-29701875602.7986,-13755232355.080887,59066.23180320082,54464219987.333084,176705997256.21698,45.1305332986348,-29701145905.819115,-13755692405.90088,59061.94188748811
3316,0.0016580000000000004,-30077726741.919758,-12864961142.650404,59064.283894571054,48401790867.13769,177026196339.85272,44.67730942839469,-30077056978.240433,-12865280158.144209,59061.94188748811
3317,0.0016585000000000003,-30426970742.5219,-11964400898.038046,59063.672653597816,42937522349.248215,177310575882.4971,44.264357091473244,-30426354766.043713,-11964702895.796553,59061.94188748811
3318,0.0016590000000000003,-30749406916.89901,-11054125312.617283,59066.505537854144,38022858256.83051,177555185534.14746,43.88865705612519,-30748627288.045525,-11054733301.474333,59061.94188748811
3319,0.0016595000000000004,-31044651714.960403,-10135234449.034431,59069.07446059477,33616814377.30788,177756828369.03323,43.54764180891851,-31043754024.90297,-10136133347.832146,59061.94188748811
3320,0.0016600000000000002,-31312467470.500454,-9208571331.779388,59071.08517186188,29685441565.038383,177912450332.28534,43.239128463861434,-31311540947.01626,-9209763615.335152,59061.94188748811
3321,0.0016605000000000003,-31552716157.253098,-8274727400.296942,59074.97442693696,26200217964.48407,178019576264.94467,42.961233390814606,-31551641648.071533,-8276423884.772649,59061.94188748811
3322,0.0016610000000000004,-31764956614.37942,-7335514101.091661,59070.149446749376,23136909730.942482,178076370605.19858,42.712301509150365,-31763970815.50429,-7336990991.315061,59061.94188748811
3323,0.0016615000000000002,-31949298332.797268,-6390881754.280549,59067.20300588943,20475937813.38465,178080673401.3595,42.49091442787705,-31948393244.01799,-6392173724.519282,59061.94188748811
3324,0.0016620000000000003,-32105616996.557194,-5441581377.044694,59066.629486637656,18199911609.835308,178031488123.91995,42.295793619927586,-32104718177.898914,-5442951878.730027,59061.94188748811
3325,0.0016625000000000001,-32233706876.99322,-4488993885.666921,59062.36130510035,16294261740.362072,177927828026.8581,42.125803821841366,-32232866477.03546,-4490078480.7303915,59061.94188748811
3326,0.0016630000000000002,-32333541463.75121,-3533801760.638565,59056.60785593572,14747193295.000021,177768470564.07483,41.97996688231639,-32332836711.89965,-3534393911.6706448,59061.94188748811
3327,0.0016635000000000005,-32405144131.498173,-2576219676.661881,59056.03725679425,13548843963.64356,177552447765.18054,41.85743552727315,-32404506381.622192,-2576679005.0820336,59061.94188748811
3328,0.0016640000000000003,-32448419587.055443,-1617511145.3480957,59055.36622851746,12691099084.197027,177278960304.74094,41.7574769009306,-32447793291.5389,-1617820720.9521542,59061.94188748811
3329,0.0016645000000000004,-32463355902.855923,-658752018.736424,59052.14284444439,12167901473.71933,176946957015.1445,41.67948447666007,-32462757538.935677,-658693119.6107365,59061.94188748811
3330,0.0016650000000000002,-32449999980.21098,299890820.1590436,59053.71486459342,11974866411.280584,176555408054.7704,41.622965767485574,-32449407797.57847,299945156.7477112,59061.94188748811
3331,0.0016655000000000003,-32408371849.48826,1257012050.4790428,59053.37583776831,12109173297.030542,176103345530.07358,41.5875287989732,-32407750544.566322,1257231783.3131547,59061.94188748811
3332,0.0016660000000000004,-32338538752.074215,2212081914.8890896,59054.58633006736,12569606661.794336,175589731467.55826,41.572878729607595,-32337901307.645187,2212395074.707363,59061.94188748811
3333,0.0016665000000000002,-32240615325.023212,3163852738.218687,59052.74542827456,13356498777.085312,175013524562.04623,41.578809780971625,-32239911676.306038,3164411418.28149,59061.94188748811
3334,0.0016670000000000003,-32114676799.658924,4112099702.1083956,59054.622937018554,14471582043.917898,174373747863.33038,41.60519387365498,-32113938868.497276,4112637051.48674,59061.94188748811
3335,0.0016675000000000004,-31960838511.978672,5055974832.252671,59059.35703715438,15918347800.975056,173669249418.534,41.65198737192681,-31960119832.71065,5056177198.067807,59061.94188748811
3336,0.0016680000000000002,-31779352252.667564,5994000921.774117,59059.56771285785,17701971975.52648,172898795659.86835,41.71922905536404,-31778617430.3321,5994207908.813346,59061.94188748811
3337,0.0016685000000000003,-31570358576.26173,6925775331.227348,59060.28698287118,19828875543.873886,172061407005.01273,41.807016573907894,-31569592149.351467,6925978759.84809,59061.94188748811
3338,0.0016690000000000001,-31334072719.62003,7850465828.089993,59061.150637812025,22307428469.31366,171155853111.19543,41.91552250293639,-31333316604.448227,7850624862.00795,59061.94188748811
3339,0.0016695000000000002,-31070818197.885254,8766940648.285732,59058.575890937864,25147824855.68292,170180845257.75507,42.04499350759148,-31069991399.28953,8767285495.96738,59061.94188748811
3340,0.0016700000000000005,-30780704257.299145,9675021208.26373,59059.636020957594,28361865839.727467,169135253909.4075,42.19573591691311,-30779883901.020214,9675322996.527739,59061.94188748811
3341,0.0016705000000000003,-30463994007.304516,10573897535.598839,59063.489650158794,31964116165.28262,168017356213.8831,42.368154898610726,-30463334230.904305,10573850252.65998,59061.94188748811
3342,0.0016710000000000004,-30121142457.56534,11462310215.55149,59064.45290826816,35971502866.049255,166825372543.2975,42.562748413030626,-30120531601.48351,11462097209.33284,59061.94188748811
3343,0.0016715000000000002,-29752282962.6727,12340044706.479462,59068.964702356534,40402839855.33375,165557910432.8964,42.78007475871283,-29751890209.85453,12339343268.669815,59061.94188748811
3344,0.0016720000000000003,-29358238855.82676,13205169136.950161,59063.514061520735,45280521700.97413,164212834860.49533,43.02080456335976,-29357696015.446484,13204849876.07558,59061.94188748811
3345,0.0016725000000000004,-28938955106.210148,14058056254.69859,59061.86705665715,50628072903.5178,162789281698.6868,43.285627581003986,-28938330099.101295,14057821638.442038,59061.94188748811
3346,0.0016730000000000002,-28494893774.66046,14897783843.31085,59061.31837985657,56474270147.54916,161284675295.6836,43.57538359461268,-28494269075.916836,14897596478.143557,59061.94188748811
3347,0.0016735000000000003,-28026502792.327553,15723559287.261253,59060.85557240746,62851456507.82892,159696618613.06696,43.89103519248544,-28025908026.425304,15723429500.324087,59061.94188748811
3348,0.0016740000000000004,-27534396850.957756,16534370515.673418,59056.921646133,69796188196.00899,158022672536.40588,44.23366486690492,-27533597938.692223,16534544681.750145,59061.94188748811
3349,0.0016745000000000002,-27018611641.706673,17330269179.564922,59058.53749470904,77349212635.92693,156260680465.7635,44.604454008434864,-27017849059.248577,17330354520.01991,59061.94188748811
3350,0.0016750000000000003,-26479838060.121098,18110172310.89022,59060.24909246558,85558663508.98073,154406938362.05646,45.00479464180206,-26479190838.30321,18110198085.48634,59061.94188748811
3351,0.0016755000000000001,-25918777141.140465,18873121283.403065,59058.52496521001,94478196845.85855,152458378736.77945,45.43622889072939,-25918038851.911434,18873241069.65417,59061.94188748811
3352,0.0016760000000000004,-25335558698.685486,19619034077.0418,59060.55251278468,104167984692.96704,150412208934.62198,45.90043292798779,-25334901148.084293,19619083517.936523,59061.94188748811
3353,0.0016765000000000005,-24730883764.80544,20347017290.362442,59062.71355430254,114698382268.78098,148264055535.29297,46.39933878224145,-24730355502.468494,20346935887.657135,59061.94188748811
3354,0.0016770000000000003,-24105649055.67282,21056041705.70216,59059.86029867186,126148960877.79279,146009884250.0607,46.935100356419724,-24104907071.396385,21056169530.0411,59061.94188748811
3355,0.0016775000000000004,-23459842301.83377,21746226297.673862,59061.51772552306,138609324219.7563,143646212768.68387,47.51005996389733,-23459221490.338264,21746231184.70652,59061.94188748811
3356,0.0016780000000000002,-22794495968.449818,22416465049.033234,59060.49806477389,152185139613.2064,141167167610.7194,48.126940618587675,-22793803466.86782,22416551552.990967,59061.94188748811
3357,0.0016785000000000003,-22109820253.651844,23066618932.34449,59062.568468467856,166996078399.408,138567935459.35175,48.78875929843292,-22109298098.263813,23066586747.26643,59061.94188748811
3358,0.0016790000000000004,-21406690080.249195,23695865389.405067,59063.76329645973,183182413927.95477,135841856737.16747,49.498983306247986,-21406271760.326538,23695707456.92273,59061.94188748811
3359,0.0016795000000000002,-20686000295.53285,24303457397.509453,59061.14797080249,200905743490.58795,132982588254.15515,50.261511403627175,-20685373162.40861,24303507218.82962,59061.94188748811
3360,0.0016800000000000003,-19947885708.735355,24889364480.365498,59061.57833630029,220353134411.82593,129983734370.10197,51.08070505947407,-19947282994.64205,24889353131.774067,59061.94188748811
3361,0.0016805000000000004,-19193248538.94425,25452879643.69774,59061.69335634103,241746105003.84006,126836353106.60327,51.96162438603612,-19192642044.0339,25452842499.74797,59061.94188748811
3362,0.0016810000000000002,-18422483304.218044,25993748500.648632,59064.598376747395,265343976214.45526,123531533214.82051,52.910051754777484,-18422144305.763554,25993551229.794193,59061.94188748811
3363,0.0016815000000000003,-17637142255.03646,26510893222.768913,59060.71170621,291454654321.94135,120058520177.95747,53.932692948017326,-17636433655.404507,26510893728.771694,59061.94188748811
3364,0.0016820000000000001,-16837191918.754623,27004448295.29711,59058.8996565064,320439274839.89844,116408117284.89192,55.03711859079609,-16836267326.150127,27004568413.01348,59061.94188748811
3365,0.0016825000000000004,-16023125944.426842,27474125924.427605,59060.87029384536,352732806059.8403,112567176405.04698,56.232209961287964,-16022354707.171005,27474086915.286,59061.94188748811
3366,0.0016830000000000005,-15196224850.87309,27919183718.991894,59060.628863230566,388858989721.02246,108520719157.69641,57.528431853011064,-15195423132.259283,27919120846.844032,59061.94188748811
3367,0.0016835000000000003,-14356942739.562151,28339436008.52805,59061.178887073846,429447499936.605,104254194931.7298,58.93796673257973,-14356213213.740297,28339320290.00161,59061.94188748811
3368,0.0016840000000000004,-13506179984.03552,28734458852.13465,59061.00525425527,475265065156.064,99750433936.08107,60.475200739182654,-13505407671.738468,28734356472.72358,59061.94188748811
3369,0.0016845000000000002,-12644862375.23597,29103866380.876095,59058.80402083163,527248397624.4055,94991169994.94403,62.15715836927893,-12643792696.641054,29103873617.065628,59061.94188748811
3370,0.0016850000000000003,-11773297498.816942,29447585795.284298,59058.71488394356,586548887390.978,89957071998.54424,64.00406731186307,-11772203316.696012,29447642692.10351,59061.94188748811
3371,0.0016855000000000004,-10892222930.247068,29765337234.388973,59060.60564434623,654594886881.7207,84626170710.19273,66.04024735499658,-10891371119.593168,29765297253.219036,59061.94188748811
3372,0.0016860000000000002,-10002905453.623795,30056672834.484627,59060.348021246544,733166132514.5404,78976255201.60191,68.2950085326947,-10002008545.358742,30056651664.229717,59061.94188748811
3373,0.0016865000000000003,-9105548135.071587,30321584343.47495,59062.66953253744,824487751230.5009,72987883353.21463,70.80359407452217,-9104952772.04875,30321385933.544834,59061.94188748811
3374,0.0016870000000000003,-8201559920.858626,30559654357.291363,59062.64372536875,931360756445.9508,66643719454.84042,73.60865149585305,-8201000832.277125,30559461336.35651,59061.94188748811
3375,0.0016875000000000002,-7291865865.2266445,30770698393.114395,59059.77704527328,1057308872430.681,59937354765.678505,76.76138154285388,-7290900813.066072,30770630212.743008,59061.94188748811
3376,0.0016880000000000003,-6376090615.369779,30954881999.647617,59062.54464737966,1206760572007.141,52880036961.858505,80.32272307010376,-6375525270.159036,30954721154.3718,59061.94188748811
3377,0.0016885000000000001,-5456543803.242609,31111687131.69646,59060.07227072797,1385250354808.6365,45511933204.73203,84.36417102118779,-5455609080.621631,31111577065.94437,59061.94188748811
3378,0.0016890000000000004,-4532972991.723338,31241269847.989326,59060.009367499144,1599546731991.1274,37934923973.58528,88.96559430594085,-4531957622.292141,31241163857.010784,59061.94188748811
3379,0.0016895000000000005,-3606723894.1414943,31343433605.14254,59058.60990974627,1857632141311.6277,30346185613.76231,94.2091710797026,-3605458685.1189814,31343428859.16014,59061.94188748811
3380,0.0016900000000000003,-2678459196.997725,31418157343.936607,59056.959738587044,2168176483192.1365,23108592910.578472,100.16266844519518,-2676879773.05231,31418142661.550884,59061.94188748811
3381,0.0016905000000000004,-1748580924.6051958,31465467834.879658,59057.66810252307,2538928956185.9985,16846680332.52493,106.84353177927404,-1747011169.7944398,31465426739.029472,59061.94188748811
3382,0.0016910000000000002,-818307264.6770746,31485285298.964993,59057.958331686874,2972936918001.4204,12573180039.788782,114.14949345275308,-816722101.5435647,31485230617.48885,59061.94188748811
3383,0.0016915000000000003,111570690.66778848,31477626828.90915,59057.95862105588,3461144120322.088,11800318256.15679,121.74247115747555,113172251.57599317,31477520823.7762,59061.94188748811
3384,0.0016920000000000004,1040243283.3470541,31442540072.25377,59057.78612319888,3970842050094.5347,16488912339.691647,128.8993394436595,1041953042.3143702,31442384667.187077,59061.94188748811
3385,0.0016925000000000002,1966889143.4793148,31380090516.49943,59057.39460887558,4434183237236.741,28563473244.083054,134.42598017158596,1968769033.89523,31379812369.757496,59061.94188748811
3386,0.0016930000000000003,2891174943.1666765,31290313546.670795,59058.71581766296,4750824832104.975,48771179271.77153,136.85651917646993,2892830826.7010226,31289967353.96859,59061.94188748811
3387,0.0016935000000000003,3812453394.3265033,31173269746.6133,59062.26748859105,4822702792993.095,75331894982.24898,135.11699897120988,3813347239.777579,31172954142.433254,59061.94188748811
3388,0.0016940000000000002,4729364492.77216,31029136090.114803,59065.635379688705,4612473922603.26,103812063174.31891,129.33277373349145,4729393980.260357,31028920890.555084,59061.94188748811
3389,0.0016945000000000003,5640163230.08724,30858240567.48497,59065.076321637825,4173633652503.9146,129107510213.43964,120.94961265077583,5640285735.68835,30858030811.87481,59061.94188748811
3390,0.0016950000000000001,6545160435.894991,30660608266.23312,59065.19320777035,3616276210803.2007,147971499962.29755,111.90692673305954,6545204474.735962,30660423093.68708,59061.94188748811
3391,0.0016955000000000004,7444499686.576412,30436208635.27345,59069.63342438482,3045376802858.835,159847955820.38766,103.68430356679129,7443405043.123398,30436325023.15405,59061.94188748811
3392,0.0016960000000000005,8336025411.830394,30185538198.59764,59072.73433421959,2526265594053.023,165961232952.66534,96.96432937731764,8334034276.682109,30185930480.363712,59061.94188748811
3393,0.0016965000000000003,9219022625.99326,29908853890.592922,59074.777296926564,2085222360330.6997,168078745811.9795,91.8170823171826,9216384605.632175,29909547912.36019,59061.94188748811
3394,0.0016970000000000004,10092677829.406603,29606464065.30321,59075.54648991698,1724144103980.862,167795344748.4457,88.00276672671554,10089667913.303602,29607409855.083435,59061.94188748811
3395,0.0016975000000000002,10956290506.205744,29278669961.06453,59075.23525143459,1433849296592.6648,166302684875.03674,85.18571367774462,10953172603.439255,29279769015.421925,59061.94188748811
3396,0.0016980000000000003,11807579835.000965,28926398413.509842,59066.282859106424,1201966948664.0122,164404953327.32883,83.04095768261537,11806164464.17455,28926922211.992035,59061.94188748811
3397,0.0016985000000000004,12649939710.565855,28548452285.260586,59069.5099817385,1016604358805.1456,162600673200.455,81.29497408004565,12647842862.612133,28549353332.551964,59061.94188748811
3398,0.0016990000000000002,13478419886.682285,28146844931.948788,59062.16292889122,867587251078.8723,161185075020.23663,79.73357138173404,13477526045.97487,28147332034.403606,59061.94188748811
3399,0.0016995000000000003,14295134052.289606,27720795347.411488,59060.47422895756,746753323210.9156,160284700584.09622,78.20228171230694,14294608507.785898,27721189679.957386,59061.94188748811
3400,0.0017000000000000003,15098699789.314087,27270957019.1751,59060.4441322636,647705605566.234,159929582104.1735,76.59987922645453,15098218047.997698,27271367196.86963,59061.94188748811
3401,0.0017005000000000002,15887793650.184374,26798074454.258663,59057.67437965061,565532485362.7087,160073268771.86343,74.87254848618191,15887727378.589603,26798214386.70101,59061.94188748811
3402,0.0017010000000000003,16661848930.781513,26302571081.45578,59052.78723637168,496510017016.9007,160621711064.77063,73.00658409614097,16662430559.945944,26302285349.00944,59061.94188748811
3403,0.0017015000000000003,17421367403.324375,25784207946.04992,59055.142507359,437837353226.10583,161459633771.66245,71.01932245382477,17421798957.631573,25783984471.34306,59061.94188748811
3404,0.0017020000000000004,18164527763.906437,25244145628.95587,59054.81628506889,387414645025.6992,162472873798.98575,68.94878341338607,18165064772.31663,25243873420.414936,59061.94188748811
3405,0.0017025000000000005,18891413308.23774,24682405890.41005,59058.29716606197,343682703581.317,163555006661.1622,66.84416958745942,18891631163.408585,24682283939.00544,59061.94188748811
3406,0.0017030000000000003,19601274133.352192,24099547073.09123,59064.34015905299,305472529398.9004,164624166957.99832,64.75657592327175,19600906112.040382,24099827947.072945,59061.94188748811
3407,0.0017035000000000004,20292304850.293365,23497046432.07743,59060.5889190022,271900342011.01578,165623533054.07797,62.73220035480547,20292254479.697693,23497059727.05389,59061.94188748811
3408,0.0017040000000000002,20965299461.272095,22874396087.909367,59061.89140995599,242290223282.40808,166517978493.98187,60.80830806458062,20965182740.53024,22874455000.649902,59061.94188748811
3409,0.0017045000000000003,21619308026.42867,22232444964.597088,59063.86677285002,216099689322.93576,167299133968.61066,59.01074304490324,21618977194.382923,22232676635.502464,59061.94188748811
3410,0.0017050000000000004,22253404983.7803,21572135787.890575,59062.01441702005,192886482801.53882,167972451687.49808,57.35426839446113,22253251893.662586,21572210185.118595,59061.94188748811
3411,0.0017055000000000002,22867549609.862915,20893607776.77047,59062.50517351959,172280485463.14468,168552044326.8486,55.844087365836586,22867380104.034145,20893694072.167213,59061.94188748811
3412,0.0017060000000000003,23460858756.20118,20197854362.29556,59060.41800234997,153961514596.03638,169058284850.1793,54.47776733936139,23460884339.77393,20197784931.439423,59061.94188748811
3413,0.0017065000000000003,24033319660.42165,19484969824.867996,59062.443792909995,137652161299.44257,169510531236.9686,53.24764091969779,24033220163.80047,19485066527.71762,59061.94188748811
3414,0.0017070000000000002,24584406266.70467,18755595152.28976,59067.830471387606,123107101807.55627,169927208936.56137,52.14275213241084,24583949541.96705,18756171174.486946,59061.94188748811
3415,0.0017075000000000003,25113115194.164116,18011064607.90641,59068.16159255532,110111258026.0938,170322106537.04855,51.1506497410018,25112588312.499893,18011732519.973186,59061.94188748811
3416,0.0017080000000000003,25619408818.75978,17251547978.845535,59069.97069234085,98478748846.47711,170702784810.70108,50.2588047185113,25618744777.078743,17252502272.548294,59061.94188748811
3417,0.0017085000000000004,26102531064.679543,16478221511.658573,59067.39176049758,88046282127.17282,171074065167.53412,49.45531928653922,26101975013.7805,16479060472.360468,59061.94188748811
3418,0.0017090000000000004,26562361897.714355,15691400660.065617,59065.40451066993,78674000851.72575,171436081335.0452,48.72952257885392,26561832214.166138,15692139542.24208,59061.94188748811
3419,0.0017095000000000003,26998569158.084183,14891708081.386456,59064.79409340032,70240742329.86935,171787223486.058,48.072108076123676,26998019830.158947,14892493460.319004,59061.94188748811
3420,0.0017100000000000004,27410709071.450546,14080004782.410997,59063.67909243603,62642959762.49025,172123974858.91608,47.475178748769196,27410238629.212307,14080744553.210358,59061.94188748811
3421,0.0017105000000000002,27798381790.258007,13257163183.794436,59060.497506634885,55793147495.857765,172441390948.7968,46.93218451568878,27798074270.895737,13257606805.569403,59061.94188748811
3422,0.0017110000000000003,28161431170.084843,12423625226.285032,59058.774158137065,49617652781.0294,172734005211.24435,46.43776192874466,28161156236.95866,12423887709.765789,59061.94188748811
3423,0.0017115000000000003,28499557826.5433,11580132871.81363,59058.231164064215,44053920306.189804,172996955853.52975,45.987500405072524,28499280142.479534,11580308168.156532,59061.94188748811
3424,0.0017120000000000002,28812368958.99333,10727737205.673796,59055.370963174675,39049451976.45941,173225650246.54297,45.57776990976648,28812245362.876835,10727562606.179895,59061.94188748811
3425,0.0017125000000000003,29099750711.250916,9866888476.809404,59053.87433857717,34560639776.46566,173415705133.59586,45.205580135329846,29099750522.77255,9866446061.316645,59061.94188748811
3426,0.0017130000000000003,29361510752.251823,8998229222.139126,59054.77546683068,30550437685.172756,173563809230.82596,44.868404712302635,29361522461.38924,8997782428.81664,59061.94188748811
3427,0.0017135000000000002,29597418571.325222,8122566674.331012,59057.218891067074,26987668173.320763,173667228689.27222,44.56407949097637,29597398503.08608,8122228707.81909,59061.94188748811
3428,0.0017140000000000002,29807224801.169685,7240898564.772699,59058.511952318324,23846287805.489735,173723573038.93124,44.29073802383211,29807208392.665688,7240609384.306766,59061.94188748811
3429,0.0017145000000000003,29990851837.936535,6353698512.581402,59062.07072152654,21104689299.743355,173730682190.82892,44.04676681829778,29990763706.285324,6353720274.7532,59061.94188748811
3430,0.0017150000000000004,30148034856.870556,5462323702.627481,59061.34809295106,18744514457.410084,173686986886.24796,43.8307439974923,30147971816.610153,5462321049.339482,59061.94188748811
3431,0.0017155000000000004,30278818766.82689,4566837927.607691,59064.71650839613,16750849266.390617,173590806691.2687,43.64143841293944,30278684399.146805,4567133668.199108,59061.94188748811
3432,0.0017160000000000003,30382959713.615845,3668953336.881886,59061.621637539196,15110818072.431038,173441128348.78998,43.477752967577395,30382898526.791843,3669020915.455609,59061.94188748811
3433,0.0017165000000000004,30460567175.822395,2768335685.898721,59065.062383167846,13814325208.545668,173236585815.78043,43.33874852604444,30460512316.34387,2768724801.8439045,59061.94188748811
3434,0.0017170000000000002,30511491846.527294,1866563770.435988,59065.539385586955,12852716817.503956,172976399450.6707,43.223595188775064,30511443586.945873,1867048722.4457998,59061.94188748811
3435,0.0017175000000000003,30535722386.16944,964818749.6477048,59059.34906280894,12219553086.485346,172659439712.14774,43.13159617522475,30535753788.34585,964816383.7174354,59061.94188748811
3436,0.0017180000000000003,30533346486.6717,62605992.69948634,59061.2380962211,11909974927.224356,172284691175.39554,43.06217103831251,30533374472.42912,62816253.70321382,59061.94188748811
3437,0.0017185000000000002,30504345209.9382,-838564599.4384377,59062.175267545,11920533813.340868,171851318642.20316,43.01483723999682,30504382554.71084,-838256870.0385243,59061.94188748811
3438,0.0017190000000000003,30448781226.95953,-1737878770.8030968,59061.99661562903,12249480654.401545,171358280062.0524,42.98921965883194,30448815358.791023,-1737559558.316821,59061.94188748811
3439,0.0017195000000000003,30366762262.00107,-2634266862.483558,59057.79307884337,12896512057.640785,170804561188.80658,42.98504000153288,30366770469.37055,-2634417654.16023,59061.94188748811
3440,0.0017200000000000002,30258337992.786167,-3527810079.2839346,59059.438466406405,13862653935.51161,170189223957.29236,43.00210452227003,30258325788.405014,-3527815980.894809,59061.94188748811
3441,0.0017205000000000005,30123696873.9115,-4416908046.311817,59057.116389427625,15150707034.785427,169511100794.4154,43.04031458967803,30123661122.48556,-4417151587.495747,59061.94188748811
3442,0.0017210000000000003,29962886120.144753,-5301611563.804641,59060.330228763065,16764683486.01622,168769211310.91916,43.09964533429908,29962878196.19252,-5301682468.175607,59061.94188748811
3443,0.0017215000000000004,29776195634.260857,-6180295805.08376,59058.89636656808,18710624737.50045,167962202542.22906,43.18016714950395,29776196298.698517,-6180479001.408448,59061.94188748811
3444,0.0017220000000000004,29563713280.12038,-7052834764.0875635,59060.437619779936,20995673964.933186,167089088807.80066,43.28201150658273,29563729401.250267,-7052952263.770048,59061.94188748811
3445,0.0017225000000000003,29325755846.681293,-7917977194.428703,59059.04423570154,23629166550.50392,166148462208.5088,43.405399015902255,29325732141.60827,-7918262617.810466,59061.94188748811
3446,0.0017230000000000004,29062398367.4936,-8775628559.560942,59062.34337569098,26621846431.399452,165139185547.80322,43.550613742173155,29062481270.597507,-8775619660.910847,59061.94188748811
3447,0.0017235000000000004,28774111748.755173,-9624254233.147532,59060.81758918142,29987125438.865402,164059529159.1304,43.71804272457375,28774150253.36543,-9624363261.781923,59061.94188748811
3448,0.0017240000000000003,28461071763.501728,-10463534178.250639,59059.73706355027,33739665741.733154,162908379926.42554,43.90812444521158,28461090583.623356,-10463731574.16862,59061.94188748811
3449,0.0017245000000000003,28123462377.863945,-11293048876.976673,59062.43381976013,37896933546.341095,161684101197.6625,44.12138870493209,28123556832.407486,-11293008572.009031,59061.94188748811
3450,0.0017250000000000002,27761867628.383163,-12111379248.719286,59060.35923369911,42479456161.11359,160384630096.58185,44.35848052889982,27761856422.14296,-12111477279.724993,59061.94188748811
3451,0.0017255000000000003,27376366293.59441,-12918499397.667185,59061.887334207146,47509522078.314674,159008625367.18597,44.62010151400809,27376356476.68325,-12918484331.949202,59061.94188748811
3452,0.0017260000000000003,26967322725.434578,-13713652039.057745,59065.7796822499,53013706225.805374,157553705193.97873,44.907087868106494,26967511754.295025,-13713279582.300755,59061.94188748811
3453,0.0017265000000000002,26535555893.254375,-14495280358.088203,59061.506008514014,59022113698.58337,156017480821.25354,45.220400012673615,26535487935.860638,-14495199691.091482,59061.94188748811
3454,0.0017270000000000005,26080965806.136692,-15263744960.109001,59062.1939972084,65567036976.25387,154398686548.11993,45.56103970479459,26080927031.142036,-15263597291.058512,59061.94188748811
3455,0.0017275000000000003,25604087658.00049,-16018130915.922634,59064.12718329969,72687412853.08434,152694110078.92624,45.93020233956646,25604144573.45324,-16017823127.603613,59061.94188748811
3456,0.0017280000000000004,25105872225.714077,-16756983560.159975,59057.35100340003,80426838824.20192,150900880032.11786,46.32923642031632,25105569320.976376,-16757227464.31081,59061.94188748811
3457,0.0017285000000000004,24585860463.852318,-17481146461.31587,59060.798736386256,88832633952.33868,149017354074.53406,46.75955455126911,24585735705.77706,-17481195931.537308,59061.94188748811
3458,0.0017290000000000003,24044949164.43537,-18189292655.449463,59064.51066730481,97962752225.04623,147038628338.12402,47.222885972170666,24044985667.96668,-18189013529.558914,59061.94188748811
3459,0.0017295000000000004,23484032511.415108,-18880298244.013515,59061.90351117299,107881155941.96242,144961249753.12845,47.721141822690456,23483976135.897793,-18880205385.715675,59061.94188748811
3460,0.0017300000000000004,22903202366.136883,-19554172225.445942,59061.16588322886,118659067483.51338,142782552801.35812,48.25636510610049,22903050654.46511,-19554216282.213406,59061.94188748811
3461,0.0017305000000000003,22302956262.549606,-20210362443.15204,59062.300829615895,130379947286.12971,140497942816.2049,48.83089468459288,22302881906.122448,-20210293906.13499,59061.94188748811
3462,0.0017310000000000003,21683842363.237537,-20848290324.084084,59064.78801728534,143139640210.89554,138102450765.95135,49.44738883215312,21683906401.353165,-20848008283.659504,59061.94188748811
3463,0.0017315000000000002,21046719887.698166,-21467098070.620995,59064.21014378406,157048366910.97864,135590781380.30971,50.10885109606192,21046782692.342236,-21466820108.496716,59061.94188748811
3464,0.0017320000000000002,20391809339.4784,-22066643811.04405,59065.96291241823,172231934116.2035,132958048803.00551,50.81860859436523,20392039171.359283,-22066158311.132954,59061.94188748811
3465,0.0017325000000000003,19720227429.11381,-22645924023.291515,59062.86854129398,188837771112.68185,130197564018.19643,51.58047570991698,19720285225.66568,-22645601656.032623,59061.94188748811
3466,0.0017330000000000002,19032012347.945694,-23204997069.284615,59062.942995141006,207034756638.5084,127303644846.77376,52.39868929715458,19032154887.06884,-23204709698.345577,59061.94188748811
3467,0.0017335000000000004,18328092062.44226,-23743117223.03506,59061.862202987606,227022850054.3508,124267910459.53903,53.27816320020872,18328148399.472973,-23742894401.827007,59061.94188748811
3468,0.0017340000000000003,17609023230.66416,-24259910265.590717,59060.73873922043,249035021023.7605,121082294896.67088,54.22448729994066,17608980571.5847,-24259796517.98874,59061.94188748811
3469,0.0017345000000000004,16874899624.096857,-24755343109.16225,59065.57521782036,273346106792.84912,117737513906.14072,55.24408118891632,16875309371.245155,-24754985575.941998,59061.94188748811
3470,0.0017350000000000004,16127049577.877775,-25228490238.550842,59068.0136392114,300284427789.02563,114221670790.68774,56.34447575817976,16127766638.399124,-25227977932.1519,59061.94188748811
3471,0.0017355000000000003,15366515826.651255,-25678751204.09325,59064.73815776811,330237288047.8397,110524138596.41582,57.53428359788044,15366940727.74363,-25678432268.841114,59061.94188748811
3472,0.0017360000000000003,14593343309.608374,-26106195256.852047,59063.155263032226,363665829181.1248,106633908335.64433,58.82337271537771,14593604839.091858,-26105948830.258766,59061.94188748811
3473,0.0017365000000000004,13808763678.022478,-26510164002.309914,59057.783699407955,401128141386.8204,102536299610.77092,60.223370962238555,13808486974.434624,-26510217013.910477,59061.94188748811
3474,0.0017370000000000003,13012482669.404753,-26890886300.279236,59058.50371180714,443296487217.7594,98216953424.08154,61.7478557214483,13012221135.410257,-26890920435.543903,59061.94188748811
3475,0.0017375000000000003,12205453655.156782,-27247875355.61786,59061.938539579394,490995011818.4189,93656872413.1887,63.413089181529365,12205535228.691696,-27247786735.77883,59061.94188748811
3476,0.0017380000000000002,11389110785.971113,-27580497448.040676,59061.377085021115,545232379951.3505,88836976083.99567,65.23842800597497,11389135222.098875,-27580436702.65522,59061.94188748811
3477,0.0017385000000000002,10563521228.849707,-27888799590.76736,59063.02789224615,607246987275.5896,83739471372.8178,67.24677836245577,10563745102.548428,-27888579340.99645,59061.94188748811
3478,0.0017390000000000003,9729816853.254705,-28172364951.113384,59063.239048312695,678577045646.814,78343913519.61443,69.46565946960614,9730119994.404057,-28172133424.275757,59061.94188748811
3479,0.0017395000000000002,8888092330.291271,-28431208545.514236,59067.28187295016,761135797591.873,72632107723.54329,71.9280591015392,8888988337.437334,-28430738964.288612,59061.94188748811
3480,0.0017400000000000004,8039901625.087768,-28664833553.77652,59068.32417286316,857320082804.314,66587078268.399124,74.67379882481386,8041007801.497734,-28664311451.581833,59061.94188748811
3481,0.0017405000000000003,7185699562.031339,-28873178381.726265,59069.03022753354,970128483514.3417,60201740702.18704,77.75050184805507,7187016287.816793,-28872618884.73221,59061.94188748811
3482,0.0017410000000000004,6326365888.1707535,-29056060902.33868,59068.5431346146,1103316753155.566,53482110168.780975,81.21487985363957,6327734532.370179,-29055515954.28732,59061.94188748811
3483,0.0017415000000000004,5462810973.516123,-29213330272.256264,59065.98320511208,1261557764154.7754,46460535405.88289,85.13330381135253,5463945416.555924,-29212891966.74047,59061.94188748811
3484,0.0017420000000000003,4595374626.247736,-29344987944.45181,59064.50184433222,1450578246680.3066,39215412501.02464,89.58082564847486,4596412048.326531,-29344650519.520016,59061.94188748811
3485,0.0017425000000000003,3725139606.214839,-29450882584.634453,59061.801914407835,1677184782527.3557,31902169057.082428,94.63678341968374,3725814571.975405,-29450601321.60973,59061.94188748811
3486,0.0017430000000000004,2852345243.0113792,-29531047399.8829,59061.44665000477,1948960422069.8777,24807217990.384407,100.37254201210582,2852982228.414977,-29530825302.848274,59061.94188748811
3487,0.0017435000000000003,1977951247.8923361,-29585393367.409847,59061.889697914776,2273231105283.823,18424397527.33353,106.82468945517486,1978610669.2354183,-29585180453.389343,59061.94188748811
3488,0.0017440000000000003,1103124672.8054843,-29613829715.989395,59060.230234651215,2654517313564.108,13563159014.214106,113.94173986650405,1103504562.3650205,-29613702893.038193,59061.94188748811
3489,0.0017445000000000002,228140650.02059463,-29616459256.56053,59060.171518654024,3089349535105.068,11458491287.675188,121.49152060507453,228474495.67042732,-29616349586.940228,59061.94188748811
3490,0.0017450000000000002,-645982050.1704973,-29593278715.03514,59059.991075260274,3557544325865.479,13795371742.590775,128.92922727500925,-645747096.9308466,-29593211172.816135,59061.94188748811
3491,0.0017455000000000003,-1518376549.229726,-29544341875.622498,59059.126747814866,4011511272383.5186,22451247136.413315,135.27858368819636,-1518421581.5866573,-29544275117.82119,59061.94188748811
3492,0.0017460000000000002,-2388812395.291337,-29469671026.48475,59059.82485645684,4371928252946.5195,38704181497.62849,139.18529380512845,-2388752939.330072,-29469624150.69082,59061.94188748811
3493,0.0017465000000000002,-3255680051.488195,-29369450458.461655,59058.43885292547,4545232136937.616,61995398712.7509,139.3567404745618,-3255944650.0333147,-29369302409.996357,59061.94188748811
3494,0.0017470000000000003,-4120472609.5146627,-29243492596.67245,59064.49019679288,4468715025199.902,89176407682.22276,135.33407583063988,-4119311665.227434,-29243545909.73442,59061.94188748811
3495,0.0017475000000000001,-4980753931.759686,-29092094869.809437,59070.4539735762,4153317953965.3833,115499558581.84985,127.97375781918423,-4978129482.868821,-29092453990.291325,59061.94188748811
3496,0.0017480000000000002,-5834041791.596811,-28915758410.571014,59069.207263881224,3679453902381.879,136927897122.31964,119.04112958611289,-5831635729.40144,-28916136963.155945,59061.94188748811
3497,0.0017485,-6680682364.563934,-28714556777.05026,59065.63535997477,3148594633610.9805,151741541147.1411,110.26201319736859,-6679057565.498083,-28714838851.776825,59061.94188748811
3498,0.0017490000000000001,-7520177815.447199,-28488685267.791767,59060.77047838505,2638458140864.8286,160375421504.71466,102.69083853573147,-7519701375.671162,-28488697221.279106,59061.94188748811
3499,0.0017495000000000004,-8352889113.709505,-28238093813.42478,59059.20386775534,2189655106979.957,164315748655.3399,96.67686962355215,-8352842396.911671,-28238008412.721794,59061.94188748811
3500,0.0017500000000000005,-9176143283.725311,-27963575190.569977,59052.29730649468,1814142187266.3496,165183297462.0537,92.12404978145342,-9177687268.17328,-27962972929.774944,59061.94188748811
3501,0.0017505000000000005,-9993471287.771,-27664061837.246834,59059.3782709691,1508270334069.0005,164299078606.43066,88.74612409732703,-9993581875.152998,-27663915739.944733,59061.94188748811
3502,0.0017510000000000004,-10799198833.592236,-27341407781.010345,59056.94039664485,1262114712659.478,162622704631.1002,86.21667798185003,-10799874114.120214,-27341032570.294605,59061.94188748811
3503,0.0017515000000000005,-11596335794.268925,-26994617725.029945,59063.5981812412,1064640093273.68,160770760185.19934,84.24071817358707,-11595840871.27794,-26994718520.4276,59061.94188748811
3504,0.0017520000000000005,-12380600909.633747,-26625410354.525883,59059.98908229992,905773893843.2164,159131769545.206,82.5757230450732,-12380730345.75281,-26625248101.36427,59061.94188748811
3505,0.0017525000000000004,-13153554035.560507,-26233279006.613968,59058.652140565755,777140305183.4855,157907982306.87592,81.03699798664262,-13153937272.818129,-26232983966.276913,59061.94188748811
3506,0.0017530000000000004,-13914110865.579485,-25818765396.78883,59057.03313199009,672032086033.9937,157187978457.1682,79.49331022294335,-13914718402.953121,-25818319511.20048,59061.94188748811
3507,0.0017535000000000003,-14662324463.113337,-25381884008.26826,59060.05245139383,585215431207.4476,156972180964.94897,77.86206417417985,-14662532569.990467,-25381592217.8151,59061.94188748811
3508,0.0017540000000000004,-15396545631.602962,-24923547597.84725,59060.40065546709,512659819887.3849,157204907502.1961,76.10295906754513,-15396697094.159426,-24923265929.376953,59061.94188748811
3509,0.0017545000000000004,-16117148548.381039,-24443606341.19784,59066.00474627744,451303282786.87164,157791793793.46463,74.21118321167869,-16116621451.46354,-24443708128.18202,59061.94188748811
3510,0.0017550000000000003,-16821879748.559769,-23943500118.8716,59062.900197919436,398829053329.3319,158626896747.2819,72.20849787485179,-16821647877.648739,-23943392331.145115,59061.94188748811
3511,0.0017555000000000003,-17511376358.165512,-23422952577.119587,59062.11404711956,353506793973.6872,159600005760.79202,70.13461740634224,-17511200009.404167,-23422767263.41681,59061.94188748811
3512,0.0017560000000000004,-18184883154.890865,-22882536977.45098,59062.03591820397,314033524455.0998,160619494657.9042,68.03747324091698,-18184729204.466064,-22882361622.71755,59061.94188748811
3513,0.0017565000000000002,-18841869820.932835,-22322706512.08887,59063.076665806104,279427389614.8407,161613624691.74927,65.96545539578553,-18841640485.454803,-22322646641.780296,59061.94188748811
3514,0.0017570000000000003,-19481678341.151012,-21744043191.558693,59064.11701884079,248938143493.7993,162534178321.1643,63.96150367178304,-19481323003.645313,-21744149835.44912,59061.94188748811
3515,0.0017575000000000002,-20103807613.421276,-21147038210.363182,59065.587183277996,221980958542.93726,163354857298.46426,62.0595407771678,-20103278344.46826,-21147311284.53174,59061.94188748811
3516,0.0017580000000000002,-20707601091.534794,-20532354768.3117,59065.876281025485,198086983496.0046,164068088214.8478,60.283002349115556,-20706996726.455826,-20532687704.895798,59061.94188748811
3517,0.0017585000000000003,-21292427439.989456,-19900694651.240555,59063.3925612897,176870184220.39404,164679424819.8189,58.645129183689654,-21292007479.002773,-19900870454.754147,59061.94188748811
3518,0.0017590000000000001,-21858475734.910446,-19251930894.577625,59067.16133690513,158004473054.40186,165202560652.25845,57.15034832325437,-21857763015.56776,-19252400435.921272,59061.94188748811
3519,0.0017595000000000002,-22404519540.310116,-18587431246.01386,59066.59973852169,141205400969.58545,165657051143.96817,55.796019715373966,-22403845670.43719,-18587903940.01025,59061.94188748811
3520,0.0017600000000000003,-22930382990.036583,-17907513136.88399,59065.82019143517,126227643081.88248,166059831399.03793,54.574775627367806,-22929741154.408836,-17907995226.27029,59061.94188748811
3521,0.0017605000000000001,-23435468831.137966,-17213005422.070663,59062.28336493277,112854490414.98286,166426850929.77063,53.47627039663598,-23435009395.725685,-17213239537.03812,59061.94188748811
3522,0.0017610000000000002,-23919733409.785404,-16504054064.986477,59062.08281004236,100896032519.90884,166770020092.59338,52.48878206383933,-23919320014.52896,-16504279391.090591,59061.94188748811
3523,0.0017615,-24382582615.033672,-15781537159.05888,59061.81013196628,90184282405.72409,167098356794.54318,51.60029135125891,-24382102847.123486,-15781754644.582962,59061.94188748811
3524,0.0017620000000000005,-24823623638.188515,-15046124183.613888,59061.20264889438,80573555723.29396,167416080850.3981,50.79937966430025,-24823257639.65315,-15046303504.46351,59061.94188748811
3525,0.0017625000000000004,-25242470100.44803,-14298524094.470856,59059.71374138237,71937733045.4095,167724029623.87018,50.075711926085546,-25242224928.8859,-14298549861.363504,59061.94188748811
3526,0.0017630000000000005,-25638706334.900894,-13539560842.408297,59055.699300189954,64168408571.18852,168020414456.19092,49.42026526330799,-25638646148.36822,-13539178293.850643,59061.94188748811
3527,0.0017635000000000005,-26012340820.424026,-12769315389.437971,59056.341640760686,57173170597.087,168301539762.77084,48.82537904406932,-26012265164.428097,-12768903926.57652,59061.94188748811
3528,0.0017640000000000004,-26362927784.040966,-11988696715.851015,59058.31348463152,50872238801.282364,168563652790.9425,48.28460042349638,-26362815881.73471,-11988364833.25833,59061.94188748811
3529,0.0017645000000000004,-26690128845.035744,-11198502323.214024,59060.200476089754,45198654863.976524,168801877503.28052,47.79260662593056,-26689958482.362446,-11198288866.623936,59061.94188748811
3530,0.0017650000000000005,-26993607488.451027,-10399623269.226513,59059.871641266574,40096198734.7109,169011197348.72638,47.345040031362714,-26993468995.533203,-10399367403.677267,59061.94188748811
3531,0.0017655000000000004,-27273246865.12671,-9592485898.493118,59060.8199983256,35517863828.86347,169186812444.49057,46.93833537074645,-27273066864.49526,-9592291782.906256,59061.94188748811
3532,0.0017660000000000004,-27528849987.45283,-8777711533.313606,59063.846967519195,31423742832.993042,169324882990.41568,46.56952193731077,-27528542913.31983,-8777775990.385046,59061.94188748811
3533,0.0017665000000000003,-27759946097.244595,-7956869773.639079,59059.18447163685,27780287979.672997,169422124883.1424,46.236095882922896,-27759742737.921917,-7956568769.268297,59061.94188748811
3534,0.0017670000000000003,-27966826432.643204,-7129193788.031141,59064.56677630966,24560275977.546925,169475072818.52127,45.93596936654172,-27966554669.062145,-7129355666.278095,59061.94188748811
3535,0.0017675000000000004,-28148946602.00529,-6296718108.211494,59063.939075042756,21739312330.425312,169482185565.6705,45.66727939233959,-28148727887.17241,-6296875060.602388,59061.94188748811
3536,0.0017680000000000003,-28306317784.566654,-5459707273.30412,59063.42865886143,19298304195.47761,169440976969.55948,45.42844464808269,-28306104137.265636,-5459853185.141669,59061.94188748811
3537,0.0017685000000000003,-28438826140.555782,-4618923736.829269,59062.7154469338,17220819936.304638,169349863691.9425,45.21807308361127,-28438615674.462296,-4618974307.678435,59061.94188748811
3538,0.0017690000000000004,-28546367635.04314,-3775237224.193453,59060.38082020315,15493228302.745787,169207461757.3401,45.03494018897941,-28546157564.992107,-3775076738.6147304,59061.94188748811
3539,0.0017695000000000002,-28628903741.393463,-2929283403.9498034,59057.82258364598,14104357250.097828,169012503992.6857,44.8779752901807,-28628713850.381996,-2928901938.999423,59061.94188748811
3540,0.0017700000000000003,-28686446506.846485,-2081223998.699622,59061.425023184274,13045060894.695505,168763910988.5517,44.74624339294224,-28686229203.42455,-2081142230.0710037,59061.94188748811
3541,0.0017705000000000002,-28718885480.950275,-1232513112.7344913,59062.37809192574,12307981095.30042,168460753781.55762,44.63893152573929,-28718710817.77993,-1232493311.0164416,59061.94188748811
3542,0.0017710000000000002,-28726240717.769367,-383815776.60988665,59061.93565154938,11887799450.24062,168101852137.7372,44.55536270387638,-28726044058.802895,-383839874.2573566,59061.94188748811
3543,0.0017715000000000003,-28708544979.875034,464082595.4703651,59059.81704112964,11780706863.233557,167686162454.04852,44.49497693378424,-28708334986.033916,464269374.24818325,59061.94188748811
3544,0.0017720000000000001,-28665849695.840725,1310677856.3036926,59058.8643943268,11984357015.498562,167212696752.99686,44.45732068353855,-28665636354.20589,1310966547.7196949,59061.94188748811
3545,0.0017725000000000002,-28598203413.500034,2155407792.77271,59060.82186463588,12497865489.958332,166680467800.88235,44.44204109358419,-28598021759.345505,2155497453.5348577,59061.94188748811
3546,0.0017730000000000003,-28505724949.486588,2996935840.562014,59058.56967877372,13321885265.518152,166088400991.36398,44.448885969970604,-28505519370.930832,2997267153.841882,59061.94188748811
3547,0.0017735000000000001,-28388543248.702904,3834637224.1525884,59053.913309204116,14458328972.251749,165435518204.01962,44.477689612789824,-28388272671.701794,3835447751.6112757,59061.94188748811
3548,0.0017740000000000002,-28246648765.931087,4668876679.497579,59059.37321463836,15910493604.247414,164720847009.28183,44.5283679866399,-28246409199.346825,4669277499.259436,59061.94188748811
3549,0.0017745,-28080322910.396564,5497774242.023254,59060.49480267147,17683825879.29354,163942914923.157,44.60094906698122,-28080088377.093678,5498104748.246677,59061.94188748811
3550,0.0017750000000000005,-27889687963.452827,6320994573.790565,59062.21328374205,19784719744.56254,163100701646.92572,44.695528848421894,-27889492720.590096,6321168367.217641,59061.94188748811
3551,0.0017755000000000004,-27674873457.88409,7138067076.536115,59067.17182916957,22221423773.211994,162192951287.82098,44.8122864035412,-27674825294.034523,7137754816.26672,59061.94188748811
3552,0.0017760000000000005,-27436246350.210335,7947619319.571642,59067.336920508336,25004182445.768684,161218180565.81818,44.951494491678865,-27436207522.62902,7947208000.866968,59061.94188748811
3553,0.0017765000000000005,-27173958691.212673,8749341964.841373,59067.830013806226,28144438792.278107,160175342898.91815,45.11348206435008,-27173967696.20119,8748845732.099817,59061.94188748811
3554,0.0017770000000000004,-26888399106.089985,9542142056.236422,59063.96477998898,31656009355.426502,159062973759.8546,45.298666176193905,-26888349716.156967,9541907315.483984,59061.94188748811
3555,0.0017775000000000004,-26579585503.859344,10326137329.351513,59065.58870513144,35554356082.35793,157879890099.83417,45.50752811105088,-26579626146.72037,10325737446.272003,59061.94188748811
3556,0.0017780000000000005,-26248028199.36463,11100015180.245369,59064.49544525463,39858433763.88563,156623953150.14294,45.740682250850305,-26248066561.64234,11099655066.547503,59061.94188748811
3557,0.0017785000000000003,-25893893393.78818,11863503356.316483,59065.64791610806,44588940445.97692,155293673880.76263,45.998817047410085,-25893968138.672577,11862943962.143635,59061.94188748811
3558,0.0017790000000000004,-25517670940.14033,12615580429.101429,59064.387963821224,49770143868.70357,153886928790.43042,46.28274203122955,-25517725591.50732,12615032867.522882,59061.94188748811
3559,0.0017795000000000003,-25119623178.244026,13355823394.847553,59063.65068104448,55428945918.27898,152401964790.5051,46.59335467641438,-25119663219.286663,13355298137.644615,59061.94188748811
3560,0.0017800000000000003,-24700003049.693768,14083811783.461533,59065.9304231332,61596323591.67114,150836519173.00543,46.9316796184974,-24700216041.967728,14083085862.419075,59061.94188748811
3561,0.0017805000000000004,-24259538838.9663,14798301663.632263,59063.23617009134,68307907034.33048,149187842648.83597,47.298899422319664,-24259673882.572433,14797755200.671333,59061.94188748811
3562,0.0017810000000000002,-23798492307.887905,15498992997.935892,59059.9431779825,75602619470.00981,147454064660.4783,47.696283996640844,-23798472310.85776,15498682861.856234,59061.94188748811
3563,0.0017815000000000003,-23317251367.474358,16185362678.246243,59056.99061725403,83525376021.34209,145632447400.30194,48.12526519361623,-23317052312.83769,16185306367.317877,59061.94188748811
3564,0.0017820000000000004,-22816399595.180843,16856633788.646227,59051.82771981951,92127396438.50786,143719873812.57788,48.58746304735383,-22815838154.74641,16857040910.903063,59061.94188748811
3565,0.0017825000000000002,-22295846898.892513,17513000804.317585,59054.46832960166,101466357086.09583,141713370285.93054,49.08467297668814,-22295343469.47947,17513290789.54849,59061.94188748811
3566,0.0017830000000000003,-21756472829.398197,18153309856.577225,59056.29773982664,111610458376.21652,139608004268.35257,49.61901590601535,-21756003179.07525,18153524790.75246,59061.94188748811
3567,0.0017835000000000001,-21198793894.457508,18776998038.328453,59057.1097830891,122635665859.11226,137400091685.46584,50.19282631281272,-21198317428.1427,18777141184.64366,59061.94188748811
3568,0.0017840000000000002,-20623186479.321648,19383694717.55719,59059.091671925,134628856292.97775,135085581887.54567,50.808693157384866,-20622774837.18379,19383745471.182064,59061.94188748811
3569,0.0017845000000000003,-20030349008.428505,19972690901.27262,59059.41925283689,147690390531.41583,132659555376.20529,51.46953972920807,-20029900258.671947,19972753405.219975,59061.94188748811
3570,0.0017850000000000001,-19420538556.169186,20543784569.736282,59062.31627791164,161935034422.02423,130117181718.07547,52.1786259078923,-19420281419.159214,20543648847.51553,59061.94188748811
3571,0.0017855000000000002,-18794785708.809982,21096022861.185577,59060.82608093737,177496755115.94882,127452182989.9402,52.93968208907761,-18794439559.584038,21096003435.983376,59061.94188748811
3572,0.0017860000000000003,-18153249751.776882,21629347196.967922,59061.10489906177,194528645845.05118,124659224462.87056,53.75684788189207,-18152948252.000565,21629293061.096855,59061.94188748811
3573,0.0017865000000000001,-17496748475.33762,22143098241.38157,59059.81263623257,213210970514.59564,121730832322.66144,54.6348849262092,-17496316002.254784,22143165488.598507,59061.94188748811
3574,0.0017870000000000002,-16825609884.143698,22637071061.303474,59060.392405803934,233753364918.3219,118659610615.3121,55.579198863182214,-16825220169.973532,22637093356.55958,59061.94188748811
3575,0.0017875000000000005,-16140755309.816488,23110605424.94024,59058.79837679126,256403408589.94632,115436463432.35501,56.596032070366135,-16140180672.018946,23110734072.32239,59061.94188748811
3576,0.0017880000000000005,-15442511612.17282,23563532122.167027,59058.64765525531,281451681930.04364,112052440323.94481,57.69251000135431,-15441944945.701323,23563656962.93701,59061.94188748811
3577,0.0017885000000000004,-14731234564.826714,23995637572.21159,59062.491130936025,309244299897.72314,108496570714.03123,58.87690743758582,-14731022497.841684,23995542381.828033,59061.94188748811
3578,0.0017890000000000004,-14008139185.030016,24406173858.22848,59063.530668948,340195469339.8696,104756088648.78358,60.158914884445224,-14007992642.011267,24406015198.94914,59061.94188748811
3579,0.0017895000000000005,-13273581631.358267,24794996278.7491,59065.180791419305,374798638469.8531,100819017225.26868,61.54971709231081,-13273641116.92369,24794677085.72002,59061.94188748811
3580,0.0017900000000000004,-12528175534.795282,25161802915.16175,59067.69582029811,413650059111.08887,96671017994.54529,63.062430477209205,-12528559328.119354,25161314199.505672,59061.94188748811
3581,0.0017905000000000004,-11772836762.703625,25506162756.820164,59068.53756319337,457472831832.34155,92296385099.41208,64.71251345187959,-11773412610.350021,25505616674.93953,59061.94188748811
3582,0.0017910000000000005,-11007946134.748194,25827948070.461693,59070.624323916134,507147092799.01654,87679017252.4389,66.51818931819763,-11008849891.734352,25827296723.37331,59061.94188748811
3583,0.0017915000000000003,-10234736767.391977,26126655658.42379,59068.87289114443,563753696028.821,82800877430.24802,68.50116213750161,-10235591952.592688,26126024725.540222,59061.94188748811
3584,0.0017920000000000004,-9453649099.927662,26402187805.072823,59066.04890234585,628621645654.0416,77645277310.1868,70.68719229607866,-9454278011.762518,26401714481.07631,59061.94188748811
3585,0.0017925000000000003,-8665233780.686275,26654395696.111908,59063.49755080533,703398379816.5499,72195184108.04909,73.10710640064497,-8665599503.008814,26654009589.52602,59061.94188748811
3586,0.0017930000000000003,-7870065506.964872,26883126284.859196,59062.1413283815,790133844769.0155,66435677518.51018,75.7978892917169,-7870324326.065139,26882787369.22531,59061.94188748811
3587,0.0017935000000000004,-7069085944.8254795,27088126185.68594,59059.92455029968,891385086713.0603,60357434968.561386,78.80385827998555,-7069058647.829704,27087882546.42757,59061.94188748811
3588,0.0017940000000000002,-6262171471.053484,27269474286.671455,59063.196004952195,1010338173446.1602,53963465430.60483,82.17767374179564,-6262569458.552337,27269176894.6612,59061.94188748811
3589,0.0017945000000000003,-5451456492.23002,27426641449.036293,59060.69775397256,1150952878058.2405,47275493047.04856,85.98132326998964,-5451514069.229841,27426384882.142212,59061.94188748811
3590,0.0017950000000000004,-4636614912.541828,27559799967.362473,59060.68878928562,1318073319143.3103,40356275848.6586,90.28516568126864,-4636607834.15809,27559561628.827145,59061.94188748811
3591,0.0017955000000000002,-3818806940.1859107,27668752976.645702,59059.71092158006,1517493192374.1309,33327860237.3187,95.165179082127,-3818619909.038294,27668481045.702362,59061.94188748811
3592,0.0017960000000000003,-2998346624.2987,27753510030.39349,59060.6422265691,1755786429257.9004,26417091978.7034,100.69388859948279,-2998347116.7685776,27753220653.719063,59061.94188748811
3593,0.0017965000000000001,-2176239612.1371574,27813964377.327126,59061.31240463486,2039649348235.8704,20015934454.92497,106.92030838043716,-2176284107.449097,27813651621.509914,59061.94188748811
3594,0.0017970000000000002,-1353337091.5844426,27850071976.38574,59060.80956461874,2374195965829.886,14770714031.08877,113.82927727675911,-1353306321.2255967,27849768600.096886,59061.94188748811
3595,0.0017975000000000003,-530126344.97547513,27861875954.29193,59060.93281693257,2759367700691.161,11682615245.11829,121.26867359609311,-530091729.19656193,27861578505.0995,59061.94188748811
3596,0.0017980000000000001,292579897.247747,27849373628.89606,59060.9070632902,3183535603129.7437,12169100537.467892,128.83796630145412,292665631.2814852,27849095324.655895,59061.94188748811
3597,0.0017985000000000002,1114456528.333387,27812562473.38955,59062.36220856345,3614555053518.6973,17950920044.236156,135.76294550148594,1114181706.7892747,27812301639.72645,59061.94188748811
3598,0.0017990000000000003,1934173735.5502577,27751565013.522793,59062.78068218126,3992695566875.275,30546422896.905685,140.8602291073803,1933821557.4846456,27751351053.38336,59061.94188748811
3599,0.0017995,2751112245.1138616,27666456790.40858,59062.518694123486,4236590536712.9146,50274434947.55479,142.7837816273775,2750792726.074306,27666292629.157764,59061.94188748811
3600,0.0018000000000000006,3565293358.850256,27557244471.164467,59064.80390545608,4273004785136.9126,75255768911.55164,140.6509096284127,3564440087.7645087,27557134244.181824,59061.94188748811
3601,0.0018005000000000005,4374984955.861698,27424178199.180428,59065.011637536336,4079444901469.736,101539372231.91844,134.70101371051186,4374113645.230683,27424181614.339024,59061.94188748811
3602,0.0018010000000000005,5179269195.582841,27267477591.980408,59062.356625679844,3702020490114.1025,124806256077.34703,126.31795947306286,5179001464.376841,27267373720.853355,59061.94188748811
3603,0.0018015000000000004,5978581808.647648,27087114462.937412,59061.85916802751,3227810917325.22,142341204455.6856,117.28887948455098,5978373785.917002,27086954896.129284,59061.94188748811
3604,0.0018020000000000004,6772561843.275267,26883153144.70497,59064.832443254825,2739781399302.513,153644931473.50165,108.99314037668707,6771681814.8703785,26883190161.861843,59061.94188748811
3605,0.0018025000000000005,7559774826.037099,26655933499.75041,59067.914917692564,2291243897234.356,159713523426.17673,102.104563200155,7558120286.927822,26656227601.234253,59061.94188748811
3606,0.0018030000000000003,8337251796.95247,26406366237.82176,59060.82820383673,1905349655518.0483,162050235636.08847,96.73374562792581,8337102099.684389,26406227657.842216,59061.94188748811
3607,0.0018035000000000004,9107298387.414268,26133914508.65938,59057.27208139763,1585523373332.9297,162049201083.5569,92.68864928163408,9107868737.315434,26133539255.457844,59061.94188748811
3608,0.0018040000000000005,9869333647.962946,25838747237.968403,59057.72610810836,1325493132724.4077,160796456167.684,89.66794275666064,9869925810.222076,25838391704.47295,59061.94188748811
3609,0.0018045000000000003,10621531128.050756,25521529749.81413,59056.309292320315,1115721017258.0408,159046763523.59753,87.36617612395646,10622454788.875349,25520995275.159622,59061.94188748811
3610,0.0018050000000000004,11363671694.9334,25182419469.748314,59055.24676488309,946598923134.2109,157284844629.12036,85.51783699999673,11364841842.489202,25181762201.88301,59061.94188748811
3611,0.0018055000000000002,12096245403.38301,24821218691.585907,59061.309912460114,809692350660.0461,155802012226.64532,83.90978390542688,12096447501.784716,24820949130.083736,59061.94188748811
3612,0.0018060000000000003,12816039363.131304,24439406483.730045,59058.43722811999,698051812223.786,154752894663.64462,82.38127430542269,12816691404.970224,24438917363.73856,59061.94188748811
3613,0.0018065000000000004,13524297894.732716,24036515653.565826,59058.77777099784,606166822417.8245,154183868652.3087,80.82136702226728,13524929801.23294,24036050285.36303,59061.94188748811
3614,0.0018070000000000002,14220514700.985422,23612814790.714584,59063.3371314162,529727788491.5672,154079089543.24026,79.16288454643153,14220559562.562128,23612651448.01211,59061.94188748811
3615,0.0018075000000000003,14903185645.860214,23169176161.9482,59065.06688493359,465412099544.8214,154376043578.55408,77.37660828425405,14902960441.426987,23169119303.217857,59061.94188748811
3616,0.0018080000000000004,15571442972.518677,22706235631.96401,59061.29154026895,410688714548.20917,154982347487.24384,75.46469424871857,15571604566.555748,22705992230.366825,59061.94188748811
3617,0.0018085000000000002,16226332005.645788,22223399055.37853,59066.57425700699,363642203609.2078,155795665821.46985,73.4526179962769,16225914388.503935,22223526436.352135,59061.94188748811
3618,0.0018090000000000003,16865986611.810602,21721933177.605453,59068.44978457426,322818527853.29333,156723202551.8239,71.37999576664444,16865337581.215322,21722228437.58602,59061.94188748811
3619,0.0018095000000000001,17489973354.26103,21202259377.492134,59067.926278534236,287126105002.4823,157680713573.65994,69.29305805802595,17489340108.108574,21202585761.995045,59061.94188748811
3620,0.0018100000000000002,18097556179.988842,20665059692.641224,59062.6553660803,255735729445.0238,158604439438.5353,67.23753833260815,18097315133.03097,20665095369.08692,59061.94188748811
3621,0.0018105000000000003,18689407518.905296,20109849073.122345,59066.213071082115,228009578134.46094,159451649729.78192,65.25357174482923,18688810688.83899,20110110012.978436,59061.94188748811
3622,0.0018110000000000001,19263669737.025208,19538285326.779194,59062.16005829663,203439519852.25653,160203390577.73914,63.37226726935517,19263382596.579807,19538279977.02311,59061.94188748811
3623,0.0018115000000000002,19820947700.76395,18949909150.41048,59064.32003546323,181620613961.83,160851858096.01028,61.61515608186893,19820475446.08643,18950103029.984497,59061.94188748811
3624,0.0018120000000000002,20360039334.92428,18345947927.25889,59062.8205106256,162211608998.03494,161405021834.9179,59.99410858067168,20359650346.857536,18346083507.600006,59061.94188748811
3625,0.0018125,20880724485.80149,17726739572.162434,59060.88653554272,144925232825.07874,161875161872.7992,58.51295668723258,20880454109.077297,17726721591.025837,59061.94188748811
3626,0.0018130000000000006,21382845202.825657,17092518884.791151,59062.597297846696,129511647987.45271,162278800351.8454,57.16915038503414,21382473296.119713,17092635313.422367,59061.94188748811
3627,0.0018135000000000004,21865691449.21732,16444178808.530336,59063.36382664966,115750770861.20123,162633282242.81268,55.95557704337043,21865261056.30235,16444437348.134964,59061.94188748811
3628,0.0018140000000000005,22328798471.93585,15782403442.790459,59062.09674323067,103450064109.64146,162952747105.78937,54.86240277968891,22328434898.21568,15782591725.229576,59061.94188748811
3629,0.0018145000000000004,22771875703.922787,15107685311.859734,59060.3509519229,92440272522.83604,163248078201.89935,53.87849043290049,22771646556.439445,15107633426.907846,59061.94188748811
3630,0.0018150000000000004,23194614415.219124,14420553104.137785,59059.10658046926,82572438255.71136,163526939876.51373,52.992440591388,23194430152.86752,14420389716.678041,59061.94188748811
3631,0.0018155000000000005,23596795284.31617,13721404766.348864,59060.83924792915,73716235046.57466,163793619119.89426,52.19333570284209,23596503384.751835,13721375732.286737,59061.94188748811
3632,0.0018160000000000003,23977865700.22043,13011215487.783978,59060.898259805406,65758066572.146965,164049606057.22256,51.471189079688074,23977577081.370644,13011187893.658697,59061.94188748811
3633,0.0018165000000000004,24337422511.762863,12290827876.674246,59057.09418672183,58600847478.78442,164293195423.60593,50.81724684584206,24337307433.53968,12290467272.413548,59061.94188748811
3634,0.0018170000000000005,24675503232.911106,11560283695.909098,59057.04905349067,52161724706.11651,164520912216.84976,50.224042071516784,24675407741.13063,11559804510.90064,59061.94188748811
3635,0.0018175000000000003,24991848163.165142,10820139516.16094,59061.20762778011,46368878158.37305,164729337998.165,49.68524751044243,24991616000.05455,10819979740.34811,59061.94188748811
3636,0.0018180000000000004,25286032195.199604,10071380486.055132,59065.065618271496,41161377834.54147,164914349240.51495,49.19558552361435,25285577409.26111,10071596943.630835,59061.94188748811
3637,0.0018185000000000002,25557634896.41253,9315163709.315023,59062.9751618474,36488402887.56972,165071146682.95874,48.75072591440177,25557200401.082363,9315213290.341812,59061.94188748811
3638,0.0018190000000000003,25806628607.335606,8551765347.858,59060.40242645932,32307802740.489616,165194817541.99728,48.34714287622944,25806309105.858944,8551642121.995934,59061.94188748811
3639,0.0018195000000000004,26032969501.009415,7781409677.964689,59062.56717892962,28583467854.48592,165281662989.33163,47.9818947347755,26032592154.8311,7781524307.822404,59061.94188748811
3640,0.0018200000000000002,26236272965.483604,7005402258.013586,59061.566409222374,25284582146.733868,165328821456.3639,47.65247857514242,26235892718.56964,7005429340.04603,59061.94188748811
3641,0.0018205000000000003,26416519207.098442,6223998046.575235,59062.7785230497,22386050873.065044,165333185541.89764,47.356792662896645,26416094295.667,6224110820.043318,59061.94188748811
3642,0.0018210000000000004,26573387702.992535,5438673752.968459,59056.891830977926,19866437752.800884,165292550987.06644,47.093019135251474,26573118166.103287,5438290759.259619,59061.94188748811
3643,0.0018215000000000002,26707087878.885265,4648725748.135707,59060.83057995048,17708469239.572746,165204560326.90186,46.85960847756696,26706754329.853397,4648677433.387107,59061.94188748811
3644,0.0018220000000000003,26817341142.871372,3855576613.9024196,59064.779789337925,15896777412.754946,165068115044.32986,46.65516406343271,26817002916.796135,3855868384.265716,59061.94188748811
3645,0.0018225000000000001,26904025620.49249,3060295643.491897,59064.501551785776,14419361319.307066,164881593064.3615,46.478480379478,26903747403.559727,3060661889.4103465,59061.94188748811
3646,0.0018230000000000002,26967155587.01502,2263240442.606779,59064.48734064636,13266617586.956493,164643478605.02997,46.32852245541024,26966881842.78141,2263620612.113701,59061.94188748811
3647,0.0018235000000000003,27006695178.90888,1465196353.517066,59063.6960401138,12430694451.633232,164352633877.67804,46.20438892301093,27006424743.201324,1465550117.551426,59061.94188748811
3648,0.001824,27022643204.45521,666861870.6481761,59062.2303112054,11905560064.17131,164007970005.0526,46.105305355275114,27022320393.620502,667091947.6381006,59061.94188748811
3649,0.0018245000000000002,27015019052.665302,-131052883.72980927,59060.036844834256,11686800394.963406,163608461802.76547,46.03061575024968,27014750883.480354,-131035560.38940719,59061.94188748811
3650,0.0018250000000000002,26983855683.918762,-928282332.5394825,59062.10569032647,11771513187.88048,163153115305.75873,45.97977616214079,26983641746.944695,-928081917.6452264,59061.94188748811
3651,0.0018255000000000005,26929197683.293575,-1723685899.2805731,59062.71307910873,12158318744.90143,162640901661.7159,45.95235259422339,26928987597.1618,-1723409122.6352408,59061.94188748811
3652,0.0018260000000000006,26851121239.814934,-2516669930.270061,59063.19483970159,12847261682.805275,162070762261.0843,45.948016756801046,26850905339.903313,-2516302475.9696183,59061.94188748811
3653,0.0018265000000000004,26749733626.62467,-3306434556.3756313,59062.29630874968,13839778591.630224,161441638219.24487,45.96653950814179,26749506882.768223,-3306160763.375318,59061.94188748811
3654,0.0018270000000000005,26625116831.819126,-4092611726.7659454,59063.859040851894,15138648128.778812,160752490077.98044,46.00778340370678,26624929050.159073,-4092161344.5184727,59061.94188748811
3655,0.0018275000000000006,26477436929.781673,-4874225429.8652525,59064.130377720445,16748237900.406775,160002134131.99536,46.0717078642717,26477254134.202076,-4873790484.9997,59061.94188748811
3656,0.0018280000000000004,26306837115.895878,-5650703387.465917,59064.50156501947,18674247184.39112,159189464694.9532,46.15835655658332,26306723912.96223,-5650166380.441237,59061.94188748811
3657,0.0018285000000000005,26113560466.668995,-6421072985.626012,59061.44764684841,20923975791.658096,158313283164.93488,46.267859835893816,26113462323.499794,-6420773636.48473,59061.94188748811
3658,0.0018290000000000003,25897747478.82015,-7184983856.12244,59059.114281758804,23506071597.35292,157372533056.27652,46.40041992310778,25897592049.23152,-7184860079.750932,59061.94188748811
3659,0.0018295000000000004,25659498536.23026,-7942158838.592582,59061.8851429867,26431181298.33708,156365866896.24686,46.556330698218126,25659443392.622692,-7941850701.0536785,59061.94188748811
3660,0.0018300000000000005,25399308209.93392,-8691017665.58231,59058.07895924231,29712313409.21485,155291540824.941,46.736000147378554,25399143090.86347,-8691002146.310133,59061.94188748811
3661,0.0018305000000000003,25117188450.114796,-9431735871.502554,59058.32929776287,33363413689.849052,154148588538.78165,46.93988450253988,25116986201.002247,-9431740453.779966,59061.94188748811
3662,0.0018310000000000004,24813456260.246536,-10163482620.02855,59059.766541694924,37401691207.09768,152935095374.05927,47.16856260789426,24813287197.31566,-10163431631.440416,59061.94188748811
3663,0.0018315000000000004,24488525283.237026,-10885313432.54783,59058.403573521355,41846606737.01484,151649281210.08472,47.42271572941048,24488318193.517384,-10885384957.679548,59061.94188748811
3664,0.0018320000000000003,24142576078.199047,-11596936443.693869,59058.5726446115,46719823398.97894,150289635971.38486,47.70310413540518,24142343822.81419,-11597072045.884335,59061.94188748811
3665,0.0018325000000000004,23775818968.49311,-12297950921.01182,59062.65415027885,52046574231.59871,148854061455.8589,48.01061286472308,23775703793.066628,-12297760418.66033,59061.94188748811
3666,0.0018330000000000002,23388715497.540646,-12987468607.56741,59066.60120711695,57855956887.70978,147340042070.83295,48.346276353314046,23388747861.97953,-12986995756.32913,59061.94188748811
3667,0.0018335000000000003,22982012504.293175,-13664219606.60604,59061.86642846284,64180378524.48856,145745387589.9719,48.71124600243028,22981877345.997246,-13664084904.732878,59061.94188748811
3668,0.0018340000000000003,22555400373.258266,-14328878446.076595,59065.33549871539,71054947263.04979,144068806229.76578,49.10672646225855,22555454784.684254,-14328468207.433598,59061.94188748811
3669,0.0018345000000000002,22109912918.745975,-14979787512.468584,59062.04073144446,78522588271.54317,142306475635.33456,49.5341815923128,22109784165.877934,-14979606808.826385,59061.94188748811
3670,0.0018350000000000003,21645770273.07316,-15616759687.35077,59057.44117991341,86629122970.13338,140456538317.1856,49.99516566409347,21645366675.204887,-15616908781.499277,59061.94188748811
3671,0.0018355000000000003,21163011632.149582,-16239803174.489943,59058.87559832062,95427600286.63722,138516014820.5087,50.49142630640514,21162635621.60334,-16239837751.915943,59061.94188748811
3672,0.0018360000000000002,20662663842.68559,-16847574793.014551,59054.791080705436,104980143598.37923,136480486717.64453,51.0250143209582,20661998672.257694,-16847942398.690243,59061.94188748811
3673,0.0018365000000000002,20144740416.977493,-17440162838.44252,59053.86262275215,115354935461.95258,134347217727.51,51.59814076545486,20143922645.671326,-17440626415.31107,59061.94188748811
3674,0.001837,19609665250.905937,-18017088606.415844,59056.07137356135,126632015537.30844,132111554789.23834,52.21334629081943,19608906395.494328,-18017448311.516373,59061.94188748811
3675,0.0018375000000000002,19058219422.501205,-18577515619.078304,59056.21347927238,138903315306.6738,129768507135.79398,52.87352383915967,19057421440.754456,-18577928322.608807,59061.94188748811
3676,0.0018380000000000002,18490836438.765556,-19121062233.370747,59055.72391840101,152273134937.18292,127313680632.88977,53.58187556683305,18489912215.752777,-19121544353.728653,59061.94188748811
3677,0.0018385000000000005,17907881721.20955,-19647420819.64532,59056.79343261276,166862101639.98117,124741867923.26251,54.342001944590926,17906982127.12375,-19647867113.586834,59061.94188748811
3678,0.0018390000000000006,17309955497.17815,-20156068284.891956,59058.06998071091,182810538506.68692,122046844703.8895,55.15800587721032,17309066748.713673,-20156442382.530586,59061.94188748811
3679,0.0018395000000000004,16697445172.908993,-20646704091.331055,59061.43078625281,200281110054.59677,119222088599.00055,56.03453916850082,16696777121.695736,-20646878104.49895,59061.94188748811
3680,0.0018400000000000005,16071488017.640049,-21118430848.732353,59059.14051051776,219464301030.69873,116259962475.9992,56.97693103781626,16070611274.004652,-21118668471.61525,59061.94188748811
3681,0.0018405000000000006,15432096805.433624,-21571327393.682465,59058.967190901734,240580310284.7982,113153914877.99513,57.991140271529076,15431185890.103304,-21571551772.579735,59061.94188748811
3682,0.0018410000000000004,14780226148.155045,-22004732588.456364,59056.071715416074,263890962355.4524,109894547253.91765,59.08407902678056,14779015682.405434,-22005157521.33718,59061.94188748811
3683,0.0018415000000000005,14115734280.415758,-22418798573.37013,59059.09534809596,289703840073.05164,106472813024.57767,60.26365522071739,14114765401.29773,-22419077586.313705,59061.94188748811
3684,0.0018420000000000003,13440006428.996723,-22812635788.009434,59058.30790977933,318388218130.3431,102876329373.0973,61.539182996258965,13438967567.960632,-22812943414.416584,59061.94188748811
3685,0.0018425000000000004,12753254204.638424,-23186188059.573296,59058.531434335826,350380998983.61426,99094400090.13104,62.92135930230017,12752243151.33085,-23186485105.748833,59061.94188748811
3686,0.0018430000000000005,12055614790.160677,-23539398392.705975,59064.34032916951,386208728267.91736,95113743024.0975,64.42271130838269,12055092977.314255,-23539370171.408913,59061.94188748811
3687,0.0018435000000000003,11348935867.174025,-23871302151.84138,59062.679316557405,426509947840.8977,90918594685.92966,66.0580875301485,11348330943.425526,-23871380870.18202,59061.94188748811
3688,0.0018440000000000004,10632480321.821033,-24182347282.745827,59067.825853770744,472052818908.99097,86496164899.92903,67.84471496674581,10632450134.612516,-24182154584.881134,59061.94188748811
3689,0.0018445000000000004,9908443795.612001,-24471536997.195103,59064.24579689603,523782587775.6625,81828187020.79698,69.80323419134336,9908122887.454819,-24471514672.88821,59061.94188748811
3690,0.0018450000000000003,9175899514.559294,-24739361716.735306,59067.409481629395,582849732187.2012,76901145635.05132,71.95784734862272,9175926460.768776,-24739177177.05903,59061.94188748811
3691,0.0018455000000000004,8436629264.402239,-24985124679.666798,59066.37899472174,650681611981.2526,71696749913.7001,74.33769861563978,8436650487.430504,-24984937038.437733,59061.94188748811
3692,0.0018460000000000002,7691056238.249914,-25208757687.282097,59063.79419925987,729038222947.0095,66202660328.961754,76.97739937829407,7690798713.716222,-25208659388.63173,59061.94188748811
3693,0.0018465000000000003,6939288259.768403,-25410278059.694447,59064.36720809268,820103976144.7025,60410361763.671646,79.91819401196649,6939168601.243574,-25410167933.38792,59061.94188748811
3694,0.0018470000000000003,6182452980.388455,-25589374285.872093,59063.922925713,926593636115.3094,54319108093.21376,83.20918772311445,6182350863.510874,-25589255392.400345,59061.94188748811
3695,0.0018475000000000002,5421094559.334775,-25745957081.883907,59063.55367273239,1051861884376.216,47946827420.47364,86.90792139371864,5421008614.886393,-25745847180.86145,59061.94188748811
3696,0.0018480000000000003,4655538873.754068,-25879990962.439857,59065.80042757184,1200016834904.5662,41340751511.26356,91.0803240679394,4655793344.048756,-25879848058.6517,59061.94188748811
3697,0.0018485000000000003,3887049291.9776387,-25991240250.826534,59065.980666392206,1375986746354.0496,34597488815.60442,95.79866973786346,3887365381.651655,-25991112498.7529,59061.94188748811
3698,0.0018490000000000002,3116270526.7531304,-26079659306.454487,59064.58509766239,1585436033274.6128,27898081687.746433,101.1348314861905,3116494921.3373876,-26079494335.786293,59061.94188748811
3699,0.0018495000000000002,2343609729.6166005,-26145254339.892254,59063.69109009242,1834349404471.3372,21555786171.148457,107.14517694971217,2343761051.0864882,-26145135282.679775,59061.94188748811
3700,0.00185,1569812976.5491893,-26187978868.788918,59062.71565350535,2127900556409.4307,16086950513.228617,113.839768299617,1569836980.6524653,-26187900889.44466,59061.94188748811
3701,0.0018505000000000001,795570270.9377115,-26207807788.5185,59061.378673769075,2467978466967.106,12300352522.940784,121.12557066326022,795425064.6883243,-26207776908.68579,59061.94188748811
3702,0.0018510000000000004,21352973.004487958,-26204786000.218853,59061.29332505445,2848584771719.589,11371906692.543503,128.71498850192833,21211208.509047996,-26204767551.785183,59061.94188748811
3703,0.0018515000000000005,-751910125.4683571,-26178947775.14367,59061.115578565055,3248796133959.345,14817127632.226772,136.0084634767461,-752160858.2132291,-26178926005.273148,59061.94188748811
3704,0.0018520000000000006,-1524105125.5659425,-26130263046.467136,59063.03379062316,3625360363404.6147,24192605608.337646,142.01341660146167,-1523930720.7751012,-26130269049.310055,59061.94188748811
3705,0.0018525000000000004,-2293731436.479635,-26058879775.400936,59063.285713136465,3912033857267.3403,40368027484.150116,145.44735059923227,-2293513237.959992,-26058905733.725784,59061.94188748811
3706,0.0018530000000000005,-3060223665.69104,-25964890098.43772,59062.38316797351,4036309881141.9014,62536682831.46256,145.18195727732027,-3060191347.503082,-25964883262.124744,59061.94188748811
3707,0.0018535000000000005,-3822997232.720336,-25848407319.277897,59060.76716612093,3954171713164.392,87775870598.12648,140.91233056762383,-3823340128.191136,-25848394305.068764,59061.94188748811
3708,0.0018540000000000004,-4582349090.543776,-25709397006.016953,59062.7907177417,3679040652707.1123,111994825350.85606,133.50709972317304,-4582235435.373772,-25709411991.121357,59061.94188748811
3709,0.0018545000000000005,-5338144445.455128,-25547832801.21422,59070.56562683318,3275537244620.2812,131808815686.46664,124.60513195619625,-5336270987.987568,-25548259261.713894,59061.94188748811
3710,0.0018550000000000003,-6086550871.95363,-25364520081.290565,59069.58334530677,2823420547830.881,145760442792.96985,115.7990025047396,-6084810329.808532,-25364971770.089382,59061.94188748811
3711,0.0018555000000000004,-6827882545.710639,-25159549697.57936,59064.53217238372,2385041587074.464,154156055192.64584,108.09642679135342,-6827191070.420411,-25159755391.096573,59061.94188748811
3712,0.0018560000000000004,-7563510360.637765,-24932619790.708885,59064.72926011963,1994662509703.2134,158226096002.54776,101.87119535825273,-7562766779.54703,-24932868752.697685,59061.94188748811
3713,0.0018565000000000003,-8292217657.954625,-24684042191.13559,59067.398539590424,1663879128469.7246,159371722566.08096,97.07503678757745,-8290889505.049469,-24684481004.866096,59061.94188748811
3714,0.0018570000000000004,-9012844107.332846,-24414196761.802376,59069.976563845295,1391200087062.1335,158776072344.95743,93.46288514022733,-9010922333.449791,-24414870402.9408,59061.94188748811
3715,0.0018575000000000004,-9723732060.623894,-24123738073.431118,59067.04636384571,1169428731756.6833,157310775721.43146,90.73683449784284,-9722310835.259657,-24124285130.27736,59061.94188748811
3716,0.0018580000000000003,-10425273458.701822,-23812633118.69368,59063.81483373981,989887907546.081,155565852968.95142,88.61646294644436,-10424367311.08203,-23813001985.190407,59061.94188748811
3717,0.0018585000000000003,-11117124497.920124,-23481069556.877586,59061.773801445226,844358901820.6991,153920042575.40378,86.8647709250119,-11116542833.98597,-23481283374.526386,59061.94188748811
3718,0.0018590000000000002,-11797929730.9749,-23129704011.98906,59056.12596100337,725798561782.1733,152594825315.7242,85.29457667441235,-11798215978.486095,-23129501330.234215,59061.94188748811
3719,0.0018595000000000003,-12467706394.36186,-22758621700.660797,59050.67759602766,628469525560.7426,151695738121.34488,83.76747704099243,-12468849455.074589,-22757955123.589436,59061.94188748811
3720,0.0018600000000000003,-13127051552.884779,-22367528565.839653,59054.15287421499,547814606869.95807,151249825334.21655,82.18960719097552,-13127876818.164047,-22367005469.046432,59061.94188748811
3721,0.0018605000000000002,-13773796320.407787,-21957589214.548344,59054.41883386892,480266490363.27844,151230854285.30295,80.50644392319609,-13774599910.00044,-21956968796.60145,59061.94188748811
3722,0.0018610000000000002,-14408136982.49742,-21528764274.977837,59057.64057709825,423078744813.3792,151569573128.68246,78.69793531260557,-14408662556.78215,-21528323897.06846,59061.94188748811
3723,0.0018615000000000003,-15029384332.40458,-21081504708.893818,59062.612013871585,374145062901.7817,152179687386.27933,76.7714251624169,-15029375278.328945,-21081350429.665585,59061.94188748811
3724,0.0018620000000000002,-15636281514.26713,-20616712546.549107,59062.273180340766,331863231261.7301,152968398553.75327,74.75424005963285,-15636312003.489223,-20616512594.3164,59061.94188748811
3725,0.0018625000000000002,-16228790012.080652,-20134527301.839504,59061.33142480852,295022211811.6842,153846362128.97797,72.68609951063655,-16228878961.359533,-20134317220.472553,59061.94188748811
3726,0.001863,-16806492221.370571,-19635331886.101055,59060.672965090125,262700296054.52792,154740253531.86316,70.61145387568376,-16806662822.618063,-19635061609.865795,59061.94188748811
3727,0.0018635000000000001,-17368653004.659348,-19119791744.343945,59057.4186743984,234191195884.31735,155595180708.3998,68.57333651230104,-17369072176.532444,-19119273757.82787,59061.94188748811
3728,0.0018640000000000004,-17915262710.13616,-18587989984.202156,59057.17125563161,208946913548.79465,156374619896.06625,66.60905547661501,-17915741423.16326,-18587419798.215725,59061.94188748811
3729,0.0018645000000000005,-18446053321.766655,-18040183112.57746,59062.41913736749,186529802944.86038,157061237229.77335,64.74748080800174,-18446137443.386093,-18039917069.982536,59061.94188748811
3730,0.0018650000000000006,-18959856208.254753,-17477537749.90337,59063.42573814723,166581984855.2486,157652090714.80902,63.00820152402699,-18959870215.190056,-17477312906.427197,59061.94188748811
3731,0.0018655000000000004,-19456245099.28419,-16900614908.393976,59060.2035291933,148807383404.44592,158151842341.62366,61.40220987926567,-19456420359.22251,-16900141122.617903,59061.94188748811
3732,0.0018660000000000005,-19935474169.325397,-16309212055.407866,59062.72646919926,132952909862.85512,158571985084.478,59.93302824116699,-19935429933.607353,-16308919441.521284,59061.94188748811
3733,0.0018665000000000005,-20396457180.27854,-15704640114.559292,59060.14906163729,118795579289.63364,158929043070.82617,58.59812372751076,-20396567962.769066,-15704131034.680994,59061.94188748811
3734,0.0018670000000000004,-20839425336.858448,-15086699967.800383,59062.642593671015,106142370712.56241,159237065656.25742,57.39088329136941,-20839412669.946198,-15086373981.723028,59061.94188748811
3735,0.0018675000000000005,-21263915123.77236,-14456008324.656458,59068.56955146994,94820460017.49796,159510457902.70142,56.301973135800644,-21263547928.2773,-14456183072.974592,59061.94188748811
3736,0.0018680000000000003,-21669036428.775616,-13813891361.085432,59067.929531965376,84677798763.41391,159760009764.25992,55.32074558913614,-21668631400.98464,-13814054831.342764,59061.94188748811
3737,0.0018685000000000004,-22054454511.79765,-13161028339.74867,59060.50419778087,75582857251.56657,159991580324.80634,54.43638598802633,-22054432301.76662,-13160663819.532116,59061.94188748811
3738,0.0018690000000000004,-22420682835.34461,-12496681962.203661,59063.48686638255,67420506015.28697,160208420067.77887,53.63853719308835,-22420526422.211563,-12496513603.875029,59061.94188748811
3739,0.0018695000000000003,-22766828143.913677,-11822384112.301386,59063.811634095444,60087381416.77252,160413590558.69107,52.917526834232255,-22766690645.142376,-11822269169.879793,59061.94188748811
3740,0.0018700000000000004,-23092842660.426556,-11138313651.76087,59066.96266302613,53496391090.27121,160605547630.82306,52.26483761655982,-23092575460.601707,-11138546343.68575,59061.94188748811
3741,0.0018705000000000004,-23398095589.168407,-10445822754.698364,59063.56350598122,47571883435.010605,160781960253.2028,51.67310081965658,-23397956487.789234,-10445813578.886292,59061.94188748811
3742,0.0018710000000000003,-23682717290.847466,-9744779549.733515,59063.55662750622,42250584640.40514,160938388121.83545,51.13614895204949,-23682619594.311264,-9744820076.305397,59061.94188748811
3743,0.0018715000000000003,-23946357363.744083,-9036060470.594072,59063.3707153904,37477347881.13928,161071240602.21027,50.64878873666482,-23946200872.70176,-9036124497.105934,59061.94188748811
3744,0.0018720000000000002,-24188827787.6269,-8320246993.249349,59063.569958536515,33205939225.00241,161176283031.6199,50.206718351111675,-24188697380.6752,-8320349152.36152,59061.94188748811
3745,0.0018725000000000002,-24409929156.07985,-7597999879.494175,59063.756833259205,29397292517.042,161249512404.65833,49.80637585475744,-24409730534.561012,-7598153824.916217,59061.94188748811
3746,0.0018730000000000003,-24609427376.52354,-6870180866.256712,59061.29326702688,26018588366.480072,161287228119.41016,49.44480436176248,-24609340034.3445,-6870200563.097585,59061.94188748811
3747,0.0018735000000000002,-24787271401.979115,-6137138148.056794,59060.03420286801,23042502652.59424,161286005354.73703,49.119541465409625,-24787230842.612087,-6137037394.659671,59061.94188748811
3748,0.0018740000000000002,-24943268140.699528,-5399759662.35787,59056.95179168004,20445824687.522823,161243203343.5522,48.8284910302804,-24943311826.175465,-5399453824.765544,59061.94188748811
3749,0.0018745000000000003,-25077414891.043995,-4658231438.004581,59057.730906831246,18209397088.87432,161156378191.2519,48.56986537082415,-25077463531.308537,-4657964541.317244,59061.94188748811
3750,0.0018750000000000001,-25189531539.418278,-3913564875.8547034,59057.56763875538,16316967572.364624,161023745023.38696,48.34210394725675,-25189546479.97201,-3913209377.010732,59061.94188748811
3751,0.0018755000000000002,-25279568473.56713,-3166296123.2247314,59057.967452746816,14755439683.419476,160843479920.38638,48.14386019321137,-25279537513.763767,-3165934466.3065286,59061.94188748811
3752,0.001876,-25347442859.876152,-2417312123.264808,59056.13128632367,13514068545.843847,160614081457.458,47.973962036383455,-25347376268.731213,-2416745384.976765,59061.94188748811
3753,0.0018765000000000006,-25393199232.952034,-1666502086.8757277,59061.333241890585,12584327783.96758,160334150745.11234,47.83139564094595,-25393084306.953144,-1666302127.620782,59061.94188748811
3754,0.0018770000000000004,-25416722321.34882,-915475565.5479275,59061.38606962408,11959375888.317299,160002614091.26498,47.715275003716755,-25416597441.621803,-915320801.8045384,59061.94188748811
3755,0.0018775000000000005,-25418057610.30945,-164586496.9074294,59060.57945509464,11634397890.904675,159618174334.08105,47.624855765589565,-25417956152.587303,-164319786.67410544,59061.94188748811
3756,0.0018780000000000005,-25397232824.481373,585899147.4258884,59063.58935870055,11605982116.07433,159179769825.44412,47.55951047725527,-25397114054.975674,585884986.3306222,59061.94188748811
3757,0.0018785000000000004,-25354288940.99099,1334637074.820578,59061.757613157286,11872222305.020737,158686353047.84848,47.518724263758216,-25354196605.801765,1334734250.9348524,59061.94188748811
3758,0.0018790000000000005,-25289259630.829643,2081919351.3497105,59066.876509187685,12432563781.847187,158136898284.58026,47.50208865129983,-25289175401.039165,2081586858.1687293,59061.94188748811
3759,0.0018795000000000005,-25202255895.58515,2826261079.2582965,59068.10450634329,13288022559.121105,157530260124.7196,47.5093061502128,-25202164509.077675,2825755947.0363693,59061.94188748811
3760,0.0018800000000000004,-25093428306.43392,3566818796.7052236,59063.65831961931,14440788370.666859,156865407122.2031,47.54017466757578,-25093279053.7585,3566641736.44,59061.94188748811
3761,0.0018805000000000004,-24962842842.528435,4303570211.3259115,59061.681615950474,15894196246.759834,156141434520.29004,47.59457432339346,-24962679557.855755,4303518574.996211,59061.94188748811
3762,0.0018810000000000003,-24810536661.136463,5036345191.413942,59067.407636378295,17653266195.679382,155357173933.3547,47.67248530339288,-24810512813.174015,5035766604.516167,59061.94188748811
3763,0.0018815000000000004,-24636876169.197464,5763280437.411369,59065.06074593518,19724935607.471718,154511112455.01373,47.7740061043163,-24636864551.5262,5762867797.738695,59061.94188748811
3764,0.0018820000000000004,-24441916162.66175,6484468304.103704,59064.40052280275,22116752935.71116,153602415283.30408,47.89929251728537,-24441929555.59502,6484032216.832635,59061.94188748811
3765,0.0018825000000000003,-24225855792.438137,7199231244.992926,59064.527617974556,24838451488.698536,152629715248.05942,48.04860010538717,-24225900131.662025,7198820832.83042,59061.94188748811
3766,0.0018830000000000003,-23988855712.34537,7907101939.803663,59067.15145216531,27901506338.281963,151591612877.69952,48.222279924512485,-23988966797.14974,7906465782.128935,59061.94188748811
3767,0.0018835000000000004,-23731333301.990578,8606869524.699987,59064.572014338235,31319513514.068195,150486498087.38464,48.42078872106415,-23731457839.718582,8606370351.153242,59061.94188748811
3768,0.0018840000000000003,-23453386289.38504,9298437339.870907,59063.67661573076,35107359045.64154,149313274177.2273,48.64464460519076,-23453464875.320454,9298036525.579353,59061.94188748811
3769,0.0018845000000000003,-23155277445.357773,9981192340.039581,59064.00645968697,39282862871.96758,148070176844.3385,48.894481038964415,-23155352023.972454,9980826218.885412,59061.94188748811
3770,0.0018850000000000002,-22837278080.992073,10654554605.824406,59065.48007359277,43866376354.14943,146755366205.174,49.17104567385309,-22837447037.67334,10654079807.368677,59061.94188748811
3771,0.0018855000000000002,-22499698741.642075,11317904569.419922,59067.422267669564,48881096577.04099,145366885215.76202,49.47520416786953,-22499949372.468613,11317225995.92136,59061.94188748811
3772,0.0018860000000000003,-22142895303.9454,11970588457.33527,59068.679589543426,54353300697.6275,143902711529.6693,49.80794132942453,-22143200760.858517,11969799779.850355,59061.94188748811
3773,0.0018865000000000002,-21767245993.744946,12611975251.584595,59068.380116658685,60312613895.30597,142360801275.9527,50.17036118709893,-21767565772.726826,12611209484.640867,59061.94188748811
3774,0.0018870000000000002,-21373173710.82721,13241416685.06187,59065.358692344904,66792440008.39079,140739042961.07513,50.56369329609306,-21373378904.643837,13240891705.715246,59061.94188748811
3775,0.0018875000000000003,-20960944620.932587,13858573766.162344,59062.480915647466,73830372629.49518,139035280653.75092,50.98929903714655,-20961048201.202957,13858197888.518608,59061.94188748811
3776,0.0018880000000000001,-20530742215.14093,14463216236.962595,59063.64618174928,81469547702.1897,137246746357.7945,51.44872316643297,-20530909401.321552,14462743286.993881,59061.94188748811
3777,0.0018885000000000002,-20083468062.535458,15054081700.259796,59058.26434202626,89759805560.62608,135369884305.06241,51.9437521415437,-20083368771.243355,15053993619.595387,59061.94188748811
3778,0.0018890000000000005,-19619260816.556133,15631108990.041168,59052.95672963318,98755552859.08157,133402528455.45912,52.4762979951553,-19618856330.884247,15631397815.246698,59061.94188748811
3779,0.0018895000000000006,-19138297593.505947,16194122298.851175,59052.01437681805,108520100683.82834,131341117745.7099,53.04852804751523,-19137736765.55213,16194522012.275257,59061.94188748811
3780,0.0018900000000000004,-18640835592.08407,16742809930.500874,59057.35412580977,119126848475.53122,129181067504.41135,53.66294647646887,-18640528454.2839,16742893545.072414,59061.94188748811
3781,0.0018905000000000005,-18127850735.110336,17276064835.922768,59059.177693064994,130660556610.47119,126917153079.01526,54.32243907769024,-18127644209.39323,17276041954.565468,59061.94188748811
3782,0.0018910000000000005,-17599794722.98298,17793487209.853455,59058.48699811137,143216019101.6998,124545613060.6554,55.03015293071179,-17599585237.745613,17793541850.015396,59061.94188748811
3783,0.0018915000000000004,-17056929701.57229,18294879399.72512,59058.99078118535,156902445311.8574,122061980474.55289,55.78958537132384,-17056771164.534754,18294980554.20338,59061.94188748811
3784,0.0018920000000000005,-16499654616.184998,18779893046.111996,59061.689056889576,171846995563.27533,119460499325.51099,56.6047181798475,-16499656326.510967,18779846082.33417,59061.94188748811
3785,0.0018925000000000005,-15928395097.11434,19248163904.65316,59067.102930615234,188197491486.83572,116734656362.66652,57.48010204370837,-15928829692.487831,19247758958.21581,59061.94188748811
3786,0.0018930000000000004,-15344289555.513647,19698762443.516033,59066.51190568067,206126304517.56827,113877221547.20651,58.42094561639862,-15344699002.288656,19698406173.795856,59061.94188748811
3787,0.0018935000000000004,-14747534938.4017,20131624815.331337,59065.279566220706,225831719464.99963,110882272481.69801,59.43304439442381,-14747926573.997223,20131345904.389187,59061.94188748811
3788,0.0018940000000000003,-14138755385.311707,20546338008.321316,59062.47245722386,247547959357.23828,107741754719.75421,60.523046580680194,-14138964217.6066,20546166546.96746,59061.94188748811
3789,0.0018945000000000004,-13518023761.694576,20942898431.724968,59063.9296336858,271550601595.39554,104447003450.72029,61.698583844061964,-13518390762.001068,20942608349.92208,59061.94188748811
3790,0.0018950000000000004,-12886515472.175861,21320545942.041656,59061.798769296765,298168457059.2788,100986947843.84552,62.96859185950861,-12886725215.186172,21320364528.0796,59061.94188748811
3791,0.0018955000000000003,-12244268931.77473,21679321055.388725,59062.51308365866,327789618361.0554,97351690473.0934,64.3433253325909,-12244519000.52855,21679086389.226246,59061.94188748811
3792,0.0018960000000000003,-11591997869.4958,22018826163.31273,59064.02867348941,360881046464.88605,93528504425.59511,65.83481520529922,-11592354490.469599,22018528074.753147,59061.94188748811
3793,0.0018965000000000004,-10930717842.281824,22338552640.13242,59061.74250766521,398003582510.2137,89504265332.91644,67.45713993932472,-10930914952.037703,22338363094.426025,59061.94188748811
3794,0.0018970000000000002,-10260350208.734465,22638604012.169853,59062.950680070084,439832579685.9868,85266243300.90352,69.22671078374789,-10260659693.20355,22638350586.73598,59061.94188748811
3795,0.0018975000000000003,-9581777068.307358,22918577968.850056,59064.26044619773,487192284787.91437,80798687545.77548,71.16301598059059,-9582245710.564243,22918301521.709534,59061.94188748811
3796,0.0018980000000000002,-8895986243.55134,23178091229.43864,59062.058220950006,541087833485.929,76086598981.59259,73.28911602061378,-8896314945.803095,23177909339.432762,59061.94188748811
3797,0.0018985000000000002,-8202900937.170623,23417237365.265133,59063.115223492976,602749764703.4917,71116516228.2389,75.63226415902508,-8203336036.060278,23416968406.073345,59061.94188748811
3798,0.0018990000000000003,-7503588049.624317,23635640008.21312,59062.90223022938,673697564320.9213,65874435148.554474,78.22501912535996,-7504019197.759784,23635342818.68278,59061.94188748811
3799,0.0018995000000000001,-6798549160.590401,23833181899.24323,59062.610245153766,755805010638.2478,60351908011.787346,81.10602416049045,-6799013450.971641,23832887846.852158,59061.94188748811
3800,0.0019000000000000002,-6088223863.545103,24009768131.10884,59063.74874918137,851387827759.1892,54547824229.60511,84.3210311846687,-6088807936.084955,24009402404.57635,59061.94188748811
3801,0.0019005000000000003,-5373471958.094086,24165192485.61814,59064.21088913064,963300934928.851,48474576396.52991,87.92373961390437,-5374153358.822175,24164846181.28709,59061.94188748811
3802,0.0019010000000000001,-4655040733.844152,24299322380.797886,59063.17239033651,1095032417333.6525,42169501706.48124,91.9758350423408,-4655650885.718345,24299061657.92794,59061.94188748811
3803,0.0019015000000000002,-3933462842.6867566,24412101517.270336,59061.60060203785,1250770649282.3357,35710741209.402664,96.54552486024559,-3933895035.1042604,24411916172.850822,59061.94188748811
3804,0.0019020000000000005,-3209276382.1325855,24503480091.803402,59060.27193365094,1435377633940.4448,29242509171.69251,101.70281314765272,-3209525587.4644547,24503331985.644215,59061.94188748811
3805,0.0019025000000000005,-2482810153.3759565,24573452449.085533,59061.41304703519,1654129820756.824,23014958917.553436,107.50815322842419,-2483170179.186554,24573315771.48813,59061.94188748811
3806,0.0019030000000000004,-1755417943.546255,24621849487.205242,59059.41393733907,1911966596686.6213,17441693936.74091,113.98894981406872,-1755495402.4079597,24621743808.278763,59061.94188748811
3807,0.0019035000000000005,-1027048633.8247936,24648783232.19082,59059.77167000009,2211786758130.5664,13176702526.844925,121.0952276708078,-1027216031.9929135,24648639059.88783,59061.94188748811
3808,0.0019040000000000005,-298666909.1220478,24654175486.69651,59059.55469941619,2551183418645.8677,11187209816.105131,128.626111255054,-298838337.82012093,24654089345.993534,59061.94188748811
3809,0.0019045000000000004,429208893.6260345,24638069341.726864,59059.77641740495,2917101711329.9185,12774860878.257658,136.1263888043572,429002131.5389944,24638005298.34854,59061.94188748811
3810,0.0019050000000000004,1155673280.290367,24600528938.510445,59059.15884202134,3279214381098.514,19416468208.176258,142.78791307766875,1155616655.7081292,24600490964.095028,59061.94188748811
3811,0.0019055000000000005,1880994491.8812718,24541507573.34268,59061.83759478593,3586158376616.869,32267445763.94116,147.4594687170401,1880318165.7697918,24541541580.716415,59061.94188748811
3812,0.0019060000000000004,2603230070.992808,24461215649.401108,59061.47806928496,3772933007969.0474,51325445278.98928,148.9213227578406,2602649500.346185,24461213058.610725,59061.94188748811
3813,0.0019065000000000004,3321810687.4259562,24359777896.814613,59058.51002668592,3785345005619.8438,74714772262.06955,146.45843395349644,3321871104.6043134,24359651169.456543,59061.94188748811
3814,0.0019070000000000003,4038911265.3899846,24236859198.000153,59066.252540137444,3610581930301.3994,98951882847.59973,140.39019924781567,4037354676.4316444,24237003120.391697,59061.94188748811
3815,0.0019075000000000003,4750966175.075368,24093002575.999146,59070.27277710129,3287296145481.232,120398360851.45558,132.02434541760843,4748465220.817906,24093360402.014275,59061.94188748811
3816,0.0019080000000000004,5455740143.754612,23928780031.93966,59063.25866955944,2884137281027.5063,136761046662.52681,123.00652168564724,5454652769.227901,23928905451.90202,59061.94188748811
3817,0.0019085000000000003,6155554026.822831,23743811906.32959,59059.40492934815,2466909601959.4746,147558832578.04733,114.63037667096326,6155232288.555036,23743792817.353184,59061.94188748811
3818,0.0019090000000000003,6850293392.100235,23538094668.100166,59060.90512574076,2079299182631.8887,153592205787.78787,107.5650231077494,6849664230.83108,23538139467.15914,59061.94188748811
3819,0.0019095000000000004,7539174181.393644,23311791861.966793,59066.81528941514,1741670284905.616,156138968165.75388,101.96012283638797,7537329888.632044,23312152004.242844,59061.94188748811
3820,0.0019100000000000002,8220591877.357806,23065383192.199215,59072.14193836942,1458373367327.8564,156430008531.96164,97.66789421234722,8217650146.121638,23066098793.633774,59061.94188748811
3821,0.0019105000000000003,8892347389.367355,22799709004.763515,59068.39536909686,1225420915883.7678,155439857614.2611,94.42180039579661,8890031978.811419,22800344861.84044,59061.94188748811
3822,0.0019110000000000002,9555533099.265797,22514519127.088917,59064.3946194256,1035633663695.4769,153862325825.4974,91.93867270695245,9553877280.473772,22514892204.651104,59061.94188748811
3823,0.0019115000000000002,10210190578.541359,22209827689.20336,59063.723300721846,881334832975.8186,152167298823.36725,89.96343949484643,10208607843.473663,22210199421.04402,59061.94188748811
3824,0.0019120000000000003,10854868811.459871,21886279753.02578,59060.97195715758,755554179326.7922,150650476152.283,88.28497847008302,10853673164.942202,21886521210.208633,59061.94188748811
3825,0.0019125000000000001,11489913368.76429,21543767858.40085,59062.09509116434,652426326469.7611,149476051353.95282,86.73923388378147,11488557899.005764,21544097083.52815,59061.94188748811
3826,0.0019130000000000002,12113714576.716906,21183119748.93304,59059.56755655927,567191803154.9042,148719075304.35217,85.20646691165254,12112678738.800255,21183346434.459705,59061.94188748811
3827,0.0019135000000000003,12727009265.325712,20804004542.943752,59063.14139972891,496083665627.37463,148384763693.7211,83.60783842449771,12725548608.223373,20804498638.420937,59061.94188748811
3828,0.0019140000000000001,13327804088.103682,20407577995.285378,59060.75791754278,436149226351.00854,148437055815.11566,81.9001553982467,13326617989.165192,20407943178.167126,59061.94188748811
3829,0.0019145000000000006,13916279814.100487,19993843587.133904,59058.300064341434,385110304728.6963,148805498491.11816,80.07109411430932,13915398933.714396,19994084030.85004,59061.94188748811
3830,0.0019150000000000005,14491819325.043407,19563266546.26343,59054.616103852924,341213409693.3572,149407945475.85367,78.13242854428564,14491308514.807188,19563226838.41214,59061.94188748811
3831,0.0019155000000000005,15054708804.88996,19115690003.94464,59057.66911002054,303118545466.1276,150159161663.6352,76.11307841053369,15053999662.768578,19115829948.850574,59061.94188748811
3832,0.0019160000000000004,15603496725.947157,18652198480.18872,59056.99826865339,269799154707.44635,150983129643.6867,74.05171193086673,15602876397.124237,18652234410.367985,59061.94188748811
3833,0.0019165000000000005,16138099453.266985,18172946883.417423,59056.89203380051,240474416537.18857,151813273680.41522,71.9906567807849,16137500368.835302,18172973739.847824,59061.94188748811
3834,0.0019170000000000005,16658008692.634052,17678416055.195377,59056.64355016128,214540251355.66095,152601346125.29968,69.97029702804157,16657462753.24478,17678309243.97276,59061.94188748811
3835,0.0019175000000000004,17162897088.124609,17168953274.057762,59057.66204560537,191523255167.52502,153316045003.68222,68.02530327944251,17162322479.313221,17168892065.226635,59061.94188748811
3836,0.0019180000000000004,17652269619.803276,16645074933.218977,59058.98748011722,171043632463.8831,153941971220.5479,66.18244934823697,17651592579.71562,16645201752.350563,59061.94188748811
3837,0.0019185000000000005,18125703710.99156,16107263380.645243,59060.43617051171,152789782593.75223,154475953370.2972,64.45996998578353,18124966975.039406,16107478567.75866,59061.94188748811
3838,0.0019190000000000003,18582499356.17938,15556349957.250233,59057.38924896803,136499587242.42413,154923781215.83527,62.867991550525524,18581933372.451786,15556374909.501019,59061.94188748811
3839,0.0019195000000000004,19022722549.41306,14992351578.91151,59056.87531163234,121949201211.00218,155295877079.3262,61.40974941295169,19022234270.30539,14992325336.74443,59061.94188748811
3840,0.0019200000000000003,19445900493.44289,14415881739.589539,59057.09791400481,108941437974.96057,155606772854.1928,60.08290591318476,19445412661.10597,14415810570.956564,59061.94188748811
3841,0.0019205000000000003,19851207417.252502,13828107377.818323,59049.57441525907,97303097371.32556,155870448756.154,58.881190572133114,19851177610.15447,13827464906.341555,59061.94188748811
3842,0.0019210000000000004,20239096914.45978,13228512406.631618,59048.88650134985,86883014630.44197,156097908586.27945,57.795960119603336,20239160421.40419,13227664888.089252,59061.94188748811
3843,0.0019215000000000002,20608919210.628075,12618059527.900719,59048.53986604947,77544395370.62016,156300355202.06714,56.817143183446625,20609034602.768066,12617057277.910631,59061.94188748811
3844,0.0019220000000000003,20960482974.99035,11997102103.34769,59050.88357046348,69168036124.11127,156484525845.44873,55.934349704511725,20960519477.378525,11996207330.307884,59061.94188748811
3845,0.0019225000000000004,21293384725.647964,11366361410.01282,59053.379199660965,61649054050.01063,156654554807.71124,55.137512579906364,21293337933.5556,11365580951.584105,59061.94188748811
3846,0.0019230000000000002,21607277241.03868,10726543968.057768,59054.18332839114,54896542873.62369,156811558214.446,54.41735877477551,21607217094.259583,10725682749.972849,59061.94188748811
3847,0.0019235000000000003,21902109211.85459,10077822506.422047,59058.44201029488,48832091133.890366,156954440432.88516,53.76564717095222,21901857910.60807,10077226220.05169,59061.94188748811
3848,0.0019240000000000001,22177543395.624966,9420933710.504824,59063.61741333031,43387478899.287186,157081270702.8761,53.175190640339245,22177138345.623714,9420729532.695614,59061.94188748811
3849,0.0019245000000000002,22433111984.858006,8757047210.389566,59062.35295552963,38504712580.671555,157188710505.70288,52.639877837722416,22432716454.37339,8756719252.126259,59061.94188748811
3850,0.0019250000000000003,22668794478.901657,8086397335.634651,59059.95243553119,34135293913.97776,157272276817.06992,52.15463225871733,22668470448.04229,8085894032.928469,59061.94188748811
3851,0.0019255000000000001,22884488578.1899,7409370205.957534,59059.10766397454,30237424863.358067,157328145817.5697,51.71521281758109,22884175418.54024,7408784611.468099,59061.94188748811
3852,0.0019260000000000002,23080021394.252647,6726555704.402259,59059.67465343904,26775496758.36095,157352813950.6057,51.31807116133571,23079703484.865017,6725976736.260706,59061.94188748811
3853,0.0019265000000000003,23255176734.881596,6038769880.644848,59058.84586251636,23719562459.709557,157342923558.09448,50.960242495915,23254795206.6884,6038081204.023081,59061.94188748811
3854,0.0019270000000000001,23409906762.006413,5346324337.22035,59060.38086196938,21044733510.220814,157295238747.3373,50.63925343668092,23409488074.141487,5345779381.58212,59061.94188748811
3855,0.0019275000000000006,23544031551.056767,4650069266.073475,59061.01204480962,18729940855.41033,157207162243.96335,50.353005248377535,23543533855.23473,4649483200.499609,59061.94188748811
3856,0.0019280000000000005,23657548249.53399,3950145192.8146677,59066.543300470206,16757897619.337109,157076227127.046,50.09971866104513,23657004792.489582,3950081767.490548,59061.94188748811
3857,0.0019285000000000005,23750244857.98165,3247820673.2011933,59068.36638796021,15114050956.50291,156900558515.04526,49.87785336973118,23749692434.29615,3247954893.5376067,59061.94188748811
3858,0.0019290000000000006,23822113549.963413,2543490220.945579,59069.68579609925,13786940277.09685,156678140242.05487,49.686098694026974,23821557587.083748,2543880979.7595553,59061.94188748811
3859,0.0019295000000000004,23873058834.84114,1838414380.6014729,59062.82821592568,12767161960.886562,156407425711.51074,49.52331811656725,23872562285.44883,1838317316.6598601,59061.94188748811
3860,0.0019300000000000005,23903184257.881924,1132174610.331934,59061.440029567195,12047425010.38092,156086943382.65256,49.388534509221294,23902725656.529503,1132018090.2169316,59061.94188748811
3861,0.0019305000000000004,23912454697.679207,425353683.72790134,59065.138418803836,11621831105.910519,155715715081.72556,49.28088670004877,23911999587.533165,425501553.4052676,59061.94188748811
3862,0.0019310000000000004,23900846821.81956,-280544079.46304494,59062.48515135279,11486309634.230936,155292628499.94708,49.19964085344797,23900375226.169632,-280551227.8535354,59061.94188748811
3863,0.0019315000000000005,23868425850.987057,-985377693.3199984,59060.10831582093,11638369237.319633,154816522191.5953,49.14418977678056,23867919992.260166,-985530268.9930902,59061.94188748811
3864,0.0019320000000000003,23815244557.027325,-1688536317.4530683,59057.99439060698,12076844003.176418,154286369884.3375,49.114037555324366,23814718679.570835,-1688917657.9283953,59061.94188748811
3865,0.0019325000000000004,23741331340.27665,-2389904824.891996,59062.12902504568,12801948893.354202,153701131045.68997,49.108797192454844,23740756095.967857,-2389995296.119253,59061.94188748811
3866,0.0019330000000000005,23646883073.968235,-3087541587.8434534,59055.41342407301,13815470472.979753,153059600400.81595,49.12819850581847,23646250078.430836,-3088194881.8525977,59061.94188748811
3867,0.0019335000000000003,23531871684.083084,-3782301028.595688,59057.161452664324,15119982996.375027,152360945202.27554,49.17205228731135,23531173620.50622,-3782839071.7277684,59061.94188748811
3868,0.0019340000000000004,23396504355.34825,-4472780090.751019,59056.39276392811,16720080601.957294,151603808633.43082,49.24028999511814,23395736268.54097,-4473356327.16861,59061.94188748811
3869,0.0019345000000000002,23240875620.259872,-5158693792.595915,59057.29269707239,18621369529.316723,150787115972.70093,49.33293221182308,23240132300.846355,-5159229130.807453,59061.94188748811
3870,0.0019350000000000003,23065116957.679924,-5839514822.087049,59060.4558813886,20831129778.25622,149909586977.70056,49.450100973900824,23064368445.62911,-5839795776.867954,59061.94188748811
3871,0.0019355000000000004,22869371325.088932,-6514710804.26306,59066.29211169211,23358297047.36536,148969835667.69284,49.59202143083961,22868713793.671917,-6514483763.8751,59061.94188748811
3872,0.0019360000000000002,22654090323.887516,-7182756870.858642,59062.650778402545,26213580332.68073,147966368973.31738,49.75902330000732,22653435758.393845,-7182815586.531012,59061.94188748811
3873,0.0019365000000000003,22419225317.248528,-7844064717.444817,59063.16824563528,29408359990.49273,146898450879.58224,49.951477872570955,22418614262.453354,-7844057241.512956,59061.94188748811
3874,0.0019370000000000001,22165114846.977444,-8497680579.724098,59062.43265704427,32957072687.483982,145764308238.9107,50.16988539540314,22164486449.19632,-8497701529.920824,59061.94188748811
3875,0.0019375000000000002,21891934069.031292,-9143239297.872736,59063.10480126785,36875796470.31946,144562492820.29544,50.41484018579125,21891263673.730904,-9143226441.493782,59061.94188748811
3876,0.0019380000000000003,21599943279.996227,-9780161880.001118,59064.69314458744,41183235617.395836,143291223072.4929,50.687054676462836,21599409208.588764,-9780062910.043907,59061.94188748811
3877,0.0019385000000000001,21289497218.39716,-10407717191.704336,59064.677589064835,45900675822.220856,141948646234.06573,50.9873595611321,21289024795.319057,-10407634291.669127,59061.94188748811
3878,0.0019390000000000002,20960833130.899864,-11025500386.344973,59064.97418017597,51051955531.965614,140533041904.82047,51.316690307013815,20960406844.779903,-11025275900.241081,59061.94188748811
3879,0.0019395000000000003,20614284380.454815,-11632931373.51527,59064.84962329956,56664379375.484764,139042337929.208,51.67611589360258,20613901096.112648,-11632694792.772688,59061.94188748811
3880,0.0019400000000000005,20250055117.410603,-12229702130.658737,59067.171038550056,62768783419.83127,137474391100.11224,52.06684223313864,20249793244.650932,-12229270874.372725,59061.94188748811
3881,0.0019405000000000006,19868829535.615704,-12814711621.852247,59063.62995653549,69400623484.27704,135826525735.70528,52.49025359137142,19868478272.73582,-12814476440.217207,59061.94188748811
3882,0.0019410000000000005,19470847236.526516,-13387711124.50652,59058.20415722499,76598565805.82765,134096974188.33034,52.94783680747792,19470263992.40439,-13387833099.982824,59061.94188748811
3883,0.0019415000000000005,19056173578.269413,-13948673362.906933,59057.4274378017,84407090814.28278,132283176016.647,53.441258475614795,19055540479.697975,-13948901658.756495,59061.94188748811
3884,0.0019420000000000006,18625264237.384426,-14496971875.52744,59058.711783622544,92878090904.2993,130381374501.07735,53.97246275241345,18624655058.997566,-14497170102.927082,59061.94188748811
3885,0.0019425000000000004,18178700875.986626,-15031883496.486002,59058.15305263687,102070209010.21599,128387987175.05498,54.54364674601355,18178026873.618195,-15032182162.708832,59061.94188748811
3886,0.0019430000000000005,17716847167.107925,-15553029497.556654,59056.95767167224,112049439535.7956,126299783519.89725,55.15723385310981,17716123311.76223,-15553380485.743586,59061.94188748811
3887,0.0019435000000000003,17239910421.378498,-16060216773.03757,59058.80336774587,122891420595.80125,124112979946.90291,55.815933506373455,17239242949.078674,-16060451841.325775,59061.94188748811
3888,0.0019440000000000004,16748505982.405901,-16552793958.941761,59060.07647404526,134683785572.03558,121822766170.20247,56.52283802327119,16747907854.307388,-16552928004.41689,59061.94188748811
3889,0.0019445000000000005,16243125945.838219,-17030305609.555193,59060.17693871412,147526347787.24655,119424617990.84964,57.28140525507288,16242530716.50762,-17030500137.275782,59061.94188748811
3890,0.0019450000000000003,15723987128.966457,-17492587791.69646,59062.87195100069,161533932056.82346,116913654176.09888,58.09551173306665,15723571273.933586,-17492580261.620663,59061.94188748811
3891,0.0019455000000000004,15192122471.398819,-17938729328.45283,59059.61997283328,176840475776.369,114283704100.43886,58.96959183182409,15191491408.270922,-17938874846.293583,59061.94188748811
3892,0.0019460000000000005,14647531504.753294,-18368818464.766098,59058.22021158451,193598711637.81274,111529850053.20836,59.908555965309134,14646777855.253077,-18369030927.449528,59061.94188748811
3893,0.0019465000000000003,14090421274.798656,-18782703500.49625,59061.99141882775,211988937493.23834,108644768328.01865,60.918062075259726,14089903640.729332,-18782630862.478165,59061.94188748811
3894,0.0019470000000000004,13522355951.656244,-19179206482.80265,59056.39436255435,232223544834.95917,105619725134.61407,62.00468809380797,13521428290.026829,-19179479308.229286,59061.94188748811
3895,0.0019475000000000002,12942976121.881016,-19558696111.881397,59053.94688817679,254546741104.98468,102448727998.16927,63.17574479608861,12941783158.22114,-19559127481.197872,59061.94188748811
3896,0.0019480000000000003,12352763784.752325,-19920858616.8802,59054.4670464091,279251091747.45593,99121777045.275,64.43976928852614,12351497760.883993,-19921318676.79443,59061.94188748811
3897,0.0019485000000000004,11752451827.98469,-20265244764.90779,59055.02386307628,306683861040.1258,95628106914.40874,65.80671015700153,11751171159.202497,-20265683278.023006,59061.94188748811
3898,0.0019490000000000002,11142479232.796648,-20591628271.332855,59056.66571267735,337257894794.27313,91956854747.56873,67.28809769149375,11141262668.317326,-20591998116.347942,59061.94188748811
3899,0.0019495000000000003,10523781749.470531,-20899524229.350925,59054.97919725693,371468194376.02,88095950685.98099,68.89738769309253,10522327251.137272,-20899925257.85884,59061.94188748811
3900,0.0019500000000000003,9896251569.110714,-21189043930.783863,59057.38923816151,409908370402.68524,84033712445.37888,70.65021982743683,9894939868.565779,-21189327836.516907,59061.94188748811
3901,0.0019505000000000002,9260792034.994473,-21459755680.672916,59059.672299188416,453300160103.10474,79755569344.16252,72.56511533447886,9259640998.480772,-21459920804.641136,59061.94188748811
3902,0.0019510000000000003,8618509181.739347,-21711212056.241257,59056.55957795778,502519195812.95685,75247921524.29575,74.66389402413289,8617001499.326746,-21711459861.793705,59061.94188748811
3903,0.0019515000000000001,7969364472.279434,-21943508725.9121,59054.71782190134,558631113432.8439,70499058741.13718,76.97217819319596,7967578843.539699,-21943780150.2312,59061.94188748811
3904,0.0019520000000000002,7313484971.17145,-22156616738.564407,59058.02580826429,622945098713.7897,65496512039.55263,79.52042148380372,7311928730.707603,-22156762574.26552,59061.94188748811
3905,0.0019525000000000002,6652402036.90314,-22350005459.86543,59057.15855530358,697073368304.9559,60229915705.22972,82.34491539465853,6650650222.166139,-22350197667.831814,59061.94188748811
3906,0.0019530000000000005,5985838466.990469,-22523827478.58866,59060.21718541815,782993505353.9005,54698431811.78408,85.48832479316016,5984465051.244219,-22523861555.4593,59061.94188748811
3907,0.0019535000000000004,5315203641.744976,-22677689793.084213,59059.67247824315,883138590983.6715,48910002639.19933,89.00079461657106,5313760237.907591,-22677700932.851547,59061.94188748811
3908,0.0019540000000000004,4640869786.164786,-22811569213.125473,59057.852919391866,1000470821565.6517,42894866322.70723,92.93991641635894,4639154399.428321,-22811518805.015533,59061.94188748811
3909,0.0019545000000000005,3963354741.916292,-22925402267.7887,59055.53822792734,1138551108941.8308,36715256998.93928,97.36993562568348,3961251829.1080785,-22925359056.1292,59061.94188748811
3910,0.0019550000000000006,3282631232.3149705,-23019240150.033455,59057.661649899725,1301540591702.4045,30486658162.5245,102.35832387239934,3280678522.5491934,-23019060172.9986,59061.94188748811
3911,0.0019555000000000006,2600110824.24228,-23092841033.900978,59057.36856370567,1494049044399.9146,24408468001.93674,107.96744147729991,2598132135.506955,-23092645607.23034,59061.94188748811
3912,0.0019560000000000003,1915941618.1527915,-23146256209.096527,59058.397586478844,1720629564760.1072,18814067273.54023,114.23625955521806,1914015702.3188818,-23146012996.74875,59061.94188748811
3913,0.0019565000000000003,1230943447.1470826,-23179419895.91284,59058.92523780736,1984625813306.02,14230170376.379173,121.1463905039636,1229003085.4388444,-23179137186.19304,59061.94188748811
3914,0.0019570000000000004,545708626.3314613,-23192328886.036186,59059.018871998815,2285866091374.0757,11448224429.775745,128.56336850931558,543731023.7775294,-23192036946.752888,59061.94188748811
3915,0.0019575000000000005,-139191632.30900225,-23185006462.939842,59058.990696015266,2616720465533.9067,11566152638.853815,136.14922904855044,-141244984.6554238,-23184634620.05263,59061.94188748811
3916,0.0019580000000000005,-823333204.9817009,-23157458711.741547,59059.5802881011,2956637841480.4917,15919516665.893438,143.26278615011378,-825247199.7692032,-23157025386.67759,59061.94188748811
3917,0.0019585,-1506116319.1057458,-23109736248.11462,59060.89899547161,3267352482506.365,25767573362.99001,148.9145939344267,-1507806536.739427,-23109281007.87569,59061.94188748811
3918,0.0019590000000000002,-2187502941.9642596,-23041822756.760464,59065.63577365283,3494483149640.751,41647622590.212776,151.90735879988299,-2188205007.077701,-23041444223.94005,59061.94188748811
3919,0.0019595000000000003,-2866100986.220037,-22953868167.36091,59069.62885665182,3582377959780.769,62614122781.12723,151.26510927648886,-2865988687.3583755,-22953563836.371635,59061.94188748811
3920,0.0019600000000000004,-3541002682.0079803,-22846028111.988922,59071.33500115197,3500332159193.724,86009695030.45197,146.80354264854327,-3540428318.0209494,-22845803918.82075,59061.94188748811
3921,0.0019605000000000004,-4213498823.143076,-22718089762.9856,59080.05417773838,3261965718104.5903,108328612810.42273,139.3790340589075,-4211035490.5234833,-22718233680.635147,59061.94188748811
3922,0.0019610000000000005,-4881310766.505892,-22570436258.587486,59087.15341232363,2918803820887.356,126717642605.9282,130.50757341961662,-4877186604.479448,-22571000447.54172,59061.94188748811
3923,0.0019615,-5542475430.77273,-22403574330.110683,59086.01676946708,2533716458359.5083,139902788706.9808,121.66648502553599,-5538344712.572981,-22404222829.28377,59061.94188748811
3924,0.001962,-6199348138.359051,-22217014147.479458,59091.33926996806,2156900013272.0984,148085655751.87964,113.82406788548178,-6193940812.812278,-22218177601.847004,59061.94188748811
3925,0.0019625000000000003,-6847769853.418735,-22011903709.493065,59085.04115341248,1817264491452.706,152287566952.45688,107.37663173311039,-6843316361.610337,-22012976064.61193,59061.94188748811
3926,0.0019630000000000003,-7489963199.003459,-21787734699.034786,59081.404546339654,1525906927950.696,153699059134.35004,102.32360257864777,-7485991980.036522,-21788848636.94933,59061.94188748811
3927,0.0019635000000000004,-8125004963.074945,-21544814113.206547,59078.451813202286,1282940540836.1626,153376751723.53757,98.46184476391127,-8121365692.415513,-21545972797.20109,59061.94188748811
3928,0.001964,-8751637131.27605,-21283642387.18009,59072.16800445586,1083288214910.5286,152123389958.4681,95.52151219730908,-8748989418.876434,-21284579637.00715,59061.94188748811
3929,0.0019645,-9370404940.44057,-21004073358.7484,59068.75795975577,920202096557.731,150499507152.12906,93.23742438192548,-9368243045.969122,-21004927219.089767,59061.94188748811
3930,0.001965,-9980598358.374512,-20706406795.96679,59067.26784797965,787003102010.6825,148877808603.08023,91.3783423480679,-9978626313.657007,-20707287622.82759,59061.94188748811
3931,0.0019655000000000007,-10581081174.548975,-20391190508.11963,59063.66956136612,677808369138.3032,147486308981.2162,89.75631833172092,-10579630770.328846,-20391896569.358112,59061.94188748811
3932,0.0019660000000000007,-11171657729.201448,-20058588961.813786,59060.090650909966,587725178386.7279,146446521814.73843,88.22727421050803,-11170713900.119078,-20059082248.057095,59061.94188748811
3933,0.0019665000000000004,-11752047447.302914,-19708789148.8447,59058.29150539754,512802309770.9379,145805875448.4401,86.68796388196105,-11751345901.509398,-19709200827.42802,59061.94188748811
3934,0.0019670000000000004,-12320990184.377573,-19342545262.105885,59051.94865063291,449905975886.4086,145558405145.37653,85.07204040579806,-12321094841.070517,-19342561768.735764,59061.94188748811
3935,0.0019675000000000005,-12879443424.393888,-18959350272.200974,59053.79059913743,396586034252.7413,145658477554.39444,83.34588901133013,-12879484511.59201,-18959378291.44166,59061.94188748811
3936,0.0019680000000000006,-13425912549.232,-18560132991.962715,59054.488824133026,350932145065.9672,146042545620.40903,81.5027695235158,-13425980001.8919,-18560132483.157925,59061.94188748811
3937,0.0019685000000000006,-13960516759.741213,-18144855874.990696,59059.99560466896,311475504762.06116,146632087336.618,79.5574120214263,-13960168785.297297,-18145188159.83159,59061.94188748811
3938,0.0019690000000000003,-14481816044.15171,-17714589223.500244,59059.680556418345,277085632299.4683,147350150181.71967,77.53925360385892,-14481564828.648508,-17714892848.876225,59061.94188748811
3939,0.0019695000000000003,-14989735245.796152,-17269503969.53434,59057.5481938703,246900537292.28146,148123721283.67233,75.48635257948864,-14989717419.882944,-17269636373.22467,59061.94188748811
3940,0.0019700000000000004,-15484060777.286283,-16809844619.977938,59056.171893664054,220255489076.75244,148894438416.4605,73.43921448561117,-15484228888.673573,-16809902046.758287,59061.94188748811
3941,0.0019705000000000005,-15964636954.563541,-16335780149.483116,59058.95152971675,196632573887.334,149620041677.66937,71.435950709002,-15964636626.997921,-16335939329.911716,59061.94188748811
3942,0.0019710000000000005,-16430375874.779177,-15848358532.290161,59056.580285562864,175621050423.99097,150274348899.184,69.50893066214944,-16430600466.261253,-15848326419.987907,59061.94188748811
3943,0.0019715,-16881392582.823307,-15347560527.261358,59056.2469127529,156892340661.1281,150842520471.27075,67.68323697156065,-16881703696.41963,-15347429033.09421,59061.94188748811
3944,0.0019720000000000002,-17317294670.074505,-14833830218.405647,59057.73701974502,140172589003.33224,151322881703.87033,65.97588170463519,-17317582542.73248,-14833716868.377766,59061.94188748811
3945,0.0019725000000000003,-17737641300.22548,-14307697508.885832,59059.836689328215,125230033885.83592,151721398547.49762,64.39629657150606,-17737821634.46219,-14307717459.898682,59061.94188748811
3946,0.0019730000000000004,-18141839970.570435,-13769933178.334442,59058.434707613305,111865062033.64618,152048482793.92105,62.94744140194725,-18142098268.36934,-13769829668.030092,59061.94188748811
3947,0.0019735000000000004,-18529685278.273403,-13220895183.737707,59055.74974613711,99904077106.80573,152315994284.60757,61.62723211329081,-18530044982.300858,-13220600802.111532,59061.94188748811
3948,0.0019740000000000005,-18901159685.605347,-12660662064.528732,59057.448111151985,89193348153.67711,152536543423.99908,60.429883535167136,-18901498423.55979,-12660380112.480387,59061.94188748811
3949,0.0019745,-19255686066.209957,-12090089498.48211,59058.1922857244,79595488115.80463,152722254248.65222,59.34715055305552,-19255982637.823685,-12089775791.01568,59061.94188748811
3950,0.001975,-19593139810.06736,-11509427508.302843,59061.494324783605,70989979126.69933,152881883193.6203,58.369564242720465,-19593340956.095547,-11509323793.736176,59061.94188748811
3951,0.0019755000000000003,-19912826192.87825,-10919891576.23852,59057.93884953706,63269844150.454056,153022123468.925,57.4872497140682,-19913185718.574986,-10919534706.079166,59061.94188748811
3952,0.0019760000000000003,-20215202595.38456,-10320761362.051146,59064.561445979736,56342745101.48457,153145780654.65265,56.69067280367575,-20215314156.27425,-10320866606.818087,59061.94188748811
3953,0.0019765000000000004,-20499294638.889893,-9713884950.958923,59063.00029121631,50125334172.15056,153255711807.49054,55.97083477731268,-20499391020.88328,-9713898350.93658,59061.94188748811
3954,0.001977,-20765254757.153564,-9099105454.15971,59063.33276634276,44548010600.01281,153350280964.70636,55.31975618930683,-20765342697.823452,-9099182789.664366,59061.94188748811
3955,0.0019775,-21012864453.23668,-8476951071.499243,59065.48311859192,39549309962.67567,153427937797.587,54.73042039184829,-21012860603.245384,-8477250751.987298,59061.94188748811
3956,0.001978,-21241724567.092056,-7848466033.78467,59062.95912640377,35076533263.8642,153486013924.64984,54.196794442018785,-21241712049.86452,-7848573205.35102,59061.94188748811
3957,0.0019785000000000007,-21451923675.167553,-7213545344.278313,59064.75581754307,31085431364.717045,153520666311.91046,53.71381620318702,-21451847241.739265,-7213799743.231285,59061.94188748811
3958,0.0019790000000000007,-21643116486.08806,-6573228307.999617,59064.23753440294,27537475881.245117,153528738514.18423,53.277209950255184,-21643058673.033638,-6573466322.094244,59061.94188748811
3959,0.0019795000000000004,-21815159416.05833,-5928132355.375503,59061.090256045,24400736757.769184,153506434143.278,52.883432535661655,-21815172041.04045,-5928166200.840974,59061.94188748811
3960,0.0019800000000000004,-21968157985.399845,-5277985652.395566,59066.166961004004,21648309629.064003,153450267608.29205,52.529541474740704,-21968023084.796356,-5278385282.980288,59061.94188748811
3961,0.0019805000000000005,-22101705418.37706,-4624420929.780826,59065.06794104454,19256869784.660824,153357717760.60645,52.21303394683283,-22101553850.023106,-4624827684.075122,59061.94188748811
3962,0.0019810000000000006,-22215807956.592197,-3967705319.370708,59062.50778914987,17207967674.33614,153225603112.28107,51.931842812044664,-22215698225.850285,-3967944031.6595163,59061.94188748811
3963,0.0019815000000000006,-22310407274.706448,-3308372677.707702,59059.227596749864,15485962018.541117,153051553791.73438,51.684213177144535,-22310291657.66566,-3308364881.3232193,59061.94188748811
3964,0.0019820000000000003,-22385518811.000427,-2646487239.6506433,59061.70290819818,14077934088.75086,152833581211.1826,51.46863868022472,-22385422584.73508,-2646636483.060864,59061.94188748811
3965,0.0019825000000000003,-22441028266.7377,-1982943806.6872208,59065.201206233454,12973194526.881426,152570127103.84677,51.28380674576674,-22440907170.94718,-1983405764.2528362,59061.94188748811
3966,0.0019830000000000004,-22476866521.278454,-1318781930.5330386,59063.88026041834,12163490629.925735,152259557499.23932,51.12859274713776,-22476768386.867306,-1319164586.2386274,59061.94188748811
3967,0.0019835000000000005,-22493064027.034187,-654408615.8604664,59060.56743082327,11642567309.643896,151900335049.62985,51.002039606894414,-22492976948.99812,-654537023.710084,59061.94188748811
3968,0.0019840000000000005,-22489646970.901695,9739561.406948488,59057.31675096379,11405701697.185385,151491226430.27463,50.90332495442979,-22489558916.08398,9881042.140991243,59061.94188748811
3969,0.0019845,-22466640300.599308,673303554.148887,59056.85246057771,11449675419.17572,151031125488.41714,50.83174806291717,-22466512732.885483,673557499.5650085,59061.94188748811
3970,0.0019850000000000002,-22424067169.399757,1335760046.578269,59059.46995459769,11772767476.64991,150518936598.29053,50.78672703499138,-22423928958.10232,1335855905.0169625,59061.94188748811
3971,0.0019855000000000003,-22361988120.9291,1996224986.6920009,59060.90056038146,12374739483.19695,149953508135.2219,50.76779975305944,-22361845727.26371,1996237064.734838,59061.94188748811
3972,0.0019860000000000004,-22280468142.86028,2654293908.913513,59063.42997176624,13256653908.535608,149333722843.07144,50.7746159037105,-22280341564.476234,2654093807.847816,59061.94188748811
3973,0.0019865000000000004,-22179662675.034416,3308860792.387066,59060.17580378503,14420938151.944523,148658434841.55444,50.80693471044929,-22179543699.57113,3308925762.0038576,59061.94188748811
3974,0.0019870000000000005,-22059558811.909035,3960353640.678875,59064.47496542223,15871032779.594131,147926699896.14218,50.86460444985397,-22059520307.811428,3960061306.178968,59061.94188748811
3975,0.0019875,-21920418851.364376,4607239934.7232685,59063.05665684276,17612297943.81333,147137115363.327,50.94759700661539,-21920393868.910053,4606990676.632273,59061.94188748811
3976,0.001988,-21762343790.496895,5249318047.495528,59061.2094954745,19650862255.623047,146288733691.87314,51.05596311129425,-21762253307.021126,5249204496.027011,59061.94188748811
3977,0.0019885000000000002,-21585442499.80052,5886250186.364315,59061.76054880134,21994514694.173073,145380370000.4988,51.18985137678377,-21585392243.47632,5886136212.172593,59061.94188748811
3978,0.0019890000000000003,-21389905865.027534,6517378277.788618,59063.009966735415,24652821923.50124,144410616481.18015,51.34952158143487,-21389871698.216064,6517164630.628763,59061.94188748811
3979,0.0019895000000000004,-21176048883.663223,7141754989.884689,59059.62740596113,27636946854.30168,143378085038.20932,51.53533626998643,-21175995487.956318,7141837984.845714,59061.94188748811
3980,0.00199,-20943874422.36535,7759522499.827279,59061.04119606042,30959336095.23352,142281696519.47748,51.747732562464215,-20943858846.256023,7759508319.404915,59061.94188748811
3981,0.0019905,-20693766548.136936,8369645408.700475,59060.0375628031,34635285934.034454,141119581013.2726,51.98728616088297,-20693724399.59016,8369703766.168023,59061.94188748811
3982,0.0019910000000000006,-20425899008.106045,8971797290.767086,59059.50638258567,38681569092.42288,139890361206.9641,52.254662367064284,-20425852799.969524,8971892293.148888,59061.94188748811
3983,0.0019915000000000006,-20140607273.19784,9565277227.104593,59056.90589936631,43117632759.27888,138592302492.32245,52.55064557122522,-20140485305.548267,9565601756.759895,59061.94188748811
3984,0.0019920000000000007,-19838008229.824486,10149922998.686935,59057.122632692466,47965245316.64363,137223803760.56252,52.876125570504946,-19837853394.81021,10150285832.898735,59061.94188748811
3985,0.0019925000000000003,-19518332266.66732,10725296781.776474,59060.69930931297,53249795476.07608,135782622192.23349,53.23214966368951,-19518315742.513367,10725474643.49828,59061.94188748811
3986,0.0019930000000000004,-19182060555.950554,11290533311.570248,59062.135614468985,59000231469.966774,134266307854.9258,53.61993177513811,-19182122140.11172,11290665398.146347,59061.94188748811
3987,0.0019935000000000005,-18829360229.340683,11845414862.069715,59065.34539013787,65248495034.14774,132672907650.87001,54.040806972961285,-18829516735.15315,11845366206.423033,59061.94188748811
3988,0.0019940000000000005,-18460908943.66285,12388899062.316694,59062.10659942933,72031422651.74576,130999785594.70815,54.49629304397846,-18460927604.48666,12389010635.254004,59061.94188748811
3989,0.0019945000000000006,-18076769763.89038,12921006533.66034,59059.90410882217,79389224523.10152,129245204511.88905,54.98801646587289,-18076724295.114662,12921261752.906717,59061.94188748811
3990,0.0019950000000000002,-17677151485.704117,13441475168.994198,59061.36451372051,87368855734.26831,127406123513.57993,55.517835615269846,-17677189427.634098,13441656921.375935,59061.94188748811
3991,0.0019955000000000003,-17262562384.084866,13949640134.608057,59062.871938093136,96024302675.11108,125478877446.15121,56.08788981033832,-17262650835.3647,13949709236.23798,59061.94188748811
3992,0.0019960000000000004,-16833244426.702877,14445234596.007275,59066.865047445484,105416345382.17075,123460115571.5159,56.700568741541204,-16833619485.767256,14445023143.581045,59061.94188748811
3993,0.0019965000000000004,-16390084327.750723,14927245213.194317,59064.12825331528,115614939091.73935,121345783325.79648,57.3585801180493,-16390348233.138857,14927198740.026459,59061.94188748811
3994,0.0019970000000000005,-15933009026.694246,15395849083.048191,59064.140736174515,126697822652.60994,119133071865.39345,58.0648508469445,-15933291160.946312,15395850051.472061,59061.94188748811
3995,0.0019975,-15462555206.78641,15850502367.358335,59064.33355575291,138756410970.06827,116817044878.86877,58.82274110053311,-15462876615.163248,15850465420.567488,59061.94188748811
3996,0.001998,-14979194273.331947,16290778916.757238,59063.96203699505,151895271858.24008,114392857176.11977,59.63604459654669,-14979529048.764103,16290768432.251802,59061.94188748811
3997,0.0019985000000000003,-14483377754.499632,16716303543.771309,59062.92693972497,166234866459.78534,111855347701.88625,60.50903970813283,-14483696966.28738,16716379550.52524,59061.94188748811
3998,0.0019990000000000003,-13975034644.580582,17127168804.570055,59068.73798698454,181914625431.53705,109198857525.60191,61.446566633352035,-13975727366.09174,17126895569.011587,59061.94188748811
3999,0.0019995000000000004,-13455517886.217192,17522246485.91071,59067.6453843207,199099136272.37057,106415575557.78378,62.45426244282155,-13456188797.638237,17522026610.9421,59061.94188748811
