,time,J_y_EKF,J_z_EKF,omega_EKF,P_J_y,P_J_z,P_omega,J_y,J_z,omega
0,0.0,0.0,219985796412.90613,63460.17160251382,5.377777777777778e+17,612850014996.7427,43864.90844928605,635829688.0939636,219986442838.89056,57805.30482605219
1,5.000000000000001e-07,6942786663.070167,219749759334.63,63460.02702895952,1347035298147935.2,612157735224.9387,43854.866951155745,6988845099.88706,219749837168.1284,57805.30482605219
2,1.0000000000000002e-06,13196027533.470945,219326716458.74963,61461.16310977884,388654503107630.9,547979108790.367,27756.343875409584,13328723325.524189,219329984884.4537,57805.30482605219
3,1.5000000000000005e-06,19454962608.286976,218723967165.07687,59414.39553512437,159637458372809.75,543878834755.3346,10194.052860376622,19650214341.172787,218727398813.9976,57805.30482605219
4,2.0000000000000003e-06,25761725662.019554,217940429962.20062,58672.62552461538,77819509150895.9,524938432788.85004,3555.1553707696057,25948018057.136353,217942912719.93347,57805.30482605219
5,2.5e-06,32054084925.65357,216975332292.57565,58380.005720921705,43298978711198.39,493885379520.14484,1413.371263839274,32216889822.874565,216977258514.8351,57805.30482605219
6,3.000000000000001e-06,38314920324.289154,215829127075.0717,58242.873791141035,26518540483077.598,460434622618.69135,642.9288992264445,38451669831.17587,215831525470.81467,57805.30482605219
7,3.500000000000001e-06,44525328840.353455,214504994531.94696,58130.1578407691,17414070523887.371,428636539454.46564,326.1612603861154,44647157251.32158,214506829398.0149,57805.30482605219
8,4.000000000000001e-06,50691392271.48786,213002606815.90878,58065.703419122074,12050883323702.29,399675886094.2199,180.33475894755998,50798214928.18365,213004621201.18176,57805.30482605219
9,4.500000000000001e-06,56803130342.1924,211324602923.21918,58012.12843384233,8685384212832.266,373779938608.246,106.82780260682895,56899775374.58626,211326199556.5825,57805.30482605219
10,5e-06,62861663247.32596,209471097377.359,57982.27752100067,6466880146644.375,350744844217.62744,66.99895931496158,62946818273.207634,209473176392.4829,57805.30482605219
11,5.500000000000001e-06,68858929846.9191,207444722674.89514,57958.20079386645,4945819089778.133,330304869262.54736,44.12309923435241,68934440171.20924,207447386201.27087,57805.30482605219
12,6.000000000000002e-06,74789740163.34756,205247623324.97293,57936.90170052003,3869344600882.074,312179418360.36804,30.345488210412,74857563473.36691,205250623280.52942,57805.30482605219
13,6.500000000000001e-06,80649880649.67757,202881729541.58798,57918.91217446509,3087564714121.189,296133803236.7418,21.716747993423855,80711298142.86348,202885033019.17413,57805.30482605219
14,7.000000000000002e-06,86435381089.76807,200348927438.1416,57905.092862577534,2507652275516.5283,281982512190.17957,16.13446690223737,86490981529.52661,200352704504.91324,57805.30482605219
15,7.500000000000001e-06,92139788701.64474,197652475695.50574,57889.87225680115,2069943672534.606,269582300233.89893,12.423903503534477,92191773285.07191,197655972794.00458,57805.30482605219
16,8.000000000000001e-06,97760081197.70796,194794090989.00354,57877.393496771256,1734837039122.252,258820103381.8131,9.900733912532573,97809014750.96355,194797246502.38437,57805.30482605219
17,8.500000000000002e-06,103293058109.1723,191775524532.72415,57870.1513341395,1475249722437.642,249609733395.31723,8.151456428589718,103338176120.02132,191779094817.55353,57805.30482605219
18,9.000000000000002e-06,108731734257.25209,188601051091.3019,57860.91501525671,1272148041024.246,241877438302.6731,6.918054204051564,108774681200.25223,188604235663.02295,57805.30482605219
19,9.500000000000002e-06,114073555493.08778,185272318547.91693,57854.50942034498,1111814611314.866,235546805019.00058,6.034918321132323,114114074461.3276,185275531989.72662,57805.30482605219
20,1e-05,119313132781.12889,181793056843.8267,57847.74162923226,984110204867.2175,230535647120.4506,5.393047084797573,119351987026.0912,181795920304.33914,57805.30482605219
21,1.0500000000000001e-05,124447531066.3204,178165360167.76318,57843.84564766005,881380647936.5245,226743732465.5508,4.919192790511967,124484211201.59583,178168455649.87436,57805.30482605219
22,1.1000000000000001e-05,129471037106.77374,174393696222.81747,57838.37736963836,797745244538.895,224051958946.37683,4.563317365881983,129506608232.49542,174396429640.73462,57805.30482605219
23,1.1500000000000002e-05,134381378956.81094,170479891128.24362,57836.10926885739,728646649739.9679,222320089076.76932,4.290873977366861,134415055784.65764,170482956336.98477,57805.30482605219
24,1.2000000000000004e-05,139172588104.8395,166429163540.22424,57831.28408421587,670547223455.378,221395993364.25763,4.077871600137763,139205567146.10254,166431726807.93134,57805.30482605219
25,1.2500000000000002e-05,143842268910.3256,162243769033.9661,57828.142514072664,620733023428.866,221120705014.3942,3.9076505228199827,143874334066.2219,162246139878.53525,57805.30482605219
26,1.3000000000000003e-05,148386357019.7012,157927649963.68488,57825.54181787319,577158269949.4259,221342571107.85754,3.768655824742704,148417545719.6525,157929848507.8966,57805.30482605219
27,1.3500000000000003e-05,152801130312.68292,153484652509.89328,57823.15652984219,538324669853.7484,221924279760.08313,3.6528855749989937,152831664263.94385,153486571847.55103,57805.30482605219
28,1.4000000000000003e-05,157082899394.23993,148918824800.80655,57820.479419903764,503171200148.0658,222749738405.30093,3.5547788300349015,157113033569.54044,148920223221.12985,57805.30482605219
29,1.4500000000000003e-05,161228358441.6451,144234036735.1028,57817.844221109124,470973762718.2395,223726782285.3525,3.470424985364285,161258318639.44846,144234759223.82504,57805.30482605219
30,1.5000000000000002e-05,165234666588.9142,139433814035.2022,57816.60721389749,441255171459.79236,224786674298.03333,3.3970134561429752,165264149003.8715,139434176991.06076,57805.30482605219
31,1.5500000000000004e-05,169098549074.6791,134522363769.80768,57816.28254467037,413708765071.5631,225881058770.20743,3.332464774788663,169127306062.89044,134522637300.88728,57805.30482605219
32,1.6000000000000003e-05,172816867171.7779,129503975060.7339,57816.50713226759,388138925722.7264,226977041065.45993,3.275196800980457,172844868045.74246,129504415556.57852,57805.30482605219
33,1.65e-05,176386600968.21527,124383043599.46078,57816.94706903834,364416312552.1277,228052925673.49597,3.223978829959944,176413804487.05447,124383825630.03096,57805.30482605219
34,1.7000000000000003e-05,179804567249.5849,119164499527.8526,57816.24860358686,342446941025.39734,229094526780.21262,3.177841579299509,179831294546.96857,119165210878.443,57805.30482605219
35,1.7500000000000002e-05,183068501405.6425,113852237657.81035,57816.08908292188,322152872776.993,230092211491.52985,3.136020565600112,183094606947.92984,113853121401.04979,57805.30482605219
36,1.8000000000000004e-05,186175627635.85724,108451151938.62845,57815.5062020319,303459965128.1495,231039655285.32437,3.0979134454613573,186201306748.34985,108452129148.31966,57805.30482605219
37,1.8500000000000002e-05,189123760029.59766,102965484097.96594,57815.49397702805,286293355651.99054,231932028650.8632,3.0630506341934893,189148875124.40396,102966676863.8987,57805.30482605219
38,1.9000000000000004e-05,191910356563.95526,97400376131.25533,57814.823584182195,270575296692.97708,232765788469.99368,3.0310680045449465,191935145235.36295,97401527616.89748,57805.30482605219
39,1.9500000000000003e-05,194533364220.51523,91760448096.1277,57813.945761908595,256226278573.4945,233537937274.22723,3.00168541116432,194557856236.47647,91761450346.3751,57805.30482605219
40,2e-05,196990949901.93362,86050155279.20796,57813.71643800285,243166136565.4836,234246222876.3561,2.9746861107844875,197015123675.8279,86051147435.2289,57805.30482605219
41,2.0500000000000004e-05,199281149011.4499,80274543218.78853,57813.52656968176,231315845951.38116,234889005247.8236,2.949900088295218,199305000164.94397,80275651530.4274,57805.30482605219
42,2.1000000000000002e-05,201401871404.03067,74439478360.522,57811.13791374782,220599616843.18362,235464923992.02048,2.9271920898493824,201425824836.12903,74439690624.92186,57805.30482605219
43,2.1500000000000004e-05,203352236362.36023,68548193867.402695,57811.038066166046,210946574650.81598,235972734729.94086,2.90645276286959,203376008216.93317,68548296776.10119,57805.30482605219
44,2.2000000000000003e-05,205130659696.1271,62605910906.33281,57812.12206862383,202290635172.63855,236412008901.43723,2.887588621813216,205154109179.8381,62606377392.871635,57805.30482605219
45,2.25e-05,206735544277.90295,56618558272.564476,57812.022935882414,194572150784.2679,236782169044.4679,2.8705195457160144,206758777415.00116,56619014047.42694,57805.30482605219
46,2.3000000000000003e-05,208166025651.1533,50590260921.61742,57813.146250147736,187738298044.75677,237082510718.34628,2.855176527414572,208188968203.33932,50591220588.96345,57805.30482605219
47,2.3500000000000002e-05,209420691123.75082,44527735877.83745,57811.47552307686,181742439656.62357,237312661126.3974,2.8414979438689647,209443597465.6657,44528143442.46248,57805.30482605219
48,2.4000000000000007e-05,210499076959.75543,38434663212.51393,57810.93134125298,176544587620.23413,237471976545.54547,2.829429802044434,210521906889.09665,38434822824.67684,57805.30482605219
49,2.4500000000000006e-05,211400462451.47144,32316120165.066944,57811.345582933514,172110260939.76028,237560178519.51566,2.818923038794765,211423111432.4016,32316354172.575893,57805.30482605219
50,2.5000000000000005e-05,212124238043.684,26177439537.933605,57812.046686337395,168410546677.34116,237576859963.88748,2.8099340606752836,212146770371.0608,26177941510.710094,57805.30482605219
51,2.5500000000000007e-05,212669998524.3111,20023673025.93475,57813.18755213528,165421709685.6748,237521507711.3002,2.8024248863621724,212692387734.3247,20024745698.654583,57805.30482605219
52,2.6000000000000005e-05,213037361728.8282,13861336211.142725,57811.593954499425,163124737999.9888,237393576765.57877,2.7963628507841025,213059761232.93918,13861918457.82891,57805.30482605219
53,2.6500000000000007e-05,213226389837.9776,7694265715.013003,57810.91574306336,161505028793.00153,237192428487.32803,2.791720555586294,213248774974.63968,7694542911.651473,57805.30482605219
54,2.7000000000000006e-05,213237110685.3132,1527499082.463509,57811.20071058006,160551911519.14175,236917525549.9881,2.7884751151408422,213259467703.54947,1527898411.7742555,57805.30482605219
55,2.7500000000000004e-05,213069692757.0319,-4633206657.308109,57810.845225550285,160258599042.7294,236568219194.77557,2.7866085331653827,213092102182.36694,-4632995151.765706,57805.30482605219
56,2.8000000000000006e-05,212724484851.13297,-10783222353.720758,57811.15830197905,160621984869.24197,236143779063.94427,2.7861076696233344,212746921715.3381,-10782927924.539276,57805.30482605219
57,2.85e-05,212201998247.7949,-16916777175.50484,57810.51461686352,161642578758.93832,235643417017.8216,2.786964159096984,212224449728.3714,-16916791828.20219,57805.30482605219
58,2.9000000000000007e-05,211502838831.45776,-23029506375.284164,57810.823183692555,163324383072.10605,235066298587.80197,2.7891741646255745,211525374677.5596,-23029468471.254032,57805.30482605219
59,2.9500000000000002e-05,210627780404.72183,-29116174086.653164,57811.50907727887,165675074087.3284,234411481496.3577,2.79273861611996,210650385864.07294,-29115946306.442047,57805.30482605219
60,3.0000000000000004e-05,209577814446.4865,-35171222808.61555,57811.334834692316,168706000138.66345,233677946467.87665,2.7976631021058713,209600452021.67706,-35171063909.327736,57805.30482605219
61,3.0500000000000003e-05,208353986765.7711,-41189964019.190414,57811.265499962225,172432204551.84488,232864643684.8601,2.8039575559614907,208376705811.7584,-41189815307.151955,57805.30482605219
62,3.100000000000001e-05,206957554704.14774,-47167232312.05532,57810.86244772927,176872787797.1213,231970389544.72845,2.811636652026478,206980299243.3863,-47167310600.1858,57805.30482605219
63,3.15e-05,205389814145.62686,-53098427017.78819,57810.99853186543,182051042255.44724,230993925360.53015,2.820719748653202,205412685259.3392,-53098528992.79327,57805.30482605219
64,3.2000000000000005e-05,203652496628.2945,-58977751133.91444,57809.46652794202,187994929021.0452,229933823226.0118,2.8312313944118013,203675337887.2274,-58978611350.98246,57805.30482605219
65,3.250000000000001e-05,201746732270.78632,-64802281291.2189,57811.14654498209,194737008600.13565,228788711085.29727,2.8432005141891663,201769960494.01443,-64802673560.80501,57805.30482605219
66,3.3e-05,199674695198.76236,-70565691747.21187,57811.745769624766,202316019772.88046,227556661448.14352,2.8566631892637804,199698176561.8434,-70565990593.05434,57805.30482605219
67,3.350000000000001e-05,197438406269.82452,-76263049632.73378,57811.060220627216,210776026517.32254,226236036187.75412,2.8716600745331835,197461961391.75763,-76263694258.31808,57805.30482605219
68,3.4000000000000007e-05,195039345112.10516,-81891240391.39644,57813.1099846426,220167527284.54904,224825051061.17886,2.888237182627987,195063467952.6585,-81891192041.16386,57805.30482605219
69,3.450000000000001e-05,192480381597.10858,-87443811847.88991,57812.92210736455,230549212763.35733,223321287527.28235,2.906449080949114,192504742260.7311,-87443793072.55827,57805.30482605219
70,3.5000000000000004e-05,189763657529.82925,-92916766811.15057,57812.315322038005,241986985385.99707,221722792455.30243,2.926355371878238,189788231364.46283,-92917034508.81892,57805.30482605219
71,3.550000000000001e-05,186891339363.46463,-98306231901.83568,57812.85608079231,254556314438.7055,220027130274.38538,2.9480236039907646,186916344341.3161,-98306325446.62183,57805.30482605219
72,3.600000000000001e-05,183866340621.26266,-103607091508.94789,57812.562106370475,268343649583.79404,218231431416.69955,2.9715311472847326,183891692356.6266,-103607352849.66908,57805.30482605219
73,3.6500000000000006e-05,180691180867.9701,-108815395283.59367,57812.53713802251,283446976470.1716,216332921481.13632,2.996963926905387,180716859773.9978,-108815768020.67363,57805.30482605219
74,3.7000000000000005e-05,177368730651.59802,-113926808439.75217,57812.4996227565,299978354661.09503,214328369846.94336,3.024418857081384,177394795883.05716,-113927342814.47137,57805.30482605219
75,3.750000000000001e-05,173901779812.88205,-118937409854.83757,57813.056527050445,318065675636.9897,212214319867.59894,3.0540046402459917,173928349999.34482,-118937856575.0821,57805.30482605219
76,3.800000000000001e-05,170293739188.66626,-123842586245.69868,57812.700734940736,337855475567.33057,209986891037.83853,3.0858438464556404,170320655643.55362,-123843236862.0984,57805.30482605219
77,3.850000000000001e-05,166547143109.76547,-128639284387.78302,57814.00895416268,359515144690.4496,207642152803.98407,3.120072882637366,166574864666.01196,-128639555757.1082,57805.30482605219
78,3.9000000000000006e-05,162666097958.1437,-133322470789.64925,57813.651258858656,383238093020.64984,205175232996.4927,3.15684748716003,162694216726.4386,-133322959830.76799,57805.30482605219
79,3.950000000000001e-05,158653303287.3719,-137889294521.29388,57814.418242475935,409245794445.1166,202581583859.858,3.1963403980147,158682166708.595,-137889708335.4079,57805.30482605219
80,4e-05,154512823213.78867,-142335369095.72064,57814.207326231524,437795446745.57367,199855472490.85187,3.238749044648202,154542254029.81992,-142336022225.77234,57805.30482605219
81,4.050000000000001e-05,150247726395.00793,-146657747014.97845,57814.917913934194,469184400928.294,196991161361.41266,3.2842955137464127,150278006591.91675,-146658291262.74127,57805.30482605219
82,4.100000000000001e-05,145861995750.2214,-150852623604.52896,57815.46782838546,503759811419.6856,193981789566.61838,3.3332342652035987,145893121947.29663,-150853165399.71832,57805.30482605219
83,4.1500000000000006e-05,141359527215.42728,-154916552051.14932,57815.639893462314,541927019709.23706,190820133270.00488,3.385855056292325,141391503824.7909,-154917261745.91766,57805.30482605219
84,4.2000000000000004e-05,136743875000.66866,-158846612669.4063,57816.44360931755,584161736321.1348,187498236041.42984,3.442489350951348,136776955160.24907,-158847204973.6625,57805.30482605219
85,4.250000000000001e-05,132019291962.94113,-162639407378.59372,57817.00550932386,631025749235.7704,184006964485.43732,3.503520242737242,132053489843.15787,-162639995679.66016,57805.30482605219
86,4.300000000000001e-05,127189439714.0747,-166292261584.72214,57818.39463656488,683184506047.2043,180336494313.39066,3.569390225855549,127225113615.54158,-166292601509.5544,57805.30482605219
87,4.350000000000001e-05,122259478414.44092,-169801462139.78247,57817.982001234486,741431835577.7129,176475550284.47577,3.640615780635233,122296049343.08575,-169802199975.1323,57805.30482605219
88,4.4000000000000006e-05,117232441325.47304,-173165196515.27783,57819.01922394565,806716777218.59,172412506275.43234,3.7177969479779938,117270540219.66716,-173165896191.53506,57805.30482605219
89,4.450000000000001e-05,112113204280.40953,-176380358242.22903,57819.852487378776,880185687418.6388,168133168408.7712,3.801645231027336,112152820502.31853,-176381191241.04453,57805.30482605219
90,4.5e-05,106906042283.53564,-179444500901.9105,57820.7596175123,963227661796.7834,163622515440.3868,3.8930029390862337,106947294563.93321,-179445451989.1137,57805.30482605219
91,4.550000000000001e-05,101615652350.84625,-182355076235.11786,57821.20363292431,1057538218390.1581,158863781669.8936,3.9928758040890737,101658451098.26328,-182356300451.64804,57805.30482605219
92,4.600000000000001e-05,96245796803.98466,-185110272997.3739,57822.81814970711,1165199673912.3428,153838707675.74213,4.102472251169474,96290802787.85747,-185111537589.12415,57805.30482605219
93,4.6500000000000005e-05,90802233269.39058,-187707266726.06998,57822.9908524664,1288789628559.1868,148526679290.01242,4.223260902333199,90848962636.29799,-187709025951.82788,57805.30482605219
94,4.7000000000000004e-05,85287919084.83815,-190144973268.09216,57825.25997701287,1431514966343.013,142906739120.81012,4.3570302529231855,85337427743.53459,-190146735994.21817,57805.30482605219
95,4.750000000000001e-05,79708204081.42043,-192421107519.51013,57827.88616462689,1597401128061.1648,136955354007.13338,4.50599030833278,79760896062.41406,-192422842950.1386,57805.30482605219
96,4.8000000000000015e-05,74068955291.42522,-194533412695.8241,57828.73953994772,1791526481158.553,130649993040.95375,4.672880905517541,74124226501.04279,-194535643049.25464,57805.30482605219
97,4.8500000000000007e-05,68373279644.640785,-196481076019.60193,57831.169447928994,2020330543024.706,123971256627.08452,4.8611142890117085,68432104998.43067,-196483502293.8838,57805.30482605219
98,4.900000000000001e-05,62627233870.42342,-198262087037.29037,57832.698583672245,2292022968268.137,116904021163.60478,5.074980331467891,62689339171.30134,-198265049440.51874,57805.30482605219
99,4.950000000000001e-05,56833975838.188,-199875796855.37985,57836.40928130439,2617076187366.0073,109447169759.13382,5.319869094967497,56900866156.39231,-199878927176.02805,57805.30482605219
100,5.000000000000001e-05,50999660050.86127,-201320490966.2438,57839.75802763298,3008822691316.583,101622613532.07462,5.6025529606311135,51071588120.05731,-201324072824.70273,57805.30482605219
101,5.050000000000001e-05,45128160257.7805,-202595499681.0053,57844.61090832899,3484044585299.073,93498682732.8872,5.931430332373556,45206288802.32,-202599389189.53223,57805.30482605219
102,5.100000000000001e-05,39225757825.270935,-203699445876.38474,57848.516581384305,4063358342550.3496,85222608296.30832,6.316656230514,39309980356.43195,-203704095703.40268,57805.30482605219
103,5.150000000000001e-05,33296579489.885628,-204631925556.46634,57853.25902369695,4770782257020.594,77080059850.44438,6.769810234468222,33387607861.529514,-204637374030.0469,57805.30482605219
104,5.200000000000001e-05,27346116917.47893,-205392240852.434,57858.168369714214,5631231077030.78,69583173218.96155,7.302486984936801,27444106759.926254,-205398707200.59393,57805.30482605219
105,5.250000000000001e-05,21380228185.323574,-205979764043.54697,57862.02889425596,6663363752305.807,63598900503.390526,7.922492296481458,21484550752.646454,-205987572105.4416,57805.30482605219
106,5.3000000000000014e-05,15404566239.310486,-206394322239.8476,57864.76766566626,7863674740148.32,60487699171.277725,8.625639207160765,15513894720.253698,-206403703087.06342,57805.30482605219
107,5.3500000000000006e-05,9425840341.81199,-206636005208.73468,57865.64143871927,9177887830794.766,62143742483.30533,9.38135551577636,9537189979.56929,-206647049862.07288,57805.30482605219
108,5.400000000000001e-05,3451452031.1410584,-206705032469.95306,57862.857188485454,10464139516609.717,70676082217.97206,10.114755485856724,3559302119.8236337,-206717557153.57443,57805.30482605219
109,5.450000000000001e-05,-2512264096.046452,-206601802285.00604,57855.25493469626,11477693585864.32,87404394837.75249,10.700553779744986,-2414598590.357803,-206615320713.84805,57805.30482605219
110,5.500000000000001e-05,-8461952335.770861,-206326723009.2908,57843.86118621861,11933679612724.062,111346829869.78882,10.996758035839033,-8379630659.318386,-206340663888.5721,57805.30482605219
111,5.5500000000000014e-05,-14384555028.476236,-205881722997.78323,57824.15203870772,11661652647564.955,138557477422.12363,10.922849646409542,-14330909184.102106,-205893920324.78625,57805.30482605219
112,5.600000000000001e-05,-20294277105.00876,-205265381101.87283,57808.57291977049,10731867320678.297,163734574100.35178,10.520202971189585,-20263267311.389053,-205275741875.3163,57805.30482605219
113,5.650000000000001e-05,-26182416512.299065,-204478867903.9027,57794.8769270233,9407355065815.457,183074128788.73947,9.92351214672125,-26171932294.200993,-204486898975.7307,57805.30482605219
114,5.7e-05,-32046685273.769077,-203522548187.98706,57784.88850377045,7977351535691.445,195575786878.5439,9.275498105570167,-32051940316.951134,-203528175575.89093,57805.30482605219
115,5.7500000000000015e-05,-37883657248.37459,-202396896650.60205,57779.628487349226,6638647842691.434,202305877382.5207,8.668965398043204,-37898480744.13001,-202400541989.12817,57805.30482605219
116,5.8000000000000014e-05,-43685143542.72508,-201103381818.10355,57776.62328592604,5480048953439.85,205052811707.23795,8.141403830715884,-43706620825.497086,-201105152635.21533,57805.30482605219
117,5.8500000000000006e-05,-49446753763.79855,-199642997915.34576,57776.251739270905,4518356894571.916,205465156591.74298,7.694665098469456,-49471573235.42825,-199643370651.0818,57805.30482605219
118,5.9000000000000004e-05,-55163158752.02072,-198017067496.93176,57778.154800488315,3735845859556.971,204764997130.20538,7.31453616113586,-55188552537.678276,-198016547640.6573,57805.30482605219
119,5.9500000000000016e-05,-60826698825.15655,-196227745922.83505,57779.78942991424,3103596017055.26,203748200388.00168,6.982850310495568,-60852917015.28163,-196226131378.46188,57805.30482605219
120,6.000000000000001e-05,-66434665374.72372,-194276135788.1692,57783.06726578384,2592626192162.658,202874873908.0912,6.6833597707379635,-66459955300.24352,-194273954457.98694,57805.30482605219
121,6.050000000000001e-05,-71980581892.78488,-192164508955.181,57786.11742460519,2177970478994.4475,202371232729.70407,6.403915768282922,-72005105758.91653,-192161742852.5674,57805.30482605219
122,6.1000000000000005e-05,-77461306955.95717,-189894307323.70953,57790.546174689815,1839531204660.0703,202303614853.63623,6.136873477841023,-77483607004.56322,-189891503165.79556,57805.30482605219
123,6.150000000000002e-05,-82872797560.3813,-187467293056.6646,57796.9827753734,1561612106148.695,202642629930.0986,5.878552147840077,-82891082586.94398,-187465285549.2639,57805.30482605219
124,6.200000000000002e-05,-88206619171.69502,-184887166028.34476,57800.1447534667,1332098426343.1455,203307915079.162,5.628287526113962,-88223233638.46036,-184885250949.98334,57805.30482605219
125,6.250000000000001e-05,-93460619636.67651,-182155478392.0466,57803.09497836014,1141651500823.123,204199038450.13684,5.387367259575082,-93475546751.8418,-182153781928.7754,57805.30482605219
126,6.3e-05,-98629492708.5537,-179275185614.46188,57804.266856915594,982997895552.2098,205225993002.9869,5.157954252757008,-98643785098.91399,-179273334179.69296,57805.30482605219
127,6.350000000000001e-05,-103711439731.33139,-176247685208.1453,57807.6262942978,850403829565.2582,206318264782.19205,4.942267194467725,-103723721328.131,-176246452408.87863,57805.30482605219
128,6.400000000000001e-05,-108700607881.12955,-173076485912.45255,57810.170248584305,739275011326.9009,207432275612.2084,4.742017915226498,-108711169921.95937,-173075896469.81747,57805.30482605219
129,6.450000000000001e-05,-113592444160.49707,-169764748511.46182,57811.00651629565,645886543047.8337,208544814499.36102,4.558173378771663,-113602108760.67938,-169764349411.59784,57805.30482605219
130,6.500000000000002e-05,-118383720853.02473,-166315007549.23575,57811.65899726343,567182591147.0857,209649400991.6738,4.390921481103659,-118392539451.1837,-166314860243.4653,57805.30482605219
131,6.550000000000002e-05,-123070219789.48853,-162730549663.32498,57811.45070308791,500633310887.4207,210750511572.01157,4.239777688628673,-123078587118.32333,-162730474148.28934,57805.30482605219
132,6.6e-05,-127648908815.14636,-159013990977.66608,57812.09286754222,444135994935.96295,211856081995.56174,4.103773857921302,-127656519681.15256,-159014336983.18494,57805.30482605219
133,6.65e-05,-132115243558.13333,-155169226061.51874,57811.5966993299,395938837068.76117,212973925555.93286,3.9816495158537943,-132122542925.00136,-155169598260.1469,57805.30482605219
134,6.700000000000002e-05,-136466127097.11824,-151199243104.8249,57811.256347493036,354586811536.5907,214107561288.38864,3.872027628897643,-136473068183.12877,-151199721066.93604,57805.30482605219
135,6.750000000000001e-05,-140697656284.99283,-147107872542.36566,57810.03595629423,318874313206.8831,215256757948.60547,3.773534983191463,-140704627236.2441,-147108150905.35513,57805.30482605219
136,6.800000000000001e-05,-144807582688.31754,-142897591672.58646,57811.05387945686,287809270979.65125,216416910820.53494,3.6848848298175745,-144813874271.23135,-142898357520.63675,57805.30482605219
137,6.850000000000001e-05,-148791175035.1713,-138573432387.70016,57810.118524322854,260579151706.37512,217581358607.42636,3.6049123430527805,-148797362037.27777,-138574089485.3922,57805.30482605219
138,6.900000000000002e-05,-152645662235.32092,-134138800075.85902,57808.587892876574,236527033934.6062,218740324091.97232,3.532597747298624,-152652027478.6528,-134139019144.76558,57805.30482605219
139,6.950000000000001e-05,-156368720718.9966,-129596691246.85449,57808.784625832464,215124231268.49796,219884191163.31198,3.4670557667899815,-156374841101.94897,-129597061005.39653,57805.30482605219
140,7.000000000000001e-05,-159956677292.0636,-124951819471.46736,57808.25516992277,195947923493.55276,221004277102.5913,3.407519167598674,-159962743051.85007,-124952139229.00067,57805.30482605219
141,7.05e-05,-163407278907.29898,-120207447073.2801,57809.04564771955,178663799209.67984,222092058193.5559,3.353328072058083,-163413005356.03787,-120208212939.4969,57805.30482605219
142,7.100000000000002e-05,-166716897568.79303,-115368839805.78525,57807.84139951887,163007355464.28986,223140732631.18027,3.3039106186658587,-166722746028.12476,-115369279437.23949,57805.30482605219
143,7.150000000000002e-05,-169883798703.7522,-110438983442.87405,57808.03604513005,148771251384.1985,224143966237.7776,3.2587743544058827,-169889453319.51572,-110439513085.14902,57805.30482605219
144,7.200000000000002e-05,-172904950788.30133,-105422888755.20364,57807.34148031271,135790746835.23334,225097404046.45395,3.2174897192967604,-172910648132.3348,-105423229650.36424,57805.30482605219
145,7.250000000000001e-05,-175778054855.35706,-100324817562.22174,57806.043608971275,123935493541.52055,225997069729.13095,3.1796856555326225,-175783941000.1342,-100324648510.59497,57805.30482605219
146,7.300000000000001e-05,-178501368795.8497,-95148298439.13689,57806.30914829309,113100655423.10762,226839900077.9672,3.145041447651678,-178507148754.43124,-95148186273.2903,57805.30482605219
147,7.350000000000001e-05,-181072145082.20682,-89898885756.4678,57804.9933739962,103200143505.42526,227623770954.00195,3.113279106688637,-181078122951.95547,-89898186833.45476,57805.30482605219
148,7.400000000000001e-05,-183489173378.2517,-84579597368.25616,57805.98352356849,94163182419.48535,228346420079.77765,3.084161944613533,-183494906998.2478,-84579173921.86964,57805.30482605219
149,7.450000000000001e-05,-185749879183.44907,-79196405762.74722,57805.240251498624,85929059202.13661,229006589744.81598,3.0574856459794484,-185755703082.7218,-79195557885.47064,57805.30482605219
150,7.500000000000002e-05,-187853100257.3868,-73752707925.83635,57805.98398573887,78446312282.41034,229602620541.19305,3.0330780263645245,-187858745247.11237,-73751987214.38667,57805.30482605219
151,7.550000000000002e-05,-189797055419.96057,-68253513891.14033,57806.91539207589,71669364542.51747,230133605829.49457,3.01079129800485,-189802526378.63403,-68253033087.49752,57805.30482605219
152,7.600000000000002e-05,-191580150034.0878,-62703886266.04786,57807.02263178336,65558185899.268394,230598562312.44006,2.990500060422304,-191585518434.75653,-62703496801.42015,57805.30482605219
153,7.65e-05,-193201150420.95892,-57108374978.59298,57806.840801937724,60077319219.17762,230996573790.31097,2.972098107770492,-193206469947.86652,-57107926994.824715,57805.30482605219
154,7.700000000000001e-05,-194658929748.79208,-51471599634.585594,57806.69069030038,55195040955.43247,231326954332.09882,2.955494650828344,-194664154511.1692,-51471097535.848404,57805.30482605219
155,7.750000000000001e-05,-195952533839.1826,-45798012190.87404,57807.276769621705,50883041630.314445,231589129381.72925,2.9406117961059213,-195957642582.33365,-45797759474.32019,57805.30482605219
156,7.800000000000001e-05,-197080942233.8474,-40092851742.76933,57807.34785114862,47116159753.43208,231782601981.5043,2.9273825346092464,-197085964776.97824,-40092721032.84808,57805.30482605219
157,7.850000000000001e-05,-198043430158.07666,-34360853703.895294,57807.18086457601,43872411227.36492,231906785518.62408,2.915749816438034,-198048419737.05432,-34360686292.10054,57805.30482605219
158,7.900000000000002e-05,-198839463156.77585,-28606395726.206245,57807.861345791505,41132657448.67996,231961155869.6323,2.905664836574534,-198844376092.07632,-28606590089.906017,57805.30482605219
159,7.950000000000001e-05,-199468455584.31018,-22834928808.77609,57807.7429254326,38880455066.71702,231945235939.04834,2.897085760395856,-199473306947.17264,-22835219030.440746,57805.30482605219
160,8e-05,-199930128039.4202,-17051006349.824358,57807.68347677631,37102130424.70971,231858439555.39554,2.8899774592449456,-199935004621.47137,-17051388662.504005,57805.30482605219
161,8.050000000000002e-05,-200224255531.9263,-11259900272.89089,57806.6745907689,35786497413.18326,231700219074.13342,2.884310457821016,-200229174721.18045,-11259920478.69196,57805.30482605219
162,8.100000000000002e-05,-200350864900.40546,-5465441397.1781225,57807.30486642348,34924846446.310684,231469972072.3769,2.8800606020082613,-200355794998.67233,-5465763948.489637,57805.30482605219
163,8.150000000000002e-05,-200309976029.09238,326606883.90743995,57807.04307633359,34510788484.94267,231167101045.00037,2.877208480974032,-200314844333.5941,326358853.31972086,57805.30482605219
164,8.200000000000001e-05,-200101838424.61008,6111796013.292565,57806.99981256198,34540299444.99986,230790897390.23544,2.8757395301963053,-200106717679.5643,6111527323.948514,57805.30482605219
165,8.250000000000003e-05,-199726827769.45837,11884945292.400848,57806.289412401,35011590469.40896,230340624054.01343,2.8756436521526854,-199731725550.7786,11884942532.569412,57805.30482605219
166,8.300000000000001e-05,-199185443165.58722,17641681763.945976,57806.08446752214,35925075184.04294,229815491772.03452,2.876915049986436,-199190308307.58548,17641852890.745766,57805.30482605219
167,8.350000000000001e-05,-198478317406.56183,23377188271.397923,57806.202113627674,37283405919.64642,229214631325.12555,2.879552245363341,-198483166976.9145,23377427050.42794,57805.30482605219
168,8.400000000000001e-05,-197606147715.39688,29087253074.969975,57807.87515468977,39091482920.00061,228537092526.4643,2.8835580716606866,-197611073544.40488,29086801176.654087,57805.30482605219
169,8.450000000000002e-05,-196569998802.63876,34765843827.07644,57807.69974000637,41356593021.38374,227781790743.10873,2.888939930857668,-196574969926.89175,34765328472.290825,57805.30482605219
170,8.500000000000002e-05,-195370903441.2485,40408666142.614716,57807.070724049445,44088153516.565994,226947702926.35098,2.895708984853939,-195375891674.79068,40408302260.62025,57805.30482605219
171,8.550000000000002e-05,-194009984733.5408,46011433046.47895,57807.00416584573,47298077983.34037,226033659614.12192,2.903880723068089,-194015016437.91943,46011093437.31083,57805.30482605219
172,8.600000000000002e-05,-192488610629.2577,51569263910.11509,57806.782788570476,51000967489.77232,225038326597.96268,2.913475438521664,-192493622191.42383,51569012519.695076,57805.30482605219
173,8.650000000000002e-05,-190808256002.46744,57077522236.02172,57806.32787321072,55214132952.44601,223960309994.66312,2.92451804139186,-190813226371.8155,57077444847.10052,57805.30482605219
174,8.700000000000001e-05,-188970454872.38666,62531867069.8332,57806.17767387835,59957851328.77476,222798105204.17648,2.937038253605214,-188975409587.50424,62531855671.120804,57805.30482605219
175,8.750000000000001e-05,-186976964275.56317,67927661518.352264,57805.91584771616,65255718138.62463,221550031777.96686,2.951071129489215,-186981952007.2719,67927827298.51514,57805.30482605219
176,8.800000000000001e-05,-184829508894.8691,73260797087.20287,57806.375445819496,71134834469.84863,220214313245.85626,2.9666570763255122,-184834527758.50873,73260897094.58095,57805.30482605219
177,8.850000000000002e-05,-182530299791.78354,78526238911.96196,57805.795654335896,77626379700.08603,218788932186.55627,2.9838427004973713,-182535245002.36856,78526627211.18777,57805.30482605219
178,8.900000000000002e-05,-180081283107.1692,83720090639.74025,57805.44136156532,84765586131.18701,217271914971.2919,3.0026800508982157,-180086154515.2529,83720733253.14603,57805.30482605219
179,8.950000000000002e-05,-177484551008.25183,88838348390.17989,57805.894790358216,92592770149.79617,215660933321.29825,3.0232282930664716,-177489519062.0781,88838917114.67676,57805.30482605219
180,9e-05,-174742443298.9345,93876758524.57834,57806.83108356676,101153893007.08269,213953390270.841,3.045554528377574,-174747607668.64426,93877077616.80156,57805.30482605219
181,9.050000000000002e-05,-171857704661.92297,98830637790.7024,57806.71473085239,110501103611.16061,212146532829.31787,3.0697339608523406,-171862918143.01733,98831063487.60866,57805.30482605219
182,9.100000000000002e-05,-168832823999.2039,103696154895.38145,57806.28996022869,120693218934.27098,210237602497.34088,3.09584948711548,-168837984002.36536,103696798622.29774,57805.30482605219
183,9.150000000000002e-05,-165670570732.01193,108469243147.81831,57805.33723111032,131797225553.63564,208223420766.9331,3.1239938362804622,-165675542989.66632,108470282646.26897,57805.30482605219
184,9.200000000000001e-05,-162373253990.36435,113146795171.69511,57805.9845777168,143889246638.0339,206100548205.60596,3.1542704804335924,-162378347633.85254,113147657022.32918,57805.30482605219
185,9.250000000000003e-05,-158944030089.228,117724570374.10231,57806.759929473475,157056718919.74854,203864829598.14685,3.1867969788295865,-158949380710.31058,117725252929.947,57805.30482605219
186,9.300000000000001e-05,-155386006547.27573,122198720859.12427,57807.27482706014,171399081577.1228,201512087239.4977,3.221704045785385,-155391543919.70612,122199233548.46931,57805.30482605219
187,9.350000000000001e-05,-151702089251.34995,126565900046.99602,57808.32793225779,187030000930.91797,199037806085.36548,3.259137125280983,-151708083694.8285,126566086028.58615,57805.30482605219
188,9.400000000000001e-05,-147895798337.08658,130822192242.20221,57808.755423233655,204080228817.42123,196436821435.10867,3.299259742480179,-147902130761.29086,130822148608.08397,57805.30482605219
189,9.450000000000002e-05,-143970685961.24203,134963938888.38724,57808.01577376636,222699827388.73987,193703725182.80508,3.342254352727822,-143977019891.10266,134964071605.52802,57805.30482605219
190,9.500000000000002e-05,-139929545322.5212,138988526295.60345,57808.33675053723,243061799970.88553,190832619756.75308,3.3883251203871416,-139936077802.4566,138988527428.71417,57805.30482605219
191,9.550000000000002e-05,-135776362723.96048,142892202859.9306,57808.02438636012,265367708350.3311,187816358561.7775,3.437705024925867,-135782984867.25725,142892295006.17725,57805.30482605219
192,9.600000000000003e-05,-131514672463.19405,146671939608.55685,57807.44358366812,289851452035.5917,184647555283.65173,3.4906565344044322,-131521226239.2393,146672279531.882,57805.30482605219
193,9.650000000000001e-05,-127147789743.39836,150325064782.4937,57807.661844848495,316786608526.97253,181317851349.96692,3.547477699644119,-127154603439.2135,150325352122.45123,57805.30482605219
194,9.700000000000001e-05,-122679764871.61676,153848399809.25842,57807.72783563623,346495157571.6445,177817614341.45663,3.6085100651055813,-122686797108.38004,153848709663.21298,57805.30482605219
195,9.750000000000001e-05,-118113981088.40791,157239519548.93878,57808.83059322404,379356755403.5025,174136432914.08893,3.6741438434607328,-118121717483.40929,157239466313.59106,57805.30482605219
196,9.800000000000002e-05,-113455068556.38129,160495166225.7177,57808.996156561036,415822820060.33856,170262233777.53082,3.7448296524040874,-113463203977.86226,160495078793.8042,57805.30482605219
197,9.850000000000002e-05,-108707123841.81499,163612749072.02603,57808.2479826932,456430958347.79144,166182161701.19745,3.8210855104193846,-108715193068.43004,163612905029.44055,57805.30482605219
198,9.900000000000002e-05,-103873550335.99709,166590304485.24524,57808.30949521474,501826534037.79736,161881591906.77087,3.903512323309374,-103881819028.99054,166590547199.87686,57805.30482605219
199,9.950000000000002e-05,-98958587046.03923,169425405785.52493,57808.74874645222,552790898802.9066,157343286647.34436,3.9928162449906996,-98967275364.0129,169425613400.318,57805.30482605219
200,0.00010000000000000002,-93966583614.54367,172115740400.6782,57809.15297156883,610275034748.313,152547978661.29068,4.089829380648767,-93975729522.43117,172115920243.96307,57805.30482605219
201,0.00010050000000000002,-88901398737.62115,174659438450.24942,57810.326281131405,675444719349.3895,147473997622.32117,4.195537526136256,-88911488097.90906,174659386708.06927,57805.30482605219
202,0.00010100000000000002,-83768208931.85036,177054066127.66882,57810.404332622085,749741378372.2178,142096385057.51416,4.311119840265631,-83778782143.16022,177054108679.45978,57805.30482605219
203,0.00010150000000000001,-78570162874.00398,179298409435.23215,57811.925913977095,834958824136.6416,136387685541.03383,4.437991330123132,-78581935955.77588,179298144183.5888,57805.30482605219
204,0.00010200000000000003,-73312894326.83955,181390159051.98294,57812.338665418385,933353636443.7333,130315575641.76523,4.577874679517291,-73325487557.80605,181389917961.56332,57805.30482605219
205,0.00010250000000000002,-68000455795.992134,183327953016.39215,57812.60984083228,1047783575718.1992,123845105182.21423,4.732872920066289,-68013840728.77759,183327789649.87646,57805.30482605219
206,0.00010300000000000002,-62637353240.60702,185110351674.78214,57812.762226565734,1181904520283.1868,116936978519.05441,4.905581952381921,-62651510791.30062,185110283278.818,57805.30482605219
207,0.00010350000000000001,-57228583086.993164,186735895063.35852,57812.07302207294,1340434634907.1887,109548775044.40178,5.09923193364489,-57242994592.3956,186736124750.10367,57805.30482605219
208,0.00010400000000000002,-51777772035.77011,188203742103.42395,57812.223140636284,1529513646806.6033,101637276290.33908,5.317867853061669,-51792876828.15992,188204182893.29645,57805.30482605219
209,0.00010450000000000002,-46290276318.20814,189512595767.29086,57811.87617324158,1757195503472.2878,93161472719.12532,5.566590631280896,-46305811589.24426,189513403877.33453,57805.30482605219
210,0.00010500000000000002,-40769279213.22562,190661933505.4791,57813.280091779176,2034094476237.8987,84093174463.42923,5.851832985528091,-40786357241.884544,190662786782.13208,57805.30482605219
211,0.00010550000000000002,-35221055847.1167,191650514642.21454,57813.73482020192,2374219312962.7583,74432400260.88718,6.181677428110007,-35239123208.28968,191651715725.02948,57805.30482605219
212,0.00010600000000000003,-29648607112.285275,192478073779.19345,57815.77084781451,2795913241442.9824,64243829760.61507,6.566076226789241,-29668887182.078465,192479379655.75623,57805.30482605219
213,0.00010650000000000001,-24057876816.8566,193143787665.12442,57817.36968339731,3322660472893.36,53716588500.75545,7.016764331516298,-24080283606.834137,193145318633.4769,57805.30482605219
214,0.00010700000000000001,-18453014734.863102,193647388418.052,57819.377692009875,3982879212875.1904,43281520418.10057,7.546149927014425,-18478017916.34531,193649211547.39124,57805.30482605219
215,0.00010750000000000001,-12839585424.874678,193988491597.45633,57820.588362740426,4806540019236.521,33806396471.824345,8.16374957851435,-12866729792.153065,193990832383.88342,57805.30482605219
216,0.00010800000000000002,-7221890376.8266325,194167144729.3666,57821.88945276469,5813712924201.0625,26895747042.690643,8.867266526326757,-7251117728.6638775,194170000572.27884,57805.30482605219
217,0.00010850000000000002,-1605531248.9754975,194183305645.53534,57822.13569445474,6986647831167.603,25214069433.23008,9.624317189217473,-1635899104.053067,194186846775.50732,57805.30482605219
218,0.00010900000000000002,4004246637.528583,194037253968.10703,57821.05476479592,8219112548114.935,32445283013.323017,10.344625706578942,3974212695.946388,194041474578.98926,57805.30482605219
219,0.00010950000000000003,9602295839.744654,193729426346.65646,57818.394521710376,9265328745010.055,51982436912.311646,10.862748165623756,9574550119.369022,193734228740.16824,57805.30482605219
220,0.00011000000000000002,15180991431.1017,193260730426.57455,57812.096319907956,9777278008803.549,83768196968.94936,10.985486633166284,15160471213.830376,193265532206.90515,57805.30482605219
221,0.00011050000000000002,20739617257.468445,192631590642.34875,57805.43430109096,9513308188356.781,121689648849.82378,10.629565312305646,20727348639.737553,192635932010.58084,57805.30482605219
222,0.00011100000000000003,26275180203.827866,191842593531.51093,57799.723617643496,8556865850890.376,156245629576.70496,9.92020243696021,26270508478.824738,191846165905.37146,57805.30482605219
223,0.00011150000000000001,31778913970.14986,190895265190.42435,57791.672053282244,7249456739398.794,180941986435.40405,9.09947137104767,31785355377.198868,190897107919.0893,57805.30482605219
224,0.00011200000000000003,37255524728.93782,189789090261.48938,57788.5395826979,5927031828900.735,194957439549.24835,8.357318492552759,37267326057.7239,189789717158.48605,57805.30482605219
225,0.00011250000000000004,42698849007.04751,188525090430.85922,57788.834593295775,4773246232587.875,200908461649.23233,7.769200675954763,42711878280.11756,188525123206.83185,57805.30482605219
226,0.00011300000000000002,48100983578.54882,187104995464.7488,57789.711338145156,3838771216967.5107,201995853298.97122,7.330995125733863,48114532569.56514,187104463647.06445,57805.30482605219
227,0.00011350000000000002,53457771651.44813,185530028597.2982,57791.47300416276,3107217424871.0625,200718403574.63843,7.006793377656941,53470727038.927986,185529232906.89944,57805.30482605219
228,0.000114,58764041232.12565,183801814187.66916,57793.47038784416,2540958887613.2983,198699573842.9826,6.7563301423625886,58776139964.38987,183800880662.69528,57805.30482605219
229,0.00011450000000000002,64016621986.988846,181921556123.2537,57796.98158430072,2101996025541.295,196874277277.3284,6.545685667300155,64026345245.14109,181920968752.1034,57805.30482605219
230,0.00011500000000000003,69208340376.64258,179891856800.65027,57798.91246845668,1758720029263.6125,195705568466.32907,6.350061402532632,69217047639.5321,179891294173.0408,57805.30482605219
231,0.00011550000000000002,74336975654.0971,177713927239.0986,57801.64350048394,1486835818031.5684,195341618884.83008,6.153729587311559,74344035410.2609,177713688043.65338,57805.30482605219
232,0.00011600000000000003,79395803213.2873,175390723064.3817,57801.844385986886,1268338951789.8333,195734630049.9807,5.948936884210192,79403036835.12532,175390203902.1542,57805.30482605219
233,0.00011650000000000003,84383356231.74977,172923342342.92178,57803.25059644085,1090155718978.8037,196721574738.8761,5.734364069023869,84389864427.07527,172922864035.05804,57805.30482605219
234,0.00011700000000000001,89294004891.04144,170314665143.42093,57803.48769461718,942875937226.5948,198097636240.07275,5.513181560984905,89300472955.44296,170314005622.69186,57805.30482605219
235,0.00011750000000000002,94124426101.06282,167566752500.1671,57803.68265393397,819747207861.3375,199663312680.29443,5.291029255604755,94130936683.67622,167565874255.46878,57805.30482605219
236,0.00011800000000000001,98871408726.10875,164681650346.5016,57805.12758253469,715884249174.9946,201260724649.89105,5.0741573665078965,98877235073.89168,164680942543.99136,57805.30482605219
237,0.00011850000000000002,103530587735.33131,161662133911.8931,57806.86969872731,627685510283.5886,202787872153.70093,4.868047551357778,103535414423.03261,161661838259.14047,57805.30482605219
238,0.00011900000000000003,108097362739.97487,158511371905.65344,57807.30320751621,552421776031.3665,204196043665.965,4.676647579733386,108101860232.83589,158511163336.11148,57805.30482605219
239,0.00011950000000000002,112568346859.3331,155232001693.74603,57807.153268761474,487955994303.7084,205478414043.08347,4.502156725474868,112572732687.57642,155231763387.88528,57805.30482605219
240,0.00012000000000000002,116939968492.54523,151826907646.99225,57806.5634727241,432559160985.89343,206655666470.10095,4.3451951553904316,116944524325.38217,151826435549.44336,57805.30482605219
241,0.00012050000000000003,121209058368.51657,148298819036.32416,57806.397897370836,384797790480.3907,207760548197.5354,4.205185959346787,121213524990.02623,148298175131.05203,57805.30482605219
242,0.00012100000000000001,125372318402.92299,144650674683.89905,57806.98810713117,343464816349.5619,208826540200.37387,4.080787512381279,125376359966.22697,144650204639.0426,57805.30482605219
243,0.00012150000000000003,129426298331.52986,140885694944.7165,57808.05065752559,307537893366.72797,209880378800.65314,3.9702807310907806,129429771120.49973,140885577878.61917,57805.30482605219
244,0.00012200000000000001,133367238968.49431,137007594885.45053,57808.246583765635,276152292180.23724,210938762506.86026,3.8718627444186193,133370460666.15384,137007624970.4782,57805.30482605219
245,0.00012250000000000002,137191699678.53061,133020071769.63428,57806.87029377489,248581286436.45105,212008102474.67908,3.783838206465505,137195222285.808,133019753082.30229,57805.30482605219
246,0.00012300000000000004,140898161810.70914,128925037170.51291,57808.49939876382,224218882143.30188,213086710260.1022,3.7047180238221524,140900990686.94235,128925271563.84914,57805.30482605219
247,0.00012350000000000002,144481932306.71127,124727810483.59853,57807.64806861922,202561917495.33542,214168669197.10825,3.6332444203781704,144484867306.55634,124727829765.772,57805.30482605219
248,0.00012400000000000003,147940963804.87442,120431198897.54478,57807.06954693233,183200263385.8405,215243365555.15735,3.5683946180081096,147943963966.92703,120431070187.39755,57805.30482605219
249,0.00012450000000000004,151273147727.19342,116038084515.5145,57808.86927598677,165799417293.84433,216300339685.6276,3.5093414114465187,151275512347.80463,116038665945.31172,57805.30482605219
250,0.00012500000000000003,154474622008.29202,111553740727.39474,57808.578316185005,150088004034.40372,217330077311.8896,3.4554132363705,154476942687.3967,111554424352.48576,57805.30482605219
251,0.00012550000000000001,157543034679.5521,106981900395.29298,57806.98911578056,135848637826.79433,218323307957.48605,3.406065132396942,157545637113.049,106982144476.37637,57805.30482605219
252,0.000126,160476587971.81647,102325650197.41643,57806.556496381585,122905752625.08011,219272898317.84897,3.360844195571305,160479223262.8793,102325710908.32234,57805.30482605219
253,0.0001265,163272810615.08542,97589195320.64716,57806.456955337475,111116434430.57848,220173839535.44037,3.319364111936693,163275440457.6109,97589224005.31633,57805.30482605219
254,0.00012700000000000002,165929459437.85464,92776677120.32896,57806.377642595384,100364370269.22972,221022131250.97745,3.281292564870383,165932025317.689,92776685870.41837,57805.30482605219
255,0.0001275,168444335750.7911,87892462513.56169,57805.66085374105,90553955064.20987,221814701078.8586,3.246341564963281,168446996366.9594,87892207681.98424,57805.30482605219
256,0.00012800000000000002,170815874435.4239,82940030398.95197,57806.1662666728,81605820362.00519,222549125008.9626,3.2142609820711723,170818423129.67596,82939936464.32478,57805.30482605219
257,0.00012850000000000003,173042060649.83725,77923919217.84366,57806.79979069873,73452729916.19562,223223789949.37247,3.1848319100476528,173044438177.87372,77924089598.90271,57805.30482605219
258,0.00012900000000000002,175121091829.05286,72848623433.03987,57806.953859540845,66037625967.27235,223837177864.98563,3.157864729139722,175123405330.01712,72848925120.07819,57805.30482605219
259,0.00012950000000000003,177051420386.40833,67718437702.56028,57806.76960553292,59311464812.66772,224387962399.2252,3.1331958925724983,177053670281.56668,67718705449.158066,57805.30482605219
260,0.00013000000000000004,178831800698.81085,62537209905.36122,57807.55160529106,53231549230.601425,224875070047.6223,3.110684262417442,178833871129.9181,62537857140.19973,57805.30482605219
261,0.00013050000000000003,180460247111.15,57311222571.35283,57804.44219995767,47760262124.18543,225297709328.61993,3.090207520850844,180462713610.5377,57310767686.28656,57805.30482605219
262,0.00013100000000000004,181936509552.6036,52042293538.45947,57804.6846803592,42865176169.34316,225654712488.60495,3.0716623264401623,181938963691.15817,52041810887.66419,57805.30482605219
263,0.00013150000000000003,183259158628.4711,46735845084.41478,57805.137193246774,38516696195.184204,225945816251.9702,3.0549570088609066,183261566516.64142,46735443290.45937,57805.30482605219
264,0.000132,184427214878.24167,41396522940.9151,57805.33538028292,34689207100.905205,226170316369.00757,3.040013239848821,184429587465.9455,41396087001.992195,57805.30482605219
265,0.00013250000000000002,185439851570.05124,36028991061.36843,57804.934420789585,31360313451.056976,226327532712.36307,3.0267641199500055,185442197333.537,36028356632.11418,57805.30482605219
266,0.000133,186296499443.55972,30637339526.088127,57805.099072267185,28510544802.084396,226416834363.158,3.0151523968449156,186298805816.77362,30636673978.5412,57805.30482605219
267,0.00013350000000000002,186996598045.13544,25226137664.627247,57805.604582352105,26123036039.334145,226437697291.7734,3.005128715212336,186998912561.4791,25225553712.038555,57805.30482605219
268,0.00013400000000000003,187539698619.93375,19800172506.972816,57805.78100608748,24183511972.774574,226389558307.0732,2.9966509880392813,187542024201.8429,19799660893.73231,57805.30482605219
269,0.00013450000000000002,187925551902.91327,14363821659.432135,57806.115049436165,22680155476.06307,226271814943.01788,2.9896837829274916,187927806789.59384,14363407220.58439,57805.30482605219
270,0.00013500000000000003,188154021739.06613,8921431749.470875,57807.06496716594,21603421530.47534,226083874504.88217,2.984197521858183,188156255339.7108,8921492548.097977,57805.30482605219
271,0.00013550000000000001,188225051369.22217,3478181767.1820703,57806.9818903258,20945973016.37728,225825112715.94632,2.9801680547251213,188227248390.4816,3478296419.9661317,57805.30482605219
272,0.00013600000000000003,188138794349.77042,-1961623847.7264767,57806.68559942915,20702631462.767437,225494841031.31335,2.9775764458655267,188141008668.54205,-1961525439.4081,57805.30482605219
273,0.00013650000000000004,187895524988.51074,-7392914365.315264,57804.94212795168,20870245821.57066,225092362388.60287,2.976408487435356,187897713368.60388,-7393429192.223965,57805.30482605219
274,0.00013700000000000002,187495602905.99188,-12812672939.856276,57805.72231791903,21447652758.370365,224616942359.84055,2.976654478016316,187497817262.74533,-12812946709.101412,57805.30482605219
275,0.00013750000000000004,186939553363.34424,-18215274847.8361,57805.770452725264,22435777109.364395,224067739403.00687,2.978309396290474,186941738872.60712,-18215535512.812725,57805.30482605219
276,0.00013800000000000005,186227943943.987,-23597100246.92176,57807.36857170728,23837518956.38725,223443865364.49142,2.9813726554244995,186230158654.12582,-23596740672.68137,57805.30482605219
277,0.00013850000000000003,185361691260.89554,-28952240567.096523,57806.67747398145,25657918910.470425,222744303120.93863,2.9858483504149698,185363859973.65787,-28952069077.74534,57805.30482605219
278,0.00013900000000000002,184341568376.53043,-34277436606.170986,57807.088216590135,27903887485.009033,221968100297.8571,2.9917444362405607,184343823465.46112,-34276976592.16029,57805.30482605219
279,0.0001395,183168847753.98834,-39566877026.02109,57804.93104271894,30584672057.900555,221114085190.53543,2.9990736602409753,183170983983.37686,-39567220964.590706,57805.30482605219
280,0.00014000000000000001,181844340028.31784,-44818091473.71383,57805.44874624374,33711463698.083755,220181195775.41327,3.00785251745279,181846524803.3172,-44818314053.60607,57805.30482605219
281,0.00014050000000000003,180369547692.49863,-50025561302.344,57805.156008519276,37298308716.33619,219167940133.6411,3.0181033406039393,180371654746.64786,-50025979681.196594,57805.30482605219
282,0.000141,178745795724.3846,-55185352695.92439,57805.13181408288,41361508332.12412,218072966053.28323,3.0298527917306184,178747845395.7556,-55185894201.55597,57805.30482605219
283,0.00014150000000000002,176974436754.38916,-60293725548.03843,57806.608510428865,45920227114.045334,216894716662.09537,3.0431327041968013,176976686477.09366,-60293737553.581635,57805.30482605219
284,0.00014200000000000004,175057437502.58063,-65345411295.52582,57806.60982169142,50996835921.575584,215631395258.66614,3.0579808788570597,175059711407.2635,-65345343280.7921,57805.30482605219
285,0.00014250000000000002,172996215806.31467,-70337278183.12347,57808.03381642869,56616575198.53422,214281367026.94302,3.0744396515575145,172998786103.4144,-70336587167.33958,57805.30482605219
286,0.00014300000000000003,170793014003.52545,-75264245877.6505,57808.098823318156,62808761294.29609,212842516072.3067,3.0925583627526185,170795755724.6815,-75263412391.90988,57805.30482605219
287,0.00014350000000000002,168449927057.35327,-80122169559.1163,57806.807953964715,69606282462.17017,211312897722.215,3.1123917556596012,168452581156.79266,-80121617289.57582,57805.30482605219
288,0.00014400000000000003,165968623859.31754,-84908099527.59697,57807.089464313845,77046448692.02527,209690362692.67014,3.1340010197671244,165971376179.4303,-84907385147.76073,57805.30482605219
289,0.00014450000000000004,163351937847.8526,-89616875004.82903,57805.37102969637,85172235383.77016,207972154329.1804,3.1574567239280205,163354416232.03467,-89616731692.93321,57805.30482605219
290,0.00014500000000000003,160601593186.97806,-94245894154.72989,57805.30600803722,94031588032.05186,206155850487.92596,3.182836069336436,160604037828.33405,-94245844775.53667,57805.30482605219
291,0.0001455,157720367563.02097,-98790744769.30498,57804.87619244563,103679792826.42487,204238193116.4103,3.210227414919457,157722694358.8457,-98790876099.28893,57805.30482605219
292,0.00014600000000000003,154710575740.8727,-103248130338.54424,57805.23251792576,114179153679.12773,202216036772.0187,3.23972860447057,154712964434.60587,-103248292353.6066,57805.30482605219
293,0.0001465,151575108489.52005,-107614046007.25667,57805.19000279464,125600838901.85214,200085730600.60062,3.271449446871865,151577452645.20425,-107614335373.31567,57805.30482605219
294,0.00014700000000000002,148316583726.2024,-111885171256.06602,57805.43000359397,138025558873.88113,197843527813.58932,3.3055116086758245,148318918117.94415,-111885433186.58699,57805.30482605219
295,0.00014750000000000003,144937895118.65533,-116057990101.99283,57805.74506952036,151545623326.50256,195485160243.92667,3.3420512732416006,144940361313.2021,-116058210596.66916,57805.30482605219
296,0.00014800000000000002,141441935291.74973,-120129204238.51137,57806.33765993691,166266572182.65628,193005993080.7826,3.381220654133469,141444583268.94492,-120129226630.46652,57805.30482605219
297,0.00014850000000000003,137831619769.3375,-124095668337.15172,57807.57163660871,182309556110.27335,190400881166.23615,3.423190444941109,137834747509.86368,-124095230592.42119,57805.30482605219
298,0.00014900000000000002,134110543788.36348,-127953658017.63551,57807.80469597293,199814159841.0068,187664079513.19135,3.468152753298164,134113845772.3476,-127953086922.20874,57805.30482605219
299,0.00014950000000000003,130282038774.16621,-131700021782.53291,57807.03373603469,218940861777.12256,184789654109.45184,3.5163217621957332,130285264177.66081,-131699650923.5696,57805.30482605219
300,0.00015000000000000004,126348821886.64307,-135332397330.7901,57807.33276264767,239875507577.51422,181770951124.5737,3.5679381943516466,126352256495.85071,-135331907948.02554,57805.30482605219
301,0.00015050000000000003,122314812243.65417,-138847361321.10333,57806.944221455844,262835299987.05383,178599986403.18475,3.6232771680998166,122318253860.07893,-138846929068.0691,57805.30482605219
302,0.00015100000000000004,118183467481.60674,-142242172032.57416,57806.1404076178,288073284785.49146,175268453526.42987,3.6826496000927587,118186767329.47975,-142242044231.92444,57805.30482605219
303,0.00015150000000000005,113958065207.12703,-145514390490.69333,57805.79073419243,315886628248.1541,171766952925.21545,3.7464095309166208,113961341498.52472,-145514369000.88382,57805.30482605219
304,0.00015200000000000004,109642183287.88658,-148661453356.53336,57805.92602226976,346626497959.3167,168084684808.41452,3.8149635313785684,109645538158.19708,-148661432867.05252,57805.30482605219
305,0.00015250000000000002,105239994246.26451,-151680519142.93527,57805.28797169548,380709669236.51086,164209568691.39633,3.88877975514484,105243143427.22284,-151680763153.06378,57805.30482605219
306,0.000153,100754773088.69267,-154569593307.45334,57805.25994212706,418632655159.7877,160128453586.89474,3.9683969240586165,100757945339.93463,-154569939338.10663,57805.30482605219
307,0.00015350000000000002,96190259318.46269,-157326450399.08365,57805.91586490096,460992429645.5276,155825934041.66394,4.054442704586509,96193636499.09279,-157326681149.82898,57805.30482605219
308,0.00015400000000000003,91550502324.47935,-159948815769.64365,57806.757023212725,508510660267.2537,151284598254.21405,4.147651744833247,91554344526.9676,-159948845351.30927,57805.30482605219
309,0.00015450000000000001,86839783733.70671,-162434458322.83377,57807.053752139014,562065283142.2722,146484918024.32773,4.248887434732029,86843826022.53943,-162434482651.5021,57805.30482605219
310,0.00015500000000000003,82062260570.79688,-164781406787.93063,57806.648555804604,622731810026.5116,141404959671.92316,4.3591699321316355,82066233844.11963,-164781580883.48004,57805.30482605219
311,0.00015550000000000004,77221347647.69061,-166988212595.76022,57806.99854772052,691838453342.9703,136019744915.47324,4.47971444024853,77225613753.14699,-166988355269.7065,57805.30482605219
312,0.00015600000000000002,72321346492.1191,-169053072347.31268,57807.569598662136,771040940543.5144,130300167396.97322,4.611984972801771,72326018848.4595,-169053129705.16714,57805.30482605219
313,0.00015650000000000004,67367119922.90061,-170974115543.53067,57807.01371003968,862419214813.2454,124213542415.98668,4.757755521994034,67371718692.31577,-170974360665.6691,57805.30482605219
314,0.00015700000000000002,62362009916.86465,-172750290570.63458,57807.11730769873,968607979327.0934,117723685244.09132,4.919188491781277,62366807291.313034,-172750596968.33246,57805.30482605219
315,0.00015750000000000003,57310555209.95178,-174380142652.75455,57807.216752899476,1092979350955.2988,110789367405.81145,5.098950423543124,57315535843.13709,-174380509979.3158,57805.30482605219
316,0.00015800000000000005,52216200245.55331,-175862744458.08893,57808.68753476568,1239885821187.2903,103366200816.75414,5.300350091782455,52222254862.79278,-175862908040.9143,57805.30482605219
317,0.00015850000000000003,47084371223.57261,-177196619347.14474,57809.42721517476,1414997758773.2966,95407359905.22015,5.5275267454288475,47091136639.26262,-177196759340.7763,57805.30482605219
318,0.00015900000000000002,41919624368.85274,-178380793237.30206,57809.23506258286,1625752911714.166,86869669195.36127,5.785670070493192,41926592127.82736,-178381138843.92978,57805.30482605219
319,0.00015950000000000003,36725750678.34569,-179414628352.62366,57809.14500054282,1881962234040.1719,77721241137.11903,6.081294297625162,36732922411.31088,-179415126950.3586,57805.30482605219
320,0.00016,31506971612.77802,-180297460681.37366,57809.35532801007,2196585799102.7756,67958237816.48774,6.422531038787867,31514615484.354614,-180298041679.2547,57805.30482605219
321,0.00016050000000000003,26267985173.53329,-181028653011.20947,57809.37001743683,2586626461627.535,57639215607.53005,6.819324600333024,26275992886.339523,-181029399878.74643,57805.30482605219
322,0.00016100000000000004,21012881850.795,-181607827322.65463,57809.650487216924,3073893549795.4746,46949546260.779816,7.283244161333375,21021484189.226852,-181608741925.3118,57805.30482605219
323,0.00016150000000000002,15745755215.026491,-182034704505.94122,57810.585121744705,3684859947018.894,36318509821.08499,7.826221714390734,15755352602.275085,-182035808619.32956,57805.30482605219
324,0.00016200000000000003,10471343905.610891,-182309035563.51352,57811.67207268466,4447556828761.573,26624021749.75404,8.456650428300584,10482139391.138163,-182310234324.12976,57805.30482605219
325,0.00016250000000000002,5194797860.352325,-182430666578.51355,57811.876906472404,5380879319829.161,19508274713.223225,9.16983665048446,5206272195.886077,-182432081097.10217,57805.30482605219
326,0.00016300000000000003,-79869724.023687,-182399759124.8588,57811.895466501956,6468204834140.267,17728728958.896267,9.928700795107362,-67904911.38634299,-182401452631.67618,57805.30482605219
327,0.00016350000000000004,-5347390157.742479,-182216611315.39822,57811.123900719766,7609058023755.065,25137904045.537003,10.635008650074512,-5335932387.925011,-182218583592.0555,57805.30482605219
328,0.00016400000000000003,-10602383303.532684,-181881662683.41953,57808.68107832397,8570022088432.219,45322692420.98337,11.113415398296345,-10593514336.030964,-181883713804.56174,57805.30482605219
329,0.00016450000000000004,-15840952529.683855,-181395453121.94617,57805.10910853622,9021261745620.0,78241635420.09343,11.166519028143066,-15836181576.230986,-181397291339.26584,57805.30482605219
330,0.00016500000000000005,-21059956873.828766,-180758541026.18445,57801.54926633815,8739104729362.837,117437262996.50786,10.723538476232475,-21059586641.5058,-180759959613.85547,57805.30482605219
331,0.00016550000000000004,-26257200550.026165,-179971356468.41016,57799.75337925493,7814107644819.168,152920371391.5356,9.936067687751718,-26259402145.943665,-179972395230.98514,57805.30482605219
332,0.00016600000000000002,-31427345843.817253,-179034773520.40787,57798.73508126871,6577370694301.543,178000475429.57697,9.066183016092882,-31431322967.590736,-179035430209.90717,57805.30482605219
333,0.0001665,-36564042328.90512,-177950093811.5246,57796.73204601259,5344218323781.612,191989411543.402,8.306169673266696,-36571083276.12582,-177950022793.9688,57805.30482605219
334,0.00016700000000000002,-41668590099.830536,-176717258062.6547,57798.43626774428,4280571923932.675,197701683640.00916,7.723290307342588,-41674354367.03551,-176717231548.57126,57805.30482605219
335,0.00016750000000000003,-46732152472.065704,-175338261616.5706,57799.7995720325,3427431843211.593,198484183149.07614,7.303934568433051,-46736940339.5407,-175338305357.75238,57805.30482605219
336,0.00016800000000000002,-51750828381.39807,-173814371216.45868,57801.09691684093,2765302188815.2153,196908447802.14618,7.0052288656442565,-51754651104.42095,-173814477170.91614,57805.30482605219
337,0.00016850000000000003,-56718268063.15598,-172147702705.9988,57800.11634731295,2256887535276.0894,194630571068.39752,6.782487404414939,-56723452717.88391,-172147272024.94705,57805.30482605219
338,0.00016900000000000004,-61634372500.444244,-170338681431.86877,57801.02840362615,1865779952173.22,192599690465.10715,6.599019007702009,-61639110426.50353,-170338189003.8538,57805.30482605219
339,0.00016950000000000003,-66494330742.94192,-168389098057.8699,57803.09364172203,1562124206033.487,191288612448.29343,6.428156079729097,-66497677532.64354,-168388926434.4242,57805.30482605219
340,0.00017000000000000004,-71292396503.5227,-166301337564.0517,57804.123999313015,1323134173970.8994,190850930570.87463,6.25285318685446,-71295162039.1054,-166301311466.03186,57805.30482605219
341,0.00017050000000000002,-76024790033.86464,-164077310702.06512,57804.25183624019,1132005996142.9675,191233783815.24042,6.064549672277101,-76027552086.67656,-164077202028.37766,57805.30482605219
342,0.00017100000000000004,-80688787474.05855,-161718562142.67368,57805.18824568196,976578388331.1254,192265103330.78796,5.861614914721587,-80691039377.86743,-161718592769.95816,57805.30482605219
343,0.00017150000000000005,-85278697919.55444,-159228092491.09302,57803.87158678865,848154914292.2374,193723251826.20026,5.647426496563683,-85281769775.72649,-159227698683.02863,57805.30482605219
344,0.00017200000000000003,-89793527856.38432,-156606808347.4104,57805.11159030797,740566404583.7654,195388707417.91086,5.428269620496282,-89796010896.13086,-156606675667.81995,57805.30482605219
345,0.00017250000000000002,-94227339464.38629,-153858179925.8931,57804.69427545495,649423709855.4346,197085975542.60043,5.211302146237422,-94230003536.79834,-153857835182.12146,57805.30482605219
346,0.00017300000000000003,-98577741899.90605,-150983999526.40305,57805.05410774352,571572403712.5159,198695870268.35678,5.003016728362309,-98580244683.47401,-150983667780.63037,57805.30482605219
347,0.00017350000000000002,-102840448650.37305,-147987258680.86133,57804.61156181877,504681016560.0914,200160111170.705,4.808287533997843,-102843135717.98215,-147986678455.10443,57805.30482605219
348,0.00017400000000000003,-107012741523.81735,-144870126976.15244,57805.01517829606,446965169215.05664,201467792452.22495,4.630054284242278,-107015279731.7796,-144869581679.02042,57805.30482605219
349,0.0001745,-111090798063.93149,-141635627471.93597,57805.213838988195,397002276940.058,202640500490.93655,4.469451388209557,-111093297073.99214,-141635102103.58347,57805.30482605219
350,0.00017500000000000003,-115071723490.67154,-138286282430.81134,57806.18682002395,353620953758.7014,203714638702.3038,4.326206000917764,-115073772688.9182,-138286013310.3392,57805.30482605219
351,0.00017550000000000004,-118951940831.04271,-134825280284.54713,57806.98245621652,315833034584.1195,204729351535.91214,4.199107965350766,-118953608099.7318,-134825272456.43672,57805.30482605219
352,0.00017600000000000002,-122727852742.51352,-131256071924.22559,57806.37768021645,282796336125.51697,205717296410.29962,4.08644891048174,-122729642946.2559,-131255896876.24306,57805.30482605219
353,0.00017650000000000003,-126397082353.67995,-127581211900.77794,57806.270576888186,253791801822.5399,206700688538.77246,3.9863632710020953,-126398814170.00032,-127581026808.65372,57805.30482605219
354,0.00017700000000000005,-129956736458.23831,-123803814424.93839,57806.76623612968,228206499732.61966,207691582825.43903,3.8970518381370756,-129958266585.25252,-123803790462.03119,57805.30482605219
355,0.00017750000000000003,-133403512851.45137,-119927607943.18352,57806.45044141659,205522728298.9762,208692503159.01093,3.8169129853885977,-133405106762.24928,-119927494600.18463,57805.30482605219
356,0.00017800000000000004,-136735082100.94655,-115955508618.82425,57806.71002940879,185308017969.1399,209698673943.40094,3.744597973036504,-136736521997.94818,-115955493443.88963,57805.30482605219
357,0.00017850000000000006,-139948765890.21576,-111890943267.91167,57807.4145462122,167203389977.9884,210701651501.25595,3.6790078165240603,-139949926500.14432,-111891267718.59715,57805.30482605219
358,0.00017900000000000004,-143041647737.77478,-107737855859.67676,57807.25592625956,150913676670.51715,211691177124.78125,3.6192652273458314,-143042741684.45654,-107738239230.11554,57805.30482605219
359,0.00017950000000000003,-146011081824.83142,-103500145780.8854,57805.547853350705,136198006165.59474,212656761811.424,3.5646750748589775,-146012563132.13983,-103500014087.66959,57805.30482605219
360,0.00018,-148855697988.41733,-99180148371.32373,57806.121638439676,122860253082.46667,213589057345.78455,3.514681945401561,-148857022057.09378,-99180183670.89542,57805.30482605219
361,0.00018050000000000002,-151572722638.97156,-94782261006.22104,57806.619987000005,110739328440.47388,214481145943.83917,3.4688292579848774,-151573914350.6086,-94782501076.53116,57805.30482605219
362,0.00018100000000000004,-154159980730.20984,-90310330733.83939,57806.833677830116,99704106934.67242,215327064380.8513,3.4267373030294266,-154161044098.43973,-90310676429.06177,57805.30482605219
363,0.00018150000000000002,-156615456516.6921,-85768199922.10226,57806.76713097101,89646813621.83629,216122303243.26355,3.388083421073992,-156616486461.05374,-85768578050.482,57805.30482605219
364,0.00018200000000000003,-158937223688.5998,-81159813859.65475,57806.300717462975,80478109438.32393,216863548616.64783,3.352588667967161,-158938311380.7496,-81160145668.1168,57805.30482605219
365,0.00018250000000000004,-161123820517.71716,-76488475412.96051,57807.1289955456,72123260994.01962,217548338473.73438,3.3200095479182554,-161124690680.25525,-76489196020.0837,57805.30482605219
366,0.00018300000000000003,-163173335200.31503,-71758573923.40083,57807.88858249596,64518750190.90976,218175023281.29993,3.2901315324640366,-163174041663.15787,-71759687869.7667,57805.30482605219
367,0.00018350000000000004,-165084062311.7408,-66974475802.49201,57807.70244389221,57610654158.97831,218742049580.85355,3.262767507337773,-165084717017.93878,-66975755713.18832,57805.30482605219
368,0.00018400000000000003,-166854567719.37402,-62140316851.97342,57806.589718155126,51352701148.303,219248051780.01004,3.2377550032156406,-166855325191.8415,-62141292776.816124,57805.30482605219
369,0.00018450000000000004,-168483806368.25266,-57259535355.999855,57806.425035516535,45704712721.86868,219691926592.4673,3.2149528687695685,-168484603297.72482,-57260505461.18293,57805.30482605219
370,0.00018500000000000005,-169970363942.49655,-52336838881.907394,57805.541232164345,40631322209.529175,220072913097.26053,3.1942377149601926,-169971270285.26477,-52337518507.36725,57805.30482605219
371,0.00018550000000000004,-171313259360.64597,-47376157088.07776,57804.68173344143,36101788867.182144,220390111344.6815,3.1755033191690276,-171314322517.498,-47376488844.32787,57805.30482605219
372,0.00018600000000000002,-172511514092.3733,-42381783628.85553,57803.576781804426,32089047962.445957,220642794212.07043,3.1586578172744315,-172512687093.8555,-42381616326.54799,57805.30482605219
373,0.00018650000000000003,-173564479038.9509,-37357193842.22547,57804.1178404953,28569422714.7392,220830260431.416,3.143622050505707,-173565655493.9148,-37357087734.538795,57805.30482605219
374,0.00018700000000000002,-174471294437.8423,-32307086553.938347,57804.7662865416,25522093478.621216,220951963862.01706,3.130327315336826,-174472465454.13022,-32307079263.15608,57805.30482605219
375,0.00018750000000000003,-175231269088.88678,-27236257136.163692,57804.13210651391,22929207772.126884,221007217811.133,3.118715044260858,-175232470514.9781,-27235902381.950397,57805.30482605219
376,0.00018800000000000002,-175844133083.84268,-22147875586.98837,57805.20908502403,20775566696.35744,220995318116.26093,3.1087356055858613,-175845360072.45508,-22147793853.031563,57805.30482605219
377,0.00018850000000000003,-176309369622.62827,-17047249093.399162,57805.03649758135,19048167493.246773,220915741146.40714,3.100346251610578,-176310582166.99228,-17047061068.42845,57805.30482605219
378,0.00018900000000000004,-176626848370.71964,-11938031820.427536,57805.43165908537,17736454086.562897,220767802232.66107,3.0935113666845213,-176628021088.2614,-11937898529.004797,57805.30482605219
379,0.00018950000000000003,-176796434381.53012,-6824877835.419764,57805.33155205657,16831923984.982824,220550896461.63046,3.088201214961512,-176797594668.64603,-6824646743.329442,57805.30482605219
380,0.00019000000000000004,-176818178420.7802,-1711755157.553578,57805.60809247272,16328176767.8272,220264355666.57306,3.08439174707309,-176819341736.31216,-1711591515.667212,57805.30482605219
381,0.00019050000000000005,-176692220418.11414,3396802734.2649565,57805.52369246949,16220787878.919521,219907495214.14856,3.0820641318497075,-176693349044.22232,3396985109.209837,57805.30482605219
382,0.00019100000000000003,-176418857158.03763,8496203253.981396,57804.33175211966,16507286953.636637,219479575931.3411,3.081204569077509,-176419918017.67368,8496842607.479573,57805.30482605219
383,0.00019150000000000005,-175998482955.54468,13582907274.658092,57804.041471550314,17187081916.104675,218979829755.45096,3.081803976730512,-175999522129.52017,13583810138.546705,57805.30482605219
384,0.00019200000000000006,-175431579202.2054,18652846597.31664,57804.87042200114,18261512846.372875,218407412202.87277,3.0838579939931,-175432630356.62006,18653607720.185177,57805.30482605219
385,0.00019250000000000004,-174718800522.58948,23701380243.675488,57805.51090626668,19733889399.389084,217761380221.7497,3.087367059421917,-174719881041.6615,23701928595.668633,57805.30482605219
386,0.00019300000000000003,-173860844039.86688,28724758429.782433,57807.11799355646,21609434177.982777,217040749793.56967,3.0923361438746655,-173862003186.80923,28724704743.74557,57805.30482605219
387,0.00019350000000000001,-172858699341.68365,33717996703.9692,57807.42665846812,23895442486.953693,216244418001.72372,3.098774981449517,-172859879032.8393,33717722811.20088,57805.30482605219
388,0.00019400000000000003,-171713280896.2737,38677549071.54306,57808.20779532464,26601124843.862305,215371309196.15884,3.1066974816397175,-171714565133.90033,38676794637.46554,57805.30482605219
389,0.00019450000000000004,-170425837268.96844,43598697227.53537,57807.800220281984,29737979868.966248,214420166245.94437,3.116122458342122,-170427214729.69806,43597886466.179504,57805.30482605219
390,0.00019500000000000002,-168997561696.7656,48477684253.70196,57807.23925298645,33319646325.79448,213389743058.93152,3.127073146116279,-168998950374.57318,48476919308.97198,57805.30482605219
391,0.00019550000000000004,-167429802412.3109,53310535227.33507,57806.685757915875,37362304902.51288,212278612278.35324,3.1395779321443213,-167431196051.53577,53309815933.83843,57805.30482605219
392,0.00019600000000000005,-165724077312.6732,58093134864.3972,57805.79252346979,41884823756.484566,211085217272.8917,3.1536706227312545,-165725427364.99344,58092728735.704475,57805.30482605219
393,0.00019650000000000003,-163881970298.85107,62821592934.623695,57804.741654028905,46908930105.6577,209807909132.48047,3.1693905009654433,-163883191252.80658,62821559641.060814,57805.30482605219
394,0.00019700000000000005,-161905028421.76508,67492428072.81771,57804.62102945585,52459559470.30136,208444883736.0019,3.186782788529881,-161906194717.66806,67492492832.17221,57805.30482605219
395,0.00019750000000000003,-159795172468.27533,72101474623.64633,57804.37191656872,58565372220.599884,206994069512.05255,3.2058996493067045,-159796275658.43433,72101759821.75499,57805.30482605219
396,0.00019800000000000004,-157554273231.75287,76645061739.17517,57804.303162738,65258807791.03343,205453366288.30402,3.226799736568835,-157555332444.05002,76645489641.26181,57805.30482605219
397,0.00019850000000000005,-155184262373.28833,81119639037.76205,57804.83481492658,72576761061.01276,203820449543.99722,3.2495490908921676,-155185368081.60718,81119969407.5161,57805.30482605219
398,0.00019900000000000004,-152687720698.5887,85520663451.75343,57803.4540278977,80561186291.38283,202092738253.48074,3.274222099505395,-152688558497.966,85521572039.65204,57805.30482605219
399,0.00019950000000000002,-150066010803.98517,89846181030.75313,57804.98859575161,89259058521.46999,200267800200.68332,3.300900206411312,-150067075857.63223,89846672909.8173,57805.30482605219
400,0.00020000000000000004,-147322277922.50266,94091160880.71936,57804.75752460344,98724846992.5847,198342176621.4829,3.3296775806467958,-147323317023.27637,94091756987.97571,57805.30482605219
401,0.00020050000000000002,-144458545582.6143,98252871221.70103,57805.09099013364,109019222382.44356,196312972530.0752,3.3606566934848963,-144459674646.7766,98253409957.38869,57805.30482605219
402,0.00020100000000000003,-141476993069.78915,102328398102.65416,57807.219404630014,120211747684.95628,194176534701.68433,3.39395281854731,-141478650575.81973,102328185591.143,57805.30482605219
403,0.00020150000000000002,-138381472378.74066,106312666622.5205,57805.780859540144,132382079496.52242,191928668302.63672,3.4296963318037887,-138382898143.9098,106312843841.94472,57805.30482605219
404,0.00020200000000000003,-135173935185.37032,110203619400.46094,57804.735843260714,145619386679.4218,189565882495.58228,3.4680279370200764,-135175098743.21585,110204135248.01213,57805.30482605219
405,0.00020250000000000004,-131856807501.88696,113998563457.62492,57805.33352669852,160026856586.41064,187083342950.2371,3.5091072210969165,-131858049471.458,113998932423.57472,57805.30482605219
406,0.00020300000000000003,-128433308334.92801,117693990584.42511,57805.980816503994,175723420276.86392,184475519743.39532,3.5531156432208233,-128434700075.49689,117694231505.58748,57805.30482605219
407,0.00020350000000000004,-124906500058.22656,121286832842.45163,57806.38869078137,192845453960.64468,181736786289.19302,3.600256060744231,-124908041050.19194,121286938182.989,57805.30482605219
408,0.00020400000000000005,-121279597275.30486,124774062776.25206,57806.15075154,211550323004.8272,178860982556.46872,3.650755814003045,-121281148396.11133,124774204751.56764,57805.30482605219
409,0.00020450000000000004,-117555383773.35347,128153262477.85582,57806.53126048998,232020214915.75797,175841354775.90466,3.7048703647167796,-117557129988.50801,128153276220.64656,57805.30482605219
410,0.00020500000000000005,-113737407754.40553,131421410548.95155,57806.414562629856,254467739731.4724,172670024468.55002,3.7628903018274724,-113739182219.3805,131421408956.5163,57805.30482605219
411,0.00020550000000000003,-109828849336.26938,134576026337.01437,57806.26026034332,279140934244.3805,169338569060.50665,3.8251446126326716,-109830618243.59625,134576056778.90685,57805.30482605219
412,0.00020600000000000005,-105833265694.39769,137614458592.28723,57805.57651779621,306331314917.40796,165837410539.00488,3.892008647670568,-105834810397.7027,137614722702.19907,57805.30482605219
413,0.00020650000000000003,-101753949838.95029,140534441006.22195,57804.881894846476,336382704024.0907,162155971290.41248,3.963911436226383,-101755250111.67873,140534926217.31015,57805.30482605219
414,0.00020700000000000002,-97593653618.32158,143334208757.94565,57806.052613357795,369703414432.2049,158282174977.43192,4.0413471190334995,-97595358260.16495,143334387462.33536,57805.30482605219
415,0.00020750000000000003,-93357226258.07307,146010619169.29788,57805.52909643461,406782227132.81366,154201821956.42145,4.124891135770631,-93358763055.46863,146010930245.65845,57805.30482605219
416,0.00020800000000000004,-89046875954.51523,148562539980.3881,57807.020825010644,448203961870.2733,149900251029.49683,4.215206755958646,-89049047222.12296,148562478055.26553,57805.30482605219
417,0.00020850000000000003,-84667609331.83232,150987109778.78802,57807.06360720183,494678186184.33356,145359354909.45526,4.313075036328974,-84669914915.35176,150987036507.0769,57805.30482605219
418,0.00020900000000000004,-80223303789.26456,153282435076.23087,57805.70430619554,547066281142.50476,140560058325.13828,4.419409534914323,-80225070203.19029,153282690670.53824,57805.30482605219
419,0.00020950000000000005,-75715958474.07077,155447732253.9006,57807.016041329734,606423983854.369,135480495468.04878,4.535289553657314,-75718424004.80731,155447697125.0969,57805.30482605219
420,0.00021000000000000004,-71150751786.00638,157480576963.48685,57807.659959751654,674059737797.6058,130094029575.92255,4.66201271856398,-71153649954.77405,157480422674.71365,57805.30482605219
421,0.00021050000000000005,-66531347180.954475,159379541994.13876,57808.2058668803,751601471363.918,124372115211.94853,4.801134603452935,-66534652195.24202,159379276463.67566,57805.30482605219
422,0.00021100000000000003,-61861909430.28304,161143095088.01135,57808.212760212795,841095246899.3309,118282119879.95512,4.95453891428438,-61865461719.18464,161142823305.28925,57805.30482605219
423,0.00021150000000000005,-57146162513.89762,162770030408.59647,57808.22516225192,945134291775.1888,111787617291.37523,5.1245237064129485,-57149960876.02052,162769788248.82617,57805.30482605219
424,0.00021200000000000006,-52388806027.90065,164258903333.8836,57806.99826199233,1067036058359.1901,104848056348.26486,5.3139174579701605,-52392138163.74985,164258895723.00937,57805.30482605219
425,0.00021250000000000004,-47592752181.46012,165609042909.64777,57806.68630379616,1211079363686.2966,97420521391.03566,5.526220964332537,-47596102953.263725,165609180560.8451,57805.30482605219
426,0.00021300000000000003,-42762831367.61225,166819221049.19342,57805.81833282627,1382834075727.3489,89460217761.06456,5.765804128333883,-42765731138.36263,166819562035.86066,57805.30482605219
427,0.00021350000000000004,-37901917166.95675,167888924516.25375,57806.413235259606,1589595813111.4631,80927407039.30133,6.038129281542232,-37905200150.14114,167889253221.7414,57805.30482605219
428,0.00021400000000000002,-33014884850.37114,168817170478.57007,57806.97977474768,1840968544530.6902,71795577229.77562,6.350025927880824,-33018624292.22247,168817488641.17163,57805.30482605219
429,0.00021450000000000004,-28105612433.168655,169603388580.10532,57807.86941375628,2149581121126.4363,62073279081.69889,6.709934953223913,-28110082846.907455,169603660205.99472,57805.30482605219
430,0.00021500000000000002,-23178378863.33097,170247035870.12167,57808.80092425864,2531878457233.788,51840959561.986084,7.12801289773661,-23183734858.814137,170247261152.26816,57805.30482605219
431,0.00021550000000000003,-18237842608.807037,170747652575.29437,57809.035308939,3008677168048.69,41322262381.35208,7.61572714260219,-18243613957.059475,170747940805.6514,57805.30482605219
432,0.00021600000000000005,-13287996012.033075,171105035157.3553,57808.89386962948,3604604413958.912,31012430044.979202,8.184111470383149,-13294007135.890207,171105412880.19647,57805.30482605219
433,0.00021650000000000003,-8332573713.99142,171319114240.70798,57808.99912828367,4344213732328.9976,21894931924.52451,8.838918927329164,-8338959852.145812,171319670549.3342,57805.30482605219
434,0.00021700000000000004,-3375713579.79426,171389891165.69763,57809.42158995901,5240049860133.458,15760211297.996784,9.569471727023688,-3382650061.920407,171390509423.163,57805.30482605219
435,0.00021750000000000006,1577928665.810061,171317403257.19968,57809.369408373124,6265158449670.713,15514176386.373287,10.327537343916037,1570792633.6590261,171318198135.39197,57805.30482605219
436,0.00021800000000000004,6524668463.268826,171101879444.02383,57809.339839345754,7306914698968.766,24994770776.710033,10.999326052506989,6517233807.509672,171102889040.60776,57805.30482605219
437,0.00021850000000000003,11459984551.07145,170743714112.80774,57809.057109059584,8130193282698.982,47317997731.15855,11.399184253500774,11452583514.621265,170744913271.66653,57805.30482605219
438,0.00021900000000000006,16377976059.73457,170243582613.85654,57806.97480833398,8435358923945.246,81461854219.83292,11.343442589409644,16372634490.909542,170244715703.8272,57805.30482605219
439,0.00021950000000000005,21278267510.205135,169601736673.28067,57806.47021325136,8059035663321.111,120231515371.03746,10.801982003426977,21273406426.108524,169603003077.74988,57805.30482605219
440,0.00022000000000000003,26153723846.740612,168819228280.5276,57804.775845830954,7131509202298.356,154024492166.9324,9.95997606326321,26150808251.623055,168820383896.96094,57805.30482605219
441,0.00022050000000000005,31000873416.65682,167896887051.68295,57802.46199583411,5967312659258.832,177195885289.5668,9.079012639306713,31000701110.76627,167897602589.8032,57805.30482605219
442,0.00022100000000000003,35817654830.5618,166835317220.5321,57801.22372611615,4837615500852.223,189745557780.1758,8.331631613256562,35819101827.113144,166835713069.27884,57805.30482605219
443,0.00022150000000000002,40599590030.46951,165635591281.14365,57800.56793772598,3875047903362.4023,194602398066.42325,7.768530085427036,40602119015.0571,165635667459.71262,57805.30482605219
444,0.00022200000000000006,45344115181.72403,164298460055.72757,57801.76882245278,3106777462233.641,194953878664.14874,7.368418711141444,45345754614.03451,164298681545.54315,57805.30482605219
445,0.00022250000000000004,50044061625.187706,162825957907.7041,57801.71146062095,2511330243272.318,193195765140.02994,7.086225717829404,50046063493.68895,162825981095.80466,57805.30482605219
446,0.00022300000000000003,54697028731.84705,161219116490.92,57801.87555191763,2054034862614.8225,190855572345.55652,6.877273308219729,54699101059.658966,161219005480.59894,57805.30482605219
447,0.00022350000000000007,59299313317.02852,159479368280.4417,57802.428022703316,1701986403356.6506,188810284248.3619,6.70538038889763,59301184426.46616,159479291924.232,57805.30482605219
448,0.00022400000000000005,63846260342.66555,157608612815.543,57802.31415982979,1428425534549.0679,187493189430.3674,6.544338324800987,63848480449.11591,157608374513.66992,57805.30482605219
449,0.00022450000000000004,68334801979.98878,155608343311.78546,57802.38447824598,1212948151544.2622,187042162524.72717,6.377341744730808,68337206862.94382,155607987124.97287,57805.30482605219
450,0.00022500000000000008,72760791361.9961,153480570510.2246,57801.960184545096,1040468825332.1454,187404202403.18036,6.195846166416726,72763660776.1683,153479930116.6909,57805.30482605219
451,0.00022550000000000006,77121776524.06026,151226696059.05563,57802.89997536253,900036542334.0447,188411943864.10495,5.998119689922029,77124288132.92847,151226160842.53662,57805.30482605219
452,0.00022600000000000005,81413283976.59518,148849117060.43085,57803.685997298795,783798954796.0022,189849246937.88068,5.7874345548864286,81415452676.2092,148848662058.8972,57805.30482605219
453,0.00022650000000000003,85632199857.3359,146349752222.24762,57805.03016797986,686178088389.2637,191500580032.71826,5.570055098331618,85633720818.66737,146349529491.78082,57805.30482605219
454,0.00022700000000000004,89773937825.68948,143731463851.55344,57804.68644549477,603217704909.8906,193188691030.1204,5.353272977459365,89775598072.15839,143731064083.85745,57805.30482605219
455,0.00022750000000000003,93836215864.99142,140995989223.4655,57804.93032228277,532089127661.2283,194791401028.38864,5.143844202946319,93837813141.15079,140995626943.72458,57805.30482605219
456,0.000228,97815419948.8731,138145923266.19226,57805.06522602547,470719345339.9827,196245846100.7275,4.946990525438938,97816972110.61127,138145581641.7039,57805.30482605219
457,0.00022850000000000005,101708443985.40822,135183695245.64288,57805.37385262564,417536061776.3992,197536952077.6011,4.766019090423399,101709860950.0276,135183368898.08405,57805.30482605219
458,0.00022900000000000004,105512077743.23175,132111940478.85158,57805.71139993047,371296386795.2467,198682663215.61734,4.602402597679555,105513355138.91563,132111664599.22536,57805.30482605219
459,0.00022950000000000002,109223498501.93752,128933140277.91068,57806.7090635685,330980622753.5277,199717970013.74432,4.456137065387181,109224377987.71909,128933219951.34296,57805.30482605219
460,0.00023000000000000006,112839414231.99408,125650287840.88756,57807.556370935876,295728676165.4105,200682222868.8855,4.326198781076838,112839902645.33417,125650738500.70764,57805.30482605219
461,0.00023050000000000005,116356566299.46327,122266567473.70712,57807.314021216334,264804917251.12622,201609801078.77545,4.210985418180743,116357049966.06407,122267061792.74614,57805.30482605219
462,0.00023100000000000003,119771756017.32716,118785349844.3006,57804.966767096426,237577455947.91583,202525606877.97467,4.108670316314051,119772928702.30638,118785179401.02376,57805.30482605219
463,0.00023150000000000007,123083632609.38992,115208348369.45636,57804.795942794284,213505075152.15695,203443888387.39023,4.017449981390277,123084861529.94545,115208084249.57063,57805.30482605219
464,0.00023200000000000006,126288607266.2998,111539584057.45662,57803.676876288395,192125091020.56384,204370584890.0791,3.9356836850050994,126290236302.16159,111538846111.32756,57805.30482605219
465,0.00023250000000000004,129384899820.5244,107781383158.7311,57804.223742240436,173048391044.12582,205303129806.93738,3.8619718017634703,129386411306.92552,107780734938.99553,57805.30482605219
466,0.00023300000000000005,132369725761.61871,103937291337.13704,57805.20912518195,155948811251.99536,206234877553.6452,3.7951630973585253,132370996665.14235,103936914598.25464,57805.30482605219
467,0.00023350000000000004,135240475462.40402,100010905110.24625,57805.72517044539,140556419837.34027,207156344255.18854,3.734336871390322,135241619718.09859,100010667598.72917,57805.30482605219
468,0.00023400000000000002,137994536511.50854,96006103461.99278,57804.47478206365,126649206730.04332,208057389449.2872,3.678765548617292,137995938299.14404,96005406454.9627,57805.30482605219
469,0.0002345,140630775809.26108,91924901576.76732,57805.746288436654,114045375240.75343,208928503131.7155,3.627873070603873,140631869857.84378,91924602980.91373,57805.30482605219
470,0.00023500000000000005,143146222762.7958,87772061191.44658,57805.53265426795,102594554993.3016,209762500430.88116,3.581191130338471,143147373396.4478,87771685194.4021,57805.30482605219
471,0.00023550000000000003,145539366503.70425,83550465321.81775,57805.96469031319,92174170500.97852,210552827440.22095,3.5383361220473484,145540399500.7094,83550194699.13145,57805.30482605219
472,0.00023600000000000002,147808269656.44202,79263813933.94803,57806.640844959526,82682459002.2435,211294896327.6742,3.498983353360079,147809123350.35492,79263771915.86998,57805.30482605219
473,0.00023650000000000006,149950927575.2012,74916223797.53116,57806.27137409388,74034888728.86447,211985192669.49335,3.46285336423688,149951783496.687,74916164847.10765,57805.30482605219
474,0.00023700000000000004,151965948767.6401,70510949566.94063,57806.272580332174,66160879230.81122,212620928552.09933,3.429703439720078,151966822566.2827,70510951623.26266,57805.30482605219
475,0.00023750000000000003,153851781275.03033,66051744269.1824,57806.542620798864,59000453361.77045,213200226165.32837,3.39931976394343,153852590302.63336,66051921270.933334,57805.30482605219
476,0.00023800000000000007,155606946031.11563,61542495272.30006,57806.75508666843,52502473798.46335,213721572516.70825,3.3715142276614407,155607751120.00687,61542852361.744865,57805.30482605219
477,0.00023850000000000005,157230192269.8149,56986855105.205124,57807.36813277953,46623039111.24957,214183672134.72336,3.346122063901436,157230862975.8335,56987598458.92057,57805.30482605219
478,0.00023900000000000004,158720106379.59384,52389237428.18346,57806.845028525335,41324087444.1237,214585462235.5097,3.3229991879216216,158720829956.5575,52389861503.163246,57805.30482605219
479,0.00023950000000000005,160075691618.16995,47753353251.846954,57805.898209481034,36572726374.18759,214925848783.363,3.3020209618634286,160076503695.09155,47753705607.23464,57805.30482605219
480,0.00024000000000000003,161296074414.17297,43082819637.30152,57805.39730255497,32340125483.359222,215203970845.79196,3.2830791020468193,161296907472.9425,43083005254.96077,57805.30482605219
481,0.00024050000000000002,162380392506.08835,38381532238.89185,57805.36174803462,28600981880.99988,215419107992.7644,3.26607946771865,162381226290.23865,38381703087.42956,57805.30482605219
482,0.00024100000000000006,163327814605.6521,33653762255.780384,57804.893044897275,25333229208.228516,215570549227.78473,3.2509407271849025,163328697349.5698,33653720745.879692,57805.30482605219
483,0.00024150000000000004,164137820490.9586,28902977792.4026,57805.3992400684,22517783864.81495,215657548286.02423,3.237593211947529,164138644774.75577,28903062148.523502,57805.30482605219
484,0.00024200000000000003,164809769048.13293,24133734406.894375,57805.22576457682,20138079654.07867,215679481999.25613,3.2259769036526644,164810619175.67075,24133728956.604492,57805.30482605219
485,0.00024250000000000007,165343332730.11392,19349624774.158924,57805.575957638175,18180116439.49668,215635636320.17383,3.2160409326900483,165344100007.63474,19349709610.7347,57805.30482605219
486,0.00024300000000000005,165738164770.10175,14555077390.352167,57805.270021683216,16632080358.172012,215525384841.27817,3.2077420301572324,165738975103.1037,14555070715.43426,57805.30482605219
487,0.00024350000000000004,165994139130.7222,9753787370.653673,57805.27270771066,15484357607.783503,215348049711.546,3.2010440504711504,165994978826.20312,9753755924.302856,57805.30482605219
488,0.00024400000000000002,166111180645.63687,4950045730.595481,57804.816613737385,14729325670.679605,215102983247.17487,3.1959170605273237,166112008762.07904,4949813619.894051,57805.30482605219
489,0.00024450000000000003,166089375441.3996,147349480.43211648,57805.32790848399,14361340766.25942,214789493002.1472,3.1923370112430094,166090172233.40518,147267764.8676807,57805.30482605219
490,0.00024500000000000005,165928873887.43954,-4650042412.820345,57805.96070279532,14376648202.373623,214406866110.492,3.1902852896820972,165929648059.2619,-4649890734.600437,57805.30482605219
491,0.0002455,165629963881.6897,-9438071031.559265,57806.53989835308,14773383116.300337,213954322984.92874,3.189748585488094,165630732775.69208,-9437602166.373304,57805.30482605219
492,0.00024600000000000007,165193084117.42374,-14212286618.855885,57805.887567640966,15551516942.95645,213431041441.47308,3.1907186131896608,165193903127.2005,-14212002907.87844,57805.30482605219
493,0.00024650000000000003,164618689117.40768,-18969796323.86229,57807.04828970275,16712799464.390205,212836179219.74182,3.193191772861237,164619522414.97665,-18969037831.26091,57805.30482605219
494,0.00024700000000000004,163907571949.74326,-23704986927.834694,57805.347154307274,18260933852.193104,212168763934.2842,3.197169485659375,163908326690.6163,-23704796336.190403,57805.30482605219
495,0.00024750000000000005,163060307381.0269,-28415623380.001686,57805.77599860368,20201281444.15974,211427901285.6797,3.2026572989448923,163061070754.49033,-28415293027.91259,57805.30482605219
496,0.00024800000000000007,162077896726.37674,-33096735782.139664,57805.12179343206,22541397264.461285,210612435285.67712,3.2096661006704283,162078649869.0673,-33096596218.25149,57805.30482605219
497,0.0002485,160961298408.05176,-37744690645.43606,57804.23617155821,25290669577.205585,209721270473.13998,3.2182112181392144,160961964360.06287,-37744905217.43364,57805.30482605219
498,0.0002490000000000001,159711488391.01187,-42356142102.38956,57804.47284814947,28460647402.60236,208753181354.47647,3.228312863855657,159712144194.87662,-42356413172.91095,57805.30482605219
499,0.00024950000000000005,158329819249.89136,-46926602019.875496,57803.81095878615,32065286063.775436,207706750782.24014,3.2399967930771383,158330441280.3836,-46927230551.28772,57805.30482605219
500,0.00025000000000000006,156817308120.7501,-51453326972.9682,57805.158409019314,36120764717.14306,206580609164.54843,3.2532935204016775,156818100832.18417,-51453591064.661156,57805.30482605219
501,0.00025050000000000007,155175537634.39124,-55931890418.84199,57806.26607056598,40646252920.80371,205373022157.77582,3.2682400643258185,155176486821.4765,-55931755975.44981,57805.30482605219
502,0.00025100000000000003,153406108931.455,-60358386715.116425,57806.592821757025,45663546576.56194,204082343461.76764,3.2848787749811184,153407172988.5852,-60358087452.53751,57805.30482605219
503,0.00025150000000000004,151510782449.42618,-64728898294.062195,57805.52695409268,51197485874.6197,202706838968.48706,3.303257608031221,151511759596.11078,-64728916465.93983,57805.30482605219
504,0.000252,149491023997.8448,-69040546413.81613,57805.25784033842,57276239858.23856,201244681797.27853,3.3234304635944176,149491981733.06454,-69040634562.21555,57805.30482605219
505,0.00025250000000000007,147348652533.5221,-73289772325.49026,57805.56563134354,63932211373.280304,199693606588.71982,3.3454594129757163,147349633745.96985,-73289828997.40843,57805.30482605219
506,0.000253,145085478161.79022,-77473291154.56767,57806.88461253064,71202165411.66672,198051211330.65582,3.369414723155454,145086702509.20337,-77472831379.76433,57805.30482605219
507,0.00025350000000000004,142704038050.38257,-81586682107.77092,57806.226551393454,79127914931.1988,196314846237.12018,3.395375675228712,142705180887.32327,-81586367758.79784,57805.30482605219
508,0.00025400000000000005,140205990618.1242,-85627503856.28355,57806.52883706023,87756169978.11116,194482088929.45242,3.423428764560338,140207236593.77255,-85627100586.98753,57805.30482605219
509,0.00025450000000000006,137593916443.2495,-89591835368.34995,57805.82007378375,97140578533.05919,192549774804.98334,3.453672067314422,137595046486.65897,-89591625549.2951,57805.30482605219
510,0.000255,134869816813.08292,-93476980919.36859,57805.795104573495,107341547131.73012,190514817484.67615,3.4862140082006694,134871000450.93813,-93476755871.62535,57805.30482605219
511,0.0002555000000000001,132036550968.13641,-97279113089.56032,57804.35814500289,118428203141.50209,188373514677.5117,3.521176730851738,132037416038.83875,-97279414787.72485,57805.30482605219
512,0.00025600000000000004,129095938637.1596,-100996126903.4053,57804.62343578227,130478655980.1652,186122238206.26215,3.55869499334077,129096792744.70236,-100996418238.40404,57805.30482605219
513,0.00025650000000000005,126050530546.6047,-104624965916.5302,57806.1771193079,143583034968.2382,183756351474.26028,3.5989219994939723,126051711070.33861,-104624802791.55362,57805.30482605219
514,0.00025700000000000007,122903664272.23055,-108161831606.9826,57806.181168202995,157844470171.2555,181270944111.11673,3.6420299151366806,122904923859.98076,-108161586990.33429,57805.30482605219
515,0.0002575,119658378482.94907,-111603621673.4108,57804.07316979683,173380316902.04727,178661269833.45798,3.688208430575439,119659057323.39093,-111604059441.74956,57805.30482605219
516,0.00025800000000000004,116315989994.11087,-114949263376.97519,57805.47686127769,190325290201.95264,175922106572.71368,3.7376682342911716,116317036480.57054,-114949367373.59778,57805.30482605219
517,0.00025850000000000005,112880627241.1129,-118194693531.64195,57805.490430693695,208837295332.90213,173046240104.6225,3.7906533163429996,112881682900.96246,-118194833574.59529,57805.30482605219
518,0.00025900000000000006,109354581168.55705,-121338015216.19994,57806.588948233475,229097575740.2081,170027130450.9657,3.8474353096072553,109355952254.65298,-121337893617.62236,57805.30482605219
519,0.0002595,105741633333.75587,-124376018899.57234,57806.309751614914,251318236991.92896,166856753406.72205,3.908323668076641,105742972436.38979,-124375912757.09904,57805.30482605219
520,0.0002600000000000001,102043923080.50813,-127307160611.14691,57807.791758389976,275746201062.8514,163526903481.59512,3.9736669628918087,102045842705.36737,-127306577033.61552,57805.30482605219
521,0.00026050000000000004,98265954915.37111,-130127995340.3593,57806.95762761861,302673217495.1517,160027406959.40836,4.043866833208416,98267777910.05841,-130127605616.31018,57805.30482605219
522,0.00026100000000000006,94410456678.24731,-132836781876.80632,57805.78032942571,332441720884.8944,156348210666.63242,4.1193780108585,94412021383.27602,-132836653997.13986,57805.30482605219
523,0.0002615,90480602824.24356,-135431505274.58835,57804.70136427208,365459181540.7544,152477214184.26385,4.200725034244349,90481762300.41121,-135431641636.71362,57805.30482605219
524,0.0002620000000000001,86479072824.61118,-137910583426.4449,57805.393332487394,402212551707.27704,148400650664.16928,4.288516447448798,86480464797.26665,-137910575520.25732,57805.30482605219
525,0.00026250000000000004,82409823733.67908,-140271672905.46103,57806.15583551972,443288385752.5645,144102451391.09476,4.3834648554058315,82411567758.02484,-140271471078.78232,57805.30482605219
526,0.00026300000000000005,78277095443.66093,-142512490423.5665,57805.21951041015,489395408642.2729,139565202047.47763,4.486402611103457,78278507926.90323,-142512532939.2281,57805.30482605219
527,0.00026350000000000006,74082885098.4982,-144632199531.7121,57806.366935326165,541395350217.39325,134769798878.97047,4.59830446306158,74084822063.12218,-144632051577.65094,57805.30482605219
528,0.000264,69832167419.5699,-146628371976.05484,57806.11452702384,600348506483.9246,129692938931.39058,4.720333126814557,69834085649.63756,-146628219201.29608,57805.30482605219
529,0.00026450000000000003,65528590014.44076,-148499529065.50104,57804.71640805389,667563279280.6469,124309797174.552,4.853871002863735,65529842510.75847,-148499727829.9362,57805.30482605219
530,0.00026500000000000004,61174374939.00282,-150244928621.03976,57805.29546357217,744670119512.4357,118592035980.91676,5.000578073849284,61175859074.62628,-150245064973.8904,57805.30482605219
531,0.00026550000000000006,56774463961.90976,-151862672260.26407,57805.00907455431,833721653359.5613,112506328105.94066,5.162474605109159,56775836817.452644,-151862876807.4184,57805.30482605219
532,0.000266,52332426015.90543,-153351653580.7823,57804.340782031,937317780768.166,106017078925.63704,5.342022591231861,52333395870.43253,-153352008095.6822,57805.30482605219
533,0.0002665000000000001,47851927867.042305,-154710830079.30692,57803.53951743235,1058783169755.1633,99085167966.17223,5.542248450031434,47852407973.16146,-154711436976.13126,57805.30482605219
534,0.00026700000000000004,43335861137.32203,-155939498712.80133,57804.191889885646,1202404809587.055,91669340596.39793,5.766897715800992,43336548143.303246,-155940039154.9834,57805.30482605219
535,0.00026750000000000005,38788918394.94864,-157036471619.20822,57804.518286415485,1373755009423.5068,83728483191.83292,6.020634074306557,38789647554.13208,-157036991455.86365,57805.30482605219
536,0.00026800000000000006,34214748451.74821,-158001041115.69916,57804.881817969384,1580113801161.2407,75229535891.19443,6.309260702990607,34215602515.46809,-158001537949.2208,57805.30482605219
537,0.0002685000000000001,29617146567.055508,-158832561029.327,57805.362494206616,1831019524861.5273,66158425609.92339,6.639970928553367,29618228585.563145,-158833079220.8124,57805.30482605219
538,0.00026900000000000003,24999570517.49562,-159530557060.84885,57806.560035353796,2138926067198.441,56543488155.89095,7.021547196081622,25001426949.474213,-159530945776.97568,57805.30482605219
539,0.00026950000000000005,20366654371.972507,-160094433483.791,57807.228165102664,2519855953342.6753,46498839072.97604,7.464328331050523,20369043760.705563,-160094793304.59634,57805.30482605219
540,0.00027000000000000006,15723165603.26779,-160523770729.68823,57806.18655296267,2993659787145.984,36305285211.463,7.97948412418523,15724986110.36032,-160524251295.68005,57805.30482605219
541,0.00027050000000000007,11070700020.233318,-160818726888.57324,57806.97165966824,3582853297650.5205,26550651376.83273,8.57660778335952,11073096587.637474,-160819190752.86047,57805.30482605219
542,0.00027100000000000003,6414511837.755295,-160978989254.3345,57807.424728430255,4307611936905.8022,18356167233.295097,9.257634358682658,6417341472.239427,-160979427421.3827,57805.30482605219
543,0.00027150000000000004,1758554108.4846938,-161004579894.59048,57807.48595459333,5172092865158.447,13687526461.278713,10.00374474828268,1761626473.3982325,-161005120415.25662,57805.30482605219
544,0.00027200000000000005,-2893290319.787797,-160895685477.27612,57807.34321843418,6135713126380.045,15573370488.263742,10.752685106627462,-2890167941.3792644,-160896271375.7984,57805.30482605219
545,0.0002725,-7536843780.672415,-160652575040.53555,57806.691530820965,7070919440107.689,27676172181.56295,11.373841731754506,-7534322321.293132,-160653175878.72897,57805.30482605219
546,0.0002730000000000001,-12169193732.826918,-160275550695.8554,57806.45598019236,7743445193041.893,52316658919.949615,11.676404530157184,-12166834266.323109,-160276219092.76392,57805.30482605219
547,0.00027350000000000003,-16785003928.780561,-159765230416.25317,57805.27366075238,7893938532066.504,87236304322.73253,11.502870040952848,-16783878750.22566,-159765810504.65115,57805.30482605219
548,0.00027400000000000005,-21383121688.152733,-159121906694.683,57805.659637273144,7426506795128.304,124685628193.0948,10.871596196201317,-21381585686.356934,-159122562757.51056,57805.30482605219
549,0.00027450000000000006,-25958147847.680557,-158346399526.9415,57806.05959512089,6505547659783.53,155926926009.7543,9.994355830130557,-25956219325.915337,-158347088149.98346,57805.30482605219
550,0.00027500000000000007,-30504601304.837162,-157439819619.38013,57804.96621474778,5419639914265.712,176649580053.6691,9.119905662325795,-30503802519.561005,-157440327867.81268,57805.30482605219
551,0.00027550000000000003,-35020358073.45919,-156402860290.72797,57803.93492698517,4393029705668.107,187525661651.9381,8.395202401972805,-35020739592.22109,-156403156905.7082,57805.30482605219
552,0.0002760000000000001,-39502291574.40395,-155236392157.08054,57803.51338887247,3527046475983.177,191477488002.5907,7.854783034444756,-39503235916.16825,-155236499336.23184,57805.30482605219
553,0.00027650000000000005,-43947883894.27523,-153941168175.1313,57804.85008568432,2837370233586.181,191441903459.20926,7.471968039768191,-43947577120.93593,-153941617427.6722,57805.30482605219
554,0.00027700000000000007,-48350392640.835526,-152519170208.2257,57804.85558349837,2302001237944.708,189577703507.5166,7.201632534906598,-48350087078.253235,-152519619888.49527,57805.30482605219
555,0.0002775000000000001,-52706749367.189835,-150971663123.5402,57804.066037439195,1889539915659.6978,187253929508.39667,7.0006040525319495,-52707258051.190216,-150971948281.43497,57805.30482605219
556,0.00027800000000000004,-57013759198.13634,-149300011942.36655,57802.88073779062,1570836777208.9678,185255900411.0285,6.834239197754915,-57015300940.60951,-149299884015.68802,57805.30482605219
557,0.00027850000000000005,-61268095393.704796,-147505706274.54395,57801.54329364252,1322281961702.5374,183971245006.4599,6.677457489130257,-61270841299.6229,-147505103484.59723,57805.30482605219
558,0.000279,-65468412526.813065,-145589501540.80127,57803.12572421731,1125837025876.095,183521648000.07495,6.5141090858224215,-65470356468.04189,-145589144652.11273,57805.30482605219
559,0.00027950000000000007,-69608361127.58606,-143554240483.31268,57803.32438748833,968105926347.4779,183855971288.69037,6.3358853210901165,-69610364426.29536,-143553834326.7062,57805.30482605219
560,0.00028000000000000003,-73685011395.87344,-141401628130.99002,57802.82233335454,839321513820.4235,184814963587.64957,6.141006568005977,-73687429649.96185,-141400950521.75168,57805.30482605219
561,0.00028050000000000004,-77696605838.94383,-139132819011.35117,57804.43898931977,732447440125.0986,186193307474.646,5.932544268766796,-77698264261.21991,-139132400720.82388,57805.30482605219
562,0.00028100000000000005,-81638746044.07544,-136750336004.38147,57806.04649477293,642457234940.5303,187787303800.0603,5.716519221412579,-81639568569.59518,-136750312926.752,57805.30482605219
563,0.00028150000000000007,-85507654366.4074,-134256631972.14503,57806.484711297635,565775926113.7844,189425395790.56238,5.500067983598699,-85508206493.12476,-134256729448.10901,57805.30482605219
564,0.000282,-89300799700.13875,-131653584447.66887,57807.098848771115,499843349119.0955,190987044154.40723,5.28992855607346,-89301005879.04272,-131653934046.10458,57805.30482605219
565,0.0002825000000000001,-93014335442.23636,-128944006722.68126,57806.14654590526,442786196218.96936,192406823794.16595,5.091445283572058,-93014874443.51994,-128944053723.58275,57805.30482605219
566,0.00028300000000000005,-96646248357.26384,-126129644056.84315,57806.0567098504,393189193819.2302,193664922576.7645,4.908148475987085,-96646789695.09662,-126129668155.25154,57805.30482605219
567,0.00028350000000000006,-100193968523.43216,-123212632014.92593,57807.7157623998,349936346188.9354,194775312782.18848,4.741769761201195,-100193811754.52234,-123213199762.66924,57805.30482605219
568,0.00028400000000000007,-103653401716.93002,-120196441682.2242,57807.837342932646,312113700509.65656,195770111966.30627,4.592550717687823,-103653064134.22093,-120197166260.88142,57805.30482605219
569,0.00028450000000000003,-107021865437.00243,-117083693444.82349,57806.79179101168,278953160027.7907,196685898275.74057,4.459677771821693,-107021802757.25246,-117084206610.12292,57805.30482605219
570,0.00028500000000000004,-110297614076.86465,-113876262204.15732,57807.398864769246,249796209322.42584,197556697131.5545,4.34169882464463,-110297267858.42844,-113877054638.37907,57805.30482605219
571,0.00028550000000000005,-113477290936.72487,-110577569352.61174,57807.38344412227,224073153546.91617,198409474000.66272,4.236869095952492,-113476894812.70721,-110578471798.96886,57805.30482605219
572,0.00028600000000000007,-116558309356.4228,-107190551638.23552,57806.6505283484,201294047787.46994,199260557012.26492,4.143415663838638,-116558106057.19315,-107191394777.32413,57805.30482605219
573,0.0002865,-119538299003.39417,-103718083524.58742,57805.527292535306,181039402094.47406,200117068727.82916,4.059698241204812,-119538395637.98062,-103718636672.3075,57805.30482605219
574,0.00028700000000000004,-122415004189.76357,-100163055437.64438,57804.42490611803,162952915507.11487,200978801249.29092,3.9842909911728923,-122415378083.96043,-100163211154.38855,57805.30482605219
575,0.00028750000000000005,-125186462832.67477,-96528134188.44629,57804.49820267021,146734628529.80875,201840488927.13046,3.916007228624561,-125186886691.29417,-96528164824.12091,57805.30482605219
576,0.00028800000000000006,-127850173184.26923,-92816795430.9937,57804.49740267824,132133826863.16695,202694170826.81393,3.8538865315873316,-127850611985.73433,-92816778967.5829,57805.30482605219
577,0.0002885,-130403922738.59494,-89032390006.60205,57803.97384657977,118943069383.06653,203530491534.9972,3.7971658632311436,-130404555961.23775,-89032189203.36093,57805.30482605219
578,0.0002890000000000001,-132845722256.02798,-85178172476.456,57803.0160271555,106991286404.95744,204340370946.3132,3.7452406019019886,-132846671436.71053,-85177529357.70335,57805.30482605219
579,0.00028950000000000004,-135174068824.29663,-81256820098.77872,57803.46417814133,96137476728.32997,205115909300.6118,3.69762634167009,-135175080371.29556,-81256149775.32552,57805.30482605219
580,0.00029000000000000006,-137386762046.84726,-77272259225.95145,57803.4168632349,86264825270.37633,205850936690.21118,3.6539256424967634,-137387871016.91563,-77271336618.58887,57805.30482605219
581,0.00029050000000000007,-139482268031.65125,-73227588110.73705,57803.813932760815,77277060428.5727,206540264741.2018,3.613807365149726,-139483317135.27298,-73226665586.40733,57805.30482605219
582,0.000291,-141459209724.91693,-69125746778.29424,57805.946878199415,69093829019.92773,207180123357.1225,3.576988303506976,-141459895208.71637,-69125460035.71149,57805.30482605219
583,0.00029150000000000004,-143315376590.45938,-64971552649.68176,57805.80970112091,61647514293.93641,207767833096.7534,3.543221484255951,-143316180612.90292,-64971242144.84042,57805.30482605219
584,0.00029200000000000005,-145049751452.03476,-60767799487.5787,57805.88863103662,54881775858.200775,208300826276.0521,3.512292872155197,-145050500012.15002,-60767477698.03967,57805.30482605219
585,0.00029250000000000006,-146661000947.9543,-56518098430.79199,57806.019615647194,48748182286.48385,208777519876.25833,3.484013092116825,-146661724648.00272,-56517864534.407555,57805.30482605219
586,0.000293,-148147828268.23126,-52226295745.2141,57805.53350055529,43205209050.19835,209196601864.47528,3.458215103774756,-148148654086.46573,-52225939710.39808,57805.30482605219
587,0.0002935000000000001,-149509243677.81537,-47895765548.70656,57805.258497770636,38217101319.44536,209556891595.78583,3.4347525275577007,-149510099330.40286,-47895336573.473526,57805.30482605219
588,0.00029400000000000004,-150744315954.7105,-43529952017.79498,57805.73055536383,33752717968.585884,209857444986.3148,3.4134970780622753,-150745068363.2089,-43529705963.01498,57805.30482605219
589,0.00029450000000000006,-151851957719.69238,-39133185053.590805,57805.07380142112,29784907334.673626,210097418540.50507,3.3943368502708116,-151852777093.24924,-39132722838.85167,57805.30482605219
590,0.00029500000000000007,-152831424610.4784,-34709184104.296265,57803.499811518865,26290235454.65266,210275861849.7148,3.377175630570577,-152832418293.01215,-34708064304.34872,57805.30482605219
591,0.0002955000000000001,-153682358612.4471,-30260376062.958096,57804.65577179738,23248268019.928055,210391964973.33078,3.3619304548202167,-153683240954.14606,-30259539771.560604,57805.30482605219
592,0.00029600000000000004,-154404000802.163,-25791112902.479523,57806.34753728348,20641007618.433586,210445178175.16193,3.3485288564037328,-154404694711.813,-25790828156.39103,57805.30482605219
593,0.00029650000000000005,-154995786339.37012,-21305702581.941273,57806.99748770639,18453224307.09892,210434730320.50726,3.3369092848928443,-154996418085.7583,-21305760191.0551,57805.30482605219
594,0.00029700000000000006,-155457438964.2143,-16807550533.760145,57807.77488956216,16672097346.427929,210359819556.72778,3.3270199665102487,-155458045494.21802,-16808063059.412518,57805.30482605219
595,0.0002975000000000001,-155788665911.57608,-12300938351.392775,57807.30349001326,15286862488.669569,210219759874.89478,3.318817081463357,-155789262109.15036,-12301426271.40228,57805.30482605219
596,0.00029800000000000003,-155989405622.9957,-7789210492.747714,57806.980307186335,14288822696.396381,210013838561.39505,3.3122641334569654,-155989951992.14603,-7789708670.720449,57805.30482605219
597,0.00029850000000000005,-156059631219.428,-3276342670.0351286,57806.24092996411,13671139599.377172,209741396722.25708,3.307330932508424,-156060212190.1968,-3276666029.555695,57805.30482605219
598,0.00029900000000000006,-155999451486.13684,1234067328.2342489,57805.62856007719,13428849713.959423,209401732514.04037,3.3039933164699753,-156000051299.00238,1233943101.5603976,57805.30482605219
599,0.0002995,-155809062040.2077,5738490341.044649,57805.7396933841,13558794446.214558,208994115579.2467,3.302232778344972,-155809694518.58127,5738317636.273667,57805.30482605219
600,0.0003000000000000001,-155488763784.42023,10232921467.125439,57805.76217754866,14059621317.854357,208517757037.2026,3.30203629406396,-155489460324.55237,10232757786.740778,57805.30482605219
601,0.00030050000000000004,-155038966478.9514,14713734302.224012,57806.02236949139,14931756212.115313,207971814365.33066,3.303396112641032,-155039690848.05502,14713514472.13954,57805.30482605219
602,0.00030100000000000005,-154460182614.23035,19177236224.85396,57806.56362440114,16177409443.706356,207355389148.41016,3.3063095847693718,-154460913342.05414,19176766512.4297,57805.30482605219
603,0.00030150000000000006,-153753093108.58527,23619279974.754143,57806.15420893398,17800599023.03174,206667519570.60324,3.3107790637601973,-153753910086.84598,23618928797.05526,57805.30482605219
604,0.0003020000000000001,-152918371469.68292,28036736352.7079,57806.47728779567,19807106201.2453,205907226527.76703,3.316811582204749,-152919247547.315,28036250394.50783,57805.30482605219
605,0.00030250000000000003,-151956951727.496,32425373973.106255,57805.85000311604,22204698618.906,205073392009.96378,3.3244193036292145,-151957831826.94675,32425061111.03433,57805.30482605219
606,0.0003030000000000001,-150869804565.70883,36781598296.72454,57804.557547102835,25003004773.1481,204164902307.0322,3.333619062578453,-150870580031.95142,36781754715.82688,57805.30482605219
607,0.00030350000000000006,-149657832995.61023,41102493778.38044,57804.58977713472,28213727744.997566,203180546876.2388,3.344432641627682,-149658604679.9987,41102700667.90084,57805.30482605219
608,0.00030400000000000007,-148322122203.6758,45384605369.52632,57806.00207865981,31850998825.537395,202118879041.51334,3.3568877536303146,-148323038189.26337,45384316480.67922,57805.30482605219
609,0.0003045000000000001,-146864137037.8307,49623601360.11641,57806.33639241943,35931420027.247894,200978336981.6991,3.3710180883816996,-146865111240.49078,49623172087.25194,57805.30482605219
610,0.00030500000000000004,-145285218865.84503,53816120058.64119,57806.15532616819,40473913448.35071,199757457661.1235,3.3868622539590563,-145286201315.7418,53815737611.3781,57805.30482605219
611,0.00030550000000000005,-143586922820.4249,57958503350.261345,57804.96629227881,45500269920.30846,198454594739.10846,3.4044647115907023,-143587788363.6325,57958520137.52359,57805.30482605219
612,0.000306,-141770616415.99484,62047890227.58001,57804.46620932212,51035295774.778984,197068011944.05267,3.4238760053351536,-141771418251.5149,62048127200.60417,57805.30482605219
613,0.0003065000000000001,-139837886037.3055,66081034089.88074,57804.83235833686,57107516415.19258,195595627651.25745,3.445154448207848,-139838726420.06473,66081182005.75465,57805.30482605219
614,0.00030700000000000004,-137790436094.0936,70054659540.3168,57805.99540698157,63749402760.26779,194035185097.7612,3.4683664706694763,-137791462590.28827,70054440917.66443,57805.30482605219
615,0.00030750000000000005,-135630420450.88597,73964857122.57399,57805.924290132,70997805987.93828,192384266396.62744,3.493586960146345,-135631415897.2202,73964668413.2543,57805.30482605219
616,0.00030800000000000006,-133359609632.31915,77808795029.3834,57805.882327134925,78894061442.73457,190640538930.9362,3.5208983353605334,-133360578208.31151,77808610894.31302,57805.30482605219
617,0.00030850000000000007,-130980169669.49632,81583101509.50354,57805.16431295386,87485266712.84384,188801237051.9572,3.550393064250173,-130980925744.54836,81583139354.39761,57805.30482605219
618,0.00030900000000000003,-128493824877.00372,85285353739.41528,57805.8075755629,96824653233.94405,186863460562.02835,3.582173997992176,-128494693626.0158,85285238638.89581,57805.30482605219
619,0.0003095000000000001,-125903082311.26315,88912014554.92087,57806.00949519748,106973191427.98936,184823692294.27228,3.6163576667771404,-125904052045.92592,88911800668.14316,57805.30482605219
620,0.00031000000000000005,-123210145472.12837,92460271671.85394,57806.238151813144,117999752733.52913,182678461778.35806,3.653073176007991,-123211201301.16295,92460033273.70193,57805.30482605219
621,0.00031050000000000007,-120417595818.91513,95926969050.28464,57805.61842296428,129982913751.94423,180423860956.50372,3.6924646712453244,-120418517807.05383,95926903068.70618,57805.30482605219
622,0.0003110000000000001,-117527561322.91017,99309741076.89217,57805.63512818522,143012097102.91348,178055773399.12256,3.7346922744208153,-117528464404.8403,99309699063.03496,57805.30482605219
623,0.00031150000000000004,-114542766770.2391,102605600258.54651,57805.372925964046,157190141871.8437,175569336167.4299,3.779936510288375,-114543579178.26746,102605600555.7125,57805.30482605219
624,0.00031200000000000005,-111465764416.4018,105811962742.13896,57805.08942497247,172634825633.87027,172959433109.53522,3.8283992976282697,-111466565540.38689,105812077257.16238,57805.30482605219
625,0.00031250000000000006,-108299166954.84242,108926322018.79756,57805.00792136999,189481887458.4065,170220348371.09842,3.88030759438037,-108299999658.36485,108926525877.68364,57805.30482605219
626,0.00031300000000000007,-105045348556.03284,111946536810.23148,57806.28508129415,207888325068.37234,167345711261.53787,3.935917411254562,-105046604457.38454,111946449923.92381,57805.30482605219
627,0.00031350000000000003,-101707902626.51485,114869413274.02983,57806.1171636807,228036871869.19687,164328188213.0546,3.995519877695793,-101709194339.37617,114869356373.346,57805.30482605219
628,0.00031400000000000004,-98289089202.9451,117693222415.71196,57806.76023992613,250139225272.63004,161160430513.30853,4.05944139559269,-98290687996.96637,117692965806.73346,57805.30482605219
629,0.00031450000000000006,-94792623234.41551,120415056173.04701,57805.779361863955,274444116836.2243,157833523050.249,4.128055197174423,-94793939720.52155,120415005654.20636,57805.30482605219
630,0.00031500000000000007,-91220347147.81915,123033729896.81905,57806.85504173938,301242796591.2105,154338250921.89417,4.201784227360567,-91222054949.17567,123033383316.33647,57805.30482605219
631,0.0003155,-87576213643.15251,125546443727.5281,57807.08636148572,330881429805.11566,150663084954.5204,4.281118903018553,-87578144201.24768,125546046546.8092,57805.30482605219
632,0.0003160000000000001,-83863169468.52316,127951375095.53946,57807.144960480706,363769956662.6817,146796141815.98862,4.366621401115508,-83865232197.81934,127950937546.4028,57805.30482605219
633,0.00031650000000000005,-80084501865.21674,130246577394.7375,57806.80413825546,400398631615.00916,142723744734.61328,4.458942627746426,-80086592340.87857,130246186872.23929,57805.30482605219
634,0.00031700000000000006,-76243395734.59474,132430306664.68057,57806.27464536786,441356838283.2929,138430525768.24326,4.558840039898695,-76245376932.01852,132430023981.94708,57805.30482605219
635,0.0003175000000000001,-72343027624.41457,134500937178.88605,57805.84666162111,487358071246.7311,133899015578.84679,4.667201200784007,-72344919187.90358,134500773657.37292,57805.30482605219
636,0.00031800000000000003,-68386232050.90782,136457126274.67073,57806.610367524,539272168948.5519,129109340784.3176,4.785073302917255,-68388525924.77278,136456829298.14685,57805.30482605219
637,0.00031850000000000004,-64377059632.764435,138296983892.6021,57806.80180881572,598168140499.1953,124038620071.2912,4.91370253165971,-64379548275.49045,138296666140.89575,57805.30482605219
638,0.00031900000000000006,-60318929354.344734,140019124415.94574,57806.525222316,665367231622.3749,118661810194.54115,5.054574833007844,-60321384466.634445,140018849190.4259,57805.30482605219
639,0.00031950000000000007,-56214449868.64515,141622617706.7395,57807.59370344387,742516802456.3972,112950624779.23843,5.2094768910499685,-56217511129.06862,141622167444.1417,57805.30482605219
640,0.00032,-52068225579.8703,143105761126.9205,57807.49509776803,831689834873.6674,106872669678.47646,5.380579629567811,-52071428295.402985,143105357991.31598,57805.30482605219
641,0.0003205000000000001,-47882994056.00454,144467779097.59604,57807.95219273411,935511766000.8857,100393549596.59686,5.570527556465918,-47886668620.268684,144467324621.11005,57805.30482605219
642,0.00032100000000000005,-43663108500.78319,145707382581.0546,57807.348429020094,1057339641537.2507,93475552367.37527,5.782573101801545,-43666657155.8811,145707126562.4924,57805.30482605219
643,0.00032150000000000006,-39411601593.49896,146823884063.7326,57806.85018374657,1201494943452.0842,86081075130.8051,6.020729577325124,-39415037259.8619,146823732750.9418,57805.30482605219
644,0.0003220000000000001,-35132747966.415924,147816310723.10535,57805.25313880851,1373580873684.3928,78175043615.40076,6.28997244494659,-35135353346.54129,147816482675.65735,57805.30482605219
645,0.0003225000000000001,-30828175751.359222,148684502157.93277,57806.07252417549,1580890764831.4792,69733759930.30827,6.596457760716549,-30831211915.609943,148684656774.81052,57805.30482605219
646,0.00032300000000000004,-26502784479.896946,149427495141.65817,57806.78940253841,1832929632733.09,60757058839.426506,6.947759577953324,-26506265012.11556,149427656955.8917,57805.30482605219
647,0.00032350000000000006,-22160161963.41715,150044821104.6386,57807.498286361515,2141986189797.2517,51298947163.16502,7.3529745219436915,-22164201058.450027,150044949071.89792,57805.30482605219
648,0.00032400000000000007,-17804390964.77707,150536036485.51184,57807.5373664773,2523613873997.704,41516362166.61955,7.822496989201584,-17808643112.203056,150536196570.6041,57805.30482605219
649,0.0003245000000000001,-13439011984.131916,150900920842.72787,57807.18399039816,2996529065930.0166,31759310906.864613,8.36688418574016,-13443211778.084675,150901208442.65112,57805.30482605219
650,0.00032500000000000004,-9067449548.67687,151139358960.999,57806.832213592264,3580728413459.0034,22723038441.712547,8.99362770500131,-9071560038.64013,151139782939.61694,57805.30482605219
651,0.00032550000000000005,-4692905274.697228,151251356585.63034,57807.19589107705,4291182613856.3105,15682469837.010263,9.699590977368892,-4697351728.078561,151251842053.10574,57805.30482605219
652,0.00032600000000000006,-319667717.3763224,151236880343.2425,57807.255484946574,5122420512073.93,12771590121.072506,10.455963864337507,-324254792.57252324,151237466856.7633,57805.30482605219
653,0.0003265,4048162473.6458282,151096157407.8861,57806.70923756698,6019329827524.755,17075052907.65669,11.184874632814989,4044082739.6060915,151096805013.07843,57805.30482605219
654,0.0003270000000000001,8407287060.637331,150829432462.43927,57805.83082959725,6841305669323.507,31912741883.645058,11.740302101826893,8404053600.436969,150830161865.0009,57805.30482605219
655,0.00032750000000000005,12755097329.92948,150437007833.15375,57805.68765317738,7362041493285.085,58614856095.147514,11.933764807575933,12752035923.739748,150437779198.41043,57805.30482605219
656,0.00032800000000000006,17086227025.839144,149919525847.2973,57804.57041686334,7369699983759.475,93720567162.00415,11.643319178732982,17084322756.81341,149920249755.2933,57805.30482605219
657,0.00032850000000000007,21398634130.42012,149277416910.26648,57804.0345785733,6831160830297.834,129275299554.19453,10.935307075332705,21397364404.44238,149278107879.05316,57805.30482605219
658,0.0003290000000000001,25686438305.65364,148511712005.2884,57801.876115573425,5931265985961.453,157680223589.21368,10.037721733463586,25687554524.81009,148512013969.77518,57805.30482605219
659,0.00032950000000000004,29948831535.82954,147622802848.38422,57800.759902933416,4926542389211.249,175914642911.29608,9.179221956119129,29951350553.849792,147622779782.40744,57805.30482605219
660,0.0003300000000000001,34184890838.624454,146610915327.08804,57803.08947515603,3997923883503.3496,185178617867.73438,8.480850428166685,34185267424.114014,146611280982.45932,57805.30482605219
661,0.00033050000000000006,38386731843.71249,145477824014.75388,57804.54710745478,3220674648788.6,188304448649.88464,7.963136861487663,38385792804.093056,145478556124.8531,57805.30482605219
662,0.0003310000000000001,42548439832.17895,144225360006.2805,57802.65267121971,2601960412309.8633,187948116130.5236,7.595827139306884,42549423678.98702,144225545598.43115,57805.30482605219
663,0.00033150000000000003,46672075708.351425,142853314506.67166,57803.2077861797,2120264570747.2373,186024275888.6407,7.334819798907125,46672715136.5057,142853544554.35834,57805.30482605219
664,0.00033200000000000005,50750958014.113495,141363868489.30206,57802.54715094607,1747506114386.5125,183751036371.1031,7.138970230039797,50752312373.17626,141363807981.20242,57805.30482605219
665,0.00033250000000000006,54782601695.07281,139758180299.2966,57801.66602156367,1458068958559.392,181824227100.02368,6.975467324225089,54784835586.476234,139757735879.50632,57805.30482605219
666,0.000333,58764575496.53038,138037393305.56137,57801.759655678456,1231246866189.304,180587203630.05835,6.82054276152346,58766949464.332565,138036812367.14188,57805.30482605219
667,0.0003335000000000001,62693798558.387314,136202926521.35406,57803.19778282839,1051171328516.4719,180146053435.12497,6.658825259866289,62695450375.26241,136202558393.06041,57805.30482605219
668,0.00033400000000000004,66565690798.74261,134256976608.987,57803.86161218956,906005791145.7495,180449497536.52652,6.48234091709061,66567092553.85338,134256677310.43275,57805.30482605219
669,0.00033450000000000005,70378007719.78961,132200884845.63315,57805.32164858217,787069279797.0387,181349587184.1008,6.289283158579928,70378706651.40424,132200885188.53531,57805.30482605219
670,0.00033500000000000007,74126170095.8526,130037223691.95314,57804.83863209004,688068811857.7559,182655869682.91287,6.082468520439887,74127108339.52605,130037063373.99916,57805.30482605219
671,0.0003355000000000001,77808895647.80327,127767022174.53958,57805.94043439544,604488285541.3286,184175247587.30832,5.867610357748653,77809322690.35498,127767136932.28311,57805.30482605219
672,0.00033600000000000004,81422238717.16872,125392783714.0108,57806.615675170986,533093230318.86597,185746029656.46738,5.651575030154449,81422339371.66983,125393116880.07002,57805.30482605219
673,0.0003365000000000001,84962594510.45465,122917068700.45935,57805.36520542601,471557405926.1093,187251531338.75623,5.440959129017676,84963229303.01364,122917098015.21669,57805.30482605219
674,0.00033700000000000006,88427573130.49173,120341834263.72029,57803.37391224608,418177093184.35254,188624505804.3785,5.241126302861731,88429002183.48886,120341263198.61525,57805.30482605219
675,0.00033750000000000007,91816159747.55283,117668056862.51738,57805.11998916362,371663271521.7028,189842043823.65588,5.055745143987822,91816961082.68204,117667859918.38087,57805.30482605219
676,0.0003380000000000001,95123274219.59386,114899737001.83098,57804.36606983843,330999359998.5183,190914452131.79007,4.886752511023667,95124365082.0043,114899276763.71744,57805.30482605219
677,0.00033850000000000004,98347425200.98279,112038433239.23247,57804.4344764414,295358695545.48566,191867969803.5348,4.7346316169229405,98348534356.79037,112037904114.10368,57805.30482605219
678,0.00033900000000000005,101485668914.43803,109086911015.0949,57804.294297549226,264043799575.43683,192737408319.00998,4.598779288550748,101486914418.74916,109086298841.21033,57805.30482605219
679,0.00033950000000000007,104535662045.11919,106047579611.51985,57804.491199880715,236456781657.20004,193555751561.97314,4.477907608448364,104536865723.82799,106046963324.4276,57805.30482605219
680,0.0003400000000000001,107494744052.91676,102923277296.82735,57804.334626264405,212080229384.70068,194349645433.0837,4.370385804086447,107496034802.25475,102922515419.92058,57805.30482605219
681,0.00034050000000000004,110360861589.89722,99716392692.92241,57804.875147475585,190466858536.1215,195136801808.71777,4.27450147204247,110362005114.57016,99715713177.5171,57805.30482605219
682,0.00034100000000000005,113131432900.26788,96429995107.95433,57805.06313986761,171231315770.45523,195926496134.7232,4.188630258857091,113132497918.28273,96429277952.89378,57805.30482605219
683,0.00034150000000000006,115804587133.75462,93066533034.09363,57806.132375316025,154044967968.1595,196720306313.21228,4.111334386868415,115805300172.27235,93066160500.84418,57805.30482605219
684,0.0003420000000000001,118377382695.87799,89629904200.37776,57804.91591598969,138629259780.06808,197514744979.04233,4.041397961748064,118378343657.45877,89629145095.99066,57805.30482605219
685,0.00034250000000000003,120848830085.17035,86121770913.21318,57805.70812692257,124751420384.54764,198302337269.559,3.977830149190093,120849618400.32242,86121252736.3686,57805.30482605219
686,0.0003430000000000001,123216524236.68674,82545690839.30205,57806.487905401176,112216123152.16081,199075190203.73508,3.9198327339875365,123217070502.845,82545456392.96928,57805.30482605219
687,0.00034350000000000006,125478654963.75954,78904646417.94661,57807.48925014679,100861859538.08887,199824697829.65204,3.8667708661097757,125478944963.51888,78904803603.1481,57805.30482605219
688,0.00034400000000000007,127632844218.21492,75202734779.92577,57805.83248017826,90554926876.24043,200543072397.23056,3.818136825989974,127633399118.82506,75202447221.35507,57805.30482605219
689,0.0003445000000000001,129678522027.23874,71441352345.06366,57807.13356240705,81185375572.529,201223288184.6656,3.773521095939355,129678841721.35042,71441510415.50186,57805.30482605219
690,0.00034500000000000004,131613178106.59984,67625252046.091866,57806.37977808708,72660693964.7184,201860659909.34027,3.7325800859414944,131613628720.32964,67625223752.580986,57805.30482605219
691,0.00034550000000000005,133435885845.10126,63756693405.793076,57806.804269778855,64904833689.28022,202450727841.40726,3.6950251210195986,133436249310.95007,63756943878.85544,57805.30482605219
692,0.00034600000000000006,135144811438.78777,59839838378.72882,57805.71133749288,57853405894.156555,202990608827.1514,3.6606053960030454,135145345940.43358,59839762033.09928,57805.30482605219
693,0.0003465000000000001,136739130949.7026,55877029594.188484,57806.176762682335,51452553165.2933,203477748583.33868,3.6291028298612664,136739576265.27205,55877167756.98547,57805.30482605219
694,0.00034700000000000003,138217433647.86362,51872039040.898415,57806.732238832046,45655975273.095245,203910567733.91403,3.600323828403171,138217748307.89648,51872386849.22247,57805.30482605219
695,0.0003475000000000001,139578546553.05676,47828442034.73749,57806.85156838226,40424307387.564804,204287570955.6654,3.5740981091573905,139578765982.6896,47828880708.282166,57805.30482605219
696,0.00034800000000000006,140821390900.2495,43749931561.12108,57805.87496245738,35723754682.09076,204607463912.87595,3.550276348445598,140821702065.12552,43750167002.93919,57805.30482605219
697,0.00034850000000000007,141945256635.33194,39639431676.50925,57805.473587647895,31525170397.842575,204869099495.7977,3.528728102353198,141945591315.73032,39639561065.406456,57805.30482605219
698,0.000349,142949285612.8579,35500572771.9605,57805.08798005517,27803069537.414124,205071621772.49002,3.5093388633547242,142949665833.51968,35500530625.524,57805.30482605219
699,0.0003495000000000001,143832914160.82834,31336264683.36645,57806.304521969745,24535401566.090755,205214159785.58783,3.4920091929754307,143833198279.36557,31336607633.518917,57805.30482605219
700,0.00035000000000000005,144595251497.8813,27151190598.74976,57805.57012640391,21702935694.625046,205295977313.794,3.4766527049479956,144595542176.18076,27151364310.276142,57805.30482605219
701,0.00035050000000000006,145235967482.77966,22948240859.26346,57805.00685543139,19289384825.13893,205316129206.95975,3.4631961495442525,145236302292.4436,22948213110.237732,57805.30482605219
702,0.0003510000000000001,145754656417.0512,18731010353.52967,57804.405144344135,17280630674.584255,205273903231.32587,3.4515765511397314,145755004432.68066,18730738808.87698,57805.30482605219
703,0.0003515000000000001,146151027387.4159,14503061616.061539,57803.70766944999,15664759419.53216,205168583500.9976,3.4417403006553178,146151426226.70206,14502401876.222698,57805.30482605219
704,0.00035200000000000005,146424915344.55734,10267720685.68086,57803.52697892314,14431900325.946217,204999458801.94748,3.433642223531098,146425334989.36844,10266842019.299212,57805.30482605219
705,0.00035250000000000006,146576241354.19766,6028145566.344554,57804.81601391021,13574097680.438122,204765827232.02698,3.427244705421671,146576600989.59348,6027572840.889984,57805.30482605219
706,0.00035300000000000007,146604961426.22943,1788295203.6321173,57806.14879861863,13085258506.993843,204466963189.66888,3.422517108663062,146605315323.22592,1788161239.6686447,57805.30482605219
707,0.00035350000000000003,146511183065.4476,-2448155579.364001,57807.15226895364,12961138174.00928,204102074954.79492,3.419435466176494,146511510518.66736,-2447895134.677197,57805.30482605219
708,0.0003540000000000001,146295136934.483,-6677369797.440145,57807.06437912467,13199228788.523941,203670361542.8678,3.4179818480723663,146295503401.5164,-6676996077.535619,57805.30482605219
709,0.00035450000000000005,145957148402.2051,-10896242125.545858,57807.2505192898,13798702562.74459,203171017664.4384,3.4181438337786973,145957518274.67624,-10895639326.220785,57805.30482605219
710,0.00035500000000000006,145497650821.7506,-15101041684.764046,57807.05420900196,14760438765.146254,202603197537.78464,3.4199143070290603,145498096446.3994,-15100399029.670067,57805.30482605219
711,0.0003555000000000001,144917226979.75937,-19287865055.50506,57805.42467859093,16087016067.193161,201966011403.00912,3.42329129505103,144917669551.0385,-19287692894.49708,57805.30482605219
712,0.0003560000000000001,144216366573.67377,-23454476821.28128,57806.06963630045,17782680861.57829,201258553638.00543,3.4282776798187813,144216825622.84735,-23454112591.70666,57805.30482605219
713,0.00035650000000000005,143395881236.40973,-27596555352.23725,57806.14997671793,19853669142.390224,200479713602.75598,3.4348820428453055,143396345730.4433,-27596122285.563103,57805.30482605219
714,0.0003570000000000001,142456639557.4372,-31710518343.350594,57805.35201958544,22307950543.87922,199628413056.29764,3.4431179052801157,142457034586.4136,-31710300593.953087,57805.30482605219
715,0.00035750000000000007,141399516134.1769,-35793279961.80031,57804.72858841029,25155387955.901775,198703522356.43286,3.4530037058889964,141399846679.74576,-35793309718.39371,57805.30482605219
716,0.0003580000000000001,140225524504.88916,-39841481621.426926,57804.28676608863,28407976243.590668,197703763746.3834,3.464563362910263,140225804355.9573,-39841734843.63892,57805.30482605219
717,0.00035850000000000004,138935709886.1981,-43852007728.3332,57804.62939423849,32079922832.811947,196627761735.2035,3.47782641763758,138936032452.38016,-43852252678.4201,57805.30482605219
718,0.00035900000000000005,137531438190.16174,-47821008033.36668,57804.06358123414,36187896230.01194,195473987247.70358,3.4928285040099754,137531703086.21143,-47821508911.72148,57805.30482605219
719,0.00035950000000000006,136013792297.57117,-51745906978.28172,57804.73369040649,40750942322.44099,194240947080.56216,3.5096106864427905,136014096189.10854,-51746364154.35986,57805.30482605219
720,0.00036,134384270212.5928,-55623122564.38558,57805.39885838203,45791215147.8996,192926813623.29922,3.5282211903054996,134384639758.52296,-55623409860.3099,57805.30482605219
721,0.0003605000000000001,132644319159.99185,-59449559126.91873,57806.32054130523,51333840723.57172,191529756443.8946,3.548714830059571,132644820923.0899,-59449537310.543274,57805.30482605219
722,0.00036100000000000005,130795684459.66154,-63221692785.17407,57806.327284941864,57407447708.15582,190047762139.06036,3.571153777773346,130796228279.33492,-63221587067.982414,57805.30482605219
723,0.00036150000000000006,128840046345.92038,-66936468054.88502,57805.67127057896,64044308646.614365,188478792457.345,3.595607358806785,128840508328.89996,-66936532393.73468,57805.30482605219
724,0.00036200000000000007,126779073563.6658,-70591058599.6634,57805.08568101057,71281023812.93124,186820581541.39468,3.6221532567547774,126779489017.62056,-70591260645.80356,57805.30482605219
725,0.0003625000000000001,124614385336.12964,-74182873402.25563,57805.73697949852,79159206344.56569,185070555414.49628,3.6508790257438415,124614948204.57997,-74182892674.62416,57805.30482605219
726,0.00036300000000000004,122348012571.44458,-77708741936.78021,57806.69183459743,87726308291.57729,183225754658.2055,3.6818838423842797,122348799528.88928,-77708470067.81032,57805.30482605219
727,0.0003635000000000001,119982099857.42238,-81165562008.48608,57807.19352821757,97035966232.93895,181283144975.55164,3.715278233737,119983020889.21858,-81165076234.44933,57805.30482605219
728,0.00036400000000000007,117518852118.73296,-84550377697.62352,57806.85517836626,107148883820.85695,179239545098.22168,3.7511846617680074,117519830136.52802,-84549907897.35887,57805.30482605219
729,0.0003645000000000001,114960562664.31223,-87860320537.8508,57805.40553804242,118133951657.33191,177091521234.16812,3.789738962928966,114961314336.32379,-87860222372.8028,57805.30482605219
730,0.0003650000000000001,112308925983.22142,-91093481158.90594,57805.453867479795,130069532193.39804,174835330637.30533,3.8310921697359657,112309709102.02321,-91093403209.16847,57805.30482605219
731,0.00036550000000000005,109566853439.61298,-94246471629.42282,57804.263756166336,143045931036.96503,172466329411.09583,3.875415898938866,109567356159.27937,-94246794420.49548,57805.30482605219
732,0.00036600000000000006,106735839977.14203,-97317835466.03317,57805.57030397028,157165712880.23633,169980058907.71426,3.9229003548665586,106736636461.27377,-97317838599.27179,57805.30482605219
733,0.0003665,103819324406.32805,-100303941738.05334,57805.16993176023,172547999512.78354,167370755389.96362,3.9737627183809123,103820022631.93413,-100304092969.8144,57805.30482605219
734,0.0003670000000000001,100819620560.07568,-103202692666.9371,57804.292284953204,189328600936.6874,164633135167.43707,4.028243269854214,100820035669.94357,-103203129377.85378,57805.30482605219
735,0.00036750000000000004,97738579520.19196,-106012509772.94617,57805.56021490713,207664924239.56042,161760951919.0145,4.0866125516942375,97739322632.39865,-106012646454.4406,57805.30482605219
736,0.00036800000000000005,94579625648.37868,-108730367772.19295,57805.97838809536,227740862627.8556,158746611865.19788,4.149180411967547,94580499632.01193,-108730394024.63405,57805.30482605219
737,0.00036850000000000007,91345129870.19841,-111354435965.86024,57806.85534711021,249769620946.53333,155582578174.50723,4.216295490885077,91346301260.38644,-111354210324.80916,57805.30482605219
738,0.0003690000000000001,88038096090.78232,-113882431920.62422,57807.4264191346,274001425988.26224,152260022974.7619,4.288355408387527,88039552116.44365,-113882020780.65291,57805.30482605219
739,0.00036950000000000004,84661647224.66386,-116312152715.94357,57806.97017152337,300730362692.68115,148769319128.18683,4.365813674801352,84663113545.7846,-116311838035.53136,57805.30482605219
740,0.0003700000000000001,81218531443.61804,-118641834084.32356,57806.16009609007,330303762760.0417,145099864183.92157,4.4491890321196585,81219853975.02013,-118641737303.36504,57805.30482605219
741,0.00037050000000000006,77711357663.80544,-120869895031.41531,57806.00112213754,363134881006.8543,141239478182.51013,4.539080276522385,77712704388.81378,-120869806300.7718,57805.30482605219
742,0.0003710000000000001,74143074677.3234,-122994600866.67714,57806.47889510471,399718611444.4638,137174132995.28119,4.636184210599064,74144678358.35422,-122994408717.40308,57805.30482605219
743,0.0003715000000000001,70517097388.14998,-125014052636.68044,57806.53787246118,440650698549.3049,132888095895.35777,4.7413146047897525,70518772426.03899,-125013915093.44974,57805.30482605219
744,0.00037200000000000004,66836847481.17877,-126926520908.92523,57805.49019802769,486652109573.6623,128364036779.09981,4.855423884228268,66838140906.135864,-126926633917.93301,57805.30482605219
745,0.00037250000000000006,63104226460.326164,-128731217008.99147,57806.450087614765,538601378539.27167,123582605105.51894,4.979632928097841,63105934712.08982,-128731210646.04408,57805.30482605219
746,0.00037300000000000007,59324059396.642746,-130425882874.06404,57805.280268707094,597580088689.4047,118520717820.43806,5.115280036556728,59325304162.430916,-130426146136.00179,57805.30482605219
747,0.0003735000000000001,55497495959.21281,-132010238247.67165,57806.91256178508,664923561551.2228,113154224869.63588,5.263957378426369,55499539990.84664,-132010179730.9479,57805.30482605219
748,0.00037400000000000004,51629790735.80963,-133482138647.67438,57806.5435476891,742301511604.1793,107453943017.94347,5.427592725537913,51631804972.6885,-133482180546.12744,57805.30482605219
749,0.0003745000000000001,47723153723.12754,-134840971499.2498,57806.75465486962,831808975813.5061,101389887446.4036,5.608513600408936,47725397316.225204,-134840951329.08553,57805.30482605219
750,0.00037500000000000006,43781341226.38896,-136085551101.50475,57806.547454091444,936102625072.0638,94928299592.52814,5.809563448397701,43783624347.85964,-136085580053.78603,57805.30482605219
751,0.0003755000000000001,39807346939.78278,-137215094970.30737,57806.648488848536,1058573619742.5667,88034419816.34676,6.0342302885767625,39809757479.30858,-137215193840.82317,57805.30482605219
752,0.00037600000000000003,35804220181.69462,-138228865100.67807,57807.55734898604,1203582630015.9265,80674070851.48117,6.286814698407613,35807254346.62455,-138228816384.3568,57805.30482605219
753,0.0003765000000000001,31776502433.24426,-139125809153.79013,57807.05328012614,1376767548703.441,72818650105.83148,6.572627363857534,31779412396.0539,-139125850730.4623,57805.30482605219
754,0.00037700000000000006,27726842955.90337,-139905546303.53778,57806.67823678143,1585431617912.7495,64455812600.728714,6.898189608109122,27729658338.441105,-139905693250.47592,57805.30482605219
755,0.00037750000000000007,23658715096.905975,-140567543805.13998,57806.299641367776,1839016702630.6194,55604971593.02678,7.271417925815787,23661383547.03208,-140567787156.5573,57805.30482605219
756,0.0003780000000000001,19575060182.6773,-141111469441.91095,57806.68812103514,2149583175135.2476,46350162233.79656,7.701631602753333,19578084164.043823,-141111716339.68738,57805.30482605219
757,0.0003785000000000001,15479985775.448597,-141536866661.11108,57806.64697849543,2532084591348.1064,36896954658.10493,8.199083384979708,15483052008.313234,-141537210450.67966,57805.30482605219
758,0.00037900000000000005,11376562128.920742,-141843581968.44492,57806.80477917877,3003843916719.7114,27673042533.561893,8.773307366510876,11379789253.501091,-141843946915.1127,57805.30482605219
759,0.00037950000000000006,7268549591.915555,-142031448871.87698,57806.63274389297,3581871687717.1675,19489955223.546658,9.428917802578002,7271755522.924491,-142031878155.70245,57805.30482605219
760,0.0003800000000000001,3158992317.412507,-142100509890.6195,57806.81324501851,4275242042426.609,13775633970.40733,10.156461497688179,3162369182.1406145,-142100987264.47217,57805.30482605219
761,0.00038050000000000003,-948273785.2151463,-142050824203.28833,57806.79086368367,5068239294913.762,12803116815.630457,10.915647621442734,-944971484.6221157,-142051415507.2708,57805.30482605219
762,0.0003810000000000001,-5050200817.6256275,-141882519205.9195,57806.83419847752,5891948721143.632,19619895209.574566,11.612604851322683,-5046791081.9792,-141883232298.67197,57805.30482605219
763,0.00038150000000000006,-9143004019.6435,-141595924103.3755,57806.68483992623,6597130572263.237,37046867197.41649,12.089420645588422,-9139664137.55657,-141596738413.74973,57805.30482605219
764,0.00038200000000000007,-13224996916.680412,-141191240136.90442,57808.07539230806,6973468390096.312,65340373798.16408,12.168262938980428,-13220218719.999641,-141192347238.81894,57805.30482605219
765,0.0003825000000000001,-17287145376.848476,-140669558067.61877,57805.28057514396,6859508019124.005,100042779741.70091,11.768427181376772,-17285029924.209286,-140670396030.70142,57805.30482605219
766,0.0003830000000000001,-21332860984.791824,-140030725276.87726,57805.323533812145,6273997830351.395,133357929676.88863,10.998461585084645,-21330726483.861485,-140031588593.9735,57805.30482605219
767,0.00038350000000000005,-25355765225.58361,-139275738558.07886,57805.024598812866,5408201238840.715,158935225295.1725,10.092051542954241,-25353993070.513676,-139276622978.1283,57805.30482605219
768,0.0003840000000000001,-29352518707.356148,-138405391828.96182,57804.398099475606,4484273859796.278,174866586052.30887,9.254131973583762,-29351447592.40182,-138406229444.36438,57805.30482605219
769,0.0003845000000000001,-33322056438.634834,-137420055965.81613,57805.67859235034,3646046783936.3096,182699648583.29544,8.58219753358924,-33319833155.69718,-137421236767.47478,57805.30482605219
770,0.0003850000000000001,-37256055018.682014,-136321828036.01315,57803.68816067129,2948498627330.0405,185114665843.39676,8.085598082943884,-37255785726.3612,-136322555958.18295,57805.30482605219
771,0.00038550000000000005,-41155908352.0418,-135110700219.19601,57803.33245898668,2392909407398.5835,184496088018.15842,7.731929017951563,-41156087120.211624,-135111293396.72087,57805.30482605219
772,0.00038600000000000006,-45017773172.89866,-133787880351.01514,57803.96120218189,1958776363128.2043,182544978108.0801,7.478493016508271,-45017533340.66217,-133788606136.57928,57805.30482605219
773,0.00038650000000000007,-48837199957.77149,-132354959697.25444,57804.09200810329,1621163681781.253,180335956557.33878,7.286303251336588,-48836965348.974785,-132355691622.29912,57805.30482605219
774,0.00038700000000000003,-52610676578.09963,-130813438092.21487,57803.18981516434,1357620835151.326,178485268402.94693,7.124387570392996,-52611249991.59971,-130813895995.6496,57805.30482605219
775,0.0003875000000000001,-56335642791.510155,-129164585212.5365,57801.9370764059,1150016961442.2793,177295813755.62973,6.970284889085977,-56337145067.36223,-129164541992.80728,57805.30482605219
776,0.00038800000000000005,-60009894150.140755,-127409554427.6569,57801.64439014708,984409534525.6552,176859020578.2178,6.80940958817367,-60011852276.02785,-127409240301.73488,57805.30482605219
777,0.00038850000000000006,-63630356958.94871,-125549901448.19444,57802.28200051469,850343394084.0144,177125910795.77994,6.634112157929143,-63632176193.67185,-125549568856.58142,57805.30482605219
778,0.0003890000000000001,-67194004050.83366,-123587273157.23811,57803.78446516909,740102103082.6646,177960891251.31473,6.442538457479259,-67195208021.547386,-123587227625.12451,57805.30482605219
779,0.0003895000000000001,-70696605486.35963,-121524090662.90442,57803.581208572155,648057867210.0055,179187749816.04272,6.23723003323471,-70698029923.30183,-121523917540.07019,57805.30482605219
780,0.00039000000000000005,-74136954193.62605,-119361326152.14249,57805.08993292994,570145761347.7076,180626547511.56732,6.023539806993549,-74137732570.99712,-119361469283.80573,57805.30482605219
781,0.0003905000000000001,-77510709126.23848,-117101762795.89467,57804.8929952631,503436231728.41364,182124567891.58347,5.808017987224251,-77511592333.75899,-117101841589.66576,57805.30482605219
782,0.00039100000000000007,-80815902018.61156,-114746974323.5336,57804.817758291734,445812536203.5439,183568596220.08502,5.597077643152148,-80816833052.89906,-114746947929.87848,57805.30482605219
783,0.0003915000000000001,-84049935626.62785,-112298970518.49034,57805.07070953782,395716536441.48505,184891907406.56033,5.396045061105478,-84050780878.39893,-112298946238.10994,57805.30482605219
784,0.0003920000000000001,-87210286773.32988,-109759811325.1589,57805.89385922221,351968208017.67786,186068383811.49542,5.208687215666343,-87210832520.34724,-109760031886.98495,57805.30482605219
785,0.00039250000000000005,-90294162077.79358,-107131881055.7817,57806.62277888093,313640302076.02435,187102421690.1072,5.037139253859552,-90294439029.53857,-107132339817.40843,57805.30482605219
786,0.00039300000000000007,-93298921029.43002,-104417608102.87708,57806.830540859686,279977011216.7826,188016966021.50552,4.8821071726771175,-93299127317.41634,-104418222100.68591,57805.30482605219
787,0.0003935,-96222140131.04669,-101619387897.82767,57806.52640784465,250343022375.1447,188843113859.9028,4.743206136754085,-96222371350.97081,-101619984333.71405,57805.30482605219
788,0.0003940000000000001,-99061574901.02635,-98739581427.59203,57806.05349330524,224193148759.21887,189612174846.70737,4.619327999079133,-99061864693.4813,-98740090366.34177,57805.30482605219
789,0.00039450000000000005,-101815230730.19104,-95780409797.18138,57806.336633757426,201054744515.752,190350524381.14087,4.508970694161982,-101815399079.03638,-95781102249.96727,57805.30482605219
790,0.00039500000000000006,-104480564112.7148,-92744770334.87085,57806.16406939561,180517163995.81927,191077135276.782,4.410496036628077,-104480812850.69183,-92745523430.02199,57805.30482605219
791,0.00039550000000000007,-107055591092.27234,-89635147249.91466,57806.06353614132,162225891306.464,191802521134.78622,4.322312542147042,-107055890961.79327,-89635931936.9995,57805.30482605219
792,0.0003960000000000001,-109537779601.2679,-86454819034.05405,57804.18221159744,145876484945.64697,192530230189.65305,4.242981031614412,-109538515127.12425,-86455027147.95706,57805.30482605219
793,0.00039650000000000004,-111925940658.82088,-83205613649.11423,57803.67987647779,131210450421.1526,193257951083.2038,4.171266968186277,-111926866725.84198,-83205553075.63754,57805.30482605219
794,0.0003970000000000001,-114218053579.28735,-79890442151.65776,57803.9217363766,118008592563.21236,193980539459.4708,4.106143513326447,-114219007247.3468,-79890304517.33601,57805.30482605219
795,0.00039750000000000007,-116412152965.01787,-76512345361.03967,57804.16363181284,106087345209.14867,194690642751.65323,4.046778348450393,-116413108559.14363,-76512163125.58011,57805.30482605219
796,0.0003980000000000001,-118506696348.66992,-73073934392.10881,57805.245475586824,95293901604.84467,195380182110.26352,3.9925058199854297,-118507503689.60872,-73074056846.8637,57805.30482605219
797,0.0003985000000000001,-120499793027.719,-69578520271.08163,57805.89094380797,85501111453.83447,196041644484.18372,3.9427926688491457,-120500500585.35236,-69578836671.98335,57805.30482605219
798,0.00039900000000000005,-122389759881.2077,-66029349241.532524,57805.41425159752,76603745807.11557,196668225377.43073,3.8972087575375394,-122390558164.96913,-66029493726.32397,57805.30482605219
799,0.00039950000000000006,-124175454917.59654,-62428910369.168564,57805.617557369245,68514500091.65051,197254262705.116,3.8554009640231235,-124176187156.12015,-62429111202.29352,57805.30482605219
800,0.0004000000000000001,-125855484292.91296,-58780268626.16742,57806.363674928194,61160195786.010574,197795570862.73172,3.8170711011022562,-125856065653.16154,-58780763209.166115,57805.30482605219
801,0.0004005000000000001,-127428201870.15334,-55087291655.63849,57805.323497891186,54479534001.37947,198288865497.85724,3.781962932799513,-127428866387.40202,-55087439574.523056,57805.30482605219
802,0.00040100000000000004,-128892737851.27165,-51352486790.94327,57804.674659680095,48421245354.51685,198731355563.10486,3.7498546717202443,-128893525077.0106,-51352383939.883385,57805.30482605219
803,0.0004015000000000001,-130248050745.83162,-47578851046.13867,57804.829271462666,42941472478.2462,199121190728.22464,3.7205502573724125,-130248799072.57028,-47578659892.72562,57805.30482605219
804,0.00040200000000000007,-131493106773.24376,-43769589616.78042,57805.5978140357,38002730047.995476,199456909306.60092,3.693875974626258,-131493785862.81726,-43769619587.520134,57805.30482605219
805,0.0004025000000000001,-132626795928.21747,-39928476304.79301,57805.2816725455,33572902068.59349,199737239373.0424,3.6696785665072236,-132627520482.37672,-39928447556.86436,57805.30482605219
806,0.00040300000000000004,-133648450415.26324,-36058339432.81101,57805.28320110172,29624531156.891434,199960928767.68597,3.6478241940616516,-133649166647.93425,-36058280725.06218,57805.30482605219
807,0.0004035000000000001,-134557296767.11952,-32162602260.12691,57805.091446043,26133728444.58952,200127019058.0947,3.6281954157516907,-134558043039.86725,-32162431782.533283,57805.30482605219
808,0.00040400000000000006,-135352789546.70242,-28244201410.411404,57805.72499556018,23079893437.97361,200234578558.07806,3.6106900860470246,-135353455068.70477,-28244264445.03161,57805.30482605219
809,0.0004045000000000001,-136034303478.32283,-24306770999.205864,57806.06958536647,20445165110.017216,200282795387.3882,3.5952195038811117,-136034933580.42212,-24307004145.238125,57805.30482605219
810,0.0004050000000000001,-136601352070.8065,-20353949744.344597,57805.256247164354,18214301240.878593,200270807137.91635,3.5817076559663,-136602028340.06157,-20353943825.081078,57805.30482605219
811,0.0004055000000000001,-137053677194.11694,-16388696579.367413,57804.530881383325,16374359760.6315,200197774377.4769,3.570089853173239,-137054403997.9041,-16388390742.090294,57805.30482605219
812,0.00040600000000000006,-137391098744.52487,-12413731155.386898,57805.58400923632,14914380541.368635,200062968657.0186,3.5603109615794217,-137391753230.0023,-12413698070.038042,57805.30482605219
813,0.00040650000000000007,-137613330039.02475,-8433488888.127598,57804.953102095344,13825304903.846388,199865693076.14664,3.5523243875385,-137613998458.07208,-8433223037.733129,57805.30482605219
814,0.0004070000000000001,-137720403865.63644,-4450483394.839736,57805.26983123696,13100051659.722746,199605129724.48627,3.546092021995972,-137721100166.8586,-4450278741.13183,57805.30482605219
815,0.00040750000000000004,-137712327961.5306,-468520447.6545563,57805.006184711296,12733211760.759123,199280543252.71173,3.54158285156539,-137713033617.37863,-468123587.23987883,57805.30482605219
816,0.0004080000000000001,-137589248701.90894,3509948487.8406415,57806.73969808249,12721116179.207964,198891147018.90353,3.538772637058111,-137589946936.09955,3509722169.3324594,57805.30482605219
817,0.00040850000000000006,-137351385957.43599,7480419034.403814,57806.732983447604,13061784380.964668,198436129263.5371,3.5376434320161922,-137352068971.28506,7480144769.967416,57805.30482605219
818,0.0004090000000000001,-136999115504.42845,11439578790.651773,57805.30426253979,13754873800.335148,197914648389.2063,3.53818318877081,-136999743711.06853,11439712339.499146,57805.30482605219
819,0.0004095000000000001,-136532819772.8905,15385041711.516768,57805.30056462883,14801629626.47113,197325868714.07602,3.5403852343654334,-136533429900.23743,15385171310.515436,57805.30482605219
820,0.0004100000000000001,-135953043984.4211,19313041948.274727,57805.06556148625,16205045560.606129,196668847280.4737,3.5442485239744745,-135953616622.86714,19313282834.127865,57805.30482605219
821,0.00041050000000000006,-135260419189.08894,23220261096.903976,57804.47590576696,17969781674.265247,195942610983.52335,3.549777338077912,-135260938043.48917,23220726966.513607,57805.30482605219
822,0.00041100000000000007,-134455517357.00584,27104261298.366795,57805.89678559087,20102234092.532776,195146133053.59933,3.556981200897772,-134456155643.54779,27104269181.587555,57805.30482605219
823,0.0004115000000000001,-133539214509.31357,30961193785.736626,57807.14215680808,22610806675.159058,194278196697.70816,3.565875607854756,-133539957363.65056,30960719731.74775,57805.30482605219
824,0.0004120000000000001,-132512462962.49675,34787616227.615005,57807.51915946588,25505706636.22826,193337614614.37717,3.5764812831971953,-132513291945.0701,34786954790.51824,57805.30482605219
825,0.00041250000000000005,-131376231579.12022,38580499280.81285,57807.56948887588,28799094119.792843,192323165226.533,3.588824082781065,-131377033772.20511,38579716263.06952,57805.30482605219
826,0.00041300000000000006,-130131697246.21877,42336410224.47981,57806.46246796953,32505331495.13139,191233497911.579,3.602935531053471,-130132449877.0189,42335990127.63648,57805.30482605219
827,0.0004135000000000001,-128779803115.48402,46053016636.49273,57806.64233802685,36641011361.55617,190067227447.89218,3.6188527161826882,-128780649172.08025,46052525757.68311,57805.30482605219
828,0.00041400000000000003,-127322081771.04878,49726409629.966774,57805.36277366985,41225580860.630684,188822636152.75812,3.636620013736168,-127322864940.04887,49726274018.87351,57805.30482605219
829,0.0004145000000000001,-125759609034.44165,53354340612.76004,57805.16658857993,46280939202.91808,187498154287.41495,3.656287598132603,-125760342808.54611,53354289887.06057,57805.30482605219
830,0.00041500000000000006,-124093881030.75475,56933603412.98108,57805.18044690583,51832439081.9233,186091802738.58215,3.677913764554142,-124094570964.35564,56933621499.55001,57805.30482605219
831,0.00041550000000000007,-122326128501.33546,60461838789.45456,57807.11508821347,57908786020.39811,184601561203.5721,3.7015645431816386,-122327160647.63724,60461265083.02909,57805.30482605219
832,0.0004160000000000001,-120458822054.80235,63934304911.15739,57804.98756603205,64542889905.73713,183025037059.2722,3.727315537307594,-120459563600.94492,63934374195.96643,57805.30482605219
833,0.0004165000000000001,-118492906254.24156,67349748755.44131,57804.33159235149,71770859833.36595,181360452361.93628,3.7552476224696996,-118493503302.88617,67350007852.92243,57805.30482605219
834,0.00041700000000000005,-116430247291.30992,70705123845.21655,57804.09672193786,79634673012.76611,179605004224.85458,3.785453827108533,-116430694154.61026,70705572918.53175,57805.30482605219
835,0.0004175000000000001,-114272441472.13367,73998057822.64713,57805.356902353946,88181719696.51445,177755852619.13696,3.818038597563657,-114273061449.51204,73998208349.99998,57805.30482605219
836,0.0004180000000000001,-112021911651.52103,77225017624.76894,57805.16652913747,97466044382.81482,175809754001.18997,3.8531197799114856,-112022528450.1219,77225256067.93585,57805.30482605219
837,0.0004185000000000001,-109680490618.07759,80383670993.86719,57804.66588500855,107548285248.54315,173763702437.49393,3.8908265578280417,-109681010026.06947,80384142956.81773,57805.30482605219
838,0.0004190000000000001,-107249877870.01079,83471956290.65147,57805.52665106963,118497660192.97221,171614150882.91232,3.931303110357921,-107250561184.7856,83472243729.30307,57805.30482605219
839,0.00041950000000000006,-104732526993.98897,86486904009.19455,57806.00346341826,130393564806.29532,169356898876.26395,3.974712437297362,-104733315822.9075,86487080702.06854,57805.30482605219
840,0.00042000000000000007,-102130650825.43533,89426079837.80974,57806.152885716765,143326226225.21738,166987734945.33737,4.021235784854337,-102131488606.14215,89426250748.56145,57805.30482605219
841,0.00042050000000000003,-99446316565.11366,92287354483.86017,57806.83715358474,157398999006.15878,164501992710.8634,4.071075670991797,-99447357645.30673,92287302638.83975,57805.30482605219
842,0.0004210000000000001,-96682099454.81203,95068148605.71902,57807.026857085686,172730942777.12808,161894329971.7603,4.124460313213663,-96683321156.24194,95068041521.51547,57805.30482605219
843,0.00042150000000000005,-93840524877.24844,97766126829.20454,57806.41137842164,189458964138.1965,159159106423.2581,4.181645500333654,-93841677922.7613,97766124090.62727,57805.30482605219
844,0.00042200000000000007,-90923731787.58984,100379471249.15787,57806.30243472843,207741295982.61246,156290125613.79507,4.242918790002163,-90924957057.9176,100379486111.81686,57805.30482605219
845,0.0004225000000000001,-87934308778.58191,102906018803.66405,57806.356364769395,227762250874.16953,153280157143.17606,4.308607139954892,-87935560180.99539,102905907453.61383,57805.30482605219
846,0.0004230000000000001,-84874998911.39206,105343616422.5164,57806.02078303042,249736740517.73346,150121296650.72372,4.3790820472428305,-84876151215.68991,105343642708.0001,57805.30482605219
847,0.00042350000000000005,-81748184600.11359,107690547154.82802,57806.160369990874,273916340799.71042,146804901400.81824,4.454765970181341,-81749478732.11415,107690547227.08208,57805.30482605219
848,0.0004240000000000001,-78556871375.61618,109944701152.33974,57805.735307867784,300597679176.2391,143321056379.1371,4.536143384656726,-78558053759.59935,109944788074.68152,57805.30482605219
849,0.00042450000000000007,-75303188425.00616,112104752747.69202,57806.60172133098,330131288463.68616,139659004271.75192,4.6237695787115785,-75304662418.11195,112104630462.37636,57805.30482605219
850,0.0004250000000000001,-71990149943.793,114168802293.30524,57807.83637767505,362935326434.7116,135806074967.53024,4.718288834469998,-71992118063.80971,114168326103.66193,57805.30482605219
851,0.0004255000000000001,-68621325241.91198,116134761244.23746,57807.416812980366,399509936466.6188,131748416704.84424,4.820448631028147,-68623263742.25843,116134369482.26761,57805.30482605219
852,0.00042600000000000005,-65199304028.62351,118001332841.6789,57806.45272750464,440456009055.58685,127471121531.73856,4.931116227878312,-65200975293.61589,118001097987.94559,57805.30482605219
853,0.00042650000000000007,-61726164423.16223,119767553530.88786,57807.135150574395,486502146023.7847,122956887311.1637,5.051309498625152,-61728224926.96634,119767202551.16226,57805.30482605219
854,0.0004270000000000001,-58206303010.39728,121431272686.45818,57805.69120996564,538539005564.65485,118185433372.26082,5.182236567605774,-58207844670.40465,121431194639.88838,57805.30482605219
855,0.0004275000000000001,-54641223722.96767,122992007789.52678,57806.00333890892,597658288289.0679,113135540186.66295,5.325326253340528,-54642929365.934166,122991883612.37268,57805.30482605219
856,0.00042800000000000005,-51035137434.392685,124447990816.654,57805.0780610929,665214252656.987,107781830199.8091,5.482295460494867,-51036428400.99023,124448044411.44878,57805.30482605219
857,0.00042850000000000006,-47389875492.25067,125798672694.0259,57805.81019957301,742893696034.1024,102097548060.4287,5.655206914636274,-47391515332.68499,125798587422.58311,57805.30482605219
858,0.0004290000000000001,-43709290642.02146,127042694217.97871,57806.27374815696,832819171860.5685,96052222963.93498,5.846567673597545,-43711203035.42103,127042581362.44464,57805.30482605219
859,0.0004295000000000001,-39996210232.021706,128179243053.0606,57807.09672814543,937676922619.1115,89614448735.91171,6.059431873405826,-39998591310.045204,128178986813.62599,57805.30482605219
860,0.00043000000000000004,-36254814554.54491,129207154499.44113,57806.18286585862,1060892812329.7831,82752233780.10786,6.297541944476959,-36256826511.236725,129207048589.35162,57805.30482605219
861,0.0004305000000000001,-32486995311.82106,130126122390.67029,57806.247714518344,1206858295152.871,75437406063.75397,6.56548721119336,-32489123653.771156,130126043177.56165,57805.30482605219
862,0.00043100000000000007,-28696393374.5483,130935348295.26826,57806.26315965382,1381231412253.12,67649377461.757965,6.868907335957831,-28698560251.229053,130935277113.11662,57805.30482605219
863,0.0004315000000000001,-24886256638.81855,131634272213.5114,57806.139852854685,1591300840334.584,59388298784.66988,7.214674760459097,-24888401153.425186,131634239308.26059,57805.30482605219
864,0.0004320000000000001,-21060545035.050526,132222299044.74928,57804.611789262584,1846400600848.867,50695161132.52195,7.6110073522968955,-21061892585.15337,132222470954.37642,57805.30482605219
865,0.0004325000000000001,-17220862520.12683,132699403268.79326,57804.59439271667,2158271181428.456,41689213060.542984,8.067323960741415,-17222133148.531796,132699625199.97243,57805.30482605219
866,0.00043300000000000006,-13371127418.626677,133065149857.49095,57804.71249679522,2541098693322.842,32630575126.346428,8.593474756517205,-13372398506.878323,133065340056.62117,57805.30482605219
867,0.0004335000000000001,-9514405138.680656,133319376486.7427,57805.21002721473,3010520308578.9756,24031132536.001183,9.197470570170994,-9515966148.91619,133319559710.09302,57805.30482605219
868,0.0004340000000000001,-5654373340.894082,133461932849.66153,57805.3224692602,3580099889984.162,16822664252.366688,9.880179762786778,-5656029468.722638,133462154745.58093,57805.30482605219
869,0.00043450000000000004,-1794069905.8641534,133492867791.22636,57805.42843775117,4252466528741.5474,12576206949.657078,10.624580665917867,-1795797321.1906416,133493129315.99734,57805.30482605219
870,0.0004350000000000001,2063253031.801798,133412265887.35957,57805.421978956496,5001546133795.116,13658291399.141382,11.377760908331776,2061471143.838817,133412564508.7768,57805.30482605219
871,0.00043550000000000007,5914667309.606798,133220313251.2192,57805.65892074391,5746398030290.585,22974318226.36254,12.03050557480392,5912616539.551006,133220692632.78152,57805.30482605219
872,0.0004360000000000001,9756666406.326647,132917318232.83295,57805.836577814516,6334592802741.664,42714785846.984795,12.417929107266591,9754415032.20097,132917796111.27821,57805.30482605219
873,0.00043650000000000004,13585684717.823618,132503703434.2705,57805.56541438931,6578686095526.781,72068580027.85403,12.38084452442377,13583674712.917793,132504234446.01918,57805.30482605219
874,0.00043700000000000005,17398137020.8554,131980026205.57921,57804.46758678735,6366521845792.546,105856325098.73105,11.882156090349845,17397136617.145424,131980483798.66159,57805.30482605219
875,0.0004375000000000001,21194105833.19002,131346391928.309,57805.93004978051,5755829593092.158,136752215878.93985,11.06425465341786,21191783165.997185,131347139869.76797,57805.30482605219
876,0.00043800000000000013,24966899631.63503,130603922648.38097,57806.16080733214,4933360426453.047,159636576909.4465,10.157740612788409,24964354965.536102,130604809358.16472,57805.30482605219
877,0.0004385000000000001,28711940713.325214,129753763885.48216,57803.75435570212,4087660233894.3794,173498467188.08377,9.342791361014323,28711725840.547398,129754203505.73106,57805.30482605219
878,0.0004390000000000001,32430361686.62469,128795951527.68292,57803.182447148734,3331844480982.0444,180088183498.0986,8.696385013521338,32430883578.061405,128796215077.39754,57805.30482605219
879,0.00043950000000000006,36116909477.79002,127731852126.8152,57802.06988104221,2705431373608.6006,181905089378.01562,8.219114545201968,36118579743.03677,127731760193.76596,57805.30482605219
880,0.00044000000000000007,39770885386.01079,126561829673.49437,57803.0308755567,2205772449806.2974,181084474917.45706,7.877387518798348,39771918687.29844,126561905420.92345,57805.30482605219
881,0.00044050000000000014,43387081319.15984,125287532126.61772,57803.543133936735,1813747695149.6248,179130812958.94586,7.630186143862381,43387818666.8084,125287724750.67218,57805.30482605219
882,0.0004410000000000001,46963181096.99585,123909942158.26025,57804.43088214204,1507308271249.9712,176992675314.20624,7.440667634182007,46963345370.555,123910353893.4883,57805.30482605219
883,0.0004415000000000001,50495018567.84076,122430771655.15504,57804.02186997463,1266796585088.965,175216877547.11588,7.279622797971834,50495549776.8132,122431023222.24268,57805.30482605219
884,0.00044200000000000006,53980024297.020905,120851326311.90674,57802.69514927798,1076333688935.9567,174071565121.8061,7.125824320222657,53981566072.8999,120851145381.2698,57805.30482605219
885,0.0004425000000000001,57417005704.94906,119172355953.84079,57803.109396893284,923661271819.5338,173636280524.17102,6.96541654335058,57418437186.646866,119172069838.39575,57805.30482605219
886,0.00044300000000000003,60802358932.3462,117395648014.71936,57803.99705358407,799535943392.779,173865419399.69202,6.791036178202167,60803404459.31853,117395560574.01282,57805.30482605219
887,0.00044350000000000005,64132180883.62207,115523357468.17653,57803.20447702404,697096274975.9117,174634034486.33374,6.600774659893318,64133676086.48381,115522997269.57137,57805.30482605219
888,0.0004440000000000001,67405338339.954666,113556374330.54025,57803.91359016813,611308768817.9785,175778740330.35608,6.396904907875853,67406587388.30805,113556032071.33937,57805.30482605219
889,0.0004445000000000001,70618694791.16284,111496643611.77641,57805.13976456851,538507757824.45935,177134375351.18893,6.184400632040197,70619411821.35945,111496547408.59923,57805.30482605219
890,0.0004450000000000001,73769073041.95221,109346317732.83904,57805.57996239623,476036817820.20233,178556591653.04315,5.969477046463404,73769586297.89664,109346288770.83475,57805.30482605219
891,0.0004455000000000001,76854706800.44347,107106795465.2502,57807.18041400447,421964001028.7118,179936936548.6133,5.758328643148107,76854520365.87306,107107188325.75363,57805.30482605219
892,0.00044600000000000005,79871663744.76196,104781021152.38718,57806.23543109926,374860885987.3346,181208951114.76746,5.5562146666249035,79871751826.27773,104781212039.44427,57805.30482605219
893,0.00044650000000000007,82819106555.65837,102369927881.38098,57807.14925499572,333646181351.5526,182342386544.5512,5.366984628080883,82818759575.67038,102370382943.19862,57805.30482605219
894,0.00044700000000000013,85693405305.38182,99876558339.8402,57806.32085877902,297468016850.2999,183337991784.98532,5.192944033895276,85693337034.78055,99876849224.6894,57805.30482605219
895,0.0004475000000000001,88493091047.20766,97302437675.35915,57806.331329453205,265634295028.85312,184213951996.0883,5.035017684036741,88493028907.95656,97302718342.70566,57805.30482605219
896,0.0004480000000000001,91215458960.40508,94650188575.9108,57805.73546117241,237562378014.74527,184998601728.36075,4.893034217988218,91215506105.33658,94650323461.5721,57805.30482605219
897,0.00044850000000000006,93858393047.08801,91922081743.18053,57804.77556889714,212752922263.91156,185721196236.87622,4.766069913832803,93858716935.31232,91921946180.59142,57805.30482605219
898,0.00044900000000000007,96420499327.05237,89119748755.13962,57805.93734930907,190772538726.05054,186407420002.3251,4.652761971042285,96420490722.12903,89119968397.18616,57805.30482605219
899,0.00044950000000000003,98899102238.17218,86246202545.18903,57806.88351101285,171243063789.15973,187077063089.06494,4.55155971987299,98898802008.4921,86246804694.5336,57805.30482605219
900,0.00045000000000000015,101292067021.23088,83304118430.07689,57807.02768678883,153837232462.47,187741807559.7392,4.460915944383203,101291651025.81824,83304870542.30959,57805.30482605219
901,0.0004505000000000001,103597316558.12563,80296294218.47037,57805.69787214535,138273133509.2003,188406513284.3168,4.379402972897624,103597127791.4452,80296727620.75801,57805.30482605219
902,0.0004510000000000001,105813627528.1994,77224601710.77946,57805.44872231579,124309834787.02734,189070575664.9821,4.305772779987076,105813504727.47351,77224974985.17871,57805.30482605219
903,0.0004515000000000001,107939023603.07295,74091948276.22519,57805.230953640414,111742096994.23526,189730172168.2055,4.238971779349815,107938975239.59695,74092266279.37,57805.30482605219
904,0.0004520000000000001,109971999876.8171,70900770266.462,57805.812978655376,100397263410.17033,190378900269.42505,4.178136185185534,109971802589.31644,70901259253.51794,57805.30482605219
905,0.00045250000000000005,111910454300.13863,67654571675.15649,57804.66309301366,90130521249.90794,191009556009.1904,4.122568033844348,111910469968.37184,67654723238.40522,57805.30482605219
906,0.00045300000000000006,113753456316.96826,64355241428.48759,57804.83253706337,80821662190.39713,191614547472.17282,4.071708891217667,113753456619.40767,64355394658.00649,57805.30482605219
907,0.0004535000000000001,115499456216.57011,61005737048.17959,57805.631319997316,72369903367.65625,192187561842.45398,4.025105787257128,115499320680.41444,61006143675.086975,57805.30482605219
908,0.0004540000000000001,117146863453.52083,57609345530.34777,57805.62819488576,64691435973.06048,192723039969.19214,3.9823875899342775,117146723059.77501,57609790501.57405,57805.30482605219
909,0.0004545000000000001,118694598463.81808,54168621419.247154,57805.98804064026,57716585247.3007,193216257252.82245,3.9432457407713573,118694362258.87912,54169226374.577385,57805.30482605219
910,0.00045500000000000006,120141474131.77112,50686480259.16397,57806.66371968703,51386767732.282936,193663671059.83392,3.9074171534344293,120141123021.29695,50687342990.445946,57805.30482605219
911,0.00045550000000000007,121486041899.62735,47166726735.03275,57805.069922011506,45652674555.650986,194062513462.928,3.8746738611956677,121485954449.0094,47167126825.90513,57805.30482605219
912,0.000456,122727779086.14713,43611241850.99552,57804.91887078889,40472948387.41721,194410376822.4088,3.844817548375135,122727707003.38809,43611570780.73734,57805.30482605219
913,0.00045650000000000015,123865542267.00774,40023582143.79368,57804.31870419942,35811847802.894646,194705792981.12656,3.817671482695634,123865544392.07059,40023704009.38192,57805.30482605219
914,0.0004570000000000001,124898725645.0212,36406099379.48916,57805.36058704926,31639053636.407593,194947329536.35602,3.7930798340233878,124898663787.73708,36406484758.97421,57805.30482605219
915,0.0004575000000000001,125826248371.83194,32762891909.74,57804.665069330666,27928303894.77408,195133937176.64386,3.7709044116725488,125826271260.0186,32763054224.869343,57805.30482605219
916,0.0004580000000000001,126647704379.78905,29096229248.191162,57804.91878103863,24657362104.4372,195264386895.50952,3.7510251718349537,126647683135.91336,29096431843.797882,57805.30482605219
917,0.0004585000000000001,127362323117.40068,25410037976.190716,57803.49413844787,21806816430.30884,195337806097.69043,3.7333367318683375,127362429206.76291,25409719546.667538,57805.30482605219
918,0.00045900000000000004,127969780793.55205,21706886749.459885,57802.269972658585,19360196340.76893,195353198774.85226,3.7177483205821065,127970016179.01917,21706027756.009056,57805.30482605219
919,0.00045950000000000006,128469758941.10886,17989474410.691956,57802.41109299121,17303257064.182793,195309774807.64832,3.704181303026088,128469996402.2729,17988467358.63737,57805.30482605219
920,0.0004600000000000001,128861924018.39406,14260950217.287956,57803.57095083396,15623882253.15613,195206786416.81717,3.692568059033938,128862048453.90364,14260169357.830631,57805.30482605219
921,0.0004605000000000001,129145986547.62943,10524993746.535748,57803.945380123056,14312023482.6456,195043429541.77655,3.6828514400254826,129146069255.81985,10524251044.039728,57805.30482605219
922,0.0004610000000000001,129321870265.41772,6784452736.694129,57804.5004028174,13359578623.076324,194818848139.67807,3.674984063253063,129321969000.43436,6783838770.558515,57805.30482605219
923,0.00046150000000000005,129389538950.99373,3042611102.6364894,57804.75139403298,12760153938.392035,194532248765.48764,3.6689269169851424,129389628691.7861,3042107562.591545,57805.30482605219
924,0.00046200000000000006,129349070564.22385,-697812754.06487,57805.944075997955,12509045775.558382,194182831125.77267,3.66464862780011,129349162028.11435,-697953122.7068858,57805.30482605219
925,0.0004625,129200598857.15259,-4433383248.60335,57806.988951326675,12603180416.038061,193769791795.93298,3.662124790176939,129200693308.9505,-4433096692.809269,57805.30482605219
926,0.00046300000000000014,128944379416.34431,-8160785907.584781,57807.33049390574,13041106529.282305,193292289911.81946,3.661337587370806,128944490203.02937,-8160274448.660048,57805.30482605219
927,0.0004635000000000001,128580773252.13411,-11876819983.752853,57806.815812772824,13822941461.466763,192749473715.17416,3.6622752880827463,128580852226.72798,-11876317352.104956,57805.30482605219
928,0.0004640000000000001,128110161759.96167,-15579054037.43151,57807.53671325819,14950364247.796997,192140475179.4022,3.6649318731178635,128110295158.7498,-15578281376.108702,57805.30482605219
929,0.00046450000000000007,127533159436.96164,-19263425534.142597,57806.36456258608,16426747281.113817,191464327019.8281,3.669307222554264,127533264930.28401,-19262886399.30768,57805.30482605219
930,0.0004650000000000001,126850306455.09904,-22927595977.614555,57805.761112929285,18256981816.124207,190720102012.50995,3.6754063964607524,126850427578.08177,-22927189766.21106,57805.30482605219
931,0.00046550000000000004,126062397346.23457,-26567945423.920113,57803.891582501434,20447777062.658108,189906726644.66592,3.683240228375192,126062442449.50723,-26568130066.91248,57805.30482605219
932,0.0004660000000000001,125169952865.2947,-30182799144.45941,57804.96279871261,23007507952.002563,189023144035.55075,3.692824782662405,125170047872.4032,-30182736408.672825,57805.30482605219
933,0.0004665000000000001,124174035526.1835,-33768074378.239754,57805.1873016437,25946790020.835857,188067974613.28146,3.7041829910864568,124174159316.48154,-33767898372.617836,57805.30482605219
934,0.0004670000000000001,123075526627.49673,-37321125233.76209,57805.66068947769,29277979700.376076,187039987234.89664,3.717343044757036,123075728062.08029,-37320746332.15809,57805.30482605219
935,0.0004675000000000001,121875504791.54808,-40838855623.247894,57805.840608119586,33015683708.930595,185937781698.0359,3.732339212857867,121875678457.32088,-40838403984.98172,57805.30482605219
936,0.00046800000000000005,120575194843.5458,-44318084966.17008,57804.91360120729,37176786527.4479,184759899330.78952,3.7492118369844794,120575277453.60155,-44317917941.79122,57805.30482605219
937,0.00046850000000000006,119175644130.50458,-47756446610.74531,57804.578523999684,41780589998.680984,183504842824.56128,3.7680073037040254,119175662429.21252,-47756487854.92722,57805.30482605219
938,0.000469,117678281135.35951,-51150732040.89529,57803.54678111526,46849402094.98083,182170821311.30768,3.788779648236935,117678138228.38184,-51151142403.69662,57805.30482605219
939,0.00046950000000000014,116084072089.81796,-54499094779.459,57804.84888129615,52408441083.796555,180756048895.15872,3.811590026157437,116084032787.76651,-54499162224.029495,57805.30482605219
940,0.0004700000000000001,114394765699.14397,-57798007195.97373,57805.65589064722,58486879453.0662,179258239694.57828,3.8365095135056646,114394808763.79224,-57797801325.61102,57805.30482605219
941,0.0004705000000000001,112611918777.58195,-61044718268.941086,57805.88512176043,65117331692.74134,177675308866.75522,3.8636170551039144,112611974129.06602,-61044429036.684296,57805.30482605219
942,0.00047100000000000006,110737052429.22578,-64236739122.317406,57806.14951092458,72336702389.77489,176004990307.95816,3.893000533732304,110737218918.35982,-64236290934.27951,57805.30482605219
943,0.0004715000000000001,108771831093.84883,-67371473821.9348,57806.46961862254,80186901337.10966,174244720187.65768,3.924758486368817,108772104588.15662,-67370878868.807014,57805.30482605219
944,0.00047200000000000003,106718208602.78876,-70446036685.94211,57805.747761502615,88715422958.79405,172391707880.69556,3.959001182894002,106718397947.20132,-70445591920.59895,57805.30482605219
945,0.0004725000000000001,104577939236.65823,-73458077559.30519,57804.61806642762,97975855787.76326,170443088197.40387,3.995850794939213,104577955811.3163,-73457964444.99588,57805.30482605219
946,0.0004730000000000001,102352710796.37387,-76405458400.70421,57804.150636947285,108029180170.4876,168395601154.19632,4.035443877537906,102352623405.947,-76405532785.69131,57805.30482605219
947,0.00047350000000000007,100044572988.86192,-79285644901.33366,57803.74856881924,118945065752.32889,166245495611.16934,4.077934222194612,100044347955.98656,-79285900733.0848,57805.30482605219
948,0.0004740000000000001,97655537216.63608,-82096323865.58542,57803.44933415619,130802806736.86636,163988811834.9428,4.123493704170043,97655153551.8786,-82096727548.00842,57805.30482605219
949,0.00047450000000000004,95187672171.33313,-84835248688.85558,57803.30834945011,143693048676.86398,161621206838.3738,4.172314640465911,95187115291.53722,-84835818255.81746,57805.30482605219
950,0.00047500000000000005,92643188742.52837,-87500144247.44522,57803.05390202353,157719706181.12405,159137902185.2065,4.2246126099513965,92642505148.97127,-87500868416.29056,57805.30482605219
951,0.0004755000000000001,90024324145.6607,-90088851766.1416,57802.62906141274,173002150909.79736,156533698769.85822,4.280629334466934,90023438338.02759,-90089759111.21202,57805.30482605219
952,0.00047600000000000013,87332809412.73222,-92599834877.87279,57804.02790832997,189678039126.38593,153802862424.02103,4.340636620800617,87332140969.50577,-92600415973.17578,57805.30482605219
953,0.0004765000000000001,84571720240.49367,-95030318480.63321,57804.19520493533,207907546032.29318,150938575140.9181,4.404944209239723,84571031877.93166,-95030910721.11557,57805.30482605219
954,0.0004770000000000001,81742929521.90536,-97378856783.68156,57805.14269500848,227875678103.90503,147934114094.23206,4.473899418503677,81742474046.58269,-97379242871.39047,57805.30482605219
955,0.00047750000000000006,78849442125.4304,-99643083020.26456,57804.8580970461,249799158362.267,144781406207.44556,4.547898410355678,78848874117.2293,-99643541965.43633,57805.30482605219
956,0.00047800000000000007,75893150417.52815,-101821713903.37415,57805.491315004096,273931176356.67798,141472034455.45377,4.627390233579009,75892735910.7345,-101822004591.70325,57805.30482605219
957,0.00047850000000000003,72876972734.86827,-103912714743.39319,57805.69325807237,300570977859.12946,137995923779.94403,4.712891758679112,72876658188.06276,-103912897878.71071,57805.30482605219
958,0.0004790000000000001,69803273148.48448,-105914607625.25237,57806.20660851482,330072312230.8425,134342260798.94768,4.804996341956223,69803211443.15979,-105914643086.33687,57805.30482605219
959,0.0004795000000000001,66675006405.205795,-107825600874.52556,57806.06126873387,362856736304.4557,130498674847.6004,4.904390712543139,66674936817.81809,-107825653744.76617,57805.30482605219
960,0.00048000000000000007,63494370214.01537,-109644516620.15361,57806.690157880075,399428501075.04846,126451615562.86499,5.011871005063327,63494549311.2865,-109644408421.89116,57805.30482605219
961,0.0004805000000000001,60264545322.90862,-111369645989.819,57806.71146367841,440395970046.6224,122185355105.73906,5.1283697184284405,60264759377.003654,-111369511614.79556,57805.30482605219
962,0.00048100000000000004,56988611113.945404,-112999506673.8293,57805.440397812876,486495971183.8902,117682769955.59137,5.254980377658504,56988415292.07215,-112999606635.89008,57805.30482605219
963,0.00048150000000000005,53668692446.18609,-114533230914.36902,57804.774753023514,538627141114.9331,112924867405.1034,5.392992330552756,53668217447.76494,-114533476562.60666,57805.30482605219
964,0.0004820000000000001,50307466717.1955,-115969696618.83794,57804.93362842137,597895203753.8014,107889661199.35243,5.543942687131523,50307055455.15931,-115969933972.03142,57805.30482605219
965,0.00048250000000000013,46908252304.114426,-117307587010.67549,57804.69164121295,665669463618.7035,102552751065.61778,5.709674215586941,46907758154.125854,-117307916945.81236,57805.30482605219
966,0.0004830000000000001,43473257049.74488,-118546178515.9683,57805.61472204274,743656576929.5771,96887953398.1448,5.892404141635341,43473125217.0824,-118546291085.4859,57805.30482605219
967,0.0004835000000000001,40005765482.230316,-119684365021.57297,57806.66908355507,834001733708.8462,90866513747.53445,6.094822735804033,40006162266.94195,-119684306493.32709,57805.30482605219
968,0.00048400000000000006,36509345052.09236,-120721091470.553,57806.51909808987,939417664217.4741,84459201134.09442,6.32020488456671,36509786310.55391,-120721069041.5389,57805.30482605219
969,0.00048450000000000007,32986515520.24724,-121655786274.73209,57806.260630256096,1063355179841.1766,77638464171.09035,6.572547032841675,32986857449.274433,-121655788183.2365,57805.30482605219
970,0.00048500000000000013,29440355779.20856,-122487763643.11452,57805.70974619561,1210227956999.6785,70381300925.01714,6.856739296384147,29440474316.061893,-122487864230.23616,57805.30482605219
971,0.00048550000000000015,25873968631.888245,-123216434961.03842,57804.70782208548,1385693062124.6162,62677271882.1804,7.178743610109117,25873576687.781868,-123216604867.68846,57805.30482605219
972,0.0004860000000000001,22288852187.46982,-123841652984.2371,57806.062373141,1596985482713.8545,54541914542.34106,7.545745305124626,22289221696.292313,-123841636681.72119,57805.30482605219
973,0.0004865000000000001,18689761261.81877,-124362586514.96689,57806.302748019356,1853270445924.6294,46039389020.275215,7.966193624999401,18690252863.89023,-124362559355.19897,57805.30482605219
974,0.0004870000000000001,15079586718.308817,-124778985913.01059,57805.83776565173,2165862891140.0547,37327520162.70772,8.449456407396129,15079843106.718487,-124779039901.27278,57805.30482605219
975,0.0004875000000000001,11460553223.337645,-125090766391.7888,57806.12871543386,2547991536613.324,28727507665.862247,9.004655376333234,11460962643.489012,-125090772369.16583,57805.30482605219
976,0.00048800000000000004,7836271470.993262,-125297686876.19618,57806.10677976382,3013305472713.785,20839911787.00774,9.637694099882884,7836740309.338928,-125297683324.1845,57805.30482605219
977,0.0004885000000000001,4209501604.234263,-125399740295.40991,57806.282810166325,3571503912338.73,14715863908.158321,10.344759840523006,4210087603.3632913,-125399751988.86655,57805.30482605219
978,0.0004890000000000001,583463003.1175771,-125396949782.4643,57806.371221601155,4218421275350.6294,12050006504.101496,11.10008879546754,584156250.127604,-125396933476.41199,57805.30482605219
979,0.0004895000000000001,-3038740276.6816187,-125289430183.31992,57806.22710556929,4918033526022.6875,15244034177.421534,11.837490525611564,-3038138183.8879466,-125289411046.74232,57805.30482605219
980,0.0004900000000000001,-6654572058.623023,-125077363668.62883,57806.414376198685,5579995450700.63,26953866248.53868,12.434148633068439,-6653753422.263173,-125077393078.7412,57805.30482605219
981,0.0004905,-10261503339.280743,-124760988221.85075,57807.47728695301,6054396770944.35,48646961003.78417,12.724065686221802,-10259616325.065125,-124761120491.52109,57805.30482605219
982,0.000491,-13853345024.299871,-124341021192.90298,57805.888480334324,6181495324105.258,78531619568.85898,12.573459094009673,-13852799071.618744,-124341037680.5115,57805.30482605219
983,0.0004915000000000002,-17431013854.09642,-123817539745.4111,57806.054005189275,5894017584212.73,111007664149.70737,11.987942967833735,-17430255062.27644,-123817617514.28578,57805.30482605219
984,0.0004920000000000001,-20990228344.304916,-123191206075.09111,57806.434803804674,5276153629387.956,139430199905.3608,11.13461536432186,-20989071814.956474,-123191405679.6029,57805.30482605219
985,0.0004925000000000001,-24526284804.600983,-122462986370.45096,57805.158661146925,4502768081800.541,159815106554.0063,10.234479396591508,-24526266862.74712,-122463031094.96938,57805.30482605219
986,0.0004930000000000001,-28038336113.890274,-121633272243.3551,57804.52837759463,3731374003411.425,171846304914.7374,9.443526140464678,-28038863074.284283,-121633180626.39716,57805.30482605219
987,0.0004935000000000001,-31523643204.85517,-120702787393.12747,57804.69371296906,3050153736823.249,177373106063.97635,8.821210044315222,-31524051959.65423,-120702673834.76292,57805.30482605219
988,0.0004940000000000001,-34979407856.77508,-119672341338.15337,57805.74302621417,2487039528790.4326,178697207509.68607,8.361405264779822,-34978921163.06259,-119672480865.39009,57805.30482605219
989,0.0004945,-38401587147.728775,-118543202529.75569,57806.301462630494,2036926581060.614,177724740601.20483,8.030095333661167,-38400619122.19794,-118543453492.46169,57805.30482605219
990,0.0004950000000000001,-41786027233.44963,-117316908185.84755,57804.67490268374,1682255016474.919,175784977095.00235,7.788081310179644,-41786281233.211334,-117316777489.37097,57805.30482605219
991,0.0004955000000000001,-45133209467.439285,-115993567543.04109,57805.10576882652,1403578616401.733,173717594178.61108,7.600584497615529,-45133178251.97692,-115993523865.73009,57805.30482605219
992,0.0004960000000000001,-48438337376.64022,-114575059476.89699,57804.78520991051,1183679846039.1511,172010519569.93158,7.440039075005405,-48438542089.032776,-114574894682.3466,57805.30482605219
993,0.0004965000000000001,-51699290508.91741,-113062476457.905,57804.58186789602,1008635698208.596,170902734779.401,7.286348672115968,-51699669232.85608,-113062219598.55257,57805.30482605219
994,0.000497,-54914829448.35206,-111456524162.91357,57806.970499892224,867651787180.9114,170464845143.7241,7.1263082534373146,-54913856147.91439,-111456833889.67735,57805.30482605219
995,0.0004975,-58079580189.16959,-109759842870.49004,57807.04960484592,752544918733.3804,170654657729.53375,6.952796135323787,-58078500288.65421,-109760241093.91484,57805.30482605219
996,0.0004980000000000002,-61192928889.08032,-107973042259.9671,57808.61267587867,657209562447.9036,171356065795.8357,6.763841399888224,-61191027944.652534,-107973898169.07109,57805.30482605219
997,0.0004985000000000001,-64249729257.087036,-106099111295.03886,57806.13670611003,577132468906.0349,172420589039.498,6.561423246661138,-64248896300.27557,-106099418776.93579,57805.30482605219
998,0.0004990000000000001,-67250314865.478714,-104138224644.26825,57805.94992602273,509012552923.4138,173692563361.03476,6.350163981604495,-67249576838.264435,-104138540618.08824,57805.30482605219
999,0.0004995,-70191041695.1042,-102092783277.53027,57805.17594997104,450436403393.8743,175037845887.38483,6.135939074042547,-70190589916.83614,-102092937708.2122,57805.30482605219
1000,0.0005000000000000001,-73075604521.47282,-99960406119.14227,57819.387031138256,399638561199.2493,176352724034.8108,5.924712180814674,-73088525057.41682,-99950636051.61224,61575.216010359945
1001,0.0005005000000000001,-75950664870.14597,-97705900493.4879,57980.64444026105,355297757699.3583,177575854577.27533,5.721617206069087,-76086900360.79158,-97597335075.2916,61575.216010359945
1002,0.0005010000000000001,-78799585397.88696,-95334404314.26047,58246.90117763776,316322562723.5314,178719572676.30005,5.530148373154613,-79009743414.44833,-95154198698.87453,61575.216010359945
1003,0.0005015000000000001,-81608104790.39442,-92851307317.31354,58582.242779350694,281874774830.83453,179787318965.8795,5.352446255509981,-81854351868.02754,-92623753291.8828,61575.216010359945
1004,0.0005020000000000001,-84363237818.40111,-90262839319.44022,58954.58425111521,251304492149.25995,180781650457.24582,5.189541573032576,-84618139525.01035,-90008461279.66153,61575.216010359945
1005,0.0005025000000000001,-87054086649.73433,-87575187070.43391,59338.67333486308,224098844670.8628,181706766074.17194,5.041593331616783,-87298606240.64365,-87310837364.18909,61575.216010359945
1006,0.0005030000000000001,-89671375804.24994,-84794602268.063,59714.73536935116,199842104228.7637,182569342400.06052,4.908114227308371,-89893185133.18372,-84533623669.7419,61575.216010359945
1007,0.0005035,-92207774683.08711,-81926782367.86925,60069.655468723824,178187811719.4146,183377485883.079,4.788180638981646,-92399620254.35942,-81679429896.89505,61575.216010359945
1008,0.000504,-94656865537.4924,-78977623482.40059,60393.17705036455,158839434039.55347,184139646399.25598,4.68061369208737,-94815624152.50813,-78751134943.2017,61575.216010359945
1009,0.0005045000000000002,-97013262525.81143,-75952944870.8342,60678.2575521274,141539009241.10278,184862818993.17722,4.584130826238233,-97138980149.68822,-75751599359.5978,61575.216010359945
1010,0.0005050000000000001,-99273175071.71559,-72857546149.38097,60923.45182122516,126059811998.58058,185551702224.88568,4.497459293294107,-99367724613.3476,-72683705773.82027,61575.216010359945
1011,0.0005055000000000001,-101433009821.84134,-69696666584.11986,61126.99197561249,112200834718.2987,186208983102.58212,4.419408716913779,-101499656727.08266,-69550450870.21501,61575.216010359945
1012,0.000506,-103490639522.22572,-66474141671.57914,61292.6791292869,99784556380.16803,186834808307.69565,4.3489173658559945,-103533033890.60928,-66354953715.590485,61575.216010359945
1013,0.0005065000000000001,-105444008833.4527,-63194045842.65381,61423.44341313406,88653687844.35878,187427967609.3132,4.2850670118094545,-105465901515.85443,-63100227370.051346,61575.216010359945
1014,0.0005070000000000001,-107291166569.54195,-59860693705.71166,61521.44217006166,78670001536.83931,187985859934.959,4.227084432934039,-107296605379.63464,-59789433093.76977,61575.216010359945
1015,0.0005075000000000001,-109030888264.43776,-56477538108.92883,61591.58124273895,69713021446.17888,188504871254.98257,4.174331717400989,-109023589326.5113,-56425819219.64564,61575.216010359945
1016,0.0005080000000000001,-110662476948.00798,-53047186757.55738,61640.817332007966,61677852584.57257,188981327005.8156,4.126286448187363,-110645226489.44443,-53012515754.54871,61575.216010359945
1017,0.0005085000000000001,-112184365187.43198,-49574088169.6738,61669.38333029626,54473304770.36974,189411980975.68655,4.0825195468431,-112160175545.5813,-49552941545.16422,61575.216010359945
1018,0.0005090000000000001,-113596076796.47638,-46060718940.14473,61683.78198391491,48021616169.64369,189793291764.54248,4.0426806465763745,-113567089729.75903,-46050383786.004944,61575.216010359945
1019,0.0005095000000000001,-114896833344.87685,-42510228413.08239,61687.3933238963,42255789073.01573,190122557030.20447,4.006477894472292,-114864786199.36035,-42508171236.888405,61575.216010359945
1020,0.00051,-116085747255.0982,-38926252798.16348,61681.61630784873,37118752501.640884,190397429966.05722,3.973665202031424,-116052149023.63945,-38929788254.670616,61575.216010359945
1021,0.0005105000000000001,-117162373315.35645,-35311441670.77197,61670.690865104865,32562296453.85788,190615778917.924,3.944033046070076,-117128205922.96854,-35318630893.12432,61575.216010359945
1022,0.0005110000000000002,-118126231411.75941,-31668538243.678436,61657.843525023825,28545496443.20197,190775984328.84177,3.9173994328807296,-118091998783.43843,-31678140058.37964,61575.216010359945
1023,0.0005115000000000001,-118976713245.77469,-28000828868.72705,61644.10876856897,25033865408.638527,190876687475.4934,3.893604687078444,-118942776650.67294,-28011808009.01676,61575.216010359945
1024,0.0005120000000000001,-119713140449.37125,-24312294857.47356,61628.28406931133,21998685869.965965,190916561539.18762,3.8725088532830543,-119679893851.00002,-24323129620.269463,61575.216010359945
1025,0.0005125,-120335309409.14876,-20605285812.326023,61614.33119180772,19416331346.45445,190894234093.9225,3.8539900223887655,-120302768807.6688,-20615703104.80041,61575.216010359945
1026,0.0005130000000000001,-120842811768.5365,-16883191571.004587,61602.369454998356,17267153139.57606,190808621031.54013,3.8379408526904224,-120810882734.91078,-16892954561.583704,61575.216010359945
1027,0.0005135000000000001,-121235282074.47037,-13149798855.066994,61591.32530232674,15535257575.42051,190658585503.85388,3.824267998052354,-121203925211.25053,-13158482626.35693,61575.216010359945
1028,0.0005140000000000001,-121512543537.244,-9408381601.83271,61581.87209579347,14208046689.556244,190442943290.1239,3.812891421440969,-121481759421.45396,-9415731659.196127,61575.216010359945
1029,0.0005145000000000001,-121674471984.79195,-5662570180.055469,61573.49335263392,13275717263.690245,190160563819.8883,3.8037430776461907,-121644068441.72038,-5668404742.364053,61575.216010359945
1030,0.000515,-121721065554.2551,-1915904882.0110815,61566.03198815087,12731000498.329185,189810317488.34937,3.7967661114694944,-121690944807.664,-1920053818.0981824,61575.216010359945
1031,0.0005155000000000001,-121652430975.01314,1829046041.5240533,61562.26454238717,12568904432.06559,189391089749.7692,3.7919140271801304,-121622468377.20596,1825750638.838401,61575.216010359945
1032,0.0005160000000000001,-121468700171.16464,5568419752.357673,61560.55949844365,12786582934.70416,188901752863.0914,3.7891501138022115,-121438789667.24606,5565490732.683873,61575.216010359945
1033,0.0005165,-121170174393.61218,9298037931.79419,61558.6028049236,13383284492.235075,188341104406.46982,3.7884472475769164,-121140246030.41718,9295775650.460484,61575.216010359945
1034,0.0005170000000000001,-120757312130.46286,13014092633.916576,61555.56740618211,14360184595.260649,187707947458.2898,3.7897871363611677,-120727292764.16054,13012899002.374693,61575.216010359945
1035,0.0005175000000000002,-120230584830.2608,16713864795.68994,61554.015970610904,15720317043.210657,187001109105.00342,3.7931595907909137,-120200440183.96703,16713364870.226583,61575.216010359945
1036,0.0005180000000000001,-119590487999.76215,20394544861.167854,61555.73927147641,17468754172.511276,186219310781.9389,3.7985627266409496,-119560279486.48381,20393840411.653893,61575.216010359945
1037,0.0005185000000000001,-118837940236.59645,24051168847.269104,61555.58639713931,19612764454.469917,185361105003.48727,3.8060034161863543,-118807523547.46237,24050744394.12602,61575.216010359945
1038,0.000519,-117973713230.05707,27680857163.77668,61555.58612289273,22161455279.029705,184425184029.25342,3.8154957001716614,-117943081243.80241,27680689834.381054,61575.216010359945
1039,0.0005195000000000001,-116998826115.33324,31279897430.51501,61554.76693270998,25126265275.996925,183410068106.559,3.8270615652556885,-116967889044.04991,31280130284.066856,61575.216010359945
1040,0.0005200000000000002,-115914206593.4124,34845445484.81457,61554.904801160184,28520934425.149582,182314239373.94766,3.8407307007580593,-115882932002.59967,34845835847.68694,61575.216010359945
1041,0.0005205000000000001,-114720978290.89687,38374171205.32679,61555.86697757781,32361961086.20471,181135940004.01743,3.8565415915982495,-114689413232.82826,38374491465.018684,61575.216010359945
1042,0.0005210000000000001,-113420532539.99823,41862303768.476555,61556.04071608009,36668703085.32827,179873288266.60297,3.874541649272876,-113388615105.60515,41862711422.57852,61575.216010359945
1043,0.0005215,-112014171164.39445,45306778552.981834,61556.162939340524,41463443704.89664,178524404043.0233,3.894786643946805,-111981847726.78806,45307248798.23513,61575.216010359945
1044,0.0005220000000000001,-110503271482.71184,48704566348.10654,61556.82682922273,46771978902.61514,177087179427.4082,3.917341840249245,-110470528548.80077,48704838315.79009,61575.216010359945
1045,0.0005225000000000001,-108889566028.7379,52052062775.3535,61556.53309652055,52624034262.46602,175559269599.72684,3.942283028660639,-108856365093.90578,52052385076.7384,61575.216010359945
1046,0.000523,-107174596679.63432,55346427463.47032,61556.31067924034,59053393940.66116,173938312204.60468,3.969696118663697,-107140940881.45593,55346761319.18606,61575.216010359945
1047,0.0005235000000000001,-105360111275.64276,58584586434.77186,61556.09672117371,66098827329.24424,172221600980.81772,3.9996791103762908,-105325876520.84467,58584971294.80639,61575.216010359945
1048,0.0005240000000000002,-103447959693.69499,61763509740.708954,61555.79471256388,73804586830.29416,170406204831.60376,4.032343067313258,-103413057964.56792,61763867327.19295,61575.216010359945
1049,0.0005245000000000001,-101439734231.24908,64880799566.30672,61557.246820795044,82221164019.30148,168488946792.1311,4.067813299297422,-101404452265.02345,64880559164.754654,61575.216010359945
1050,0.0005250000000000001,-99337750563.01917,67933011873.764175,61558.30999229201,91406660893.63214,166466083143.7732,4.106232654278813,-99302116507.79263,67932220615.195404,61575.216010359945
1051,0.0005255,-97144501786.96123,70916778316.24278,61557.14189814771,101427038923.91472,164333905534.2715,4.1477606130171445,-97108104351.99426,70916024982.19998,61575.216010359945
1052,0.0005260000000000001,-94861611261.48361,73830209904.62932,61557.02242522504,112357298430.16261,162088637639.53876,4.192573854260293,-94824641255.63895,73829219607.04813,61575.216010359945
1053,0.0005265000000000002,-92491636801.22763,76670216467.72005,61556.35437340802,124284327721.16814,159725474112.8108,4.240873508863239,-92453920844.19197,76669172357.68086,61575.216010359945
1054,0.0005270000000000001,-90037041700.29689,79434083348.43689,61554.79944627536,137307647924.25421,157239474192.6254,4.292885571685827,-89998285618.77728,79433206612.75964,61575.216010359945
1055,0.0005275000000000001,-87499869400.70796,82119749419.45825,61554.15830628322,151541918888.8424,154625240500.1762,4.348864261167913,-87460241648.91531,82118774299.55124,61575.216010359945
1056,0.000528,-84882890726.46216,84724445005.61194,61553.13673314314,167120415261.67868,151876408916.5735,4.409099063416378,-84842140277.88496,84723360124.80801,61575.216010359945
1057,0.0005285000000000001,-82188757177.26964,87245740941.29388,61551.54557205538,184197528449.67667,148986265507.6475,4.473917359010592,-82146724579.40622,87244764661.2376,61575.216010359945
1058,0.0005290000000000001,-79419669817.88167,89681784004.85904,61551.11797082314,202953173768.448,145947386156.71765,4.54369052972226,-79376467357.47679,89680563082.04799,61575.216010359945
1059,0.0005295000000000001,-76579062071.75461,92029696732.09892,61549.07979601682,223598715839.22122,142751073507.4263,4.618844548378363,-76534198162.03535,92028639216.68427,61575.216010359945
1060,0.0005300000000000001,-73669286284.27002,94287776345.11362,61547.23544635459,246381661773.20407,139388390097.75943,4.699863561690986,-73622753504.7257,94286757643.84517,61575.216010359945
1061,0.0005305000000000002,-70692873803.11447,96454225354.68048,61546.52006330998,271595258346.1491,135848785830.24886,4.7873053536690096,-70644880336.32724,96452962258.80554,61575.216010359945
1062,0.0005310000000000001,-67653195740.20163,98526719176.98921,61545.21560534975,299588492099.3778,132120215446.39037,4.8818165791716694,-67603508747.27711,98525277567.50517,61575.216010359945
1063,0.0005315000000000001,-64552877496.17329,100503653379.76442,61544.429200715014,330777608196.2785,128189733599.46207,4.984145438433592,-64501492154.62445,100501788583.83751,61575.216010359945
1064,0.000532,-61396396103.51314,102382330155.52011,61539.865355990965,365663476304.5622,124042432408.249,5.09516571697815,-61341946333.67946,102380819814.93068,61575.216010359945
1065,0.0005325000000000001,-58184668664.933975,104162509295.70459,61538.26411152687,404849216961.2321,119662941083.72818,5.21589269862074,-58127915519.729614,104160696267.60321,61575.216010359945
1066,0.0005330000000000002,-54922091912.33586,105841812529.09491,61535.561708197245,449072775448.86975,115031593182.4566,5.347535183659114,-54862495939.60409,105839853347.57307,61575.216010359945
1067,0.0005335000000000001,-51611677784.38976,107418895451.84877,61532.35834039702,499236453382.5583,110127984167.158,5.491523985072914,-51548878616.90107,107416778431.81248,61575.216010359945
1068,0.0005340000000000001,-48255979148.50663,108892722016.38614,61530.34780090386,556454154971.7174,104929129586.85835,5.649567028329171,-48190173097.89194,108890060153.19237,61575.216010359945
1069,0.0005345,-44858794986.83353,110261736493.46867,61527.93024504226,622112108949.561,99409061551.55136,5.823721395062997,-44789613207.741974,110258512671.14561,61575.216010359945
1070,0.0005350000000000001,-41423451139.7503,111524771004.45494,61525.05470211178,697945390776.2673,93540317616.74942,6.01647197591946,-41350545534.97646,111520847156.73743,61575.216010359945
1071,0.0005355000000000001,-37954347146.58632,112680388346.94434,61519.364897156454,786142158178.161,87293996058.38478,6.2308379130943,-37876268998.04902,112676158323.44382,61575.216010359945
1072,0.0005360000000000001,-34453382841.57165,113728238588.76291,61514.49657207263,889477470884.7354,80642225340.28474,6.47049562852429,-34370074564.99579,113723305356.25903,61575.216010359945
1073,0.0005365000000000001,-30924454677.47678,114667290224.58336,61509.16717030383,1011496322936.614,73558707733.40036,6.739951505326388,-30835364536.961323,114661510880.1818,61575.216010359945
1074,0.0005370000000000002,-27370977127.769623,115496822235.49854,61503.388143437725,1156738573170.634,66026648921.33549,7.044712835287632,-27275521389.937054,115490007786.46945,61575.216010359945
1075,0.0005375000000000001,-23797100147.531467,116216051793.06006,61495.767114368864,1331018798722.242,58048727044.093925,7.391459225005756,-23693867895.97203,116208078370.99002,61575.216010359945
1076,0.0005380000000000001,-20205251546.078167,116824753012.95708,61488.48205218469,1541734657565.0793,49666666684.31902,7.7881332002422035,-20093866358.634846,116815192311.08138,61575.216010359945
1077,0.0005385,-16599670356.387486,117322356966.93027,61479.95081911914,1798136329095.219,40993176469.8202,8.243810351945903,-16478973326.4879,117310931670.92314,61575.216010359945
1078,0.0005390000000000001,-12983304709.91036,117708688913.58829,61471.18835762688,2111332216248.1863,32271572314.13441,8.767952943158425,-12852627390.606396,117694921082.31952,61575.216010359945
1079,0.0005395000000000002,-9359214490.561049,117983595716.50793,61462.77242341179,2493535948061.374,23970915815.595387,9.36833879427085,-9218240160.20824,117967001367.67497,61575.216010359945
1080,0.0005400000000000001,-5730165814.315625,118146987838.76164,61455.55179052908,2955454683372.6216,16934781493.136679,10.046266755101591,-5579330448.422646,118126937226.11394,61575.216010359945
1081,0.0005405000000000001,-2098031499.4852653,118198835126.03604,61451.534607198235,3499816529600.9546,12574728095.758911,10.786921569585653,-1939275115.98909,118174779580.90701,61575.216010359945
1082,0.0005410000000000001,1536130130.3630607,118139011372.4324,61453.41964366134,4108418957548.0557,13019918674.18456,11.543146528233924,1698392637.226398,118110565716.82588,61575.216010359945
1083,0.0005415000000000001,5172703826.766554,117967140711.93094,61465.24542412987,4722603334979.729,20941306060.64884,12.21612425477615,5330255808.05478,117934484220.57198,61575.216010359945
1084,0.0005420000000000001,8813117321.476154,117682459504.67192,61491.80728852645,5228584428981.627,38552968446.65265,12.651927603479498,8952899627.54914,117646836954.81638,61575.216010359945
1085,0.0005425000000000001,12455261815.36963,117284168916.81213,61533.17316743268,5478166839599.563,65636748918.92865,12.689568995537932,12562909321.395752,117248056307.47478,61575.216010359945
1086,0.0005430000000000001,16092635889.711912,116771958587.67938,61584.332680628846,5366658855972.632,98011352085.81123,12.266365372298257,16156853082.216984,116738630882.25769,61575.216010359945
1087,0.0005435000000000001,19711515475.49601,116147126608.34135,61632.82614410928,4914989359354.028,128930140604.93048,11.490467595212648,19731364870.810944,116119195643.88521,61575.216010359945
1088,0.0005440000000000001,23299944735.140774,115411883822.65013,61669.52378129696,4259023327435.4214,152942028161.30576,10.57963316280105,23283136594.350452,115390453044.37227,61575.216010359945
1089,0.0005445000000000001,26855861533.797874,114567349391.7735,61697.05240112834,3555800692852.5625,168289385684.29636,9.72728867718436,26808706517.42572,114553165876.37631,61575.216010359945
1090,0.000545,30373735440.001427,113615519290.01208,61713.66719778518,2910418318577.9165,176182634986.29233,9.031233626204084,30304833852.75923,113608315897.52832,61575.216010359945
1091,0.0005455000000000002,33847961097.531647,112558818605.34341,61717.08443782292,2366393714614.5127,178910933310.55286,8.506919325854794,33768245135.280735,112556866678.50177,61575.216010359945
1092,0.0005460000000000002,37280463147.27717,111397739091.33789,61713.6167646453,1927869171255.8118,178606195424.1598,8.127689101963767,37195689481.4924,111399980642.06009,61575.216010359945
1093,0.0005465000000000001,40670487219.3725,110133187837.92572,61706.16730202437,1581671350764.86,176846186265.5717,7.854355170854575,40583941374.359245,110138895538.83606,61575.216010359945
1094,0.0005470000000000001,44015394887.21928,108766597670.20532,61695.14845901821,1310164050383.6582,174664890725.12827,7.6494605311659765,43929873782.50989,108774905134.3143,61575.216010359945
1095,0.0005475000000000001,47313079084.16456,107299242988.09523,61681.74022839776,1096818157512.2756,172681878337.68237,7.4822281406197595,47230310179.13308,107309373894.52014,61575.216010359945
1096,0.0005480000000000001,50560780940.449524,105732677982.87039,61666.22323007432,927944281698.9236,171227441458.82364,7.329485134833911,50482202152.78204,105743815971.53079,61575.216010359945
1097,0.0005485,53756591869.37395,104068131793.06839,61650.43717602767,792820415344.8601,170432838890.18958,7.175269828172328,53682544592.0126,104079870147.14459,61575.216010359945
1098,0.0005490000000000001,56898000894.810425,102307104915.34038,61635.33874915309,683280521967.468,170294892908.97327,7.010072668381968,56828258469.892815,102319245660.72206,61575.216010359945
1099,0.0005495000000000001,59980120750.58866,100452472309.18704,61616.92849652109,593207611876.9315,170722844246.68497,6.829928333533557,59916542349.64432,100463700138.32281,61575.216010359945
1100,0.0005500000000000001,63002553808.03467,98504874263.74539,61600.66907648879,518077625318.55176,171575238380.27194,6.635340439292243,62944524631.26345,98515042312.43123,61575.216010359945
1101,0.0005505000000000001,65962078962.46829,96466473822.31125,61585.70167891807,454567235335.5954,172697578231.2523,6.429966073520714,65909317699.93527,96475270701.22772,61575.216010359945
1102,0.0005510000000000001,68856493905.3395,94338932837.12242,61573.468878260566,400251633657.2568,173944613661.6171,6.219264225601275,68808321752.46318,94346470376.47745,61575.216010359945
1103,0.0005515,71683598824.50623,92123936216.86018,61565.29511413078,353359448696.0895,175199002056.0342,6.00922598431831,71638702409.64397,92130634880.65819,61575.216010359945
1104,0.0005520000000000002,74439643512.8046,89824419016.84468,61557.84843989146,312584002764.92,176379461891.11215,5.805371744631999,74398031898.9073,89830108677.36292,61575.216010359945
1105,0.0005525000000000001,77122493304.8499,87442327772.59785,61552.29240664441,276944258202.409,177439575726.53366,5.612120547782308,77083692679.0822,87447137109.20155,61575.216010359945
1106,0.0005530000000000001,79729097596.75133,84980483247.43526,61546.65396853215,245679775300.80945,178364312078.87262,5.432499230464522,79693204038.70764,84983992336.1376,61575.216010359945
1107,0.0005535000000000001,82257651231.85672,82440795232.82515,61542.83132302676,218181901548.56058,179160495425.06415,5.2681550212975825,82224184757.6,82443105309.20262,61575.216010359945
1108,0.0005540000000000001,84705892556.06604,79825646766.70464,61540.90049585275,193945954719.46823,179849035385.12354,5.119546819390577,84674352500.5906,79827042464.055,61575.216010359945
1109,0.0005545000000000001,87071928250.42667,77137154758.10774,61542.046598745605,172543450831.97687,180456228308.3225,4.986235762186133,87041466029.15054,77138394504.15471,61575.216010359945
1110,0.0005550000000000002,89352182380.25563,74379446178.47318,61540.56378288293,153604508858.61462,181008059872.7386,4.8671872313579625,89323341477.58638,74379652046.40083,61575.216010359945
1111,0.0005555000000000001,91545710728.62779,71553974565.60017,61541.13558614151,136809969571.96552,181524911657.54416,4.76104990975726,91517962747.64987,71553660545.72751,61575.216010359945
1112,0.0005560000000000001,93650196503.8196,68663829524.86415,61542.23715696564,121881230151.46428,182022470461.15848,4.666353613802465,93623351293.0622,68663158657.124016,61575.216010359945
1113,0.0005565000000000001,95663705444.10963,65711846312.56452,61543.673929661425,108577765278.069,182509585695.22412,4.581661959240365,95637618318.18846,65710881343.87862,61575.216010359945
1114,0.0005570000000000001,97584347595.58502,62700992984.00659,61545.03377812228,96692997882.37257,182989377894.1123,4.505663600713555,97558921808.46686,62699736893.04422,61575.216010359945
1115,0.0005575,99410543494.16254,59633965359.655525,61547.04207530052,86050902240.8907,183460439901.16193,4.437217704639408,99385626433.34297,59632582617.88302,61575.216010359945
1116,0.000558,101140833922.90694,56513393829.63342,61550.65043861484,76502342970.14952,183918437506.59476,4.375364586427882,101116005215.17834,56512436857.44991,61575.216010359945
1117,0.0005585000000000002,102772949021.73262,53343544163.64062,61551.52366748212,67921740025.872826,184357377035.8906,4.319315442922038,102748583806.78378,53342409595.28449,61575.216010359945
1118,0.0005590000000000001,104306196435.10593,50126148394.68292,61554.399229201124,60204901055.27749,184769955544.8268,4.268435222414534,104281954645.1429,50125425822.5108,61575.216010359945
1119,0.0005595000000000001,105738614690.72438,46865496408.96005,61555.1134977302,53264112555.85197,185149811852.32834,4.222209732627135,105714744413.40677,46864638691.11179,61575.216010359945
1120,0.0005600000000000001,107069370077.37462,43563906681.45078,61556.65292458632,47027061130.720604,185490589396.65634,4.1802246443314965,107045741853.67966,43563242150.69389,61575.216010359945
1121,0.0005605000000000001,108297038297.47298,40225194350.597855,61556.83960831054,41433098623.27202,185787251285.29987,4.142139139195671,108273808369.72693,40224278988.69951,61575.216010359945
1122,0.0005610000000000001,109420902123.84511,36851743138.82086,61558.49411200924,36431986010.66874,186035386863.45938,4.107669993517561,109397825122.81552,36851050470.17044,61575.216010359945
1123,0.0005615000000000002,110439695555.82062,33447637911.776222,61558.684494523826,31981415889.78178,186231722444.47745,4.076575742283819,110416908942.92033,33446741179.718132,61575.216010359945
1124,0.0005620000000000001,111352789675.8581,30015521232.223927,61559.59978958471,28046327587.59542,186373350063.74506,4.0486495643605895,111330109224.7919,30014680220.197273,61575.216010359945
1125,0.0005625000000000001,112159246205.46829,26559350577.965816,61559.00988105164,24597092327.43939,186458131270.09796,4.0237109324499185,112136793700.84055,26558174697.223934,61575.216010359945
1126,0.0005630000000000001,112858638592.60767,23081649194.60399,61559.60186596468,21609049671.379303,186484141630.42325,4.001602645252068,112836339951.33736,23080449901.589657,61575.216010359945
1127,0.0005635000000000001,113450406047.1627,19585665998.29418,61561.37177013729,19061307422.510376,186449937115.51297,3.9821864682826202,113428076186.97273,19584824967.804585,61575.216010359945
1128,0.000564,113934016754.32812,16075082185.93253,61563.023189452026,16936465697.760323,186354178605.605,3.965341891300173,113911698244.76573,16074678502.731585,61575.216010359945
1129,0.0005645000000000001,114309113303.47284,12553382982.66636,61564.133702595485,15220224362.948067,186195547782.201,3.950965232183313,114286828847.97176,12553310561.482147,61575.216010359945
1130,0.0005650000000000002,114575460942.45865,9024046620.396881,61564.40075354246,13900934291.636972,185972807560.6642,3.9389681301190276,114553293714.66971,9024140095.309881,61575.216010359945
1131,0.0005655000000000001,114732973701.91856,5490092537.5518675,61565.00261916047,12969308903.778177,185684788822.70862,3.9292761356829127,114710815820.414,5490487521.458448,61575.216010359945
1132,0.0005660000000000001,114781595226.7904,1955496699.3440583,61563.95469229417,12418201065.645773,185330387400.95016,3.921827365958502,114759519564.71014,1955650663.3599825,61575.216010359945
1133,0.0005665000000000001,114721453300.08203,-1576960227.104089,61563.30727695607,12242530487.369463,184908481071.47705,3.916571744290095,114699369934.37753,-1577000026.0636933,61575.216010359945
1134,0.0005670000000000001,114552719773.3745,-5104049553.0822115,61563.34493267865,12439134662.070576,184417978899.47922,3.91346989501291,114530551840.80925,-5104069040.321508,61575.216010359945
1135,0.0005675000000000001,114275674702.07932,-8622216036.734655,61563.26297588555,13006790879.088268,183857742534.15262,3.9124926254386985,114253534817.5534,-8622288140.519083,61575.216010359945
1136,0.0005680000000000001,113890691282.54068,-12128327123.483202,61563.67278721341,13946176496.196419,183226597255.56396,3.913620307919775,113868460813.62196,-12128264581.652899,61575.216010359945
1137,0.0005685000000000001,113398291583.901,-15618679015.27834,61563.25168624183,15259898004.54962,182523316703.82602,3.916842405358848,113375939058.85373,-15618713124.68995,61575.216010359945
1138,0.0005690000000000001,112799008402.54205,-19090511166.978966,61563.79441486626,16952453069.359484,181746662892.00528,3.9221567949015657,112776575559.99933,-19090358927.95343,61575.216010359945
1139,0.0005695000000000001,112093586036.72845,-22540113481.526173,61563.745932373415,19030428214.13772,180895280310.41208,3.92956989155699,112071092479.40517,-22539914488.646984,61575.216010359945
1140,0.0005700000000000001,111282773718.96472,-25964505070.83962,61564.03116535823,21502425872.944942,179967804629.79785,3.9390960335953062,111260202854.83902,-25964096509.54553,61575.216010359945
1141,0.0005705,110367539891.71068,-29360110776.66272,61563.449671449904,24379314558.396965,178962746669.26102,3.950757772380944,110344845646.92093,-29359785868.9125,61575.216010359945
1142,0.0005710000000000001,109348784252.09966,-32724149633.39711,61563.42709256075,27674213547.36569,177878598162.34045,3.964585453714777,109325912835.97035,-32723792847.49875,61575.216010359945
1143,0.0005715000000000002,108227705409.35045,-36053060414.75211,61562.54970036042,31402897534.47179,176713648302.4874,3.980618117976774,108204546600.76485,-36052963052.796906,61575.216010359945
1144,0.0005720000000000001,107005493764.2555,-39343779466.812996,61561.105980987384,35583745348.433685,175466176546.03137,3.998903023762526,106981905420.79974,-39344124204.52517,61575.216010359945
1145,0.0005725000000000001,105683146130.43745,-42594017200.147766,61561.734622174496,40238145733.116745,174134307526.80554,4.019496325771868,105659309975.04492,-42594163565.874954,61575.216010359945
1146,0.000573,104262325875.88235,-45799890251.98326,61561.318450754276,45391174478.96389,172715762694.9399,4.0424652510356065,104238118043.14961,-45800099537.83647,61575.216010359945
1147,0.0005735000000000001,102744521435.55103,-48958418790.191895,61560.029288692516,51071206859.9768,171208425031.41843,4.067886289166727,102719776680.23125,-48958988924.437515,61575.216010359945
1148,0.0005740000000000001,101131014792.58598,-52067273064.422195,61560.02276884317,57310719509.23228,169609972404.48337,4.095846413528576,101105864652.24762,-52067855938.81177,61575.216010359945
1149,0.0005745000000000001,99423545288.21411,-55123304555.21781,61560.229232481426,64147191842.73404,167917613530.33618,4.1264458876941,99398016187.35658,-55123791886.96234,61575.216010359945
1150,0.0005750000000000001,97623799309.41243,-58123733595.63307,61560.80629937676,71623230966.58153,166128477191.13635,4.159798125535127,97597939547.14001,-58123985028.43707,61575.216010359945
1151,0.0005755000000000001,95733681674.65956,-61065604172.869484,61561.091915190926,79787489718.28024,164239417449.4401,4.196031190788868,95707419721.59773,-61065630013.91696,61575.216010359945
1152,0.0005760000000000001,93755026061.88307,-63946300249.4594,61561.49002020728,88695361812.32193,162247103802.30023,4.23528873467137,93728364199.28006,-63946016636.86318,61575.216010359945
1153,0.0005765000000000001,91690125721.17995,-66762702663.75934,61560.351133081305,98410226173.41223,160147820064.34967,4.27773247949797,91662776615.777,-66762517631.99848,61575.216010359945
1154,0.000577,89540851955.24338,-69512542565.13708,61559.02519591157,109004180895.86844,157937768374.6133,4.323542643725323,89512745296.74771,-69512525191.1632,61575.216010359945
1155,0.0005775000000000001,87309005415.26822,-72193727656.56342,61559.11217513548,120560201707.59818,155612499023.45096,4.372922676664758,87280334627.52695,-72193511189.0549,61575.216010359945
1156,0.0005780000000000002,84996773738.97038,-74803761204.44576,61560.31378654378,133174150356.6169,153166829337.62518,4.426104157806608,84967828326.96838,-74802986767.10698,61575.216010359945
1157,0.0005785000000000001,82607353074.28468,-77339185772.87985,61558.48633126248,146956539139.15143,150595164882.53763,4.483349332078629,82577416463.30038,-77338632516.70934,61575.216010359945
1158,0.0005790000000000001,80142356997.66728,-79798591516.28174,61557.41254174441,162033832831.13324,147892207331.77585,4.544949395395465,80111534388.26865,-79798078499.06778,61575.216010359945
1159,0.0005795,77604610764.47598,-82179319674.9009,61555.36220719445,178553931065.80832,145051152542.73187,4.611236846696817,77572561256.97215,-82179058335.7264,61575.216010359945
1160,0.0005800000000000001,74995971959.20845,-84479839100.18896,61554.929301055825,196688536059.88107,142064889453.42685,4.682588386999453,74963000616.13908,-84479410345.75223,61575.216010359945
1161,0.0005805000000000002,72319366996.45145,-86697679890.46184,61554.391623794734,216639495327.3487,138924871452.48566,4.759437110367505,72285422568.85657,-86697170250.26741,61575.216010359945
1162,0.0005810000000000001,69577685604.17917,-88830619484.37662,61552.83712882709,238643429566.58923,135622092903.39209,4.8422776620554,69542447813.01471,-88830151568.26045,61575.216010359945
1163,0.0005815000000000001,66773082851.75179,-90877179233.32022,61552.216545305724,262979290272.875,132146727171.86108,4.931675965296887,66736723447.488075,-90876551011.33215,61575.216010359945
1164,0.000582,63907747018.696556,-92835876428.29747,61554.02277028283,289978979405.9832,128487208782.4498,5.028287449048565,63870893486.99141,-92834479110.25613,61575.216010359945
1165,0.0005825000000000001,60986194565.12021,-94703690444.14746,61552.40350722082,320039511581.6117,124630226620.02817,5.132876607278084,60947903593.07866,-94702173316.04729,61575.216010359945
1166,0.0005830000000000001,58010400476.50703,-96479633237.69334,61550.65801314007,353634449827.16315,120562700546.64517,5.2463239909422,57970438373.97019,-96477938599.08098,61575.216010359945
1167,0.0005835,54983520085.87199,-98161983747.26482,61548.047716758156,391336937751.95776,116268747179.61505,5.3696626031399655,54941491125.68805,-98160286927.04227,61575.216010359945
1168,0.0005840000000000001,51907764879.13369,-99749695792.02016,61546.730590581814,433842909388.8045,111730840062.50008,5.504108657169408,51864004767.84402,-99747657078.3036,61575.216010359945
1169,0.0005845000000000002,48786964905.47036,-101240897736.22733,61544.16253089092,482004958714.4812,106928694292.93845,5.65110879209852,48740866226.47664,-101238743356.56726,61575.216010359945
1170,0.0005850000000000001,45623982799.25555,-102634419919.83984,61540.98720751738,536871583490.17053,101840803046.94484,5.812383906134263,45575133200.32468,-102632212449.50854,61575.216010359945
1171,0.0005855000000000001,42421404642.14064,-103929297089.2659,61538.473230822325,599743231641.9152,96443307083.57443,5.98999733862018,42369840912.96997,-103926741363.07741,61575.216010359945
1172,0.000586,39182515985.90283,-105124324678.75912,61536.0027362255,672244854360.6697,90710062726.71483,6.186441553656745,39128168993.5146,-105121300246.63599,61575.216010359945
1173,0.0005865000000000001,35910498705.66875,-106218473225.85077,61533.40620714087,756419151608.3785,84614120966.31267,6.4047385748367756,35853130519.84839,-106214890203.62932,61575.216010359945
1174,0.0005870000000000002,32609169162.329685,-107210618327.87364,61529.198454612466,854850038435.8245,78129125663.2539,6.64856586199078,32547878332.50094,-107206619483.1866,61575.216010359945
1175,0.0005875000000000001,29280769234.762054,-108100302451.62141,61525.67407542208,970820801665.4963,71232914156.2647,6.92240061015848,29215550568.537003,-108095546931.2066,61575.216010359945
1176,0.0005880000000000001,25928945085.549286,-108886671256.68521,61521.743813752306,1108519632317.0217,63911637292.92552,7.231695296643831,25859311674.36136,-108881074156.98053,61575.216010359945
1177,0.0005885,22557471704.331306,-109569002113.14835,61516.3205028616,1273281915444.3044,56171500695.86347,7.583027087643472,22482515081.72033,-109562448013.71243,61575.216010359945
1178,0.0005890000000000001,19169193973.412735,-110146938275.12666,61510.38886728811,1471855309126.816,48056920822.218124,7.984167464192202,19088239447.784622,-110139267794.25888,61575.216010359945
1179,0.0005895000000000001,15767600023.044895,-110620057652.07286,61503.521327172755,1712617587427.5051,39681345318.88616,8.443921538522574,15679794167.6632,-110611067557.33693,61575.216010359945
1180,0.0005900000000000001,12356066071.667,-110988078574.2409,61495.56054115242,2005550727199.6724,31281962484.557682,8.97137489148672,12260405589.719357,-110977488338.66252,61575.216010359945
1181,0.0005905000000000001,8936520966.02245,-111251018906.19719,61488.98589425934,2361528039760.778,23308220774.23162,9.573860511400996,8833273461.133371,-111238347669.19592,61575.216010359945
1182,0.0005910000000000002,5512151358.580944,-111408690537.2848,61483.512949981356,2789977792733.006,16555917832.306885,10.252380300739167,5401774448.242126,-111393466522.61575,61575.216010359945
1183,0.0005915000000000001,2085253215.1826642,-111461026164.18953,61480.25819272185,3293221688383.095,12342015093.623032,10.9925344404057,1969066090.6625037,-111442867383.03682,61575.216010359945
1184,0.0005920000000000001,-1342836499.594171,-111407966190.11241,61481.5996388027,3855322562209.4956,12637776156.749683,11.749424106227982,-1461539374.2377353,-111386673217.96924,61575.216010359945
1185,0.0005925,-4771631467.936918,-111249275111.7523,61490.58659060852,4425334405890.039,19918343056.08134,12.429621237379392,-4886842628.217801,-111224943785.17873,61575.216010359945
1186,0.0005930000000000001,-8200752599.410476,-110984521257.66557,61510.03861256339,4904146965567.435,36297772735.09094,12.88685911165698,-8303595490.939236,-110958005443.92497,61575.216010359945
1187,0.0005935000000000002,-11627750937.126465,-110613268563.89587,61539.85050037809,5159945156673.336,61781730138.30259,12.963491554516875,-11708508712.228258,-110586255841.01018,61575.216010359945
1188,0.0005940000000000001,-15048896863.797174,-110135212743.61162,61578.37940661242,5092514258144.977,92784057228.39091,12.586688715229528,-15098423659.221579,-110110148800.52646,61575.216010359945
1189,0.0005945000000000001,-18452933265.112457,-109551444973.91164,61615.42261011682,4707526852445.388,123115995586.8269,11.843891426733858,-18470132763.875496,-109530202655.44586,61575.216010359945
1190,0.0005950000000000002,-21833140763.06712,-108863154008.79645,61647.17806417998,4117604318108.446,147383529555.77435,10.93909731807409,-21820517011.429974,-108847147474.3425,61575.216010359945
1191,0.0005955000000000001,-25180729800.529076,-108072525151.62096,61667.69030670476,3465391776395.7,163471161953.70706,10.068398197570655,-25146314283.03487,-108061757593.95998,61575.216010359945
1192,0.0005960000000000001,-28493529531.314022,-107180859195.9649,61678.89221667152,2853850007956.88,172187974123.02588,9.341421559458151,-28444490813.974606,-107174854552.62541,61575.216010359945
1193,0.0005965000000000001,-31770175537.025867,-106189246714.7329,61683.283362489,2330395351966.0615,175598294209.37134,8.784428301969186,-31711983490.262222,-106187324470.78404,61575.216010359945
1194,0.0005970000000000001,-35007318804.10305,-105099315080.01929,61680.53581372697,1903806916370.806,175766205328.50482,8.376956245857984,-34945592538.55729,-105100378279.61333,61575.216010359945
1195,0.0005975000000000002,-38205249569.01507,-103911599434.59985,61674.835633810995,1564414102862.8245,174272919369.95706,8.082313297141075,-38142378348.165596,-103915081470.4597,61575.216010359945
1196,0.0005980000000000001,-41361367354.75811,-102627419174.21606,61666.506104797845,1296802515881.9722,172186238952.13287,7.863415450403469,-41299344959.74946,-102632696009.09483,61575.216010359945
1197,0.0005985000000000001,-44473054581.5915,-101248168348.39342,61655.79082494124,1085755197327.028,170165656986.97464,7.688840975127904,-44413607472.473335,-101254602477.09251,61575.216010359945
1198,0.000599,-47538839603.3556,-99774807749.93742,61644.84176532851,918336187812.3901,168580029401.1542,7.534299745962861,-47482160100.10223,-99782075937.80511,61575.216010359945
1199,0.0005995000000000002,-50555631095.41483,-98208988056.55133,61633.22316182295,784244212554.2828,167598058682.76962,7.382448531057409,-50502201940.981125,-98216746712.39064,61575.216010359945
1200,0.0006000000000000002,-53520770629.6324,-96552286715.3712,61621.21208079425,675543661975.9388,167249366636.83282,7.222263427062881,-53470962606.911156,-96560119764.7995,61575.216010359945
1201,0.0006005000000000001,-56431433114.23614,-94806468539.58032,61608.68794030625,586233128091.9579,167471232206.5229,7.048245136886269,-56385684413.42718,-94813847028.64842,61575.216010359945
1202,0.0006010000000000001,-59285651208.66787,-92972917870.92871,61597.36629987867,511830434213.69775,168145318415.1242,6.859469363588768,-59243543532.65153,-92979725438.52388,61575.216010359945
1203,0.0006015000000000001,-62081121042.99755,-91053227905.51813,61588.19532652698,449018287155.92224,169129623447.30377,6.658449727202265,-62041985280.21698,-91059690200.8081,61575.216010359945
1204,0.0006020000000000001,-64814985550.79305,-89049425086.51389,61580.55851571786,395358134463.4269,170283414600.43268,6.449890507713121,-64778384079.56851,-89055567445.88232,61575.216010359945
1205,0.0006025000000000001,-67484700696.89263,-86963474903.59251,61574.43012570436,349061919058.8289,171485276652.30835,6.23946710861018,-67450215400.85523,-86969327397.79181,61575.216010359945
1206,0.0006030000000000001,-70087383575.302,-84797734594.98528,61568.55313445797,308811035640.0495,172644296074.66727,6.032783071046084,-70055168069.65508,-84803082410.789,61575.216010359945
1207,0.0006035000000000001,-72620580371.2618,-82554418932.78777,61562.700516782046,273618590186.04523,173702885367.72925,5.834628319964148,-72590706047.35838,-82558959833.3749,61575.216010359945
1208,0.0006040000000000002,-75082306450.03806,-80235472531.97841,61557.939747700264,242726588000.71152,174634405997.71548,5.64856800097782,-75054560598.98846,-80239132421.87897,61575.216010359945
1209,0.0006045000000000001,-77469834806.60338,-77843607524.7573,61552.5626158056,215533249093.17526,175436858656.288,5.476829216352627,-77444440903.90952,-77846006971.62486,61575.216010359945
1210,0.0006050000000000001,-79781741836.53278,-75380470049.958,61549.271309990814,191545963285.76764,176123933352.0421,5.320414849440533,-79758162477.56396,-75381857078.53687,61575.216010359945
1211,0.0006055,-82015719591.47307,-72848614659.8108,61547.20535688357,170348476924.59473,176718561605.00845,5.179331051104136,-81993667781.72972,-72849081172.51634,61575.216010359945
1212,0.0006060000000000002,-84169645100.90561,-70250582461.47374,61545.92429594962,151583355248.303,177245451413.21503,5.052871913753216,-84148930094.20268,-70250185988.65346,61575.216010359945
1213,0.0006065000000000002,-86242368147.76161,-67587893206.68399,61548.81292993552,134940359260.73349,177726942595.6769,4.939889664794795,-86221949252.15945,-67587711611.898834,61575.216010359945
1214,0.0006070000000000001,-88230419711.99678,-64865015780.93586,61548.63003771193,120148230407.06557,178181236902.04047,4.839015738487713,-88210881943.0586,-64864217862.58777,61575.216010359945
1215,0.0006075000000000001,-90132687262.62402,-62083812965.17099,61548.61977858171,106973290696.38124,178619124244.0137,4.748844628860633,-90113952714.09787,-62082405401.32385,61575.216010359945
1216,0.0006080000000000001,-91947593800.31557,-59246786617.92937,61549.418623802965,95212686511.64507,179046737757.6724,4.668038806866806,-91929492485.57573,-59244983799.102745,61575.216010359945
1217,0.0006085000000000001,-93673609779.46483,-56356492388.25403,61551.520942945994,84692082618.0525,179465505045.14136,4.595395396046222,-93655799608.64885,-56354694202.373146,61575.216010359945
1218,0.0006090000000000002,-95309016066.07928,-53415957749.90919,61553.90710249921,75262798299.07208,179873229634.5869,4.529876376405037,-95291409406.72128,-53414328262.56645,61575.216010359945
1219,0.0006095000000000001,-96852298268.00159,-50428114589.63158,61556.21220482301,66799240633.8064,180265099798.59006,4.470613903289145,-96834823024.75125,-50426738667.32594,61575.216010359945
1220,0.0006100000000000001,-98302012517.26878,-47396004590.310684,61557.91836986905,59195848218.05049,180635009270.02313,4.416897075480989,-98284722783.7935,-47394774649.91691,61575.216010359945
1221,0.0006105000000000001,-99656955634.62898,-44322434732.63169,61559.50235955454,52364326115.29015,180976458519.6335,4.368150092230722,-99639812555.63885,-44321365958.202835,61575.216010359945
1222,0.0006110000000000001,-100915859180.7843,-41210574629.9577,61560.292410413764,46230881950.563095,181283315181.6055,4.323906858957311,-100898929913.68686,-41209507090.72589,61575.216010359945
1223,0.0006115000000000001,-102077695753.64032,-38063322961.59379,61560.729427369406,40734093677.658615,181550017346.4793,4.283788209749834,-102060946402.25266,-38062104944.834915,61575.216010359945
1224,0.000612,-103141628520.10133,-34883292763.385124,61562.19198367494,35822693034.0661,181771882111.8652,4.247481324548052,-103124895528.0422,-34882307795.60816,61575.216010359945
1225,0.0006125000000000002,-104106687459.38896,-31673656430.69457,61564.0935707327,31453747195.132496,181945148441.21762,4.214723263753181,-104089977494.13313,-31673066656.801003,61575.216010359945
1226,0.0006130000000000002,-104971896895.57936,-28438025157.35428,61564.628763151726,27591490848.548237,182066662007.38693,4.1852902611462115,-104955270729.90442,-28437564765.61237,61575.216010359945
1227,0.0006135000000000001,-105736637592.54912,-25179288487.301987,61564.698430323035,24206208649.508347,182133735710.98715,4.158990195842085,-105720140951.01613,-25178778991.264553,61575.216010359945
1228,0.0006140000000000001,-106400388923.9714,-21900213951.359116,61565.4886965164,21272951290.27021,182144284560.25018,4.135655720245217,-106384006204.10423,-21899868299.37281,61575.216010359945
1229,0.0006145000000000001,-106962619885.65137,-18603908280.32426,61566.94148503935,18770793632.7844,182096636863.56326,4.115140074681023,-106946165916.55655,-18603968127.60716,61575.216010359945
1230,0.0006150000000000001,-107422756707.3301,-15294360170.029406,61566.245600121336,16682360700.253511,181989308758.0147,4.09731505794743,-107406433199.48535,-15294260323.890938,61575.216010359945
1231,0.0006155000000000002,-107780601178.83037,-11974227161.693073,61565.34904050506,14993466029.278097,181820850899.58612,4.082070058579342,-107764422125.7479,-11973901321.812717,61575.216010359945
1232,0.0006160000000000001,-108035977408.13272,-8646289167.801931,61565.48698579223,13692434598.88943,181590058082.6495,4.069309566345689,-108019892839.2899,-8645972871.226683,61575.216010359945
1233,0.0006165000000000001,-108188733061.06873,-5313731454.346118,61566.40258645967,12769945127.23399,181295795549.92374,4.058952103054012,-108172622566.776,-5313671490.975923,61575.216010359945
1234,0.0006170000000000001,-108238805923.24876,-1980053543.4797976,61566.88774454282,12218905429.310812,180936904358.52997,4.050929669842699,-108222671178.48795,-1980162800.21276,61575.216010359945
1235,0.0006175000000000001,-108186274455.91243,1351479075.039154,61566.67907192401,12034287553.902409,180512207667.70935,4.0451869612178175,-108170180323.85153,1351433175.281663,61575.216010359945
1236,0.0006180000000000001,-108031325050.14398,4677694253.743532,61565.835965187776,12212970817.413239,180020548800.27057,4.041680276763596,-108015199004.11821,4677913280.872054,61575.216010359945
1237,0.0006185,-107774204569.9662,7996092002.093739,61566.52779979248,12753673457.767687,179460779807.02545,4.040376588686685,-107758062145.22656,7996129436.723347,61575.216010359945
1238,0.0006190000000000002,-107415275619.08307,11303052399.548923,61566.9405379219,13656998750.50627,178831700608.1448,4.041253078322037,-107399081410.88985,11302934606.227032,61575.216010359945
1239,0.0006195000000000002,-106955004974.60635,14595414739.451473,61566.98968257994,14925382135.066786,178132085338.72,4.044296480947616,-106938741687.69403,14595233864.455845,61575.216010359945
1240,0.0006200000000000001,-106393899974.45998,17870433031.668278,61567.886342878744,16563118953.827297,177360678149.8912,4.04950254283414,-106377650220.20988,17869946155.23568,61575.216010359945
1241,0.0006205000000000001,-105732758019.06958,21124063805.48115,61566.377737848015,18576501966.478992,176516127102.57233,4.056875985954384,-105716359985.66486,21123952709.9273,61575.216010359945
1242,0.0006210000000000001,-104972197270.47298,24354140814.774197,61565.752259515604,20973633274.17619,175597161843.7444,4.066429319206723,-104955648160.21556,24354158636.86332,61575.216010359945
1243,0.0006215000000000001,-104113030240.64008,27557643020.335087,61565.90475894921,23764925219.941998,174602284768.85483,4.07818395276775,-104096459728.47726,27557640257.5385,61575.216010359945
1244,0.0006220000000000002,-103156261440.5864,30731215960.772266,61565.55858775071,26963091132.752975,173529900832.1759,4.092170183493324,-103139492131.37668,30731264564.710564,61575.216010359945
1245,0.0006225000000000001,-102102843624.04517,33872144422.633114,61565.64096606772,30583184443.572815,172378397795.84045,4.108426720978873,-102085969803.74416,33872087038.34453,61575.216010359945
1246,0.0006230000000000001,-100953914474.68481,36977374057.2782,61565.697767191064,34642999877.22124,171145980122.44638,4.127001488532864,-100936908092.47849,36977286370.423225,61575.216010359945
1247,0.0006235000000000001,-99710672020.69531,40044005461.24538,61565.73710397946,39163195117.33439,169830761415.43607,4.147951718316561,-99693502217.48756,40043864658.982666,61575.216010359945
1248,0.0006240000000000001,-98374445814.69055,43069074608.87544,61565.41090027274,44167628034.78249,168430711568.10516,4.17134450005754,-98357053546.19507,43068961221.38388,61575.216010359945
1249,0.0006245000000000001,-96946551917.04053,46049914223.493904,61565.285258511576,49683654585.636856,166943676710.10187,4.197257224554062,-96928890876.26399,46049783765.04554,61575.216010359945
1250,0.0006250000000000001,-95428596074.74886,48983441204.76219,61564.25795612076,55742679543.28363,165367262095.99115,4.22577887260484,-95410569292.40178,48983500665.95936,61575.216010359945
1251,0.0006255000000000002,-93821993589.76308,51867228555.89336,61563.483706477055,62380385599.17909,163699008014.32178,4.257010063467956,-93803602126.08334,51867524154.497826,61575.216010359945
1252,0.0006260000000000001,-92128316587.35605,54698686972.118996,61563.22149689747,69637683727.73103,161936084854.72357,4.2910653746358465,-92109545794.56786,54699045332.395294,61575.216010359945
1253,0.0006265000000000001,-90349099993.05472,57475448327.83559,61564.30766782359,77561308242.6709,160075387506.57187,4.328074782207405,-90330146500.38885,57475420109.17303,61575.216010359945
1254,0.0006270000000000001,-88486448830.41759,60194380958.45774,61564.540311024444,86204800751.33649,158113423183.9396,4.368185887927607,-88467212574.70137,60194152351.407104,61575.216010359945
1255,0.0006275000000000001,-86542260411.02608,62852959699.27068,61563.96953779146,95628845777.17609,156046743428.52725,4.411563200992234,-86522585941.89438,62852758646.74832,61575.216010359945
1256,0.0006280000000000001,-84518408134.96428,65448858748.39469,61563.143037409915,105902829566.84798,153871536469.881,4.458390902245813,-84498175730.85739,65448748130.44469,61575.216010359945
1257,0.0006285000000000002,-82416799880.37549,67979835505.44943,61562.62417159452,117106387312.3153,151583503705.0745,4.508876429898328,-82396084978.60063,67979757374.552795,61575.216010359945
1258,0.0006290000000000001,-80239417309.35321,70443674599.92087,61562.783100758636,129331162417.94122,149177816196.01102,4.563254294195817,-80218333144.38756,70443396540.00256,61575.216010359945
1259,0.0006295000000000001,-77988709113.09053,72837758824.63982,61562.14417574617,142682869970.1268,146649102318.79434,4.6217900389993956,-77967047176.84901,72837474072.56116,61575.216010359945
1260,0.0006300000000000001,-75666660406.31548,75160178051.29234,61561.879905606904,157283237172.5775,143991755319.7782,4.684782302003118,-75644505350.95573,75159851844.6007,61575.216010359945
1261,0.0006305000000000001,-73275851244.71884,77408509217.67973,61560.71369769751,173273773147.5756,141199296956.6167,4.752570244636956,-73252881773.53029,77408288838.51607,61575.216010359945
1262,0.000631,-70818468651.97978,79580895155.84497,61559.48104793661,190818746479.47775,138264846751.89603,4.8255376688713465,-70794569130.84286,79580834497.19809,61575.216010359945
1263,0.0006315000000000001,-68296814620.4201,81675465224.60435,61558.58625147261,210110393606.30154,135180535678.46101,4.904122461572546,-68272039846.28561,81675380724.33812,61575.216010359945
1264,0.0006320000000000002,-65712983707.2564,83690618346.5105,61559.25243351772,231374544935.15588,131937518277.02655,4.988826450743983,-65687717882.69079,83690166953.73853,61575.216010359945
1265,0.0006325000000000001,-63070486843.95734,85623715230.99512,61557.74359946691,254878147556.2576,128525652461.7935,5.080228713773065,-63044119099.1515,85623348994.87268,61575.216010359945
1266,0.0006330000000000001,-60371298960.7687,87473536485.50533,61556.51764244153,280936027109.06525,124934674560.78134,5.178991273006289,-60343805998.29235,87473167775.9342,61575.216010359945
1267,0.0006335000000000001,-57618441626.20929,89238154206.48518,61554.2621932822,309924286355.6975,121152320784.10934,5.285882623596701,-57589459192.64509,89237991634.81355,61575.216010359945
1268,0.0006340000000000001,-54813830530.32658,90916521316.66849,61553.510183089595,342292947718.4681,117165282723.70842,5.401795511536786,-54783648843.15234,90916212950.52531,61575.216010359945
1269,0.0006345000000000002,-51960553815.333374,92506878630.50893,61552.84805689177,378585787502.6263,112957892943.72835,5.527779480400254,-51929187508.500244,92506359998.57886,61575.216010359945
1270,0.0006350000000000001,-49061133767.87795,94007951300.99397,61552.92758254364,419461793528.5501,108513213832.17052,5.665069014839256,-49028810427.21251,94007028108.10106,61575.216010359945
1271,0.0006355000000000001,-46119374399.17423,95417880788.91248,61550.8445696235,465725884805.91296,103812222853.35205,5.815126340585194,-46085282775.22014,95416857483.72903,61575.216010359945
1272,0.0006360000000000001,-43137177898.44879,96735968348.81013,61549.51714837384,518365232762.14734,98834943042.60796,5.979684411458167,-43101493695.02495,96734686586.86412,61575.216010359945
1273,0.0006365000000000001,-40117807757.599884,97960880454.43385,61547.79605958689,578602630835.8041,93558485796.75352,6.160821448070354,-40080265716.50774,97959319061.1971,61575.216010359945
1274,0.0006370000000000001,-37064312268.12962,99091530536.98848,61545.40512194258,647960107377.8989,87958881943.47716,6.361037401115692,-37024552139.28445,99089769256.10742,61575.216010359945
1275,0.0006375,-33979197170.72098,100127151417.99338,61543.49761473187,728344715249.9446,82011553594.12553,6.583353161197105,-33937222563.642372,100124944896.70213,61575.216010359945
1276,0.0006380000000000001,-30866170832.856174,101066614464.81114,61540.25374374681,822161016905.4108,75692410134.38815,6.831436488125105,-30821284570.56393,101064086051.21924,61575.216010359945
1277,0.0006385000000000002,-27727402262.078865,101909455050.52647,61537.74270592197,932451793898.9778,68982116022.23276,7.109737011048811,-27679745338.762775,101906355663.02954,61575.216010359945
1278,0.0006390000000000001,-24566576219.56338,102654787984.75291,61534.35668292107,1063080257558.5343,61870135897.72358,7.423649119138462,-24515557786.899677,102651139582.09932,61575.216010359945
1279,0.0006395000000000001,-21386450781.0818,103302135464.58678,61530.79938411657,1218940800366.0554,54366244239.15271,7.779642630831347,-21331774886.94038,103297746810.67894,61575.216010359945
1280,0.00064,-18190422620.216118,103850946455.85541,61526.357950291465,1406187367838.979,46516987444.53967,8.185318605582209,-18131465568.537357,103845755304.51035,61575.216010359945
1281,0.0006405000000000001,-14981510426.476183,104300876306.07079,61521.21824860146,1632405248725.575,38436282519.24561,8.649216242107862,-14917659018.3059,104294714361.36142,61575.216010359945
1282,0.0006410000000000002,-11762122786.638935,104651765269.31136,61516.7126619302,1906558576835.8198,30355491595.657627,9.180051287029787,-11693380418.893522,104644332208.88329,61575.216010359945
1283,0.0006415000000000001,-8535766266.866029,104903317436.20981,61511.8277416869,2238319623628.4624,22704743678.28047,9.784731430297438,-8461715796.197126,104894366684.46674,61575.216010359945
1284,0.0006420000000000001,-5304805120.989845,105055495490.1454,61507.78765690122,2635965805721.052,16236298940.992897,10.463956753314228,-5225795969.941597,105044737095.22063,61575.216010359945
1285,0.0006425000000000001,-2071697700.770912,105108228693.72522,61505.2687213041,3101426304541.1934,12179211523.500328,11.203691802594081,-1988550673.3440564,105095312674.3376,61575.216010359945
1286,0.0006430000000000001,1161751458.162275,105061536628.01904,61506.07225194052,3620671614950.0903,12357987422.744658,11.96112407561076,1246797164.7735157,105046325879.22647,61575.216010359945
1287,0.0006435000000000001,4394285784.144654,104915269928.84042,61512.10576168735,4149358871858.5586,19062655613.276783,12.647874061493129,4477250920.5311575,104897829047.45189,61575.216010359945
1288,0.0006440000000000001,7625025702.791571,104669195304.93668,61525.707009737074,4601150435972.55,34298545873.315353,13.125100217151367,7699742785.032896,104650158002.45508,61575.216010359945
1289,0.0006445000000000001,10851379900.777758,104323120398.12093,61546.73006816029,4859151210471.646,58246823463.41468,13.239177828458796,10911218961.206081,104303545743.32494,61575.216010359945
1290,0.0006450000000000002,14069441947.706114,103877034550.46062,61573.36123977555,4828730417244.402,87854058099.26799,12.908992188436148,14108666443.019445,103858512312.96152,61575.216010359945
1291,0.0006455000000000001,17271122811.223305,103331799057.38036,61598.91293780251,4503765519864.188,117484556023.74776,12.202452439569596,17289110045.11567,103315614861.6951,61575.216010359945
1292,0.0006460000000000001,20453629902.21809,102687887615.78731,61623.86939265462,3976091145432.2676,141871398023.58377,11.308402632439076,20449454271.24789,102675489627.3333,61575.216010359945
1293,0.0006465,23607084477.579926,101947449829.45003,61640.06358538092,3373804007199.635,158604978905.95093,10.423176323150349,23586811566.597874,101938752010.61009,61575.216010359945
1294,0.0006470000000000001,26731020925.39205,101111171847.34244,61651.194963834205,2796365970343.0435,168113091975.07697,9.666952174493714,26698219197.600185,101106201017.01569,61575.216010359945
1295,0.0006475000000000002,29820250421.95115,100180895992.20515,61654.684678649486,2294065916979.9814,172219009080.01788,9.076953074860898,29780809233.084328,100178832608.70148,61575.216010359945
1296,0.0006480000000000001,32874532714.67263,99157308775.58882,61654.06380218964,1879928120597.7349,172890629471.91446,8.639696861637862,32831642238.832508,99157621203.6798,61575.216010359945
1297,0.0006485000000000001,35892048633.61516,98041423738.52513,61650.64599269244,1547675911804.081,171703389337.03818,8.321613056043311,35847791540.184944,98043598618.46152,61575.216010359945
1298,0.0006490000000000002,38870978462.940025,96834232718.56958,61645.71587535139,1284136082660.218,169750894574.32074,8.086411010077411,38826520696.41447,96837962660.43253,61575.216010359945
1299,0.0006495000000000001,41808301783.394844,95537195609.19777,61638.746096894094,1075445892698.3594,167728801728.6116,7.9022807358466824,41765109152.46972,95541960150.62065,61575.216010359945
1300,0.0006500000000000001,44702230567.12528,94151370002.52599,61631.15266791191,909460079473.9353,166042062117.62997,7.743987015717441,44660712633.6086,94156893752.96321,61575.216010359945
1301,0.0006505000000000001,47549834340.97267,92678335280.79518,61622.442108357165,776330920133.8756,164893499347.82935,7.592953857072558,47510671462.58787,92684254134.99225,61575.216010359945
1302,0.0006510000000000001,50349412856.05213,91119182512.14903,61614.43795806818,668375611688.4896,164344630295.11557,7.436755211584828,50312254393.67811,91125428794.559,61575.216010359945
1303,0.0006515000000000002,53097843959.8872,89475752704.08495,61606.10609681123,579722795896.9338,164361785224.3458,7.268411217737009,53062994945.807014,89482052210.93028,61575.216010359945
1304,0.0006520000000000001,55792382387.13955,87749856368.12172,61597.00214797894,505947870153.0837,164849529959.17743,7.085573561249701,55760285551.895424,87755796089.50456,61575.216010359945
1305,0.0006525000000000001,58431614489.1109,85942604228.83183,61589.831833324184,443749894629.60394,165680656272.80804,6.889541568653501,58401668018.540665,85948342607.9577,61575.216010359945
1306,0.000653,61012862119.16489,84055889552.94006,61584.06233037071,390682470780.9036,166722106694.6503,6.684128676533172,60984636641.414406,84061503556.9301,61575.216010359945
1307,0.0006535000000000001,63532475937.99845,82092469100.56862,61576.12021737128,344940966738.8572,167852449246.11087,6.47451436656634,63506882337.73207,82097170159.87895,61575.216010359945
1308,0.0006540000000000002,65989304878.95647,80053523345.34198,61569.481126723695,305193101822.9355,168973612892.55167,6.2662092035160875,65966017485.85173,80057320904.9019,61575.216010359945
1309,0.0006545000000000001,68381185729.802666,77940960393.45561,61564.4310922236,270441019160.90045,170019195888.16196,6.064223299443528,68359818042.02191,77943965044.93149,61575.216010359945
1310,0.0006550000000000001,70705743753.27547,75756977119.48837,61560.32637725777,239922517371.62485,170952429604.82907,5.872552926068745,70686074805.25003,75759143948.05093,61575.216010359945
1311,0.0006555000000000002,72961036884.96939,73503526889.66412,61557.781610065824,213038951656.0488,171761299037.03787,5.693961417825081,72942778160.31897,73505119629.3609,61575.216010359945
1312,0.0006560000000000001,75145005270.8789,71182765829.29007,61556.74968420842,189304508005.99207,172452204354.5861,5.5299901411324255,75127746552.01326,71184013764.74864,61575.216010359945
1313,0.0006565000000000001,77255839609.15729,68796710019.6041,61557.90590253367,168313420797.79922,173042573131.0005,5.381126154487286,77239042965.1697,68798118220.9792,61575.216010359945
1314,0.0006570000000000001,79290703939.59032,66348641461.66969,61557.41262667339,149718802515.7365,173554738542.91534,5.247043949841365,79274649176.76944,66349758100.40659,61575.216010359945
1315,0.0006575000000000001,81248203252.45149,63840487708.99306,61557.229856929785,133221320033.89409,174010155381.58856,5.126869743299663,81232867491.1403,63841319944.815346,61575.216010359945
1316,0.0006580000000000002,83126060263.54985,61275351909.786896,61554.97359411162,118559295732.96303,174427811155.94067,5.019406341641705,83111823711.00447,61275260974.658676,61575.216010359945
1317,0.0006585000000000001,84923989965.93034,58653883825.77325,61557.502135416085,105504991963.29709,174821480170.28696,4.923323824222186,84909864484.36444,58654119905.925674,61575.216010359945
1318,0.0006590000000000001,86639276342.80724,55980018515.2787,61559.10453829424,93858591118.38054,175201007616.94717,4.83728545634163,86625372637.01431,55980409790.441124,61575.216010359945
1319,0.0006595,88270416532.13406,53256342721.16417,61559.9573758009,83448775879.8862,175569986113.66772,4.760049268942151,88256865560.76408,53256645931.02265,61575.216010359945
1320,0.0006600000000000002,89815658002.27545,50486053161.49108,61558.275320330846,74128520963.24744,175928164910.2567,4.690514545033604,89802825494.79199,50485627363.54248,61575.216010359945
1321,0.0006605000000000002,91274518381.21556,47670352019.25375,61559.53972824468,65772907252.2601,176272219296.11258,4.627741024796052,91261850296.53635,47669913000.912636,61575.216010359945
1322,0.0006610000000000001,92645233387.73964,44812731383.47553,61560.60063986445,58275147167.67388,176597853078.54703,4.570939930907476,92632810873.34297,44812216799.07292,61575.216010359945
1323,0.0006615000000000001,93926599782.05576,41915961225.028625,61561.4371474606,51545903791.22892,176899230887.82645,4.519465092110558,93914358768.25706,41915350681.11622,61575.216010359945
1324,0.0006620000000000002,95117574358.36856,38982676273.31766,61562.59984690055,45510304514.60791,177170362743.0748,4.472791568829228,95105491564.41173,38982121403.12235,61575.216010359945
1325,0.0006625000000000001,96217096277.3009,36015753034.25553,61563.8378744802,40105695519.83575,177405652986.82047,4.430492635275486,96205137282.45262,36015362839.033585,61575.216010359945
1326,0.0006630000000000001,97224276065.25128,33017885547.83264,61565.646482452124,35279836307.54871,177600071518.965,4.392219321129782,97212278575.14168,33017842024.394356,61575.216010359945
1327,0.0006635000000000001,98138003532.24672,29992692245.76454,61565.4606254168,30989111462.387074,177749354363.4647,4.357682446549154,98126149019.9729,29992489525.25858,61575.216010359945
1328,0.0006640000000000001,98957693475.61302,26942653878.662933,61565.00575381202,27197421449.920425,177849749866.742,4.326640127563016,98946012326.03204,26942193566.14918,61575.216010359945
1329,0.0006645000000000002,99682872995.89008,23869955899.44388,61566.73906032991,23874453478.27238,177898383041.3962,4.298885447393055,99671173814.62035,23869883313.46473,61575.216010359945
1330,0.0006650000000000001,100312670697.94267,20778564958.718494,61566.89267136636,20994734240.65694,177893042951.81866,4.2742384155591004,100301051593.0878,20778468580.21047,61575.216010359945
1331,0.0006655000000000001,100846721437.75385,17670996546.05473,61567.165854267514,18537373526.276672,177831623852.78403,4.252543356052141,100835176869.00688,17670932994.51483,61575.216010359945
1332,0.000666,101284598760.2399,14550378328.231178,61566.99661921329,16484927278.023705,177712475087.86102,4.2336642083005875,101273147378.25438,14550252215.234125,61575.216010359945
1333,0.0006665000000000002,101626079886.6588,11419135023.183079,61568.250106343425,14823080509.173243,177534123704.363,4.2174825467498,101614677883.33844,11419335872.925842,61575.216010359945
1334,0.0006670000000000002,101870816978.35646,8281219643.407173,61567.493026648626,13540148489.837734,177295294264.9761,4.203895604168869,101859466750.3367,8281256538.429497,61575.216010359945
1335,0.0006675000000000001,102018797640.50204,5138767585.463579,61567.83417921422,12626985251.444973,176994673598.83334,4.1928159734214665,102007428380.21797,5138892279.389904,61575.216010359945
1336,0.0006680000000000001,102069956766.49066,1994982179.7099395,61568.36354237959,12076507178.03323,176631107905.3012,4.184169738022176,102058605775.41559,1995253684.35619,61575.216010359945
1337,0.0006685000000000001,102024348307.88008,-1146762489.140003,61567.756396649216,11883690671.136307,176203415916.4672,4.1778960086324455,102013007411.89241,-1146698896.2722929,61575.216010359945
1338,0.0006690000000000001,101882144668.47311,-4283961995.3976145,61567.74487400008,12045405353.171793,175710421859.39813,4.173946072938128,101870817970.59799,-4283905462.5425897,61575.216010359945
1339,0.0006695000000000002,101643579966.56346,-7413600649.611646,61568.06969552589,12560337801.209244,175150955158.27274,4.172282545343817,101632260943.67644,-7413442075.046831,61575.216010359945
1340,0.0006700000000000001,101308996499.51762,-10532548382.435259,61568.10215892611,13428984117.373793,174523809641.27988,4.172878810603253,101297668281.89107,-10532382896.49103,61575.216010359945
1341,0.0006705000000000001,100878899957.30185,-13637261451.862309,61565.89643099205,14653617547.923288,173827758058.24393,4.175718364365716,100867416554.56137,-13637739651.010494,61575.216010359945
1342,0.0006710000000000002,100353694299.8487,-16726002128.876818,61565.75439933017,16238212219.46604,173061607416.03067,4.1807938622006695,100342143727.28296,-16726603433.790232,61575.216010359945
1343,0.0006715000000000001,99734017870.82993,-19795414883.45981,61565.851730349634,18188787690.30799,172223980345.23996,4.188107783123295,99722393587.70087,-19796137250.394367,61575.216010359945
1344,0.0006720000000000001,99020418232.24512,-22843277017.826046,61568.377235615655,20513264765.553234,171313484517.18283,4.197671739528659,99008835992.21591,-22843367818.538136,61575.216010359945
1345,0.0006725,98213915912.80093,-25865468639.84852,61568.72264331643,23221812625.28155,170328532168.65588,4.2095071353134985,98202232678.6062,-25865478467.682697,61575.216010359945
1346,0.0006730000000000002,97315301872.25488,-28859632381.979652,61568.83954087159,26326455270.749672,169267716278.7323,4.223643203482877,97303564057.19841,-28859573746.85456,61575.216010359945
1347,0.0006735000000000002,96325610599.67603,-31822732865.119648,61567.97340978854,29841680622.335167,168129424825.705,4.240118165711476,96313720457.13629,-31822887352.460335,61575.216010359945
1348,0.0006740000000000001,95245604414.45206,-34752892383.63481,61569.34097163991,33784432006.17271,166911997536.14066,4.258979125440554,95233766696.16719,-34752629773.101585,61575.216010359945
1349,0.0006745000000000001,94076740794.61884,-37646334331.489105,61569.02489632388,38174816567.90555,165613380653.82672,4.280284355637364,94064797854.58736,-37646091473.777626,61575.216010359945
1350,0.0006750000000000001,92819952341.06743,-40501134922.7354,61569.97448978609,43035579859.75169,164231739859.18408,4.30410106702257,92808045033.35172,-40500552786.48849,61575.216010359945
1351,0.0006755000000000001,91476906344.27518,-43313718946.0336,61568.79185071867,48393253755.39749,162764792743.4987,4.330508354541983,91464770973.46815,-43313395478.33743,61575.216010359945
1352,0.0006760000000000002,90048699182.0034,-46082163109.0289,61568.22709356928,54277697156.3297,161210456600.6163,4.359595275255534,90036400919.63788,-46081917304.78147,61575.216010359945
1353,0.0006765000000000001,88536645152.94336,-48804126344.78127,61569.02373787071,60723435831.04142,159566133034.14655,4.391464441424063,88524320421.6214,-48803617620.963295,61575.216010359945
1354,0.0006770000000000001,86942485571.99411,-51476633734.357216,61569.37608163093,67770030385.521324,157828922682.94226,4.426233540282431,86930107057.11768,-51475965981.7982,61575.216010359945
1355,0.0006775000000000002,85267797528.01462,-54097273352.02713,61569.57682599386,75462280796.75792,155995939486.5189,4.464034702796378,85255324057.60811,-54096439607.98098,61575.216010359945
1356,0.0006780000000000001,83514453036.77666,-56663332201.22069,61568.56718626509,83851339089.38597,154063988287.05597,4.50501663168178,83501672909.4708,-56662619650.9165,61575.216010359945
1357,0.0006785000000000001,81684151587.0336,-59172578816.15293,61566.997717044724,92995356207.02542,152029737060.75296,4.549345510666459,81670859662.11044,-59172168114.96751,61575.216010359945
1358,0.0006790000000000001,79778508184.06834,-61623016487.76905,61566.12128433872,102960930843.05952,149889411271.9742,4.597208355096396,79764837341.94739,-61622750240.550224,61575.216010359945
1359,0.0006795000000000002,77799329883.12726,-64012476190.2948,61566.1788441215,113824666952.47247,147638658209.92004,4.648817173062542,77785373830.34401,-64012164462.9741,61575.216010359945
1360,0.0006800000000000002,75748865885.70651,-66338383260.29476,61565.56596476371,125674634365.47833,145272686265.82373,4.7044119927181836,75734468781.16774,-66338128286.59231,61575.216010359945
1361,0.0006805000000000001,73628870804.04593,-68598938297.01142,61565.67173753252,138611803113.2448,142786555100.60092,4.7642621174639475,73614162241.8015,-68598626956.9993,61575.216010359945
1362,0.0006810000000000001,71441672811.40973,-70791795411.8189,61565.2846231226,152753174586.12436,140174521094.52438,4.8286729079834325,71426555472.93602,-70791487002.25067,61575.216010359945
1363,0.0006815000000000001,69189148669.82242,-72915244373.7062,61565.649622316894,168233956891.95956,137430512535.70811,4.897989035886045,69173804297.6253,-72914748863.20363,61575.216010359945
1364,0.0006820000000000001,66874207120.71968,-74966675373.14821,61563.82371375829,185211803589.1441,134547516516.73424,4.972603165898535,66858085426.04886,-74966449792.92334,61575.216010359945
1365,0.0006825000000000002,64498413622.66886,-76944928664.26212,61562.99823779879,203869725913.02063,131518445103.11945,5.052958449379879,64481637258.3389,-76944776965.27953,61575.216010359945
1366,0.0006830000000000001,62064575004.79862,-78847785789.3268,61561.17725230283,224423419760.39655,128334576046.36371,5.139564572046682,62046830731.06884,-78847935365.93637,61575.216010359945
1367,0.0006835000000000001,59574503318.01402,-80674008369.74184,61560.570118997966,247126226010.98346,124986752173.09808,5.233004618599989,59556070278.72493,-80674122479.88702,61575.216010359945
1368,0.0006840000000000001,57030879333.68109,-82421729668.97752,61560.03835988666,272278961588.5349,121464164566.50702,5.333953729840133,57011726418.1689,-82421801400.77293,61575.216010359945
1369,0.0006845000000000001,54435824257.82465,-84089621167.444,61560.706924490354,300239203883.15137,117755134641.38492,5.443192991411602,54416230384.740585,-84089421889.31456,61575.216010359945
1370,0.0006850000000000001,51792740548.25823,-85675588915.09932,61559.529248528175,331435416251.471,113846326138.09743,5.561633059210841,51772202891.03064,-85675440662.59312,61575.216010359945
1371,0.0006855000000000001,49103238042.896904,-87178856857.39883,61559.783404254216,366381712175.2304,109723817604.02899,5.6903326082875125,49082144465.22609,-87178464638.39029,61575.216010359945
1372,0.0006860000000000002,46370584372.81812,-88597677429.43307,61559.21529917413,405702125236.1018,105371039197.38799,5.830540220020524,46348639232.02836,-88597127849.1475,61575.216010359945
1373,0.0006865000000000002,43597034515.35212,-89931031890.55925,61559.07983597693,450155722322.1871,100770440607.88196,5.983728189966105,43574365247.90609,-89930218087.9771,61575.216010359945
1374,0.0006870000000000001,40785356090.82241,-91177696630.84583,61559.03404922487,500673781364.2645,95902308054.28268,6.151647361405792,40761975981.7575,-91176518657.1525,61575.216010359945
1375,0.0006875000000000001,37938813173.07896,-92336343643.94101,61557.58794416537,558405283510.8018,90745438727.73447,6.336389286983838,37914242335.7863,-92335002967.50557,61575.216010359945
1376,0.0006880000000000001,35059658167.09318,-93406229823.01312,61556.25610822719,624775789299.0121,85277925483.98979,6.540460314169284,35033825108.70846,-93404697004.21777,61575.216010359945
1377,0.0006885000000000002,32151110838.326363,-94386279480.65012,61553.89624866009,701566908731.0234,79476932325.62418,6.7668842248554695,32123555961.778095,-94384640952.68501,61575.216010359945
1378,0.0006890000000000002,29215324211.850994,-95275931565.17644,61552.22844093964,791015032190.0131,73321379981.28662,7.019314526493178,29186163260.418518,-95273929432.39926,61575.216010359945
1379,0.0006895000000000001,26255599327.33947,-96074282793.7625,61549.99711524618,895941251928.7905,66793957651.10563,7.302175909496974,26224432563.13886,-96071975281.18512,61575.216010359945
1380,0.0006900000000000001,23274618969.602367,-96780755474.16,61547.63868054303,1019907941717.419,59887836163.458336,7.620801450081398,23241263156.18329,-96778083745.46196,61575.216010359945
1381,0.0006905000000000001,20275435031.36654,-97394754052.67352,61544.73253651851,1167405519074.33,52615674161.13346,7.981556283266491,20239519754.78734,-97391706445.3469,61575.216010359945
1382,0.0006910000000000001,17260971292.996605,-97915825566.55455,61541.23755622306,1344043972493.4163,45026674219.218666,8.391866759726824,17222029098.150646,-97912250373.5219,61575.216010359945
1383,0.0006915000000000001,14233930233.661213,-98343653882.23538,61537.59114739502,1556688865201.577,37234778943.44251,8.860007662982639,14191725578.720497,-98339492609.65726,61575.216010359945
1384,0.0006920000000000001,11196748477.60496,-98678033948.46925,61534.69500304815,1813386004657.713,29465576800.988823,9.394330878043325,11151435341.753696,-98673014449.7126,61575.216010359945
1385,0.0006925000000000002,8152626662.002412,-98918690392.57379,61531.77995347252,2122728531459.131,22131371760.76038,10.00131952561706,8104062272.655723,-98912634479.52068,61575.216010359945
1386,0.0006930000000000001,5104213919.496518,-99065524339.42694,61529.22807629316,2491967338504.077,15942896678.362223,10.68137451084862,5052588011.148158,-99058264207.77577,61575.216010359945
1387,0.0006935000000000001,2053995158.655797,-99118485644.61473,61527.55107713075,2922667503231.2866,12047822765.264898,11.42078114986012,1999754322.3535392,-99109834806.73668,61575.216010359945
1388,0.0006940000000000001,-995954607.5540227,-99077616141.60997,61528.012256632486,3402420667069.793,12135150495.73675,12.178648282662566,-1051492569.3936621,-99067447469.76834,61575.216010359945
1389,0.0006945000000000001,-4043855634.1444077,-98942869496.9461,61531.8218304289,3892546777731.821,18322059089.95017,12.871294642430193,-4098227000.964751,-98931274191.375,61575.216010359945
1390,0.0006950000000000002,-7088237258.382591,-98714176092.79288,61540.583416124,4317791755839.5566,32502286245.255913,13.366975810431274,-7137502381.542106,-98701522391.70969,61575.216010359945
1391,0.0006955000000000002,-10126164348.222847,-98391568365.6683,61553.76625810146,4574711862474.703,54992133177.09947,13.516552127241493,-10166572713.406809,-98378487735.53337,61575.216010359945
1392,0.0006960000000000001,-13155640189.641977,-97974999056.11507,61572.05089695834,4574925048316.261,83207444456.51582,13.232374037677346,-13182543081.062365,-97962568126.54807,61575.216010359945
1393,0.0006965000000000001,-16172001705.282715,-97464858209.19652,61592.70552757977,4303454316175.3696,112051031590.97597,12.564246642613154,-16182590595.694729,-97454365737.81464,61575.216010359945
1394,0.0006970000000000001,-19167610552.44101,-96862399528.42993,61609.53096310697,3833827197010.988,136441362444.43669,11.684924013079307,-19163769252.13162,-96854356733.6131,61575.216010359945
1395,0.0006975000000000001,-22137190404.20554,-96168990698.50145,61619.78204666621,3279894627638.4507,153728912049.3897,10.788845935486659,-22123422185.57258,-96163290077.97543,61575.216010359945
1396,0.000698,-25080931627.028736,-95385012832.19041,61627.72467392863,2736563924842.183,163983756352.64865,10.00537049812836,-25058721975.448013,-95381906142.3988,61575.216010359945
1397,0.0006985000000000001,-27992324782.55008,-94512490216.64806,61628.61178616357,2256005578841.557,168778498436.59268,9.382627064057239,-27966852376.5612,-94510996155.92697,61575.216010359945
1398,0.0006990000000000002,-30873138387.696087,-93551422708.48988,61628.57728336175,1854961667776.8296,169970630161.4761,8.91464186651521,-30845177281.049126,-93551534023.50217,61575.216010359945
1399,0.0006995000000000001,-33721003421.97367,-92502773679.31789,61628.068913211806,1530369386041.1697,169117444399.86066,8.571522198055295,-33690946867.54083,-92504499921.80074,61575.216010359945
1400,0.0007000000000000001,-36530455160.96621,-91368723480.28758,61622.83825324312,1271264446562.5283,167332330460.5461,8.318147801205408,-36501547530.40889,-91370999432.86967,61575.216010359945
1401,0.0007005000000000001,-39302866460.91096,-90149138459.72235,61618.9520153789,1065171259555.8093,165339448945.47736,8.12259655225187,-39274345352.00091,-90152232299.11945,61575.216010359945
1402,0.0007010000000000001,-42034580082.527084,-88845665938.69138,61614.64566826569,900760819600.186,163579383463.24442,7.958847644906324,-42006739047.64237,-88849486247.30675,61575.216010359945
1403,0.0007015000000000002,-44721639404.88961,-87460343797.70985,61607.21693279543,768664175521.6663,162286790604.62042,7.807217928858016,-44696152420.87893,-87464037527.72011,61575.216010359945
1404,0.0007020000000000001,-47363856201.29609,-85993590891.05443,61601.08901918064,661475178708.4198,161552263738.52216,7.653996480729838,-47340167750.68728,-85997295644.60863,61575.216010359945
1405,0.0007025000000000001,-49958507326.24851,-84446976548.19232,61595.80922805961,573471351426.5764,161370151603.15393,7.490808612347444,-49936258072.675224,-84450708637.47087,61575.216010359945
1406,0.0007030000000000002,-52502549568.704254,-82822401023.12727,61589.95280962854,500299439655.9318,161668774751.35397,7.313909273687616,-52482068167.8098,-82825888181.4393,61575.216010359945
1407,0.0007035000000000001,-54994264969.547226,-81121135889.52768,61585.13109111232,438684231427.4001,162338027589.5962,7.123337830943567,-54975234705.39275,-81124467666.29474,61575.216010359945
1408,0.0007040000000000001,-57431121445.65788,-79344999728.6961,61580.78500961058,386179900205.5736,163254366366.62607,6.921915948628132,-57413376366.84506,-79348133391.34247,61575.216010359945
1409,0.0007045000000000002,-59811063547.011406,-77495614229.60443,61577.496412747954,340970488085.3869,164298785100.12497,6.714185571770398,-59794353006.924515,-77498652441.38765,61575.216010359945
1410,0.0007050000000000001,-62131491096.24617,-75575095653.2993,61574.02509201456,301707435459.0468,165370881931.1879,6.505385920265756,-62115931395.81085,-75577852809.05956,61575.216010359945
1411,0.0007055000000000002,-64390537947.16218,-73585149778.08775,61571.22277981045,267382874925.30408,166395728820.69568,6.300604993824933,-64376000383.00178,-73587562138.52956,61575.216010359945
1412,0.0007060000000000001,-66585787107.091515,-71528030168.99419,61567.883413863114,237230325444.2305,167326480449.40704,6.104173008853564,-66572422808.80935,-71529971347.9653,61575.216010359945
1413,0.0007065000000000001,-68716063014.21865,-69405019380.90984,61567.00908791753,210653013067.18228,168141063884.92282,5.919336820773668,-68703292638.408394,-69406910335.11363,61575.216010359945
1414,0.0007070000000000001,-70778607696.71431,-67218913327.6595,61565.46391338756,187170509954.09958,168838037976.7161,5.748164181468129,-70766599026.67819,-67220503118.078804,61575.216010359945
1415,0.0007075000000000001,-72771655197.37222,-64971777509.011635,61563.67885472641,166386406642.95795,169428383638.69153,5.591643350658818,-72760473952.46422,-64972874723.029045,61575.216010359945
1416,0.0007080000000000002,-74693568264.94406,-62665636467.929405,61562.36218750064,147964192818.97955,169930641679.02734,5.449872946879675,-74683051547.86163,-62666293253.19845,61575.216010359945
1417,0.0007085000000000001,-76542733620.89824,-60302573930.12449,61562.06016471457,131612949208.70914,170365816041.1625,5.3222943339404285,-76532676771.39095,-60302937748.17674,61575.216010359945
1418,0.0007090000000000001,-78317168720.51645,-57885257042.19532,61561.269154414935,117078723595.99162,170753588541.29044,5.207921305560681,-78307705190.17136,-57885139653.354065,61575.216010359945
1419,0.0007095000000000002,-80015668106.57526,-55415523212.17777,61561.93837637602,104139705364.0662,171109673634.15695,5.105541376159187,-80006472741.57597,-55415308103.610634,61575.216010359945
1420,0.0007100000000000001,-81636198396.47334,-52896457578.31099,61561.3509590245,92601644805.77841,171445541475.17224,5.013866601105322,-81627504223.3849,-52895809898.62851,61575.216010359945
1421,0.0007105000000000001,-83177840511.65718,-50329730344.258484,61562.47411354858,82296313934.8129,171767399326.49445,4.9316471280774845,-83169271953.44524,-50329041735.22297,61575.216010359945
1422,0.0007110000000000002,-84638970247.46664,-47718162669.957726,61563.81719860433,73077772888.37799,172077813546.01288,4.857734385187687,-84630479172.43791,-47717591486.4664,61575.216010359945
1423,0.0007115000000000001,-86018515828.43864,-45063849129.701126,61566.840030429055,64821173346.11892,172375677692.3995,4.791119378634418,-86009880378.14725,-45063900909.86813,61575.216010359945
1424,0.0007120000000000002,-87314413879.6157,-42370922344.09415,61565.7719330184,57419938507.01151,172657720762.17676,4.730941666661883,-87306116770.26923,-42370584895.13343,61575.216010359945
1425,0.0007125000000000001,-88526245585.1686,-39640704025.17834,61565.74120419916,50784839125.99889,172918504095.29016,4.6764890809536475,-88518207881.20787,-39640166478.395615,61575.216010359945
1426,0.0007130000000000001,-89652961223.86664,-36875751601.99388,61566.814234286365,44839899735.93164,173152821773.92676,4.6271746758118155,-89644932436.37334,-36875375660.98973,61575.216010359945
1427,0.0007135,-90693249076.69032,-34079510426.856983,61566.09864029091,39521382638.35839,173355329452.3598,4.582518540819977,-90685416329.76695,-34078828708.00222,61575.216010359945
1428,0.0007140000000000002,-91646582333.2378,-31253798635.022808,61566.86774265488,34776347754.45423,173520701195.5501,4.542130274368555,-91638795504.8285,-31253177126.443104,61575.216010359945
1429,0.0007145000000000002,-92511992885.46199,-28401707941.348995,61567.5653892556,30560194243.40547,173644554020.51108,4.5056875236240055,-92504226116.52379,-28401077052.380905,61575.216010359945
1430,0.0007150000000000001,-93288819842.28831,-25525765200.048744,61568.89871797205,26835910605.01906,173722943594.3362,4.472922408680767,-93281028674.1006,-25525439730.620323,61575.216010359945
1431,0.0007155000000000001,-93976249815.24284,-22629337378.958744,61568.67241648855,23572603153.75756,173752617272.60678,4.443608828232497,-93968532007.17244,-22628896523.636223,61575.216010359945
1432,0.0007160000000000002,-94573969925.60356,-19714315361.035767,61570.116146893,20744753101.554626,173730738808.46283,4.41755437585735,-94566167094.80385,-19714243355.945316,61575.216010359945
1433,0.0007165000000000001,-95081222828.61165,-16784769993.246689,61568.59740142796,18330934563.062157,173655177016.5075,4.394591944985877,-95073562106.62016,-16784224834.86958,61575.216010359945
1434,0.0007170000000000001,-95497913797.87988,-13842224365.028385,61568.89718065725,16313737826.793709,173523890511.67612,4.374577353388915,-95490274968.74072,-13841703062.757149,61575.216010359945
1435,0.0007175000000000001,-95823595215.30418,-10890348067.358438,61567.78859166349,14678603086.694101,173335393037.39645,4.3573840586039845,-95816079911.91316,-10889430326.009855,61575.216010359945
1436,0.0007180000000000001,-96058215401.33063,-7930786255.449726,61569.42328396041,13413906257.417799,173088204020.3427,4.342902644884334,-96050680231.75348,-7930237364.992763,61575.216010359945
1437,0.0007185000000000002,-96201513961.43753,-4967399322.280209,61569.81476645837,12510317093.745989,172781087854.66522,4.331038467455095,-96193926097.30275,-4966964631.989953,61575.216010359945
1438,0.0007190000000000001,-96253493108.07439,-2002852404.752424,61569.662801180326,11960852527.132013,172412731549.97342,4.321711728773679,-96245902241.00702,-2002386355.1736152,61575.216010359945
1439,0.0007195000000000001,-96214225167.06749,960603154.309166,61570.94370323069,11760488209.448856,171981918071.0339,4.3148560440039905,-96206634725.28262,960748029.3192925,61575.216010359945
1440,0.00072,-96083821753.91595,3919799488.3868384,61572.20390005225,11906078301.411028,171487455781.6639,4.310417588877938,-96076259418.72398,3919541172.7322373,61575.216010359945
1441,0.0007205000000000002,-95862543108.36629,6871272342.10376,61571.190899869725,12396302643.668783,170928125368.38873,4.308354568992398,-95854919668.37646,6871214489.148574,61575.216010359945
1442,0.0007210000000000002,-95550672846.89632,9813257032.790306,61571.74415630897,13231522573.829601,170302742359.64075,4.3086362035871035,-95543066401.50964,9812988540.404696,61575.216010359945
1443,0.0007215000000000001,-95148666733.89566,12742163182.548536,61570.840422409994,14413902908.219795,169610055430.52518,4.311242511828993,-95141040285.68666,12742078614.89042,61575.216010359945
1444,0.0007220000000000001,-94656971837.00035,15655741413.75989,61570.453367355134,15947277594.796827,168848835597.257,4.316163414194275,-94649264930.53516,15655792112.006693,61575.216010359945
1445,0.0007225000000000002,-94076116803.134,18551413260.827805,61571.06817061998,17837347358.442642,168017757130.44897,4.323398785998178,-94068335012.15428,18551231167.24761,61575.216010359945
1446,0.0007230000000000001,-93406882369.60127,21425726519.25136,61570.01280368028,20091748603.751072,167115401473.31757,4.332958401768578,-93398999894.84494,21425792677.44908,61575.216010359945
1447,0.0007235000000000002,-92649857320.77612,24276767690.737263,61570.26309576377,22719920486.217384,166140413644.00024,4.344860819539288,-92641917347.37053,24276760870.390354,61575.216010359945
1448,0.0007240000000000001,-91805969148.23813,27101348809.848198,61569.83118070317,25733615082.54271,165091198990.74606,4.359134608032902,-91798026136.19511,27101474464.731686,61575.216010359945
1449,0.0007245000000000001,-90875945637.79152,29897436698.273933,61570.97052065207,29146703043.41513,163966194603.1779,4.375817457086481,-90867986090.41037,29897250627.512203,61575.216010359945
1450,0.0007250000000000002,-89860854946.59248,32662029773.194023,61572.0976382557,32975742160.13238,162763568495.31827,4.394957615095115,-89852988511.82344,32661529801.577965,61575.216010359945
1451,0.0007255000000000001,-88761897002.86499,35392161425.89516,61571.85169915693,37239854065.826225,161481494811.2816,4.4166131913189925,-88753950981.17992,35391616008.29371,61575.216010359945
1452,0.0007260000000000001,-87580141009.18259,38085537431.63175,61571.331514152625,41960938902.514145,160118142631.16507,4.440851855451932,-87572140170.2544,38085073801.182816,61575.216010359945
1453,0.0007265,-86316886524.10878,40739482181.30503,61569.96702453068,47164282381.410805,158671428545.67892,4.467752462659431,-86308659175.34552,40739316296.859276,61575.216010359945
1454,0.0007270000000000002,-84973302516.8859,43351835222.87562,61568.99152216727,52878737273.22172,157139166170.72,4.497405443905408,-84964796817.33614,43351908080.40036,61575.216010359945
1455,0.0007275000000000002,-83550568929.53366,45920509692.081894,61569.607860138814,59137449626.72995,155518844892.16724,4.529914850381255,-83542005802.11777,45920363779.64839,61575.216010359945
1456,0.0007280000000000001,-82050645599.40338,48442120543.048996,61567.86740319656,65978472454.007576,153807605501.91394,4.565400343883964,-82041715265.12932,48442428627.323875,61575.216010359945
1457,0.0007285000000000001,-80474511953.34433,50915329604.502846,61567.820897657715,73444466839.6877,152002887212.3388,4.603994573345397,-80465443717.39975,50915637299.9378,61575.216010359945
1458,0.0007290000000000002,-78824053477.80754,53337306012.29867,61567.180033530014,81584855815.64072,150101299107.05386,4.645849449266284,-78814672100.70992,53337796296.265396,61575.216010359945
1459,0.0007295000000000001,-77100513515.69543,55706427357.71887,61568.39139083491,90455603646.7041,148099519350.69003,4.691135104202961,-77091105065.90569,55706596253.67891,61575.216010359945
1460,0.0007300000000000002,-75306313565.90605,58019474616.25507,61567.17875957062,100121239911.77802,145993522707.03183,4.740045127425867,-75296420453.53922,58019927025.395325,61575.216010359945
1461,0.0007305000000000001,-73442480359.85104,60275380897.450615,61568.03131851427,110654636915.51054,143779650309.5658,4.792793663833652,-73432541811.23724,60275614024.62597,61575.216010359945
1462,0.0007310000000000001,-71511453340.63661,62471282628.81222,61567.52547579381,122140522205.43182,141453037327.1175,4.8496252429003075,-71501141233.13911,62471569158.25832,61575.216010359945
1463,0.0007315000000000002,-69514717825.70691,64605694016.6113,61567.96228438778,134675499071.2421,139009023138.23737,4.910813178445187,-69504298626.32788,64605821735.82679,61575.216010359945
1464,0.0007320000000000001,-67454323644.57659,66676538421.41664,61568.73259362079,148371670524.37918,136441984617.77461,4.976667981221144,-67443844486.42941,66676484540.60425,61575.216010359945
1465,0.0007325000000000001,-65332203496.1238,68682000713.22419,61570.13520809359,163358690276.1702,133745870584.59883,5.047541422662131,-65321883232.147156,68681485279.901596,61575.216010359945
1466,0.000733,-63151267840.21646,70619454912.94691,61568.629470392756,179787339681.84155,130913933430.90392,5.123833436422137,-63140423051.728546,70619085207.92026,61575.216010359945
1467,0.0007335000000000002,-60912802783.58066,72487996546.28775,61568.23279239614,197832240651.92615,127939493921.67978,5.2059938348943415,-60901696761.16731,72487583526.74919,61575.216010359945
1468,0.0007340000000000002,-58619529565.50844,74285459610.67198,61566.68343034704,217699260479.1327,124814094644.7636,5.294540223067874,-58607750262.242874,74285255027.08215,61575.216010359945
1469,0.0007345000000000001,-56272892341.03281,76010882041.97539,61567.12287233793,239629807607.9855,121528944508.14601,5.390064327291024,-56260922356.881584,76010528014.9967,61575.216010359945
1470,0.0007350000000000001,-53875978043.45077,77662060516.18436,61566.30481807608,263910581452.46384,118073437849.81728,5.493252574525338,-53863480072.27176,77661702404.5049,61575.216010359945
1471,0.0007355000000000002,-51430993138.74351,79237646772.85068,61564.92127970011,290880996857.83105,114436724216.4958,5.604895190349587,-51417818271.80032,79237376821.18826,61575.216010359945
1472,0.0007360000000000001,-48939882824.40057,80736532607.42744,61564.48749728112,320946715669.6533,110606484412.02933,5.7259094697733195,-48926194672.07071,80736233193.86082,61575.216010359945
1473,0.0007365000000000002,-46405618358.01419,82157025519.8839,61563.05700089563,354595819327.31256,106568586027.42587,5.857369500868019,-46391091098.25671,82156851460.93098,61575.216010359945
1474,0.0007370000000000001,-43830051458.41467,83498242470.00931,61562.656261496646,392417147071.9521,102308004251.20445,6.000532933480428,-43814831234.00376,83497988981.23897,61575.216010359945
1475,0.0007375000000000001,-41216151503.404465,84758723522.96344,61561.66868281542,435127575307.4871,97807527101.48956,6.1568869584626595,-41200117222.20675,84758389981.33179,61575.216010359945
1476,0.0007380000000000002,-38566231833.41127,85937491392.78683,61560.800491704715,483603113337.96185,93048935157.64021,6.328193119691398,-38549420191.09344,85937053177.16823,61575.216010359945
1477,0.0007385000000000001,-35882024653.60866,87033884167.82977,61562.2724924487,538922195802.6436,88012391656.15445,6.516551832244521,-35865123589.69539,87032963098.77824,61575.216010359945
1478,0.0007390000000000001,-33168046331.752712,88046086241.36229,61560.513297889156,602421818603.386,82676372296.00569,6.724486156125072,-33149961793.16208,88045120711.95946,61575.216010359945
1479,0.0007395000000000001,-30425623951.113712,88973831448.59486,61559.40621602186,675762941642.9075,77021294564.64833,6.955015938139924,-30406485490.392616,88972693275.42673,61575.216010359945
1480,0.0007400000000000002,-27657721031.123474,89816208519.7658,61558.00931833676,761025948022.0107,71027803405.45245,7.211784869578242,-27637362413.203617,89814893907.45613,61575.216010359945
1481,0.0007405000000000002,-24866718066.510838,90572617934.72571,61557.02766979882,860822389400.4221,64681694001.352425,7.499183609922303,-24845220354.90648,90571048757.69856,61575.216010359945
1482,0.0007410000000000001,-22055149253.196945,91242469473.43251,61556.706493546,978435846876.8739,57978728915.71985,7.822484139748231,-22032732459.99381,91240424312.87163,61575.216010359945
1483,0.0007415000000000001,-19226620444.510082,91824980980.22647,61554.85622368626,1117983216473.8662,50934224453.13329,8.187946594483408,-19202595871.73781,91822606148.16689,61575.216010359945
1484,0.0007420000000000001,-16383204336.01357,92319900923.8079,61553.103061888236,1284574171891.9565,43599935229.79572,8.602820548278645,-16357526697.138872,92317152049.26035,61575.216010359945
1485,0.0007425000000000001,-13527686611.933903,92726851134.10155,61551.26606489394,1484418273792.224,36089325338.34501,9.07511935929389,-13500203079.99603,92723666136.88403,61575.216010359945
1486,0.0007430000000000002,-10662845558.011742,93045546725.35924,61549.22050615452,1724730956624.9963,28622170200.53289,9.612838111908662,-10633390410.028582,93041825326.27548,61575.216010359945
1487,0.0007435000000000001,-7791317211.379474,93275810163.73111,61547.14775127006,2013138772176.055,21593551057.693718,10.222047586849587,-7759826229.129451,93271411848.98691,61575.216010359945
1488,0.0007440000000000001,-4915583024.578874,93417552577.84262,61545.497837230134,2355985620423.3516,15674335034.261818,10.90286916792476,-4882214976.868849,93412387589.58978,61575.216010359945
1489,0.0007445000000000002,-2038264395.0303712,93470696053.66371,61544.237245912234,2754528355088.562,11935174002.367758,11.641918692203797,-2003230308.1341634,93464723111.31056,61575.216010359945
1490,0.0007450000000000001,838585660.221127,93435301198.24825,61544.535011158245,3197793971321.948,11938578170.712057,12.400164997225925,874291998.4167987,93428372606.8665,61575.216010359945
1491,0.0007455000000000001,3712630477.6070557,93311413117.19688,61546.79572935132,3652050160808.667,17640440890.027164,13.098420417988056,3747669897.6685038,93303573970.69221,61575.216010359945
1492,0.0007460000000000001,6582520363.839757,93099002659.29794,61552.660566875966,4051746712723.5806,30824906641.65402,13.611797062768389,6614236963.626311,93090489896.17035,61575.216010359945
1493,0.0007465000000000002,9446257614.071375,92798085757.23116,61562.808989776626,4305519856714.1265,51916838593.93905,13.795912124101994,9471187093.75791,92789439537.71245,61575.216010359945
1494,0.0007470000000000002,12298664766.90076,92409123150.47467,61573.517428498526,4331414562663.1855,78753440890.8128,13.557797155243424,12315918039.502586,92400783326.31458,61575.216010359945
1495,0.0007475000000000001,15138238840.202902,91932276325.89761,61586.30515475851,4107860909379.4087,106750400887.7772,12.930384675317132,15145719971.438747,91925038967.45583,61575.216010359945
1496,0.0007480000000000001,17959612350.855473,91368426935.89337,61597.494859933904,3692411959093.943,131045457061.8883,12.069811850641337,17957927348.528133,91362697455.90227,61575.216010359945
1497,0.0007485000000000001,20758646694.518658,90718573381.73569,61605.30755627048,3185141593368.1953,148811005855.88034,11.16658420280602,20749869050.187733,90714441352.85042,61575.216010359945
1498,0.0007490000000000002,23531353494.405228,89983945098.58394,61608.17856705226,2675616404626.952,159782201414.3259,10.357822075902016,23518946038.949875,89981019367.65761,61575.216010359945
1499,0.0007495000000000002,26278502556.16304,89164689212.12114,61610.876395753716,2217075763099.5317,165267839438.73563,9.702511631176652,26262565626.200054,89163130642.35905,61575.216010359945
1500,0.0007500000000000001,28996396648.79644,88262030970.25478,61611.869174258165,1829488798983.8647,167006133515.5699,9.202679659049702,28978176388.26132,88261704232.70053,61575.216010359945
1501,0.0007505000000000001,31682250585.18606,87277113941.41277,61610.7880091884,1512850605701.7673,166520165189.6658,8.832726911548223,31663149127.82627,87277581334.2605,61575.216010359945
1502,0.0007510000000000001,34334365800.260952,86210800529.51021,61608.786477603906,1258388199971.4783,164934373972.8172,8.559164521681055,34315073814.855034,86211936630.98294,61575.216010359945
1503,0.0007515000000000001,36950328275.86111,85064232924.66888,61605.88945722545,1055010253381.1813,163003664807.51294,8.350176048013745,36931441475.104614,85065889531.24245,61575.216010359945
1504,0.0007520000000000001,39527585310.77098,83838700891.33665,61601.805757552414,892233822820.3673,161197878625.58514,8.179136088202165,39509845825.844154,83840558418.76294,61575.216010359945
1505,0.0007525000000000001,42064272286.53358,82535279953.15338,61597.44020260879,761188980183.14,159781993020.2572,8.025385760103054,42047736802.470436,82537144386.01949,61575.216010359945
1506,0.0007530000000000002,44558776074.11282,81154936191.9483,61594.31307306679,654753931805.1797,158877172596.10245,7.874005630801863,44542926052.17058,81156998336.82631,61575.216010359945
1507,0.0007535000000000002,47008548398.318596,79699129802.42041,61592.02931951072,567366872754.0746,158504014673.92523,7.715294887258566,46993042975.92198,79701592261.1456,61575.216010359945
1508,0.0007540000000000001,49410528674.06595,78169752182.24498,61588.76172831815,494757216439.4215,158613788727.73218,7.544152275917618,49395787186.83929,78172321602.91216,61575.216010359945
1509,0.0007545000000000001,51762536424.70584,76568369580.32092,61584.560049481064,433684540269.5888,159114290566.33926,7.359345182288466,51748996483.62188,76570725689.47383,61575.216010359945
1510,0.0007550000000000001,54062923766.61608,74896286218.32704,61580.840315651076,381710543395.0458,159893195769.66534,7.162633632762255,54050468641.49923,74898431171.47617,61575.216010359945
1511,0.0007555000000000002,56310282672.28018,73154640442.08089,61579.74817776337,337010747625.86414,160836999469.299,6.957795885315515,56298088322.97576,73157032723.2613,61575.216010359945
1512,0.0007560000000000002,58500891350.67139,71346318266.58345,61576.162804533626,298222166469.7959,161845043608.0714,6.749652455658263,58489763361.96814,71348362813.42941,61575.216010359945
1513,0.0007565000000000001,60634370489.19111,69471894541.47234,61575.46717859103,264326091452.94742,162836022063.0474,6.543223323639033,60623521680.154205,69474185850.24014,61575.216010359945
1514,0.0007570000000000002,62707046492.50261,67534603191.41209,61571.63795986425,234547581496.93036,163755499774.2677,6.343041923148263,62697343385.32483,67536307077.75991,61575.216010359945
1515,0.0007575000000000001,64717703911.40363,65535876761.96688,61567.15059385631,208289127659.13718,164571392376.49854,6.152755578769193,64709413832.36633,65536671535.03944,61575.216010359945
1516,0.0007580000000000001,66665883708.20353,63476352047.73267,61567.37191161201,185074521323.93845,165273203659.77423,5.974928148892897,66657817202.15871,63477198657.96615,61575.216010359945
1517,0.0007585000000000002,68548439338.137505,61359299259.49697,61566.62615298098,164511498341.81763,165866829258.58417,5.811036194544691,68540837650.32682,61359964851.47119,61575.216010359945
1518,0.0007590000000000001,70363938244.00462,59186524778.76801,61566.10774866433,146271782000.59604,166365867213.52728,5.661622532222136,70356682968.59474,59187037604.92352,61575.216010359945
1519,0.0007595000000000002,72110692719.81827,56960197842.227936,61565.60320002427,130073022479.56142,166788781735.19727,5.5264907912877,72103803353.95131,56960443298.563614,61575.216010359945
1520,0.0007600000000000002,73787302027.65828,54682263327.77683,61565.95997318591,115669494228.52336,167154507504.5517,5.404922285368468,73780562581.60597,54682358937.92446,61575.216010359945
1521,0.0007605000000000001,75391957090.54665,52355313479.8788,61565.63124404055,102845736493.20035,167479951225.21945,5.295875279638042,75385487401.69029,52355138903.56226,61575.216010359945
1522,0.0007610000000000001,76923419255.59122,49981349468.79269,61565.69422816287,91413288348.69275,167777980915.99094,5.19815454931245,76917183714.82999,49981016642.89346,61575.216010359945
1523,0.0007615000000000001,78380429022.10495,47562482250.891975,61566.781238225296,81207237131.70076,168057423859.50223,5.110535044380498,78374213157.08008,47562276712.96329,61575.216010359945
1524,0.0007620000000000002,79761514536.52534,45101295433.34122,61567.83593459594,72084154133.96135,168323014764.03906,5.031848136274666,79755304896.32509,45101227868.949234,61575.216010359945
1525,0.0007625000000000002,81065493269.2545,42600091280.37214,61569.13836401016,63920455377.63963,168575713107.37485,4.9610355577428145,81059277213.57974,42600360763.75251,61575.216010359945
1526,0.0007630000000000001,82291002772.15154,40061688660.87061,61569.19444869364,56610161454.17728,168813788053.4021,4.897173462763471,82284923141.99133,40061959991.721565,61575.216010359945
1527,0.0007635000000000002,83437126937.55124,37488277194.71013,61569.13557020606,50063268113.75962,169033455634.62387,4.839478574471144,83431176230.41837,37488520723.27274,61575.216010359945
1528,0.0007640000000000001,84502966347.21298,34882120497.80693,61569.7425847859,44203385995.81364,169230058437.59,4.787298201103654,84496979725.29834,34882556759.99402,61575.216010359945
1529,0.0007645000000000001,85487442665.34325,32246083534.019337,61569.63535156327,38966043572.089615,169398573063.4018,4.740094618197698,85481583960.15144,32246439747.977085,61575.216010359945
1530,0.0007650000000000002,86389804350.10776,29582505875.067196,61569.61066802354,34297310966.754036,169533851037.83286,4.697428302578812,86384092585.8709,29582739918.799274,61575.216010359945
1531,0.0007655000000000001,87209210731.64738,26894184507.823082,61568.80700868861,30151962565.11851,169631209581.46124,4.658938757063484,87203632136.45206,26894094600.888565,61575.216010359945
1532,0.0007660000000000002,87945261052.6235,24182805784.436657,61570.46478758263,26492325787.29257,169686422600.65536,4.624328682099642,87939604733.38089,24183061122.02669,61575.216010359945
1533,0.0007665000000000001,88597010428.20473,21452038869.833294,61570.42455558137,23286720447.983356,169696088213.63095,4.593348509507836,88591440125.11806,21452222787.70044,61575.216010359945
1534,0.0007670000000000001,89164044831.3005,18704202829.054855,61569.97883746771,20509182970.48436,169657006968.87216,4.565788559045704,89158564582.10056,18704198233.959076,61575.216010359945
1535,0.0007675000000000001,89646009193.81334,15941540222.612646,61570.51764045522,18138080425.61394,169566637440.29993,4.541469427651383,89640535534.17493,15941641611.778547,61575.216010359945
1536,0.0007680000000000002,90042433108.68724,13167218771.470758,61570.027113943666,16155493641.066257,169422916929.41263,4.520235748628592,90037012326.99022,13167129049.157093,61575.216010359945
1537,0.0007685000000000002,90353118374.98927,10383473291.80624,61570.08829825274,14546882321.788103,169223985482.30347,4.50195312535651,90347709690.17761,10383356010.945625,61575.216010359945
1538,0.0007690000000000002,90577864743.66995,7592863612.459229,61570.9186327266,13300435379.675503,168968298493.09836,4.4865047394229824,90572446078.22649,7592909068.588784,61575.216010359945
1539,0.0007695000000000001,90716502660.69925,4798541466.212522,61570.658640857684,12406837267.814611,168654448753.12354,4.4737897533605855,90711100672.12675,4798467485.763364,61575.216010359945
1540,0.0007700000000000002,90769040770.77574,2002762746.6892061,61570.85793780825,11859036607.085041,168281086886.44467,4.463722345736144,90763658686.04851,2002752104.6155005,61575.216010359945
1541,0.0007705000000000001,90735515524.33752,-791633810.2888716,61570.7890145202,11651953097.342976,167846971651.9549,4.456230357999005,90730101781.82375,-791723847.7403246,61575.216010359945
1542,0.0007710000000000001,90616075092.56715,-3581537369.8824034,61568.87300249751,11782390199.086864,167350878278.70352,4.451254645159025,90610611685.23807,-3582220678.282024,61575.216010359945
1543,0.0007715000000000002,90410902511.62251,-6365762628.856734,61570.47107461101,12248886160.203962,166791615303.3581,4.44874823005226,90405413871.54428,-6366142717.065511,61575.216010359945
1544,0.0007720000000000001,90120301282.15215,-9140528811.988693,61571.016957000174,13051784685.002022,166167931650.7643,4.4486761178463,90114823208.2009,-9140814737.456003,61575.216010359945
1545,0.0007725000000000002,89744674131.6575,-11903155021.023333,61570.45146022213,14193088629.54485,165478577210.73996,4.4510145288242855,89739113161.61804,-11903573889.047852,61575.216010359945
1546,0.0007730000000000001,89284378023.18652,-14651882591.661263,61571.922643773934,15676464780.758368,164722303789.6771,4.455750198301415,89278803268.27832,-14651885598.722256,61575.216010359945
1547,0.0007735000000000001,88740077995.06963,-17383088692.533943,61571.46487469127,17507470217.438942,163897720713.55576,4.462880751801623,88734534964.6867,-17383163217.93073,61575.216010359945
1548,0.0007740000000000001,88112283282.34233,-20094917044.348946,61571.89413324672,19693282969.933933,163003532689.2383,4.472413267992292,88106812372.47612,-20094880586.10198,61575.216010359945
1549,0.0007745000000000002,87401729169.7009,-22784543715.30281,61572.092310870394,22243134861.53648,162038264557.06442,4.484365085962066,87396285778.75368,-22784418427.922665,61575.216010359945
1550,0.0007750000000000002,86609171007.58005,-25449509550.35096,61572.32304401548,25168224166.88008,161000422030.7971,4.498763287775934,86603695046.71701,-25449310905.811886,61575.216010359945
1551,0.0007755000000000001,85735471207.49638,-28087256207.419716,61572.35949212794,28481948124.962784,159888410964.68173,4.515644902397458,85729948403.95535,-28086966379.535557,61575.216010359945
1552,0.0007760000000000001,84781597142.03052,-30695194138.310123,61571.78474186831,32200047007.578255,158700556395.6043,4.535056987261084,84776040735.95312,-30695000150.300957,61575.216010359945
1553,0.0007765000000000002,83748544141.31494,-33270934999.49844,61570.85625687286,36340789570.28512,157435108456.8307,4.557056742726801,83742831854.92934,-33270963371.805855,61575.216010359945
1554,0.0007770000000000001,82637268774.82599,-35812380767.099396,61570.74814524784,40925301294.29313,156090172215.53555,4.581712210794857,82631516725.09607,-35812454117.39607,61575.216010359945
1555,0.0007775000000000001,81449090362.0852,-38316725210.7024,61569.71358484218,45978021471.39616,154663598716.17996,4.6091037149401055,81443144806.31282,-38317044952.77285,61575.216010359945
1556,0.0007780000000000002,80185025028.12936,-40782103842.99148,61569.6225112756,51526686041.5019,153153264408.61404,4.63932318783125,80178936705.4766,-40782560608.8903,61575.216010359945
1557,0.0007785000000000001,78846579041.90718,-43205757895.89434,61568.57016808901,57603258973.29506,151556659918.7924,4.6724767947646715,78840226347.82692,-43206496948.64036,61575.216010359945
1558,0.0007790000000000002,77434840625.54254,-45585963192.1947,61568.686970707204,64243886222.09644,149871311739.33084,4.708684235512415,77428317882.5497,-45586794179.13211,61575.216010359945
1559,0.0007795000000000001,75951326893.28183,-47920302831.326546,61569.00850317346,71490149445.46533,148094251366.1967,4.7480823265415255,75944691422.52406,-47921128257.46842,61575.216010359945
1560,0.0007800000000000001,74397694072.81459,-50206347511.85989,61568.445043463755,79389301487.22496,146222403499.44955,4.790825379157522,74390779629.72954,-50207407913.30157,61575.216010359945
1561,0.0007805,72775288989.7208,-52442324743.935295,61568.44230656416,87995022415.23228,144252577752.46014,4.83708603646598,72768169188.2494,-52443395540.9302,61575.216010359945
1562,0.0007810000000000002,71085430293.99588,-54626552054.88478,61570.47772593787,97368938033.0301,142181050052.6222,4.8870595180607665,71078459864.26903,-54627155524.78842,61575.216010359945
1563,0.0007815000000000002,69330061123.58417,-56756589172.994095,61572.59068707926,107581969775.14406,140003521236.80005,4.940967900881638,69323330076.74355,-56756634264.2831,61575.216010359945
1564,0.0007820000000000001,67511542817.61499,-58829721834.14288,61571.62173113074,118715037166.65453,137715658872.4647,4.9990602978931875,67504470227.36795,-58829876567.634026,61575.216010359945
1565,0.0007825000000000001,65630960421.61469,-60844967745.78209,61571.7548422292,130860289900.13266,135313257942.88608,5.061612749411787,65623831218.188835,-60844973869.61727,61575.216010359945
1566,0.0007830000000000002,63690298808.84965,-62800304139.70891,61572.11310005827,144125056039.34924,132790806722.95728,5.128939995204435,63683156894.50454,-62800170868.66249,61575.216010359945
1567,0.0007835000000000001,61691571432.81266,-64693832315.15536,61572.17467784292,158633290757.15292,130142444038.09676,5.201398945988595,61684315961.935585,-64693582078.83171,61575.216010359945
1568,0.0007840000000000002,59636528235.176796,-66524035145.871704,61572.89386020377,174528737556.9521,127361814812.52023,5.279394226664429,59629366906.027916,-66523508399.6304,61575.216010359945
1569,0.0007845000000000001,57527628908.229515,-68288832284.66781,61572.30118465928,191979231412.74948,124441674728.387,5.363387716286353,57520259463.34842,-68288224683.83736,61575.216010359945
1570,0.0007850000000000001,55366714067.53664,-69986855698.18071,61571.5547707079,211180477460.8178,121374468429.99197,5.453904185485755,55359076562.23732,-69986275844.60965,61575.216010359945
1571,0.0007855000000000002,53155817804.17723,-71616639202.33925,61570.969752080346,232362831803.20648,118151492693.69362,5.551545529974201,53147928561.820404,-71616051753.65436,61575.216010359945
1572,0.0007860000000000001,50897161549.83862,-73176664661.60242,61570.26635107484,255798422230.7965,114763013129.53362,5.657005251301532,50888901380.87134,-73176094085.29155,61575.216010359945
1573,0.0007865000000000001,48592710559.5259,-74665698018.92905,61570.274098194524,281810064149.60144,111198310507.71204,5.771084715543723,48584302516.25717,-74665002730.22493,61575.216010359945
1574,0.000787,46245242345.160515,-76082041870.47997,61569.02573548921,310783212727.6097,107445273899.19482,5.89471595009455,46236289167.42927,-76081428145.99197,61575.216010359945
1575,0.0007875000000000002,43856475247.01326,-77424816168.06125,61568.58875181716,343179240190.7243,103491070559.15442,6.028982472465221,43847203391.972694,-77424145687.75761,61575.216010359945
1576,0.0007880000000000002,41429257801.739494,-78692510603.29549,61567.11731109844,379555530747.4217,99320894572.23918,6.175157050109562,41419280047.244606,-78691949670.4507,61575.216010359945
1577,0.0007885000000000001,38965545635.76586,-79884252500.22383,61566.000341283616,420587309364.7891,94919103787.07324,6.334735932011387,38954863977.07197,-79883756328.31473,61575.216010359945
1578,0.0007890000000000001,36467407776.783066,-80999140750.86488,61566.07244990617,467099174639.7682,90268260034.1023,6.50949230106272,36456406362.4303,-80998469545.53445,61575.216010359945
1579,0.0007895000000000002,33938074256.992138,-82035803482.22394,61564.77353548548,520103950525.174,85349519152.54028,6.701539228942186,33926217019.962013,-82035117512.43903,61575.216010359945
1580,0.0007900000000000001,31379468653.65036,-82993607947.2662,61563.7590905422,580850429611.0532,80144221527.98018,6.913395716156457,31366840760.94862,-82992897190.7267,61575.216010359945
1581,0.0007905000000000002,28794484224.73391,-83871570602.76138,61561.82495814528,650889231772.3323,74633395760.52087,7.148083239064924,28780639809.48474,-83870962945.80515,61575.216010359945
1582,0.0007910000000000001,26185417129.253983,-84669054735.4338,61559.61282338842,732152362573.4149,68800511586.74562,7.4092278544744605,26170100257.819912,-84668442075.06036,61575.216010359945
1583,0.0007915000000000001,23554528804.09016,-85385491037.58395,61557.7690365394,827055623299.5844,62633898092.17759,7.701182301939102,23537805006.762417,-85384809899.70964,61575.216010359945
1584,0.0007920000000000002,20904100054.21602,-86020355560.15701,61556.80404569613,938621825369.7225,56132085243.41192,8.029148853819937,20886284399.882572,-86019418925.29292,61575.216010359945
1585,0.0007925000000000001,18236917982.039722,-86573051808.49103,61555.975597659686,1070620389540.3486,49312939950.756386,8.399271874802874,18218004292.528378,-86571779676.67445,61575.216010359945
1586,0.0007930000000000001,15555401460.397495,-87043177379.39893,61555.54987397703,1227702072590.6267,42229365747.04815,8.818626291160054,15535523835.639112,-87041502402.91956,61575.216010359945
1587,0.0007935000000000002,12862881256.842127,-87430220316.27144,61553.73759036399,1415477565559.2546,34994124697.13513,9.294966752565266,12841371429.451385,-87428202842.39694,61575.216010359945
1588,0.0007940000000000002,10161111684.058056,-87734099586.85416,61552.49625335713,1640410021596.7915,27821262517.021507,9.83593508666424,10138184144.258698,-87731659975.90636,61575.216010359945
1589,0.0007945000000000002,7452876248.600374,-87954574018.42508,61551.27085540097,1909263404647.4912,21088057229.32826,10.447213020224307,7428481748.091243,-87951596241.66397,61575.216010359945
1590,0.0007950000000000001,4740879372.427107,-88091501778.94777,61549.70847831029,2227584841304.369,15426867500.082718,11.128676562672192,4714837441.42119,-88087909511.62228,61575.216010359945
1591,0.0007955000000000001,2027189221.5791292,-88144901148.15663,61548.834407076145,2596377655694.597,11835478845.490997,11.867297924251366,1999820343.700191,-88140601660.18216,61575.216010359945
1592,0.0007960000000000002,-685823135.65794,-88114807998.42532,61548.97130406113,3005953869065.075,11757865921.174875,12.625876532855663,-713865726.1307421,-88109833383.48096,61575.216010359945
1593,0.0007965000000000001,-3395600531.857258,-88001298058.066,61549.991383322376,3426925281397.5723,16999332215.283686,13.329563048812888,-3423793338.1486797,-87995505762.9873,61575.216010359945
1594,0.0007970000000000002,-6100985322.359048,-87804369310.16322,61553.72726522438,3802255633618.7324,29237442532.666294,13.860124601458356,-6127395158.308588,-87797888917.52646,61575.216010359945
1595,0.0007975000000000001,-8799022695.340948,-87524224240.81982,61559.45604228737,4051410505740.122,48983663018.65099,14.078160337480025,-8822020377.817837,-87517359660.34613,61575.216010359945
1596,0.0007980000000000001,-11488526329.181423,-87160889707.50992,61568.8915559554,4098889207317.398,74449632472.3142,13.886540337132505,-11505240541.94355,-87154209324.44928,61575.216010359945
1597,0.0007985000000000002,-14165730476.43091,-86714764028.01323,61580.03474913904,3918298385863.565,101548362678.09657,13.302350731916519,-14174481757.418604,-86708911238.11609,61575.216010359945
1598,0.0007990000000000001,-16825483915.409382,-86186720900.68066,61589.164894971706,3553253759245.362,125667914708.29794,12.464521455027695,-16827237715.59052,-86181947355.959,61575.216010359945
1599,0.0007995000000000001,-19464784596.223995,-85577532102.98222,61595.78443914051,3090718590311.322,143847936653.06158,11.557781428991373,-19460992320.450237,-85573931697.58807,61575.216010359945
1600,0.0008000000000000001,-22081527818.009262,-84887890688.59216,61600.60552451494,2614401945240.3643,155508690960.29663,10.725674720835036,-22073267983.107254,-84885548672.71266,61575.216010359945
1601,0.0008005000000000002,-24672482162.116207,-84118851204.56868,61602.651057033254,2177856674468.7988,161695601472.13934,10.037816130657916,-24661615174.535824,-84117461936.96796,61575.216010359945
1602,0.0008010000000000002,-27236208778.76457,-83271092333.14526,61603.41050475768,1803882180417.9695,164004069697.33978,9.504863219651618,-27223581076.47798,-83270580796.61484,61575.216010359945
1603,0.0008015000000000001,-29770888981.163292,-82345388303.10617,61603.75371798163,1495355541029.432,163915138901.9587,9.10614376476795,-29756873561.774834,-82345783300.08246,61575.216010359945
1604,0.0008020000000000001,-32272385676.026527,-81343392816.40887,61600.86759776791,1245638368825.88,162561228528.4505,8.810217068468724,-32259007631.04073,-81343997962.26064,61575.216010359945
1605,0.0008025000000000002,-34740852237.19844,-80265339263.7383,61598.72602421352,1045036471519.5211,160720757251.91824,8.585670944489545,-34727792176.35722,-80266244738.82408,61575.216010359945
1606,0.0008030000000000002,-37173924281.68984,-79112322412.51364,61597.25994742946,883916964321.081,158894563584.66537,8.405415925655097,-37160791660.19084,-79113652162.23416,61575.216010359945
1607,0.0008035000000000002,-39568472927.80224,-77885892873.54442,61594.84476713323,753914506589.974,157377735757.73138,8.247899070226746,-39555782836.75179,-77887500780.49466,61575.216010359945
1608,0.0008040000000000001,-41922286693.482,-76587347263.99757,61591.42072538029,648204982660.4578,156318390768.4076,8.097087137831165,-41910514831.8068,-76588911678.67392,61575.216010359945
1609,0.0008045000000000001,-44234061291.66025,-75217576922.49644,61588.90267232183,561398040761.4917,155761712500.4908,7.942039224159232,-44222828285.15027,-75219226933.48656,61575.216010359945
1610,0.0008050000000000002,-46501527841.644295,-73777992523.01685,61587.07071785945,489312801013.0616,155682195027.0271,7.776346561474907,-46490581444.08847,-73779866339.25552,61575.216010359945
1611,0.0008055000000000001,-48721786004.09927,-72270512325.86452,61583.868245040234,428747517962.7712,156007281388.28125,7.5974948657454275,-48711752200.82018,-72272266931.33252,61575.216010359945
1612,0.0008060000000000001,-50893680817.907005,-70696115372.77527,61581.74906339172,377274334251.06494,156637843434.1606,7.406115667621289,-50884166190.446075,-70697936980.36552,61575.216010359945
1613,0.0008065000000000001,-53015080620.64694,-69056417374.23145,61580.38748929888,333062419150.11383,157467914238.30838,7.205110428779756,-53005881838.83905,-69058372475.1227,61575.216010359945
1614,0.0008070000000000002,-55083663740.02362,-67353300088.90209,61578.62891724874,294737359759.8993,158397570238.17554,6.998751086855545,-55074945128.64449,-67355272685.908035,61575.216010359945
1615,0.0008075000000000002,-57097517154.09765,-65588485870.5948,61576.41273113889,261266602596.39868,159342745853.46695,6.791835246923969,-57089439175.64148,-65590262887.33408,61575.216010359945
1616,0.0008080000000000001,-59054618202.23026,-63763902846.47614,61573.08090040842,231867586966.11075,160241074885.24335,6.588982186191246,-59047528709.16438,-63765142182.103096,61575.216010359945
1617,0.0008085000000000001,-60953651583.65231,-61880969613.64987,61570.4054668393,205937596541.68533,161052823319.89044,6.394137976272583,-60947349479.895065,-61881678389.960846,61575.216010359945
1618,0.0008090000000000001,-62793393093.84701,-59941011633.925545,61570.42244791536,183000345158.83948,161759352827.11984,6.210295875900568,-62787261794.129974,-59941764642.178535,61575.216010359945
1619,0.0008095000000000002,-64571272538.744995,-57946763692.87096,61569.3521831916,162668608925.7744,162358694213.2967,6.039416264055719,-64565533416.81751,-57947263717.551994,61575.216010359945
1620,0.0008100000000000002,-66286003915.743996,-55899860641.93043,61568.64256382315,144620753506.0871,162859105075.82687,5.88250541304196,-66280616693.82792,-55900147812.32409,61575.216010359945
1621,0.0008105000000000001,-67935928500.90848,-53802418852.62649,61567.78216615458,128581953239.53882,163275784102.89218,5.739765600318263,-67930939534.35577,-53802438965.66764,61575.216010359945
1622,0.0008110000000000002,-69519475690.96056,-51656601774.64871,61566.347045733964,114314001367.53857,163626213881.90976,5.610790423294345,-69514915983.25162,-51656146573.236946,61575.216010359945
1623,0.0008115000000000002,-71035880201.68164,-49463620597.02672,61567.801099531636,101608472215.03592,163927187781.2906,5.494760494684451,-71031245525.44691,-49463342921.83699,61575.216010359945
1624,0.0008120000000000001,-72483411380.57373,-47226006379.02894,61570.12616562229,90281458244.74335,164193490523.11633,5.390611753771878,-72478543423.95665,-47226247025.72042,61575.216010359945
1625,0.0008125000000000001,-73860301972.32214,-44946626194.22881,61570.54208650857,80172126552.62903,164435713231.2708,5.297181092107156,-73855520697.42764,-44946952782.79059,61575.216010359945
1626,0.0008130000000000001,-75165636738.78278,-42627258231.10244,61570.97195733042,71140592609.4182,164660152712.10934,5.2133121249589625,-75160916157.0551,-42627684169.79702,61575.216010359945
1627,0.0008135000000000002,-76398285165.37733,-40270097758.15633,61571.58956848663,63065002495.91965,164869948724.21597,5.137919048642598,-76393585615.34483,-40270693149.08342,61575.216010359945
1628,0.0008140000000000002,-77556757337.74104,-37878209629.32302,61569.454393116124,55840200061.11022,165065255952.38852,5.070026247971801,-77552471392.50914,-37878284364.95537,61575.216010359945
1629,0.0008145000000000001,-78640586710.7404,-35452910900.384796,61568.66250258291,49376533590.046455,165243624470.12595,5.008788179144417,-78636488985.02216,-35452712405.21382,61575.216010359945
1630,0.0008150000000000001,-79648896461.07971,-32996311429.031574,61569.82078685319,43597013174.22499,165401692729.03336,4.953485396148053,-79644766722.57007,-32996305123.787434,61575.216010359945
1631,0.0008155000000000001,-80580405212.94144,-30511683104.86701,61569.300337559966,38436378703.37347,165535185955.7182,4.9035168554122865,-80576381775.7754,-30511419930.85341,61575.216010359945
1632,0.0008160000000000002,-81434495746.96573,-28001043101.896408,61568.7151377988,33840106997.87109,165639090091.55722,4.858388920305497,-81430606850.29518,-28000453077.042847,61575.216010359945
1633,0.0008165000000000002,-82210678952.9322,-25466098746.6101,61570.60834855441,29762238929.80074,165708728066.27585,4.817696219617893,-82206740938.81049,-25465895605.741943,61575.216010359945
1634,0.0008170000000000001,-82907910969.27,-22910414659.336807,61570.485274364844,26164091173.97803,165739949062.07355,4.781103990522162,-82904013974.98244,-22910119594.97781,61575.216010359945
1635,0.0008175000000000002,-83525848445.80237,-20335747307.484245,61571.14619282017,23013842472.909847,165728677846.83008,4.748336734749107,-83521959635.7389,-20335549414.3567,61575.216010359945
1636,0.0008180000000000002,-84063904816.06113,-17744872821.840755,61571.33438314538,20284798647.496037,165671641150.877,4.71916346917695,-84060010919.32695,-17744688438.075134,61575.216010359945
1637,0.0008185000000000001,-84521791776.16533,-15139647814.43363,61573.33283303141,17954956047.26491,165565971128.7954,4.693388961836959,-84517823913.71094,-15140028794.44575,61575.216010359945
1638,0.0008190000000000002,-84898894071.257,-12523937758.138885,61571.91371686707,16006072741.579292,165409356341.2619,4.670845638663108,-84894986599.67337,-12523948197.441437,61575.216010359945
1639,0.0008195000000000001,-85195164887.86731,-9899211320.905115,61571.27178014729,14423524444.665699,165199603614.16132,4.6513902848370385,-85191281019.08078,-9898984037.040392,61575.216010359945
1640,0.0008200000000000002,-85410438296.04446,-7267594534.839312,61572.611662197785,13195304114.219378,164935050957.06238,4.634898337483988,-85406486452.13773,-7267681133.003059,61575.216010359945
1641,0.0008205000000000002,-85544485860.86513,-4632563827.522093,61572.1370627342,12311932945.301365,164614215072.60345,4.621261868069311,-85540587582.06197,-4632567266.784391,61575.216010359945
1642,0.0008210000000000001,-85597334109.14005,-1996164692.1797159,61571.7579533126,11766292769.292028,164235637028.18842,4.610388847431147,-85593468825.1111,-1996011098.2353055,61575.216010359945
1643,0.0008215000000000001,-85569025231.2845,639057963.6099334,61571.296694223034,11553222864.34855,163798020929.29794,4.60220134815901,-85565195293.06558,639385986.9307842,61575.216010359945
1644,0.0008220000000000001,-85459678648.54701,3270797172.191678,61571.442043268136,11669437564.695807,163300114250.9714,4.596634789949892,-85455812657.04,3271111834.885529,61575.216010359945
1645,0.0008225000000000002,-85269477808.4696,5896546514.785602,61572.041777563034,12113425593.644794,162740678304.0504,4.593637342679511,-85265616226.76666,5896705267.501042,61575.216010359945
1646,0.0008230000000000002,-84998694850.51987,8513687239.037256,61572.53194447249,12885392010.613894,162118460215.12738,4.593169456549556,-84994802567.28252,8513722577.63445,61575.216010359945
1647,0.0008235000000000001,-84647679309.46198,11119750463.534164,61572.93348686719,13987203402.175608,161432197385.1403,4.595203293411228,-84643734444.54062,11119693114.66754,61575.216010359945
1648,0.0008240000000000002,-84216875693.64392,13712147391.146727,61572.77973776755,15422389216.067787,160680605232.06723,4.599722243424297,-84212893010.95383,13712157310.5067,61575.216010359945
1649,0.0008245000000000001,-83706760166.40529,16288644785.191217,61572.907614227086,17196145277.894863,159862382877.0718,4.6067204131672455,-83702830514.3597,16288577762.143505,61575.216010359945
1650,0.0008250000000000001,-83117943846.41985,18846611709.29777,61572.51451000165,19315457793.48192,158976153513.44232,4.6162025885536995,-83113932360.91054,18846602809.75244,61575.216010359945
1651,0.0008255000000000002,-82450980816.262,21384091313.230885,61573.31570937629,21789104341.38295,158020518582.69846,4.628183777416295,-82447041340.3358,21383857908.235905,61575.216010359945
1652,0.0008260000000000001,-81706767899.4439,23897952588.675697,61572.36547505407,24627948413.468338,156993914860.51062,4.642689865438666,-81702761913.22174,23897932844.098328,61575.216010359945
1653,0.0008265000000000002,-80885948430.68414,26386475814.088566,61572.26946346753,27844715818.20628,155894880825.72192,4.659756242328935,-80881954535.13994,26386417822.136913,61575.216010359945
1654,0.0008270000000000002,-79989459016.80023,28847066837.909515,61571.91441673482,31454616944.888607,154721688130.58276,4.679429443143235,-79985346287.8103,28847098105.170174,61575.216010359945
1655,0.0008275000000000001,-79018234142.60863,31277451922.087627,61571.42902350708,35475255019.003136,153472585203.58173,4.701766733555488,-79014040122.10233,31277618895.445194,61575.216010359945
1656,0.0008280000000000001,-77973031645.29778,33675978091.345078,61573.177950378704,39926977889.703545,152145691764.4323,4.726836671429648,-77968914260.4194,33675758856.522217,61575.216010359945
1657,0.0008285000000000002,-76855341746.25066,36039343111.99881,61572.78006205685,44833496490.92909,150738767110.04233,4.754721343091734,-76851103523.35234,36039108793.05724,61575.216010359945
1658,0.0008290000000000002,-75666164772.32094,38365755991.02265,61572.08522358613,50221355114.62058,149249865746.6816,4.7855135567067,-75661765986.74423,38365705718.62197,61575.216010359945
1659,0.0008295000000000002,-74406554958.08452,40653370441.2505,61572.364641364875,56121096927.870514,147676670731.2281,4.819319755706148,-74402107626.31557,40653208318.93313,61575.216010359945
1660,0.0008300000000000001,-73078051809.28299,42899545682.04902,61571.44724250469,62567764390.57034,146016525478.0959,4.856262298440894,-73073375827.159,42899598807.19878,61575.216010359945
1661,0.0008305000000000002,-71681825411.18105,45102539096.9475,61570.82057128132,69600918560.05446,144266838887.71146,4.896478600309136,-71676992043.5728,45102731291.610504,61575.216010359945
1662,0.0008310000000000001,-70219215361.75754,47260399482.0426,61570.79849003261,77265902980.17564,142424582312.8881,4.940124563434367,-70214331205.52544,47260573150.91005,61575.216010359945
1663,0.0008315000000000001,-68691874239.21297,49370834273.0588,61570.07807625316,85614512892.44897,140486423499.55783,4.987376726467011,-68686781684.70039,49371166870.9559,61575.216010359945
1664,0.0008320000000000002,-67101047226.63316,51432305093.87125,61570.425664114766,94705622625.88896,138448937588.5231,5.038432943533547,-67095865330.8986,51432535809.5015,61575.216010359945
1665,0.0008325000000000001,-65448449484.03676,53442700009.83608,61570.825867196356,104606971441.71494,136308088574.92844,5.093517475491297,-65443190292.705795,53442809356.20972,61575.216010359945
1666,0.0008330000000000002,-63735773539.50326,55400101810.65915,61570.971434010644,115395993527.08171,134059652404.61806,5.152882610836899,-63730437061.401436,55400141750.18325,61575.216010359945
1667,0.0008335000000000001,-61964753717.83349,57302677444.72518,61570.71416109197,127161582092.97675,131699046712.86882,5.216812203360671,-61959221999.595856,57302696706.87382,61575.216010359945
1668,0.0008340000000000001,-60137068857.99608,59148773007.347664,61570.46807231586,140006107865.72565,129221251460.4107,5.285626230787492,-60131374407.37479,59148814707.34951,61575.216010359945
1669,0.0008345000000000001,-58254206423.53846,60937012088.644775,61571.63182709636,154048001068.0967,126620645963.80017,5.35968707079779,-58248597495.68933,60936794937.783516,61575.216010359945
1670,0.0008350000000000002,-56318416237.75435,62665336123.39402,61572.11401836193,169425082393.526,123890750366.33148,5.439408255288564,-56312810665.70198,62664974312.93146,61575.216010359945
1671,0.0008355000000000002,-54331659367.39597,64332138732.63089,61571.78986790153,186297186227.606,121024892950.23889,5.525258284112351,-54325865537.59592,64331791749.11641,61575.216010359945
1672,0.0008360000000000002,-52295585137.64248,65936180609.48276,61572.01480344199,204851037402.5537,118015689565.64232,5.617770346949111,-52289775987.53357,65935676765.02969,61575.216010359945
1673,0.0008365000000000001,-50212398917.63689,67475824553.43402,61571.81684139737,225306286361.4259,114854622027.98999,5.717556737776121,-50206441771.4599,67475321986.60523,61575.216010359945
1674,0.0008370000000000002,-48084301209.23814,68949575153.37387,61570.645959081834,247921612979.03528,111532510665.3058,5.825320582797853,-48077933328.3568,68949228701.10637,61575.216010359945
1675,0.0008375000000000001,-45912908719.8455,70356457140.23334,61570.339503138435,273003245571.90646,108039309014.9072,5.94187190596677,-45906311949.169106,70356141460.35175,61575.216010359945
1676,0.0008380000000000002,-43700524859.38167,71695062637.19287,61570.038890604956,300916613962.3362,104363392090.60747,6.068152958830032,-43693700305.71601,71694720641.88849,61575.216010359945
1677,0.0008385000000000002,-41449190119.193306,72964264412.31056,61570.08908693897,332098915821.1596,100492204384.46646,6.205261340156935,-41442225721.57392,72963826700.45113,61575.216010359945
1678,0.0008390000000000001,-39161586844.87166,74162647528.98175,61568.78590375268,367076622271.5129,96411853457.75076,6.354482539755396,-39154091498.37537,74162280855.3952,61575.216010359945
1679,0.0008395000000000002,-36839457639.8181,75289449385.32323,61567.86207027253,406486130010.7542,92107688391.33076,6.51732439171224,-36831442028.21674,75289096464.90903,61575.216010359945
1680,0.0008400000000000001,-34484758286.91588,76343813154.91661,61568.108878394516,451102932083.304,87563342709.88799,6.69557075627033,-34476550671.271095,76343334928.03795,61575.216010359945
1681,0.0008405000000000001,-32100226453.33793,77324575700.41205,61567.92915855458,501877002956.77423,82761276088.40681,6.8913429297613735,-32091720547.572975,77323973685.87215,61575.216010359945
1682,0.0008410000000000001,-29687962508.56714,78230986033.01027,61567.94958116676,559976821149.344,77684048892.17064,7.107166609797494,-29679180192.649403,78230194515.16895,61575.216010359945
1683,0.0008415000000000002,-27250507419.11478,79062180385.02391,61567.519208168655,626848034610.9272,72314561717.41092,7.346061316721113,-27241353994.322803,79061251854.93355,61575.216010359945
1684,0.0008420000000000002,-24790355977.70765,79817421191.06665,61566.30239302635,704285562532.6144,66638253688.55165,7.611639637907658,-24780476164.798714,79816507211.14914,61575.216010359945
1685,0.0008425000000000001,-22309347932.14546,80496272189.86296,61565.7723017518,794523708892.8163,60646049928.24466,7.908218163305321,-22298975514.620945,80495222405.30136,61575.216010359945
1686,0.0008430000000000001,-19810334598.10015,81098024451.93484,61564.619726400226,900345360952.057,54338949179.96753,8.240933021393639,-19799190846.174145,81096860923.93445,61575.216010359945
1687,0.0008435000000000002,-17295548077.393593,81622261534.57089,61563.327371622756,1025200151729.1611,47737776242.89945,8.615810175282126,-17283479025.30856,81620999693.5009,61575.216010359945
1688,0.0008440000000000001,-14767566897.195726,82068546686.8325,61561.495043242794,1173317933822.193,40897027396.40586,9.039741346068807,-14754277282.843088,82067156769.4759,61575.216010359945
1689,0.0008445000000000002,-12228412809.157618,82436647642.4663,61560.09875107664,1349763611188.7522,33928878949.16211,9.520212907664902,-12213999979.916098,82435008120.10423,61575.216010359945
1690,0.0008450000000000002,-9680931340.614918,82726221552.61171,61558.09570356366,1560324331022.0361,27040546560.50297,10.0645230448619,-9665066980.686234,82724343458.16359,61575.216010359945
1691,0.0008455000000000001,-7126914177.707251,82937204035.65239,61556.96425407803,1810991735139.3848,20592894027.48307,10.677968187384055,-7109922842.144333,82934942122.53825,61575.216010359945
1692,0.0008460000000000002,-4569111058.390579,83069409599.77739,61555.835014097094,2106606778713.7646,15181813193.387661,11.360180599197777,-4550969727.616826,83066710958.16791,61575.216010359945
1693,0.0008465000000000001,-2009675253.6545863,83122828899.35901,61555.27166951315,2447947233406.976,11737393167.86334,12.098455878414251,-1990663401.5363774,83119668821.46686,61575.216010359945
1694,0.0008470000000000001,549148416.712557,83097450660.71106,61555.393620643335,2826431739388.247,11594772728.172607,12.857283928828025,568606737.9362351,83093772917.53488,61575.216010359945
1695,0.0008475000000000001,3105052153.3530345,82993385640.0597,61556.45770178817,3216411456670.424,16420189174.070082,13.565840940878237,3124404862.1231523,82989128563.5138,61575.216010359945
1696,0.0008480000000000002,5656236711.348565,82810701991.59743,61559.22544392075,3568220670814.761,27787560274.600597,14.112173384105338,5674279466.329247,82806041743.59723,61575.216010359945
1697,0.0008485000000000002,8199883078.629183,82549630169.17607,61562.97251360344,3810953758426.9004,46270520701.37539,14.36199885745175,8215888612.065985,82544658257.38353,61575.216010359945
1698,0.0008490000000000001,10734855335.191391,82210250481.15479,61569.43417571142,3875513603945.9688,70404786311.40726,14.215294939975506,10746773785.136314,82205358859.83308,61575.216010359945
1699,0.0008495000000000001,13256691232.936678,81793155864.54778,61575.40295078872,3732463605621.479,96562152893.00766,13.675085279638914,13264531856.378883,81788555724.36449,61575.216010359945
1700,0.0008500000000000002,15764115950.939995,81298605064.60184,61582.50953337417,3413705909089.1997,120403141163.71227,12.863358232535496,15766890502.805193,81294741511.77594,61575.216010359945
1701,0.0008505000000000001,18252475271.128292,80727569466.73085,61587.433669141596,2993925522598.4775,138895887329.31696,11.957316282074572,18251356084.523487,80724443300.8564,61575.216010359945
1702,0.0008510000000000002,20720274739.204056,80080566702.3888,61591.54739465105,2550459167947.3228,151181988299.42984,11.105069986011587,20715711422.368137,80078301742.78539,61575.216010359945
1703,0.0008515000000000002,23165560734.34503,79358225283.82109,61595.45536347943,2136337754741.935,158045272758.96832,10.3861699340786,23157575694.719185,79357055350.33553,61575.216010359945
1704,0.0008520000000000001,25583492991.25568,78562108124.68811,61595.39301650682,1776594632153.138,160931045387.11267,9.820064644751621,25574797381.78744,78561440537.63684,61575.216010359945
1705,0.0008525000000000002,27975166458.790928,77692148869.14005,61596.5395744773,1476742087918.4941,161261730376.04742,9.391546191629384,27964980899.04813,77692296565.2472,61575.216010359945
1706,0.0008530000000000001,30336337271.756977,76749929943.10782,61595.67902787189,1232206360880.629,160168993224.22668,9.071693077691641,30325859792.733723,76750499417.48737,61575.216010359945
1707,0.0008535000000000001,32666318858.832054,75735934890.71336,61595.31376694973,1034685232326.8546,158451833894.6909,8.829793511304697,32655269269.979023,75737079567.5119,61575.216010359945
1708,0.0008540000000000002,34961292865.15725,74651900766.2434,61592.442209799185,875422811457.7498,156637058782.31882,8.638506402906895,34951105493.046936,74653045109.96582,61575.216010359945
1709,0.0008545000000000002,37221068346.05007,73498162986.38687,61590.69305204946,746591541006.6735,155045070234.53146,8.475564978661808,37211163497.32877,73499503453.51294,61575.216010359945
1710,0.0008550000000000002,39442376298.20867,72276429262.1727,61587.67172557953,641682609044.9882,153851493518.3012,8.323939449801344,39433411965.22609,72277641849.63838,61575.216010359945
1711,0.0008555000000000001,41624204175.10169,70987434608.79779,61585.68451921884,555490650868.056,153125755243.10284,8.171537379393353,41615710950.10004,70988640570.43826,61575.216010359945
1712,0.0008560000000000001,43763350234.95559,69633118208.32104,61581.89218368699,483937308165.7293,152864581398.89865,8.010711478694319,43756071259.81841,69633892502.57736,61575.216010359945
1713,0.0008565000000000002,45859587565.806274,68213837111.86012,61580.857563138736,423873902314.77045,153013406825.9099,7.837715678353519,45852512645.08974,68214759702.71726,61575.216010359945
1714,0.0008570000000000001,47909897250.98401,66731605481.78121,61579.67059694546,372888570977.5828,153489408058.1991,7.6520240556183525,47903104435.1346,66732644017.94609,61575.216010359945
1715,0.0008575000000000002,49912473377.16275,65187849947.52544,61578.584701978216,329151435298.56055,154195085944.00262,7.455589655191348,49905964359.22014,65188960869.32819,61575.216010359945
1716,0.0008580000000000001,51865021485.58959,63584448370.00983,61576.125278514635,291279842486.0567,155033898407.96176,7.252016690686811,51859194309.496666,63585265759.81058,61575.216010359945
1717,0.0008585000000000001,53766192880.27417,61922695574.26091,61573.78326613347,258230751145.8402,155920229183.01816,7.045750286574646,53761092795.31196,61923169565.249626,61575.216010359945
1718,0.0008590000000000002,55614537848.44922,60203980728.82501,61572.63624649948,229212060939.9933,156786956387.20908,6.841352747041633,55609834107.22538,60204209356.25064,61575.216010359945
1719,0.0008595000000000001,57407993776.93851,58430295485.50807,61571.25525468836,203614591646.6413,157587712473.87323,6.6429523671591975,57403745372.11192,58430312501.0369,61575.216010359945
1720,0.0008600000000000001,59145339042.78755,56602987605.66561,61571.336093191036,180961326856.3627,158295497341.62146,6.453898169190145,59141195635.80881,56602988403.769295,61575.216010359945
1721,0.0008605000000000002,60824729488.93257,54724062872.20205,61571.75884914789,160868201332.18744,158900633635.41168,6.27659543207133,60820588811.752205,54724155777.926865,61575.216010359945
1722,0.0008610000000000002,62444504039.49359,52795497933.35458,61571.90527039083,143018383752.98743,159405781097.3398,6.112505946653766,62440475918.07078,52795665219.39825,61575.216010359945
1723,0.0008615000000000002,64003074392.98168,50819336492.44733,61571.18070072483,127143931330.75969,159821751772.6431,5.9622518289613575,63999266882.86256,50819317223.11278,61575.216010359945
1724,0.0008620000000000001,65499174459.32794,48797368478.303566,61570.28308755084,113013862314.41434,160163532408.98975,5.8257775196264365,65495615632.37311,48797122535.58344,61575.216010359945
1725,0.0008625000000000001,66931899101.73299,46730967057.86174,61571.59193160469,100426206829.37056,160447289065.9379,5.702529007275347,66928149700.11893,46731021817.29267,61575.216010359945
1726,0.0008630000000000002,68299268377.32334,44623054664.772705,61571.162877149014,89202866982.80357,160688209094.78488,5.591624109698926,68295710331.24076,44622959056.09968,61575.216010359945
1727,0.0008635000000000002,69600113712.25533,42475682693.08824,61569.26244177268,79188028131.77408,160897921624.2816,5.492008566733631,69596968881.73517,42475050775.54126,61575.216010359945
1728,0.0008640000000000002,70833758790.21793,40290202760.14106,61568.94429045985,70244870044.87085,161084847187.07266,5.4025698409708305,70830754637.04803,40289333672.25145,61575.216010359945
1729,0.0008645000000000001,71998925818.75394,38068988502.90607,61568.95989561335,62253300981.08395,161254431237.3382,5.3222168690228555,71995994927.84096,38067927558.39241,61575.216010359945
1730,0.0008650000000000002,73094762055.22551,35813826255.86555,61570.61773481363,55109308350.65501,161408701103.14246,5.2499378726365915,73091683271.4598,35813091191.31657,61575.216010359945
1731,0.0008655000000000002,74120036041.5345,33527366292.94083,61571.85074825104,48723021135.87741,161547260894.44818,5.18482960572387,74116843065.19116,33526862098.424526,61575.216010359945
1732,0.0008660000000000001,75073813848.2837,31211927161.241096,61572.28528971802,43017793089.04779,161667531186.02902,5.126111562883163,75070556802.18843,31211521329.039692,61575.216010359945
1733,0.0008665000000000001,75955403091.18217,28869456246.136406,61573.09489345237,37928430729.22556,161765736577.35785,5.0731238125164175,75952147164.9109,28869236373.53859,61575.216010359945
1734,0.0008670000000000001,76763915629.98238,26502547292.37999,61572.93714699493,33399596933.34622,161837620854.83774,5.02531574338886,76760692966.37083,26502320102.639484,61575.216010359945
1735,0.0008675000000000002,77498800643.0419,24113141692.849556,61573.190676506216,29384819742.866673,161878615700.75558,4.9822331014019685,77495570010.18855,24112945226.806946,61575.216010359945
1736,0.0008680000000000002,78159292263.81851,21704020760.122936,61571.96830571158,25844967721.616642,161884438526.11337,4.9435013149859435,78156176245.48904,21703504730.37136,61575.216010359945
1737,0.0008685000000000001,78745156562.3522,19276457300.377148,61573.323388628814,22747505183.76566,161851001202.56522,4.90881192821747,78741973675.47514,19276254914.71615,61575.216010359945
1738,0.0008690000000000001,79255703625.19795,16833460855.85743,61574.30871073886,20065033704.080246,161774943010.1746,4.877907250250557,79252464371.08083,16833519441.089111,61575.216010359945
1739,0.0008695000000000002,79690510735.65247,14377519651.6994,61574.40667504304,17775103910.258938,161653101441.74222,4.8505719212243426,79687330589.4891,14377680799.408415,61575.216010359945
1740,0.0008700000000000002,80049318301.84868,11910695319.933556,61574.787192026415,15859262017.52156,161482765525.9971,4.826624083889863,80046122700.73245,11911034949.489344,61575.216010359945
1741,0.0008705000000000002,80331789808.17596,9435914822.836159,61573.28291719102,14302386039.260414,161261691788.49002,4.805908233606564,80328646710.54543,9435948441.675882,61575.216010359945
1742,0.0008710000000000001,80537890501.66318,6954563024.140705,61573.75013101308,13092376754.405636,160987887188.32355,4.788291103986486,80534738876.56097,6954790411.659669,61575.216010359945
1743,0.0008715000000000002,80667433980.69879,4469478236.967649,61574.123538301756,12219559133.555897,160659739340.39493,4.7736573676336045,80664328074.01196,4469822045.396031,61575.216010359945
1744,0.0008720000000000002,80720385457.94417,1983036331.4885025,61574.35532970562,11676635564.083925,160275712258.70346,4.7619083415365795,80717337366.3112,1983520923.4621103,61575.216010359945
1745,0.0008725000000000001,80696782728.71893,-502153461.8282785,61573.53810497477,11458357570.101082,159834398727.61957,4.7529603717915725,80693696514.90112,-501827478.3860248,61575.216010359945
1746,0.0008730000000000001,80596761320.06673,-2983769936.9427443,61571.94507097842,11561345158.608255,159334478420.97192,4.746743681768082,80593648867.7641,-2983849642.36857,61575.216010359945
1747,0.0008735000000000001,80420509536.61032,-5459792796.140704,61570.89916726414,11983943936.053717,158774699795.42294,4.743201421915706,80417427138.74991,-5460200175.517352,61575.216010359945
1748,0.0008740000000000001,80168253633.99515,-7928126568.447799,61571.22619982357,12726188627.50889,158153818223.97507,4.742289203194095,80165154106.55537,-7928552335.979106,61575.216010359945
1749,0.0008745000000000001,79840295159.19836,-10386384402.341326,61572.51748279939,13789805658.811916,157470544009.3219,4.743974930909366,79837199841.97357,-10386483654.042706,61575.216010359945
1750,0.0008750000000000002,79437077919.00554,-12831751601.131279,61572.778878303136,15178185720.66504,156723548023.7394,4.748238472947238,79433972921.65123,-12831790472.279417,61575.216010359945
1751,0.0008755000000000002,78959054213.10794,-15262140820.208502,61572.96331879787,16896296605.465042,155911529187.21268,4.755070800537679,78955900382.55849,-15262141758.54219,61575.216010359945
1752,0.0008760000000000003,78406757652.0123,-17675296475.967567,61573.19566686527,18950831143.730568,155033124315.1765,4.764473921734617,78403604386.1718,-17675319136.700165,61575.216010359945
1753,0.0008765000000000002,77780814945.87239,-20068868555.199417,61573.15389843787,21350268935.0454,154086911710.2604,4.776460752545727,77777634516.12051,-20068857638.172382,61575.216010359945
1754,0.0008770000000000002,77081916201.30188,-22440589474.18585,61572.78997896494,24104950926.4654,153071423337.48987,4.791054912406592,77078667146.61975,-22440647593.91965,61575.216010359945
1755,0.0008775000000000001,76310744488.3114,-24788471073.026443,61573.044750474146,27227225131.103756,151985121859.97247,4.808290751962356,76307503541.72198,-24788446206.28017,61575.216010359945
1756,0.0008780000000000002,75468110431.70181,-27110280131.72394,61573.70032283142,30731714815.97279,150826316883.70804,4.828214029180842,75464876590.7881,-27110066748.39995,61575.216010359945
1757,0.0008785000000000002,74554965116.38383,-29403626394.47852,61573.84988239708,34635435465.95135,149593229369.9187,4.85088203049039,74551690372.51878,-29403296463.466774,61575.216010359945
1758,0.0008790000000000001,73572384262.66025,-31666082136.382504,61572.425804517865,38957938129.04401,148284042933.9028,4.876363406658737,73568978296.27972,-31666061811.60186,61575.216010359945
1759,0.0008795000000000001,72521001389.18503,-33896481722.038254,61573.354262873254,43721522485.912674,146896916112.0403,4.904738115220916,72517661841.40283,-33896203456.71279,61575.216010359945
1760,0.0008800000000000001,71402084862.94583,-36092221764.80848,61574.24935293028,48952245174.94025,145429470955.772,4.936101332467213,71398795280.85686,-36091669565.9126,61575.216010359945
1761,0.0008805000000000001,70216912338.50517,-38250988246.248024,61574.01483353756,54679548318.240265,143879421971.2309,4.970562040616536,70213577924.13695,-38250436190.124825,61575.216010359945
1762,0.0008810000000000003,68966529257.06078,-40371104885.84892,61574.11494434119,60936804822.53944,142244429745.33917,5.008243320187062,68963172479.99843,-40370542032.75392,61575.216010359945
1763,0.0008815000000000002,67652387072.90235,-42450274170.52813,61573.13371179616,67762262828.69952,140521769739.1118,5.049285393373269,67648842435.62573,-42449894824.35068,61575.216010359945
1764,0.0008820000000000002,66275693341.17824,-44486796944.21212,61572.11603080184,75199235185.39377,138708678089.61273,5.093845792001597,66271968265.60273,-44486553410.27173,61575.216010359945
1765,0.0008825000000000003,64837679867.62898,-46479010174.69929,61571.9806316481,83297278007.29633,136801990595.52415,5.142102696433857,64833881704.86634,-46478709138.79666,61575.216010359945
1766,0.0008830000000000002,63339814584.49686,-48424996227.834366,61572.289940132665,92113156828.66113,134798129252.0473,5.194258226539484,63335992770.32986,-48424544461.202255,61575.216010359945
1767,0.0008835000000000002,61783811686.1599,-50322657624.40943,61571.66219767584,101711703361.06308,132693277275.40567,5.250540377139075,61779814709.45823,-50322338627.90701,61575.216010359945
1768,0.0008840000000000001,60170817868.53974,-52170761722.49398,61572.44282070934,112166860496.68764,130483495178.03029,5.31120445854671,60166865085.75048,-52170194379.73854,61575.216010359945
1769,0.0008845000000000002,58502900549.905304,-53967027009.77216,61571.862880094355,123564109096.82307,128164040814.03679,5.376540517483911,58498837325.735886,-53966537282.237885,61575.216010359945
1770,0.0008850000000000002,56781496484.83525,-55710080366.06933,61571.26556343098,136001172276.36145,125730241947.87402,5.4468735419569505,56777261464.28492,-55709717013.92214,61575.216010359945
1771,0.0008855000000000001,55008341110.78663,-57398292583.22596,61570.461442906104,149591231920.93542,123176666178.66553,5.522571598359397,55003833717.180534,-57398113457.7274,61575.216010359945
1772,0.0008860000000000001,53184875517.92205,-59030417595.93279,61570.84571609309,164465382222.86444,120497369230.25002,5.604052070901808,53180340328.88042,-59030167465.30683,61575.216010359945
1773,0.0008865000000000001,51313241542.887825,-60604618629.8893,61570.60878171958,180776540924.07526,117685504254.23773,5.691791956757099,51308525214.41057,-60604447635.04706,61575.216010359945
1774,0.0008870000000000001,49395116011.36969,-62119617759.80518,61570.52036298803,198702706415.8238,114733940769.18895,5.786333665360128,49390227370.74281,-62119416879.144684,61575.216010359945
1775,0.0008875000000000003,47432443547.00562,-63573985861.05948,61570.253751992204,218452812946.65686,111634601441.24529,5.888298344225582,47427307208.71866,-63573780397.16416,61575.216010359945
1776,0.0008880000000000002,45427112746.17589,-64966437792.09621,61569.93424456471,240272803212.34985,108378638636.07849,5.998399160092777,45421676085.617256,-64966277560.8241,61575.216010359945
1777,0.0008885000000000002,43381145925.35184,-66295678479.41123,61569.30267279392,264453710361.3235,104956238746.97684,6.117458689718743,43375422950.195694,-66295552961.92756,61575.216010359945
1778,0.0008890000000000003,41296829371.964584,-67560341207.776535,61567.34696982064,291341452151.4362,101356638547.61256,6.246429167572707,41290392613.51063,-67560502875.79557,61575.216010359945
1779,0.0008895000000000002,39175555274.676346,-68759727925.16391,61566.51689715671,321348898950.0291,97568252967.96048,6.386415687499681,39168613280.51199,-68759955076.75523,61575.216010359945
1780,0.0008900000000000002,37019214541.43707,-69892836000.89836,61567.135833644264,354973106799.7121,93577693281.79205,6.538714085338187,37012178035.14354,-69892887647.92238,61575.216010359945
1781,0.0008905000000000001,34830558866.78723,-70958272550.60847,61566.755386420926,392814827456.16016,89370386068.2653,6.704849684001812,34823096078.74755,-70958321410.60454,61575.216010359945
1782,0.0008910000000000002,32611281295.38556,-71955340312.31784,61566.87447478528,435602511551.41486,84931477167.34755,6.886617275016135,32603587118.40598,-71955259082.94064,61575.216010359945
1783,0.0008915000000000001,30363941574.67708,-72882968843.05145,61566.11970835098,484226268774.381,80244902735.78891,7.086144061180767,30355725044.38483,-72882896466.44585,61575.216010359945
1784,0.0008920000000000001,28090192879.71001,-73740598826.03651,61566.144764327255,539777618601.70264,75294833263.99663,7.30595540698378,28081639803.1158,-73740418677.6554,61575.216010359945
1785,0.0008925000000000001,25792382497.65352,-74527411899.1335,61566.347063600995,603603061219.1411,70065715660.8176,7.549064260056783,25783556788.87149,-74527112626.40591,61575.216010359945
1786,0.0008930000000000001,23472936790.76411,-75242661196.47984,61566.08301729737,677368316545.0814,64544795033.149124,7.819065168563166,23463644413.43294,-75242228429.07559,61575.216010359945
1787,0.0008935000000000001,21133920402.087017,-75885816671.68329,61565.85378223596,763138026025.6536,58725148499.17238,8.120236443145377,21124171036.129005,-75885264494.11938,61575.216010359945
1788,0.0008940000000000003,18777578912.452847,-76456349680.96875,61565.634989256694,863470694352.2328,52610377068.957466,8.457641306204886,18767430726.78077,-76455599019.60683,61575.216010359945
1789,0.0008945000000000002,16406688930.051638,-76953671791.1092,61564.100774405415,981521279867.2865,46223218524.6546,8.837189546936692,16395588320.517979,-76952803522.21765,61575.216010359945
1790,0.0008950000000000002,14022732485.46395,-77377619605.86353,61563.375399924684,1121132605583.6516,39619758038.065834,9.265588813442971,14010891292.653322,-77376586862.1395,61575.216010359945
1791,0.0008955000000000002,11628010731.76988,-77727846968.43977,61563.271088116206,1286874772274.7405,32910503285.274857,9.750069533216333,11615677573.534456,-77726498504.62608,61575.216010359945
1792,0.0008960000000000002,9225109228.71062,-78004034144.98932,61562.98056949247,1483925072683.6943,26296321208.13588,10.297596584989748,9212212700.790876,-78002478058.8356,61575.216010359945
1793,0.0008965000000000002,6816669412.883287,-78205951684.35046,61561.67751063853,1717588725675.5977,20121636354.99031,10.913105976896404,6802778594.419631,-78204092819.65347,61575.216010359945
1794,0.0008970000000000001,4404174144.888392,-78333641012.12029,61561.35616707137,1992085346227.114,14948400582.569828,11.59600333239603,4389734552.078494,-78331430737.63774,61575.216010359945
1795,0.0008975000000000002,1990334959.3253455,-78386957721.61649,61560.80374948238,2308005866190.4956,11643127226.528137,12.333909488078827,1975268426.9925654,-78384341482.56116,61575.216010359945
1796,0.0008980000000000001,-423004908.80504555,-78365948226.60829,61560.895746331094,2657749323115.1333,11440192177.091408,13.092933355293214,-438305329.5211004,-78362914221.58917,61575.216010359945
1797,0.0008985000000000001,-2833669691.794277,-78270717588.83629,61561.89771758706,3018930489916.7617,15877052106.446865,13.806068625105222,-2848667569.165839,-78267318570.23454,61575.216010359945
1798,0.0008990000000000001,-5239447103.921784,-78101386389.53783,61563.78747841219,3348315745661.588,26428005078.666515,14.36736373849234,-5253576121.490795,-78097628279.5787,61575.216010359945
1799,0.0008995000000000001,-7638363386.09392,-77858111782.10709,61566.9207690506,3583566328865.846,43711423480.87546,14.647738590544675,-7650732729.181547,-77854173373.92159,61575.216010359945
1800,0.0009000000000000003,-10027949711.270378,-77541165914.36195,61570.877357471196,3661767177557.8325,66546627368.37432,14.545251361885287,-10037927677.47631,-77537227620.77733,61575.216010359945
1801,0.0009005000000000003,-12407082642.376207,-77150677980.32428,61577.28981892205,3551720698080.1016,91731625505.50052,14.050273363784278,-12412867681.334854,-77147152873.26897,61575.216010359945
1802,0.0009010000000000002,-14770923782.00119,-76687456016.35803,61582.11336063383,3275437765022.5483,115219014062.1797,13.2679598585678,-14773290036.226377,-76684414180.06474,61575.216010359945
1803,0.0009015000000000002,-17118665799.262228,-76151764248.11102,61587.589186590136,2896276055599.4673,133944670930.92293,12.366581715897594,-17116972628.6632,-76149472229.75227,61575.216010359945
1804,0.0009020000000000002,-19445267717.641365,-75544847507.8266,61589.48370311888,2484945313946.344,146806978084.38004,11.497128981854974,-19441795134.39404,-75542999661.04395,61575.216010359945
1805,0.0009025000000000002,-21751468034.136406,-74866736547.13301,61592.37543197059,2093312410726.988,154329846918.84155,10.74844306571836,-21745484945.106426,-74865759997.72026,61575.216010359945
1806,0.0009030000000000002,-24033293892.51535,-74118650736.61957,61593.476223160156,1748148576273.65,157798673052.01263,10.148990828836897,-24025916275.026653,-74118310568.45122,61575.216010359945
1807,0.0009035000000000001,-26288330640.321465,-73301576837.59633,61592.34433029277,1457333228583.1267,158570668425.38785,9.689499927827091,-26280986461.821434,-73301458265.01566,61575.216010359945
1808,0.0009040000000000002,-28516256608.362255,-72415837068.89159,61591.8974028134,1218281554753.9944,157764785611.5092,9.344063889838282,-28508610982.76283,-72416102738.60776,61575.216010359945
1809,0.0009045000000000001,-30714373779.34052,-71462560835.59116,61591.07230782786,1024066774634.2999,156197895947.06348,9.082988181253091,-30706579574.851845,-71463088744.95197,61575.216010359945
1810,0.0009050000000000001,-32879947256.721676,-70443052516.2234,61588.54510491774,866820190282.0311,154420065752.76392,8.878880388365015,-32872972222.482155,-70443534299.34348,61575.216010359945
1811,0.0009055000000000001,-35013029561.130936,-69357476431.90607,61588.34186629146,739260012040.0881,152777493663.73773,8.70886561732635,-35005745667.56322,-69358385405.61505,61575.216010359945
1812,0.0009060000000000001,-37109743274.98856,-68207772940.227776,61586.555734768066,635206797534.7782,151470703504.81042,8.555011994367122,-37102869732.15367,-68208722858.942505,61575.216010359945
1813,0.0009065000000000003,-39169297717.84754,-66994561101.0546,61585.748448198625,549652068701.71826,150591782029.349,8.404161231512246,-39162432197.01757,-66995729461.958626,61575.216010359945
1814,0.0009070000000000003,-41188650482.8013,-65719676900.8762,61583.144815073625,478630457825.50977,150158557977.39133,8.24750030137204,-41182544929.35761,-65720725534.79656,61575.216010359945
1815,0.0009075000000000002,-43167486329.20665,-64383521293.32254,61582.828334227204,419053198123.09204,150135074990.35876,8.080085858289337,-43161297724.90029,-64384856088.95367,61575.216010359945
1816,0.0009080000000000002,-45102643514.95669,-62988213806.228836,61581.07770639695,368535261556.1328,150453345198.38614,7.900250810283649,-45096850426.465775,-62989506576.12696,61575.216010359945
1817,0.0009085000000000002,-46993044360.70004,-61534710646.3196,61580.01261807918,325253738883.26697,151026019833.88678,7.708959749278768,-46987426786.004745,-61536027568.30627,61575.216010359945
1818,0.0009090000000000002,-48836432063.86266,-60024821913.84859,61577.94706013163,287820785064.40735,151762459291.72064,7.509055381091313,-48831292190.38528,-60025896268.02555,61575.216010359945
1819,0.0009095000000000002,-50631883000.189705,-58459467474.10305,61577.567410061296,255183903135.17325,152577975933.81027,7.304502865192282,-50626848876.47605,-58460647387.90921,61575.216010359945
1820,0.0009100000000000001,-52376883924.983665,-56840874778.67042,61575.669088204464,226541196918.49985,153402670518.55203,7.099671932457552,-52372319237.36748,-56841914835.23131,61575.216010359945
1821,0.0009105000000000002,-54070204672.00275,-55170372901.99133,61573.656822122335,201278353417.9698,154183461891.9969,6.898766082274748,-54066221074.49508,-55171164631.1837,61575.216010359945
1822,0.0009110000000000001,-55710828196.38274,-53449094730.636856,61573.74353155607,178915717441.31436,154886395388.79224,6.705401587845156,-55706857319.88111,-53450021712.62936,61575.216010359945
1823,0.0009115000000000001,-57296522434.95358,-51679416587.38303,61572.68543283,159069894751.5895,155494869223.11554,6.522368279444325,-57292859890.254166,-51680162221.343155,61575.216010359945
1824,0.000912,-58825929003.63722,-49863034595.4544,61570.832042868606,141428170099.25122,156004991764.3003,6.351564106382672,-58822783511.9507,-49863434761.718094,61575.216010359945
1825,0.0009125000000000001,-60298244416.740456,-48001068581.26852,61571.03801634734,125728080673.50911,156422803503.47495,6.194036976827038,-60295202207.24699,-48001521525.63399,61575.216010359945
1826,0.0009130000000000003,-61711435913.32879,-46096145115.603165,61569.6451068445,111743886378.91193,156760795730.48062,6.050101373519857,-61708793217.588066,-46096225703.794655,61575.216010359945
1827,0.0009135000000000002,-63064756717.19233,-44149478694.34084,61569.52051419518,99280062681.74968,157033170574.47595,5.919506400532926,-63062281754.11396,-44149421183.86376,61575.216010359945
1828,0.0009140000000000002,-64356855143.78825,-42163106057.678276,61569.876533559356,88164234056.6751,157254717886.66254,5.801595015258556,-64354399016.05708,-42163042619.5476,61575.216010359945
1829,0.0009145000000000002,-65586459742.7786,-40139114944.25598,61569.99396066912,78244675597.88243,157438222269.00095,5.695458372355612,-65584146624.99314,-40139003292.91458,61575.216010359945
1830,0.0009150000000000002,-66752681641.72287,-38079131272.88167,61571.23620274771,69387927351.45447,157593580535.64926,5.600063179617128,-66750223922.558975,-38079248565.32656,61575.216010359945
1831,0.0009155000000000002,-67854320381.52157,-35985388559.81173,61572.470605284805,61476635314.00176,157727758089.2163,5.514346713184228,-67851758412.03832,-35985743525.21008,61575.216010359945
1832,0.0009160000000000001,-68890137800.1165,-33860429271.484528,61571.660457194295,54408584452.98455,157844458468.02997,5.437287137737504,-68887725025.18541,-33860547091.869858,61575.216010359945
1833,0.0009165000000000001,-69859603452.38965,-31705625112.94949,61571.76756001239,48095430831.79578,157944511891.6198,5.367948001140445,-69857273188.60904,-31705730247.220898,61575.216010359945
1834,0.0009170000000000002,-70761655410.62672,-29523504489.25632,61570.896259719586,42460599248.82728,158027057788.07007,5.305496867667228,-70759442700.76826,-29523323283.541813,61575.216010359945
1835,0.0009175000000000001,-71595851900.6346,-27315388916.085747,61572.19804776528,37438772456.82333,158089444984.33377,5.249215219575538,-71593593819.19318,-27315442959.93269,61575.216010359945
1836,0.0009180000000000001,-72361105444.77098,-25084280143.078907,61571.95267135712,32973986142.086372,158128357384.0607,5.198492693962618,-72358931358.97005,-25084227675.206493,61575.216010359945
1837,0.0009185,-73056897646.94511,-22832043768.554565,61571.452291588044,29019301657.30524,158139564045.29977,5.152821133266185,-73054772834.00488,-22831822759.137882,61575.216010359945
1838,0.0009190000000000001,-73682731744.88834,-20560581946.43367,61571.71464753547,25535052842.411503,158118896343.2351,5.111779680191984,-73680591212.03136,-20560366153.01021,61575.216010359945
1839,0.0009195000000000003,-74238034394.92342,-18272231751.595875,61572.00210219234,22487915101.917862,158062402077.61075,5.0750203164456344,-74235912491.09785,-18271957178.168083,61575.216010359945
1840,0.0009200000000000002,-74722350857.2823,-15969216176.693981,61572.17566791694,19850171944.2526,157966361787.63013,5.042255321645806,-74720214459.4178,-15968904967.549908,61575.216010359945
1841,0.0009205000000000002,-75135291065.16475,-13653809125.608728,61571.967861685065,17598851908.28167,157827448562.73648,5.013245520147994,-75133207951.47173,-13653420174.69735,61575.216010359945
1842,0.0009210000000000002,-75476612564.81126,-11327867104.289385,61572.76933948703,15715048488.785707,157642749263.6344,4.987790513675418,-75474496498.76445,-11327621388.212862,61575.216010359945
1843,0.0009215000000000002,-75746004455.89235,-8993944524.922474,61573.14550074467,14183271288.750946,157409803288.09183,4.965720512895609,-75743872379.2055,-8993770330.072407,61575.216010359945
1844,0.0009220000000000002,-75943338808.66162,-6653901127.898475,61574.52706039336,12991122302.676682,157126417101.55463,4.946891174071416,-75941216256.45189,-6654095898.495601,61575.216010359945
1845,0.0009225000000000001,-76068450355.62024,-4310448047.539043,61574.91981022956,12128786325.235592,156790724217.58273,4.931178955661764,-76066291612.68947,-4310772157.378678,61575.216010359945
1846,0.0009230000000000001,-76121322659.99405,-1965825141.4928908,61574.4103157635,11588825337.37714,156401022913.97083,4.918478553346339,-76119158661.14351,-1966124564.349354,61575.216010359945
1847,0.0009235000000000002,-76102007973.27077,377582444.1868427,61572.512825932856,11365841995.052362,155955809339.22327,4.908700489929095,-76099866425.78438,377727259.27483535,61575.216010359945
1848,0.0009240000000000001,-76010624595.97948,2718483015.7519875,61572.95599001261,11456296190.077679,155453714808.31033,4.90176954947983,-76008484012.4794,2718549400.011707,61575.216010359945
1849,0.0009245000000000001,-75847334496.34068,5053804051.242334,61572.134857895486,11858424026.353964,154893431863.213,4.89762395389194,-75845145240.54747,5054086216.73402,61575.216010359945
1850,0.000925,-75612347345.22493,7382040317.009649,61572.909597448015,12572124549.13546,154273676205.22183,4.896214794255005,-75610140838.15976,7382215783.455517,61575.216010359945
1851,0.0009255000000000002,-75305997440.05109,9700408601.716038,61572.811774244736,13598973028.010319,153593136934.74875,4.897505812862667,-75303806935.6382,9700589387.972824,61575.216010359945
1852,0.0009260000000000003,-74928593972.89658,12007293658.178087,61574.159455998204,14942093787.041357,152850529904.63385,4.901472673018884,-74926429867.05162,12007097506.156261,61575.216010359945
1853,0.0009265000000000002,-74480655365.79337,14299866517.810558,61574.21912771868,16606318350.71655,152044480320.1996,4.908103167652542,-74478454744.63896,14299664871.927572,61575.216010359945
1854,0.0009270000000000002,-73962619987.76955,16576428702.657549,61574.943625486645,18598012958.51617,151173669047.8491,4.917396188848852,-73960461525.8407,16575983279.559032,61575.216010359945
1855,0.0009275000000000002,-73375059586.26501,18834768309.21409,61575.96238316075,20925362564.297718,150236652723.61728,4.92936223697023,-73372945688.85646,18833974979.26086,61575.216010359945
1856,0.0009280000000000002,-72718717637.36337,21072335964.176517,61575.54775071901,23598369512.637104,149231938591.70895,4.944023218013955,-72716563297.0223,21071551029.23019,61575.216010359945
1857,0.0009285000000000002,-71994335957.24129,23287011001.841717,61573.784304078814,26628837949.709053,148158070478.9471,4.961411658554397,-71992075443.57849,23286580436.939976,61575.216010359945
1858,0.0009290000000000001,-71202546074.77435,25477222632.61765,61572.83256466148,30030631231.86625,147013518931.04596,4.981570975234331,-71200199271.0991,25477059757.444992,61575.216010359945
1859,0.0009295000000000001,-70344310882.16121,27640522041.292942,61570.97179360377,33820098099.578506,145796500771.19586,5.00455710186015,-70341738161.1884,27640848372.101162,61575.216010359945
1860,0.0009300000000000002,-69420235435.58362,29775654812.73932,61571.39928527326,38015938072.0467,144505262967.92508,5.030437708625574,-69417638812.50978,29775969168.0685,61575.216010359945
1861,0.0009305000000000001,-68431415359.029724,31880181001.76367,61572.01035265951,42640032941.9936,143137641014.32278,5.059295073262442,-68428813839.20646,31880410668.603836,61575.216010359945
1862,0.0009310000000000001,-67379040071.733,33951758515.6454,61571.20501044576,47717186236.98692,141691532060.9716,5.0912249078258345,-67376297331.65701,33952203754.62125,61575.216010359945
1863,0.0009315,-66263935900.79883,35989003210.17516,61571.39250791162,53275463311.02079,140164849232.6607,5.1263360404563905,-66261162251.28409,35989465237.155334,61575.216010359945
1864,0.0009320000000000002,-65087091543.76711,37990227924.37407,61573.325837690274,59347201474.870514,138555059927.47827,5.164753976794312,-65084470615.271774,37990257006.958855,61575.216010359945
1865,0.0009325000000000003,-63850129586.1431,39952764262.014885,61573.36414082317,65969392562.97941,136859345835.61179,5.206622794704063,-63847494724.74877,39952783014.2194,61575.216010359945
1866,0.0009330000000000002,-62554085845.453896,41875192943.84872,61573.4124877932,73183533205.57407,135075140693.59198,5.25210289213329,-62551415152.39503,41875178114.51007,61575.216010359945
1867,0.0009335000000000002,-61200410887.02742,43755513215.38987,61572.4834204785,81037223038.52063,133199368950.96707,5.3013756070046805,-61197518063.14837,43755687712.91514,61575.216010359945
1868,0.0009340000000000002,-59790125029.36751,45592481744.49403,61572.83669117352,89584551870.28561,131228825708.11989,5.354644457422559,-59787264247.353714,45592620419.68434,61575.216010359945
1869,0.0009345000000000002,-58324791165.95951,47384152178.14371,61573.20701240516,98887795982.50922,129159657568.01178,5.412140892332569,-58321924798.55475,47384238479.07961,61575.216010359945
1870,0.0009350000000000002,-56805909424.03166,49128818038.48539,61573.31822962389,109018001702.41322,126987885378.22076,5.474125538940916,-56802982837.97434,49128866264.13375,61575.216010359945
1871,0.0009355000000000001,-55234959323.131165,50824912465.19558,61573.343328426396,120056623854.24693,124709199919.0301,5.540891801633361,-55232031296.65234,50824900329.64103,61575.216010359945
1872,0.0009360000000000001,-53613597398.58758,52470772221.48682,61572.75787998902,132097413416.21912,122318838865.51276,5.6127709014183855,-53610489688.86531,52470795274.30781,61575.216010359945
1873,0.0009365000000000002,-51943052523.79218,54065283287.53988,61573.4745072137,145248400372.0522,119811666428.13077,5.690136675024775,-51939985146.19349,54065091074.3568,61575.216010359945
1874,0.0009370000000000001,-50225197337.954834,55606728760.74001,61574.10737007697,159635201149.15802,117181650279.69548,5.773415477956233,-50222237854.40626,55606345238.539406,61575.216010359945
1875,0.0009375000000000001,-48462310866.462204,57093181729.63408,61572.00880510657,175403406630.05814,114422465948.34276,5.86309128397945,-48458866229.45629,57093154967.856964,61575.216010359945
1876,0.000938,-46655475078.76797,58523924877.47527,61570.54035928204,192721908649.62778,111527690939.12103,5.9597106348733835,-46651553996.795555,58524131932.274185,61575.216010359945
1877,0.0009385000000000002,-44806414079.64826,59897683851.6837,61569.73871918856,211789476027.5108,108489420159.61696,6.063901569151553,-44802126727.16705,59897993544.616585,61575.216010359945
1878,0.0009390000000000003,-42916803224.89796,61213297187.26792,61569.96865264277,232839950013.84766,105298962368.15465,6.176387118286676,-42912390399.850174,61213531823.31779,61575.216010359945
1879,0.0009395000000000002,-40988816376.15211,62469321168.31849,61569.72169991945,256149821435.33148,101946685680.41515,6.298002660821305,-40984170433.30507,62469524723.50708,61575.216010359945
1880,0.0009400000000000002,-39024335289.92399,63664642887.878685,61569.054664019975,282046778312.3097,98422404904.33057,6.429712867336096,-39019361884.57889,63664937344.49754,61575.216010359945
1881,0.0009405000000000001,-37025235523.48624,64798231989.84078,61568.15358380176,310921705815.0955,94714920811.99748,6.572637460818724,-37019835718.09949,64798567194.47557,61575.216010359945
1882,0.0009410000000000002,-34992942040.00095,65869381655.79023,61568.831639333206,343243315547.5313,90811964216.27255,6.728082862620811,-34987517043.14173,65869518451.13254,61575.216010359945
1883,0.0009415000000000002,-32929843959.45647,66876875815.70076,61569.35912709825,379577423865.9822,86699786113.48029,6.897585012181634,-32924379115.48954,66876854653.202286,61575.216010359945
1884,0.0009420000000000001,-30837966728.9543,67819818195.38068,61569.64631978191,420608860618.5352,82364292770.28723,7.082950398560859,-30832421991.52804,67819710751.82058,61575.216010359945
1885,0.0009425000000000001,-28719256959.9341,68697426278.84992,61569.95017403734,467171446112.75525,77790855282.5199,7.286312516033248,-28713615735.024796,68697193196.91543,61575.216010359945
1886,0.0009430000000000002,-26576082411.877594,69508805819.78325,61569.26421677811,520285457607.9416,72964783202.11565,7.510200818709384,-26570008974.180923,69508538875.39056,61575.216010359945
1887,0.0009435000000000001,-24409832860.90975,70253550911.50362,61569.73490558059,581203754593.5557,67872748270.87344,7.757617619230633,-24403742502.8982,70253130510.63177,61575.216010359945
1888,0.0009440000000000001,-22223117869.3628,70930811114.41833,61569.646291557896,651471797825.0789,62503569767.06955,8.032137113345916,-22216827283.134,70930306934.12225,61575.216010359945
1889,0.0009445000000000002,-20018084879.378654,71540023757.04903,61568.94736575861,732996483609.1484,56852462555.387665,8.337995799077518,-20011362953.700954,71539546961.82477,61575.216010359945
1890,0.0009450000000000002,-17796589019.040276,72080784093.61723,61568.42563115092,828128930026.9583,50925418837.0788,8.680181090923988,-17789464579.886116,72080235466.58626,61575.216010359945
1891,0.0009455000000000003,-15560737309.454105,72552659128.43468,61568.09690677307,939752801593.6562,44747034690.36158,9.064482573475583,-15553237367.084002,72551959193.6736,61575.216010359945
1892,0.0009460000000000002,-13313059705.030409,72955186615.2631,61566.9217935597,1071359565979.1813,38373883840.431816,9.497432504651327,-13304884302.364683,72954416373.20013,61575.216010359945
1893,0.0009465000000000002,-11055292083.43348,73288176791.23784,61566.03776095864,1227069024814.2104,31915710457.68261,9.9860027972528,-11046525254.329304,73287280503.52055,61575.216010359945
1894,0.0009470000000000001,-8789365111.25012,73551427316.83737,61565.9430402136,1411508669526.1162,25567205936.853626,10.53682464151562,-8780275580.023542,73550317967.57765,61575.216010359945
1895,0.0009475000000000002,-6517723753.58647,73744700296.33054,61565.83575863955,1629370842655.0024,19656797107.08848,11.154479341547464,-6508326899.270228,73743375599.908,61575.216010359945
1896,0.0009480000000000002,-4242744449.122027,73867853757.7616,61565.15132779924,1884327316352.114,14713895760.044188,11.838156267481455,-4232823994.209301,73866299666.48303,61575.216010359945
1897,0.0009485000000000001,-1966237148.4305708,73920906444.02722,61564.76392472259,2176802370619.404,11546647672.874395,12.575768884547132,-1955938717.0146234,73919119672.08728,61575.216010359945
1898,0.0009490000000000001,309728605.35777193,73903876300.04625,61564.797314048985,2500043153351.416,11296485862.864546,13.334926367094978,320259218.47621584,73901858529.49988,61575.216010359945
1899,0.0009495000000000001,2583363172.829444,73816803288.23045,61565.75941475261,2834478727850.097,15382002316.43593,14.052170641200922,2593489924.624037,73814593677.85524,61575.216010359945
1900,0.0009500000000000001,4852452548.854254,73659837568.45015,61567.56697136563,3142444613274.3774,25181377680.57685,14.62721210589399,4861678824.639604,73657426209.062,61575.216010359945
1901,0.0009505000000000001,7113915002.720399,73433282664.73035,61568.64234793121,3369177783289.2983,41340888985.704704,14.936195579896644,7122622888.178208,73430639372.94215,61575.216010359945
1902,0.0009510000000000002,9366052718.749182,73137385322.47952,61569.67810228343,3457690635840.6265,62920414450.31099,14.87628387401974,9374247225.685562,73134511203.54167,61575.216010359945
1903,0.0009515000000000002,11609775233.986526,72771980789.68979,61575.43115237363,3376139233262.7285,87108716375.46127,14.426830429344355,11614391657.716688,72769446521.34598,61575.216010359945
1904,0.0009520000000000003,13838383875.472754,72338144401.58379,61578.44879558281,3138434936531.7134,110158564298.72496,13.676782998768342,13840946120.453945,72335892686.50183,61575.216010359945
1905,0.0009525000000000002,16052142000.185978,71835960261.80852,61582.58117875007,2797622677175.1177,129021258037.77727,12.784223093338019,16051839617.161201,71834235583.43745,61575.216010359945
1906,0.0009530000000000002,18248208339.974255,71266097285.64589,61586.618223217454,2417664061282.7085,142388770181.43198,11.901206181131244,18245005357.8008,71265137432.3859,61575.216010359945
1907,0.0009535000000000001,20422984194.715923,70629594451.03474,61588.18423471198,2048595019862.2808,150542049209.57944,11.12475619267357,20418400920.36271,70629143631.45305,61575.216010359945
1908,0.0009540000000000002,22576342301.613625,69926670034.5972,61590.413159343654,1718401502592.5112,154593630231.23303,10.4923566068775,22569881983.40015,69926936949.46017,61575.216010359945
1909,0.0009545000000000002,24703142801.485226,69159088116.97018,61588.16319641919,1437047888073.9932,155824148971.7924,10.001121659765987,24697455908.209244,69159293354.1562,61575.216010359945
1910,0.0009550000000000001,26804471514.762512,68326766541.71686,61586.6043698868,1203829523662.964,155331695693.89194,9.628636904014874,26799275433.155838,68326969799.45246,61575.216010359945
1911,0.0009555000000000001,28879017357.793304,67430269413.528275,61586.93248211619,1013180961039.8698,153943549208.29922,9.346606428159303,28873296139.752308,67430852314.160255,61575.216010359945
1912,0.0009560000000000001,30923435402.09998,66471031025.86866,61586.55229909603,858126097535.7727,152232015437.52097,9.127809703138272,30917528632.68369,66471815910.509636,61575.216010359945
1913,0.0009565000000000001,32935911089.119396,65450029863.267815,61585.58928837483,731945537107.3345,150566690196.4231,8.948914137361987,32930145626.139217,65450979317.44592,61575.216010359945
1914,0.0009570000000000001,34914615906.50509,64368315055.8034,61584.082610775826,628810597158.6608,149169226606.34222,8.791224161529387,34909213067.8961,64369284629.689384,61575.216010359945
1915,0.0009575000000000002,36858045362.12087,63226830570.15967,61582.77270816628,543921996042.90985,148154199531.8436,8.640616728269155,36852970155.689926,63227817113.35997,61575.216010359945
1916,0.0009580000000000002,38763686326.499405,62027133105.99473,61579.85007617787,473438618689.4329,147559446494.60956,8.487199445144556,38759533855.41341,62027773378.934456,61575.216010359945
1917,0.0009585000000000003,40631685616.96052,60769318704.74832,61580.4626285579,414340192561.266,147367482963.85605,8.32488925089801,40627181529.87169,60770306725.6068,61575.216010359945
1918,0.0009590000000000002,42459111459.63086,59455282865.31653,61581.31729022144,364274384665.8941,147526162331.14685,8.150889561934578,42454226524.29738,59456711250.356895,61575.216010359945
1919,0.0009595000000000002,44243362988.6171,58086973911.79843,61579.513406330894,321428915910.0898,147960107303.48184,7.965134473846147,44238916056.57598,58088270863.63093,61575.216010359945
1920,0.0009600000000000001,45983456817.326866,56665373188.26439,61577.12460725108,284417022649.8817,148584509311.30014,7.76963917217018,45979629393.69545,56666378778.57848,61575.216010359945
1921,0.0009605000000000002,47678250245.49245,55191551677.00573,61575.77008044827,252179362040.90497,149317616865.01907,7.567784692217823,47674804167.17821,55192394352.79162,61575.216010359945
1922,0.0009610000000000002,49325841366.743286,53667226359.595505,61574.15529499589,223906240222.90195,150088110348.26108,7.36363086686814,49322827703.24458,53667782943.503296,61575.216010359945
1923,0.0009615000000000001,50925144294.30486,52093527582.04155,61573.98159669381,198976159455.319,150839032561.38745,7.161326494997501,50922149087.24883,52094096157.80406,61575.216010359945
1924,0.0009620000000000001,52474534047.44504,50472104936.1255,61574.581148099845,176905135468.10046,151530642983.0127,6.964645227672044,52471421761.97716,50472891477.66627,61575.216010359945
1925,0.0009625000000000001,53972342862.190575,48804784210.45541,61574.807375540586,157309793471.0953,152139165671.26233,6.776690488426046,53969192416.09257,48805703874.974365,61575.216010359945
1926,0.0009630000000000001,55416892142.79601,47093570203.800934,61573.11771123963,139879509187.20126,152654547781.99634,6.599753979187491,55414167049.368126,47094163571.14575,61575.216010359945
1927,0.0009635000000000001,56807146489.486946,45339899539.49673,61570.83572240415,124356462550.15259,153077299816.0732,6.43530112233581,56804985075.806366,45340000259.72355,61575.216010359945
1928,0.0009640000000000002,58142247098.16759,43545012652.99978,61570.0551387135,110520997381.25513,153415651061.05615,6.284041432376032,58140293987.87263,43544896396.4041,61575.216010359945
1929,0.0009645000000000003,59420734601.89745,41710946393.02395,61569.33310089574,98182373070.33797,153682229105.88895,6.146054794186498,59418997202.69982,41710549724.320335,61575.216010359945
1930,0.0009650000000000003,60641591238.47857,39839296317.9494,61569.439353509806,87173801763.55362,153890599732.0143,6.020947019406218,60640002968.99259,39838788323.373055,61575.216010359945
1931,0.0009655000000000002,61803848695.172,37931647369.51344,61571.191812754725,77348097755.70671,154053764953.6278,5.907997469464592,61802092307.893684,37931365138.81055,61575.216010359945
1932,0.0009660000000000002,62905976337.71574,35990595579.48935,61571.27457514487,68575189154.042046,154182806148.93765,5.806290503178751,62904241997.513664,35990285720.19555,61575.216010359945
1933,0.0009665000000000002,63947371036.14951,34017426976.41733,61572.34378989506,60741105949.063416,154285633945.55786,5.714827352073802,63945585469.42803,34017321827.73683,61575.216010359945
1934,0.0009670000000000002,64926950106.413086,32014313638.498207,61573.17159162232,53745416575.02062,154367783418.5645,5.632601951694816,64925082495.77334,32014384889.972404,61575.216010359945
1935,0.0009675000000000002,65843776509.04737,29983364711.319653,61573.08429727023,47500713762.820045,154431918736.31125,5.558658685775631,65841955699.806496,29983407256.03577,61575.216010359945
1936,0.0009680000000000001,66697209555.98228,27926231100.426144,61573.439678308925,41931320725.48238,154478374376.17914,5.492126845927683,66695398119.430336,27926330269.757046,61575.216010359945
1937,0.0009685000000000001,67486419217.244255,25845098731.20379,61573.349089954725,36971879306.22406,154505871527.9689,5.432236148474589,67484664909.90706,25845158255.62703,61575.216010359945
1938,0.0009690000000000001,68210716207.32236,23742039486.58467,61572.594713883525,32566565676.665123,154511746376.39194,5.378322325485993,68209035156.28765,23741914467.793346,61575.216010359945
1939,0.0009695000000000001,68869525681.67665,21619013598.14768,61571.50627871933,28667911145.648033,154492544779.73557,5.329822833567659,68867952966.02127,21618552579.06832,61575.216010359945
1940,0.0009700000000000003,69462323250.91382,19478010017.80445,61570.315769208675,25235727295.77758,154444473702.04236,5.286266974402277,69460819577.50148,19477133639.488327,61575.216010359945
1941,0.0009705000000000002,69988769920.3549,17320539103.518085,61571.15286169617,22236187700.900604,154363685453.0863,5.247263794146615,69987182828.59644,17319734080.70469,61575.216010359945
1942,0.0009710000000000003,70448246962.64847,15149314338.096766,61571.16977802152,19640857435.161922,154246586189.96957,5.21248871818326,70446662191.80586,15148366844.12292,61575.216010359945
1943,0.0009715000000000002,70840481054.90323,12966066452.360834,61571.82474004559,17426322205.4303,154089641991.1839,5.181673595370289,70838886438.37006,12965130326.70412,61575.216010359945
1944,0.0009720000000000002,71165249515.61597,10772347582.880974,61575.09339283863,15573183919.313728,153889775026.35876,5.154595127464415,71163513505.83696,10772130350.978544,61575.216010359945
1945,0.0009725000000000002,71422094821.1681,8571451099.35022,61575.899198693456,14065542029.672441,153644317132.8061,5.131065818927582,71420343644.43481,8571436965.123774,61575.216010359945
1946,0.0009730000000000002,71610915083.1067,6365333155.776595,61575.13500861496,12890811263.883907,153350735731.53323,5.110928709412947,71609141469.99623,6365212996.746025,61575.216010359945
1947,0.0009735000000000002,71731656666.30925,4155927190.4381933,61573.66260761912,12038975923.543327,153006928170.2325,5.094050789153455,71729909748.83875,4155578460.5765986,61575.216010359945
1948,0.0009740000000000001,71784319069.76848,1944942685.1515963,61573.09791013186,11502313057.333277,152611102922.302,5.0803186722713125,71782563907.65776,1944434440.4851134,61575.216010359945
1949,0.0009745000000000001,71768914982.9596,-265647124.98465836,61573.79625445355,11275180630.766308,152161678782.77567,5.069635868252462,71767183948.0306,-265955143.4611785,61575.216010359945
1950,0.0009750000000000002,71685513293.138,-2473514667.4076066,61574.66697516717,11353887748.989693,151657174869.72012,5.061921330239103,71683735652.3081,-2473541915.236595,61575.216010359945
1951,0.0009755000000000001,71534287330.62729,-4676119135.611863,61573.91135359159,11736541766.177689,151096176913.46362,5.0571083982705,71532474162.70189,-4676222251.947011,61575.216010359945
1952,0.0009760000000000001,71315455723.32,-6871859335.8772335,61573.64167272455,12422879229.770092,150477355501.32944,5.055143675015898,71313652331.48256,-6872028406.563254,61575.216010359945
1953,0.0009765000000000003,71029267971.27693,-9058898357.758844,61574.72447118764,13414258233.339916,149799400232.54202,5.055986529807296,71027526176.18874,-9058806662.234652,61575.216010359945
1954,0.0009770000000000002,70676149869.06454,-11234410096.640724,61573.94946439111,14713670619.663422,149060963474.29526,5.059608996686133,70674404621.26772,-11234480732.999292,61575.216010359945
1955,0.0009775000000000003,70256423506.5481,-13397098009.539642,61574.55651969558,16325568695.223032,148260770025.9012,5.06599472969544,70254681677.36037,-13397028922.854832,61575.216010359945
1956,0.0009780000000000001,69770660765.38284,-15544301857.619215,61573.860620862426,18256151129.312996,147397410660.80942,5.0751397060535535,69768945138.71353,-15544349694.85111,61575.216010359945
1957,0.0009785000000000002,69219318936.4732,-17674462354.412785,61573.869204461684,20513150867.0684,146469539593.46487,5.087051179505269,69217585854.48366,-17674513463.729675,61575.216010359945
1958,0.0009790000000000003,68603058991.72185,-19785291250.67819,61573.32039991461,23106176750.95991,145475661767.81567,5.10174848148636,68601266737.188324,-19785427440.417446,61575.216010359945
1959,0.0009795000000000001,67922414814.9356,-21875266793.89754,61574.14200687761,26046632031.664597,144414283285.92453,5.119262478476812,67920641877.9277,-21875213177.784096,61575.216010359945
1960,0.0009800000000000002,67178258391.842964,-23941881678.94532,61573.907859476225,29348118695.883747,143283703308.87195,5.1396367853324705,67176478139.32444,-23941850250.396507,61575.216010359945
1961,0.0009805000000000003,66371407662.823166,-25983162833.96408,61572.569052773986,33026239237.061478,142082302606.15048,5.162926549289717,66369488092.873665,-25983413094.363903,61575.216010359945
1962,0.000981,65502524218.775375,-27997707585.776253,61572.3440988188,37098975190.17327,140808372171.61536,5.189198943416778,65500512334.857735,-27998053219.912243,61575.216010359945
1963,0.0009815000000000002,64572421536.388,-29983764689.846523,61573.6397603004,41587232575.70623,139459892434.6848,5.218535397672781,64570498596.206764,-29983828760.92012,61575.216010359945
1964,0.000982,63582455762.01405,-31938560079.03898,61572.360708307184,46515013989.98056,138034666584.40295,5.251032480638803,63580288119.49029,-31938887302.208786,61575.216010359945
1965,0.0009825,62533308697.32101,-33861030913.29641,61572.01411132486,51909132939.66999,136530772009.54755,5.28679930451419,62531047990.45257,-33861528987.408886,61575.216010359945
1966,0.0009830000000000004,61425990485.09213,-35749447357.60569,61572.7367411418,57800620173.36833,134945734996.02884,5.325962239453916,61423714253.106705,-35749755135.58884,61575.216010359945
1967,0.0009835000000000002,60261743655.44993,-37601799023.79804,61573.281775889256,64224853637.50593,133276879191.01956,5.368666213025251,60259505555.84783,-37602021540.357834,61575.216010359945
1968,0.0009840000000000003,59041861214.01343,-39416182092.25881,61572.82492181185,71221911170.98013,131521478099.91808,5.415074938623261,59039481239.45455,-39416475613.8464,61575.216010359945
1969,0.0009845000000000001,57767335304.90409,-41191293752.07145,61573.13873147309,78837272327.77359,129676681921.90656,5.465372160789037,57764994012.15374,-41191553340.52823,61575.216010359945
1970,0.0009850000000000002,56439379329.57033,-42925544598.71238,61574.373672965135,87123123555.93204,127739128845.39151,5.519766335026206,56437228284.31973,-42925521587.86878,61575.216010359945
1971,0.0009855000000000003,55059552633.823814,-44616991363.72612,61574.85093038047,96139120464.36949,125705148650.08725,5.578493409329708,55057489846.267426,-44616750936.172714,61575.216010359945
1972,0.0009860000000000001,53629200611.86851,-46264130278.72587,61574.87373126674,105953159818.78233,123571013590.59666,5.641817823149694,53627182691.88175,-46263773070.99708,61575.216010359945
1973,0.0009865000000000002,52149607230.76209,-47865613084.64726,61575.25421382067,116643137852.8925,121332579621.48402,5.710037214892958,52147610361.69725,-47865138844.596344,61575.216010359945
1974,0.0009870000000000002,50622445253.89113,-49419733182.370346,61574.78964949233,128298798960.63806,118985158063.03581,5.783488450879467,50620385147.80291,-49419252810.172646,61575.216010359945
1975,0.0009875,49049201762.34508,-50925116691.718636,61573.752831254074,141023302057.73743,116523832092.61855,5.862551256771485,49046914677.98193,-50924768713.86898,61575.216010359945
1976,0.0009880000000000002,47431142602.54657,-52380677842.80922,61573.61436793341,154935998156.4204,113943129888.5985,5.947655602629701,47428824388.49094,-52380345149.870155,61575.216010359945
1977,0.0009885,45769913690.414856,-53785013027.64665,61573.89610006605,170175834741.89023,111236736401.21541,6.039292281627135,45767635085.68549,-53784567394.95991,61575.216010359945
1978,0.000989,44067538284.65375,-55136503631.85971,61572.7340865487,186904589891.6052,108397833202.0919,6.138021210461211,44064902523.791046,-55136218092.40176,61575.216010359945
1979,0.0009895000000000004,42324880482.764755,-56434601672.996086,61573.84215884129,205310864238.30557,105419327086.67178,6.244479306252933,42322440817.81181,-56434094579.29018,61575.216010359945
1980,0.0009900000000000002,40544823965.91014,-57677194265.030754,61571.85964467842,225617421008.18692,102292544831.29736,6.359402458037627,40541889656.33734,-57676993401.59092,61575.216010359945
1981,0.0009905000000000003,38727980977.84645,-58864038251.82066,61571.86524451322,248085176538.56342,99009266811.51842,6.483630197682944,38725002429.564186,-58863838378.06999,61575.216010359945
1982,0.0009910000000000001,36876392209.19019,-59993835419.85648,61572.40212577961,273025130149.8487,95559161768.337,6.618138896247394,36873416483.42522,-59993530648.91739,61575.216010359945
1983,0.0009915000000000002,34992729334.53093,-61065033889.25766,61570.11146798226,300807220470.4646,91931383335.95703,6.76406249731937,34989076585.91337,-61065001186.53204,61575.216010359945
1984,0.0009920000000000003,33077607126.204678,-62077458094.60108,61569.87054941687,331872640556.6232,88115043697.31892,6.922714622456514,33073666655.782127,-62077405760.54084,61575.216010359945
1985,0.0009925000000000001,31133284473.78592,-63029943027.168686,61569.88212042019,366753959583.7604,84097075002.16211,7.09563979125395,31129192286.18883,-63029830084.89232,61575.216010359945
1986,0.0009930000000000002,29161622130.394913,-63921654860.31036,61570.14983893018,406094209308.12213,79864232887.99841,7.284652894175433,29157498476.00122,-63921503951.2999,61575.216010359945
1987,0.0009935000000000002,27164664198.391483,-64751744794.813545,61570.15633230608,450674319247.4906,75402899838.38676,7.491894102863771,27160394426.27194,-64751586356.79247,61575.216010359945
1988,0.000994,25144447673.581905,-65519456816.8634,61569.582395617064,501446603059.5853,70699836360.16006,7.719892876690086,25139850845.940712,-65519310641.85237,61575.216010359945
1989,0.0009945000000000002,23102382752.03504,-66224356940.220856,61570.14937934547,559576862135.8063,65743169498.28825,7.971643747882662,23097819534.399345,-66224119414.8746,61575.216010359945
1990,0.000995,21040906940.757915,-66865646697.05238,61570.24897672552,626497550934.1738,60523551191.84977,8.250698585101857,21036171232.91717,-66865288664.67442,61575.216010359945
1991,0.0009955000000000003,18961950141.31094,-67442819705.31528,61570.088556230454,703968595585.7507,55038146245.92726,8.561250208228676,18957037539.098026,-67442365664.69452,61575.216010359945
1992,0.0009960000000000004,16867581491.419006,-67955388608.17226,61569.48817194944,794149604105.402,49294848027.71997,8.908211862171743,16862224152.67921,-67954907896.26736,61575.216010359945
1993,0.0009965000000000002,14759420229.417143,-68403055780.1278,61569.557457778625,899674090710.5885,43320171426.76305,9.297251441693351,14753918444.729021,-68402465035.11195,61575.216010359945
1994,0.0009970000000000003,12639475110.424732,-68785452195.35779,61570.208337439246,1023711162148.4583,37171278843.246254,9.734721530992712,12634011247.553614,-68784696336.00217,61575.216010359945
1995,0.0009975000000000001,10510711575.666721,-69102078587.8236,61568.90775091043,1169973953434.6003,30955967344.537926,10.22734756405633,10504665670.851782,-69101235744.12251,61575.216010359945
1996,0.0009980000000000002,8374145550.037428,-69352953971.19043,61568.492772245234,1342594678542.7778,24863390182.257164,10.781434938690913,8367793941.521803,-69351987038.84808,61575.216010359945
1997,0.0009985000000000003,6232101095.649806,-69537844763.1943,61568.114918456035,1545719151064.2888,19206764845.351234,11.40121983460802,6225382770.767385,-69536732720.54176,61575.216010359945
1998,0.000999,4086582975.5823045,-69656654420.74217,61567.83921565671,1782536316370.9546,14484791404.411434,12.085682446526668,4079508148.038955,-69655321023.699,61575.216010359945
1999,0.0009995000000000002,1939740515.7175524,-69709298589.49873,61567.23513330073,2053330815550.1907,11450678722.963652,12.823021850227706,1932270579.536433,-69707800191.52933,61575.216010359945
2000,0.0010000000000000002,-206709916.4966163,-69695873615.08725,61567.25266544426,2352095515014.7163,11160140236.136848,13.582266068037164,-205510275.7901111,-69694171061.1376,59061.94188748811
2001,0.0010005,-2350029373.888157,-69616524571.50464,61566.69919977461,2661706984860.9707,14921897986.195026,14.303295608813162,-2262002378.4640164,-69617669379.64815,59061.94188748811
2002,0.0010010000000000002,-4485330802.434004,-69471722846.33002,61560.77018819308,2949349185905.5103,24021835179.301605,14.891204087297842,-4314082020.907099,-69480599105.60745,59061.94188748811
2003,0.0010015,-6606661684.403884,-69262364362.3697,61543.08997544222,3166993107643.694,39117177684.83765,15.227447385989725,-6360090655.652359,-69283110100.4088,59061.94188748811
2004,0.0010020000000000003,-8705398248.601595,-68990240361.44391,61503.501228470355,3263337121866.0073,59464426371.81224,15.209391067634817,-8398180737.29623,-69025406750.65257,59061.94188748811
2005,0.0010025000000000004,-10770909183.164698,-68658295851.72323,61429.35825037364,3206927110600.445,82590633186.5284,14.807451716166293,-10426667481.630083,-68707850255.36232,59061.94188748811
2006,0.0010030000000000002,-12802505220.82654,-68268600019.24289,61324.85945924571,3005468630772.521,105021441112.72675,14.096117467702394,-12443787717.544725,-68330804539.9838,59061.94188748811
2007,0.0010035000000000003,-14800441800.005722,-67823038155.847534,61194.8829611073,2702874463886.977,123764765152.18723,13.222784088728888,-14447584297.984972,-67894586918.98214,59061.94188748811
2008,0.0010040000000000001,-16768867385.18168,-67322400133.1566,61049.55390144351,2356210477728.963,137363230680.22124,12.3384988072626,-16436534480.162716,-67399690322.62485,59061.94188748811
2009,0.0010045000000000002,-18715362413.849045,-66765925980.475044,60903.46735283409,2012777061875.1072,145895816592.62677,11.546499228283958,-18408893768.048084,-66846535107.339066,59061.94188748811
2010,0.0010050000000000003,-20640469283.595226,-66154000291.16148,60758.93339154226,1700831445079.8738,150330423613.05023,10.892104571185824,-20362835536.46249,-66235719076.78919,59061.94188748811
2011,0.0010055,-22548056139.294373,-65485677281.79306,60623.8472316097,1431884949383.3096,151867750193.377,10.37860261380924,-22296903395.961754,-65567903810.907555,59061.94188748811
2012,0.0010060000000000002,-24434999889.68471,-64761959107.940605,60494.32426422818,1206878002239.315,151584227585.32812,9.987201109533125,-24209263418.719498,-64843686562.07847,59061.94188748811
2013,0.0010065000000000002,-26301275622.36622,-63982851278.54957,60372.27234467405,1021599672494.9523,150303771534.95157,9.691335561824433,-26098341322.180786,-64063736477.56154,59061.94188748811
2014,0.001007,-28144191634.597626,-63149354320.05679,60255.006530936516,870049265824.717,148608740193.16016,9.464296645400573,-27962500291.538536,-63228853402.029945,59061.94188748811
2015,0.0010075000000000001,-29962799858.929844,-62261860502.32634,60143.5266115368,746166884254.1367,146884017927.94254,9.282551342713003,-29800052962.43796,-62339857467.97871,59061.94188748811
2016,0.001008,-31755104654.798122,-61321249528.32502,60037.00305390489,644552474902.3444,145369130984.24152,9.126778086384384,-31609551519.364193,-61397469370.6524,59061.94188748811
2017,0.0010085000000000003,-33519470394.832985,-60328324507.94283,59935.57980839755,560678971554.2783,144196956651.8914,8.9819582935222,-33389413796.23318,-60402604850.1466,59061.94188748811
2018,0.0010090000000000003,-35253485394.83897,-59284393680.54961,59837.557698439094,490873042836.1354,143423694877.10132,8.83711808515272,-35138070815.068954,-59356281130.2202,59061.94188748811
2019,0.0010095000000000002,-36954724903.14753,-58190963229.770546,59740.92014018401,432213111993.4604,143049710588.00616,8.684974596031454,-36854209560.96986,-58259373811.59015,59061.94188748811
2020,0.0010100000000000003,-38623406446.30845,-57048059629.038445,59651.021566154006,382406303308.35767,143036432251.76965,8.52152564007819,-38536212028.56643,-57112958788.70376,59061.94188748811
2021,0.0010105000000000001,-40257126139.7927,-55857279591.84967,59565.55555458067,339666751485.97095,143322833164.43173,8.345543010624322,-40182658605.171394,-55918035620.21,59061.94188748811
2022,0.0010110000000000002,-41854873615.83896,-54619435631.67313,59486.290558523906,302618718520.5516,143833977974.71008,8.15803674111196,-41792126813.92909,-54675730722.93023,59061.94188748811
2023,0.0010115000000000002,-43414913747.38976,-53335888400.74112,59412.321890305466,270208145190.39587,144492794291.509,7.96163628280185,-43363371010.60784,-53387147118.57335,59061.94188748811
2024,0.001012,-44936470251.565994,-52007348289.28753,59345.937241102394,241631837288.6118,145227181633.833,7.759966282120275,-44895055237.21345,-52053549759.643936,59061.94188748811
2025,0.0010125000000000002,-46418115258.54693,-50635042528.76269,59286.74041336154,216276333570.21332,145976703309.39008,7.557049223792062,-46385766192.532234,-50676144769.99023,59061.94188748811
2026,0.0010130000000000002,-47859030124.5463,-49219726331.7259,59236.56143927652,193670722045.59216,146694824813.30316,7.356813759717294,-47834360998.13692,-49256160973.09566,59061.94188748811
2027,0.0010135,-49257164910.24943,-47763321148.884476,59191.6698359674,173447563158.78122,147350370818.08115,7.162725234337345,-49239590735.16715,-47794773236.55986,59061.94188748811
2028,0.0010140000000000001,-50611702238.664444,-46266728900.55984,59153.54203692914,155315654077.906,147925121854.5535,6.977572975529426,-50600306229.919815,-46293460785.92661,59061.94188748811
2029,0.0010145000000000002,-51921644620.366684,-44731029199.228516,59122.6681890276,139036569858.42532,148413070032.71585,6.803369406370032,-51915305018.049286,-44753510694.67774,59061.94188748811
2030,0.0010150000000000003,-53185658048.39546,-43157724833.15553,59097.644192431544,124409724862.84618,148817116062.10458,6.641359836283675,-53183537376.39783,-43176228667.32745,59061.94188748811
2031,0.0010155000000000003,-54402151280.83341,-41548776877.51492,59075.36533567919,111262572595.51662,149145666025.93555,6.492108624151004,-54403969393.825294,-41563181812.22886,59061.94188748811
2032,0.0010160000000000002,-55570924901.489395,-39904536921.28537,59060.26374210282,99444207265.62982,149409763799.72458,6.35562623504121,-55575515990.22899,-39915750224.735085,59061.94188748811
2033,0.0010165000000000003,-56690602387.09156,-38226832563.6281,59049.80617439015,88819207046.52026,149622310235.73846,6.231496352108058,-56697280209.41079,-38235423873.802376,59061.94188748811
2034,0.0010170000000000001,-57759934187.50276,-36517515829.46586,59041.84479600845,79266769328.67906,149794918463.48608,6.119015418356254,-57768369305.23475,-36523666480.657555,59061.94188748811
2035,0.0010175000000000002,-58778164258.49709,-34777850262.423676,59037.14257331317,70678920561.26187,149937143281.18048,6.017311759334306,-58787816684.511566,-34782065757.665695,59061.94188748811
2036,0.0010180000000000002,-59744260392.63044,-33009616590.73488,59034.262542537814,62958817053.11531,150056444094.39835,5.925437822031747,-59754792625.32659,-33012145710.232193,59061.94188748811
2037,0.0010185,-60657459156.242134,-31214283081.571064,59033.3776941468,56020356044.26343,150157648814.0267,5.84244338228674,-60668625064.76998,-31215500357.51611,59061.94188748811
2038,0.0010190000000000002,-61516862439.33927,-29393679743.288223,59033.219340761156,49787167007.19263,150243342280.78946,5.767424471973082,-61528535492.39001,-29393645475.42888,59061.94188748811
2039,0.0010195000000000002,-62321752827.08444,-27549451070.56101,59033.55712443497,44192143732.25216,150313982776.72977,5.699555532804718,-62333754242.341064,-27548243126.786743,59061.94188748811
2040,0.00102,-63071634882.6814,-25682862904.953777,59035.82226416614,39176550441.503136,150368473981.09595,5.638104867090765,-63083700086.3627,-25680990558.814278,59061.94188748811
2041,0.0010205000000000001,-63765834696.51551,-23795651986.19405,59039.37430669296,34689097287.72814,150404729712.92508,5.582437841853166,-63777805901.33909,-23793477284.056164,59061.94188748811
2042,0.0010210000000000002,-64403717208.57958,-21889640973.358536,59043.382565759974,30685501044.735016,150419810671.88974,5.532014821475899,-64415521685.574715,-21887392001.364292,59061.94188748811
2043,0.0010215000000000003,-64984721790.41769,-19966660312.866203,59047.16785544715,27127754563.910954,150410308049.60345,5.486383584121398,-64996357241.77897,-19964417855.043144,59061.94188748811
2044,0.0010220000000000003,-65508336090.08032,-18028629681.688065,59049.844714588326,23983381249.358524,150372680524.7761,5.44516852893318,-65519849680.3776,-18026166206.668358,59061.94188748811
2045,0.0010225000000000002,-65974241186.07001,-16077037550.758982,59052.44720877168,21224768757.956062,150303473853.31522,5.408058946680949,-65985610232.781624,-16074536648.300854,59061.94188748811
2046,0.0010230000000000003,-66382081959.00388,-14113641111.692825,59054.81719544522,18828411348.59659,150199582009.31827,5.3747967294271355,-66393323968.37967,-14111125493.93135,59061.94188748811
2047,0.0010235,-66731593997.01012,-12140029224.321869,59057.53222237414,16774495980.99233,150058195705.04572,5.34516651701852,-66742647773.45803,-12137662943.539183,59061.94188748811
2048,0.0010240000000000002,-67022527842.04517,-10157914947.237839,59060.616853737105,15046400593.144793,149876856520.54437,5.318987116820448,-67033412849.67539,-10155866693.530275,59061.94188748811
2049,0.0010245000000000002,-67254705198.84662,-8168854838.561411,59064.7451974034,13630343454.871227,149653400484.4263,5.296104954807288,-67265425511.72433,-8167510960.57332,59061.94188748811
2050,0.001025,-67427856848.169945,-6175554106.092052,59065.895755531245,12515028130.388496,149385944623.76935,5.276388861418341,-67438456607.50377,-6174260450.347655,59061.94188748811
2051,0.0010255000000000002,-67542000845.74978,-4179146516.3406444,59066.934287929915,11691482896.104647,149072736209.34686,5.259727005880256,-67552551490.36968,-4177911523.907408,59061.94188748811
2052,0.0010260000000000002,-67597121149.902824,-2181018600.5812306,59069.317985608184,11152575084.765448,148712344205.29904,5.2460228960558055,-67607571167.4245,-2180234193.9741635,59061.94188748811
2053,0.0010265,-67593187790.23775,-183888523.90240464,59068.937075869624,10892948950.762192,148303479413.32654,5.235193573977276,-67603506104.90492,-182892546.87492532,59061.94188748811
2054,0.0010270000000000001,-67530315362.15478,1811422436.8869388,59069.87973292394,10908906302.189802,147844912877.75055,5.22716869195275,-67540593198.36724,1812256623.8045206,59061.94188748811
2055,0.0010275000000000002,-67408627579.14064,3802467617.7836733,59069.09988630469,11198232075.837982,147335522108.96097,5.221889341816923,-67418888638.508,3803519057.0128393,59061.94188748811
2056,0.0010280000000000003,-67228254843.779366,5788624093.614263,59071.325418595385,11760121624.825167,146774221267.88464,5.2193075403633395,-67238564678.41504,5789209401.995411,59061.94188748811
2057,0.0010285000000000003,-66989483657.2218,7766908260.773431,59071.04660436553,12595234656.238838,146159880227.68088,5.219386371106781,-66999744762.85178,7767497106.803892,59061.94188748811
2058,0.0010290000000000002,-66692547902.08756,9736300512.81483,59071.435096667796,13705459483.173311,145491443965.1192,5.222099008602829,-66702779676.16797,9736809784.318678,59061.94188748811
2059,0.0010295000000000002,-66337792552.78903,11694885528.142693,59071.5529540736,15094085047.91868,144767790856.60977,5.227429020595123,-66348101085.339745,11695351281.767736,59061.94188748811
2060,0.00103,-65925534339.27157,13641302977.578808,59072.81729999193,16765717295.81025,143987794953.32968,5.235370027909469,-65935979249.05848,13641438411.576075,59061.94188748811
2061,0.0010305000000000002,-65456301284.67637,15573287138.98491,59072.67813063321,18726426012.904137,143150234803.47,5.24592610933985,-65466867924.58852,15573407910.678638,59061.94188748811
2062,0.0010310000000000002,-64930475889.883,17489646958.529053,59073.29573094864,20983571201.24964,142253960574.65457,5.2591107707583715,-64941071826.41993,17489586972.630116,59061.94188748811
2063,0.0010315,-64348638193.82958,19388470027.550335,59073.49617350422,23546155913.83498,141297665067.69934,5.2749479540080815,-64359321789.18209,19388343268.60527,59061.94188748811
2064,0.0010320000000000001,-63711283852.29616,21268385983.46407,59074.45025509721,26424719580.388096,140280047357.21545,5.293471547414321,-63722199757.972466,21267998661.009148,59061.94188748811
2065,0.0010325000000000002,-63019041491.10621,23127697919.331207,59075.73959955795,29631644132.18579,139199659543.39008,5.314726263523492,-63030165454.27339,23126870085.630566,59061.94188748811
2066,0.001033,-62272793715.45333,24964214081.491375,59074.79226868347,33181186946.63114,138055001861.26105,5.338767642787574,-62284053182.24548,24963498595.749207,59061.94188748811
2067,0.0010335000000000001,-61473052674.767845,26776962364.28741,59074.45746158566,37089389090.178055,136844699934.6971,5.365660758950908,-61484449162.46187,26776244331.025276,59061.94188748811
2068,0.0010340000000000002,-60620546033.63784,28564431621.095634,59074.8516259832,41374853026.51066,135567035404.56602,5.395483072026063,-60632152861.3868,28563524153.083035,59061.94188748811
2069,0.0010345000000000003,-59716166040.54784,30324875521.163578,59074.949199323135,46058760837.05588,134220164329.80339,5.4283250810194525,-59727974104.460396,30323921228.037464,59061.94188748811
2070,0.0010350000000000003,-58760943534.486595,32056453670.491955,59073.291201302694,51165010316.02661,132802222969.32211,5.464290190436795,-58772758936.59576,32055857705.792103,59061.94188748811
2071,0.0010355000000000002,-57755571404.70762,33758124042.84953,59071.99405185842,56720438523.6549,131311370586.42941,5.503494500174857,-57767455194.45028,33757856865.196632,59061.94188748811
2072,0.0010360000000000002,-56700676768.88242,35428941381.179115,59073.299846015914,62755738689.096596,129745365989.61525,5.5460703467523995,-56712901215.97954,35428434346.49444,59061.94188748811
2073,0.0010365,-55597673295.511925,37066699576.19773,59073.371881800005,69306080955.76915,128101521075.29192,5.592169837746604,-55610117877.004585,37066250605.48777,59061.94188748811
2074,0.0010370000000000002,-54447522442.04222,38670133621.50529,59072.90731834941,76410672266.80228,126377464739.69273,5.641961822626253,-54460103481.24334,38669892648.602356,59061.94188748811
2075,0.0010375000000000002,-53251313717.82593,40237861373.85046,59071.840332830325,84114077637.68367,124570512995.64186,5.695635127512202,-53263926140.253586,40237914010.03627,59061.94188748811
2076,0.001038,-52009873860.9732,41768929996.05693,59071.9963675122,92466879506.60191,122677753135.89572,5.753401003298172,-52022664145.94056,41769091225.25848,59061.94188748811
2077,0.0010385000000000001,-50724380552.9765,43261953287.43797,59072.82675581689,101527016810.63217,120695730910.09424,5.815498378030725,-50737516463.86651,43262045003.11978,59061.94188748811
2078,0.0010390000000000002,-49396214477.282776,44715408146.51117,59072.983512525774,111360468404.1895,118620796636.43806,5.882195986557256,-49409571401.7557,44715560167.51986,59061.94188748811
2079,0.0010395,-48026267200.89095,46128433464.82346,59074.32900653191,122042328596.85777,116449205084.82867,5.953794173855328,-48040089421.42524,46128457822.94586,59061.94188748811
2080,0.0010400000000000003,-46616385651.32078,47499186136.87343,59073.441413571825,133659105758.9989,114176519755.35223,6.0306325953644535,-46630358077.658585,47499534950.2206,59061.94188748811
2081,0.0010405000000000002,-45167230375.02733,48827180169.18224,59073.89324223154,146309317580.2775,111798534645.69716,6.113089831592914,-45181543264.370895,48827567662.57057,59061.94188748811
2082,0.0010410000000000003,-43680388527.07263,50111013358.41946,59074.05495806745,160107460521.05405,109309903055.49236,6.201596666852122,-43694971486.505325,50111575356.453,59061.94188748811
2083,0.0010415000000000003,-42157030660.97361,51349769085.007866,59074.77217867758,175185547774.0284,106705124620.95268,6.2966402739493565,-42172081478.32704,51350343151.58492,59061.94188748811
2084,0.0010420000000000002,-40598867427.19559,52542126405.49679,59074.40420508685,191697087412.15363,103977982932.12218,6.398775068094881,-40614112272.56766,52543005248.1232,59061.94188748811
2085,0.0010425000000000002,-39006547560.98978,53687698934.29078,59076.41109428658,209820434212.34183,101122025424.52235,6.508630231796319,-39022564640.49737,53688448501.04409,59061.94188748811
2086,0.001043,-37382399423.00826,54784825213.250374,59076.55551432937,229765439552.7406,98129377558.33237,6.626930511299606,-37398772259.01023,54785759940.95428,59061.94188748811
2087,0.0010435000000000002,-35727435270.11821,55832950483.59569,59076.97480272464,251777241907.40964,94992468329.26941,6.754501937536235,-35744280509.31796,55834014429.92763,59061.94188748811
2088,0.0010440000000000002,-34042993363.629944,56831295896.350716,59078.16261151185,276145797987.76044,91702459492.13197,6.892296821143666,-34060457444.36677,56832404404.1912,59061.94188748811
2089,0.0010445,-32330521254.67809,57779054667.91648,59080.17858082984,303215059267.26575,88249636538.27272,7.041418060451737,-32348921471.460167,57780116481.42243,59061.94188748811
2090,0.0010450000000000001,-30591922382.21548,58675219931.94213,59081.4818305434,333394748989.52545,84623527215.36383,7.203147232706109,-30611175943.690437,58676270317.254036,59061.94188748811
2091,0.0010455000000000002,-28828843583.8547,59519032573.87575,59081.83981528565,367174430576.4224,80813381673.80482,7.378974413795999,-28848732217.344555,59520321532.11231,59061.94188748811
2092,0.001046,-27042198564.14826,60310153074.64912,59083.655729808415,405142272310.5122,76807966744.06638,7.570639123678395,-27063238662.691273,60311521875.91685,59061.94188748811
2093,0.0010465000000000003,-25234205864.331524,61047624231.09148,59084.56592028483,448009473818.11346,72595138598.45914,7.7801872688214635,-25256053378.076942,61049144725.665565,59061.94188748811
2094,0.0010470000000000002,-23405793861.372883,61731162032.14354,59086.8939879207,496637067664.01666,68163753843.915,8.010021702014411,-23428992264.70475,61732751902.10148,59061.94188748811
2095,0.0010475000000000003,-21559086011.81195,62359993547.83356,59088.81669105174,552073681356.8038,63503203669.08306,8.26297813206261,-21583602753.938206,62361771507.01288,59061.94188748811
2096,0.0010480000000000003,-19695360862.814754,62933759754.15351,59091.47109263675,615597289789.9536,58606183151.91583,8.542394027861263,-19721525138.68018,62935685755.673874,59061.94188748811
2097,0.0010485000000000002,-17816561825.199867,63451899332.64067,59093.85579023962,688768517135.6859,53470241525.756645,8.852191311504704,-17844421678.116528,63454104277.31707,59061.94188748811
2098,0.0010490000000000002,-15924434782.21902,63913997982.72232,59095.7529998674,773488809897.9167,48102404665.03287,9.196940998936743,-15953903281.151325,63916559868.33781,59061.94188748811
2099,0.0010495,-14020310610.606342,64319810906.64004,59098.17550026821,872062304505.8118,42525195469.91223,9.581895054212513,-14051592007.271048,64322776212.06842,59061.94188748811
2100,0.0010500000000000002,-12106042040.778793,64668985074.012405,59100.56392831935,987248443522.7819,36786146342.589516,10.012934922945702,-12139158106.79281,64672422956.43471,59061.94188748811
2101,0.0010505000000000002,-10183520610.171032,64961231668.21452,59102.36768134984,1122275145480.2217,30973646240.390633,10.496325879801446,-10218430603.929953,64965305237.9743,59061.94188748811
2102,0.001051,-8254254078.531113,65196406218.80518,59104.14558026727,1280757427409.0532,25240204864.53693,11.03810430489009,-8290988869.780153,65201234567.582344,59061.94188748811
2103,0.0010515000000000001,-6319479842.736206,65374446888.22329,59107.119430843646,1466412400213.4536,19836258677.733,11.642792456372478,-6358553744.525808,65380004677.185715,59061.94188748811
2104,0.0010520000000000002,-4381429295.021253,65495160721.894104,59109.84308434304,1682376084789.2253,15156945767.60771,12.3109466517884,-4422785396.128106,65501602105.14088,59061.94188748811
2105,0.0010525,-2442148045.637032,65558480348.2638,59111.52916763027,1929815998824.507,11798980235.150871,13.034867642177552,-2485426458.7277837,65565907871.61388,59061.94188748811
2106,0.0010530000000000003,-503528232.35067576,65564485246.72061,59112.08074852298,2205473019440.0015,10608285068.30003,13.791926157134316,-548090640.7977904,65573034787.7595,59061.94188748811
2107,0.0010535000000000002,1432095682.4230025,65513296411.019424,59110.35612989943,2497961381600.3105,12672291515.052153,14.535941415300574,1387522690.8792,65522948248.21841,59061.94188748811
2108,0.0010540000000000002,3362827749.59372,65405096575.75932,59106.043437652705,2783593293973.2524,19167893533.75128,15.190005018278667,3319712801.3162475,65415759416.243774,59061.94188748811
2109,0.0010545000000000003,5286857552.6222725,65240173924.54145,59099.172886415596,3024572278206.071,30965171542.799667,15.649247450071133,5246776550.860884,65251683875.93843,59061.94188748811
2110,0.0010550000000000002,7200298846.550201,65019176149.90336,59086.250741073294,3174546102568.9927,48010257973.8537,15.80492638820295,7167010529.703185,65030911594.07998,59061.94188748811
2111,0.0010555000000000002,9102845178.13771,64742436555.658455,59069.978284195146,3194561469786.594,68819848844.99942,15.591062149846044,9078804971.876642,64753734591.6229,59061.94188748811
2112,0.001056,10994379029.55499,64410196182.37362,59053.15100652743,3072821364926.731,90654408651.44151,15.028055771452635,10980551171.12805,64420405238.26633,59061.94188748811
2113,0.0010565000000000001,12874583106.93336,64022632768.405945,59037.956910607085,2832753047182.5674,110520098694.1679,14.223870794772678,12870429785.900293,64031324263.84955,59061.94188748811
2114,0.0010570000000000002,14741256454.466223,63580268589.856064,59023.266381381065,2521261697489.903,126329424190.71306,13.325526338108885,14746967477.934402,63586857942.79695,59061.94188748811
2115,0.0010575,16595673778.703674,63082830758.19419,59013.7544835118,2187442342477.5715,137388774626.3956,12.460008230723185,16608551624.764942,63087415187.583336,59061.94188748811
2116,0.0010580000000000001,18435609882.589134,62530773635.8924,59008.11041145823,1867494916675.3696,144120356477.67294,11.703625250532731,18453475544.053516,62533581507.67801,59061.94188748811
2117,0.0010585000000000002,20259909761.720848,61924327472.56642,59006.95241022035,1581194681741.5251,147479436474.59073,11.083949041205338,20280185467.908634,61925841170.22785,59061.94188748811
2118,0.0010590000000000003,22064656520.53029,61264669884.12925,59006.120864657794,1335474802959.0269,148500081017.65512,10.596433927195235,22087100169.93527,61264792346.49309,59061.94188748811
2119,0.0010595000000000003,23848999989.14438,60552159150.10708,59006.89932469822,1129629317741.1135,148064220976.1441,10.220835152367238,23872681351.205795,60551118065.74796,59061.94188748811
2120,0.0010600000000000002,25612009115.94242,59787150441.30934,59010.51774201171,959360070708.8472,146842920190.01398,9.931976900191678,25635427578.35842,59785492368.96175,59061.94188748811
2121,0.0010605000000000002,27351432349.425663,58970547779.36674,59015.65523032569,819228434641.5098,145310708052.78793,9.705392649244972,27373826182.597065,58968614795.49904,59061.94188748811
2122,0.0010610000000000003,29063949526.620842,58103902582.87726,59018.46424270147,703898840436.7958,143783203867.91196,9.519745241885438,29086333920.54778,58101279822.10823,59061.94188748811
2123,0.0010615000000000002,30750477482.051514,57186938354.3893,59024.292878778084,608657407336.9897,142455472373.9118,9.357592419088975,30771445579.674988,57184231640.15711,59061.94188748811
2124,0.0010620000000000002,32406897495.517937,56221809109.44357,59026.72724437381,529544272991.80786,141437997058.61536,9.205370550536484,32427827482.1319,56218382755.94064,59061.94188748811
2125,0.0010625,34034105222.734875,55208235986.326126,59031.63346251244,463338482721.9556,140774177244.56604,9.053200256283436,34054119015.67048,55204635178.68611,59061.94188748811
2126,0.0010630000000000001,35630484349.64807,54147186763.329384,59038.549844178015,407458213512.12897,140463776674.58453,8.894519066975976,35648743819.0403,54143926633.381584,59061.94188748811
2127,0.0010635000000000002,37193030586.64281,53040623818.75417,59042.544022685426,359861215573.24194,140473411782.9399,8.725713446009365,37210531068.34226,53037253673.81337,59061.94188748811
2128,0.001064,38721631327.62276,51888835239.6527,59047.37582590571,318948992017.6504,140746995574.15646,8.54570502443825,38738049732.37811,51885611586.3196,59061.94188748811
2129,0.0010645000000000001,40214399129.97005,50693274563.96634,59051.00458647524,283474749369.8479,141219205847.73126,8.355427221383435,40229991440.622635,50690073812.30517,59061.94188748811
2130,0.0010650000000000002,41670763354.93078,49454530326.34691,59055.9340933132,252472607822.9278,141821747319.57364,8.157285479283775,41685184528.53741,49451714464.435074,59061.94188748811
2131,0.0010655000000000003,43088818893.136665,48174238131.62218,59059.54626700047,225193844623.85214,142491673187.02902,7.954586509158565,43102367958.715614,48171617254.24993,59061.94188748811
2132,0.0010660000000000003,44467715940.57569,46853297656.23819,59063.230310539446,201058435536.5813,143174589984.10767,7.751024789451441,44480329423.30705,46851008677.95891,59061.94188748811
2133,0.0010665000000000002,45805998167.821495,45493178305.88249,59065.67577107035,179612375144.00565,143828697833.121,7.550233295583143,45817961690.48561,45491037886.15243,59061.94188748811
2134,0.0010670000000000002,47103193429.45643,44094495873.01326,59069.8908165677,160496244586.67026,144424809753.57843,7.355456072040108,47114099747.11542,44092991728.94929,59061.94188748811
2135,0.0010675000000000003,48357814474.91509,42658865779.9853,59073.96207073567,143418881703.07178,144946624791.3811,7.169331246887319,48367763618.67275,42658095987.87067,59061.94188748811
2136,0.0010680000000000002,49568237467.40928,41188237078.13973,59074.90352613399,128140525060.2855,145387589926.50113,6.993804001158788,49577685353.04993,41187692929.861305,59061.94188748811
2137,0.0010685000000000002,50734006628.95617,39683382701.748,59075.66211715385,114459716362.63881,145748547269.14813,6.830129925578138,50743025781.2118,39683030882.886,59061.94188748811
2138,0.001069,51854144108.16766,38145674973.819244,59076.16951717868,102202355539.16824,146036490148.0694,6.678930309067434,51862822462.467865,38145521559.84242,59061.94188748811
2139,0.0010695000000000001,52927816302.23828,36576374663.26424,59076.98408491853,91216282108.47932,146261393144.93695,6.540297182509049,52936074663.75127,36576573595.03795,59061.94188748811
2140,0.0010700000000000002,53953833455.70698,34977325370.88436,59076.13030914619,81367019306.83473,146434359384.75012,6.413913300614168,53962013340.34135,34977527243.539154,59061.94188748811
2141,0.0010705,54931724365.750626,33349446446.391815,59076.08354040256,72535581421.66869,146565747959.8065,6.299174939564298,54939722859.49254,33349738205.370613,59061.94188748811
2142,0.0010710000000000001,55860490612.29538,31694496599.552902,59075.40134636772,64615730153.192955,146664929084.54364,6.195294969152412,55868297679.22002,31694784052.121017,59061.94188748811
2143,0.0010715000000000002,56739556554.891266,30013658294.203056,59075.43678898485,57513439136.77965,146739035857.82935,6.101395421811647,56747137214.66093,30014127081.667263,59061.94188748811
2144,0.0010720000000000003,57568109835.91327,28308594514.82635,59075.36969871239,51145369530.180916,146793199447.56583,6.016575424026158,57575514799.34464,28309175425.669586,59061.94188748811
2145,0.0010725000000000003,58345277965.124405,26581266720.93979,59073.31780324619,45438349159.09666,146830283337.88135,5.939963085138968,58352743143.82864,26581604228.267994,59061.94188748811
2146,0.0010730000000000002,59070955304.861244,24832146146.68097,59074.06638343713,40328630945.26339,146851089807.96875,5.870750032374721,59078204799.87106,24832802052.40034,59061.94188748811
2147,0.0010735000000000002,59744130367.11937,23063715478.062725,59073.280196272055,35760206825.0001,146855406928.15585,5.80820534294249,59751289447.78926,23064333374.807957,59061.94188748811
2148,0.0010740000000000003,60364456830.1711,21277143645.9045,59072.84356973512,31685198155.830727,146841334859.15823,5.751688607968249,60371465495.31208,21277823670.50901,59061.94188748811
2149,0.0010745000000000002,60931462957.97052,19473965148.07814,59072.89419779935,28062276268.703373,146806403307.3463,5.700647375439687,60938365808.49643,19474793760.597836,59061.94188748811
2150,0.0010750000000000002,61444621394.94688,17656050749.584232,59072.197858884116,24856139673.11758,146747661117.07925,5.654611897771936,61451478428.10412,17656863537.776287,59061.94188748811
2151,0.0010755000000000003,61903572143.72859,15824971404.870249,59070.992618967626,22036911421.069927,146661863674.74225,5.613187421104542,61910428626.430984,15825612223.351677,59061.94188748811
2152,0.0010760000000000001,62308040847.7758,13982128150.842875,59070.22958072589,19579326386.574738,146545823491.29648,5.576043713442283,62314942242.3914,13982678520.513762,59061.94188748811
2153,0.0010765000000000002,62657778776.69933,12128908504.730698,59070.81640643971,17462104111.027607,146396565048.07748,5.542904523223446,62664592698.67244,12129698383.352943,59061.94188748811
2154,0.001077,62952390604.00926,10267651616.542145,59069.615250001145,15667464103.733036,146211361179.2464,5.513538276624812,62959184704.58686,10268266723.255949,59061.94188748811
2155,0.0010775000000000001,63191819442.674866,8399313383.529686,59069.67854429504,14180864039.547386,145987606630.37744,5.487751261767507,63198588564.64389,8400027294.260445,59061.94188748811
2156,0.0010780000000000002,63375850992.80113,6525913666.851392,59069.247903737145,12990278159.924246,145723128915.62613,5.465379410140316,63382643644.95993,6526543210.289639,59061.94188748811
2157,0.0010785000000000002,63504396367.35417,4649122759.313954,59068.26273710297,12086100798.329954,145415937171.3559,5.446283651455045,63511191154.88474,4649509207.465608,59061.94188748811
2158,0.0010790000000000003,63577432675.38378,2770367496.9621367,59067.684463184356,11460772083.72314,145064289401.8146,5.43034553700303,63584259745.760544,2770599023.1316924,59061.94188748811
2159,0.0010795000000000002,63594956922.95604,891180228.5471174,59067.90836675526,11108544186.087112,144666658076.4527,5.4174639511484495,63601772237.17295,891457004.7439734,59061.94188748811
2160,0.0010800000000000002,63557002257.97286,-986529596.5805407,59067.70370520974,11025340079.500418,144221652307.4473,5.407553026030657,63563822509.451965,-986360996.5147128,59061.94188748811
2161,0.0010805000000000003,63463673359.165924,-2861151819.896159,59067.232724746376,11208612509.569387,143727978580.6424,5.4005406807529175,63470531259.971985,-2861127818.4948463,59061.94188748811
2162,0.0010810000000000001,63315128442.99965,-4730940731.619059,59066.04991421859,11657215180.099468,143184433298.47046,5.396367418710484,63321954579.1856,-4731231122.29631,59061.94188748811
2163,0.0010815000000000002,63111533160.64828,-6594763084.616134,59066.30599783279,12371319871.169147,142589876268.17178,5.394985480633328,63118370391.06211,-6595028307.883388,59061.94188748811
2164,0.0010820000000000003,62853135412.818474,-8450706826.402569,59066.58374343111,13352444833.37734,141943155562.56247,5.396358683713359,62860007594.73535,-8450938546.471073,59061.94188748811
2165,0.0010825000000000001,62540206335.37865,-10297269501.874048,59067.33260032557,14603368157.635736,141243136705.39883,5.400461937506444,62547115259.74497,-10297394266.644907,59061.94188748811
2166,0.0010830000000000002,62173093153.080025,-12132724303.334648,59067.95629736872,16128169491.345924,140488661255.5436,5.407281119721741,62180037291.63079,-12132762154.028517,59061.94188748811
2167,0.0010835,61752128480.44421,-13955723468.456366,59069.495626902644,17932211620.133648,139678567562.58948,5.416812742218009,61759162542.17734,-13955425743.34175,59061.94188748811
2168,0.0010840000000000001,61277841555.80445,-15764182618.94359,59069.665240796756,20022274630.13175,138811614413.06512,5.4290642645702105,61284920734.41729,-15763847343.262058,59061.94188748811
2169,0.0010845000000000004,60750706150.11547,-17556641761.320065,59069.05966139756,22406413406.367985,137886631354.86743,5.444053099371572,60757804087.635506,-17556440766.525375,59061.94188748811
2170,0.0010850000000000002,60171173284.390076,-19331840754.570717,59069.00070601575,25094195668.761665,136902377560.70448,5.461806990776946,60178329938.84534,-19331619799.642456,59061.94188748811
2171,0.0010855000000000003,59539815989.43452,-21088197298.805233,59069.18993421927,28096908250.14386,135857468968.44662,5.482364926376355,59547072562.41864,-21087960683.02716,59061.94188748811
2172,0.0010860000000000002,58857303574.10998,-22824025967.027927,59068.828545320546,31427586993.866936,134750466131.86617,5.50577718754821,58864530213.48913,-22823825171.2522,59061.94188748811
2173,0.0010865000000000002,58124297691.9543,-24537848289.683006,59068.026224456335,35101112638.68897,133579910616.11429,5.532105176878485,58131565192.07378,-24537859128.58081,59061.94188748811
2174,0.0010870000000000003,57341407252.012794,-26228423519.604153,59067.84748416377,39134477415.26267,132344247234.11671,5.561422033044708,57348742296.57674,-26228481705.249027,59061.94188748811
2175,0.0010875000000000001,56509266160.63422,-27894501605.04448,59069.11816453165,43547141745.98614,131041722410.29951,5.593814094970312,56516829797.0977,-27894353891.385796,59061.94188748811
2176,0.0010880000000000002,55628960826.27995,-29533991577.636166,59068.66212696987,48361322331.87048,129670384407.24799,5.629382242839365,55636581280.38414,-29533978567.984585,59061.94188748811
2177,0.0010885000000000003,54701061305.918686,-31146028666.023067,59069.108466890015,53601756343.28866,128228485393.1879,5.668239866854877,54708829319.841675,-31145992541.03996,59061.94188748811
2178,0.0010890000000000001,53726718984.68651,-32728710889.364994,59067.91558508632,59296819518.796036,126713843181.18141,5.710516820215238,53734466378.28718,-32729002373.360897,59061.94188748811
2179,0.0010895000000000002,52706571370.84267,-34281182618.669594,59067.53904603307,65478228004.2516,125124418449.41966,5.756358074877048,52714346302.93215,-34281586077.632164,59061.94188748811
2180,0.00109,51641527328.96868,-35802147740.15686,59068.0124078949,72182288010.49532,123457686845.81416,5.805928291856968,51649412601.74145,-35802538328.937096,59061.94188748811
2181,0.0010905,50532603282.89966,-37290233921.66492,59068.869347671396,79450177958.80885,121710926621.52518,5.859413521503823,50540696021.13171,-37290550587.05982,59061.94188748811
2182,0.0010910000000000004,49380826731.35263,-38744151070.33733,59069.93838905351,87328555734.32602,119881266517.64462,5.917022705093254,49389202912.28417,-38744340614.815285,59061.94188748811
2183,0.0010915000000000002,48187521174.75651,-40162322982.638756,59069.48293087084,95870421864.26007,117965619547.78207,5.978990089370961,48196033909.234566,-40162649022.03431,59061.94188748811
2184,0.0010920000000000003,46953404009.36059,-41544038409.497116,59070.06259206967,105135737774.71083,115960895838.86491,6.045576075894283,46962149291.58097,-41544269220.71261,59061.94188748811
2185,0.0010925000000000002,45679854268.55665,-42887817462.21186,59069.98109079316,115193471275.7936,113863288695.06424,6.11707501157959,45688743712.61455,-42888119513.70866,59061.94188748811
2186,0.0010930000000000002,44367827160.49199,-44192760975.32668,59070.48112571663,126122134745.5623,111668952738.0319,6.1938166605329155,44376962477.36418,-44192997929.36434,59061.94188748811
2187,0.0010935000000000003,43018485110.70703,-45457781933.65876,59071.56744405274,138012082325.80322,109373455950.9332,6.276173526599188,43027993029.79385,-45457913404.37428,59061.94188748811
2188,0.0010940000000000001,41633335848.34046,-46681534754.950356,59071.65151748973,150967294529.51688,106971966729.5067,6.3645667515564766,41643049432.55354,-46681797197.74915,59061.94188748811
2189,0.0010945000000000002,40213482836.285416,-47863154872.90789,59071.6492878881,165107345245.60074,104459513562.35374,6.459470439372019,40223380337.314606,-47863484831.52009,59061.94188748811
2190,0.0010950000000000003,38760074062.308395,-49001769753.877144,59072.18836674165,180570934040.90945,101830445743.46216,6.561422370332107,38770313604.794075,-49002104576.668976,59061.94188748811
2191,0.0010955000000000001,37274652062.9495,-50096235389.1081,59072.087237199215,197519471850.41956,99078449552.34583,6.671035517626574,37285062011.64998,-50096671851.73149,59061.94188748811
2192,0.0010960000000000002,35758296079.45486,-51145850559.16731,59072.577255215445,216140918409.27173,96196888626.54749,6.789007775118994,35769075785.417496,-51146281179.84012,59061.94188748811
2193,0.0010965,34212676206.005684,-52149519307.093925,59072.22411179396,236655852012.97952,93178227409.52435,6.916139690203186,34223667206.662952,-52150155509.42985,59061.94188748811
2194,0.001097,32639156781.94639,-53106454270.43625,59071.259493757636,259323243775.4814,90014609016.61417,7.05334885506652,32650113351.286076,-53107338032.84228,59061.94188748811
2195,0.0010975000000000004,31038656226.168655,-54016188154.08949,59071.722311254984,284449036413.5156,86697441077.37296,7.201692314831428,31049920046.86767,-54017185196.41912,59061.94188748811
2196,0.0010980000000000002,29413091579.178238,-54877664601.16351,59071.47551270391,312397050074.2055,83216968498.00903,7.3623978364674745,29424517334.84817,-54878930990.19416,59061.94188748811
2197,0.0010985000000000003,27763195179.349476,-55690584837.43912,59073.2941804478,343600097616.5285,79563388729.97516,7.536889088116108,27775371399.765804,-55691764888.91486,59061.94188748811
2198,0.0010990000000000002,26091153176.254356,-56453879925.71921,59074.22508533314,378577514926.5751,75725707041.81877,7.726831455973701,26103823871.663956,-56455179366.27111,59061.94188748811
2199,0.0010995000000000002,24397911809.71722,-57167207493.96543,59076.28981088032,417952441911.7195,71693537124.96478,7.934167972187568,24411440946.144142,-57168453123.03827,59061.94188748811
2200,0.0011000000000000003,22685092641.65633,-57829914136.20142,59078.88386405607,462477861187.3841,67456191880.89765,8.161179442907345,22699759392.82848,-57831098316.23301,59061.94188748811
2201,0.0011005000000000001,20955029048.555077,-58441137627.22788,59079.23006297682,513065486633.4259,63004217076.38951,8.41054415313327,20970260745.3851,-58442565026.47864,59061.94188748811
2202,0.0011010000000000002,19208437588.25381,-59000755433.499916,59080.280148030426,570820527208.7988,58331287324.141624,8.685397600313221,19224496498.67114,-59002328061.77223,59061.94188748811
2203,0.0011015000000000003,17446923330.92366,-59508295460.21806,59081.727676978066,637087380639.9088,53434589976.84794,8.989415948020262,17463952629.551964,-59509988353.333984,59061.94188748811
2204,0.0011020000000000001,15671764451.42544,-59963441534.38273,59084.34134743684,713497853585.692,48319107218.45016,9.326880136659215,15690175678.75393,-59965229821.01595,59061.94188748811
2205,0.0011025000000000002,13885306862.607227,-60365605172.02888,59085.64749337005,802024060416.9276,43002473858.72449,9.702716685900944,13904823989.000206,-60367640903.3395,59061.94188748811
2206,0.001103,12088354807.597166,-60714715097.31048,59088.03660815783,905022637242.3241,37523994888.24762,10.122456759246365,12109374644.492388,-60716979620.77823,59061.94188748811
2207,0.0011035,10282997735.982277,-61010380478.65771,59089.932002768124,1025257720226.7335,31955613680.14829,10.59206883781693,10305472466.109,-61012992615.49894,59061.94188748811
2208,0.0011040000000000004,8470951154.994894,-61252387576.97116,59091.043061268494,1165853020244.7737,26421903767.77817,11.117486923971692,8494589780.240315,-61255452154.193,59061.94188748811
2209,0.0011045000000000002,6653163363.471776,-61440720553.679695,59093.23035286567,1330102306825.4297,21127179878.082428,11.703614698795482,6678374599.015657,-61444272016.60366,59061.94188748811
2210,0.0011050000000000003,4831628915.749266,-61575189390.06226,59095.33057632839,1520999004896.5042,16393294155.437706,12.35241744907387,4858409741.729931,-61579281887.51327,59061.94188748811
2211,0.0011055000000000001,3008183992.6688185,-61655712082.273575,59096.75313579619,1740258079612.613,12708315052.620895,13.059530551131031,3036325729.4150033,-61660449069.96654,59061.94188748811
2212,0.0011060000000000002,1184529565.7733712,-61682292912.13844,59097.333544502726,1986538567574.344,10773417486.231302,13.80882979583871,1213665493.6018548,-61687761596.86948,59061.94188748811
2213,0.0011065000000000003,-637511405.8130124,-61655040091.65139,59096.87213446363,2252634488589.1978,11518468959.381098,14.564931389720323,-607978365.8036932,-61661300262.05234,59061.94188748811
2214,0.0011070000000000001,-2455682691.2746344,-61574123812.59073,59094.18720584294,2521911550982.317,16022657414.842688,15.265494655469658,-2426962275.579546,-61581049088.68778,59061.94188748811
2215,0.0011075000000000002,-4268449364.1531863,-61439727304.462425,59089.403746137235,2765617664895.797,25250824847.135067,15.819128324965456,-4241725884.2333465,-61447255377.358246,59061.94188748811
2216,0.0011080000000000003,-6074220310.676349,-61252127604.2846,59082.692471866896,2944645190612.2314,39567230062.051605,16.118782663377612,-6050716639.797097,-61259950673.074684,59061.94188748811
2217,0.0011085000000000001,-7870808617.104784,-61011747928.06274,59073.14319129842,3019547325549.9937,58194688222.34405,16.077296281974174,-7852416124.300771,-61019488510.81307,59061.94188748811
2218,0.0011090000000000002,-9657086727.40281,-60718935347.78581,59061.707011907274,2967316265013.9434,79055554257.53018,15.673270903972718,-9645173862.110884,-60726056416.41913,59061.94188748811
2219,0.0011095,-11432713740.262224,-60373891199.42486,59050.5827187382,2794363013680.017,99359399591.93889,14.973572700413234,-11427427846.714611,-60380109064.144714,59061.94188748811
2220,0.0011100000000000003,-13196050352.33489,-59977030273.39892,59039.5295191048,2534259120417.5615,116671934334.62097,14.107957533221285,-13197688195.14753,-59981918557.928734,59061.94188748811
2221,0.0011105000000000004,-14947586034.838255,-59528289551.60978,59031.95937372644,2231754078854.0547,129697328747.84425,13.21370249482538,-14954455385.006737,-59531819877.8026,59061.94188748811
2222,0.0011110000000000002,-16686071970.569273,-59027909483.2701,59028.136692645174,1925951597198.9075,138343379029.05917,12.391293205232529,-16696181385.284805,-59030340222.49883,59061.94188748811
2223,0.0011115000000000003,-18408853250.090027,-58476572556.41768,59025.888096582516,1642243712478.455,143284031061.31857,11.691672380833667,-18421247624.40498,-58477963966.348,59061.94188748811
2224,0.0011120000000000001,-20115398522.645664,-57874428127.20954,59026.90449560025,1392712109935.5046,145467389360.36478,11.126257943164598,-20128336442.1793,-57875266997.76046,59061.94188748811
2225,0.0011125000000000002,-21802174417.242516,-57222650893.62812,59027.36050499378,1180211625457.0422,145804110812.89075,10.683196874666107,-21815865469.46533,-57222891010.72635,59061.94188748811
2226,0.0011130000000000003,-23468785656.732517,-56521476907.01014,59029.29881063851,1002542970012.3654,145031859196.19516,10.340536414443429,-23482436105.69178,-56521280779.21425,59061.94188748811
2227,0.0011135000000000001,-25112743311.138226,-55771950605.462715,59030.62691817946,855344875885.5244,143698620338.04898,10.074107523278567,-25126645614.417637,-55771168575.36448,59061.94188748811
2228,0.0011140000000000002,-26732954908.13052,-54974664412.52033,59031.99798946395,733752184760.716,142185017833.62247,9.861449441304476,-26746999641.25341,-54973388371.913445,59061.94188748811
2229,0.0011145000000000003,-28328888560.6584,-54129946021.52778,59035.398838856236,633188850102.642,140742236063.41534,9.683357802390994,-28342187900.300304,-54128605283.757904,59061.94188748811
2230,0.001115,-29897813980.058136,-53239208457.645676,59037.61603729559,549675405936.3227,139524825834.38242,9.524282771459918,-29910857177.870506,-53237570976.518295,59061.94188748811
2231,0.0011155000000000002,-31438870015.1756,-52303064792.62407,59039.808502680695,479898136912.10913,138613670908.52594,9.37227941660915,-31451629207.15527,-52301184992.99958,59061.94188748811
2232,0.001116,-32950766757.569817,-51322369272.66841,59042.03137847942,421161209291.4343,138037427433.70935,9.218747484226938,-32963234328.982292,-51320238557.49878,59061.94188748811
2233,0.0011165000000000003,-34432376100.44342,-50297924447.88109,59044.75975282261,371304953436.80804,137786410818.05835,9.05811697853128,-34444402633.684364,-50295604155.439064,59061.94188748811
2234,0.0011170000000000004,-35882255988.712135,-49230775136.06367,59047.420575039694,328616876020.6615,137824441097.36447,8.887486106251833,-35893829452.411,-49228383295.48255,59061.94188748811
2235,0.0011175000000000002,-37299345181.35059,-48121779041.861046,59050.58376226216,291750081358.1487,138098393111.86734,8.706210763307094,-37310316689.49412,-48119442055.80115,59061.94188748811
2236,0.0011180000000000003,-38682125721.573456,-46972171972.50017,59053.0842207667,259650936182.8876,138547215256.35358,8.515433394710154,-38692591646.530396,-46969883394.09808,59061.94188748811
2237,0.0011185000000000001,-40029599236.33676,-45782885967.058655,59055.546238013085,231499002149.19778,139108644256.0296,8.31758160683147,-40039525345.49434,-45780599558.00138,59061.94188748811
2238,0.0011190000000000002,-41340917967.66346,-44554749974.02205,59059.17288894404,206655313508.5538,139725529612.9214,8.115855806060228,-41349991347.81832,-44552769816.56273,59061.94188748811
2239,0.0011195000000000003,-42614368816.2494,-43289392212.83527,59061.306096907334,184620259638.12686,140349839326.8627,7.913756627193026,-42622929829.073685,-43287523459.643745,59061.94188748811
2240,0.0011200000000000001,-43849125742.70411,-41987772113.28969,59063.02722571409,165001143335.89114,140943850203.08704,7.714701246373717,-43857286449.73427,-41985959290.38301,59061.94188748811
2241,0.0011205000000000002,-45044231060.28038,-40650998687.93741,59064.70058637012,147484046675.36575,141481798630.34738,7.521726574617884,-45051919758.29553,-40649299875.120705,59061.94188748811
2242,0.0011210000000000003,-46198803131.780266,-39280146205.62322,59066.938264989876,131813507405.74554,141948823478.5015,7.337305878174177,-46205948173.77186,-39278764234.40759,59061.94188748811
2243,0.0011215,-47311733706.38251,-37876595821.75365,59068.957868612946,117777171330.97672,142339311033.11917,7.163266449824952,-47318369380.69586,-37875565743.92571,59061.94188748811
2244,0.0011220000000000002,-48381845057.98981,-36441933460.905426,59069.28088552645,105195150212.39165,142654477787.06512,7.000792456273255,-48388235054.17496,-36440966918.14534,59061.94188748811
2245,0.0011225,-49408749882.10971,-34976841000.88329,59070.92468586285,93912416335.52689,142900125717.72778,6.850485547312514,-49414690572.915565,-34976220476.32951,59061.94188748811
2246,0.0011230000000000003,-50390992034.522896,-33483451402.006485,59069.96233793212,83792487315.81808,143085391666.61597,6.712451876470261,-50396873487.452065,-33482613880.344635,59061.94188748811
2247,0.0011235000000000004,-51328360403.82842,-31962295538.620132,59070.40247955379,74715434262.51993,143219762455.4152,6.586417947333172,-51334048767.068,-31961565569.674637,59061.94188748811
2248,0.0011240000000000002,-52219877586.35186,-30415019098.652115,59070.75391943363,66573888045.92139,143313148805.31223,6.471831210165011,-52225365336.33384,-30414453225.8674,59061.94188748811
2249,0.0011245000000000003,-53064779478.86875,-28843073376.17754,59070.70869322734,59272563810.40886,143373960978.56665,6.367962352460783,-53070105045.562775,-28842573935.253666,59061.94188748811
2250,0.0011250000000000001,-53862492615.25376,-27247666711.478477,59071.16674397766,52726855474.70759,143408859104.55356,6.273988556229385,-53867577183.92732,-27247313801.690784,59061.94188748811
2251,0.0011255000000000002,-54612230130.86605,-25630489630.703106,59070.85936548578,46861736186.91062,143422690542.2722,6.189057775623704,-54617224402.275055,-25630183739.349934,59061.94188748811
2252,0.0011260000000000003,-55313610143.37857,-23992535505.997322,59071.82725582614,41611291408.371826,143418238011.5877,6.112338485701553,-55318365071.12906,-23992510570.115055,59061.94188748811
2253,0.0011265000000000001,-55965813616.54974,-22335817794.01027,59071.44662423803,36917532499.40466,143396792081.25797,6.043050055163922,-55970488636.63243,-22335783457.495415,59061.94188748811
2254,0.0011270000000000002,-56568499690.12147,-20661429901.75008,59071.524203856345,32730277573.768265,143357916877.77603,5.980485105278088,-56573104269.44042,-20661595228.24278,59061.94188748811
2255,0.0011275000000000002,-57121105019.124466,-18971097829.192093,59070.93592100706,29005900589.96059,143300275519.18042,5.92401646866511,-57125680293.92957,-18971301531.19166,59061.94188748811
2256,0.001128,-57623369507.070404,-17265837073.163376,59071.82978984146,25706981671.782024,143221639048.50107,5.873099744288627,-57627801455.61689,-17266357732.065655,59061.94188748811
2257,0.0011285000000000002,-58074578525.16751,-15548229893.673475,59069.3682042338,22801346498.00898,143119447111.9561,5.827268085207445,-58079084183.19094,-15548359039.424055,59061.94188748811
2258,0.0011290000000000002,-58474739618.130875,-13818705010.869324,59068.66089955849,20262013209.505898,142990563993.59247,5.786128253652649,-58479215341.84546,-13818753916.611626,59061.94188748811
2259,0.0011295000000000003,-58823435982.78271,-12079216590.275148,59067.61952138219,18065819176.695625,142832193540.34225,5.749348284141694,-58827929446.49636,-12079037634.203205,59061.94188748811
2260,0.0011300000000000004,-59120475522.99893,-10331059394.68115,59067.289583611906,16193478284.233902,142641458131.87625,5.7166503103765,-59124938775.2008,-10330805076.12506,59061.94188748811
2261,0.0011305000000000002,-59365640382.083145,-8575802986.434444,59067.42558370572,14628897828.67909,142415707838.99823,5.687801514700676,-59370062867.63479,-8575598541.35104,59061.94188748811
2262,0.0011310000000000003,-59558741658.35568,-6815187401.505092,59067.10505076777,13358857097.732231,142152487765.41837,5.662606732903499,-59563173420.42402,-6814952179.686535,59061.94188748811
2263,0.0011315000000000001,-59699709684.31249,-5050450923.125263,59067.684352461045,12372662522.70824,141849555763.82648,5.640902091176141,-59704073216.21482,-5050361200.384041,59061.94188748811
2264,0.0011320000000000002,-59788432818.37205,-3283584274.585194,59067.13287466458,11661774327.787226,141504948491.29126,5.62254919581366,-59792797174.30476,-3283421285.525725,59061.94188748811
2265,0.0011325000000000003,-59824943696.98402,-1515415063.363032,59068.66166809698,11219642880.349863,141116873325.26505,5.607431251391373,-59829281360.489914,-1515635644.479674,59061.94188748811
2266,0.0011330000000000001,-59809220104.45099,251648880.53997982,59068.296871567254,11041422791.836378,140683768609.36713,5.595449386410634,-59813600252.858246,251400154.04845306,59061.94188748811
2267,0.0011335000000000002,-59741359155.53028,2016685700.863652,59068.93393855313,11123886489.433416,140204176465.09235,5.58652064985221,-59745722032.981255,2016198218.222066,59061.94188748811
2268,0.0011340000000000002,-59621499084.9746,3777360739.0829926,59067.01088096418,11465248019.681938,139676780560.52722,5.580576047011149,-59625934189.06097,3777249562.6323395,59061.94188748811
2269,0.0011345,-59449789616.65359,5532990609.470167,59066.5013776175,12065035262.941084,139100373602.79456,5.577559128182211,-59454197095.76649,5532991169.968097,59061.94188748811
2270,0.0011350000000000002,-59226429950.55668,7281916229.900296,59066.650006355725,12924123515.91755,138473772757.05362,5.577425520720754,-59230790059.65411,7281858167.170161,59061.94188748811
2271,0.0011355000000000002,-58951679808.44791,9022488703.892237,59066.80496250796,14044671779.736153,137795808071.87177,5.580142530183639,-58956064526.94989,9022387925.54907,59061.94188748811
2272,0.0011360000000000003,-58625796570.21082,10753442379.087542,59068.02546398401,15430085767.088678,137065325859.12003,5.585688711688786,-58630307249.64571,10753095422.702711,59061.94188748811
2273,0.0011365000000000004,-58249242708.56965,12472558751.351942,59067.02869373459,17085097435.885456,136281123401.244,5.594054008894195,-58253734246.41471,12472415253.46694,59061.94188748811
2274,0.0011370000000000002,-57822318243.34972,14178923997.89226,59066.59073901333,19015564348.108746,135442108755.09138,5.605238478556334,-57826868762.631584,14178893951.222757,59061.94188748811
2275,0.0011375000000000003,-57345409491.85577,15871197446.245087,59067.23454951541,21228823657.62717,134547046729.47165,5.619253387136993,-57349984256.7198,15871027412.27873,59061.94188748811
2276,0.0011380000000000001,-56819107096.33313,17547440139.812893,59066.70060071312,23733701272.927765,133594618313.9965,5.63612155730906,-56823676222.9995,17547409738.076916,59061.94188748811
2277,0.0011385000000000002,-56243845438.845314,19206534809.72066,59066.58138345781,26540386060.58812,132583581355.84341,5.655876315611458,-56248459894.08658,19206581790.605354,59061.94188748811
2278,0.0011390000000000003,-55620169499.81739,20847068803.69094,59066.89650833311,29660826402.971428,131512531834.47775,5.678562703399828,-55624893599.65428,20847005094.623524,59061.94188748811
2279,0.0011395,-54948764067.993,22467389701.066517,59066.491943924644,33108779504.210274,130379987134.10352,5.7042378040093045,-54953526667.36087,22467443536.690598,59061.94188748811
2280,0.0011400000000000002,-54230192987.50775,24066324944.971725,59066.438735759286,36899853257.729065,129184473393.48357,5.732970370492873,-54235003803.99799,24066425960.387882,59061.94188748811
2281,0.0011405000000000002,-53465120677.43892,25642525126.583282,59066.7951904074,41051931757.120995,127924333388.43352,5.764842281433733,-53470002806.80722,25642579088.97099,59061.94188748811
2282,0.001141,-52654312838.90573,27194531394.62162,59067.00522520092,45585333477.17624,126597797750.61476,5.799949266745366,-52659238859.3003,27194463433.4977,59061.94188748811
2283,0.0011415000000000002,-51798557930.34468,28720968572.459858,59066.84924867826,50523011466.29125,125203034638.0861,5.838401274894742,-51803572292.61344,28720959778.23224,59061.94188748811
2284,0.0011420000000000002,-50898495895.67089,30220826304.242973,59067.75455462821,55890907124.08522,123738105349.07964,5.880323396935728,-50903702955.91797,30220634133.449837,59061.94188748811
2285,0.0011425000000000003,-49955222311.225525,31692358348.097168,59067.36236231442,61718589134.876114,122200763466.21165,5.925858632916526,-49960516192.95444,31692313525.431374,59061.94188748811
2286,0.0011430000000000004,-48969436978.21394,33134625897.365463,59067.3104767246,68039143517.33924,120588883650.54004,5.975166784240843,-48974847919.15962,33134655345.151886,59061.94188748811
2287,0.0011435000000000002,-47942066354.82167,34546367753.48664,59067.385596366454,74890289969.23645,118899951464.80037,6.028428398903594,-47947557296.11847,34546390449.60883,59061.94188748811
2288,0.0011440000000000003,-46874157883.23717,35926242961.200485,59066.84819150012,82314752406.62206,117131281819.91292,6.085846570292037,-46879658242.73093,35926417867.67448,59061.94188748811
2289,0.0011445000000000001,-45766490979.82875,37273359272.964134,59067.14187579273,90360879418.22499,115280072275.63321,6.147648519088621,-45772100728.11368,37273541401.93276,59061.94188748811
2290,0.0011450000000000002,-44620232356.17877,38586366753.305595,59067.10465843839,99083932572.3637,113343060737.13644,6.214090620642302,-44625944983.12085,38586570393.81684,59061.94188748811
2291,0.0011455000000000003,-43436122597.33708,39864512517.52217,59068.62065707155,108546643626.16113,111316895962.46971,6.285460054673196,-43442205965.72765,39864475004.38086,59061.94188748811
2292,0.001146,-42215711828.72217,41106165143.73726,59068.617286322085,118821088153.63438,109197620254.23766,6.362081828304902,-42221929476.24173,41106165902.21306,59061.94188748811
2293,0.0011465000000000002,-40959761012.17736,42310674049.82203,59069.31934065732,129989084595.93881,106981466506.58775,6.444318501742886,-40966201497.92563,42310658102.46804,59061.94188748811
2294,0.0011470000000000002,-39669730683.26494,43476701349.87217,59068.85502929119,142145089919.1116,104663898611.0863,6.532580168571278,-39676216684.97437,43476764853.74072,59061.94188748811
2295,0.0011475,-38346607217.78572,44603467348.28128,59068.374908733764,155397399144.0013,102240321372.45502,6.627327868776467,-38353144668.725555,44603680882.44888,59061.94188748811
2296,0.0011480000000000001,-36991413047.31291,45690179573.68687,59068.718025486785,169871406639.4731,99705469453.3257,6.729084200128208,-36998172789.46555,45690419618.49736,59061.94188748811
2297,0.0011485000000000002,-35605615173.19533,46735715698.89058,59068.54172215135,185712752134.84924,97053430772.57727,6.83844454312733,-35612467283.84794,46736048448.17964,59061.94188748811
2298,0.0011490000000000003,-34190346968.736816,47739308200.87731,59068.45265132806,203090523736.27167,94278053261.9431,6.956085643469755,-34197297138.00833,47739721151.417496,59061.94188748811
2299,0.0011495000000000003,-32746894611.47161,48700115332.47078,59068.354517083324,222202397121.58176,91372493849.99452,7.082780973515898,-32753997044.620213,48700689908.135216,59061.94188748811
2300,0.0011500000000000002,-31276398184.02654,49617448804.02419,59068.89556211862,243280159696.80978,88329345632.1714,7.219417135680044,-31283731970.57082,49617976625.74729,59061.94188748811
2301,0.0011505000000000003,-29779997789.38569,50490647535.31401,59070.67288953616,266596992133.61252,85140454824.28377,7.3670154203822396,-29787956674.527836,50491032063.25093,59061.94188748811
2302,0.0011510000000000001,-28259622005.57626,51318617481.35012,59071.07488140256,292476228948.9118,81796944525.85616,7.5267572186438745,-28267876228.167145,51319073200.57535,59061.94188748811
2303,0.0011515000000000002,-26716228249.843224,52100938015.6898,59071.87978329759,321300846381.8805,78290043216.56873,7.700005971721931,-26724897277.828766,52101353871.96707,59061.94188748811
2304,0.0011520000000000002,-25151617606.23989,52836748985.772446,59071.40081586372,353528140933.2542,74610109264.72052,7.888347360115408,-25160426549.892395,52837353890.44977,59061.94188748811
2305,0.0011525,-23566599928.990032,53525770004.50897,59071.97179031017,389704857321.458,70747758724.22633,8.093625718329728,-23575757842.259335,53526408437.299095,59061.94188748811
2306,0.0011530000000000002,-21962874441.540394,54167296399.20116,59072.37653124827,430489008122.30347,66693212111.2161,8.31800016603581,-21972413106.197166,54168030321.6522,59061.94188748811
2307,0.0011535000000000002,-20341732393.107407,54760878370.34639,59073.08436932444,476673469402.9121,62437935346.50276,8.563996726916683,-20351731173.08577,54761743687.75249,59061.94188748811
2308,0.001154,-18704883192.86922,55305940546.848,59073.123995909984,529216753198.3608,57975262355.60618,8.834573024022724,-18715177000.434956,55306973231.426834,59061.94188748811
2309,0.0011545000000000004,-17053505507.409773,55802171843.93325,59073.46714430871,589278165695.2628,53302537783.06929,9.133181371998115,-17064166789.745646,55803410844.08527,59061.94188748811
2310,0.0011550000000000002,-15388437699.44053,56249379186.72425,59076.02451225995,658259780507.48,48423297634.541374,9.463834556732792,-15400180275.584076,56250626185.53057,59061.94188748811
2311,0.0011555000000000003,-13711877692.328289,56646956290.43792,59078.21672610293,737851482133.7454,43351304500.63989,9.831153914790546,-13724625426.762304,56648234442.01124,59061.94188748811
2312,0.0011560000000000003,-12025524070.189192,56994559680.60075,59079.42417382166,830069461259.7029,38118457339.443855,10.240346040756336,-12039101950.44748,56995993218.97054,59061.94188748811
2313,0.0011565000000000002,-10330508973.153414,57292046663.342255,59080.813889668905,937279757395.4247,32784270393.64403,10.69707275275569,-10344973325.742968,57293673009.769295,59061.94188748811
2314,0.0011570000000000003,-8628590536.961254,57539151547.70021,59081.586219368895,1062176073311.9886,27450587642.599632,11.20710259173314,-8643828761.910408,57541019245.04523,59061.94188748811
2315,0.0011575000000000001,-6920938563.110227,57735791605.154106,59082.74464160043,1207654225557.028,22284431862.636703,11.775537649183203,-6937051174.448158,57737957066.50644,59061.94188748811
2316,0.0011580000000000002,-5208991240.402713,57881857208.89244,59084.44115843282,1376488480177.2874,17548791783.167923,12.405321936940055,-5226142811.348024,57884272959.012985,59061.94188748811
2317,0.0011585000000000002,-3494784439.385452,57977177691.165535,59085.096133809326,1570644498913.4343,13643188402.06165,13.09456730843789,-3512694555.110353,57979983554.39868,59061.94188748811
2318,0.001159,-1779586805.69358,58021794673.48439,59085.51520078317,1790000292481.3113,11147404628.5285,13.832167951345724,-1798196426.1646814,58025063328.68281,59061.94188748811
2319,0.0011595000000000002,-64965425.11285274,58015724549.89847,59085.52491744496,2030250065187.9094,10848215102.527504,14.591449670507878,-84112797.37562093,58019452042.12575,59061.94188748811
2320,0.0011600000000000002,1647124196.8066106,57959119855.46091,59084.47456186411,2280016989760.386,13706332925.5226,15.322755079720494,1628118480.3747964,57963292178.168594,59061.94188748811
2321,0.0011605,3355091862.7573385,57852097486.83645,59082.0575681706,2518034586551.9966,20691066150.289555,15.948697556423992,3336987267.3808002,57856692918.25372,59061.94188748811
2322,0.0011610000000000004,5057090300.244518,57694908241.7819,59077.716331078,2712750207730.381,32421423528.64882,16.36979198405154,5040970203.578091,57699797154.11578,59061.94188748811
2323,0.0011615000000000002,6751859887.90125,57487796278.98,59071.98668074369,2827782217382.843,48671373341.84115,16.488913559947928,6738589668.050128,57492726183.16566,59061.94188748811
2324,0.0011620000000000003,8437974763.035407,57231067868.63051,59065.06169438641,2834432037031.362,68031351087.261086,16.252443081223312,8428357342.901012,57235773343.06447,59061.94188748811
2325,0.0011625000000000003,10115194010.983154,56924844975.790535,59059.23002447379,2725640483727.5254,88123574033.91608,15.684991854597822,10108906129.444572,56929224483.20734,59061.94188748811
2326,0.0011630000000000002,11781028064.19975,56569654564.694305,59052.54219048692,2520775123877.0986,106424355082.05179,14.887223364145695,11778620250.38075,56573426426.080574,59061.94188748811
2327,0.0011635000000000003,13434686661.83113,56165765618.36705,59046.17914998584,2256634460478.983,121161078370.7624,13.99385537259246,13436171702.495447,56168672855.559715,59061.94188748811
2328,0.001164,15075254084.697046,55713455186.27436,59041.00827840106,1971968794924.9717,131699305831.19574,13.123342321119182,15080101098.393297,55715454280.56897,59061.94188748811
2329,0.0011645000000000002,16702676148.726835,55212730690.94158,59039.438605476484,1696239958740.7693,138337158233.16714,12.350452273215762,16709049147.054049,55214158393.5855,59061.94188748811
2330,0.0011650000000000002,18313544967.924828,54664574017.38762,59037.660922126524,1446459966843.822,141856589480.9761,11.705915981476428,18321502371.22679,54665326351.89492,59061.94188748811
2331,0.0011655,19907216849.971085,54069268599.89282,59037.075662358984,1229439611896.5625,143141110224.2879,11.189806520224419,19916172761.516594,54069402082.25721,59061.94188748811
2332,0.0011660000000000002,21483014871.39036,53427066514.60336,59039.074050184994,1045543710471.4412,142975237237.44864,10.785872923179145,21491623679.37444,53427060000.90762,59061.94188748811
2333,0.0011665000000000002,23038731003.95706,52738811538.022125,59041.99428331631,891857570021.5466,141974444327.70404,10.471704009322115,23046557383.23397,52738852175.01433,59061.94188748811
2334,0.001167,24571543807.916485,52005773961.45492,59042.651533791235,764231387969.5746,140585389769.2548,10.224476601205026,24579567483.329597,52005444565.45952,59061.94188748811
2335,0.0011675000000000004,26081428865.22288,51228131710.47832,59043.87759905391,658386581907.6321,139114148859.79373,10.02364973605618,26089416753.83023,51227549157.21166,59061.94188748811
2336,0.0011680000000000002,27566260346.138515,50407015577.01937,59043.65355130897,570415924628.3024,137761300187.28198,9.85192376780829,27574789570.989086,50405919950.69776,59061.94188748811
2337,0.0011685000000000003,29026351878.463543,49542390499.47265,59046.02927937689,496967362195.7672,136646089716.97087,9.69544819185977,29034400425.06107,49541300359.79105,59061.94188748811
2338,0.0011690000000000003,30459402181.10187,48635564659.37066,59048.24210486713,435256960271.6274,135829875791.42091,9.543664845431666,30467069357.332417,48634455129.74909,59061.94188748811
2339,0.0011695000000000002,31864661069.45221,47687090427.481544,59051.69579238031,383023544973.6353,135328606146.70311,9.389080089032046,31871460885.850864,47686249287.14325,59061.94188748811
2340,0.0011700000000000002,33239869443.820404,46698494764.32941,59053.02354881786,338452555967.7495,135126943681.69698,9.22695714681638,33246488478.34793,46697524020.22406,59061.94188748811
2341,0.0011705,34584232431.296005,45670506930.72129,59053.33583764704,300103743086.05005,135186534801.0768,9.054989287977415,34590970687.10399,45669258892.62413,59061.94188748811
2342,0.0011710000000000002,35897281524.85787,44603605944.44868,59055.03590428037,266840085617.80655,135456333698.37196,8.872898168642916,35903682110.00073,44602371962.87494,59061.94188748811
2343,0.0011715000000000002,37177304168.431435,43499192743.689674,59055.82775598576,237767682262.95142,135880069284.78293,8.681986440738804,37183631221.40899,43497800121.58562,59061.94188748811
2344,0.001172,38423805978.314735,42357810537.13243,59058.107529808556,212187517549.27435,136400890310.41676,8.484683045603756,38429647803.93018,42356559112.58941,59061.94188748811
2345,0.0011725000000000001,39635172279.82807,41180947730.9008,59059.43475938792,189551420855.4565,136967597136.62305,8.28407292536851,39640785206.77315,41179760241.54394,59061.94188748811
2346,0.0011730000000000002,40810525168.9084,39969570803.96443,59060.41784575674,169429209428.2266,137536537132.5034,8.083485405024078,40815974892.1012,39968384682.244225,59061.94188748811
2347,0.0011735000000000003,41948922609.92778,38724743477.92963,59061.252066947076,151479498799.80637,138074296647.7847,7.886141420938581,41954129227.48399,38723565186.451416,59061.94188748811
2348,0.0011740000000000003,43049454149.64742,37447549594.906624,59062.14480257654,135427648087.09703,138557890041.97925,7.694895287830936,43054446577.43634,37446382271.19873,59061.94188748811
2349,0.0011745000000000002,44111220460.357155,36139115643.55261,59063.197490833605,121048713935.71147,138973996109.7358,7.512073877396909,44115982390.08909,36138039144.980156,59061.94188748811
2350,0.0011750000000000003,45133505981.42089,34800404559.98895,59065.39914418894,108154768434.05089,139317436905.23306,7.3394053967803305,45137824740.41226,34799698772.57856,59061.94188748811
2351,0.0011755000000000003,46115269330.68478,33432823302.473244,59067.60119460936,96585492726.06073,139589448911.50055,7.17801909027938,46119162397.41219,33432582951.534756,59061.94188748811
2352,0.0011760000000000002,47055359368.25347,32038068920.43982,59067.57995958166,86202220989.43822,139795327467.507,7.028501203233302,47059144017.40944,32037837956.166473,59061.94188748811
2353,0.0011765000000000002,47953464460.851295,30616788151.036015,59068.45095887507,76883641466.2774,139942589626.23337,6.890981647320051,47957099384.48788,30616756028.91688,59061.94188748811
2354,0.001177,48808537869.12799,29170710942.34285,59067.956878496785,68521679789.82909,140040340191.38467,6.765225097412079,48812191359.083954,29170622810.1302,59061.94188748811
2355,0.0011775000000000002,49620076808.8961,27700854351.45832,59067.544195917006,61020532697.49586,140097152786.31396,6.650733708900638,49623749231.09896,27700744382.95777,59061.94188748811
2356,0.0011780000000000002,50387649406.88484,26208107904.09516,59069.115694542576,54294585220.30336,140120862033.44806,6.546834700278098,50391032171.30012,26208315552.526783,59061.94188748811
2357,0.0011785,51110185129.00811,24694600559.128086,59068.75624985654,48267401406.387115,140118000223.59195,6.452756055968196,51113515539.2177,24694816083.237995,59061.94188748811
2358,0.0011790000000000001,51787237780.121445,23161486727.88746,59067.589762459764,42871776907.52829,140092881006.0052,6.367693566451676,51790612526.466774,23161582358.13658,59061.94188748811
2359,0.0011795000000000002,52418349396.3503,21609986353.68795,59066.357820270525,38048255278.74064,140048329465.93686,6.290854279535947,52421786445.88977,21609859830.38357,59061.94188748811
2360,0.0011800000000000003,53003092963.64676,20041305115.465027,59065.825784249566,33744571399.547207,139985695978.15802,6.22148770243236,53006482806.394066,20041080567.406406,59061.94188748811
2361,0.0011805000000000003,53541049858.973465,18456687838.935055,59066.535879174706,29915062413.711624,139905039772.25705,6.158905635962833,53544306670.656006,18456585497.614227,59061.94188748811
2362,0.0011810000000000002,54031650732.59922,16857925538.990534,59066.58130590125,26520115851.705147,139805351482.75085,6.102492857381308,54034853500.15372,16857854072.037033,59061.94188748811
2363,0.0011815000000000003,54474562893.97613,15246334091.84676,59066.46988589247,23525793199.366985,139684667395.34375,6.051711847752957,54477710025.43605,15246254291.63637,59061.94188748811
2364,0.0011820000000000003,54869535215.50776,13623038329.916822,59067.528396238515,20903005173.801838,139540579567.36243,6.006099760397785,54872613802.04908,13623221811.319115,59061.94188748811
2365,0.0011825000000000002,55216080585.48153,11990220271.093357,59066.274575217925,18626939806.048054,139370474182.3657,5.965262171642294,55219232876.550186,11990171262.4953,59061.94188748811
2366,0.0011830000000000002,55514158173.03089,10348513843.799166,59066.54640517851,16676863546.243103,139171448314.52786,5.928867430276284,55517319951.82396,10348564836.650396,59061.94188748811
2367,0.0011835000000000003,55763488292.43114,8699636610.96627,59066.928793152794,15035198405.240385,138940874226.46426,5.896636264720508,55766632120.065285,8699853740.774197,59061.94188748811
2368,0.0011840000000000002,55963870701.87186,7045293896.843564,59066.264578933784,13687453865.76167,138676155198.9151,5.868334912088326,55966954851.22694,7045411082.799385,59061.94188748811
2369,0.0011845000000000002,56115207212.24905,5386937857.160305,59064.67364205051,12621802202.39949,138374855311.74915,5.843767988431303,56118359320.457985,5386761895.566407,59061.94188748811
2370,0.001185,56217480659.89527,3725540598.4882812,59064.38386289269,11828696416.09162,138034788886.8483,5.822771704844653,56220593723.30394,3725309350.1644077,59061.94188748811
2371,0.0011855000000000001,56270626974.22317,2062727485.9716637,59064.466297244675,11300588574.608713,137654032646.97943,5.805208154375956,56273724779.75778,2062493560.5028849,59061.94188748811
2372,0.0011860000000000002,56274648235.8532,400006897.22874284,59064.62295476545,11031808959.55866,137230811700.5511,5.790961549174755,56277778305.366,399783156.9812508,59061.94188748811
2373,0.0011865000000000003,56229596423.865166,-1261085598.2242408,59064.46438678496,11018353601.15205,136763513913.72137,5.779934965986077,56232708564.79911,-1261366376.70864,59061.94188748811
2374,0.0011870000000000003,56135568549.714554,-2919225382.4790993,59064.56970368617,11257729131.822481,136250672044.61574,5.772047803011453,56138651896.99634,-2919506868.1608815,59061.94188748811
2375,0.0011875000000000002,55992697476.755226,-4572976396.322312,59064.93528710442,11748848139.611387,135690931930.96123,5.767233944031557,55995770368.55923,-4573176792.681869,59061.94188748811
2376,0.0011880000000000003,55801167352.8835,-6220808708.486277,59065.115545210756,12491956319.21893,135083015523.19136,5.76544052431694,55804230696.81104,-6220968182.431753,59061.94188748811
2377,0.0011885000000000003,55561181238.324684,-7861471636.648959,59065.936123661595,13488564583.614613,134425705885.57658,5.766626995560611,55564282320.73109,-7861444170.647587,59061.94188748811
2378,0.0011890000000000002,55273021021.217094,-9493347686.914927,59066.44692404048,14741459830.99456,133717796817.65735,5.770764745894245,55276181063.756134,-9493192748.982712,59061.94188748811
2379,0.0011895000000000002,54937025159.19874,-11114876310.91172,59066.01755191887,16254642187.654652,132958116671.9829,5.777836523808996,54940198029.77568,-11114773716.15136,59061.94188748811
2380,0.0011900000000000003,54553439856.413795,-12725207653.894093,59067.26040835971,18033324578.09327,132145520336.5757,5.787836007041241,54556694128.591156,-12724805969.041203,59061.94188748811
2381,0.0011905000000000002,54122820879.22376,-14322142316.92757,59066.30429891667,20084163852.947395,131278729698.34564,5.800768795704721,54126118795.86358,-14321900092.765066,59061.94188748811
2382,0.0011910000000000002,53645538099.75629,-15904671045.140696,59065.07507728198,22414940034.75027,130356618661.2092,5.816650732852443,53648801080.661514,-15904663759.490576,59061.94188748811
2383,0.0011915,53121975427.443855,-17471733112.176876,59064.995981613305,25034961935.546974,129377927515.82687,5.835509042324412,53125265640.42777,-17471757127.271626,59061.94188748811
2384,0.0011920000000000001,52552705779.22611,-19021733398.39781,59064.797952337794,27955203533.727703,128341247661.00111,5.857383385917569,52555953160.46,-19021834308.067,59061.94188748811
2385,0.0011925000000000002,51938153007.75115,-20553679026.811142,59066.083190498306,31188224869.480347,127245184554.91774,5.882325355245082,51941530396.325935,-20553549241.073776,59061.94188748811
2386,0.0011930000000000003,51279087393.23868,-22065732347.10145,59066.237201114054,34748582102.612854,126088144812.9476,5.9103999906895215,51282510976.360535,-22065579715.573383,59061.94188748811
2387,0.0011935000000000003,50576134143.080765,-23556648320.980522,59065.61302712555,38652592892.40797,124868660139.00443,5.941684314337843,50579564516.92654,-23556603633.163445,59061.94188748811
2388,0.0011940000000000002,49830066667.91881,-25024958868.82508,59063.354196885106,42918805614.40046,123585141480.5187,5.976268444333762,49833321966.00482,-25025377291.446598,59061.94188748811
2389,0.0011945000000000002,49041139165.38016,-26470347445.224888,59064.160778840946,47568105226.310745,122235978000.1635,6.014255815060097,49044443885.190155,-26470688675.784298,59061.94188748811
2390,0.0011950000000000003,48210549582.431,-27890631595.31283,59063.097143833395,52624759086.227356,120818961399.47232,6.055768624127852,48213748038.71039,-27891216455.264908,59061.94188748811
2391,0.0011955000000000002,47338631191.019104,-29285411783.91262,59064.34743881798,58115538569.681046,119332280549.69385,6.100943770898456,47341972367.289635,-29285798502.344616,59061.94188748811
2392,0.0011960000000000002,46426453559.48506,-30653003300.703045,59065.220379500926,64071344209.4094,117773496084.02415,6.149938968388264,46429936034.13598,-30653299521.286255,59061.94188748811
2393,0.0011965000000000003,45475009917.176674,-31992029641.96588,59064.65569314372,70526736751.47919,116140329854.64235,6.202931103293973,45478432229.60249,-31992485086.90035,59061.94188748811
2394,0.0011970000000000001,44484798493.26822,-33301926631.312504,59065.70906330046,77520644112.79625,114430454755.65193,6.260117239220985,44488457197.91933,-33302235320.985657,59061.94188748811
2395,0.0011975000000000002,43456999853.2113,-34581175301.636055,59066.119190444224,85097742372.25943,112640925311.64188,6.321721133744798,43460758641.33914,-34581449207.56627,59061.94188748811
2396,0.001198,42392456247.46828,-35828832334.76158,59066.66423312768,93308355822.75737,110768892742.21884,6.387992768546977,42396422419.75972,-35828979330.5067,59061.94188748811
2397,0.0011985000000000001,41292438696.19264,-37043492247.15824,59065.425722615735,102209880424.20653,108811139996.44801,6.459212991341975,41296258099.6504,-37043884684.882225,59061.94188748811
2398,0.0011990000000000004,40157423063.27469,-38224761296.87885,59065.95556535865,111867325223.78839,106764470411.92621,6.535694674280468,40161405889.20326,-38225083618.902695,59061.94188748811
2399,0.0011995000000000003,38988708876.59924,-39371318914.98886,59066.314058983975,122355761684.02464,104624801790.11053,6.617793233923599,38992831800.9614,-39371600098.331154,59061.94188748811
2400,0.0012000000000000003,37787475001.12971,-40482091137.00507,59065.86225670369,133760807203.2007,102388053541.30676,6.705908409720735,37791583731.888824,-40482473150.369286,59061.94188748811
2401,0.0012005000000000002,36554473448.96503,-41556478532.74649,59066.54723967936,146180678932.95706,100049887971.90323,6.800489759766916,36558743611.311356,-41556846062.61306,59061.94188748811
2402,0.0012010000000000002,35291156586.47626,-42593259412.14508,59066.381658395876,159729100154.24234,97605205525.5279,6.902048067285893,35295497059.06315,-42593689723.067726,59061.94188748811
2403,0.0012015000000000003,33998385363.285038,-43591819836.07239,59066.901509867406,174537083557.5012,95048853499.72375,7.011160387029985,34002938067.00355,-43592183681.097565,59061.94188748811
2404,0.0012020000000000002,32677435763.045822,-44551225419.53232,59067.420360649136,190757103479.94214,92374899504.80086,7.1284842808388635,32682168092.179153,-44551539652.4697,59061.94188748811
2405,0.0012025000000000002,31329748402.681427,-45470497991.25322,59066.74738046885,208566590687.12845,89577053386.44232,7.254769185916542,31334431047.765324,-45470944372.34507,59061.94188748811
2406,0.0012030000000000003,29956069287.82578,-46349226394.90923,59067.16733838863,228172595423.12778,86648749084.7627,7.390869425645535,29960931324.528446,-46349616053.74147,59061.94188748811
2407,0.0012035000000000001,28557771510.694508,-47186569339.024414,59067.84923216858,249818875148.9909,83582377617.42651,7.537768479874859,28562908426.011726,-47186901061.60562,59061.94188748811
2408,0.0012040000000000002,27136341731.741688,-47981692756.24692,59067.739366868744,273792480404.2255,80370004094.56201,7.696598927999263,27141596102.292606,-47982175872.75444,59061.94188748811
2409,0.0012045,25692488150.050583,-48734283556.12715,59069.245456034696,300432663774.1249,77003467223.57616,7.868666498461303,25698187968.994003,-48734649175.118904,59061.94188748811
2410,0.0012050000000000001,24228205783.20971,-49443318658.700226,59069.28403885608,330143371195.316,73473662332.95436,8.055488735652684,24234090905.471653,-49443779877.96274,59061.94188748811
2411,0.0012055000000000004,22744690207.193447,-50108317482.200455,59068.501994280785,363405161917.9688,69772100482.14378,8.258823832661962,22750581643.52873,-50108965233.34816,59061.94188748811
2412,0.0012060000000000003,21242559579.65211,-50729088542.45918,59069.62700740628,400793278911.4253,65890312294.7745,8.480717586058718,21248910777.21321,-50729772743.520195,59061.94188748811
2413,0.0012065000000000003,19723362204.069046,-51304999101.461296,59071.566227892545,442999576294.83795,61819901591.40808,8.72356341367025,19730431120.153973,-51305595891.085526,59061.94188748811
2414,0.0012070000000000002,18189037107.439583,-51835342802.87307,59072.10292362254,490856464993.8567,57554498195.83478,8.990155954327761,18196500973.771313,-51835998283.63291,59061.94188748811
2415,0.0012075000000000002,16640377594.134474,-52319942629.9945,59073.367249310286,545365944281.4143,53091514690.28823,9.283744777981903,16648453435.977879,-52320558482.71494,59061.94188748811
2416,0.0012080000000000003,15079287276.4611,-52758232386.09018,59073.46844629425,607735721566.5068,48433246740.07024,9.608100859787081,15087678206.993418,-52758996806.22791,59061.94188748811
2417,0.0012085000000000002,13506672887.803303,-53150050817.19783,59074.0923135353,679414574865.9136,43591536724.1586,9.967551811051354,13515539125.82383,-53150921408.82823,59061.94188748811
2418,0.0012090000000000002,11924376048.462032,-53494972297.27826,59073.72373777185,762129311909.4734,38592210865.41567,10.366988620433212,11933441632.267859,-53496091076.951355,59061.94188748811
2419,0.0012095000000000003,10333045873.98095,-53792955359.48957,59074.78779100992,857906813392.9366,33484223854.676716,10.811768777036784,10342734572.329853,-53794210028.37768,59061.94188748811
2420,0.0012100000000000001,8734766217.226406,-54043606575.88934,59075.02511967556,969067200451.812,28350967809.53435,11.307457081938175,8744836031.94066,-54045073301.0919,59061.94188748811
2421,0.0012105000000000002,7130709736.891191,-54246826273.40791,59075.22136938286,1098140921423.0378,23329629049.769794,11.859218861121013,7141186463.707711,-54248510485.51388,59061.94188748811
2422,0.001211,5522006982.521979,-54402544468.79502,59076.20958794681,1247646990641.3152,18635846981.569775,12.47065238767194,5533115794.972397,-54404426508.03511,59061.94188748811
2423,0.0012115000000000001,3910386312.180942,-54510611241.994385,59076.983463747056,1419610314807.3008,14597371381.998213,13.14167888274442,3922090269.1392517,-54512760883.47165,59061.94188748811
2424,0.0012120000000000004,2297207135.5900893,-54571014933.51547,59077.79247227452,1614644456253.5366,11693060521.44334,13.86501919771885,2309435377.5486355,-54573399170.565056,59061.94188748811
2425,0.0012125000000000003,684087775.0477058,-54583719283.05764,59077.97383357308,1830403482499.7195,10584081319.066446,14.620904313990174,696610955.0578129,-54586392066.12798,59061.94188748811
2426,0.0012130000000000003,-927473240.3524544,-54548820094.39782,59077.54697657257,2059320523056.7083,12108328695.444363,15.370351331568333,-914937741.7010049,-54551825166.00217,59061.94188748811
2427,0.0012135000000000002,-2535882515.2201924,-54466430697.46548,59076.13630572157,2286037641654.057,17183561848.486446,16.049269348144964,-2523797859.753997,-54469615847.60895,59061.94188748811
2428,0.0012140000000000002,-4140098014.220399,-54336659410.85324,59074.45756979444,2485970994361.4014,26556624166.96072,16.568970776175465,-4128603103.368194,-54340048884.186226,59061.94188748811
2429,0.0012145000000000003,-5737890284.421318,-54159816108.59312,59070.993648149655,2627653176311.873,40395174312.32581,16.831131676080958,-5728020290.721752,-54163347525.84974,59061.94188748811
2430,0.0012150000000000002,-7327676029.5087805,-53936212149.5722,59065.47660368771,2681076066412.091,57884532694.4068,16.76072892181417,-7320570191.932557,-53939592191.18981,59061.94188748811
2431,0.0012155000000000002,-8908755310.662836,-53666065868.95745,59059.31605894872,2630069022743.8643,77169842373.28653,16.344481351656338,-8904847557.01911,-53669026862.55891,59061.94188748811
2432,0.0012160000000000003,-10481423910.621319,-53349367623.27694,59055.678345606924,2480993465786.8467,95871432040.14479,15.64709002664298,-10479621553.107746,-53352053308.99928,59061.94188748811
2433,0.0012165000000000001,-12042889265.81072,-52986693803.666725,59051.72544588294,2260436627932.263,111931526143.80269,14.787863561209631,-12043463738.575245,-52988894352.044136,59061.94188748811
2434,0.0012170000000000002,-13592738761.359009,-52578196053.60862,59049.20922577309,2003512687564.6682,124219660780.59814,13.893570128842754,-13594997366.835232,-52580011129.725365,59061.94188748811
2435,0.0012175,-15129479827.521284,-52124273483.58467,59047.76514403749,1741528464158.719,132598168451.37813,13.06000152083931,-15132898363.669064,-52125643891.10867,59061.94188748811
2436,0.0012180000000000003,-16651003155.189274,-51625578223.62103,59045.84677150015,1495660647813.2478,137592016482.29227,12.339241408379314,-16655864734.960539,-51626397567.05676,59061.94188748811
2437,0.0012185000000000004,-18156881035.89514,-51082319017.12245,59045.16961617841,1276766192257.7126,139994699183.7865,11.746719918928669,-18162531076.28953,-51082742545.134926,59061.94188748811
2438,0.0012190000000000002,-19646148577.247036,-50494842679.06389,59046.4062178127,1088170615867.117,140600154726.17355,11.27487472781638,-19651652366.56068,-50495077886.86323,59061.94188748811
2439,0.0012195000000000003,-21116899851.69219,-49863876368.78792,59048.29928502729,928797680830.4379,140075485604.77127,10.905065423786073,-21121871602.213135,-49864140151.17884,59061.94188748811
2440,0.0012200000000000002,-22566215639.24164,-49190708910.7229,59047.23353069183,795504069395.307,138929076892.87885,10.615285287802498,-22571995391.031498,-49190486559.59477,59061.94188748811
2441,0.0012205000000000002,-23995573937.15485,-48474840524.609215,59049.352190477766,684494685528.0767,137523917491.9068,10.3842767587239,-24000752322.193466,-48474761829.3316,59061.94188748811
2442,0.0012210000000000003,-25401645319.280346,-47717855615.32963,59049.6880969128,592044073174.9613,136110330602.60474,10.193293794243663,-25406962609.578,-47717496862.34799,59061.94188748811
2443,0.0012215000000000001,-26784221153.019184,-46920008446.97655,59050.70638366248,514828868124.6339,134847037655.3493,10.026758202602899,-26789381937.487083,-46919519555.74743,59061.94188748811
2444,0.0012220000000000002,-28141411012.790207,-46082417965.6116,59050.460994591034,450020179308.9474,133827461353.58159,9.872295464905395,-28146934244.39864,-46081591402.973145,59061.94188748811
2445,0.0012225000000000003,-29472541935.099133,-45205619604.216,59050.28849932998,395279496572.70935,133094595491.11792,9.72058292070528,-29478309588.180264,-45204434262.89845,59061.94188748811
2446,0.0012230000000000001,-30776811207.92241,-44290208084.43484,59051.25332871561,348705104620.9204,132655407200.26453,9.56509473664879,-30782499303.077892,-44288933837.39437,59061.94188748811
2447,0.0012235000000000002,-32052940547.055733,-43337098999.79515,59052.85555827959,308768139633.53503,132490699551.1876,9.401813443725029,-32058319104.74645,-43335844963.077934,59061.94188748811
2448,0.001224,-33299855199.457764,-42347136299.69773,59055.16330062526,274250384647.64667,132563004138.81519,9.228911104849368,-33304753098.62634,-42346058657.66158,59061.94188748811
2449,0.0012245000000000003,-34515774966.697685,-41321760957.521835,59055.36380657395,244187092011.53198,132824158886.48814,9.046382302034205,-34520715382.93307,-41320477609.504654,59061.94188748811
2450,0.0012250000000000004,-35700555037.77605,-40261257107.24249,59057.000687690546,217818906299.84253,133220898812.79764,8.855646805831515,-35705213942.15125,-40260041340.982956,59061.94188748811
2451,0.0012255000000000002,-36852475268.208725,-39167170076.21179,59056.94383178506,194547297163.6627,133701983688.42345,8.659106439454357,-36857199900.18202,-39165697715.64717,59061.94188748811
2452,0.0012260000000000003,-37971121668.68883,-38040036994.06526,59057.706832127944,173902107851.2249,134220261856.77986,8.459737865307684,-37975736202.33996,-38038409382.521614,59061.94188748811
2453,0.0012265000000000002,-39055897729.52593,-36880508417.07152,59061.03413714766,155510690940.92172,134736959475.5233,8.260704293838105,-39059826689.32742,-36879351848.82193,59061.94188748811
2454,0.0012270000000000002,-40105140098.15371,-35690331713.35816,59063.06176390241,139074944167.41684,135222617179.39502,8.065041954894676,-40108625093.148026,-35689440465.68918,59061.94188748811
2455,0.0012275000000000003,-41117754421.93762,-34470869834.5659,59062.51375077381,124354578567.6642,135656112263.67888,7.8754436435064346,-41121261850.23775,-34469746833.19446,59061.94188748811
2456,0.0012280000000000001,-42093843862.17197,-33222183527.967648,59064.85242420814,111152038442.8274,136024843076.2999,7.694115483660741,-42096877291.97778,-33221480298.006298,59061.94188748811
2457,0.0012285000000000002,-43031793510.133575,-31946310502.458645,59065.1874036402,99300164011.68062,136324604397.52567,7.5226998468425315,-43034675741.987785,-31945637210.559353,59061.94188748811
2458,0.0012290000000000003,-43931065346.50255,-30644147602.963497,59064.99436723226,88657015642.00964,136555814967.31404,7.362288830450945,-43933913259.10221,-30643450504.175423,59061.94188748811
2459,0.0012295000000000001,-44791162425.1299,-29316527751.343506,59065.94844667287,79098888930.38925,136723190890.19304,7.21346615727999,-44793789675.3619,-29316062083.339508,59061.94188748811
2460,0.0012300000000000002,-45611254833.7926,-27964783222.697193,59067.190236149734,70516568618.8891,136834026557.84776,7.076380225259509,-45613602403.97914,-27964580486.924965,59061.94188748811
2461,0.0012305,-46390349115.671074,-26590645792.847683,59066.183559633515,62813289215.678696,136896391321.27486,6.950835470962121,-46392783715.1249,-26590313739.513504,59061.94188748811
2462,0.0012310000000000003,-47128190670.62356,-25194761683.10239,59065.964815653075,55903211738.56202,136917965488.30629,6.836385364838931,-47130592478.59003,-25194416603.553673,59061.94188748811
2463,0.0012315000000000004,-47824213804.525894,-23778280487.42262,59066.85987406272,49709273688.17842,136906082901.87329,6.732410211015133,-47826457547.14432,-23778129386.458378,59061.94188748811
2464,0.0012320000000000002,-48477620360.723625,-22342904236.167114,59066.64961193693,44162799457.65151,136866763485.38242,6.638189744697314,-48479888595.42906,-22342668981.37176,59061.94188748811
2465,0.0012325000000000003,-49088075065.52674,-20889541857.15236,59067.17317640463,39203119955.28417,136804249389.6334,6.552964200024042,-49090280551.56944,-20889496967.580658,59061.94188748811
2466,0.0012330000000000002,-49654832375.63021,-19420086261.059822,59065.5386191031,34776413426.34478,136721468779.98605,6.475976201150747,-49657148056.85116,-19419734067.081814,59061.94188748811
2467,0.0012335000000000002,-50177766832.04676,-17935109506.765427,59065.38407914492,30835691488.47425,136619649367.65736,6.406504965198972,-50180021087.25736,-17934787925.21322,59061.94188748811
2468,0.0012340000000000003,-50656391495.59893,-16436078457.42278,59065.807524880685,27339541923.370777,136499140014.04742,6.343883005633791,-50658570280.79688,-16435858757.763279,59061.94188748811
2469,0.0012345000000000001,-51090180409.842606,-14924798863.617304,59064.5262607424,24252121444.52396,136359142084.62721,6.287509247787552,-51092428581.62457,-14924333158.37169,59061.94188748811
2470,0.0012350000000000002,-51479037424.57746,-13401888029.92989,59065.02392725953,21542699480.632095,136197941505.37827,6.2368548268571224,-51481241694.74797,-13401554068.365124,59061.94188748811
2471,0.0012355000000000003,-51822490397.38194,-11869309244.33626,59064.237157079704,19184704030.615788,136013554031.11755,6.191459817079501,-51824718768.01843,-11868818873.853296,59061.94188748811
2472,0.0012360000000000001,-52120390370.00096,-10328063713.060814,59063.90606003101,17155744625.772667,135803470237.65353,6.150931231293772,-52122626562.80778,-10327444227.213413,59061.94188748811
2473,0.0012365000000000002,-52372558791.58135,-8779302751.657309,59064.89317900045,15436829446.867916,135565160685.38774,6.114935563166112,-52374669316.63,-8778857724.004227,59061.94188748811
2474,0.001237,-52578773431.57133,-7224578791.057729,59066.15313317632,14012065731.056515,135296098531.71979,6.08319165322949,-52580857816.49851,-7224372379.348351,59061.94188748811
2475,0.0012375000000000003,-52738863532.826225,-5665555031.266676,59066.28532327641,12868388912.314465,134993775758.12491,6.055464082423557,-52740926844.79005,-5665433586.022558,59061.94188748811
2476,0.0012380000000000004,-52852774879.917564,-4103453763.1962323,59066.07512144935,11995210239.819143,134655804920.50026,6.031556443029571,-52854778122.72715,-4103345545.4547863,59061.94188748811
2477,0.0012385000000000002,-52920491343.680305,-2539250339.4291406,59067.339768346865,11384056914.451494,134280029753.14966,6.011304639540061,-52922465558.42456,-2539443232.3541846,59061.94188748811
2478,0.0012390000000000003,-52941951220.71007,-975176702.3191801,59065.95861813555,11028362934.488241,133864505537.80818,5.994571476402558,-52943890658.905716,-975135269.8882129,59061.94188748811
2479,0.0012395000000000002,-52917239798.74602,588246915.9850066,59066.09664195944,10923333263.22294,133407419558.49954,5.9812428068393455,-52919218655.30702,588279824.2207124,59061.94188748811
2480,0.0012400000000000002,-52846416500.51141,2149236122.5986805,59065.644470155254,11065707009.948404,132907172079.71866,5.971223679382811,-52848355858.091995,2149286393.9054003,59061.94188748811
2481,0.0012405000000000003,-52729582127.664505,3706878683.9744463,59066.71552765895,11453684240.740726,132362277810.7135,5.96443598001381,-52731532588.14071,3706663197.184227,59061.94188748811
2482,0.0012410000000000001,-52566915911.977135,5259198492.991174,59066.27649255424,12086855143.78028,131771338875.59262,5.960816724786691,-52568882705.0297,5258993758.096067,59061.94188748811
2483,0.0012415000000000002,-52358583515.98213,6805333856.680459,59066.7406197626,12966047560.261147,131133071531.62569,5.960316354826521,-52360590236.478424,6805016384.18536,59061.94188748811
2484,0.0012420000000000003,-52104860570.869354,8343541859.104586,59066.14588759992,14093386075.266613,130446212607.2338,5.96289816636911,-52106829971.87821,8343287486.550041,59061.94188748811
2485,0.0012425000000000001,-51806029872.73648,9872550479.074778,59064.88834730174,15472158558.377245,129709579105.57494,5.968537253433389,-51807998251.93477,9872502177.199509,59061.94188748811
2486,0.0012430000000000002,-51462354938.26018,11391346301.473797,59064.482289865984,17106874195.41947,128922002286.26695,5.977220213513508,-51464282014.60422,11391398837.983551,59061.94188748811
2487,0.0012435000000000002,-51074174608.61756,12898609230.08269,59064.79899914936,19003372914.94997,128082247573.25768,5.988945582442609,-51076138731.40679,12898593918.529982,59061.94188748811
2488,0.0012440000000000003,-50641922431.190186,14392822678.215845,59064.74377038762,21168814264.327747,127189052286.80696,6.00372382005093,-50643892290.221924,14392831135.784945,59061.94188748811
2489,0.0012445000000000004,-50165964616.03835,15872926677.16135,59065.43931596713,23611664074.582756,126241173142.8055,6.021576881261812,-50167982768.11157,15872814695.203463,59061.94188748811
2490,0.0012450000000000002,-49646808659.026886,17337472570.258938,59065.97722463111,26341929381.58938,125237256520.36275,6.042539046299508,-49648913851.105896,17337234752.872158,59061.94188748811
2491,0.0012455000000000003,-49085039698.99862,18784978087.24542,59065.298848262144,29371124779.299747,124175947738.944,6.066656666338272,-49087151541.436356,18784834852.28599,59061.94188748811
2492,0.0012460000000000001,-48481160590.17747,20214352816.47889,59064.25951013577,32712355873.24966,123055906545.49762,6.093987902057849,-48483186525.84011,20214421067.80174,59061.94188748811
2493,0.0012465000000000002,-47835601578.5791,21624728155.89415,59064.63914045493,36380646669.09924,121875656550.09422,6.124603957802986,-47837673313.95869,21624759327.472076,59061.94188748811
2494,0.0012470000000000003,-47149188583.49242,23014374963.03385,59063.726975024336,40393277532.15531,120633482144.66844,6.158591130977832,-47151211494.388405,23014582180.549362,59061.94188748811
2495,0.0012475000000000001,-46422327395.34369,24382636599.982273,59064.29037446458,44769524001.44343,119327811406.89204,6.19604921627143,-46424465715.533485,24382745467.256134,59061.94188748811
2496,0.0012480000000000002,-45655846684.82802,25728012456.073963,59064.52543926203,49531540937.968796,117956696280.50652,6.237095100636684,-45658006654.78106,25728123564.182404,59061.94188748811
2497,0.0012485000000000003,-44850472187.62791,27049345757.966087,59064.41040667622,54704148286.44469,116518249127.35638,6.2818620099183935,-44852608866.69478,27049440493.323597,59061.94188748811
2498,0.0012490000000000001,-44006930339.9671,28345557513.753624,59064.20812891132,60315382772.81655,115010448691.2484,6.33050096890632,-44009047693.908516,28345687841.943943,59061.94188748811
2499,0.0012495000000000002,-43125933356.27837,29615651691.439518,59064.475255978396,66396970121.46365,113431091210.94104,6.383182815290425,-43128051138.36812,29615720477.50045,59061.94188748811
2500,0.0012500000000000002,-42208250430.76068,30858594553.32371,59065.410652876475,72984891683.54663,111777735606.46083,6.440100802641371,-42210595945.443146,30858554847.9535,59061.94188748811
2501,0.0012505000000000003,-41254927683.66946,32073037102.614357,59065.37919561726,80119943469.03958,110047728046.6226,6.501473050820328,-41257321712.54455,32072998191.593033,59061.94188748811
2502,0.0012510000000000004,-40266571111.12716,33258316471.55138,59066.431413344624,87848094724.5434,108238429644.23232,6.567543067071523,-40269195073.63098,33258089441.230835,59061.94188748811
2503,0.0012515000000000002,-39244571955.54312,34412818197.320625,59065.09696849519,96221953121.5802,106346678468.57092,6.638585968030231,-39247089996.55509,34412797177.65325,59061.94188748811
2504,0.0012520000000000003,-38189332083.243546,35536232138.99976,59065.23817525155,105300695272.7582,104369577878.06998,6.714907047857608,-38191958142.67674,35536231895.467384,59061.94188748811
2505,0.0012525000000000001,-37101902384.5316,36627475991.59495,59065.97873741109,115152619015.60829,102303345834.6605,6.796852604380371,-37104648940.23376,36627410551.90686,59061.94188748811
2506,0.0012530000000000002,-35983856885.11224,37685031923.544655,59063.76226615084,125855692298.02983,100144043448.65585,6.884813273998303,-35986273143.397095,37685327106.39508,59061.94188748811
2507,0.0012535000000000003,-34835323112.22213,38708928558.40188,59064.15047386825,137498470337.40616,97887998989.87381,6.979224113688922,-34837828678.73648,38709173842.88251,59061.94188748811
2508,0.0012540000000000001,-33657909488.6803,39697737758.829666,59063.536092458584,150184138083.38968,95530188101.18709,7.0805824252847565,-33660324475.277367,39698118600.96013,59061.94188748811
2509,0.0012545000000000002,-32452058059.26425,40651179666.552,59065.332588371995,164030889526.93997,93065864264.42123,7.189448828690889,-32454867463.135303,40651315392.425766,59061.94188748811
2510,0.0012550000000000003,-31219648737.194473,41567772456.04696,59065.06990948788,179176494273.82346,90489205674.36127,7.306464459897682,-31222453211.7791,41568000291.40758,59061.94188748811
2511,0.0012555,-29961083422.749207,42447331025.08471,59066.5471715428,195779777737.73495,87794827218.648,7.432353374106138,-29964268521.972622,42447327500.49287,59061.94188748811
2512,0.0012560000000000002,-28677959288.8612,43288756803.25765,59067.23223315193,214026997992.29803,84976086910.93724,7.567946010109446,-28681336228.873924,43288694266.65457,59061.94188748811
2513,0.0012565000000000002,-27371343816.856632,44091429250.24815,59067.62502432302,234135390998.92865,82026404260.29141,7.714190369021107,-27374912328.182365,44091362625.41702,59061.94188748811
2514,0.0012570000000000003,-26042433467.976173,44854680482.75061,59067.6426730715,256360251309.0583,78938616802.32405,7.87217430683858,-26046101210.35938,44854698429.94415,59061.94188748811
2515,0.0012575000000000004,-24692411190.89449,45577900188.09233,59067.35627823433,281002555587.0557,75705159279.48756,8.043150187212909,-24696119831.75607,45577997730.588,59061.94188748811
2516,0.0012580000000000002,-23322144389.399155,46260691106.593185,59068.19830681553,308418542904.9674,72318129992.73593,8.228564583693633,-23326130973.460358,46260722328.21341,59061.94188748811
2517,0.0012585000000000003,-21933040213.724342,46902379791.74989,59069.22073357364,339031993794.7838,68769154512.68115,8.430097065129166,-21937413452.327885,46902327687.819626,59061.94188748811
2518,0.0012590000000000001,-20526653194.923798,47502296916.1721,59069.140064062245,373347832393.32526,65050273559.21948,8.649697946378609,-20531142293.470997,47502241612.3658,59061.94188748811
2519,0.0012595000000000002,-19103878503.648064,48060145955.67685,59069.45859127933,411969240152.6627,61154523784.08304,8.889631464598798,-19108617891.232166,48060127204.07619,59061.94188748811
2520,0.0012600000000000003,-17666304666.929245,48575346880.53755,59068.90560206526,455619704431.3964,57076030078.83268,9.152533556814703,-17671089720.87489,48575453746.406136,59061.94188748811
2521,0.0012605000000000001,-16214944194.236078,49047617117.62143,59068.53691128169,505166878497.78864,52811974325.40531,9.44146380946078,-16219756025.30712,49047838976.09805,59061.94188748811
2522,0.0012610000000000002,-14750772153.164345,49476693898.35163,59069.390826781004,561652099717.3746,48363910110.74183,9.759963963632153,-14755984208.357124,49476941390.09761,59061.94188748811
2523,0.0012615000000000003,-13275814202.521809,49861994448.676834,59068.80266758517,626321899382.4187,43740743657.83621,10.112103842663043,-13281032940.061605,49862354441.80279,59061.94188748811
2524,0.001262,-11791274668.584192,50203296214.52077,59067.2867148477,700656733979.6387,38964203330.75642,10.50248023100043,-11796242332.903093,50203901706.7115,59061.94188748811
2525,0.0012625000000000002,-10297356858.472668,50500658039.08969,59068.532336790064,786394532452.4957,34074722482.80167,10.9361562030037,-10302784616.968351,50501266318.13354,59061.94188748811
2526,0.0012630000000000002,-8796202269.58443,50753612558.574844,59069.56047528868,885532537034.4171,29140783257.091686,11.418471034787531,-8802068101.396093,50754325216.77413,59061.94188748811
2527,0.0012635000000000003,-7289517274.710713,50961911837.212006,59069.182642978514,1000273124482.4509,24275417561.909447,11.954562864841952,-7295429046.891764,50962853208.26251,59061.94188748811
2528,0.0012640000000000004,-5777968145.836892,51125582368.738655,59069.582413371114,1132870988801.2207,19656428148.6263,12.548444832095617,-5784186021.361596,51126653283.891266,59061.94188748811
2529,0.0012645000000000002,-4263029752.2798147,51244492519.53175,59070.232006155355,1285294946837.1316,15553471300.229507,13.201341676719698,-4269568304.7395563,51245630288.058495,59061.94188748811
2530,0.0012650000000000003,-2746218141.1319304,51318552059.49348,59070.51590385039,1458570588903.0046,12362179420.314371,13.908866191089134,-2752963049.072921,51319809884.7543,59061.94188748811
2531,0.0012655000000000001,-1228774237.0081165,51347792548.967766,59070.84821536131,1651644747216.0679,10635687379.477922,14.656663812527254,-1235751782.7628067,51349159906.373764,59061.94188748811
2532,0.0012660000000000002,287919410.92087644,51332186502.8255,59070.81825014925,1859653969410.7083,11094343980.598341,15.414539225051772,280770018.148752,51333799597.82298,59061.94188748811
2533,0.0012665000000000003,1802325188.1513557,51271872577.89407,59070.24675658702,2071746949596.982,14574724500.405214,16.130336775758895,1795350367.8850253,51273669725.76831,59061.94188748811
2534,0.0012670000000000001,3313052551.052958,51166964897.444534,59068.93829902165,2269293865440.383,21862893098.713486,16.727386472000795,3306564438.3352814,51168890405.63631,59061.94188748811
2535,0.0012675000000000002,4818576215.222637,51017660221.9124,59066.51519506739,2426330580569.9683,33379610143.353714,17.112216570035987,4813212769.512935,51019581276.12676,59061.94188748811
2536,0.0012680000000000002,6318242233.690941,50824079889.37978,59064.33937244228,2514494994953.1504,48791272817.2476,17.198443378783722,6313896252.607222,50826016956.93155,59061.94188748811
2537,0.0012685,7810511999.07732,50586487968.06435,59061.94538858052,2512649444026.284,66789366424.79792,16.942653582585493,7807424275.82577,50588342716.419075,59061.94188748811
2538,0.0012690000000000004,9295529637.130816,50304871033.93266,59062.17301434148,2416699431904.6626,85315602574.23605,16.372004930164646,9292391517.605377,50306805146.55794,59061.94188748811
2539,0.0012695000000000002,10768779023.75506,49980154028.96047,59058.55237649343,2242413492051.8027,102232125697.75365,15.580094459242238,10767509566.142416,49981761640.182686,59061.94188748811
2540,0.0012700000000000003,12232853338.17125,49611861324.903015,59058.82282904598,2018648410120.66,116018150055.52217,14.6907411703366,12231639577.696363,49613543763.818794,59061.94188748811
2541,0.0012705000000000004,13683070331.626038,49201155029.63439,59056.10959125412,1776042631268.8196,126089152594.86688,13.8147957736478,13683358529.427668,49202451782.94084,59061.94188748811
2542,0.0012710000000000002,15119877914.64422,48748055461.77478,59053.84723013015,1538613837116.6995,132639922635.26416,13.025528923664691,15121448844.806839,48748905325.85915,59061.94188748811
2543,0.0012715000000000003,16541991515.661861,48253008401.126045,59051.912467338814,1320970949881.0767,136303454201.74031,12.356468237619298,16544723459.137682,48253389891.40643,59061.94188748811
2544,0.0012720000000000001,17949201775.84279,47716115371.91166,59052.38844531723,1129621455549.6943,137835337973.1776,11.811894882175801,17951988747.767464,47716427528.79521,59061.94188748811
2545,0.0012725000000000002,19338927442.996094,47138325677.759254,59052.379983835955,965670875729.8799,137931343651.8405,11.379353530272967,19341985579.436802,47138464584.56429,59061.94188748811
2546,0.0012730000000000003,20709647706.230263,46520350704.63142,59051.13399774003,827283465034.9198,137152013157.21507,11.039198667945415,20713435453.092205,46520092174.59787,59061.94188748811
2547,0.0012735000000000001,22061833841.647694,45862081855.11963,59052.43523434111,711357903150.7655,135916755077.3314,10.770317845779532,22065292085.751965,45861824377.10165,59061.94188748811
2548,0.0012740000000000002,23392554168.09338,45164894483.006714,59052.05664194393,614491461000.2065,134524876491.86124,10.553004028344839,23396399365.094067,45164351079.54405,59061.94188748811
2549,0.0012745000000000002,24702045925.630543,44428796132.1357,59053.482881537304,533473444396.7975,133176608052.03403,10.370214672524666,24705541240.998573,44428263699.44542,59061.94188748811
2550,0.001275,25988165511.13514,43654969095.20576,59053.98730920773,465477535790.1465,132000094740.39162,10.2079025828013,25991615525.279404,43654328728.94188,59061.94188748811
2551,0.0012755000000000004,27249955920.848213,42844086463.874886,59053.900616085855,408116427229.271,131066732905.49934,10.05500884547829,27253597118.64601,42843203173.80108,59061.94188748811
2552,0.0012760000000000002,28486874355.838917,41996586779.73185,59054.86770772151,359418933145.4093,130406770521.0028,9.903277866076872,28490336043.61517,41995723015.02929,59061.94188748811
2553,0.0012765000000000003,29697744174.589134,41113294926.1049,59056.54513377823,317780676906.861,130020381673.4884,9.747011811537508,29700840143.511616,41112531252.91153,59061.94188748811
2554,0.0012770000000000004,30881080300.193863,40195321698.95035,59057.30437866904,281909948616.2425,129885460213.09726,9.582804294109918,30884112518.95045,40194549675.755554,59061.94188748811
2555,0.0012775000000000002,32036473738.57384,39243091316.11239,59059.38707616596,250775256742.9623,129964625513.11531,9.40924108574778,32039021528.514103,39242567770.07984,59061.94188748811
2556,0.0012780000000000003,33162229866.29399,38258002867.6322,59059.88495559642,223556058035.02463,130212732249.46805,9.226544805806512,33164687550.010326,38257476229.72162,59061.94188748811
2557,0.0012785000000000001,34257777546.86029,37240686022.70982,59060.36130391761,199603907213.01804,130580737629.88072,9.036208977778163,34260137557.292027,37240124907.70605,59061.94188748811
2558,0.0012790000000000002,35322228776.49489,36192035052.90331,59060.968166807055,178405856676.60767,131021558195.75638,8.840597922437125,35324434465.968285,36191421196.778534,59061.94188748811
2559,0.0012795000000000003,36354878702.7127,35112812691.37158,59062.652195720984,159555838845.98453,131492955568.93344,8.642566681366525,36356778141.61751,35112421631.67329,59061.94188748811
2560,0.00128,37354673171.07454,34004149356.14402,59064.46847727129,142730434798.0745,131959932912.72575,8.445118679384548,37356136314.937996,34004050347.08998,59061.94188748811
2561,0.0012805000000000002,38320190064.492744,32867681463.137478,59063.13535417648,127670046704.23775,132395413255.39435,8.251130849886403,38321819269.53413,32867275782.848984,59061.94188748811
2562,0.0012810000000000002,39251240055.859924,31703832077.02561,59062.12840315632,114164075203.63109,132780070787.13753,8.063155775969168,39253021842.109634,31703222167.787853,59061.94188748811
2563,0.0012815,40147024552.04773,30513671292.185295,59061.28941078793,102037234136.29735,133103109585.08257,7.883282964595254,40148935185.05914,30512862232.120106,59061.94188748811
2564,0.0012820000000000004,41006972027.095,29298039042.895977,59061.741446893946,91141617226.14793,133360159931.92418,7.713083623351168,41008805291.29019,29297270210.798824,59061.94188748811
2565,0.0012825000000000002,41830337172.1748,28058026394.97411,59063.29603554759,81349965237.8677,133552042580.21884,7.553610017747203,41831934651.435265,28057543465.21968,59061.94188748811
2566,0.0012830000000000003,42616216469.07044,26795039637.424892,59064.32918504821,72551374760.83577,133683003459.18266,7.405439378796105,42617649673.01883,26794743396.16785,59061.94188748811
2567,0.0012835000000000004,43364048588.71888,25510092111.05458,59065.46674205948,64648336005.49656,133759168499.97807,7.268744600539356,43365351082.69757,25510043396.802536,59061.94188748811
2568,0.0012840000000000002,44072987400.353745,24204734947.90881,59064.71658950981,57554086533.20685,133787749898.84224,7.143372325611199,44074322322.748245,24204556875.605713,59061.94188748811
2569,0.0012845000000000003,44742734407.12288,22879698194.592777,59064.422809001524,51191496555.41352,133775760850.85423,7.028926821060432,44744060871.134346,22879500689.23673,59061.94188748811
2570,0.0012850000000000001,45372650287.686676,21536343654.73923,59063.6411793984,45491323784.05338,133729911427.00098,6.924842257535899,45374014338.979546,21535979875.704426,59061.94188748811
2571,0.0012855000000000002,45962489275.46238,20175326575.765167,59065.00889720741,40391935376.32037,133655689661.18358,6.830451044106651,45963719630.56606,20175217313.653942,59061.94188748811
2572,0.0012860000000000003,46511423318.573746,18798595770.121677,59064.70553771252,35838246693.83628,133557515161.10808,6.745036274153955,46512671504.20044,18798420381.51208,59061.94188748811
2573,0.0012865,47019139195.05774,17407151789.37899,59063.983644420216,31781954974.02469,133438014374.217,6.6678788497743815,47020399791.18341,17406869693.540672,59061.94188748811
2574,0.0012870000000000002,47485382037.35298,16001852943.914078,59064.65752052956,28180414097.762844,133298692716.32149,6.598286208492421,47486588493.94579,16001771746.988846,59061.94188748811
2575,0.0012875000000000002,47909686061.04676,14584187653.757072,59065.38115972214,24996167012.593174,133140039060.0062,6.535611863292505,47910850289.73004,14584278519.723583,59061.94188748811
2576,0.0012880000000000003,48291728315.57895,13155401586.465586,59066.16883601526,22196791412.776707,132961444012.72641,6.479269344247379,48292869095.46807,13155684713.143644,59061.94188748811
2577,0.0012885000000000004,48631150947.106804,11717031049.546883,59065.707080273234,19754307585.204285,132761565092.48576,6.42873767318049,48632261106.81578,11717307943.115665,59061.94188748811
2578,0.0012890000000000002,48927868161.71715,10269722185.993843,59067.05596435238,17644817632.937885,132538474887.39325,6.383562437066671,48928900520.59541,10270355415.324306,59061.94188748811
2579,0.0012895000000000003,49181515262.072266,8815373290.374846,59067.05677667509,15847834561.94451,132290081773.81992,6.343351221848296,49182599814.0694,8816119514.758726,59061.94188748811
2580,0.0012900000000000003,49391987927.68153,7354989586.362681,59067.14437415084,14346262253.061892,132013945214.15768,6.307770352309163,49393094285.44912,7355841040.919455,59061.94188748811
2581,0.0012905000000000002,49559121250.80346,5890075049.199487,59066.261164766736,13125776790.963926,131707667458.03766,6.276537723208891,49560271978.600395,5890811897.320128,59061.94188748811
2582,0.0012910000000000003,49682849660.99144,4421796198.651762,59065.06798312541,12174623668.070515,131368869010.58919,6.24941653677286,49684007016.80354,4422344497.121511,59061.94188748811
2583,0.0012915000000000003,49763148513.52972,2951081057.567103,59065.270920977164,11483271207.067286,130995316257.0554,6.226208598165099,49764289819.01414,2951695771.919608,59061.94188748811
2584,0.0012920000000000002,49799952077.508575,1479722214.5838284,59064.32367433023,11044185340.521902,130584939509.3291,6.2067484066945084,49801145242.78143,1480183524.8527496,59061.94188748811
2585,0.0012925000000000002,49793304405.044,8643376.64355176,59064.05201085416,10851691158.669476,130135776046.74008,6.190898616485726,49794531336.15548,9110002.291019822,59061.94188748811
2586,0.001293,49743250329.44793,-1460877768.071495,59064.39930648181,10901735492.398113,129646047734.27728,6.178545535266921,49744475175.65654,-1460315797.3026984,59061.94188748811
2587,0.0012935000000000002,49649883489.296326,-2927313337.431378,59064.1225468597,11191788986.936401,129114104127.3233,6.169595874302664,49651115800.92989,-2926751018.901214,59061.94188748811
2588,0.0012940000000000002,49513344277.822075,-4389413458.153643,59063.410985875984,11720709176.725111,128538425071.9338,6.163974005435262,49514598147.96819,-4388944049.10296,59061.94188748811
2589,0.0012945000000000003,49333779777.222984,-5846200226.27739,59063.69853724667,12488653928.149431,127917605735.6994,6.161619833502782,49335020368.18349,-5845699024.530831,59061.94188748811
2590,0.0012950000000000004,49111408316.39998,-7296186667.62697,59063.81297085915,13497076910.366405,127250293556.39934,6.162487603629903,49112702324.87035,-7295642228.40739,59061.94188748811
2591,0.0012955000000000002,48846482461.340805,-8738074730.286407,59063.57397431774,14748634821.342173,126535209114.25243,6.166544687154331,48847791589.6809,-8737558136.594841,59061.94188748811
2592,0.0012960000000000003,48539315429.58023,-10170478632.628508,59062.35483566491,16247183911.98864,125771118225.2338,6.173770829332741,48540630974.14209,-10170180858.34426,59061.94188748811
2593,0.0012965000000000003,48190165137.65807,-11592507806.806337,59061.93478423895,17997758028.807,124956833306.16843,6.18415750806646,48191454108.45972,-11592319640.049255,59061.94188748811
2594,0.0012970000000000002,47799456642.18268,-13002600671.297333,59060.60650500233,20006733927.635475,124091091755.49448,6.1977085111512755,47800686837.135475,-13002730310.524513,59061.94188748811
2595,0.0012975000000000003,47367338030.723175,-14400444721.638529,59062.87781950651,22281695626.951344,123172690844.36235,6.2144391677759225,47368767922.56336,-14400175597.81791,59061.94188748811
2596,0.0012980000000000003,46894556352.67716,-15783607415.310074,59062.35025692102,24831942890.28492,122200139060.27007,6.234378918917034,46895942726.757416,-15783510812.290754,59061.94188748811
2597,0.0012985000000000002,46381465565.75998,-17151344304.133131,59061.499778699654,27667799467.135178,121172276410.43188,6.257567778661348,46382851347.38995,-17151440272.25638,59061.94188748811
2598,0.0012990000000000002,45828558869.71845,-18502502380.98497,59060.46136990374,30801330682.07553,120087740670.49992,6.284058425522221,45829938540.64183,-18502859675.810623,59061.94188748811
2599,0.0012995,45236142618.393974,-19836465489.6808,59061.985699476936,34246341179.12624,118945093464.24373,6.313916832008001,45237617028.0083,-19836578085.43998,59061.94188748811
2600,0.0013000000000000002,44604998986.775635,-21151490871.40825,59062.798489591216,38018844402.99654,117742592586.47377,6.347224984835195,44606548882.52778,-21151522016.654972,59061.94188748811
2601,0.0013005000000000002,43935703676.43814,-22446516190.605286,59063.28774431976,42136661875.81478,116478679134.97565,6.384078780583173,43937359963.833626,-22446505879.649002,59061.94188748811
2602,0.0013010000000000003,43228896588.503746,-23720421087.602676,59063.41008466015,46619990996.031845,115151661623.62021,6.42458942919928,43230596974.860214,-23720419371.4329,59061.94188748811
2603,0.0013015000000000004,42485460986.845604,-24971734996.079468,59061.179254708615,51491642411.7314,113759741265.61484,6.468884610896244,42486902058.02483,-24972183307.365192,59061.94188748811
2604,0.0013020000000000002,41705576731.34726,-26200326865.360012,59061.72647272578,56777081285.67879,112301204548.04262,6.517107914793909,41707018833.75479,-26200684417.46786,59061.94188748811
2605,0.0013025000000000003,40890282052.42376,-27404568924.37603,59061.71093273432,62505807925.69503,110773629517.71652,6.569426165141805,40891690654.32543,-27405023264.96853,59061.94188748811
2606,0.0013030000000000003,40040095053.35467,-28583796434.011456,59063.11981104242,68710686248.71814,109174829718.14046,6.626026997710457,40041629166.38873,-28584054326.25626,59061.94188748811
2607,0.0013035000000000002,39156280251.784805,-29736300853.488884,59061.94799398584,75429219893.31831,107502201230.5418,6.687123547564531,39157700066.50045,-29736734760.974396,59061.94188748811
2608,0.0013040000000000003,38239064909.28109,-30861936434.086292,59062.99957260094,82703192498.37616,105753471896.93214,6.752951758996417,38240597676.77899,-30862266483.45638,59061.94188748811
2609,0.0013045000000000003,37289471571.01809,-31959462343.248035,59064.493299181304,90580853885.8056,103925501764.69025,6.823780386169421,37291187974.51087,-31959533445.15752,59061.94188748811
2610,0.0013050000000000002,36308472363.86582,-33027814258.36776,59065.60933736824,99116751737.54037,102015177603.869,6.8999115332809025,36310432219.11998,-33027688168.459633,59061.94188748811
2611,0.0013055000000000002,35297028278.89202,-34066025557.84004,59065.97514901807,108372854234.58627,100019253591.83344,6.981683632560693,35299075910.62413,-34065832226.059494,59061.94188748811
2612,0.001306,34255979376.683628,-35073322157.88625,59066.21142144623,118419810595.71338,97934259704.89795,7.069475999569701,34258142018.35152,-35073053147.95083,59061.94188748811
2613,0.0013065000000000002,33186639295.54796,-36048507505.19763,59064.160234291354,129338604407.69254,95756316609.01749,7.163715910874706,33188573017.1403,-36048548336.7163,59061.94188748811
2614,0.0013070000000000002,32089457260.972843,-36991298854.42106,59063.20632470459,141221643132.06042,93481576112.03137,7.264881773598567,32091209960.704647,-36991529240.53498,59061.94188748811
2615,0.0013075000000000003,30965533548.330242,-37900791822.42341,59062.53574210924,154176084811.8296,91105232367.70535,7.3735179135969275,30967186579.94696,-37901163957.63972,59061.94188748811
2616,0.0013080000000000004,29815739941.16197,-38776338318.47809,59062.82998864194,168325508038.6677,88622253327.63712,7.490242153975535,29817459391.164204,-38776752233.90134,59061.94188748811
2617,0.0013085000000000002,28641637434.68119,-39616789454.89656,59061.22031897811,183813309035.25815,86027077684.21921,7.615758451490834,28643063081.44335,-39617471750.61811,59061.94188748811
2618,0.0013090000000000003,27443230492.10966,-40422249187.01571,59063.20845948436,200805387685.12146,83314287597.1274,7.750864146922791,27445065062.434944,-40422695642.9413,59061.94188748811
2619,0.0013095000000000003,26222382478.427853,-41191434175.977715,59064.38225633655,219496937991.28394,80476923535.14423,7.896478860560508,26224464933.052784,-41191719631.81048,59061.94188748811
2620,0.0013100000000000002,24980160604.93875,-41923745911.09991,59064.98382697952,240115315213.49872,77508551594.7938,8.05365249309965,24982396429.201527,-41923990957.117836,59061.94188748811
2621,0.0013105000000000002,23717635767.07156,-42618621749.76405,59065.272343868375,262927743159.64908,74402307974.0231,8.223589175284113,23719991620.733574,-42618863729.164604,59061.94188748811
2622,0.0013110000000000003,22435661111.556187,-43275654799.82008,59066.47122334414,288249459989.726,71150987217.0723,8.407675352821249,22438396116.2474,-43275765534.67575,59061.94188748811
2623,0.0013115000000000002,21135718482.959053,-43894114940.96554,59066.99217889569,316454046918.28546,67746988432.521774,8.607515227550511,21138648695.79946,-43894180062.75802,59061.94188748811
2624,0.0013120000000000002,19818846989.299633,-44473576912.365715,59067.41123501109,347984601272.6433,64183241001.92752,8.824963503989803,19821934134.064842,-44473633235.31109,59061.94188748811
2625,0.0013125,18486212979.78385,-45013582113.5233,59067.74867106901,383369016452.02155,60453124386.77344,9.062170368715993,18489464386.492737,-45013685789.722855,59061.94188748811
2626,0.0013130000000000001,17138950495.02776,-45513725028.90934,59068.19354794096,423237440419.23047,56551294310.009254,9.321629833071427,17142402356.620056,-45513832290.57123,59061.94188748811
2627,0.0013135000000000004,15778579990.887892,-45973486456.19139,59067.49856757501,468343169041.016,52474707355.74022,9.60623210169035,15781942097.070038,-45973673119.480415,59061.94188748811
2628,0.0013140000000000003,14406061388.179127,-46392625103.477875,59066.71222293917,519585907777.5892,48224608282.61105,9.919310357617487,14409330729.56647,-46392953292.178566,59061.94188748811
2629,0.0013145000000000003,13022211871.455648,-46770952412.46898,59067.245827795545,578038822612.5535,43808417585.26906,10.264686137765532,13025702653.174799,-46771351404.66336,59061.94188748811
2630,0.0013150000000000002,11628706395.829548,-47108019906.09519,59067.3383215376,644975167322.3116,39243402362.09114,10.64668940970646,11632291294.676428,-47108419992.27586,59061.94188748811
2631,0.0013155000000000003,10226289708.76982,-47403719091.42527,59068.680113189,721887745435.0479,34563084018.37848,11.070109190554678,10230368583.225025,-47404125609.489075,59061.94188748811
2632,0.0013160000000000003,8816775694.207844,-47657668073.88321,59069.18383778014,810495068973.6989,29824644381.87109,11.540044698006456,8821133245.883774,-47658128032.39759,59061.94188748811
2633,0.0013165000000000002,7401295700.069346,-47869734324.648094,59069.29800784778,912707855387.3735,25121909139.241684,12.061534247559662,7405843588.976009,-47870311199.32674,59061.94188748811
2634,0.0013170000000000002,5980825771.130842,-48039842967.765594,59069.92792784919,1030525007406.5985,20601719887.103626,12.638831863363528,5985741251.042378,-48040452463.54609,59061.94188748811
2635,0.0013175000000000003,4556951035.544842,-48167818337.88469,59069.92100884517,1165794197146.5771,16486896996.645803,13.27408266630204,4562080278.438138,-48168570240.9375,59061.94188748811
2636,0.0013180000000000002,3130662074.2768664,-48253657664.072716,59070.17855115582,1319740302323.3567,13105156842.326803,13.965057027441397,3136072342.130745,-48254540014.04964,59061.94188748811
2637,0.0013185000000000002,1703384829.2623577,-48297283502.76106,59070.01522231274,1492136560033.4326,10918316581.957273,14.701593651778584,1708932463.2725163,-48298344079.25891,59061.94188748811
2638,0.001319,276248259.25807923,-48298768699.61595,59070.031566618076,1679995826915.3347,10540131360.867516,15.460583348926178,281978991.1753827,-48299979380.15,59061.94188748811
2639,0.0013195000000000001,-1149220920.2466185,-48258174518.60477,59069.56148298746,1875807412145.0737,12714174761.974543,16.200148873680597,-1143629906.269356,-48259516263.3116,59061.94188748811
2640,0.0013200000000000004,-2572135554.8547373,-48175523551.61649,59069.18649923026,2065762916195.4429,18208494527.984444,16.855494916813143,-2566573513.258244,-48177040026.90158,59061.94188748811
2641,0.0013205000000000003,-3990945175.9094377,-48050991960.14063,59068.34863784573,2229177178966.6997,27586040984.107002,17.341551778561474,-3985656560.4719753,-48052649857.73481,59061.94188748811
2642,0.0013210000000000003,-5404737763.681277,-47884702612.53373,59067.73103130231,2340980875735.454,40868665189.19173,17.56869830390978,-5399678869.567834,-47886473593.01032,59061.94188748811
2643,0.0013215000000000002,-6810959767.730277,-47677072564.633156,59064.59917467831,2378454671191.2417,57244906273.870926,17.472656947638974,-6807379611.501946,-47678728119.74042,59061.94188748811
2644,0.0013220000000000003,-8210782814.39337,-47427960898.746414,59063.9920877272,2330270735977.943,75072758306.76274,17.04648263020243,-8207473391.295056,-47429627599.64174,59061.94188748811
2645,0.0013225000000000003,-9601460249.729065,-47137880030.046844,59062.63992608767,2202285336797.432,92324473208.63806,16.352065266132485,-9598815249.980654,-47139558797.65835,59061.94188748811
2646,0.0013230000000000002,-10980259513.133238,-46807532673.29773,59057.450583904,2015493275845.2532,107249302919.18292,15.49912879500165,-10980182179.637573,-46808641095.28406,59061.94188748811
2647,0.0013235000000000002,-12349836315.977177,-46436381357.88136,59056.42303458368,1797469787113.1016,118852745135.4149,14.604994608490863,-12350411452.467758,-46437343370.74728,59061.94188748811
2648,0.0013240000000000003,-13707798613.5854,-46024992448.269936,59056.921527758546,1573274355666.7087,126966859446.15767,13.76096758450363,-13708320092.13595,-46025983532.87882,59061.94188748811
2649,0.0013245000000000002,-15051313441.206015,-45574246769.62289,59055.44779067281,1360519009746.268,131994443227.42188,13.019867648438236,-15052716813.818151,-45574975264.23154,59061.94188748811
2650,0.0013250000000000002,-16381083025.938116,-45084011604.8621,59055.957715148696,1168856080514.1348,134594338435.62299,12.400687556620644,-16382366708.548141,-45084709737.6067,59061.94188748811
2651,0.0013255,-17694085194.92617,-44555394567.648766,59054.35631189943,1001826086569.6139,135455890023.89209,11.899893133585477,-17696285705.399384,-44555740389.10823,59061.94188748811
2652,0.0013260000000000001,-18991269162.58289,-43988135291.68101,59055.28790535843,859193425916.5101,135175240620.76036,11.50217271063377,-18993183099.63086,-43988531166.01404,59061.94188748811
2653,0.0013265000000000004,-20269935549.01014,-43383369745.083015,59055.099085272675,738782900575.9642,134223592258.47513,11.18776475766596,-20272107917.43439,-43383599471.22275,59061.94188748811
2654,0.0013270000000000003,-21529462161.079216,-42741490688.38306,59054.90160955252,637681612393.6691,132946766533.04425,10.936712339352113,-21531889004.140003,-42741586256.08335,59061.94188748811
2655,0.0013275000000000003,-22768228826.411964,-42063377937.64264,59053.2582556549,552895602481.5712,131588422126.59183,10.730892127069339,-22771463453.406124,-42062981095.17779,59061.94188748811
2656,0.0013280000000000002,-23986842635.680058,-41348819817.60287,59054.70962312846,481669899532.774,130310991883.34023,10.554830635588566,-23989703219.37368,-41348508891.21919,59061.94188748811
2657,0.0013285000000000003,-25182101595.361923,-40599610954.2751,59053.06009016753,421605076545.6232,129217311228.70604,10.395868297944606,-25185644444.619625,-40598867390.58898,59061.94188748811
2658,0.0013290000000000003,-26354606161.90401,-39815568698.366974,59053.18793020565,370685320696.98083,128361255237.82007,10.244122272766043,-26358248999.524006,-39814644362.50084,59061.94188748811
2659,0.0013295000000000002,-27503263861.063206,-38997412745.963005,59054.92373403374,327244762900.2653,127763972062.91092,10.092270895847605,-27506526460.161533,-38996587612.47239,59061.94188748811
2660,0.0013300000000000002,-28626511006.81527,-38146245833.692055,59056.25650817648,289926580919.24146,127420544782.21005,9.935333962298055,-28629556499.006683,-38145511533.10251,59061.94188748811
2661,0.0013305000000000003,-29723632994.230305,-37262686582.08971,59058.067976145554,257636762640.4223,127306933308.92319,9.770427647453719,-29726298476.860813,-37262079720.30487,59061.94188748811
2662,0.0013310000000000002,-30793086089.093174,-36348009167.94372,59057.827450881305,229498163435.04523,127387272622.95587,9.596470776413884,-30795848127.920006,-36347235546.924324,59061.94188748811
2663,0.0013315000000000002,-31834798587.034477,-35402425792.61105,59059.05185988489,204812316749.84598,127618327365.33571,9.413870659602502,-31837317812.299076,-35401741412.11309,59061.94188748811
2664,0.001332,-32847526203.89084,-34427070503.9406,59060.11062171613,183022867341.38904,127955824984.7776,9.224158798775331,-32849850350.492573,-34426450466.200485,59061.94188748811
2665,0.0013325000000000004,-33830205967.44501,-33423033154.34126,59059.927296003145,163688484237.72742,128356717335.26552,9.02964027037017,-33832511132.35973,-33422322985.56555,59061.94188748811
2666,0.0013330000000000004,-34782206607.17014,-32391073502.72726,59059.438873409505,146458346092.77167,128782369964.91248,8.833051457882336,-34784544731.993645,-32390167172.036522,59061.94188748811
2667,0.0013335000000000003,-35702943217.075424,-31331910811.712547,59059.80470368793,131051445189.93268,129200927255.58788,8.637248934383951,-35705263594.998184,-31330966844.561897,59061.94188748811
2668,0.0013340000000000003,-36591655706.74936,-30246461491.911232,59061.11292038215,117240337173.42294,129588152366.21254,8.444956770309025,-36593799145.1702,-30245674795.148727,59061.94188748811
2669,0.0013345000000000002,-37447627233.74652,-29135639914.857864,59063.555709363245,104838626746.34987,129927205934.4234,8.258585015844064,-37449363030.22041,-29135247872.578438,59061.94188748811
2670,0.0013350000000000002,-38269768710.35967,-28000887544.64613,59064.676066824795,93691042111.7303,130208080953.88182,8.080116166458739,-38271368949.47531,-28000707801.404354,59061.94188748811
2671,0.0013355000000000003,-39057511959.763405,-26843114926.834038,59065.18843086164,83666518899.37918,130426176671.5787,7.911058199947098,-39058941509.88285,-26843016588.621723,59061.94188748811
2672,0.0013360000000000002,-39810158674.88812,-25663454131.145798,59064.68109850575,74651983299.73682,130581682273.89055,7.752440109279686,-39811657252.42111,-25663272563.733574,59061.94188748811
2673,0.0013365000000000002,-40527341597.94951,-24462607714.466564,59065.06868834546,66548646065.70511,130678032669.22507,7.604848113421024,-40528762257.05952,-24462486155.498463,59061.94188748811
2674,0.0013370000000000003,-41208333500.044586,-23241851369.281116,59065.20422304049,59268862165.36379,130720970957.83481,7.468482525970045,-41209723419.04529,-23241772504.182194,59061.94188748811
2675,0.0013375000000000001,-41852694793.6268,-22002077636.670105,59066.09331201158,52734779906.76806,130716992360.7907,7.343232488511966,-41853882732.28028,-22002156603.18055,59061.94188748811
2676,0.0013380000000000002,-42459668967.250404,-20744816977.278294,59065.510433232696,46876688512.57113,130672808380.62303,7.228749295950883,-42460888673.5023,-20744805420.83267,59061.94188748811
2677,0.0013385,-43029104622.00357,-19470545565.534206,59066.81175528151,41632533932.54444,130594347851.37473,7.124519695182056,-43030159971.010345,-19470846564.26974,59061.94188748811
2678,0.0013390000000000003,-43560234553.88365,-18181019456.28504,59066.675390352095,36946499677.48999,130486987438.74852,7.029923818936251,-43561267367.81722,-18181356383.03282,59061.94188748811
2679,0.0013395000000000004,-44052703473.69608,-16877293322.697178,59065.712535868144,32769289933.22086,130354577273.7949,6.944291208640556,-44053790143.26302,-16877508030.318956,59061.94188748811
2680,0.0013400000000000003,-44506183143.60313,-15560414115.69937,59064.54798441782,29057148859.12454,130199864073.1895,6.866940026622568,-44507320223.95835,-15560420965.047356,59061.94188748811
2681,0.0013405000000000003,-44920507355.60627,-14231007220.688791,59065.826968471054,25771451244.02179,130024485136.62138,6.7972066595939395,-44921521253.8186,-14231277484.340712,59061.94188748811
2682,0.0013410000000000002,-45295030211.70865,-12891190799.35784,59064.65940270939,22878168437.60266,129829171888.27568,6.734465362929319,-45296058210.91373,-12891273190.411589,59061.94188748811
2683,0.0013415000000000002,-45629720822.030174,-11541381135.287148,59065.04801057021,20348069818.625683,129613381930.06006,6.678145329432005,-45630782683.801956,-11541603437.68714,59061.94188748811
2684,0.0013420000000000003,-45924230972.19244,-10183080889.281773,59065.28296412102,18155628402.360123,129376152868.07333,6.62773420267594,-45925235901.66608,-10183442435.152508,59061.94188748811
2685,0.0013425000000000002,-46178306657.409225,-8817708521.868635,59064.298789649576,16279081341.767563,129115858074.83838,6.582781478707651,-46179358095.65184,-8817926061.745798,59061.94188748811
2686,0.0013430000000000002,-46391822055.155914,-7446310672.118879,59062.975851569536,14699978486.305376,128830485010.17068,6.542897081603768,-46392924386.71795,-7446307168.295533,59061.94188748811
2687,0.0013435000000000003,-46564702964.95121,-6069689952.9675665,59063.2856439831,13402741580.84226,128517881084.0712,6.507746715318496,-46565785389.290344,-6069815664.928934,59061.94188748811
2688,0.0013440000000000001,-46696767784.988945,-4689491952.393017,59062.91538642766,12374362594.757757,128175859046.75363,6.477046214642032,-46697845423.747986,-4689502560.54285,59061.94188748811
2689,0.0013445000000000002,-46787948999.0438,-3307061608.2770452,59061.28007691245,11604277359.806091,127802143624.9362,6.450556721535133,-46789071010.97563,-3306708018.6505327,59061.94188748811
2690,0.001345,-46838266600.85447,-1923076974.051225,59061.08655147838,11084015490.289598,127394546323.14789,6.42807862938027,-46839378889.30433,-1922611505.6279635,59061.94188748811
2691,0.0013455000000000003,-46847690473.56913,-539155690.8406239,59060.18844787868,10806954716.89908,126951040209.25333,6.409445656939049,-46848774873.67922,-538448433.4662219,59061.94188748811
2692,0.0013460000000000004,-46816269520.935005,844108883.6148667,59061.63895297386,10768218816.91002,126469689986.11304,6.394520397052817,-46817335284.362526,844574398.8864604,59061.94188748811
2693,0.0013465000000000003,-46744053888.015114,2225011354.156743,59062.74595245716,10964506584.069016,125948700157.5318,6.383190126680089,-46745091103.96397,2225290780.891062,59061.94188748811
2694,0.0013470000000000003,-46631169709.26641,3602147575.368262,59062.559315338585,11393974201.75994,125386384727.81255,6.375363515602046,-46632108015.82493,3602494459.8203697,59061.94188748811
2695,0.0013475000000000002,-46477738968.45502,4974800734.2386465,59063.56513647149,12056087532.770496,124781205748.66098,6.370967539809936,-46478647744.76613,4975015248.208002,59061.94188748811
2696,0.0013480000000000002,-46283969225.193306,6341381299.143667,59063.68426408856,12951630223.474403,124131698167.19958,6.36994565226978,-46284852720.34863,6341568724.600304,59061.94188748811
2697,0.0013485000000000003,-46050023701.8242,7701139874.691879,59065.1560259983,14082565790.66847,123436510967.75937,6.372255843550108,-46050962507.263916,7701087136.201249,59061.94188748811
2698,0.0013490000000000002,-45776244522.968094,9052255555.630142,59064.65847883772,15452141544.745695,122694291771.7016,6.377870141001387,-45777199480.279236,9052224477.016644,59061.94188748811
2699,0.0013495000000000002,-45462817999.55573,10394179845.513506,59065.47587865712,17064666696.109377,121903832033.6336,6.386772805907181,-45463801720.25499,10394002587.451359,59061.94188748811
2700,0.0013500000000000003,-45110124410.91495,11725403492.795853,59065.72846355836,18925814131.923122,121063822903.62617,6.398961170664311,-45111106559.23764,11725120573.985804,59061.94188748811
2701,0.0013505000000000001,-44718579628.97967,13044580985.732605,59064.480023546705,21042425049.724285,120173028732.92361,6.414444679918918,-44719481173.77118,13044512380.604757,59061.94188748811
2702,0.0013510000000000002,-44288379622.13172,14351288036.618093,59065.48063199533,23422569665.35481,119230255553.27182,6.433244437953489,-44289351358.74884,14351009686.48484,59061.94188748811
2703,0.0013515,-43820060158.53071,15643935393.160145,59066.15250029558,26075980508.458466,118234062588.71895,6.455395580429372,-43821164185.6099,15643446174.870815,59061.94188748811
2704,0.0013520000000000003,-43314150591.87945,16921216053.682775,59065.520249727255,29013723466.943577,117183112609.59407,6.480945966457281,-43315288106.451164,16920749113.276524,59061.94188748811
2705,0.0013525000000000004,-42770974406.45896,18182490948.554108,59066.06890875785,32248381542.53226,116076086006.74933,6.50995601449229,-42772203805.50298,18181826304.455936,59061.94188748811
2706,0.0013530000000000003,-42191157042.89889,19426379785.095943,59066.133747346306,35794532832.70364,114911410114.15771,6.542501233378808,-42192474249.62553,19425680475.71797,59061.94188748811
2707,0.0013535000000000003,-41575396561.74114,20651520325.07615,59064.183520067054,39668559831.819405,113687563662.45583,6.5786715610036515,-41576562119.52836,20651123885.320232,59061.94188748811
2708,0.0013540000000000002,-40923922512.90089,21857629276.938164,59064.4468306379,43888809269.553764,112403074804.53406,6.618571023399262,-40925175319.13857,21857222397.83588,59061.94188748811
2709,0.0013545000000000002,-40237630384.17052,23043077793.57911,59063.51724258012,48476521040.60544,111055974702.13446,6.662322883616868,-40238753093.29206,23042784580.756847,59061.94188748811
2710,0.0013550000000000003,-39517062810.733696,24207062254.10538,59062.605171753195,53455256334.59683,109644515751.12231,6.710067289520808,-39518095131.119835,24206936843.923584,59061.94188748811
2711,0.0013555000000000002,-38762712357.34271,25348873965.35071,59063.2576599137,58851761148.02005,108166697027.31747,6.761964217618808,-38763819786.679214,25348647448.91991,59061.94188748811
2712,0.0013560000000000002,-37975501870.37633,26467154855.32751,59063.198429645,64696477734.69048,106620201114.34158,6.818196927960901,-37976594743.01213,26466965414.865406,59061.94188748811
2713,0.0013565000000000003,-37156212726.81889,27560897981.225063,59062.140272862714,71023470288.33992,105002822238.65047,6.878971141061965,-37157216379.22299,27560940558.2821,59061.94188748811
2714,0.0013570000000000001,-36305431663.71619,28629426975.708263,59061.57090690976,77871203888.24686,103312217257.67143,6.944517328219052,-36306377685.65672,28629582510.409954,59061.94188748811
2715,0.0013575000000000002,-35423883380.87152,29671893661.01859,59061.77411584453,85283498829.2953,101545656696.36128,7.015095740737239,-35424863640.88332,29672055740.485027,59061.94188748811
2716,0.0013580000000000003,-34512369803.127716,30687399880.155716,59062.59425316175,93310152995.43884,99700162095.56927,7.091000060148221,-34513466951.63923,30687434063.55685,59061.94188748811
2717,0.0013585000000000003,-33571908919.469612,31674864161.26079,59062.63516488016,102007783888.44385,97772546671.34789,7.172561001150923,-33573042539.82836,31674925103.62273,59061.94188748811
2718,0.0013590000000000004,-32603307011.42608,32633526493.854122,59062.357242300815,111440635781.01833,95759578632.2636,7.260148785306319,-32604463828.761185,32633601839.76043,59061.94188748811
2719,0.0013595000000000002,-31607255846.33577,33562774486.42671,59062.96558757506,121682175624.4888,93657674728.58359,7.354179655467547,-31608512562.169785,33562804597.05539,59061.94188748811
2720,0.0013600000000000003,-30584863456.374115,34461615478.66158,59063.04799037257,132816825177.17976,91462754905.29488,7.455124511927266,-30586208474.52791,34461625482.59216,59061.94188748811
2721,0.0013605000000000002,-29536973606.72782,35329381252.41074,59063.14996952581,144941241973.7876,89170654707.94763,7.563513859023304,-29538342673.63809,35329386897.92443,59061.94188748811
2722,0.0013610000000000002,-28464492638.415966,36165380236.22388,59063.468732255795,158166900698.53943,86776765515.72841,7.67994808301205,-28465963625.91195,36165393130.99966,59061.94188748811
2723,0.0013615000000000003,-27368451646.059723,36968861447.99461,59063.60141226913,172622686804.31937,84276077730.66992,7.805108586004526,-27369952790.82642,36968896164.60282,59061.94188748811
2724,0.0013620000000000001,-26249922273.409103,37739100792.875145,59063.12301381093,188457935678.23132,81663279734.55518,7.939769640057708,-26251395057.044785,37739184648.21939,59061.94188748811
2725,0.0013625000000000002,-25109947327.372967,38475451818.57106,59061.93654583053,205846241135.5757,78932760553.38855,8.084812625838612,-25111189569.684048,38475672079.32038,59061.94188748811
2726,0.0013630000000000003,-23949153558.558197,39177583706.51011,59062.059900799046,224990179480.35095,76078560548.03886,8.24124384703651,-23950436449.87075,39177857698.96865,59061.94188748811
2727,0.0013635000000000001,-22768736797.967068,39844796429.464355,59062.52313471369,246127673212.4,73093980126.4983,8.41022067245735,-22770032265.840443,39845103590.87865,59061.94188748811
2728,0.0013640000000000002,-21570125487.8428,40476325931.21702,59061.56126849606,269538164990.07416,69972293037.89883,8.593073760404273,-21571244362.14303,40476787647.159325,59061.94188748811
2729,0.0013645000000000003,-20353746245.79271,41072036236.15031,59062.21970208012,295550618430.42175,66707061299.442215,8.791331813413471,-20354961749.786423,41072417966.06703,59061.94188748811
2730,0.0013650000000000003,-19121077284.271893,41631214223.75301,59062.54235796392,324555268755.01965,63291303719.872284,9.006764657672685,-19122440706.650085,41631596695.93105,59061.94188748811
2731,0.0013655000000000004,-17873118342.226547,42153464205.24952,59062.96890805901,357014484478.5181,59719022356.30128,9.241416595341558,-17874556828.179985,42153862512.87749,59061.94188748811
2732,0.0013660000000000002,-16610982278.00142,42638366732.13201,59063.45305694031,393478189759.7588,55985232609.27237,9.497652062677384,-16612541326.006754,42638726317.62267,59061.94188748811
2733,0.0013665000000000003,-15336006206.052143,43085452580.22877,59063.12129766647,434601141748.1331,52086992277.531784,9.778203044501693,-15337504906.341629,43085879612.23382,59061.94188748811
2734,0.0013670000000000002,-14048998372.29013,43494510296.78657,59063.30729813684,481162549149.8145,48024981091.46541,10.086213662492643,-14050519239.507162,43494933746.22063,59061.94188748811
2735,0.0013675000000000002,-12750855684.046509,43865294289.45179,59064.82611433866,534088936313.0808,43805047839.48504,10.425285043474172,-12752744449.122372,43865616722.14564,59061.94188748811
2736,0.0013680000000000003,-11443323789.132378,44197308303.17085,59065.311052700235,594476537693.4164,39441483117.782295,10.799497142019485,-11445378795.35636,44197624117.51402,59061.94188748811
2737,0.0013685000000000001,-10127291767.059921,44490402360.24008,59065.828816177214,663608614174.468,34962426618.14004,11.213372801936092,-10129602985.208708,44490756330.67375,59061.94188748811
2738,0.0013690000000000002,-8803846973.395449,44744381522.66687,59066.619077005715,742963927584.2999,30415819304.917145,11.671764386512585,-8806432797.03732,44744738152.772865,59061.94188748811
2739,0.0013695000000000003,-7474507782.133813,44958980004.37851,59066.43260668387,834197625905.193,25879509843.900936,12.179570787472962,-7477104547.052025,44959365273.21815,59061.94188748811
2740,0.0013700000000000001,-6140013030.062974,45134166698.70886,59066.82389511784,939068832015.918,21475536461.303406,12.741158789853703,-6142853359.035531,45134572268.06066,59061.94188748811
2741,0.0013705000000000002,-4801852880.586132,45269758966.186516,59066.65324905928,1059272518970.8683,17388502253.341896,13.359312011739087,-4804755131.765375,45270289544.046135,59061.94188748811
2742,0.0013710000000000003,-3460746235.3675737,45365786753.78618,59067.54066852187,1196100708390.563,13890199533.176453,14.033412742812306,-3464007937.273081,45366319783.10269,59061.94188748811
2743,0.0013715000000000003,-2118413695.5733156,45422077986.99081,59067.44887876088,1349838639357.0916,11365778551.06001,14.756548318454783,-2121784688.0475452,45422707894.56119,59061.94188748811
2744,0.0013720000000000004,-775755920.3233995,45438698460.51129,59067.42192091566,1518784824686.528,10334949012.619518,15.511291126792438,-779249920.0073146,45439408919.7994,59061.94188748811
2745,0.0013725000000000002,565947403.8090298,45415704896.31407,59067.30196078666,1697863612082.7954,11447277116.137398,16.264434045821567,562456663.5684141,45416561541.52819,59061.94188748811
2746,0.0013730000000000003,1905733739.7008567,45353110141.44658,59067.364285651965,1877041743940.1392,15419906217.593264,16.962198701446397,1902116478.7585444,45354034123.54428,59061.94188748811
2747,0.0013735000000000002,3242009606.688938,45251082884.700424,59066.78127483434,2040291658930.7097,22877563074.061615,17.529609923268104,3238620354.9072614,45252084857.23355,59061.94188748811
2748,0.0013740000000000002,4574115292.7376585,45109694834.47887,59066.621828024465,2166495685356.9426,34083279531.515747,17.879643179887523,4570715212.652861,45110748902.842354,59061.94188748811
2749,0.0013745000000000003,5901021862.960056,44929084452.49545,59067.15547456718,2233695808829.6626,48639153363.12687,17.935909116849572,5897262980.877086,44930305146.04628,59061.94188748811
2750,0.0013750000000000001,7220434008.561418,44709645510.92935,59065.89726929458,2226381012952.1235,65349329990.61664,17.663596444747515,7217209444.843027,44710870463.92977,59061.94188748811
2751,0.0013755000000000002,8531479522.7643175,44451619161.99576,59063.513497965236,2142358133196.1062,82436360271.98874,17.091313538638097,8529295575.700483,44452618152.12266,59061.94188748811
2752,0.0013760000000000003,9833716826.908453,44155158634.91208,59061.5279807967,1994376249278.4802,98083275046.96759,16.305914067616463,9832507162.408916,44155996380.12126,59061.94188748811
2753,0.0013765000000000001,11126652697.028133,43820393420.02214,59061.25944266495,1805022044245.063,110986312725.04988,15.421149329215764,11125630450.33485,43821194475.126274,59061.94188748811
2754,0.0013770000000000004,12408628868.576794,43447751231.959206,59061.4839596408,1598517264491.3435,120603177218.5549,14.540788457201312,12407529623.43931,43448604787.97579,59061.94188748811
2755,0.0013775000000000003,13677142870.40643,43038020693.73155,59059.17289250432,1394388080783.6475,127050998491.20648,13.736323381551758,13677099597.249273,43038567002.94345,59061.94188748811
2756,0.0013780000000000003,14933217230.576082,42590981584.93356,59058.97914136994,1205104405410.3843,130834739352.9656,13.043593996178723,14933309410.447678,42591507694.20491,59061.94188748811
2757,0.0013785000000000004,16174750439.918098,42107362156.4568,59058.60848897836,1036743003638.9418,132595895814.79756,12.470749777601295,16175076348.42508,42107779791.27482,59061.94188748811
2758,0.0013790000000000002,17400618324.42027,41587657354.13243,59057.919173129354,890903243480.7778,132944956400.3873,12.009068802210468,17401352910.050007,41587889513.647545,59061.94188748811
2759,0.0013795000000000003,18609720741.144573,41032396989.44028,59056.7761687004,766577060891.1145,132391010150.66571,11.6417253997284,18610984471.416233,41032394938.52376,59061.94188748811
2760,0.0013800000000000002,19802066252.14636,40441640870.61028,59057.775918773266,661513324557.3153,131326167878.20364,11.349430571525327,19803028036.158726,40441727676.00043,59061.94188748811
2761,0.0013805000000000002,20975264728.60629,39816539371.31404,59057.42143110992,573053062200.2822,130037703539.7212,11.113492211403871,20976454425.72128,39816495376.32916,59061.94188748811
2762,0.0013810000000000003,22129022221.80825,39157355198.66543,59057.59732382358,498585697317.2501,128724479870.55875,10.91727871052477,22130252600.52217,39157270607.433205,59061.94188748811
2763,0.0013815000000000001,23261982806.65152,38464892349.28587,59057.23595794054,435751714253.3147,127518941996.35446,10.74672570483153,23263420845.28335,38464673779.539795,59061.94188748811
2764,0.0013820000000000002,24373234059.4087,37739782383.47308,59056.453102722,382516357124.24457,126501685211.57779,10.590426347405268,24374980419.590973,37739325405.428955,59061.94188748811
2765,0.0013825000000000003,25462462561.828644,36982307081.386566,59057.35001766253,337171583802.2728,125714534389.408,10.439521383058183,25464025562.996437,36981912709.34759,59061.94188748811
2766,0.0013830000000000001,26527585143.645473,36193891723.74017,59055.87406388425,298306888522.93634,125170723128.98987,10.287507552136583,26529651990.489243,36193109534.63121,59061.94188748811
2767,0.0013835000000000004,27568994875.406254,35374408606.86584,59056.829971278596,264773636873.06747,124860483808.20207,10.130042552649005,27570893737.890118,35373652458.22817,59061.94188748811
2768,0.0013840000000000002,28585414314.837685,34524826762.7919,59058.783651374615,235640598987.89395,124760225729.12141,9.964679991158848,28586991437.300583,34524252265.93289,59061.94188748811
2769,0.0013845000000000003,29575324851.762897,33646424357.79094,59058.897770223295,210159466154.49976,124835702527.42093,9.790609415242612,29576879106.939663,33645772455.486404,59061.94188748811
2770,0.0013850000000000004,30538486242.863255,32739549337.260906,59059.81357373256,187732367723.64444,125046592044.13972,9.60836596131025,30539887210.96569,32738974481.015762,59061.94188748811
2771,0.0013855000000000002,31473785594.265522,31805276379.009182,59060.07136625016,167881311102.56436,125352011173.67076,9.419496429139484,31475170281.990513,31804752467.177937,59061.94188748811
2772,0.0013860000000000003,32380750389.245018,30844168961.658077,59061.27574253989,150225351920.37537,125712610357.27487,9.226237414633042,32381901909.40726,30843800478.31609,59061.94188748811
2773,0.0013865000000000001,33258612908.299572,29857071539.890163,59063.4367542566,134459348259.57251,126093757228.61548,9.031197928191515,33259379317.163017,29857137184.59596,59061.94188748811
2774,0.0013870000000000002,34106121534.48737,28845412835.396122,59063.524581167985,120337707597.57628,126466657322.9219,8.837084437512855,34106789074.98712,28845485541.333427,59061.94188748811
2775,0.0013875000000000003,34922745167.22503,27809970015.367264,59062.50986888973,107661550270.75095,126808602294.44778,8.646483017469002,34923547560.79612,27809861182.579166,59061.94188748811
2776,0.0013880000000000001,35708225474.80701,26751188781.194305,59063.11894908473,96266850965.94815,127103914806.46652,8.461688765169061,35708891895.79299,26751197798.880936,59061.94188748811
2777,0.0013885000000000002,36461585939.862686,25670398804.254986,59063.130260631144,86015749477.25638,127343563460.67102,8.284595996833945,36462287625.38566,25670429838.17731,59061.94188748811
2778,0.0013890000000000003,37182393629.87518,24568321646.720634,59063.91489554369,76791338854.04817,127523326117.59271,8.116656318107085,37182980639.111855,24568459224.075764,59061.94188748811
2779,0.0013895000000000001,37869977504.60848,23446034082.7405,59064.891647932556,68492297381.30931,127643342895.10718,7.95887343359067,37870407891.33049,23446369866.836475,59061.94188748811
2780,0.0013900000000000004,38523676534.67297,22304690877.07957,59065.237115392265,61029936150.662445,127706610687.80946,7.811836339434219,38524048531.2261,22305158654.718525,59061.94188748811
2781,0.0013905000000000002,39142977197.53976,21145301905.722393,59065.06815012055,54325856448.48017,127717914586.90485,7.675773713299595,39143332731.76181,21145790145.540268,59061.94188748811
2782,0.0013910000000000003,39727415583.58235,19968851189.907158,59064.695400616336,48310138346.42331,127683034321.42291,7.550617750135288,39727791994.195145,19969374327.199745,59061.94188748811
2783,0.0013915000000000004,40276450013.10768,18776541961.079407,59063.340419747714,42920173668.33936,127607981662.55263,7.436071204669081,40276945186.17629,18776883780.066948,59061.94188748811
2784,0.0013920000000000002,40789965196.7818,17568766306.555397,59064.51128339501,38099987672.22181,127498306747.07814,7.33167286152232,40790342968.63529,17569358619.401493,59061.94188748811
2785,0.0013925000000000003,41267103522.58013,16347556730.235426,59063.027469586625,33799154510.38092,127359112698.32823,7.236851874658486,41267578729.8259,16347918726.265932,59061.94188748811
2786,0.0013930000000000001,41707817680.598206,15113273071.48167,59062.84901152402,29973282943.575188,127193975589.94083,7.150982632512154,41708297248.35316,15113615560.818981,59061.94188748811
2787,0.0013935000000000002,42111660672.75636,13867239983.213009,59062.64413049438,26582609832.02677,127005785137.95894,7.0734192570183385,42112203403.94111,13867533064.89048,59061.94188748811
2788,0.0013940000000000003,42478306475.605034,12610612410.44804,59062.14065669229,23592185336.990993,126796209944.59923,7.003527225704004,42478909691.690155,12610800071.133755,59061.94188748811
2789,0.0013945000000000001,42807568066.34258,11344198122.40875,59062.873936020296,20971388937.287025,126565922894.63658,6.940704650390855,42808072881.0423,11344548277.775187,59061.94188748811
2790,0.0013950000000000002,43099079938.02457,10069511034.607946,59062.7083637216,18693463722.01771,126314838448.2095,6.884395178849442,43099589991.47807,10069819224.632614,59061.94188748811
2791,0.0013955000000000003,43352677807.71187,8787529309.660713,59062.46080605423,16735422295.878447,126042044382.62326,6.834097225742353,43353225545.38535,8787818998.117464,59061.94188748811
2792,0.001396,43568224916.41825,7499167880.6972,59063.19191550119,15077510721.91588,125746171180.67337,6.78936619681109,43568732816.31161,7499582360.161434,59061.94188748811
2793,0.0013965000000000004,43745487709.264305,6206022574.248045,59062.473744616196,13702918944.918558,125425514751.75305,6.749813734564231,43746063754.24979,6206319413.786308,59061.94188748811
2794,0.0013970000000000002,43884421302.040085,4908900056.872788,59062.09572882401,12597623901.854538,125078045322.83925,6.7151058381122155,43885021579.575584,4909125515.364812,59061.94188748811
2795,0.0013975000000000003,43984934380.62425,3609035488.0278764,59061.523052715675,11749946422.371937,124701695614.72783,6.684957689405239,43985566879.0201,3609158383.740546,59061.94188748811
2796,0.0013980000000000004,44046990644.01067,2307519444.0831385,59061.00578877129,11150403466.555822,124294348934.2935,6.659128860634884,44047656418.746895,2307465835.987834,59061.94188748811
2797,0.0013985000000000002,44070587950.6142,1005268613.5692487,59061.63471127283,10791469178.378347,123853931020.4162,6.637418023479599,44071259261.34291,1005322068.6007006,59061.94188748811
2798,0.0013990000000000003,44055728768.15051,-296302663.43317014,59061.894394651456,10667397798.697205,123378447884.46361,6.619657915990868,44056444714.07936,-296178679.59479064,59061.94188748811
2799,0.0013995000000000004,44002480453.807884,-1595856083.06717,59060.80148958509,10774080844.79215,122865989005.50208,6.605710919329804,44003224157.461174,-1595898166.6026359,59061.94188748811
2800,0.0014000000000000002,43910922021.69624,-2892925773.792485,59061.83824451503,11108869728.964624,122314780712.39876,6.595464773027847,43911696388.81725,-2892698586.0020785,59061.94188748811
2801,0.0014005000000000003,43781191948.29022,-4185768873.6462774,59061.6837334358,11670535136.660692,121723144439.38683,6.588829407045555,43781949508.264015,-4185624796.121013,59061.94188748811
2802,0.0014010000000000001,43613435715.14174,-5473538470.125761,59061.85391428893,12459108036.734829,121089529257.47057,6.585733904365521,43614168499.774765,-5473336472.650769,59061.94188748811
2803,0.0014015000000000002,43407853158.32757,-6755008617.53678,59061.76234612421,13475880894.778912,120412462404.18544,6.586124493078839,43408549195.02888,-6754827971.5667715,59061.94188748811
2804,0.0014020000000000003,43164690496.22229,-8028957642.158697,59060.865645785,14723333796.061594,119690556686.88742,6.5899627908579586,43165308835.2928,-8028937999.778201,59061.94188748811
2805,0.0014025000000000003,42884152333.995605,-9294607692.50991,59060.90218056529,16205101024.019117,118922503211.48677,6.597224431653437,42884765008.12251,-9294547216.71883,59061.94188748811
2806,0.0014030000000000004,42566530421.074684,-10550780939.623322,59061.34877720357,17926087116.040413,118106966809.56212,6.607898953069253,42567133925.49785,-10550684586.049694,59061.94188748811
2807,0.0014035000000000002,42212188257.40569,-11796196995.14549,59061.151378052025,19892408217.058125,117242639074.06964,6.621989187777305,42212822099.237686,-11796174580.852793,59061.94188748811
2808,0.0014040000000000003,41821396174.747314,-13030094032.499722,59061.99495056213,22111380463.679283,116328261598.62247,6.6395105687236216,41822109145.005264,-13029964718.72023,59061.94188748811
2809,0.0014045000000000004,41394629091.219215,-14251068253.248646,59061.99508887602,24591761009.928696,115362469666.62332,6.660492111465601,41395384276.2382,-14250939410.046373,59061.94188748811
2810,0.0014050000000000002,40932225068.71541,-15458319342.183512,59062.54681331899,27343590401.338577,114343976409.37738,6.6849754951593585,40933055384.21505,-15458109841.94968,59061.94188748811
2811,0.0014055000000000003,40434751006.159515,-16650470817.892572,59061.79220362944,30378534935.089314,113271362933.3192,6.713016424868789,40435507430.01129,-16650407579.253654,59061.94188748811
2812,0.0014060000000000003,39902571057.01193,-17826815129.906925,59061.53055536293,33709745748.825733,112143287194.15468,6.744683831856474,39903292191.79785,-17826835718.954967,59061.94188748811
2813,0.0014065000000000002,39336151767.90889,-18986407850.648285,59062.062086025195,37352338884.0681,110958203797.38324,6.780062076070017,39336921870.94962,-18986317260.684135,59061.94188748811
2814,0.0014070000000000003,38736221035.69222,-20127835174.52218,59061.01115023073,41323482675.7072,109714457211.06653,6.819252023966272,38736922152.72771,-20127907011.018734,59061.94188748811
2815,0.0014075000000000001,38103150254.59269,-21250537094.134987,59060.78978006583,45642304754.55504,108410512233.28839,6.862369894420471,38103815188.36597,-21250655374.122154,59061.94188748811
2816,0.0014080000000000002,37437549015.0642,-22353495801.588932,59060.99556026257,50330679467.73963,107044503313.18819,6.909550987050543,37438251282.99511,-22353549320.090042,59061.94188748811
2817,0.0014085000000000002,36740162459.870155,-23435550241.625965,59060.33899913825,55413248502.35191,105614486231.72299,6.960950607594812,36740760771.76835,-23435774209.37471,59061.94188748811
2818,0.0014090000000000003,36011396017.1977,-24496175039.568134,59061.137650729564,60917633015.69005,104118525572.1985,7.01674433610153,36012095839.95965,-24496280597.64614,59061.94188748811
2819,0.0014095000000000004,35252127158.62876,-25534129170.08641,59061.31752102982,66875355331.28744,102554279825.01541,7.07713284064403,35252840683.53054,-25534229915.07608,59061.94188748811
2820,0.0014100000000000002,34462968746.95254,-26548664057.29188,59061.68777654928,73321726804.47066,100919494681.06027,7.14234147846543,34463716727.35071,-26548771679.1262,59061.94188748811
2821,0.0014105000000000003,33644583474.640663,-27538991431.673878,59062.6562726095,80296821846.57138,99211639037.78072,7.2126242578063025,33645494473.42279,-27538933375.356323,59061.94188748811
2822,0.0014110000000000004,32797990054.640705,-28503931742.995186,59062.10372553566,87846131179.46553,97427934811.57335,7.288267618669416,32798855204.45719,-28503973964.859936,59061.94188748811
2823,0.0014115000000000002,31923646909.37538,-29443065826.926243,59062.53644732295,96020905989.30762,95565683177.80684,7.369591122348143,31924565198.743046,-29443030187.105003,59061.94188748811
2824,0.0014120000000000003,31022769829.863773,-30355129967.00823,59060.91926698172,104879911647.27315,93621592916.65384,7.456956035845363,31023481954.663006,-30355392420.333702,59061.94188748811
2825,0.0014125000000000003,30095299987.86084,-31240293114.022705,59063.3202396257,114489538724.05382,91592576120.24965,7.550765509268948,30096401374.157124,-31240223002.33613,59061.94188748811
2826,0.0014130000000000002,29142887728.448254,-32096942342.491302,59063.895321740914,124926963852.68843,89474326714.25323,7.651481301907379,29144120901.27274,-32096827962.692818,59061.94188748811
2827,0.0014135000000000003,28166108979.884243,-32924658141.741432,59064.68423764407,136279426054.22577,87263198541.42776,7.759619817835251,28167501661.148163,-32924386987.10978,59061.94188748811
2828,0.0014140000000000001,27165884190.452724,-33722710498.006298,59065.40579575633,148647627130.61456,84954884607.6181,7.875765003210913,27167496952.800034,-33722347786.32262,59061.94188748811
2829,0.0014145000000000002,26143358166.533043,-34490242199.71492,59064.69704847483,162147598338.56476,82544798321.40375,8.000577883897641,26144904074.890907,-34489992851.258865,59061.94188748811
2830,0.0014150000000000002,25099308648.86943,-35226757956.97269,59063.570595008605,176913147399.99896,80028258248.35904,8.134805775532769,25100708063.75494,-35226688739.64279,59061.94188748811
2831,0.0014155000000000003,24034040642.987816,-35932106899.90495,59065.39186853642,193099716458.45197,77400051464.25075,8.27929887426859,24035773388.563248,-35931814144.72114,59061.94188748811
2832,0.0014160000000000004,22949221148.98835,-36605166737.66197,59066.04035522627,210889210519.20135,74653998714.00655,8.435034463465936,22951136334.925995,-36604818642.02001,59061.94188748811
2833,0.0014165000000000002,21845993206.796368,-37245303789.96291,59064.856047602894,230492964098.49805,71784463058.53545,8.603126186341491,21847762740.234577,-37245180768.04259,59061.94188748811
2834,0.0014170000000000003,20724783647.6205,-37852365195.535774,59064.78501042148,252158281611.31717,68785723919.15044,8.784845997030438,20726573253.31255,-37852304746.932236,59061.94188748811
2835,0.0014175000000000004,19586719131.984795,-38425765234.065315,59065.05678672396,276176698370.4895,65651358998.942764,8.981659313726254,19588566888.779606,-38425694551.275314,59061.94188748811
2836,0.0014180000000000002,18432850549.576557,-38965014426.12373,59065.44092520754,302891713931.26654,62375253317.62538,9.195254126401222,18434829885.02877,-38964947537.83493,59061.94188748811
2837,0.0014185000000000003,17264481853.648403,-39469545944.261826,59064.70487677682,332709293841.44275,58951813549.95045,9.427576412908934,17266324783.249752,-39469646399.79769,59061.94188748811
2838,0.0014190000000000003,16082263195.924892,-39939155704.77753,59064.646101060745,366109835069.4748,55376704909.76939,9.680866968946303,16084155132.373486,-39939348035.868126,59061.94188748811
2839,0.0014195000000000002,14887107977.093245,-40373513878.4302,59065.7115991061,403663748078.32587,51646945318.01794,9.957710813242198,14889320335.925287,-40373633802.104576,59061.94188748811
2840,0.0014200000000000003,13680403129.033785,-40772130859.021126,59066.41756967381,446047984634.58344,47762410643.98445,10.261082407241595,13682840844.525305,-40772277597.06894,59061.94188748811
2841,0.0014205,12463271445.213387,-41134686609.05464,59066.590244180225,494063799709.8212,43728048583.26413,10.594378898780564,12465867273.981472,-41134813846.351715,59061.94188748811
2842,0.0014210000000000002,11236794578.672066,-41460915089.73812,59066.27064789494,548655997693.6438,39556173718.64608,10.961441167589095,11239412007.885345,-41461103854.06216,59061.94188748811
2843,0.0014215000000000002,10001568922.055065,-41750725210.65917,59067.322483945885,610929520342.5334,35270272897.180435,11.366538271186219,10004593157.403166,-41750860101.04066,59061.94188748811
2844,0.0014220000000000003,8759307991.373161,-42003708979.465126,59067.2908626822,682158752981.3413,30910247134.48166,11.814285235938252,8762409618.918741,-42003954207.136345,59061.94188748811
2845,0.0014225000000000004,7510717417.4033,-42219803945.5046,59067.68729049658,763775240302.6635,26541541428.84054,12.309410813723563,7514045480.732799,-42220123625.10379,59061.94188748811
2846,0.0014230000000000002,6257070647.922076,-42398815663.504845,59067.83797442852,857320266874.5654,22265708225.62821,12.856307062924115,6260610504.626501,-42399190799.06836,59061.94188748811
2847,0.0014235000000000003,4999598608.703712,-42540606959.51454,59067.299466981916,964324173791.4135,18236581939.870502,13.458181621641238,5003155117.474369,-42541076421.44508,59061.94188748811
2848,0.0014240000000000004,3738856484.7605085,-42645221281.24585,59068.08213623615,1086063212436.9547,14680351233.416636,14.115597778724533,3742732177.9840727,-42645709237.61457,59061.94188748811
2849,0.0014245000000000002,2476365869.300219,-42712513101.07595,59068.613931925946,1223119248565.5208,11918552887.31718,14.82412383180152,2480465576.5799522,-42713057410.67381,59061.94188748811
2850,0.0014250000000000003,1213253001.6659606,-42742469000.206245,59068.84577897883,1374650132642.6418,10389761036.176666,15.570818555567133,1217538756.5085974,-42743128911.14758,59061.94188748811
2851,0.0014255000000000003,-49389279.59379458,-42735108622.1784,59068.813080256994,1537316656714.9836,10655104161.978025,16.329610051751153,-45080428.04027456,-42735872744.82225,59061.94188748811
2852,0.0014260000000000002,-1310383703.963622,-42690507930.521126,59068.429570708,1703950564150.766,13364478769.83281,17.056453005516733,-1306143291.641316,-42691393620.84449,59061.94188748811
2853,0.0014265000000000003,-2569016228.2073584,-42608695191.870476,59068.501037717695,1862396772282.0266,19149490665.14169,17.68680363157964,-2564652449.625835,-42609751117.395805,59061.94188748811
2854,0.001427,-3823287788.920757,-42489919465.69899,59067.079516007005,1995486956800.0693,28419710904.500126,18.139928695770063,-3819498004.987256,-42491033915.84217,59061.94188748811
2855,0.0014275000000000002,-5072853006.436888,-42334242832.065765,59065.858930860435,2083425320811.1604,41091655759.03233,18.33473191899929,-5069504672.741467,-42335427428.329704,59061.94188748811
2856,0.0014280000000000004,-6315543370.396017,-42142039033.646194,59062.41963432467,2109101212976.3784,56382291782.89497,18.21645305883483,-6313672387.753417,-42143085391.49176,59061.94188748811
2857,0.0014285000000000003,-7551571083.47333,-41913334074.98276,59059.74246777924,2064621908116.2278,72849233074.37852,17.783044127093977,-7550991263.858192,-41914230040.42275,59061.94188748811
2858,0.0014290000000000004,-8780555948.421673,-41648196892.89729,59059.31935461866,1955165057692.1292,88763952744.18225,17.093204296836607,-8780226969.046503,-41649047531.36855,59061.94188748811
2859,0.0014295000000000002,-9999921598.608358,-41347206016.54613,59057.68773098516,1797234014191.0347,102638582643.2442,16.247595498401036,-10000427389.850542,-41347880882.039894,59061.94188748811
2860,0.0014300000000000003,-11209897871.272099,-41010355583.23685,59057.73714475805,1612434480009.903,113599574811.16327,15.35461297486328,-11210446491.073135,-41010987719.78416,59061.94188748811
2861,0.0014305000000000003,-12408321452.334518,-40638260654.47213,59056.9102499217,1420808657105.4138,121452625693.43079,14.501189972655716,-12409303930.632957,-40638721590.63072,59061.94188748811
2862,0.0014310000000000002,-13594717639.278334,-40231135131.92717,59056.47992236786,1236973944627.539,126496004034.16092,13.74061675757087,-13595986112.069796,-40231430120.64455,59061.94188748811
2863,0.0014315000000000003,-14768334350.817472,-39789262654.217896,59057.059349117,1069432626026.6436,129273414662.47923,13.09508369949617,-14769502215.349676,-39789576828.10419,59061.94188748811
2864,0.0014320000000000003,-15927649853.071455,-39313229381.25111,59057.443855855476,921768247775.5503,130377727209.28381,12.564928861509333,-15928723277.454233,-39313549885.58262,59061.94188748811
2865,0.0014325000000000002,-17071914082.637169,-38803393488.393265,59058.230638580455,794347165169.8198,130340939980.8346,12.138138958004307,-17072713207.267958,-38803780521.199,59061.94188748811
2866,0.0014330000000000002,-18199063954.7104,-38260712515.355934,59056.67888014516,685765674604.6284,129594182923.59332,11.79733092225988,-18200561287.26669,-38260759232.49615,59061.94188748811
2867,0.0014335,-19309797152.525856,-37684983315.438835,59057.09654034417,593844554392.9158,128463357824.68098,11.524033048392964,-19311247948.688858,-37684992881.88786,59061.94188748811
2868,0.0014340000000000002,-20402057336.227074,-37077244004.22105,59056.49278849624,516207843509.36896,127186137662.82938,11.300883926502898,-20403777414.446236,-37077081463.406296,59061.94188748811
2869,0.0014345000000000004,-21475624819.892574,-36437706791.207855,59056.91100447253,450594326310.5424,125925905779.04704,11.112657753871991,-21477349258.162693,-36437517128.71074,59061.94188748811
2870,0.0014350000000000003,-22529037780.753902,-35767249879.52004,59056.70016382017,394987902075.76044,124790484242.57683,10.946580349622785,-22530866089.38807,-35766892925.98664,59061.94188748811
2871,0.0014355000000000004,-23561838403.208534,-35066242363.58641,59057.282944686034,347660236370.127,123843856789.0396,10.792353661121648,-23563573227.90265,-35065956197.93605,59061.94188748811
2872,0.0014360000000000002,-24572623920.298607,-34335651888.90806,59056.83305849837,307162111298.6279,123117766268.5671,10.642024559718568,-24574498517.715176,-34335226068.92577,59061.94188748811
2873,0.0014365000000000003,-25560723898.66306,-33576054759.9291,59055.97086373498,272297874575.3418,122618628477.51442,10.489817639654701,-25562938713.020313,-33575353738.565174,59061.94188748811
2874,0.0014370000000000003,-26526307516.54594,-32787407473.33506,59058.79331316319,242090206852.2401,122334895708.13821,10.331926360684836,-26527923041.230583,-32787096847.293045,59061.94188748811
2875,0.0014375000000000002,-27466687438.79173,-31971794377.633705,59057.40084561302,215744662617.2658,122243178412.76178,10.166271126547734,-27468644093.890316,-31971142465.593372,59061.94188748811
2876,0.0014380000000000003,-28382611092.41915,-31128798869.430725,59058.64335334928,192623246609.53427,122309592902.29002,9.99227902513918,-28384323465.07904,-31128218836.163254,59061.94188748811
2877,0.0014385000000000003,-29272604836.619915,-30259729963.809902,59059.22489122088,172211288258.90982,122497980099.25696,9.81057485966968,-29274227476.883568,-30259144525.64224,59061.94188748811
2878,0.0014390000000000002,-30136165107.796318,-29365164789.309322,59060.38121306817,154097150535.58304,122770433521.80045,9.622699882238196,-30137573736.513107,-29364700174.107426,59061.94188748811
2879,0.0014395000000000002,-30972632061.65494,-28445828149.75893,59062.5072849802,137950540285.01114,123091341618.05101,9.43080853834458,-30973660878.596165,-28445677462.727768,59061.94188748811
2880,0.00144,-31780783050.253952,-27503079430.105896,59062.54745519535,123505791288.41994,123429170004.15349,9.237385580535884,-31781844201.309906,-27502943782.640583,59061.94188748811
2881,0.0014405000000000002,-32560132527.06357,-26537622832.169605,59061.54646215766,110548688589.81096,123757167903.54567,9.045004170524743,-32561325762.032837,-26537287331.794807,59061.94188748811
2882,0.0014410000000000004,-33310495953.54893,-25549799232.65293,59062.528192682155,98903955878.19656,124054925797.98923,8.856116924794705,-33311564205.96577,-25549644288.114822,59061.94188748811
2883,0.0014415000000000003,-34030703156.632706,-24541140800.374847,59061.721152455575,88425805244.67195,124308561295.185,8.67289989694689,-34031816684.528675,-24540839286.30841,59061.94188748811
2884,0.0014420000000000004,-34720546289.555115,-23512079466.180603,59061.91007393257,78992370993.54039,124509029854.61012,8.497167291381722,-34721603491.75064,-23511768737.869713,59061.94188748811
2885,0.0014425000000000002,-35379157414.89857,-22463947646.16886,59060.74823579947,70499037633.58948,124652510827.09099,8.330319652935895,-35380383619.78475,-22463346012.691544,59061.94188748811
2886,0.0014430000000000003,-36006432786.01889,-21397042511.697132,59061.83318100135,62855465835.31304,124738574844.73186,8.17334469818414,-36007541643.713104,-21396552225.146492,59061.94188748811
2887,0.0014435000000000003,-36601566613.18542,-20312730742.799335,59062.668151548234,55981741837.5372,124770028759.7682,8.026837940110827,-36602514812.07882,-20312304726.71044,59061.94188748811
2888,0.0014440000000000002,-37164122895.983284,-19211900369.51815,59063.69103619797,49807367498.697334,124751045620.41324,7.891055178127221,-37164839067.56286,-19211574562.26209,59061.94188748811
2889,0.0014445000000000003,-37693589440.35151,-18095635873.028008,59064.31817030212,44269357594.92654,124686796879.21771,7.765969380520015,-37694167328.91899,-18095472088.258923,59061.94188748811
2890,0.0014450000000000003,-38189464054.7023,-16965111136.129278,59063.637582684925,39311373395.74984,124582638895.36873,7.651332617344788,-38190057310.68699,-16964801399.302893,59061.94188748811
2891,0.0014455000000000002,-38651593444.84464,-15820830791.379013,59064.4073286002,34883010394.38825,124443596350.4662,7.546735755656194,-38652085741.216576,-15820626212.134138,59061.94188748811
2892,0.0014460000000000002,-39079465851.12584,-14664109857.79042,59064.88260351472,30938870311.925278,124274329266.48625,7.451659000753268,-39079850961.6638,-14663975393.738163,59061.94188748811
2893,0.0014465,-39472816416.59573,-13495792153.612045,59066.02534578762,27438638096.78611,124078441121.49442,7.365520390616877,-39473098625.55043,-13495881309.741243,59061.94188748811
2894,0.0014470000000000004,-39831174747.906784,-12317380498.137112,59065.32248135587,24346437612.722115,123858654854.17473,7.287712391962709,-39831501962.12139,-12317447325.546572,59061.94188748811
2895,0.0014475000000000004,-40154420016.58093,-11129510757.230698,59065.06983798592,21630775803.644234,123616560352.92307,7.2176327402043645,-40154735899.80612,-11129610546.174232,59061.94188748811
2896,0.0014480000000000003,-40442263848.94279,-9933381931.83857,59064.43164887642,19263839786.58428,123353041392.4599,7.154703430018328,-40442572584.49761,-9933433492.895079,59061.94188748811
2897,0.0014485000000000004,-40694515133.93191,-8729995741.134861,59063.71333891513,17221446228.151928,123068129316.21696,7.098385905241553,-40694861053.70056,-8729926735.188358,59061.94188748811
2898,0.0014490000000000002,-40911044093.5413,-7520172219.036177,59064.143360098715,15482665480.88066,122761218269.09027,7.048189564075436,-40911376533.830894,-7520260067.432932,59061.94188748811
2899,0.0014495000000000003,-41091636793.93382,-6305254675.689429,59064.150644867266,14029515815.839386,122431222661.61922,7.003675618500217,-41092013178.454056,-6305398228.687065,59061.94188748811
2900,0.0014500000000000003,-41236194276.97934,-5086231531.711285,59064.17582049729,12846820379.738195,122076593823.38724,6.964458736387807,-41236570096.32516,-5086423262.764011,59061.94188748811
2901,0.0014505000000000002,-41344607928.598366,-3864394648.87531,59063.06640728012,11921851504.438873,121695551158.31583,6.930205008794345,-41344990245.295586,-3864422949.499072,59061.94188748811
2902,0.0014510000000000002,-41416867720.63397,-2640508388.279311,59062.5077171331,11244135882.311913,121286146558.78928,6.900628770759599,-41417286431.13291,-2640405279.889122,59061.94188748811
2903,0.0014515000000000003,-41452934825.75139,-1415852243.444099,59061.36008996166,10805179258.192862,120846416168.76288,6.875487866882591,-41453348309.84117,-1415519246.5205708,59061.94188748811
2904,0.0014520000000000002,-41452839724.4859,-190951809.2684847,59062.481553603786,10598340136.755312,120374376363.02032,6.854579281363497,-41453227224.40659,-190744203.25662175,59061.94188748811
2905,0.0014525000000000002,-41416596140.61936,1032374776.5486168,59061.76440396928,10618649807.672197,119868102819.87646,6.837734451696804,-41416956035.0132,1032683802.5144327,59061.94188748811
2906,0.001453,-41344284031.15566,2253611973.646177,59062.24013479395,10862683089.492977,119325724622.90016,6.824815140938988,-41344646551.89991,2253799515.311304,59061.94188748811
2907,0.0014535000000000004,-41236017523.97485,3471290246.4980397,59061.67423160422,11328441345.515755,118745472608.62537,6.815709479570491,-41236428581.03642,3471595250.220434,59061.94188748811
2908,0.0014540000000000004,-41091895415.22871,4684889230.637807,59062.96783802775,12015226353.45987,118125690227.4814,6.810328441920894,-41092335991.47347,4685005027.942584,59061.94188748811
2909,0.0014545000000000003,-40912119852.93757,5892844481.195789,59063.26750390787,12923664345.495592,117464769785.87198,6.80860355739106,-40912523008.02439,5892903678.44294,59061.94188748811
2910,0.0014550000000000003,-40696884365.95019,7094228669.50235,59063.297992492495,14055528796.764305,116761234089.06853,6.8104841340804265,-40697284403.365906,7094226320.557707,59061.94188748811
2911,0.0014555000000000002,-40446439015.3131,8287909878.819966,59062.59997479626,15413782620.786068,116013669499.27223,6.815935657937143,-40446805700.63552,8288065384.519304,59061.94188748811
2912,0.0014560000000000003,-40161047984.40415,9472889910.143417,59061.41875817604,17002532825.145311,115220736278.18779,6.824938368783793,-40161403089.10274,9473286559.594305,59061.94188748811
2913,0.0014565000000000003,-39840941957.329796,10648416849.496365,59061.2417013219,18827069215.855923,114381127561.57347,6.83748651410341,-39841292219.48056,10648907459.057104,59061.94188748811
2914,0.0014570000000000002,-39486476587.07364,11813291209.101374,59060.9814050084,20893987053.397785,113493483986.97768,6.853588604724671,-39486799187.730576,11813877251.483276,59061.94188748811
2915,0.0014575000000000002,-39097979719.56215,12966581216.705395,59061.03089214983,23211100178.94467,112556492323.55463,6.873266677393089,-39098264819.57309,12967175972.608591,59061.94188748811
2916,0.0014580000000000003,-38675708477.37897,14107627466.63579,59063.17509073224,25787593215.95934,111568801134.96939,6.896556588699794,-38676118950.09059,14107890399.80989,59061.94188748811
2917,0.0014585000000000002,-38220342091.81193,15234630060.07113,59062.752077482655,28634250080.91664,110528908883.21896,6.923509447583484,-38220765777.72432,15234982526.083176,59061.94188748811
2918,0.0014590000000000002,-37732106954.57342,16347233198.884628,59063.35025659605,31763024077.06783,109435583353.00478,6.954188721863455,-37732620514.97064,16347458846.527418,59061.94188748811
2919,0.0014595,-37211553209.111984,17444248344.408146,59063.57879666863,35187845071.25723,108287283761.68475,6.988673757758588,-37212071215.07842,17444468972.505413,59061.94188748811
2920,0.0014600000000000004,-36659133740.508934,18524827935.65555,59063.98074392301,38924377994.9684,107082506239.82457,7.0270593933175265,-36659648900.33719,18524948322.44468,59061.94188748811
2921,0.0014605000000000004,-36075533765.68746,19587720628.58847,59062.6763979613,42990392996.65747,105819620865.62914,7.069457476267445,-36075983318.56889,19588070729.67139,59061.94188748811
2922,0.0014610000000000003,-35461098087.3569,20632438284.654938,59062.189617328724,47405718701.37546,104497077823.94196,7.115996283148908,-35461471795.32866,20632875134.399582,59061.94188748811
2923,0.0014615000000000003,-34816374713.16991,21658106038.31978,59062.548666786264,52193017162.11358,103112981760.16328,7.166824639617894,-34816734616.8528,21658502348.25659,59061.94188748811
2924,0.0014620000000000002,-34141965071.09721,22663817963.666416,59063.50206345153,57377863652.97017,101665313191.47482,7.222113466691215,-34142451784.18273,22664107583.28957,59061.94188748811
2925,0.0014625000000000003,-33438618219.39981,23648513134.81339,59063.78189309863,62989085819.9373,100151946671.65337,7.282057313303105,-33439128690.884815,23648737837.389954,59061.94188748811
2926,0.0014630000000000003,-32707067489.513046,24611254851.734688,59062.81031057154,69059036081.84267,98570755959.4203,7.3468750494581485,-32707465493.875454,24611664743.86301,59061.94188748811
2927,0.0014635000000000002,-31947785738.646152,25551522172.840733,59062.45396061755,75624158152.63963,96919525269.05153,7.416811936698349,-31948163910.86499,25551978122.237938,59061.94188748811
2928,0.0014640000000000002,-31161553025.204327,26468400664.060097,59061.9245093546,82725982959.56496,95195628643.01254,7.492145427300664,-31161839078.178596,26468926046.84361,59061.94188748811
2929,0.0014645000000000003,-30348877233.734436,27361364461.321095,59062.79311694675,90411456875.10298,93396351749.73486,7.57318752002618,-30349322984.8736,27361721275.622253,59061.94188748811
2930,0.0014650000000000002,-29510810170.870033,28229284925.20888,59062.56356473485,98734194244.57195,91518554489.43585,7.660291345921512,-29511194082.682327,28229703529.518337,59061.94188748811
2931,0.0014655000000000002,-28648015587.02093,29071559950.228836,59062.106925947366,107754753389.0637,89559227473.74222,7.753851966694349,-28648341352.706985,29072035945.746918,59061.94188748811
2932,0.001466,-27761163499.36729,29887598437.251324,59062.19138467908,117542369254.88687,87514983292.9049,7.854313913431915,-27761459701.9748,29888047658.86016,59061.94188748811
2933,0.0014665000000000004,-26851032004.24322,30676727033.45505,59062.85604767894,128176389772.19644,85382051180.38272,7.96217939772582,-26851427186.888824,30677055891.66102,59061.94188748811
2934,0.0014670000000000004,-25918543612.964005,31438185467.14827,59063.36949837887,139747841438.25262,83156374870.95233,8.0780163121648,-25919054200.238365,31438380172.18413,59061.94188748811
2935,0.0014675000000000003,-24964811957.231247,32171120280.749218,59062.14950939428,152361255688.48663,80833726934.97798,8.202466233135828,-24965145522.990196,32171404297.20423,59061.94188748811
2936,0.0014680000000000003,-23990029494.299072,32875475026.593937,59063.25861606704,166136790939.66702,78409849386.43509,8.336252528293722,-23990536727.23933,32875615808.6195,59061.94188748811
2937,0.0014685000000000002,-22995499916.190395,33550304522.44902,59063.93795497333,181214475079.84848,75879455402.98782,8.4802024502019,-22996133903.40526,33550390993.472763,59061.94188748811
2938,0.0014690000000000003,-21982098986.359142,34195071558.724075,59064.33156459926,197756171328.6513,73237488067.53035,8.635256044619501,-21982904058.439735,34195107395.547604,59061.94188748811
2939,0.0014695000000000003,-20950807789.823036,34809205439.457664,59064.09692504999,215950346873.69116,70478610884.83408,8.802484962110766,-20951600320.192905,34809265334.20216,59061.94188748811
2940,0.0014700000000000002,-19902211414.79072,35392420022.326416,59065.00000568024,236016982828.9687,67597371500.38653,8.983113201594351,-19903171035.87995,35392376715.62922,59061.94188748811
2941,0.0014705000000000002,-18837689284.63213,35943966512.22898,59064.70929693378,258214295333.62747,64587898758.25939,9.178546788733227,-18838645831.7805,35943934335.71464,59061.94188748811
2942,0.0014710000000000003,-17757903541.39153,36463575384.88703,59064.74344647547,282844920608.326,61444930550.82544,9.390396392962892,-17758922184.241627,36463526254.55029,59061.94188748811
2943,0.0014715000000000002,-16664031827.488373,36950716578.34269,59064.05881589285,310265715001.921,58163299276.88756,9.62051498580693,-16664978153.57629,36950722270.51978,59061.94188748811
2944,0.0014720000000000002,-15556641482.993788,37405202283.222404,59064.544504758276,340897454947.86066,54738932501.77207,9.87103183632917,-15557747486.745205,37405168223.20355,59061.94188748811
2945,0.0014725000000000003,-14437484998.298735,37826322867.21896,59062.710700846,375238022202.42255,51168891043.04259,10.14439840530649,-14438190477.864819,37826490138.32338,59061.94188748811
2946,0.0014730000000000004,-13306644457.98329,38214156229.23091,59062.6923178658,413874602389.8683,47453569839.094,10.443417806667854,-13307284551.770828,38214321287.70177,59061.94188748811
2947,0.0014735000000000004,-12165491985.306326,38568230078.93273,59062.71436279769,457501716423.0592,43596478664.73844,10.771295018165192,-12166082349.317198,38568427587.586716,59061.94188748811
2948,0.0014740000000000003,-11014895640.889088,38888319354.023186,59063.32385741498,506935534648.21655,39607810777.27076,11.131653236225459,-11015696040.946203,38888472665.571495,59061.94188748811
2949,0.0014745000000000003,-9856210410.007845,39174067396.95576,59063.11579992424,563129065049.5575,35507131832.1271,11.5285282718413,-9856954796.175617,39174295627.977615,59061.94188748811
2950,0.0014750000000000002,-8689894174.223429,39425437094.96556,59064.335620166516,627180017411.449,31328496167.27455,11.966296662648585,-8690949063.033716,39425574915.60994,59061.94188748811
2951,0.0014755000000000002,-7517526254.399575,39642077916.99456,59064.73919461767,700327082168.9728,27126366363.665646,12.449508682712102,-7518805930.224517,39642166199.204384,59061.94188748811
2952,0.0014760000000000003,-6340037229.71377,39823879050.818665,59064.78340054991,783915226793.8762,22986065327.594067,12.982516192915677,-6341336746.462694,39823944534.23614,59061.94188748811
2953,0.0014765000000000002,-5158453661.6671505,39970729504.621765,59064.52542956549,879311533806.33,19036093711.439926,13.56879729875836,-5159736488.336273,39970835109.658066,59061.94188748811
2954,0.0014770000000000002,-3973621020.962648,40082586207.32202,59064.691856958634,987729836939.7793,15465071758.034609,14.209781808771794,-3974933993.065055,40082693974.49468,59061.94188748811
2955,0.0014775000000000003,-2786853742.3526444,40159322779.36228,59064.18240387643,1109909027223.1514,12541773494.353275,14.902939457153874,-2788054456.0011187,40159494864.80152,59061.94188748811
2956,0.0014780000000000001,-1598897619.9885135,40200993148.48112,59064.2098674495,1245572565110.7214,10635377127.551443,15.638876398614379,-1600138862.0251417,40201195320.34877,59061.94188748811
2957,0.0014785000000000002,-410904243.519543,40207549558.24345,59064.18436890188,1392610113515.0044,10226358714.886175,16.397367596354997,-412269734.936209,40207813039.514275,59061.94188748811
2958,0.0014790000000000003,776128385.8491052,40179039165.2475,59064.28669017725,1545996735965.1917,11891568884.5803,17.142787027813334,774688335.8340356,40179328604.06747,59061.94188748811
2959,0.0014795000000000003,1961113174.1377907,40115532568.31062,59064.39408164265,1696688195617.9077,16235967840.35213,17.82061152262461,1959623576.6519349,40115906922.044586,59061.94188748811
2960,0.0014800000000000004,3143304281.3855076,40017079184.885445,59065.13553387226,1831114717508.2688,23744754425.928062,18.358417326537037,3141484253.8081903,40017468063.666885,59061.94188748811
2961,0.0014805000000000003,4320603163.040048,39883961244.40217,59064.01796811848,1932277577043.5361,34559138385.451675,18.675853925330554,4319156660.034705,39884402326.02832,59061.94188748811
2962,0.0014810000000000003,5493371710.278515,39716138392.40304,59064.31644424149,1983286046957.4893,48248508664.61816,18.70573120611284,5491777252.826033,39716684790.145485,59061.94188748811
2963,0.0014815000000000002,6659712454.304812,39513930159.239784,59063.9255292961,1972791668438.2104,63734843704.91771,18.420383391665766,6658316634.663116,39514463475.10425,59061.94188748811
2964,0.0014820000000000002,7818408160.83695,39277619392.14938,59062.396108827,1899763453673.024,79490654795.20581,17.84882817547255,7817678094.227642,39278062380.91267,59061.94188748811
2965,0.0014825000000000003,8968451884.758762,39007492901.11449,59059.76482935705,1774398191715.9165,93973200740.46436,17.071189101766286,8968869804.298578,39007700250.13917,59061.94188748811
2966,0.0014830000000000002,10110105887.251213,38703530381.29372,59058.97113605185,1614344917946.9895,106057620414.21918,16.191887974168967,10110949777.779676,38703640571.91864,59061.94188748811
2967,0.0014835000000000002,11241860335.246922,38366129318.404564,59058.72848078152,1438736419066.2178,115241579678.30705,15.308022718543596,11242882899.247532,38366231653.37229,59061.94188748811
2968,0.0014840000000000003,12362597203.11251,37995649420.67627,59058.68648469743,1263434793231.6465,121576893982.39594,14.489243642714026,12363763627.908913,37995687896.65888,59061.94188748811
2969,0.0014845000000000001,13471320644.225616,37592455532.01417,59058.767106734194,1099031338597.8662,125462643331.77173,13.773317321078965,13472539439.276655,37592460113.668655,59061.94188748811
2970,0.0014850000000000002,14567657316.335478,37156710950.61175,59060.380875639436,951116377764.141,127435993707.82524,13.172028740663505,14568249837.761795,37156914933.072296,59061.94188748811
2971,0.0014855000000000003,15649213441.376995,36689370826.15004,59059.926732693006,821587169454.1617,128030936164.56033,12.680291219115261,15650073064.308996,36689498451.79766,59061.94188748811
2972,0.0014860000000000003,16715372125.556458,36190820433.18949,59058.14437011763,710065890070.212,127705346160.30756,12.284175968837197,16716940386.422554,36190576129.20806,59061.94188748811
2973,0.0014865000000000004,17767104203.032703,35660689563.28783,59060.05556740722,614989524407.4972,126822672613.09769,11.966372043501089,17768012462.976387,35660671498.26408,59061.94188748811
2974,0.0014870000000000003,18801434607.186996,35100388663.66236,59059.99009146466,534319085371.27124,125657641814.03856,11.709351720473519,18802415290.950943,35100310129.70796,59061.94188748811
2975,0.0014875000000000003,19818434737.763096,34509998483.1965,59060.66830095533,465958888347.721,124405261084.6595,11.497047413396862,19819198916.487988,34509988671.32135,59061.94188748811
2976,0.0014880000000000002,20816924043.5368,33890221491.282368,59061.154721664585,407956155026.3812,123200666710.26935,11.315515438970237,20817548347.652946,33890239978.409367,59061.94188748811
2977,0.0014885000000000002,21796153408.218918,33241576993.068306,59061.772285522195,358589188025.633,122131115114.93507,11.15314235672061,21796651578.20844,33241662818.244358,59061.94188748811
2978,0.0014890000000000003,22755391150.247185,32564593627.40084,59062.89279116512,316386988761.82996,121247635030.71136,11.000610466563014,22755565226.20058,32564869041.76461,59061.94188748811
2979,0.0014895000000000002,23693131555.55158,31860354521.998817,59061.90845778733,280117482668.34534,120573623975.51828,10.85076697539857,23693572371.753773,31860496030.460693,59061.94188748811
2980,0.0014900000000000002,24609542909.083645,31128871971.729473,59062.55995550229,248763561812.15158,120110789220.32018,10.698465446403963,24609804777.06741,31129039008.031487,59061.94188748811
2981,0.0014905000000000003,25502938150.422348,30371470280.306263,59061.008864741205,221490820424.63116,119846563868.2945,10.540355149303938,25503567524.592052,30371320141.414696,59061.94188748811
2982,0.0014910000000000001,26373699369.461308,29587976412.23796,59062.347184520324,197621904702.63428,119756445252.5618,10.37468480426948,26374083126.262394,29588025372.66013,59061.94188748811
2983,0.0014915000000000004,27220188676.712215,28779801019.94451,59062.32836183067,176606963676.7293,119810437782.54764,10.20104556297401,27220596766.24607,28779768870.903065,59061.94188748811
2984,0.0014920000000000003,28041805170.38393,27947619244.031136,59061.42051769165,158003824994.08713,119974010030.84387,10.020131172459655,28042346347.250854,27947431210.346916,59061.94188748811
2985,0.0014925000000000003,28838219885.581287,27091859525.86592,59061.56798845796,141456476743.8968,120212452960.10112,9.833461920747574,28838704148.529133,27091647384.106792,59061.94188748811
2986,0.0014930000000000004,29608710800.27087,26213320286.6752,59062.51067429276,126677674782.40503,120493465008.65521,9.643106477939414,29609045866.866634,26213243206.56479,59061.94188748811
2987,0.0014935000000000003,30352202836.734528,25313249984.7795,59061.568499889494,113435333414.36063,120788343480.11896,9.451428214342023,30352764171.51478,25313002404.101555,59061.94188748811
2988,0.0014940000000000003,31068636959.868195,24391857924.3295,59062.35278629842,101541278596.79915,121072753304.69542,9.26086613614777,31069068937.56144,24391710838.830124,59061.94188748811
2989,0.0014945000000000002,31756871630.90156,23450607217.508347,59061.08443792641,90840180436.28026,121328439545.8174,9.073741082771946,31757502293.965546,23450219092.5507,59061.94188748811
2990,0.0014950000000000002,32416859397.441574,22489710504.387455,59061.54396015244,81203517212.13643,121541853072.06038,8.892129287518522,32417439540.19682,22489333060.939564,59061.94188748811
2991,0.0014955000000000003,33047624618.961193,21510591978.475945,59060.38320388941,72522087822.45844,121705058729.80879,8.717766155981172,33048342583.64367,21509991242.542183,59061.94188748811
2992,0.0014960000000000002,33649025395.526436,20513608255.179855,59060.66944423103,64702839120.04107,121813849280.75917,8.552010857194812,33649693781.173008,20513003506.203236,59061.94188748811
2993,0.0014965000000000002,34220570444.620625,19499596659.649883,59062.51374620031,57664373045.079796,121867900769.19266,8.395834310473052,34221064261.93616,19499302765.45705,59061.94188748811
2994,0.0014970000000000003,34761452753.103004,18470006562.27604,59062.734577267154,51335055874.09527,121869339859.1758,8.249842928946789,34761913045.417,18469693288.399296,59061.94188748811
2995,0.0014975000000000001,35271496782.52826,17425316793.10202,59063.90398100654,45651701078.96729,121821570600.24562,8.11432447774285,35271840387.86358,17425254197.587997,59061.94188748811
2996,0.0014980000000000004,35749993761.474815,16367032632.46389,59062.78014929525,40557511494.16208,121729265074.556,7.989295063112463,35750418535.77741,16366758456.915192,59061.94188748811
2997,0.0014985000000000003,36196720562.564224,15295841336.641148,59060.99284735994,36001929233.05667,121597073239.04662,7.874558469609523,36197271434.81093,15295267676.353374,59061.94188748811
2998,0.0014990000000000003,36611517966.411194,14212255389.645386,59060.96588705521,31939389266.299446,121429711380.00433,7.7697573004699505,36612036275.83692,14211655735.932457,59061.94188748811
2999,0.0014995000000000004,36993955429.38685,13117430800.827194,59061.43905638762,28328843217.881775,121231571037.80362,7.6744209322485295,36994449856.11199,13116880086.840065,59061.94188748811
3000,0.0015000000000000002,37343678998.218864,12012476703.92617,59061.598027763845,25133774258.580074,121006139470.24156,7.588011244000124,37344164587.63104,12011891493.252182,59061.94188748811
3001,0.0015005000000000003,37660490994.02891,10898156996.591936,59062.60069786154,22321795684.993145,120755995406.09167,7.5099592489972045,37660880980.62976,10897736440.285667,59061.94188748811
3002,0.0015010000000000002,37943981936.64802,9776023003.952675,59061.33134453326,19864206445.562153,120482932021.96826,7.439692497377532,37944423051.77079,9775368449.7888,59061.94188748811
3003,0.0015015000000000002,38194116834.602196,8646504796.545574,59060.99789481551,17735990682.312607,120187746861.16534,7.37665812905559,38194552085.25943,8645721471.049124,59061.94188748811
3004,0.0015020000000000003,38410736759.95735,7510425188.879771,59062.39788400957,15915145397.565098,119870714767.50621,7.320335272938302,38411130000.86446,7509850840.546663,59061.94188748811
3005,0.0015025000000000001,38593557988.777756,6369362251.546195,59062.27338481249,14382637023.85862,119531473640.88077,7.270244896173995,38593957706.96873,6368795582.776354,59061.94188748811
3006,0.0015030000000000002,38742519496.54712,5224077909.120446,59062.05166678026,13122310465.388025,119169006898.05334,7.225956583672594,38742930561.19574,5223461719.84213,59061.94188748811
3007,0.0015035000000000003,38857550542.255714,4075418764.0042686,59062.571970356286,12120424473.280743,118781998086.35027,7.187089285938175,38857919850.545364,4074916673.833398,59061.94188748811
3008,0.0015040000000000001,38938584669.06973,2924307066.891631,59064.195069859335,11365491239.171774,118368874955.03554,7.153310484606783,38938894164.37101,2924096080.761997,59061.94188748811
3009,0.0015045000000000004,38985552824.619736,1772058973.2658505,59065.16549100092,10848106464.2474,117927875579.69583,7.124333999814676,38985870364.954956,1772031298.7090845,59061.94188748811
3010,0.0015050000000000003,38998459596.49834,619749810.4824331,59065.183820047125,10560783556.132767,117457110531.1717,7.099916867750694,38998772328.0839,619796000.362212,59061.94188748811
3011,0.0015055000000000003,38977347113.09432,-531735560.87330335,59064.98527673249,10497734440.23958,116954685086.47215,7.079855054978532,38977651829.21234,-531670015.6598796,59061.94188748811
3012,0.0015060000000000004,38922280226.537766,-1681272713.1367583,59063.94491890275,10654727442.37517,116418746148.14078,7.063979110898781,38922603708.06426,-1681369506.8496141,59061.94188748811
3013,0.0015065000000000002,38833345228.81229,-2828114261.202563,59063.49538557588,11028968826.49394,115847503249.01297,7.052150099931476,38833656760.09753,-2828309855.564101,59061.94188748811
3014,0.0015070000000000003,38710632736.93273,-3971460620.5240035,59064.635371152195,11619031072.563519,115239230943.40482,7.044256068524587,38711000542.26543,-3971457002.6039786,59061.94188748811
3015,0.0015075000000000004,38554340418.26353,-5109665763.557981,59063.698320056494,12424809615.74032,114592248457.45335,7.040209204326009,38554719823.22581,-5109826433.883356,59061.94188748811
3016,0.0015080000000000002,38364606423.50674,-6242211769.235145,59063.41217464434,13447329075.018288,113905019154.68208,7.0399423694209595,38365010116.25666,-6242409674.830678,59061.94188748811
3017,0.0015085000000000003,38141630849.764015,-7368086092.43122,59063.54378858329,14688859005.930054,113176030588.55699,7.043407484153242,38142089071.225,-7368266663.249998,59061.94188748811
3018,0.0015090000000000001,37885646538.46991,-8486281933.283977,59063.876037770955,16152839586.664427,112403827320.92824,7.050573815616332,37886117782.66135,-8486387543.5564,59061.94188748811
3019,0.0015095000000000002,37596865367.22752,-9596022994.873451,59065.4339515253,17843875636.500767,111587003504.8629,7.0614266485036685,37597417233.512505,-9595800014.221315,59061.94188748811
3020,0.0015100000000000003,37275703279.39972,-10695804074.863375,59065.092299829914,19767826714.65946,110724135163.17218,7.075966906228647,37276285174.77245,-10695628487.33422,59061.94188748811
3021,0.0015105000000000001,36922411169.61371,-11784997427.968958,59064.7912431264,21931592469.078815,109813962126.97458,7.094209016747365,36923002019.43368,-11784825981.069147,59061.94188748811
3022,0.0015110000000000004,36537296896.100815,-12862776067.114422,59065.145229145,24343448397.441017,108855137096.47195,7.116181790882724,36537876412.879944,-12862524805.52148,59061.94188748811
3023,0.0015115000000000003,36120821865.06689,-13927940646.152088,59064.56307809164,27013079669.641693,107846258317.77065,7.141928885280339,36121424513.00517,-13927750574.97266,59061.94188748811
3024,0.0015120000000000003,35673368948.00944,-14979658330.030191,59063.58002403599,29951503715.314583,106785995515.63358,7.171507994452098,35673984050.43726,-14979601284.5316,59061.94188748811
3025,0.0015125000000000004,35195184011.7146,-16017460224.353418,59064.70624080201,33171339953.39666,105672944439.76968,7.204991802378271,35195890262.44662,-16017224635.510525,59061.94188748811
3026,0.0015130000000000002,34686752879.28276,-17040305917.39845,59066.91135481027,36687180308.34654,104505451264.53766,7.24247073880431,34687710276.98879,-17039689242.119305,59061.94188748811
3027,0.0015135000000000003,34148923581.40618,-18046545560.004288,59065.5910696865,40515468375.3603,103281864784.59265,7.284052866034015,34149804378.69729,-18046116141.776962,59061.94188748811
3028,0.0015140000000000004,33581850346.667656,-19036079620.78993,59065.47452773438,44674247695.27181,102000855327.73744,7.32986070086282,33582773800.32158,-19035679872.610134,59061.94188748811
3029,0.0015145000000000002,32986198294.727673,-20007792697.460514,59064.85327544918,49184390898.42904,100660574057.32294,7.380037582864354,32987097707.28617,-20007453656.392452,59061.94188748811
3030,0.0015150000000000003,32362468790.405464,-20960956619.85251,59064.35318355311,54069220469.84641,99259229982.1418,7.434747316315805,32363376534.353493,-20960665815.89313,59061.94188748811
3031,0.0015155000000000001,31711264854.991497,-21894719266.657497,59063.703336827966,59355100292.07785,97794849941.48712,7.494176782262367,31712108924.30484,-21894561605.8174,59061.94188748811
3032,0.0015160000000000002,31033153217.03373,-22808341068.486248,59063.23300037969,65071721422.151024,96265358697.43735,7.558537761489459,31033963385.883495,-22808253327.645733,59061.94188748811
3033,0.0015165000000000003,30328798105.60378,-23700989279.02456,59062.55418614113,71252642863.62587,94668498177.54253,7.6280698902532365,30329523082.946095,-23700984981.91062,59061.94188748811
3034,0.0015170000000000003,29598712270.06562,-24572081845.54146,59062.77575627532,77935727820.00737,93001897482.8253,7.7030430703186585,29599445885.535942,-24572061997.859306,59061.94188748811
3035,0.0015175000000000004,28843755297.397804,-25420632569.103622,59062.21797129284,85164017318.4065,91262871045.42499,7.783762488980049,28844416642.789764,-25420661495.851974,59061.94188748811
3036,0.0015180000000000003,28064663613.8142,-26245892657.72744,59060.67794521877,92986028283.45393,89448764123.99521,7.870570050146951,28065079890.267105,-26246234051.611965,59061.94188748811
3037,0.0015185000000000003,27261864482.355484,-27047490530.32902,59060.34851342646,101456818904.45775,87556743225.69186,7.963848954217747,27262231507.652145,-27047907125.717403,59061.94188748811
3038,0.0015190000000000004,26436101743.65961,-27824710802.12881,59060.88371048625,110639491306.1796,85583438369.95734,8.06403292891996,26436496290.36304,-27825110905.078342,59061.94188748811
3039,0.0015195000000000002,25588402403.305187,-28576620384.6759,59060.27008602184,120606033276.8658,83525294676.32886,8.171611838429124,25588706515.741577,-28577159478.00071,59061.94188748811
3040,0.0015200000000000003,24719276941.954533,-29302843879.286793,59060.33331500628,131438402062.87715,81378816639.11058,8.287135556296917,24719568970.362537,-29303436186.11331,59061.94188748811
3041,0.0015205000000000004,23829529910.118664,-30002744126.935165,59060.81450570278,143231011417.17514,79139951380.90366,8.411226601297399,23829877091.965034,-30003325446.175896,59061.94188748811
3042,0.0015210000000000002,22920059987.64616,-30675653075.831486,59061.04945140447,156092455918.8411,76804421207.65076,8.544589987147337,22920405923.974277,-30676208463.310688,59061.94188748811
3043,0.0015215000000000003,21991577922.615112,-31321097228.393105,59061.6789267589,170147894274.76877,74367795485.86208,8.688024153008659,21991986336.746075,-31321493481.511505,59061.94188748811
3044,0.0015220000000000001,21045137330.223125,-31938381017.972042,59061.40188599903,185542336506.44296,71825277321.42555,8.842436956859766,21045490548.81829,-31938804706.83456,59061.94188748811
3045,0.0015225000000000002,20081340010.85585,-32527177825.16196,59061.67869147714,202443767341.53528,69172089046.97289,9.008859702691241,20081756528.067978,-32527607312.407093,59061.94188748811
3046,0.0015230000000000003,19101011033.779064,-33087016374.920933,59062.60092339687,221048133116.28696,66403022321.35892,9.188470720769434,19101523934.896362,-33087358750.61787,59061.94188748811
3047,0.0015235000000000003,18105124183.075436,-33617368766.685966,59063.5572060244,241584282298.1162,63512805622.49465,9.382618646705131,18105833552.78151,-33617621111.950184,59061.94188748811
3048,0.0015240000000000004,17094701445.05918,-34117730572.024174,59063.873374368115,264319992572.18472,60496410287.58547,9.59284751603505,17095486036.14068,-34117931467.153152,59061.94188748811
3049,0.0015245000000000002,16070494553.26007,-34587785870.57375,59064.34050382045,289569302340.6649,57349322094.24118,9.820925518632004,16071381765.935541,-34587933449.19541,59061.94188748811
3050,0.0015250000000000003,15033568916.502613,-35027082236.495766,59064.21025199436,317701705578.259,54067633892.343414,10.068881495214622,15034471650.426523,-35027272490.68747,59061.94188748811
3051,0.0015255000000000004,13984294320.49134,-35435523289.02316,59066.04163070164,349151980749.77203,50648956659.45282,10.339039557344437,13985703419.83556,-35435543215.70094,59061.94188748811
3052,0.0015260000000000002,12924338482.383856,-35812446571.8109,59066.312884723826,384433092949.87744,47092591153.26842,10.634064658983991,12925914682.975088,-35812480292.356255,59061.94188748811
3053,0.0015265000000000003,11854262389.444782,-36157730872.224106,59066.844994638726,424147304634.1363,43402118414.88802,10.956985351352497,11856033019.496277,-36157755630.47183,59061.94188748811
3054,0.0015270000000000004,10774957282.199024,-36471123398.015656,59067.825260530604,469001299983.6831,39586090668.86102,11.311223370683905,10777055160.796133,-36471131260.479996,59061.94188748811
3055,0.0015275000000000002,9687843677.094398,-36752229036.19983,59067.283192617804,519818368062.1503,35661122437.87991,11.700592648975636,9689945335.410366,-36752337583.39637,59061.94188748811
3056,0.0015280000000000003,8593424059.451944,-37001002319.47656,59067.224664886126,577545838691.8722,31656251370.370857,12.129242343376172,8595604192.358173,-37001120044.36065,59061.94188748811
3057,0.0015285000000000001,7492606699.810501,-37217268466.41804,59067.80554237666,643254652799.8307,27617653227.252285,12.601525789365157,7495000112.414923,-37217457661.49135,59061.94188748811
3058,0.0015290000000000002,6386522966.114746,-37400823566.44373,59068.321504579995,718116634390.5154,23616913704.02642,13.121709121793598,6389185765.8193,-37401048938.925606,59061.94188748811
3059,0.0015295000000000003,5276187280.040083,-37551535958.98858,59068.613700013746,803343663174.6312,19761915699.38067,13.693422155591795,5279056852.116037,-37551819574.62379,59061.94188748811
3060,0.0015300000000000003,4162337390.039669,-37669367628.67002,59069.61647005263,900060751418.7968,16210772184.66311,14.318706523802689,4165591738.8261323,-37669616472.49174,59061.94188748811
3061,0.0015305000000000004,3046361555.6060343,-37754154415.37659,59069.670774274105,1009070534677.1501,13188856977.9337,14.996459005843079,3049815055.8345594,-37754503040.35626,59061.94188748811
3062,0.0015310000000000002,1929034192.3544984,-37805912143.45662,59069.62020821746,1130451787279.6384,11007373319.762882,15.720032421039603,1932565476.858192,-37806389324.258865,59061.94188748811
3063,0.0015315000000000003,811298286.2340646,-37824645702.63593,59069.62406666382,1262938934072.6753,10076376056.325314,16.47386791205724,814956983.829172,-37825226562.99843,59061.94188748811
3064,0.0015320000000000004,-305809890.5050986,-37810387179.11882,59069.554355302644,1403065738624.9487,10901212422.417227,17.229360645164142,-302093732.7818356,-37811031238.83816,59061.94188748811
3065,0.0015325000000000002,-1421309992.6858842,-37763176615.89557,59069.32325811758,1544193590866.2437,14041223547.025965,17.941019047682186,-1417627448.9780593,-37763878373.9144,59061.94188748811
3066,0.0015330000000000003,-2534362898.101987,-37683077245.6074,59069.251443439454,1675811778229.6853,20006233706.810665,18.54538948660258,-2530622411.6113143,-37683859546.239975,59061.94188748811
3067,0.0015335000000000004,-3643563744.8555517,-37570266009.52754,59068.30749022553,1783839726847.8784,29080245490.49315,18.966583740256574,-3640162420.057355,-37571154843.0304,59061.94188748811
3068,0.0015340000000000002,-4747752928.684943,-37424933091.61745,59066.037029623745,1852763521292.2417,41107935639.872505,19.13167224123916,-4745196068.3540745,-37425826797.012825,59061.94188748811
3069,0.0015345000000000003,-5846867347.391317,-37247112839.65496,59064.668531954754,1869753070176.8616,55351392669.02984,18.994218127487127,-5844850757.674762,-37248008767.859535,59061.94188748811
3070,0.0015350000000000001,-6939387556.928178,-37037097177.45709,59062.79393200161,1829331902117.3691,70553103379.66052,18.555822889685178,-6938080560.523815,-37037892376.6556,59061.94188748811
3071,0.0015355000000000002,-8024551027.185091,-36795083170.0938,59060.87432274178,1735939325874.69,85241206458.45479,17.871660728472985,-8024086918.526584,-36795746741.179016,59061.94188748811
3072,0.0015360000000000005,-9101805790.184187,-36521224057.282295,59059.835335585296,1602521016126.2275,98145715012.2139,17.033984058749315,-9101781047.38924,-36521772366.929436,59061.94188748811
3073,0.0015365000000000003,-10170138717.937044,-36215792725.06039,59059.43843402657,1445997444510.498,108497507890.25311,16.142941950729956,-10170320207.766794,-36216242627.9884,59061.94188748811
3074,0.0015370000000000004,-11228525945.883804,-35879103258.1881,59059.412583237245,1282379511602.6377,116085795715.24812,15.281188306080674,-11228764251.323027,-35879534483.577866,59061.94188748811
3075,0.0015375000000000002,-12275399157.728682,-35511697542.19502,59058.13320465377,1123753591289.931,121124625834.41492,14.502103109904622,-12276231747.183748,-35511954491.64002,59061.94188748811
3076,0.0015380000000000003,-13310256732.431824,-35113829841.89267,59056.59558623294,977548982799.6327,124055126597.21176,13.830714760975985,-13311761458.354353,-35113855123.87548,59061.94188748811
3077,0.0015385000000000004,-14332897540.326897,-34685617906.3318,59056.549002389234,847261159764.2845,125383199103.00232,13.271029889364748,-14334496022.154675,-34685542671.91334,59061.94188748811
3078,0.0015390000000000002,-15342091627.581944,-34227568331.63772,59057.089606554684,733670904409.8206,125580623843.59268,12.814309230033707,-15343574290.567858,-34227543901.352318,59061.94188748811
3079,0.0015395000000000003,-16336346314.257212,-33740383743.714603,59056.515444926146,635969333389.7412,125040398140.87634,12.445618990584322,-16338097731.735592,-33740153902.9532,59061.94188748811
3080,0.0015400000000000004,-17315092764.63652,-33224424093.50268,59055.57499493657,552572312833.805,124068186238.43716,12.148085806374677,-17317218962.71919,-33223946265.502598,59061.94188748811
3081,0.0015405000000000002,-18278168459.85875,-32679830500.752785,59056.268072250845,481627936033.6408,122891606410.46404,11.90527445335823,-18280138495.937252,-32679349011.711876,59061.94188748811
3082,0.0015410000000000003,-19223993734.12188,-32107479066.420006,59056.30118876998,421299707066.2294,121673914947.97737,11.702347538153315,-19226019581.9876,-32106926430.057682,59061.94188748811
3083,0.0015415000000000001,-20152601828.122375,-31507421763.716816,59058.44741705238,369908465758.85077,120525781844.63669,11.526554138220481,-20154078736.61097,-31507155854.059433,59061.94188748811
3084,0.0015420000000000002,-21062061140.618507,-30880866252.066135,59058.80054795108,325982940686.5427,119518871285.97311,11.367321503373418,-21063435810.075058,-30880579569.889725,59061.94188748811
3085,0.0015425000000000005,-21951969739.864075,-30228200282.636528,59058.60820186539,288271659673.5355,118692718956.80194,11.216217778360017,-21953408329.56936,-30227796352.672787,59061.94188748811
3086,0.0015430000000000003,-22821544914.68607,-29550062141.810333,59057.700276751195,255726267659.18753,118063953887.43358,11.066809639270797,-22823245399.366325,-29549408398.603493,59061.94188748811
3087,0.0015435000000000004,-23670473364.546017,-28846775834.371002,59057.841218251386,227479168310.07748,117631436409.65039,10.914500276780192,-23672114854.082634,-28846096412.157646,59061.94188748811
3088,0.0015440000000000002,-24497745679.035675,-28119185845.42535,59057.76816824843,202817557934.05975,117381409957.15318,10.756341564627656,-24499435140.002384,-28118411384.947334,59061.94188748811
3089,0.0015445000000000003,-25303034030.648285,-27367645927.81193,59059.28211895561,181160369850.73785,117290595080.96335,10.590841067503238,-25304437575.994305,-27367006870.844227,59061.94188748811
3090,0.0015450000000000004,-26085049440.062084,-26593342814.889584,59059.298571339285,162035240367.57278,117330449210.01195,10.41773579163529,-26086492613.405697,-26592638500.22382,59061.94188748811
3091,0.0015455000000000002,-26843426386.144234,-25796745735.951847,59059.31497077664,145060707855.83014,117469024988.77885,10.237764948032435,-26844841336.332706,-25795876453.612534,59061.94188748811
3092,0.0015460000000000003,-27577539055.427162,-24978566374.178734,59059.379889208816,129928072583.01147,117674684132.32343,10.052413767071297,-27579007943.719723,-24977566487.183064,59061.94188748811
3093,0.0015465000000000003,-28286870148.860798,-24139438009.03433,59060.09639124369,116387552387.64653,117917728166.78784,9.86366572251976,-28288257129.581955,-24138456075.71366,59061.94188748811
3094,0.0015470000000000002,-28970969150.500946,-23279932993.815987,59062.451244967364,104236170781.70206,118171990306.72862,9.673768833509774,-28971974628.32799,-23279275898.23438,59061.94188748811
3095,0.0015475000000000003,-29628738365.234985,-22401420427.11414,59062.79915708633,93307779320.41841,118415803076.50095,9.485030202563573,-29629668668.90684,-22400797191.571552,59061.94188748811
3096,0.0015480000000000001,-30260029971.96977,-21504233479.14555,59063.98631288708,83465935769.28783,118631696399.01079,9.299658089593224,-30260776884.68388,-21503794366.752384,59061.94188748811
3097,0.0015485000000000002,-30864002535.017334,-20589595993.275146,59063.50048460202,74596086315.13538,118807560631.21762,9.11962991470643,-30864779855.768692,-20589136932.493958,59061.94188748811
3098,0.0015490000000000005,-31440581406.20795,-19657753235.82046,59064.80473576122,66601537343.652374,118935375013.73413,8.946616731454615,-31441166218.74887,-19657533599.35629,59061.94188748811
3099,0.0015495000000000003,-31988808965.24886,-18710252236.580154,59063.6259356511,59398568430.825966,119011494072.58528,8.78193534794065,-31989500176.884396,-18709879593.076286,59061.94188748811
3100,0.0015500000000000004,-32508848884.74847,-17746980622.944977,59065.66174005949,52914809113.88428,119034807972.30225,8.626548657878622,-32509264593.941154,-17746926093.55904,59061.94188748811
3101,0.0015505000000000002,-32999641806.600433,-16769853132.861229,59064.59124272373,47085653537.343544,119007270767.96686,8.481074205733409,-33000146149.92715,-16769670196.039396,59061.94188748811
3102,0.0015510000000000003,-33461234934.370495,-15778979416.070421,59065.02007301945,41854427683.06954,118931639740.71669,8.345830077751035,-33461615460.336567,-15778912489.098146,59061.94188748811
3103,0.0015515000000000004,-33893064858.097706,-14775597454.953077,59064.779395248326,37169856436.70604,118812154279.29312,8.220873214317992,-33893378664.68058,-14775525109.046352,59061.94188748811
3104,0.0015520000000000002,-34294759640.41326,-13760696333.556156,59063.39428017871,32986156748.51129,118653146170.63039,8.106053080709108,-34295118701.269817,-13760414217.18317,59061.94188748811
3105,0.0015525000000000003,-34666219134.78393,-12734677840.869886,59063.73785428137,29262241791.917973,118458850776.97632,8.001061368356137,-34666505848.85426,-12734471129.007393,59061.94188748811
3106,0.0015530000000000003,-35007032583.612,-11698706292.652548,59064.19974921873,25961015117.070972,118233329806.55463,7.9054755341771825,-35007264507.795876,-11698599293.2137,59061.94188748811
3107,0.0015535000000000002,-35316918448.49061,-10653749148.143017,59064.47661782722,23049474737.517773,117979847366.08228,7.81880193434097,-35317114046.651115,-10653701657.246172,59061.94188748811
3108,0.0015540000000000003,-35595675549.49119,-9600620066.716969,59065.17839162222,20498286150.90767,117700915349.34988,7.740510210824394,-35595846581.49371,-9600813844.458729,59061.94188748811
3109,0.0015545000000000001,-35842995098.59679,-8540615388.531739,59064.24395820455,18281465793.58292,117398315220.26831,7.670060301486746,-35843161414.8146,-8540744518.207841,59061.94188748811
3110,0.0015550000000000002,-36058846184.07168,-7474121722.612414,59064.82750843036,16376292360.521402,117072981295.09258,7.606924562646773,-36058968127.2954,-7474431613.760457,59061.94188748811
3111,0.0015555000000000005,-36242932081.81199,-6402706158.719945,59063.333628983564,14762792679.250023,116725336258.02057,7.550601038152307,-36243100813.23442,-6402817482.6460705,59061.94188748811
3112,0.0015560000000000003,-36395260926.04942,-5326696694.20751,59063.31663013263,13423856581.591614,116355047229.4342,7.500625539089927,-36395456469.86966,-5326805661.6259575,59061.94188748811
3113,0.0015565000000000004,-36515705321.1048,-4247101811.20211,59064.26705325804,12344711405.581566,115961442611.89647,7.4565759909590605,-36515897514.704,-4247420600.633361,59061.94188748811
3114,0.0015570000000000002,-36604124384.33818,-3165437425.0683327,59062.97466548395,11512919431.960096,115543408010.79933,7.418075964728589,-36604337463.30205,-3165594300.646802,59061.94188748811
3115,0.0015575000000000003,-36660559155.45565,-2081987239.330602,59063.27993832224,10918201647.990173,115099475506.55789,7.384795635114682,-36660795758.388374,-2082199639.854693,59061.94188748811
3116,0.0015580000000000004,-36684959572.41021,-998036349.4652405,59063.172137645844,10552113113.817268,114628075820.25412,7.356449251219678,-36685223861.70947,-998208888.4624528,59061.94188748811
3117,0.0015585000000000002,-36677346812.13629,85402957.030459,59062.32753935293,10408004567.177181,114127475206.88528,7.332793004486974,-36677591756.3569,85388425.32993,59061.94188748811
3118,0.0015590000000000003,-36637768047.62708,1167815771.1196048,59063.172711585205,10480825973.950262,113595898115.48013,7.313621521198294,-36638055880.52127,1167683279.6954367,59061.94188748811
3119,0.0015595000000000003,-36566295171.44019,2247712072.9983783,59062.53199649773,10767030736.347336,113031560726.05376,7.298764287076116,-36566578595.996315,2247674614.1896706,59061.94188748811
3120,0.0015600000000000002,-36463030575.32078,3324400627.5241323,59061.912221380786,11264435649.787094,112432713187.9279,7.288081908977701,-36463298539.39406,3324507695.5393167,59061.94188748811
3121,0.0015605000000000003,-36328088899.80028,4397063057.932964,59061.956586433786,11972158921.64732,111797659747.9721,7.281462693316964,-36328356931.32913,4397169250.845966,59061.94188748811
3122,0.001561,-36161657852.51405,5464452877.650051,59060.846006050386,12890574486.588076,111124749899.18906,7.278819770706643,-36161903885.671265,5464782364.275301,59061.94188748811
3123,0.0015615000000000004,-35963850067.07884,6526167595.4106045,59061.60051215011,14021188662.005558,110412437628.5677,7.280088001313672,-35964100439.29481,6526365925.844201,59061.94188748811
3124,0.0015620000000000005,-35734948177.90802,7580767138.747253,59061.12926870186,15366775680.825212,109659155673.1666,7.285222731367792,-35735182570.75427,7581084166.680468,59061.94188748811
3125,0.0015625000000000003,-35475135292.09026,8627652349.521748,59061.30094274329,16931145520.541819,108863480921.98401,7.294196977500843,-35475362422.5777,8627912467.140884,59061.94188748811
3126,0.0015630000000000004,-35184692604.110146,9665807001.13237,59061.42239082526,18719343193.525898,108023969054.2206,7.307000880543839,-35184884226.50974,9666065733.727821,59061.94188748811
3127,0.0015635000000000002,-34863882063.796295,10694428942.044289,59062.0297054928,20737568770.19281,107139229971.86897,7.323640483722017,-34864099070.138725,10694589159.036598,59061.94188748811
3128,0.0015640000000000003,-34513076456.62171,11712425514.699703,59061.89423520691,22993287336.329754,106207860436.86852,7.344137490257447,-34513250654.02439,11712636364.3675,59061.94188748811
3129,0.0015645000000000004,-34132563616.62585,12719102308.866053,59062.124625441844,25495172478.808414,105228524940.08748,7.368528286941825,-34132774224.767002,12719360841.82337,59061.94188748811
3130,0.0015650000000000002,-33722786880.821915,13713379296.111958,59061.43333149201,28253346417.49331,104199810285.68317,7.396864769995013,-33722937886.651516,13713762949.890001,59061.94188748811
3131,0.0015655000000000003,-33283951229.831352,14694881909.338562,59062.70812367443,31279303509.227047,103120360296.50371,7.4292137308554125,-33284210692.755306,14695083334.12394,59061.94188748811
3132,0.0015660000000000003,-32816673696.537457,15662254285.566977,59062.745138720165,34586403669.42725,101988569197.92772,7.465659746076409,-32816915219.186493,15662459607.877522,59061.94188748811
3133,0.0015665000000000002,-32321325966.330437,16614849369.30713,59062.715522470164,38189490693.28338,100803015917.13437,7.506303163402171,-32321547866.582287,16615014583.450815,59061.94188748811
3134,0.0015670000000000003,-31798421759.490585,17551762195.016598,59062.067695006546,42105448862.96906,99562120660.62715,7.551262293172216,-31798577911.054115,17552006040.470562,59061.94188748811
3135,0.0015675,-31248368236.561394,18472356507.547794,59061.83781065598,46353256879.02625,98264272564.50018,7.600674145696091,-31248509637.87892,18472599638.580933,59061.94188748811
3136,0.0015680000000000004,-30671703022.232845,19375792792.660255,59061.65207788209,50954420489.235886,96907671951.41138,7.65469706219561,-30671839563.47534,19376073753.508583,59061.94188748811
3137,0.0015685000000000004,-30068771512.10142,20261592693.32864,59063.33223310441,55933123651.85231,95490448973.2937,7.713512030604473,-30069067500.90309,20261711342.309845,59061.94188748811
3138,0.0015690000000000003,-29440403544.70151,21128551866.924244,59063.89596373973,61316873975.943184,94010423034.7773,7.777326872744893,-29440727142.710342,21128553090.43593,59061.94188748811
3139,0.0015695000000000004,-28787164084.546448,21975979846.11627,59063.689988712766,67136279223.26109,92465606814.64723,7.846374810131299,-28787501052.635708,21976010162.66392,59061.94188748811
3140,0.0015700000000000002,-28109561061.425323,22803295794.64059,59063.6427295581,73425913199.00345,90853830122.05804,7.920917975951621,-28109883029.16199,22803255012.23667,59061.94188748811
3141,0.0015705000000000003,-27408179444.03171,23609838621.101337,59063.99492491747,80224985621.71452,89172652194.97865,8.001252123370026,-27408532529.973644,23609729223.505806,59061.94188748811
3142,0.0015710000000000003,-26683821193.55724,24394732706.365646,59063.39823197203,87577928602.7664,87419428333.64586,8.087710793638216,-26684110289.100605,24394690620.951626,59061.94188748811
3143,0.0015715000000000002,-25937009325.403446,25157487098.03869,59063.04968111244,95534898440.35678,85591504081.92418,8.180667712577469,-25937261445.8576,25157526835.045635,59061.94188748811
3144,0.0015720000000000003,-25168352951.879707,25897526215.883915,59063.38962885022,104153099925.03685,83685859348.60312,8.280544114561964,-25168659304.158512,25897516941.357132,59061.94188748811
3145,0.0015725000000000003,-24378764557.479263,26614006970.90046,59062.78878182845,113497788553.75739,81699196854.94101,8.387815540948903,-24379027055.331654,26614063118.8883,59061.94188748811
3146,0.0015730000000000002,-23568665305.704956,27306616700.843803,59063.360040930085,123643153254.09412,79628234677.94783,8.503016032977206,-23568966540.09004,27306535312.239994,59061.94188748811
3147,0.0015735000000000002,-22739028453.787277,27974545175.437103,59063.328150154106,134674552988.08316,77469130516.47432,8.626750624662066,-22739297132.05459,27974526718.23687,59061.94188748811
3148,0.001574,-21890573084.599457,28617272677.109066,59062.96478179166,146689596144.7828,75218086248.73686,8.759701540541455,-21890816678.091965,28617317542.36505,59061.94188748811
3149,0.0015745000000000004,-21023996736.465946,29234323826.01692,59062.71139535323,159800665522.47336,72871021868.29146,8.902640453611166,-21024230666.748158,29234420164.69264,59061.94188748811
3150,0.0015750000000000004,-20140027464.43551,29825222834.524563,59062.83091783247,174137567025.1879,70423561484.82227,9.056443013807277,-20140281808.859894,29825313639.668694,59061.94188748811
3151,0.0015755000000000003,-19239725013.00677,30389296312.80435,59061.75003288708,189850619285.49814,67871096095.558716,9.222105220816303,-19239789766.19738,30389474337.79448,59061.94188748811
3152,0.0015760000000000004,-18323344479.48914,30926455476.863438,59062.654331701284,207113884000.50177,65209170046.757286,9.400758145607677,-18323533422.298103,30926531160.608604,59061.94188748811
3153,0.0015765000000000002,-17392332864.67392,31435848953.248554,59061.90092235285,226130796027.08176,62432704492.14206,9.59369731499697,-17392357232.358818,31435983915.586452,59061.94188748811
3154,0.0015770000000000003,-16446786199.209215,31917504701.155247,59063.50555964805,247137767178.99823,59537432524.4476,9.80239772851306,-16447131203.693853,31917414622.6686,59061.94188748811
3155,0.0015775000000000003,-15488215632.652042,32370637553.802704,59063.7674328131,270412442029.5398,56518653256.739174,10.028552932042176,-15488646267.672579,32370495075.960575,59061.94188748811
3156,0.0015780000000000002,-14517375891.610174,32794957806.342438,59063.34936811623,296279119225.8195,53373098696.528656,10.274095696555504,-14517740704.557863,32794868672.390736,59061.94188748811
3157,0.0015785000000000003,-13534909779.905098,33190240724.85223,59063.377401063604,325118382834.9167,50098561490.318146,10.541234123206513,-13535318192.087124,33190164586.62307,59061.94188748811
3158,0.0015790000000000003,-12542055403.585953,33556012741.03161,59062.09793890214,357377214826.6876,46694555922.34823,10.832489848035562,-12542204537.99538,33556035685.52402,59061.94188748811
3159,0.0015795000000000002,-11539286636.284235,33892172852.122124,59061.50017516408,393579045197.21704,43164005893.710846,11.150724618246548,-11539296027.359814,33892224629.595367,59061.94188748811
3160,0.0015800000000000002,-10527433816.687891,34198469318.38621,59061.73540504585,434336343402.5121,39514047328.88489,11.499170021273395,-10527481231.685635,34198544715.548073,59061.94188748811
3161,0.0015805,-9507759764.555996,34474531448.45998,59061.11463537472,480361030325.5093,35758720424.85721,11.88143059806121,-9507684074.463787,34474660937.96196,59061.94188748811
3162,0.0015810000000000004,-8480549950.350391,34720355095.94648,59062.305842331705,532471535743.1636,31922615248.947582,12.301440973600787,-8480759661.919207,34720468521.78392,59061.94188748811
3163,0.0015815000000000004,-7447410794.2158165,34935530605.71502,59062.21181610203,591594626531.227,28044626943.67865,12.76336589503057,-7447627540.434999,34935659137.71699,59061.94188748811
3164,0.0015820000000000003,-6409004699.592916,35119991563.68236,59061.96769521092,658748672240.8694,24185622461.694958,13.27135490826892,-6409121537.866336,35120170304.638016,59061.94188748811
3165,0.0015825000000000004,-5365973646.095345,35273679099.539185,59062.66857411439,735001884322.8635,20436428287.445152,13.829105539630993,-5366265394.111491,35273862222.6203,59061.94188748811
3166,0.0015830000000000002,-4319803273.011003,35396350743.78313,59061.94406868136,821380361593.4648,16929625679.391525,14.439095759852727,-4319946503.032907,35396605723.54869,59061.94188748811
3167,0.0015835000000000003,-3270901496.8746543,35488066107.05483,59061.949109488894,918694013515.3955,13854637324.409243,15.10130690698488,-3270987084.8582654,35488274285.48786,59061.94188748811
3168,0.0015840000000000003,-2220360338.9069786,35548733832.93329,59061.92058365608,1027241398606.8486,11473167420.161806,15.811261925899002,-2220472895.458195,35548911079.65087,59061.94188748811
3169,0.0015845000000000002,-1169088245.395082,35578337798.855545,59061.89244122307,1146340776283.655,10133584386.553904,16.557190515742075,-1169187460.4291923,35578567515.3261,59061.94188748811
3170,0.0015850000000000003,-118024158.95447648,35576903856.10847,59061.88370149449,1273663134622.2517,10273909739.892448,17.316388255652793,-118147527.97149608,35577161713.67446,59061.94188748811
3171,0.0015855000000000003,931950269.8950874,35544444925.0757,59061.86726972636,1404417401586.5073,12398954904.57714,18.051399645506045,931868320.2013458,35544704828.13774,59061.94188748811
3172,0.0015860000000000002,1979898019.4561434,35481035271.25297,59061.82985285212,1530616711736.697,17010787897.837887,18.707735220615522,1979827051.5766141,35481292040.20824,59061.94188748811
3173,0.0015865000000000002,3024830855.6664104,35386778379.38172,59061.581663171004,1640925230348.0254,24476342585.612427,19.216168257881666,3024873584.1377287,35387009177.850395,59061.94188748811
3174,0.0015870000000000003,4065935944.996778,35261780283.14645,59061.36442061622,1721784569456.9324,34843896496.1977,19.50306626886804,4066045780.592012,35261985328.95948,59061.94188748811
3175,0.0015875000000000004,5102432323.899109,35106162912.369705,59061.48894496896,1760267448949.1343,47675398283.01506,19.509570738972872,5102507857.648568,35106415505.23388,59061.94188748811
3176,0.0015880000000000004,6133155683.145382,34920142838.90666,59061.27047378603,1748092805813.841,62008853644.73219,19.213903149312962,6133332397.224296,34920369086.755875,59061.94188748811
3177,0.0015885000000000003,7157300011.266455,34703907523.61677,59060.940383982794,1684927354180.0647,76535001064.34875,18.644787896750785,7157620958.702439,34704123683.02179,59061.94188748811
3178,0.0015890000000000004,8173229874.860569,34457873980.062645,59058.61713738808,1578871740823.563,89943941360.33707,17.87585793728406,8174423187.475784,34457876001.12785,59061.94188748811
3179,0.0015895000000000002,9181653762.28749,34181915574.09373,59058.35585433264,1443692814397.9968,101263474527.84047,17.002851535849512,9182982223.829988,34181874026.022385,59061.94188748811
3180,0.0015900000000000003,10179867852.229742,33876802400.620594,59055.456550562434,1294487161917.4214,110028997322.87009,16.116522831875294,10182396118.071112,33876368255.60461,59061.94188748811
3181,0.0015905000000000003,11170161547.879719,33541876928.10478,59057.986503644235,1144121425708.0415,116238562890.02657,15.284553533447315,11171745547.273706,33541652815.25671,59061.94188748811
3182,0.0015910000000000002,12149155544.597664,33178192077.358738,59059.36630078628,1001543632394.1521,120203283284.38022,14.546241140829837,12150254036.280771,33178091115.40153,59061.94188748811
3183,0.0015915000000000002,13116330747.989294,32786009341.445847,59060.45518969897,871819197194.7197,122368320738.52898,13.9166852570427,13117111913.411661,32786000655.655346,59061.94188748811
3184,0.0015920000000000003,14070454316.771019,32365881693.229168,59060.16634811672,756998227341.2919,123195304218.10435,13.394342849923497,14071378888.766409,32365816618.294926,59061.94188748811
3185,0.0015925000000000002,15011311839.975584,31917983531.009167,59060.147812389936,657163626633.0813,123094534494.50224,12.968210709802934,15012303282.812641,31917881471.526154,59061.94188748811
3186,0.0015930000000000002,15937695944.495348,31442922512.71233,59059.239314481,571295516562.947,122401431525.86566,12.623054443606025,15939045429.434607,31442588913.61108,59061.94188748811
3187,0.0015935000000000003,16849226856.081444,30940963290.362267,59058.63983081804,497872803782.97656,121373937297.07416,12.342689105341709,16850782136.0594,30940516597.118015,59061.94188748811
3188,0.0015940000000000004,17745461763.588055,30412379834.274754,59059.436394355806,435235834273.8239,120203020743.2078,12.111756453201098,17746770958.574463,30411981226.61394,59061.94188748811
3189,0.0015945000000000004,18625006486.010693,29857984718.50338,59059.60468617169,381784786200.5836,119024684096.15685,11.916569928067375,18626291285.23604,29857529526.69945,59061.94188748811
3190,0.0015950000000000003,19487327328.22248,29278178775.091774,59059.860392302355,336075189823.53064,117930478875.6803,11.745447726004533,19488558932.93014,29277701365.67506,59061.94188748811
3191,0.0015955000000000003,20331633125.51916,28673532733.89478,59059.98634893811,296849244452.02527,116978400864.27292,11.588754683990743,20332834642.026443,28672996699.780373,59061.94188748811
3192,0.0015960000000000002,21157688372.135284,28044269932.3171,59061.91673677348,263037184900.30902,116200243744.76648,11.438827224291776,21158369896.640472,28044017726.63494,59061.94188748811
3193,0.0015965000000000003,21963965299.62565,27391524155.36743,59062.23913311157,233741990442.2127,115608263949.59702,11.289836613929,21964566797.23818,27391336218.372265,59061.94188748811
3194,0.0015970000000000003,22750277485.8288,26715552796.312893,59063.08017117775,208221316058.2798,115198535359.44122,11.13765238109566,22750686186.00785,26715446496.306507,59061.94188748811
3195,0.0015975000000000002,23515580035.010265,26017274539.513626,59062.60892307323,185863737144.26913,114956644925.57307,10.979661435406499,23516072462.231068,26017102998.720528,59061.94188748811
3196,0.0015980000000000002,24259595516.74479,25297040725.147434,59062.62252948434,166169626518.34216,114860028566.89946,10.814588143828807,24260039760.149166,25296891685.31084,59061.94188748811
3197,0.0015985000000000003,24981707976.339203,24555481794.28639,59063.209361352594,148731441269.67047,114881880830.94797,10.642281870627027,24982077257.082504,24555392790.64569,59061.94188748811
3198,0.0015990000000000002,25681176768.797085,23793386458.89803,59063.61038588041,133218003254.38406,114993245664.10226,10.463497945023116,25681447793.016644,23793368899.308945,59061.94188748811
3199,0.0015995000000000002,26357442074.310635,23011422461.71895,59063.96287068772,119360668254.72392,115165067168.14803,10.279672440714977,26357694815.33187,23011469536.826633,59061.94188748811
3200,0.0016000000000000003,27009756520.91994,22210503240.337784,59063.02797167738,106941075921.91087,115370171302.31273,10.092695810234531,27010094594.476746,22210438260.81341,59061.94188748811
3201,0.0016005000000000004,27637808224.179085,21391115531.80863,59062.33398976956,95781332384.74257,115584328670.89381,9.904704259261822,27638244403.098392,21390922070.967793,59061.94188748811
3202,0.0016010000000000004,28241101310.27008,20553958134.416782,59062.076314392354,85734999416.50168,115787574247.4506,9.7178894019363,28241532790.89341,20553752085.098064,59061.94188748811
3203,0.0016015000000000003,28819298766.366528,19699549040.92106,59063.57884744324,76680563472.02022,115964272409.46922,9.53434687708958,28819497258.29491,19699527556.024887,59061.94188748811
3204,0.0016020000000000003,29371481787.11591,18829237512.324364,59063.2006949043,68515790250.630356,116103245756.25172,9.355961382840531,29371656689.256287,18829175547.322475,59061.94188748811
3205,0.0016025000000000002,29897554459.71675,17943311037.857025,59064.02201982567,61154276145.19795,116196784917.91684,9.184339285561649,29897602029.379837,17943417687.965668,59061.94188748811
3206,0.0016030000000000003,30396853091.816246,17042908724.47163,59063.87174540499,54521029555.3256,116241136313.15376,9.020762407440907,30396889631.177315,17043014052.846237,59061.94188748811
3207,0.0016035000000000003,30869103284.30331,16128634009.909594,59064.010539265655,48550823725.9419,116235102332.67006,8.866182765881254,30869117706.254936,16128781346.641039,59061.94188748811
3208,0.0016040000000000002,31313816613.201588,15201497247.74589,59063.26712172241,43185872117.356384,116179829915.97429,8.721234035489726,31313872124.22592,15201546499.825798,59061.94188748811
3209,0.0016045000000000002,31730858623.748707,14261894691.775967,59064.19505382993,38374831948.90863,116077848038.77213,8.586263572262732,31730815588.590244,14262153204.827145,59061.94188748811
3210,0.0016050000000000003,32119544764.40411,13311388894.610106,59062.43507714966,34071439623.582493,115932841205.31958,8.461369733818872,32119593054.18034,13311370321.002676,59061.94188748811
3211,0.0016055000000000002,32479824278.752644,12350312533.65103,59061.18895859488,30234566046.47795,115748480373.75218,8.346452104941175,32479892404.816177,12350041095.126923,59061.94188748811
3212,0.0016060000000000004,32811477085.660076,11379329679.403828,59061.45736592998,26826929178.02888,115528766530.7455,8.241252410295699,32811501685.493385,11379095108.366411,59061.94188748811
3213,0.0016065000000000003,33114146216.09606,10399522438.837494,59061.804555501265,23815010382.372173,115277421076.44273,8.145397299285262,33114135049.44848,10399355993.270521,59061.94188748811
3214,0.0016070000000000004,33387594155.93671,9411772279.4441,59062.12498287798,21168958242.512356,114997507720.39935,8.058438502533335,33387602878.18062,9411682538.3883,59061.94188748811
3215,0.0016075000000000004,33631563247.425606,8417147331.290779,59061.30676601291,18862209332.106117,114691454017.37798,7.97988542259954,33631593633.912834,8416910443.508514,59061.94188748811
3216,0.0016080000000000003,33846006266.06348,7416043390.918907,59062.16718620345,16871310417.37351,114360962994.44307,7.909232206530102,33845970502.394447,7415946560.600856,59061.94188748811
3217,0.0016085000000000003,34030607835.796093,6410006164.700217,59060.79034460708,15175505376.127483,114007210516.33917,7.845976893371931,34030679485.628296,6409729944.655652,59061.94188748811
3218,0.0016090000000000002,34185388136.382366,5399274137.056822,59061.02695202761,13756870832.579386,113630561710.01166,7.78963905491824,34185437935.332348,5399001073.07617,59061.94188748811
3219,0.0016095000000000003,34310196895.278168,4384910580.286803,59061.719321360295,12599771951.545454,113230996840.07364,7.739768596178951,34310242122.974625,4384726061.08333,59061.94188748811
3220,0.0016100000000000003,34404950359.58119,3367818205.4906178,59062.74170720835,11690915041.852617,112807949154.65706,7.695953609633916,34404954437.8948,3367833763.7478676,59061.94188748811
3221,0.0016105000000000002,34469573405.04387,2349143652.9262834,59062.61793325181,11019117130.468916,112360458957.41061,7.657824173361922,34469591645.814354,2349096430.5768247,59061.94188748811
3222,0.0016110000000000002,34504065181.44237,1329698876.245298,59061.90009043218,10575146061.927565,111887254889.75694,7.625053708080968,34504087812.499916,1329525409.4874332,59061.94188748811
3223,0.0016115000000000003,34508449761.687965,309906358.71175545,59063.28033062861,10351516382.113117,111386889814.16364,7.597357936794301,34508469587.43626,309966542.34121656,59061.94188748811
3224,0.0016120000000000002,34482730741.984634,-708734959.1481665,59063.11439701177,10342379526.625708,110857790828.13837,7.574492924941962,34482758983.28784,-708730411.6793002,59061.94188748811
3225,0.0016125000000000004,34426982723.70537,-1725466356.1885161,59062.27400946879,10543414090.849947,110298280588.75522,7.556252651789018,34426995248.90047,-1725523095.6127982,59061.94188748811
3226,0.0016130000000000003,34341281998.329453,-2739666918.222466,59062.31765135121,10951683502.015265,109706677024.71039,7.5424656393756075,34341296700.61023,-2739719208.377253,59061.94188748811
3227,0.0016135000000000004,34225718636.513138,-3750520757.3866987,59063.53786967943,11565591020.53434,109081289968.47307,7.532991934251476,34225755274.988388,-3750347056.229243,59061.94188748811
3228,0.0016140000000000004,34080457867.32768,-4756764042.986571,59063.61848673713,12384818751.100185,108420433920.3064,7.5277202507007335,34080482185.954235,-4756567244.016348,59061.94188748811
3229,0.0016145000000000003,33905658255.417442,-5757642651.711029,59063.338788108376,13410187731.239498,107722507206.19266,7.526564595359346,33905722060.214558,-5757447166.81714,59061.94188748811
3230,0.0016150000000000003,33701506956.346745,-6752315894.161378,59062.87845467286,14643680651.634138,106985953991.66747,7.529461839356056,33701554343.401855,-6752159043.861707,59061.94188748811
3231,0.0016155000000000004,33468223390.966793,-7739903524.916613,59062.134414513406,16088417737.025797,106209266256.65482,7.536369638487433,33468256243.5147,-7739867018.049479,59061.94188748811
3232,0.0016160000000000002,33206067502.002647,-8719480897.54221,59060.70834515351,17748644790.79353,105390985852.4669,7.5472646778777985,33206071598.232655,-8719673003.122263,59061.94188748811
3233,0.0016165000000000003,32915186860.160015,-9690656810.176165,59061.32022614813,19629726995.65546,104529710850.6134,7.5621411682457484,32915178828.534115,-9690744600.394722,59061.94188748811
3234,0.0016170000000000002,32595934474.687737,-10652279630.315172,59061.94657478314,21738379224.819443,103623932094.70042,7.581011418444384,32595901263.174046,-10652322689.622782,59061.94188748811
3235,0.0016175000000000002,32248656104.93648,-11603416696.872963,59061.96041655661,24082454511.24136,102672241631.99632,7.603904110381911,32248621426.7705,-11603410962.710625,59061.94188748811
3236,0.0016180000000000003,31873647525.105263,-12543379876.363815,59062.18449001601,26671060569.498116,101673269508.8754,7.630863650560441,31873620014.071915,-12543358178.401745,59061.94188748811
3237,0.0016185000000000001,31471311002.655922,-13471247474.206253,59061.9063662505,29514754124.07618,100625583263.37463,7.661950844904301,31471248715.29727,-13471261160.962456,59061.94188748811
3238,0.0016190000000000004,31041971112.275455,-14386373017.06431,59062.07024717109,32625536726.913933,99527770798.0152,7.697242707642553,31041905133.98994,-14386393606.568748,59061.94188748811
3239,0.0016195000000000003,30586125782.758373,-15287764756.40366,59061.35702356347,36017130588.91622,98378310703.48238,7.736833897141825,30585968289.56832,-15287826001.605091,59061.94188748811
3240,0.0016200000000000003,30104106317.996532,-16174870024.388762,59061.17909420604,39704932447.61367,97175730271.3786,7.7808364028099914,30103964751.137344,-16174984262.220196,59061.94188748811
3241,0.0016205000000000004,29596393460.498272,-17046861335.814802,59061.05625820019,43706466447.92275,95918373501.97763,7.829382086339007,29596172192.337482,-17046982573.697138,59061.94188748811
3242,0.0016210000000000003,29063447240.92617,-17903015125.717754,59061.107796683216,48041434762.701035,94604544861.5666,7.882623545445069,29063217622.498337,-17903147275.103893,59061.94188748811
3243,0.0016215000000000003,28505815592.5874,-18742512260.68697,59060.735465047925,52732041177.498344,93232444733.09213,7.940735918181302,28505555764.101913,-18742711796.038128,59061.94188748811
3244,0.0016220000000000004,27923818481.521877,-19564941211.758553,59061.93578046206,57803209976.82929,91800228407.8383,8.003918174815665,27923668752.429962,-19564991775.899124,59061.94188748811
3245,0.0016225000000000002,27318284567.898483,-20369151854.140453,59061.62550249825,63283292490.48182,90305723288.65396,8.072397905069465,27318078037.09301,-20369273179.26271,59061.94188748811
3246,0.0016230000000000003,26689562966.97721,-21154772363.410988,59061.956389682826,69203822482.23813,88746964880.95349,8.1464299283797,26689398044.704414,-21154815948.19391,59061.94188748811
3247,0.0016235000000000002,26038228973.06996,-21921122349.55562,59062.787665395896,75600696741.79507,87121598566.26918,8.226302593207487,26038157142.578354,-21921045358.18254,59061.94188748811
3248,0.0016240000000000002,25364931910.292385,-22667477397.160576,59063.55934597192,82514482109.41484,85427129224.70586,8.312341170801737,25364947083.927032,-22667240367.434723,59061.94188748811
3249,0.0016245000000000003,24670424794.296276,-23393054427.027565,59063.1776111961,89991026204.05348,83660962446.32562,8.404911266097315,24670361695.651215,-23392860153.71383,59061.94188748811
3250,0.0016250000000000001,23955083167.379066,-24097535048.86123,59063.77616264073,98082140012.13292,81820465732.01811,8.504422159874746,23955098922.91819,-24097255178.896103,59061.94188748811
3251,0.0016255000000000004,23219898908.929134,-24779969555.598663,59062.679512455004,106847099448.57492,79902521005.34026,8.61133635468904,23219804147.246983,-24779809262.05947,59061.94188748811
3252,0.0016260000000000003,22465290512.491543,-25440053493.54419,59061.91361358388,116352939393.12936,77904186983.57349,8.726171577918366,22465109468.433483,-25439997195.439224,59061.94188748811
3253,0.0016265000000000003,21691700422.404285,-26077439112.2129,59063.02209341782,126676593639.84271,75822013158.1469,8.849512679690978,21691680900.92695,-26077212508.180145,59061.94188748811
3254,0.0016270000000000004,20900400825.457115,-26691082132.261696,59061.93283935824,137906503488.7463,73652102357.19682,8.98202371027199,20900242446.07861,-26690950853.38411,59061.94188748811
3255,0.0016275000000000003,20091585474.80596,-27280922250.02735,59062.26853855908,150143343220.5134,71390992372.38039,9.12445031074135,20091469327.630627,-27280742158.718693,59061.94188748811
3256,0.0016280000000000003,19266172702.081993,-27846302211.37102,59062.61701365487,163503776819.0149,69034436213.54385,9.277640341331708,19266131151.032757,-27846041797.51906,59061.94188748811
3257,0.0016285000000000004,18425047233.958195,-28386655858.918,59062.11561826259,178122169240.9951,66578264280.28201,9.44255525914877,18424894455.532135,-28386425744.90868,59061.94188748811
3258,0.0016290000000000002,17568704735.259274,-28901723867.620483,59062.36064702561,194153797240.13562,64018346459.0152,9.6202853292671,17568615472.816902,-28901461685.89053,59061.94188748811
3259,0.0016295000000000003,16698227997.212708,-29390877755.376667,59061.47129958253,211779216768.42282,61350247311.94567,9.812073430313157,16697974423.559416,-29390666191.906536,59061.94188748811
3260,0.0016300000000000002,15813967895.984032,-29853985971.226765,59061.903209596596,231207942924.57785,58569988424.72102,10.019332995629492,15813779158.291195,-29853734890.928005,59061.94188748811
3261,0.0016305000000000002,14917216033.480736,-30290379557.121418,59060.82268039376,252684850837.26172,55673452425.02444,10.243680424830925,14916841300.852432,-30290243615.010242,59061.94188748811
3262,0.0016310000000000003,14008185900.56055,-30700029607.739346,59061.41089862741,276495100655.59924,52657685944.87063,10.486955931891004,14007883020.072264,-30699852037.01327,59061.94188748811
3263,0.0016315000000000004,13088050243.394316,-31082406894.021523,59061.61960559866,302972985469.0586,49520187724.394455,10.751263896692,13087794169.118818,-31082195483.557198,59061.94188748811
3264,0.0016320000000000004,12157621293.173632,-31437217461.74666,59061.514527443,332508922204.9657,46260587583.66057,11.038998608406489,12157333636.202175,-31437000697.15452,59061.94188748811
3265,0.0016325000000000003,11217719559.445639,-31764190839.970963,59061.15031335162,365559105045.60333,42881159283.78565,11.352874617358951,11217297196.965296,-31764046630.27584,59061.94188748811
3266,0.0016330000000000003,10269101597.887203,-32063106735.056614,59060.89929092007,402655177050.274,39388175607.18959,11.69594965124242,10268585467.289383,-32063032272.13794,59061.94188748811
3267,0.0016335000000000004,9312774099.318752,-32333677341.59526,59059.9884322934,444413596532.6682,35793782875.23671,12.071631725855763,9312094700.64859,-32333679591.864876,59061.94188748811
3268,0.0016340000000000003,8349321027.027549,-32575794134.06197,59059.631914263664,491542291088.7722,32118979751.51161,12.483649555227165,8348512409.440343,-32575818709.70365,59061.94188748811
3269,0.0016345000000000003,7379744733.717428,-32789224623.83711,59059.10096058909,544842826655.666,28397104085.367496,12.935970274602573,7378796833.446276,-32789257449.143715,59061.94188748811
3270,0.0016350000000000004,6404976810.110066,-32973798374.12222,59058.07831185206,605200134968.2809,24679626279.701283,13.43260797576012,6403750658.188492,-32973875511.99177,59061.94188748811
3271,0.0016355000000000002,5425514840.4802475,-33129485239.026997,59058.1102313385,673551946697.8291,21043416202.629875,13.977264702205135,5424241457.335209,-33129496835.02869,59061.94188748811
3272,0.0016360000000000003,4442462508.22547,-33256109597.26613,59058.08081355473,750822409908.0125,17600196858.753326,14.572708181346702,4441110264.934119,-33256099558.921387,59061.94188748811
3273,0.0016365000000000002,3456679600.4128695,-33353595337.14479,59057.998797159176,837794166417.3743,14509292350.485567,15.219730975149428,3455263302.7781796,-33353559056.426548,59061.94188748811
3274,0.0016370000000000002,2469093380.349901,-33421872237.03874,59057.56592915874,934888561557.896,11991495805.133411,15.915530891753614,2467509282.5131173,-33421819671.69547,59061.94188748811
3275,0.0016375000000000003,1480434118.1956913,-33460948725.80097,59057.379069144714,1041813550148.5902,10342475307.782896,16.651342940996795,1478764124.653182,-33460867797.999405,59061.94188748811
3276,0.0016380000000000003,491581271.5520627,-33470815795.391834,59057.34102316011,1157049332567.3582,9939506287.507019,17.409290196022532,489819938.15559363,-33470711575.109455,59061.94188748811
3277,0.0016385000000000004,-496433837.57543325,-33451539281.667957,59057.12488282438,1277185462030.0483,11230738316.983612,18.15880180106858,-498415240.4619188,-33451323141.18337,59061.94188748811
3278,0.0016390000000000003,-1483270175.8835013,-33403048464.490993,59057.7730307212,1396238914624.4412,14690199593.126228,18.85374491168444,-1484977269.306978,-33402832740.632805,59061.94188748811
3279,0.0016395000000000003,-2467348546.6743693,-33325546460.268417,59057.59980187849,1505276508108.4485,20722160980.902023,19.432556536937827,-2469215859.564242,-33325235428.29348,59061.94188748811
3280,0.0016400000000000004,-3448062191.003863,-33219099004.107353,59057.21149193119,1592880539581.241,29512014044.62599,19.824529741814978,-3450142753.891917,-33218702705.413246,59061.94188748811
3281,0.0016405000000000002,-4424844827.604932,-33083786202.840515,59057.364927754585,1646968060399.4607,40861542668.50875,19.96434164273205,-4426925372.294791,-33083297816.5599,59061.94188748811
3282,0.0016410000000000003,-5396341640.301424,-32919847918.52843,59056.70579850482,1657919211449.1025,54093120217.73823,19.81248546381394,-5398788579.469917,-32919254480.28666,59061.94188748811
3283,0.0016415000000000004,-6362349405.616373,-32727341061.997078,59056.94240470615,1621911349672.378,68116459836.574104,19.37292224680504,-6364779984.340891,-32726707081.80035,59061.94188748811
3284,0.0016420000000000002,-7321891589.109806,-32506475775.76727,59057.66821700056,1542620318585.876,81680713980.24571,18.696839545623174,-7324111761.955429,-32505790221.65057,59061.94188748811
3285,0.0016425000000000003,-8274898145.566775,-32257256175.347458,59060.855152227945,1430135550221.725,93699992124.87721,17.868429508345606,-8275928020.286548,-32256843212.730415,59061.94188748811
3286,0.0016430000000000001,-9218692140.16656,-31980401767.03675,59061.562281912986,1297686769503.6582,103492557482.49287,16.98014549512479,-9219403148.849833,-31979998754.990154,59061.94188748811
3287,0.0016435000000000002,-10153098462.446772,-31676054887.128986,59061.5450839409,1158067614744.6304,110833346079.62816,16.110606714269778,-10153787930.079945,-31675613231.838806,59061.94188748811
3288,0.0016440000000000003,-11077800111.744553,-31344364119.71183,59062.11800978685,1021272671787.1904,115863851077.6997,15.313209459292139,-11078258201.884136,-31343945998.498463,59061.94188748811
3289,0.0016445000000000003,-11991351071.273151,-30985878011.128582,59061.51166133368,893764795848.658,118937789258.07747,14.615597027363464,-11991958780.522882,-30985377273.5829,59061.94188748811
3290,0.0016450000000000004,-12893128008.187904,-30600913927.104954,59060.16081064276,778880746193.4348,120482541080.19711,14.025322679170431,-12894195207.72629,-30600135903.826134,59061.94188748811
3291,0.0016455000000000003,-13783267708.680113,-30189463139.871433,59060.64220466493,677686941419.2958,120911716862.79465,13.536970755716386,-13784151607.285048,-30188651458.918423,59061.94188748811
3292,0.0016460000000000003,-14660381342.818121,-29752148702.70003,59061.16268013454,589833205373.3699,120582392635.28734,13.138167405240095,-14661089764.678362,-29751332207.0514,59061.94188748811
3293,0.0016465000000000004,-15523873394.452944,-29289301889.075294,59062.20298742374,514217713712.28577,119779851130.0126,12.813777879234102,-15524219444.30236,-29288627530.857025,59061.94188748811
3294,0.0016470000000000002,-16372135472.304369,-28801806467.4547,59060.986917135306,449423729519.2434,118722037773.29123,12.548412476229089,-16372806071.860172,-28800945493.784523,59061.94188748811
3295,0.0016475000000000003,-17205764411.30481,-28289435644.84429,59061.83666668297,393981901352.41437,117568066525.21333,12.327778059637698,-17206167731.591846,-28288647993.12505,59061.94188748811
3296,0.0016480000000000004,-18023438011.005585,-27752969244.728718,59062.715721359615,346503339005.82263,116431873926.35172,12.139257724561558,-18023568863.40797,-27752307315.65865,59061.94188748811
3297,0.0016485000000000002,-18824501531.211918,-27192875452.743126,59063.780889841524,305745906829.6518,115389507678.16162,11.972138357977553,-18824254945.199852,-27192397601.423473,59061.94188748811
3298,0.0016490000000000003,-19608014814.03903,-26609842107.64743,59063.996436366,270632451847.95602,114488288468.24474,11.81761667042335,-19607670651.760975,-26609389672.030033,59061.94188748811
3299,0.0016495000000000001,-20373535535.387077,-26004270045.924496,59064.23420364019,240248043456.97443,113752977328.82018,11.668718245540765,-20373108252.58189,-26003927916.446247,59061.94188748811
3300,0.0016500000000000002,-21120226494.90595,-25376859112.372704,59063.623006101814,213825236652.36182,113191506769.8625,11.520167073620089,-21119826642.270504,-25376418471.404816,59061.94188748811
3301,0.0016505000000000005,-21847688071.825188,-24728020171.493256,59063.20631788123,190726908444.31027,112798616329.5337,11.368244734657548,-21847362762.54804,-24727565600.39784,59061.94188748811
3302,0.0016510000000000003,-22555565121.965343,-24058115367.768887,59064.341632194846,170427195185.10825,112559819653.17735,11.210626834362913,-22554988697.843678,-24057878138.48639,59061.94188748811
3303,0.0016515000000000004,-23242789913.10107,-23368139537.026077,59064.54498545153,152494155874.33887,112454327755.69252,11.046205775861235,-23242166642.4533,-23367960113.775642,59061.94188748811
3304,0.0016520000000000003,-23908749322.614574,-22658781787.42642,59063.5110029665,136575358581.97852,112456801633.41734,10.87491093798168,-23908272957.909485,-22658465670.18963,59061.94188748811
3305,0.0016525000000000003,-24553208799.942802,-21930388617.09456,59063.15377513484,122383492287.16788,112540239715.88257,10.6975050254136,-24552767158.026207,-21930057457.11542,59061.94188748811
3306,0.0016530000000000004,-25175674984.773567,-21183548902.859222,59063.82312222394,109683939641.81548,112678261034.89691,10.515368900801446,-25175110612.502594,-21183361218.425674,59061.94188748811
3307,0.0016535000000000002,-25775453693.70305,-20419109277.85334,59064.3502591034,98285079282.50761,112846208999.62076,10.330296780966421,-25774835567.060154,-20419032955.89269,59061.94188748811
3308,0.0016540000000000003,-26352017012.766693,-19637798573.36305,59064.491215313144,88030080535.73862,113022024452.25731,10.144308327429005,-26351345631.54103,-19637780926.83705,59061.94188748811
3309,0.0016545000000000004,-26904971546.550484,-18840219697.261524,59064.879147902204,78789577927.86174,113187180028.03365,9.959479933079777,-26904195887.98258,-18840333683.760666,59061.94188748811
3310,0.0016550000000000002,-27433664375.347576,-18027358046.298904,59063.84450577561,70455697576.65189,113327136936.66304,9.777804428764622,-27432969822.461414,-18027348913.84937,59061.94188748811
3311,0.0016555000000000003,-27938025518.57442,-17199439382.330242,59064.56398418674,62937786838.28502,113431014960.30093,9.601089476465615,-27937213137.29832,-17199639162.24953,59061.94188748811
3312,0.0016560000000000001,-28417440342.965614,-16357470950.820011,59065.23241606559,56157973975.46981,113491989494.66568,9.430881129941874,-28416536943.906765,-16357855167.668047,59061.94188748811
3313,0.0016565000000000002,-28871326210.431786,-15502539342.342167,59063.84294279298,50049155201.92183,113506108386.30164,9.268430085527577,-28870569900.529896,-15502746145.851784,59061.94188748811
3314,0.0016570000000000005,-29299644862.713276,-14634868244.48412,59063.82135012752,44552817997.20456,113471838904.51085,9.114682824530925,-29298872690.260914,-14635115216.921154,59061.94188748811
3315,0.0016575000000000003,-29701892485.217,-13755500313.919062,59063.407747332356,39616771564.23042,113390075590.13211,8.970286208583392,-29701145905.819115,-13755692405.90088,59061.94188748811
3316,0.0016580000000000004,-30077898592.132156,-12864903137.189272,59064.49060193488,35194670877.26379,113262917520.33592,8.835616523411167,-30077056978.240433,-12865280158.144209,59061.94188748811
3317,0.0016585000000000003,-30427254912.82191,-11964063706.773409,59065.74244110093,31244783903.708614,113093518641.21875,8.710812897706017,-30426354766.043713,-11964702895.796553,59061.94188748811
3318,0.0016590000000000003,-30749540618.672043,-11054150401.75736,59064.96888652219,27729738714.170845,112885308070.65274,8.595819807149114,-30748627288.045525,-11054733301.474333,59061.94188748811
3319,0.0016595000000000004,-31044690230.179848,-10135537123.122684,59064.8992473661,24616097919.346935,112641637457.2404,8.490429830627408,-31043754024.90297,-10136133347.832146,59061.94188748811
3320,0.0016600000000000002,-31312349323.80478,-9209407189.337082,59063.29041404946,21873614931.926792,112365880770.72897,8.394319880368053,-31311540947.01626,-9209763615.335152,59061.94188748811
3321,0.0016605000000000003,-31552579250.646782,-8275733862.944928,59065.20349611066,19475366166.34744,112060849339.5529,8.307088841774656,-31551641648.071533,-8276423884.772649,59061.94188748811
3322,0.0016610000000000004,-31764960033.27519,-7336084399.585222,59065.95201249767,17397077711.188892,111729099097.04759,8.228285269572261,-31763970815.50429,-7336990991.315061,59061.94188748811
3323,0.0016615000000000002,-31949353971.201073,-6391290995.172095,59065.62043680523,15617538539.058071,111372280408.69897,8.157437115197476,-31948393244.01799,-6392173724.519282,59061.94188748811
3324,0.0016620000000000003,-32105671012.686058,-5442064636.167142,59065.005899398246,14118079591.232635,110991487166.59663,8.094071484442727,-32104718177.898914,-5442951878.730027,59061.94188748811
3325,0.0016625000000000001,-32233811245.46851,-4489243945.099133,59064.10291371694,12882383435.41074,110587294139.79799,8.03772961123127,-32232866477.03546,-4490078480.7303915,59061.94188748811
3326,0.0016630000000000002,-32333692185.108166,-3533733752.5827336,59062.53513835267,11896364589.284605,110159759606.59245,7.987978192430194,-32332836711.89965,-3534393911.6706448,59061.94188748811
3327,0.0016635000000000005,-32405302999.00185,-2576023574.9916005,59062.37521773336,11148016716.47563,109708487738.14613,7.9444170727036365,-32404506381.622192,-2576679005.0820336,59061.94188748811
3328,0.0016640000000000003,-32448576089.294952,-1617234996.854778,59061.84011213044,10627225008.346527,109232746194.51468,7.906683431533421,-32447793291.5389,-1617820720.9521542,59061.94188748811
3329,0.0016645000000000004,-32463512090.15122,-658212893.3900615,59060.9201175611,10325703508.732483,108731455210.85573,7.874454495212888,-32462757538.935677,-658693119.6107365,59061.94188748811
3330,0.0016650000000000002,-32450137850.341763,300412198.4377004,59060.84853111775,10236811111.978876,108203321273.5555,7.847447641527734,-32449407797.57847,299945156.7477112,59061.94188748811
3331,0.0016655000000000003,-32408483559.14967,1257888015.6161325,59062.03181544479,10355442813.034815,107646897964.68716,7.825419265734002,-32407750544.566322,1257231783.3131547,59061.94188748811
3332,0.0016660000000000004,-32338612176.196102,2213143030.831807,59062.964427044004,10677949328.801449,107060617654.79512,7.808163010795972,-32337901307.645187,2212395074.707363,59061.94188748811
3333,0.0016665000000000002,-32240640502.362522,3165098215.656679,59062.20926781636,11202017307.309216,106442857753.96645,7.79550717655842,-32239911676.306038,3164411418.28149,59061.94188748811
3334,0.0016670000000000003,-32114688314.799126,4113122822.1319156,59061.0648925349,11926549119.199688,105792013827.22609,7.787311503671345,-32113938868.497276,4112637051.48674,59061.94188748811
3335,0.0016675000000000004,-31960869597.930984,5056636460.880201,59060.993105041496,12851650580.88932,105106490423.33162,7.783464454099558,-31960119832.71065,5056177198.067807,59061.94188748811
3336,0.0016680000000000002,-31779393520.764683,5994490654.517575,59059.933116736036,13978633362.889389,104384680260.6574,7.783881044160987,-31778617430.3321,5994207908.813346,59061.94188748811
3337,0.0016685000000000003,-31570424674.642307,6926073174.172471,59059.1533869255,15309872194.796812,103625060983.07715,7.788499854066624,-31569592149.351467,6925978759.84809,59061.94188748811
3338,0.0016690000000000001,-31334192405.480145,7850501141.896067,59058.15988577478,16848902073.416538,102826112539.8984,7.797281453311193,-31333316604.448227,7850624862.00795,59061.94188748811
3339,0.0016695000000000002,-31070889406.819138,8767160789.59256,59058.07953597171,18600360949.82278,101986365604.07668,7.810206536856108,-31069991399.28953,8767285495.96738,59061.94188748811
3340,0.0016700000000000005,-30780819910.11845,9675072305.74787,59057.68567397198,20570099411.329662,101104327093.36728,7.827275239812105,-30779883901.020214,9675322996.527739,59061.94188748811
3341,0.0016705000000000003,-30464191898.643436,10573698696.689064,59058.50102168174,22765090892.04284,100178577378.85657,7.848505533738568,-30463334230.904305,10573850252.65998,59061.94188748811
3342,0.0016710000000000004,-30121267952.155888,11462335779.728157,59060.86481289254,25193658660.651386,99207621723.85439,7.873933641668864,-30120531601.48351,11462097209.33284,59061.94188748811
3343,0.0016715000000000002,-29752625319.60889,12339527040.629814,59060.351300808274,27865503537.162647,98189929928.9902,7.90361405795479,-29751890209.85453,12339343268.669815,59061.94188748811
3344,0.0016720000000000003,-29358507948.812088,13204872318.691404,59059.36787875224,30791391358.824337,97124242512.62926,7.9376162726645365,-29357696015.446484,13204849876.07558,59061.94188748811
3345,0.0016725000000000004,-28939137242.215347,14057975061.846472,59060.12917271702,33983770601.241417,96009122629.24911,7.976027225228233,-28938330099.101295,14057821638.442038,59061.94188748811
3346,0.0016730000000000002,-28495084730.945778,14897695879.469631,59059.896684215455,37456973903.60396,94842923929.21237,8.018953949798918,-28494269075.916836,14897596478.143557,59061.94188748811
3347,0.0016735000000000003,-28026605820.351357,15723645492.917452,59060.85550519503,41226931964.2154,93624158626.59085,8.066521893264706,-28025908026.425304,15723429500.324087,59061.94188748811
3348,0.0016740000000000004,-27534345890.936077,16534720883.099575,59060.3226856862,45311839800.26979,92351088683.06377,8.11887842202327,-27533597938.692223,16534544681.750145,59061.94188748811
3349,0.0016745000000000002,-27018657069.537327,17330443262.986725,59059.78190582399,49731883204.22199,91022137099.97408,8.176191448696255,-27017849059.248577,17330354520.01991,59061.94188748811
3350,0.0016750000000000003,-26480002177.5556,18110159062.289597,59059.38154373707,54509944828.72031,89635499147.86438,8.238653109501543,-26479190838.30321,18110198085.48634,59061.94188748811
3351,0.0016755000000000001,-25918859850.65889,18873229256.98373,59059.26439338766,59671802681.78259,88189251315.05376,8.306482131117749,-25918038851.911434,18873241069.65417,59061.94188748811
3352,0.0016760000000000004,-25335659299.259342,19619116574.737823,59060.17081567951,65246513043.13777,86681338689.16872,8.379926565229292,-25334901148.084293,19619083517.936523,59061.94188748811
3353,0.0016765000000000005,-24731104578.96889,20346948661.180645,59060.36223723272,71266948858.18774,85109495156.35925,8.459267742818607,-24730355502.468494,20346935887.657135,59061.94188748811
3354,0.0016770000000000003,-24105643449.793457,21056251442.264523,59060.8673575691,77769964336.54259,83471514832.09183,8.544821251263055,-24104907071.396385,21056169530.0411,59061.94188748811
3355,0.0016775000000000004,-23459911574.515987,21746345019.447666,59061.07667177857,84797376312.0138,81764916248.72932,8.63694266595208,-23459221490.338264,21746231184.70652,59061.94188748811
3356,0.0016780000000000002,-22794572530.335102,22416573668.878952,59060.43635054999,92396443844.78226,79987131242.46672,8.7360313391753,-22793803466.86782,22416551552.990967,59061.94188748811
3357,0.0016785000000000003,-22109997285.872616,23066627352.500107,59060.864065209935,100620683967.89258,78135491143.0365,8.842535103298275,-22109298098.263813,23066586747.26643,59061.94188748811
3358,0.0016790000000000004,-21407191374.275463,23695573843.37185,59059.340538622295,109531292117.36671,76206884451.22113,8.956960092617782,-21406271760.326538,23695707456.92273,59061.94188748811
3359,0.0016795000000000002,-20686375673.735092,24303300450.855133,59059.12869724232,119197444290.42542,74198438830.69473,9.079872673478512,-20685373162.40861,24303507218.82962,59061.94188748811
3360,0.0016800000000000003,-19948338177.789825,24889158867.80191,59059.05737959287,129698782093.05048,72106616190.0591,9.21191457184872,-19947282994.64205,24889353131.774067,59061.94188748811
3361,0.0016805000000000004,-19193806455.79429,25452609723.60714,59058.67986163728,141126303162.45602,69927873699.31342,9.35381047269613,-19192642044.0339,25452842499.74797,59061.94188748811
3362,0.0016810000000000002,-18423325809.757076,25993292635.710987,59058.88471308845,153584388517.18454,67658570131.22938,9.506378922398536,-18422144305.763554,25993551229.794193,59061.94188748811
3363,0.0016815000000000003,-17637795397.991795,26510603365.714428,59058.287999954424,167193384112.3,65294782336.0936,9.67054804483158,-17636433655.404507,26510893728.771694,59061.94188748811
3364,0.0016820000000000001,-16837595025.968363,27004347921.169582,59058.94373364249,182091849385.52225,62832727249.79427,9.847368291636009,-16836267326.150127,27004568413.01348,59061.94188748811
3365,0.0016825000000000004,-16023574588.872644,27474013500.011585,59059.87002637513,198440559522.21475,60268262474.19019,10.038035779784163,-16022354707.171005,27474086915.286,59061.94188748811
3366,0.0016830000000000005,-15196714316.370708,27919062661.302807,59059.59007352412,216425730640.69952,57597532006.94548,10.243910755459646,-15195423132.259283,27919120846.844032,59061.94188748811
3367,0.0016835000000000003,-14357427423.99748,28339335334.6406,59060.045405098295,236263325482.50894,54817236231.140686,10.466537682436375,-14356213213.740297,28339320290.00161,59061.94188748811
3368,0.0016840000000000004,-13506620402.744616,28734396858.536068,59060.27491632322,258205176672.45258,51924282364.93781,10.707677112520622,-13505407671.738468,28734356472.72358,59061.94188748811
3369,0.0016845000000000002,-12644975048.54474,29103970515.531803,59060.68833577318,282544466011.3335,48916713542.891426,10.969331555245695,-12643792696.641054,29103873617.065628,59061.94188748811
3370,0.0016850000000000003,-11773321651.513437,29447729629.441193,59060.92359409138,309623029613.9117,45794015675.3902,11.253776264857946,-11772203316.696012,29447642692.10351,59061.94188748811
3371,0.0016855000000000004,-10892553012.051214,29765356969.014244,59060.40844436815,339838890701.48553,42558076513.11122,11.563586151666527,-10891371119.593168,29765297253.219036,59061.94188748811
3372,0.0016860000000000002,-10003362296.104664,30056652880.589817,59059.65038008027,373654298689.1262,39214379791.280624,11.901655986813564,-10002008545.358742,30056651664.229717,59061.94188748811
3373,0.0016865000000000003,-9106376848.929987,30321454959.14059,59059.41861777868,411603900320.50586,35773439215.964485,12.271210061726896,-9104952772.04875,30321385933.544834,59061.94188748811
3374,0.0016870000000000003,-8202363971.495251,30559561312.01788,59059.75662152802,454301163789.7571,32253082355.143974,12.675785311673451,-8201000832.277125,30559461336.35651,59061.94188748811
3375,0.0016875000000000002,-7292408229.156719,30770697843.90096,59059.30042756833,502440406007.80554,28681860767.64371,13.119162696284127,-7290900813.066072,30770630212.743008,59061.94188748811
3376,0.0016880000000000003,-6376858858.418646,30954850703.74801,59060.13327482873,556790051382.5707,25103811407.79836,13.605209574398128,-6375525270.159036,30954721154.3718,59061.94188748811
3377,0.0016885000000000001,-5456987890.23262,31111748065.174725,59060.07957931588,618171847000.9249,21583981712.156982,14.137594649172426,-5455609080.621631,31111577065.94437,59061.94188748811
3378,0.0016890000000000004,-4533359735.433336,31241356715.78612,59060.276804857756,687410539989.074,18217330737.918068,14.719267301890776,-4531957622.292141,31241163857.010784,59061.94188748811
3379,0.0016895000000000005,-3606811034.7414923,31343585840.03992,59060.59083583389,765240879675.1061,15138472043.936523,15.351611646306186,-3605458685.1189814,31343428859.16014,59061.94188748811
3380,0.0016900000000000003,-2678275218.461383,31418346156.657005,59060.46542942178,852143518934.8304,12534063930.855862,16.033110952209213,-2676879773.05231,31418142661.550884,59061.94188748811
3381,0.0016905000000000004,-1748409181.6816614,31465652456.109837,59060.6637609281,948080124944.4406,10655180807.757725,16.75737138728798,-1747011169.7944398,31465426739.029472,59061.94188748811
3382,0.0016910000000000002,-818121690.117393,31485451940.567204,59060.63154458382,1052099091916.561,9825704657.763426,17.510427266854823,-816722101.5435647,31485230617.48885,59061.94188748811
3383,0.0016915000000000003,111814582.9831376,31477783292.754177,59060.63634114626,1161806722610.0322,10439183174.807816,18.267495177490296,113172251.57599317,31477520823.7762,59061.94188748811
3384,0.0016920000000000004,1040510682.6112345,31442696554.739014,59060.47136031971,1272772642926.2915,12931077721.498848,18.989919893344556,1041953042.3143702,31442384667.187077,59061.94188748811
3385,0.0016925000000000002,1967509781.294676,31380191002.322563,59061.01287009147,1378073003743.5327,17711432253.279987,19.62397277952477,1968769033.89523,31379812369.757496,59061.94188748811
3386,0.0016930000000000003,2891471736.7058244,31290437517.95714,59060.861329693944,1468353281807.6575,25049803310.775414,20.104108857404075,2892830826.7010226,31289967353.96859,59061.94188748811
3387,0.0016935000000000003,3812241254.166811,31173440607.78474,59061.77869086159,1532882262476.098,34927691622.54389,20.363238077023436,3813347239.777579,31172954142.433254,59061.94188748811
3388,0.0016940000000000002,4728693525.59268,31029372901.451805,59062.83963203997,1561802843265.9663,46917323532.25999,20.349896279422328,4729393980.260357,31028920890.555084,59061.94188748811
3389,0.0016945000000000003,5639543875.959026,30858490480.840763,59062.6916591603,1549069432843.6528,60168823059.61941,20.04698436570544,5640285735.68835,30858030811.87481,59061.94188748811
3390,0.0016950000000000001,6545147565.072321,30660732003.955547,59064.50913281741,1494730802045.3037,73562150449.67421,19.48230449181044,6545204474.735962,30660423093.68708,59061.94188748811
3391,0.0016955000000000004,7443134408.3226185,30436660506.061005,59063.88327948754,1405173183424.3137,85984609491.73676,18.723223755767172,7443405043.123398,30436325023.15405,59061.94188748811
3392,0.0016960000000000005,8333874706.018887,30186241870.9737,59064.03007862895,1291112890768.127,96593730407.85458,17.857397196366442,8334034276.682109,30185930480.363712,59061.94188748811
3393,0.0016965000000000003,9216371720.72038,29909773743.045666,59064.299764078125,1164453072551.2043,104958865477.98503,16.969598775213182,9216384605.632175,29909547912.36019,59061.94188748811
3394,0.0016970000000000004,10089502585.878746,29607647373.171272,59063.68578945177,1035605592011.8593,111038643506.74475,16.12537506612937,10089667913.303602,29607409855.083435,59061.94188748811
3395,0.0016975000000000002,10953037233.353796,29279990694.814808,59063.65593280402,912117253769.1995,115063114117.26988,15.365339517498409,10953172603.439255,29279769015.421925,59061.94188748811
3396,0.0016980000000000003,11805966297.385443,28927207528.790543,59063.44426172046,798524712045.6484,117399116182.05962,14.707643172095977,11806164464.17455,28926922211.992035,59061.94188748811
3397,0.0016985000000000004,12647717140.2268,28549571969.46493,59063.51281019539,696919537720.8801,118443571402.84642,14.154146636151948,12647842862.612133,28549353332.551964,59061.94188748811
3398,0.0016990000000000002,13477398098.557207,28147511504.456116,59063.353202765604,607710868196.5337,118562014629.28568,13.696773138124227,13477526045.97487,28147332034.403606,59061.94188748811
3399,0.0016995000000000003,14294419016.92851,27721353344.027554,59063.33003610392,530304765924.69385,118061008156.81602,13.322473785102716,14294608507.785898,27721189679.957386,59061.94188748811
3400,0.0017000000000000003,15097956253.495066,27271558625.07928,59063.038652232775,463599242827.17065,117183201946.32285,13.01650762628325,15098218047.997698,27271367196.86963,59061.94188748811
3401,0.0017005000000000002,15887719939.051903,26798333854.335373,59063.81456561018,406304068543.57086,116112384327.48447,12.764365352120047,15887727378.589603,26798214386.70101,59061.94188748811
3402,0.0017010000000000003,16662345083.590086,26302496635.090847,59063.24052065494,357124828644.76935,114983376161.12859,12.552756409299525,16662430559.945944,26302285349.00944,59061.94188748811
3403,0.0017015000000000003,17421783883.23101,25784162045.83551,59063.533690796685,314861015777.7994,113890286621.2423,12.370062509109513,17421798957.631573,25783984471.34306,59061.94188748811
3404,0.0017020000000000004,18165060209.047108,25244003137.127247,59063.429781427476,278444792323.43463,112896604360.3613,12.20645550052213,18165064772.31663,25243873420.414936,59061.94188748811
3405,0.0017025000000000005,18891733631.308296,24682393674.24511,59063.704457791326,246953210939.52814,112040833150.34546,12.053886068771943,18891631163.408585,24682283939.00544,59061.94188748811
3406,0.0017030000000000003,19601258159.351273,24099784591.447445,59064.706518267696,219601811345.98108,111342650770.8023,11.905990477610283,19600906112.040382,24099827947.072945,59061.94188748811
3407,0.0017035000000000004,20292627536.195133,23497010957.09472,59064.52338243674,195731941746.70267,110807078384.03703,11.757970690881699,20292254479.697693,23497059727.05389,59061.94188748811
3408,0.0017040000000000002,20965425768.393112,22874516412.287987,59063.90286048934,174796073264.9163,110427524145.9084,11.606466698451754,20965182740.53024,22874455000.649902,59061.94188748811
3409,0.0017045000000000003,21619142887.486454,22232830156.612625,59063.10895887722,156341225919.48566,110189515110.75311,11.449403257518647,21618977194.382923,22232676635.502464,59061.94188748811
3410,0.0017050000000000004,22253370147.9241,21572407029.508892,59062.9448501889,139994502909.4517,110073092828.40039,11.285826678637186,22253251893.662586,21572210185.118595,59061.94188748811
3411,0.0017055000000000002,22867782621.098854,20893618574.746937,59064.7566394122,125449826741.95943,110055138021.38652,11.115727259003295,22867380104.034145,20893694072.167213,59061.94188748811
3412,0.0017060000000000003,23461115673.28022,20197822700.74769,59063.71176017189,112456312855.20226,110111352350.89433,10.939851114235722,23460884339.77393,20197784931.439423,59061.94188748811
3413,0.0017065000000000003,24033419795.54102,19485112714.472115,59063.41211902428,100809705012.04375,110216824132.29791,10.759523580387585,24033220163.80047,19485066527.71762,59061.94188748811
3414,0.0017070000000000002,24584138024.326797,18756207061.06082,59063.30192783751,90341860950.81194,110348991599.2487,10.576449718300195,24583949541.96705,18756171174.486946,59061.94188748811
3415,0.0017075000000000003,25112757076.41334,18011828956.414135,59062.932201567,80914446315.88005,110487728010.10265,10.392542311168272,25112588312.499893,18011732519.973186,59061.94188748811
3416,0.0017080000000000003,25619053426.82578,17252362445.61876,59064.089469470986,72412878335.91101,110616017458.9936,10.209769365278188,25618744777.078743,17252502272.548294,59061.94188748811
3417,0.0017085000000000004,26102306212.31379,16478884746.568636,59064.142690030145,64741019631.578514,110720550625.86438,10.03002409154221,26101975013.7805,16479060472.360468,59061.94188748811
3418,0.0017090000000000004,26562052343.81809,15692229084.31945,59062.32611488474,57817941118.96518,110791104606.18065,9.855034272484994,26561832214.166138,15692139542.24208,59061.94188748811
3419,0.0017095000000000003,26998078353.37757,14892892472.205433,59060.10212177776,51574423890.15704,110820694689.99254,9.686296029630595,26998019830.158947,14892493460.319004,59061.94188748811
3420,0.0017100000000000004,27410298259.45775,14081122022.956524,59060.37039121015,45950221649.01245,110805445844.01045,9.525032882941607,27410238629.212307,14080744553.210358,59061.94188748811
3421,0.0017105000000000002,27798192973.12203,13257914735.62836,59061.18214402615,40892126626.67519,110744147170.5605,9.372179852985843,27798074270.895737,13257606805.569403,59061.94188748811
3422,0.0017110000000000003,28161429302.42435,12424027249.484982,59062.319918378395,36353234190.50498,110637160653.06058,9.228395212076165,28161156236.95866,12423887709.765789,59061.94188748811
3423,0.0017115000000000003,28499642247.37551,11580358554.583666,59062.777896823165,32291704930.06655,110486163927.76497,9.094082381286691,28499280142.479534,11580308168.156532,59061.94188748811
3424,0.0017120000000000002,28812531777.75683,10727767717.380634,59061.94879519471,28670094056.34282,110293632829.90825,8.96942160586982,28812245362.876835,10727562606.179895,59061.94188748811
3425,0.0017125000000000003,29100039622.50848,9866558917.763128,59062.67651440959,25454751218.476795,110062501919.12036,8.854405559906402,29099750522.77255,9866446061.316645,59061.94188748811
3426,0.0017130000000000003,29361862932.723972,8997661702.739658,59063.78393202231,22615173175.037617,109796049792.8701,8.748873857461401,29361522461.38924,8997782428.81664,59061.94188748811
3427,0.0017135000000000002,29597702376.297596,8122158665.8808,59063.335677201074,20124059716.64083,109497292671.95439,8.65255111749228,29597398503.08608,8122228707.81909,59061.94188748811
3428,0.0017140000000000002,29807503089.63888,7240452001.411948,59063.69636714377,17957078998.513218,109168817549.53127,8.565081451901408,29807208392.665688,7240609384.306766,59061.94188748811
3429,0.0017145000000000003,29991073490.426964,6353430752.437185,59064.10841376321,16092409659.979897,108812913078.79324,8.48605580783013,29990763706.285324,6353720274.7532,59061.94188748811
3430,0.0017150000000000004,30148255738.97756,5462009348.878865,59063.76123666107,14510772923.260408,108431294489.80276,8.415037574052239,30147971816.610153,5462321049.339482,59061.94188748811
3431,0.0017155000000000004,30278934095.566135,4567093533.72534,59061.992694327266,13195251529.893845,108025112972.70113,8.351583058069503,30278684399.146805,4567133668.199108,59061.94188748811
3432,0.0017160000000000003,30383114796.858913,3668971269.4414864,59061.90104567018,12131110600.398684,107595000771.6647,8.29525714368718,30382898526.791843,3669020915.455609,59061.94188748811
3433,0.0017165000000000004,30460679386.353573,2768758417.591579,59061.361721231886,11305565624.229902,107141200223.55617,8.245644006884657,30460512316.34387,2768724801.8439045,59061.94188748811
3434,0.0017170000000000002,30511612765.086544,1867040890.6264884,59061.61950413367,10707807996.682419,106663445889.74329,8.202356402362067,30511443586.945873,1867048722.4457998,59061.94188748811
3435,0.0017175000000000003,30535888517.688873,964633717.2098962,59062.438403662345,10328788118.811218,106161129992.07008,8.165040717956805,30535753788.34585,964816383.7174354,59061.94188748811
3436,0.0017180000000000003,30533505144.46893,62471927.210206926,59062.88383424621,10161130741.209358,105633328470.68855,8.13338011459727,30533374472.42912,62816253.70321382,59061.94188748811
3437,0.0017185000000000002,30504499482.95703,-838684532.8698796,59063.1480596656,10199009336.43105,105078877684.54068,8.10709561169433,30504382554.71084,-838256870.0385243,59061.94188748811
3438,0.0017190000000000003,30448933873.97427,-1737953640.7156997,59062.659829571385,10438029276.086025,104496453167.50842,8.085945584405126,30448815358.791023,-1737559558.316821,59061.94188748811
3439,0.0017195000000000003,30366885044.01998,-2634730164.7216125,59062.551830745375,10875129222.804848,103884624585.66394,8.069724276419572,30366770469.37055,-2634417654.16023,59061.94188748811
3440,0.0017200000000000002,30258446762.53646,-3528265626.405557,59062.97680983581,11508528866.61943,103241884346.29825,8.058259923215692,30258325788.405014,-3527815980.894809,59061.94188748811
3441,0.0017205000000000005,30123788917.190067,-4417389343.618217,59061.480991030105,12337669702.980398,102566676246.34326,8.051412581336708,30123661122.48556,-4417151587.495747,59061.94188748811
3442,0.0017210000000000003,29962994357.75181,-5301898683.102962,59061.69378993212,13363076187.841852,101857487890.48096,8.049071046837504,29962878196.19252,-5301682468.175607,59061.94188748811
3443,0.0017215000000000004,29776242675.299664,-6180857481.19388,59062.43020047755,14586505678.57204,101112731800.32556,8.051151587619088,29776196298.698517,-6180479001.408448,59061.94188748811
3444,0.0017220000000000004,29563811705.104733,-7053089448.567202,59061.073573338304,16010805994.674887,100330854397.14981,8.05759550365884,29563729401.250267,-7052952263.770048,59061.94188748811
3445,0.0017225000000000003,29325839890.58782,-7918261464.918576,59060.39380392287,17639799866.90949,99510425248.66214,8.068366036492131,29325732141.60827,-7918262617.810466,59061.94188748811
3446,0.0017230000000000004,29062517296.1289,-8775760941.411264,59061.175554549474,19478540982.44281,98649939663.33476,8.083448093786743,29062481270.597507,-8775619660.910847,59061.94188748811
3447,0.0017235000000000004,28774099346.753258,-9624791237.28633,59062.949813338,21533294977.141632,97747864291.22783,8.102847520762909,28774150253.36543,-9624363261.781923,59061.94188748811
3448,0.0017240000000000003,28461074440.578506,-10463980969.155851,59061.574462615885,23811519352.822548,96802688943.82115,8.12658996511155,28461090583.623356,-10463731574.16862,59061.94188748811
3449,0.0017245000000000003,28123549026.305653,-11293240620.699892,59061.3078002143,26321627550.057175,95813145611.6267,8.154717501398093,28123556832.407486,-11293008572.009031,59061.94188748811
3450,0.0017250000000000002,27761864053.4611,-12111776405.486824,59061.54278950779,29073643663.322105,94777717863.85046,8.18729159865581,27761856422.14296,-12111477279.724993,59061.94188748811
3451,0.0017255000000000003,27376392791.489647,-12918803012.821686,59061.69944969664,32079001266.74787,93694903248.22083,8.22439275454891,27376356476.68325,-12918484331.949202,59061.94188748811
3452,0.0017260000000000003,26967522603.452347,-13713582854.16602,59061.47171967794,35350651671.4695,92563209122.97708,8.266120433833851,26967511754.295025,-13713279582.300755,59061.94188748811
3453,0.0017265000000000002,26535537506.20976,-14495638481.459616,59062.22476555208,38903222007.5357,91381126577.78891,8.312593554802943,26535487935.860638,-14495199691.091482,59061.94188748811
3454,0.0017270000000000005,26080976855.406116,-15264030820.038528,59062.073096269036,42753362953.64375,90146982527.3279,8.363952915321198,26080927031.142036,-15263597291.058512,59061.94188748811
3455,0.0017275000000000003,25604170471.730938,-16018284005.423279,59062.28239271214,46919631399.37284,88859198465.26349,8.420360553365002,25604144573.45324,-16017823127.603613,59061.94188748811
3456,0.0017280000000000004,25105733026.815166,-16757476439.097559,59060.89711722267,51423050611.14325,87516005993.31432,8.482002933801471,25105569320.976376,-16757227464.31081,59061.94188748811
3457,0.0017285000000000004,24585854984.32693,-17481417533.659542,59061.04491837047,56287029213.20527,86115735986.49158,8.549090694036503,24585735705.77706,-17481195931.537308,59061.94188748811
3458,0.0017290000000000003,24045114481.58973,-18189318821.41794,59061.4152747797,61538305427.66349,84656304809.8716,8.621865087298056,24044985667.96668,-18189013529.558914,59061.94188748811
3459,0.0017295000000000004,23484123590.415718,-18880424380.25386,59060.866608442186,67206834133.45257,83135650802.89615,8.700598945908117,23483976135.897793,-18880205385.715675,59061.94188748811
3460,0.0017300000000000004,22903205340.117764,-19554403907.147087,59061.285225108986,73326218112.90424,81551715163.76338,8.785598447197765,22903050654.46511,-19554216282.213406,59061.94188748811
3461,0.0017305000000000003,22303083283.92278,-20210443964.03052,59060.8091514019,79934666315.67712,79902086405.04376,8.87720984633939,22302881906.122448,-20210293906.13499,59061.94188748811
3462,0.0017310000000000003,21684356878.314888,-20847954348.82422,59059.16524484214,87075094430.82082,78184431688.43314,8.975821044189512,21683906401.353165,-20848008283.659504,59061.94188748811
3463,0.0017315000000000002,21047216356.840958,-21466807998.962315,59059.525351548735,94796043150.65298,76396299569.17545,9.08186654005049,21046782692.342236,-21466820108.496716,59061.94188748811
3464,0.0017320000000000002,20392349162.88795,-22066338176.058205,59060.67579598278,103153142867.43034,74534663563.3398,9.195838958782977,20392039171.359283,-22066158311.132954,59061.94188748811
3465,0.0017325000000000003,19720508426.846394,-22645878564.675327,59061.2752517645,112209487794.42729,72596494624.21954,9.31829367822455,19720285225.66568,-22645601656.032623,59061.94188748811
3466,0.0017330000000000002,19032294902.285496,-23204960355.183132,59061.44714793347,122036756999.68518,70578784524.91924,9.449854538012445,19032154887.06884,-23204709698.345577,59061.94188748811
3467,0.0017335000000000004,18328302838.391228,-23743147522.49425,59061.43180516539,132716855115.15106,68478345231.28123,9.591223797222852,18328148399.472973,-23742894401.827007,59061.94188748811
3468,0.0017340000000000003,17609199339.623505,-24259971470.903393,59061.02562591911,144343621111.25186,66291805644.29357,9.743193818128557,17608980571.5847,-24259796517.98874,59061.94188748811
3469,0.0017345000000000004,16875590386.947506,-24755041938.49096,59060.540673971256,157024730435.8006,64015706905.990326,9.906659533132053,16875309371.245155,-24754985575.941998,59061.94188748811
3470,0.0017350000000000004,16128037853.290295,-25228018784.665615,59060.58134465375,170884147330.98987,61646467969.097824,10.082634029268094,16127766638.399124,-25227977932.1519,59061.94188748811
3471,0.0017355000000000003,15367318167.795393,-25678435800.58496,59060.40728500208,186064996620.34506,59180410469.91263,10.27226699038708,15366940727.74363,-25678432268.841114,59061.94188748811
3472,0.0017360000000000003,14594079725.102243,-26105948433.09066,59060.22771437049,202732557039.7454,56614091778.144806,10.476862309822566,14593604839.091858,-26105948830.258766,59061.94188748811
3473,0.0017365000000000004,13808784132.030258,-26510338330.133404,59061.34171559425,221078295136.61404,53944307591.92166,10.69790063163269,13808486974.434624,-26510217013.910477,59061.94188748811
3474,0.0017370000000000003,13012584780.710764,-26891014615.653915,59061.02932476743,241324673364.08545,51168142244.860275,10.937067125645255,13012221135.410257,-26890920435.543903,59061.94188748811
3475,0.0017375000000000003,12205931975.100676,-27247825022.696346,59060.87996133234,263729340829.62753,48284023268.90565,11.196270327645879,12205535228.691696,-27247786735.77883,59061.94188748811
3476,0.0017380000000000002,11389683937.709522,-27580417666.375862,59060.11785245797,288591984398.2294,45291436185.54417,11.477674085457172,11389135222.098875,-27580436702.65522,59061.94188748811
3477,0.0017385000000000002,10564334216.963032,-27888640291.734653,59060.004046879694,316260278974.86487,42192061352.78667,11.783721275887043,10563745102.548428,-27888579340.99645,59061.94188748811
3478,0.0017390000000000003,9730631498.80673,-28172233427.255257,59060.36026428157,347137306695.0204,38990395421.386284,12.117158622820071,9730119994.404057,-28172133424.275757,59061.94188748811
3479,0.0017395000000000002,8889478620.683292,-28430908320.770954,59060.310741369445,381687969713.1732,35695431983.87595,12.481045286952194,8888988337.437334,-28430738964.288612,59061.94188748811
3480,0.0017400000000000004,8041725043.132788,-28664438835.190987,59059.38895435489,420444262273.3259,32322756129.83095,12.87873646222806,8041007801.497734,-28664311451.581833,59061.94188748811
3481,0.0017405000000000003,7187889824.091186,-28872737628.182293,59058.76812477174,464007720357.4054,28897196813.066013,13.313827420741918,7187016287.816793,-28872618884.73221,59061.94188748811
3482,0.0017410000000000004,6328803510.231528,-29055624892.57432,59058.04705804419,513046011168.00305,25456315194.124207,13.790033012529598,6327734532.370179,-29055515954.28732,59061.94188748811
3483,0.0017415000000000004,5464976774.708044,-29213038252.214592,59058.3506971826,568276904714.7466,22055832924.54975,14.310946907889862,5463945416.555924,-29212891966.74047,59061.94188748811
3484,0.0017420000000000003,4597400920.5552225,-29344795689.761127,59058.52725823254,630432721345.9502,18776198053.69936,14.879623660948393,4596412048.326531,-29344650519.520016,59061.94188748811
3485,0.0017425000000000003,3726982554.7461257,-29450777240.38237,59057.92039235157,700190016814.5813,15731650766.265602,15.497875390105467,3725814571.975405,-29450601321.60973,59061.94188748811
3486,0.0017430000000000004,2854072976.746743,-29531030850.63114,59058.48447274543,778047362578.0472,13080480467.470297,16.165168083823524,2852982228.414977,-29530825302.848274,59061.94188748811
3487,0.0017435000000000003,1979854120.4078329,-29585392588.734863,59058.141565080856,864126827811.625,11035839627.108477,16.876981497866915,1978610669.2354183,-29585180453.389343,59061.94188748811
3488,0.0017440000000000003,1104849252.1711245,-29613929216.49932,59058.1789419168,957871384681.0085,9875205071.514448,17.622513910379,1103504562.3650205,-29613702893.038193,59061.94188748811
3489,0.0017445000000000002,229904685.15013802,-29616622575.91003,59058.17884177485,1057629995435.858,9941377868.161764,18.381811873942894,228474495.67042732,-29616349586.940228,59061.94188748811
3490,0.0017450000000000002,-644343332.419021,-29593463681.7489,59058.38404960444,1160158628374.1238,11626732091.095488,19.122771306336702,-645747096.9308466,-29593211172.816135,59061.94188748811
3491,0.0017455000000000003,-1517217359.9022338,-29544502418.43079,59059.12696630541,1260162239876.1946,15327398151.180874,19.79917952279727,-1518421581.5866573,-29544275117.82119,59061.94188748811
3492,0.0017460000000000002,-2387400938.933358,-29469899770.812954,59058.871842713605,1350138902833.3162,21357046856.33379,20.35184853507554,-2388752939.330072,-29469624150.69082,59061.94188748811
3493,0.0017465000000000002,-3254559609.320466,-29369685405.027794,59058.77955665831,1420905350115.4922,29823431282.154358,20.715329384450992,-3255944650.0333147,-29369302409.996357,59061.94188748811
3494,0.0017470000000000003,-4117721440.9883,-29244015578.03426,59058.22361821055,1463102816068.043,40503228652.01371,20.831380468760248,-4119311665.227434,-29243545909.73442,59061.94188748811
3495,0.0017475000000000001,-4977021313.701944,-29092855319.369205,59059.74161476911,1469551617193.2126,52779744187.8781,20.666586145147452,-4978129482.868821,-29092453990.291325,59061.94188748811
3496,0.0017480000000000002,-5830885116.040762,-28916505583.84147,59060.888394057,1437605812353.63,65712142429.344124,20.226661254127226,-5831635729.40144,-28916136963.155945,59061.94188748811
3497,0.0017485,-6679195961.537102,-28714997448.879486,59063.44967521733,1370289352506.931,78236579449.48885,19.558980656261348,-6679057565.498083,-28714838851.776825,59061.94188748811
3498,0.0017490000000000001,-7519171562.208477,-28489067352.942307,59061.542825487224,1275461017905.3074,89424713411.91818,18.740322487017107,-7519701375.671162,-28488697221.279106,59061.94188748811
3499,0.0017495000000000004,-8352442435.841929,-28238345977.606735,59062.02548540417,1163470460961.001,98669197540.6309,17.85603536454806,-8352842396.911671,-28238008412.721794,59061.94188748811
3500,0.0017500000000000005,-9177110822.636517,-27963404799.678093,59061.45097811299,1044505581183.4998,105744470418.05098,16.980590426249606,-9177687268.17328,-27962972929.774944,59061.94188748811
3501,0.0017505000000000005,-9993246785.410143,-27664261275.221474,59062.097084509725,926783361687.8394,110734827569.12163,16.16690057389505,-9993581875.152998,-27663915739.944733,59061.94188748811
3502,0.0017510000000000004,-10799803452.343323,-27341301294.07333,59062.94203086481,815867123188.918,113918797731.4578,15.44470760249445,-10799874114.120214,-27341032570.294605,59061.94188748811
3503,0.0017515000000000005,-11596073483.986513,-26994832955.02643,59063.94721967284,714856835023.2345,115654534801.29163,14.824749025071934,-11595840871.27794,-26994718520.4276,59061.94188748811
3504,0.0017520000000000005,-12381062788.905987,-26625319866.576942,59064.15868252613,624976645456.5387,116302091581.94307,14.304775563073166,-12380730345.75281,-26625248101.36427,59061.94188748811
3505,0.0017525000000000004,-13154495098.718777,-26232944366.841053,59064.8175750687,546217862540.0886,116180786142.2667,13.875029957232329,-13153937272.818129,-26232983966.276913,59061.94188748811
3506,0.0017530000000000004,-13915339707.18352,-25818250734.94518,59064.72084407611,477863659488.55817,115554212764.49814,13.522256831442393,-13914718402.953121,-25818319511.20048,59061.94188748811
3507,0.0017535000000000003,-14663445005.299603,-25381376876.094765,59065.550226485175,418860622595.6341,114628398937.941,13.232288121180764,-14662532569.990467,-25381592217.8151,59061.94188748811
3508,0.0017540000000000004,-15397778476.590258,-24922930314.47012,59065.93471456405,368049034232.9084,113559276401.97052,12.991500602899695,-15396697094.159426,-24923265929.376953,59061.94188748811
3509,0.0017545000000000004,-16117797623.626661,-24443298250.883453,59066.15752754759,324296883287.2738,112459987001.55594,12.787570328445446,-16116621451.46354,-24443708128.18202,59061.94188748811
3510,0.0017550000000000003,-16822515977.982733,-23943174647.198772,59064.689248719806,286565540650.15753,111409879379.17815,12.60978188069389,-16821647877.648739,-23943392331.145115,59061.94188748811
3511,0.0017555000000000003,-17512134888.394665,-23422514689.827305,59064.80226356897,253937661214.0128,110461113100.57542,12.449113827140913,-17511200009.404167,-23422767263.41681,59061.94188748811
3512,0.0017560000000000004,-18185490965.646576,-22882176474.666813,59064.001304187186,225619953773.75366,109645829674.66487,12.29818486722522,-18184729204.466064,-22882361622.71755,59061.94188748811
3513,0.0017565000000000002,-18842281420.416615,-22322473448.52868,59063.48671672108,200939074576.87305,108979035410.92836,12.151178292240926,-18841640485.454803,-22322646641.780296,59061.94188748811
3514,0.0017570000000000003,-19482082676.568768,-21743800144.18952,59063.95695445831,179328574766.39343,108463438277.21826,12.003722265170946,-19481323003.645313,-21744149835.44912,59061.94188748811
3515,0.0017575000000000002,-20104031203.77339,-21146939287.984703,59063.718950176124,160315748353.1026,108092266303.0923,11.852761680887019,-20103278344.46826,-21147311284.53174,59061.94188748811
3516,0.0017580000000000002,-20707707166.143604,-20532358007.60402,59063.30165277725,143509097527.62628,107851339158.22556,11.696426947835908,-20706996726.455826,-20532687704.895798,59061.94188748811
3517,0.0017585000000000003,-21292599343.696426,-19900623796.09164,59062.6509348521,128585308847.30507,107721879225.01582,11.533880793847414,-21292007479.002773,-19900870454.754147,59061.94188748811
3518,0.0017590000000000001,-21858212794.411865,-19252321346.56891,59061.700248750014,115278310469.81857,107682318105.69766,11.365156262388973,-21857763015.56776,-19252400435.921272,59061.94188748811
3519,0.0017595000000000002,-22404108211.316536,-18588009453.932697,59060.64370961484,103369508332.35393,107709995853.84103,11.190985865061029,-22403845670.43719,-18587903940.01025,59061.94188748811
3520,0.0017600000000000003,-22929672893.316925,-17908477985.760586,59058.26835212489,92679262087.92233,107782630727.14975,11.012626697114095,-22929741154.408836,-17907995226.27029,59061.94188748811
3521,0.0017605000000000001,-23435059292.267475,-17213642070.442703,59059.14880544472,83059906213.80782,107879241074.00789,10.831692670004264,-23435009395.725685,-17213239537.03812,59061.94188748811
3522,0.0017610000000000002,-23919507780.917442,-16504484105.069206,59060.67082150297,74388549793.45044,107981835978.69954,10.649985528212527,-23919320014.52896,-16504279391.090591,59061.94188748811
3523,0.0017615,-24382438178.64791,-15781876217.110542,59061.25071066119,66563333926.60073,108074745513.89896,10.469363828447937,-24382102847.123486,-15781754644.582962,59061.94188748811
3524,0.0017620000000000005,-24823493209.65277,-15046459232.225634,59061.01082333978,59498976702.38055,108145194122.29768,10.291629596517755,-24823257639.65315,-15046303504.46351,59061.94188748811
3525,0.0017625000000000004,-25242376405.09571,-14298812991.522146,59060.51806596408,53123072128.55218,108183598109.31285,10.118437237613632,-25242224928.8859,-14298549861.363504,59061.94188748811
3526,0.0017630000000000005,-25638842238.314804,-13539447552.44754,59060.784912941184,47373345628.51973,108183409589.0925,9.951229698279946,-25638646148.36822,-13539178293.850643,59061.94188748811
3527,0.0017635000000000005,-26012475199.4394,-12769192210.876198,59060.76294527167,42195540003.40074,108140793448.44777,9.791200592793885,-26012265164.428097,-12768903926.57652,59061.94188748811
3528,0.0017640000000000004,-26362991146.401665,-11988710105.227087,59060.61330547923,37542087140.73106,108053978133.13884,9.639282060436178,-26362815881.73471,-11988364833.25833,59061.94188748811
3529,0.0017645000000000004,-26690223337.019142,-11198450135.053696,59061.87120923694,33370762684.895218,107922957595.76472,9.496148257137701,-26689958482.362446,-11198288866.623936,59061.94188748811
3530,0.0017650000000000005,-26993610678.053307,-10399781860.691166,59060.21622889742,29643696966.036556,107749128633.46344,9.36223129977769,-26993468995.533203,-10399367403.677267,59061.94188748811
3531,0.0017655000000000004,-27273329524.81759,-9592449282.360313,59061.927836023395,26327250660.684464,107534401968.51941,9.237752444185563,-27273066864.49526,-9592291782.906256,59061.94188748811
3532,0.0017660000000000004,-27528905138.046223,-8777756527.268246,59063.00297891648,23390644101.98236,107281675375.83438,9.12274701781129,-27528542913.31983,-8777775990.385046,59061.94188748811
3533,0.0017665000000000003,-27760095681.231533,-7956601082.387217,59062.39947080265,20806482818.211594,106993674067.46289,9.01710313408336,-27759742737.921917,-7956568769.268297,59061.94188748811
3534,0.0017670000000000003,-27966811779.093544,-7129495632.740175,59061.58481848648,18550191078.72611,106673033765.53206,8.920594894947314,-27966554669.062145,-7129355666.278095,59061.94188748811
3535,0.0017675000000000004,-28148960805.553516,-6296940177.46589,59061.98457502854,16599650983.844194,106322261319.0823,8.832911709203636,-28148727887.17241,-6296875060.602388,59061.94188748811
3536,0.0017680000000000003,-28306415405.779,-5459565473.654135,59064.10444414875,14935085604.110233,105943545279.45097,8.753685457669626,-28306104137.265636,-5459853185.141669,59061.94188748811
3537,0.0017685000000000003,-28438952112.53574,-4618595263.852106,59064.77727939494,13538989579.034342,105538604184.61497,8.68251480991841,-28438615674.462296,-4618974307.678435,59061.94188748811
3538,0.0017690000000000004,-28546512920.132256,-3774703623.1492133,59064.52900988312,12396106926.346714,105108549969.10915,8.618986544916082,-28546157564.992107,-3775076738.6147304,59061.94188748811
3539,0.0017695000000000002,-28629055607.396023,-2928546254.259532,59063.95869151178,11493124892.523016,104654077904.54753,8.562690439330352,-28628713850.381996,-2928901938.999423,59061.94188748811
3540,0.0017700000000000003,-28686567068.748894,-2080574953.7203135,59064.87234392484,10818567866.39819,104175470094.25476,8.51323091142685,-28686229203.42455,-2081142230.0710037,59061.94188748811
3541,0.0017705000000000002,-28718975519.29374,-1232046416.4766514,59063.96016796872,10362690230.48176,103672629883.11768,8.470235594380814,-28718710817.77993,-1232493311.0164416,59061.94188748811
3542,0.0017710000000000002,-28726317089.44802,-383330829.4571134,59063.67044582276,10117428711.235685,103145055285.72775,8.433361962268643,-28726044058.802895,-383839874.2573566,59061.94188748811
3543,0.0017715000000000003,-28708606546.94796,464724484.5893893,59063.28546804289,10076222575.536655,102591993976.02126,8.402300494139284,-28708334986.033916,464269374.24818325,59061.94188748811
3544,0.0017720000000000001,-28665881572.24255,1311632183.3400857,59064.372751368224,10233958447.866442,102012445254.59776,8.376776646047125,-28665636354.20589,1310966547.7196949,59061.94188748811
3545,0.0017725000000000002,-28598206214.302143,2156352820.587394,59064.9272139242,10586898806.176298,101405213485.13438,8.356551417134567,-28598021759.345505,2155497453.5348577,59061.94188748811
3546,0.0017730000000000003,-28505682858.810734,2998061886.448484,59064.4284593078,11132573217.079306,100768971197.0082,8.341420605432882,-28505519370.930832,2997267153.841882,59061.94188748811
3547,0.0017735000000000001,-28388402994.12684,3836293293.4150887,59064.619887757115,11869696351.65242,100102321835.60652,8.33121316144067,-28388272671.701794,3835447751.6112757,59061.94188748811
3548,0.0017740000000000002,-28246503583.969482,4670217273.016512,59064.79838509804,12798176781.019833,99403789290.38072,8.325789721489175,-28246409199.346825,4669277499.259436,59061.94188748811
3549,0.0017745,-28080119277.21287,5499206571.283857,59065.56675825378,13919033082.613573,98671876184.28676,8.325040475097628,-28080088377.093678,5498104748.246677,59061.94188748811
3550,0.0017750000000000005,-27889553842.915833,6321888540.817358,59062.70632045919,15234407157.821774,97905055803.15254,8.328883370083867,-27889492720.590096,6321168367.217641,59061.94188748811
3551,0.0017755000000000004,-27674834807.723827,7138451918.342351,59062.23886559048,16747327537.533268,97101956005.41934,8.337260333376609,-27674825294.034523,7137754816.26672,59061.94188748811
3552,0.0017760000000000005,-27436262066.018585,7947767083.994187,59061.24950102681,18462166377.08397,96261005816.1818,8.350138332564555,-27436207522.62902,7947208000.866968,59061.94188748811
3553,0.0017765000000000005,-27174027810.47687,8749305406.981783,59060.86710741542,20384279897.302956,95380751846.36037,8.367506476739111,-27173967696.20119,8748845732.099817,59061.94188748811
3554,0.0017770000000000004,-26888458773.678684,9542144326.593382,59059.52548312083,22520231587.51878,94459699068.04231,8.389375540603751,-26888349716.156967,9541907315.483984,59061.94188748811
3555,0.0017775000000000004,-26579704065.46265,10325984766.902153,59059.804509207344,24877678574.722076,93496440429.44388,8.415776106628972,-26579626146.72037,10325737446.272003,59061.94188748811
3556,0.0017780000000000005,-26248186187.94321,11099783221.01922,59059.135018814435,27465721874.195892,92489420458.08142,8.446759938957081,-26248066561.64234,11099655066.547503,59061.94188748811
3557,0.0017785000000000003,-25894179749.04939,11863002143.856155,59058.41583264371,30294633818.095177,91437228299.1068,8.482397806909818,-25893968138.672577,11862943962.143635,59061.94188748811
3558,0.0017790000000000004,-25517964375.767834,12615107672.42261,59058.45593915528,33376202564.462593,90338379429.34854,8.522780435913313,-25517725591.50732,12615032867.522882,59061.94188748811
3559,0.0017795000000000003,-25119920023.123814,13355382867.788292,59058.70437658177,36723881557.49176,89191299372.01057,8.568019745080468,-25119663219.286663,13355298137.644615,59061.94188748811
3560,0.0017800000000000003,-24700474196.021763,14083088302.278387,59058.404566365934,40352831623.76345,87994411330.80124,8.618249123311658,-24700216041.967728,14083085862.419075,59061.94188748811
3561,0.0017805000000000004,-24259948851.566425,14797735812.004297,59058.50758212443,44280065136.329636,86746148747.39014,8.67362382553679,-24259673882.572433,14797755200.671333,59061.94188748811
3562,0.0017810000000000002,-23798787703.0744,15498650280.269371,59058.51745738438,48524833974.56567,85444800044.11047,8.734323565138334,-23798472310.85776,15498682861.856234,59061.94188748811
3563,0.0017815000000000003,-23317578555.124954,16184995585.681765,59056.70439893479,53108740158.788216,84088622332.6241,8.800553794646857,-23317052312.83769,16185306367.317877,59061.94188748811
3564,0.0017820000000000004,-22816412157.323807,16856732837.407024,59057.09641689305,58055855521.8122,82675955604.24902,8.872545890066098,-22815838154.74641,16857040910.903063,59061.94188748811
3565,0.0017825000000000002,-22295924583.531006,17513008720.303474,59057.50051860005,63393778355.70529,81204635961.48955,8.950565156493138,-22295343469.47947,17513290789.54849,59061.94188748811
3566,0.0017830000000000003,-21756743372.847725,18153078322.237812,59056.48419125375,69153315771.48328,79672618051.28336,9.034910767951477,-21756003179.07525,18153524790.75246,59061.94188748811
3567,0.0017835000000000001,-21199134704.232452,18776700091.275345,59056.36528474715,75368983660.68755,78077897609.18231,9.125917444851037,-21198317428.1427,18777141184.64366,59061.94188748811
3568,0.0017840000000000002,-20623675805.21331,19383253155.578526,59056.36794800405,82080080040.11504,76418075654.27933,9.2239633761322,-20622774837.18379,19383745471.182064,59061.94188748811
3569,0.0017845000000000003,-20030894395.755394,19972220062.563587,59056.42303030536,89330932789.33467,74690708634.3701,9.329473851320422,-20029900258.671947,19972753405.219975,59061.94188748811
3570,0.0017850000000000001,-19421299738.32701,20543133550.672142,59056.74003033248,97171746780.94168,72893218401.44667,9.442926917842433,-19420281419.159214,20543648847.51553,59061.94188748811
3571,0.0017855000000000002,-18795443335.53207,21095510243.429306,59057.26452149079,105659544145.60426,71022852630.05876,9.564860448412992,-18794439559.584038,21096003435.983376,59061.94188748811
3572,0.0017860000000000003,-18153817282.33216,21628948615.65564,59058.496120355754,114859178380.27812,69076719415.32108,9.695879792413105,-18152948252.000565,21629293061.096855,59061.94188748811
3573,0.0017865000000000001,-17497106758.289932,22142900195.759445,59059.532352407645,124844678759.95502,67051716467.25228,9.836667720379168,-17496316002.254784,22143165488.598507,59061.94188748811
3574,0.0017870000000000002,-16825967333.284634,22636889498.283302,59059.94133615315,135700459267.5726,64944744075.21819,9.987993005147544,-16825220169.973532,22637093356.55958,59061.94188748811
3575,0.0017875000000000005,-16141030858.855568,23110497252.712395,59059.61780026359,147523081750.58545,62752665150.9614,10.150721652876426,-16140180672.018946,23110734072.32239,59061.94188748811
3576,0.0017880000000000005,-15442868646.009506,23563376854.527218,59058.95060100112,160423318626.7958,60472300115.82456,10.325830649278041,-15441944945.701323,23563656962.93701,59061.94188748811
3577,0.0017885000000000004,-14731955198.313375,23995262503.113537,59058.94307815167,174528633298.76,58100417163.642685,10.51442479219432,-14731022497.841684,23995542381.828033,59061.94188748811
3578,0.0017890000000000004,-14009030938.26027,24405724757.73915,59058.84292749631,189986149735.12027,55633733890.56869,10.717757097118943,-14007992642.011267,24406015198.94914,59061.94188748811
3579,0.0017895000000000005,-13274611617.85917,24794506353.244522,59059.43204504788,206965579371.36926,53069349424.47887,10.937247133970041,-13273641116.92369,24794677085.72002,59061.94188748811
3580,0.0017900000000000004,-12529571978.43422,25161160344.16364,59059.32149667489,225663363866.55347,50404701870.23223,11.174505508382413,-12528559328.119354,25161314199.505672,59061.94188748811
3581,0.0017905000000000004,-11774485012.959196,25505449856.38387,59059.11208907432,246306554609.3551,47638240086.72842,11.431354356815802,-11773412610.350021,25505616674.93953,59061.94188748811
3582,0.0017910000000000005,-11009855454.53046,25827180532.06896,59059.72883948349,269158184229.97763,44769510690.6967,11.709854215760949,-11008849891.734352,25827296723.37331,59061.94188748811
3583,0.0017915000000000003,-10236579681.809551,26125986198.50959,59059.88302755433,294522889146.868,41799715911.33408,12.012330808350868,-10235591952.592688,26126024725.540222,59061.94188748811
3584,0.0017920000000000004,-9455431346.346655,26401603757.85079,59059.16382773649,322752161629.8049,38732964651.936966,12.341391073149625,-9454278011.762518,26401714481.07631,59061.94188748811
3585,0.0017925000000000003,-8666810727.350475,26653945516.279495,59059.168910142296,354250173013.89935,35577309157.65102,12.699932092386256,-8665599503.008814,26654009589.52602,59061.94188748811
3586,0.0017930000000000003,-7871530046.978081,26882765159.262623,59059.226746838925,389479146136.2162,32346068982.156513,13.091137067542657,-7870324326.065139,26882787369.22531,59061.94188748811
3587,0.0017935000000000004,-7070407000.846333,27087851325.19894,59058.75617407217,428961302171.4416,29060566619.862797,13.518429623042092,-7069058647.829704,27087882546.42757,59061.94188748811
3588,0.0017940000000000002,-6263975903.763137,27269112992.762856,59058.642445847865,473276494857.6212,25753278591.067364,13.985370279841057,-6262569458.552337,27269176894.6612,59061.94188748811
3589,0.0017945000000000003,-5452982461.462958,27426403830.081394,59058.673160195336,523051427969.66473,22471889359.41267,14.49546248795132,-5451514069.229841,27426384882.142212,59061.94188748811
3590,0.0017950000000000004,-4638110762.013046,27559619582.75846,59058.968244411866,578932841609.6492,19285189551.6644,15.051804303137319,-4636607834.15809,27559561628.827145,59061.94188748811
3591,0.0017955000000000002,-3820191037.6097097,27668639226.532146,59058.960900776925,641535714628.0823,16290328641.977324,15.656511468096332,-3818619909.038294,27668481045.702362,59061.94188748811
3592,0.0017960000000000003,-2999834942.836815,27753425371.98689,59059.17589178519,711351492453.4933,13621768871.307632,16.309803593182163,-2998347116.7685776,27753220653.719063,59061.94188748811
3593,0.0017965000000000001,-2177863607.4557796,27813902031.02244,59059.08950100151,788598166125.1857,11460928631.264645,17.008635288321653,-2176284107.449097,27813651621.509914,59061.94188748811
3594,0.0017970000000000002,-1354943590.9321644,27850055792.404804,59058.94912844078,872990112644.1835,10045144856.705862,17.744759216032175,-1353306321.2255967,27849768600.096886,59061.94188748811
3595,0.0017975000000000003,-531753329.38543123,27861875811.0878,59058.85916654151,963414027689.7344,9671511820.216331,18.50222166297956,-530091729.19656193,27861578505.0995,59061.94188748811
3596,0.0017980000000000001,290950557.0113132,27849414910.51339,59058.88497885171,1057521558918.7971,10688888410.365757,19.254555754834573,292665631.2814852,27849095324.655895,59061.94188748811
3597,0.0017985000000000002,1112500972.5905824,27812682594.873905,59059.03822675828,1151310559140.1577,13467781479.20109,19.962467051481756,1114181706.7892747,27812301639.72645,59061.94188748811
3598,0.0017990000000000003,1932245386.5031843,27751727681.18164,59059.505315764145,1238866521487.4807,18337618155.020027,20.57355992657236,1933821557.4846456,27751351053.38336,59061.94188748811
3599,0.0017995,2749331463.170393,27666651078.209515,59059.87572954116,1312547592950.1406,25488628075.039764,21.02626954042384,2750792726.074306,27666292629.157764,59061.94188748811
3600,0.0018000000000000006,3562805497.6112885,27557600054.58892,59059.41670494965,1363914757728.1091,34855737212.51712,21.259769728660643,3564440087.7645087,27557134244.181824,59061.94188748811
3601,0.0018005000000000005,4373057420.661943,27424489691.925446,59061.40735219366,1385481858030.0498,46031210445.23018,21.229188298088626,4374113645.230683,27424181614.339024,59061.94188748811
3602,0.0018010000000000005,5178341514.624147,27267641561.8306,59062.65839894053,1372839941497.2024,58270215934.35738,20.92120461956608,5179001464.376841,27267373720.853355,59061.94188748811
3603,0.0018015000000000004,5978348960.853582,27087138198.220848,59064.34913646271,1326234911506.2458,70617099806.99095,20.362321132149834,5978373785.917002,27086954896.129284,59061.94188748811
3604,0.0018020000000000004,6771778962.436927,26883316097.226433,59064.65763374049,1250683110776.5164,82124768699.9993,19.614009656939682,6771681814.8703785,26883190161.861843,59061.94188748811
3605,0.0018025000000000005,7558124089.506706,26656362515.741432,59064.15647816362,1154512815699.5554,92063462112.27026,18.75640360965932,7558120286.927822,26656227601.234253,59061.94188748811
3606,0.0018030000000000003,8337262793.7020035,26406343889.973465,59064.52644407777,1047095938014.7858,100035542933.81456,17.868545909999785,8337102099.684389,26406227657.842216,59061.94188748811
3607,0.0018035000000000004,9108819955.192379,26133375365.807938,59066.643867779334,936837951328.6351,105969366481.90279,17.01368488316023,9107868737.315434,26133539255.457844,59061.94188748811
3608,0.0018040000000000005,9871085563.324064,25838067237.6519,59067.31223485287,830058769733.6986,110031878319.53867,16.233254614616623,9869925810.222076,25838391704.47295,59061.94188748811
3609,0.0018045000000000003,10624124276.183994,25520448789.820286,59068.768087577846,730776654897.3938,112518564839.58397,15.548104379551848,10622454788.875349,25520995275.159622,59061.94188748811
3610,0.0018050000000000004,11365603928.82922,25181541235.06135,59065.67577886649,641042789685.933,113767289592.67903,14.963318764925145,11364841842.489202,25181762201.88301,59061.94188748811
3611,0.0018055000000000002,12096969779.137938,24820822537.87525,59064.70299652665,561493330579.7618,114098043059.73128,14.473792186607179,12096447501.784716,24820949130.083736,59061.94188748811
3612,0.0018060000000000003,12817587644.305264,24438573482.578568,59065.88636519558,491859996888.7079,113790453793.57954,14.068761220075743,12816691404.970224,24438917363.73856,59061.94188748811
3613,0.0018065000000000004,13526053143.109001,24035509670.08763,59066.562145198885,431379531649.16364,113071436289.9615,13.735063110210065,13524929801.23294,24036050285.36303,59061.94188748811
3614,0.0018070000000000002,14221547468.94908,23612144137.476406,59065.91697088423,379070930166.8323,112116387815.30208,13.45917947627453,14220559562.562128,23612651448.01211,59061.94188748811
3615,0.0018075000000000003,14903897477.416235,23168655403.702908,59065.47175300179,333903230175.93805,111056788608.38509,13.228363658786177,14902960441.426987,23169119303.217857,59061.94188748811
3616,0.0018080000000000004,15572427859.53552,22705509031.218895,59064.85214229102,294888357035.772,109988595504.45341,13.03118355524468,15571604566.555748,22705992230.366825,59061.94188748811
3617,0.0018085000000000002,16226316239.301388,22223311137.43783,59062.94547087271,261128320307.94034,108978623949.05742,12.857745910929456,16225914388.503935,22223526436.352135,59061.94188748811
3618,0.0018090000000000003,16865835591.674082,21721945275.655807,59063.39334155409,231832980245.26196,108070476224.41911,12.699742257828753,16865337581.215322,21722228437.58602,59061.94188748811
3619,0.0018095000000000001,17489584664.366547,21202460728.86721,59062.25677724931,206319540142.44247,107290690337.25989,12.550384570150728,17489340108.108574,21202585761.995045,59061.94188748811
3620,0.0018100000000000002,18097509566.336838,20664994862.87561,59061.80881343256,184008651435.2144,106650597066.49167,12.404337093737723,18097315133.03097,20665095369.08692,59061.94188748811
3621,0.0018105000000000003,18688942111.81419,20110151790.36633,59061.260135420955,164411816464.58414,106151237128.48668,12.257597614162696,18688810688.83899,20110110012.978436,59061.94188748811
3622,0.0018110000000000001,19263524164.66757,19538312567.97269,59061.40822504228,147120871593.8876,105785158525.63808,12.107382895989037,19263382596.579807,19538279977.02311,59061.94188748811
3623,0.0018115000000000002,19820519175.378822,18950220969.652386,59060.73790256889,131796249951.01163,105539034900.47314,11.951997469811436,19820475446.08643,18950103029.984497,59061.94188748811
3624,0.0018120000000000002,20359651174.984276,18346238634.211754,59060.42168150153,118157135483.00957,105395151390.02731,11.790699648633655,20359650346.857536,18346083507.600006,59061.94188748811
3625,0.0018125,20880473004.476383,17726898215.062523,59060.50964039654,105971398641.2102,105333675555.84412,11.623547889263554,20880454109.077297,17726721591.025837,59061.94188748811
3626,0.0018130000000000006,21382544261.47701,17092754288.43736,59060.98538793379,95047617737.30956,105333866586.67638,11.451244720677245,21382473296.119713,17092635313.422367,59061.94188748811
3627,0.0018135000000000004,21865232913.44778,16444628775.316032,59060.163508335354,85227925824.29205,105375308219.2441,11.274978247465425,21865261056.30235,16444437348.134964,59061.94188748811
3628,0.0018140000000000005,22328187370.90009,15783080256.936058,59058.3151602897,76382149320.2586,105438679444.19672,11.09627065828374,22328434898.21568,15782591725.229576,59061.94188748811
3629,0.0018145000000000004,22771314194.67196,15108335205.70545,59057.937056572504,68402189637.22816,105506842388.69261,10.916831260518144,22771646556.439445,15107633426.907846,59061.94188748811
3630,0.0018150000000000004,23194080791.539165,14421203673.87727,59057.53838147901,61197332545.54598,105565547073.84685,10.738423210823772,23194430152.86752,14420389716.678041,59061.94188748811
3631,0.0018155000000000005,23596368472.647255,13721941487.621904,59059.45322734,54691323337.18683,105603065415.69975,10.56276111767333,23596503384.751835,13721375732.286737,59061.94188748811
3632,0.0018160000000000003,23977506181.35307,13011679128.304943,59060.1477753643,48818923978.264244,105610703232.54552,10.391424710469908,23977577081.370644,13011187893.658697,59061.94188748811
3633,0.0018165000000000004,24337328212.47873,12290827434.22837,59061.17545678475,43524390193.68913,105581961854.78592,10.22580708821157,24337307433.53968,12290467272.413548,59061.94188748811
3634,0.0018170000000000005,24675371253.388485,11560356417.431059,59060.369473774306,38758985937.49047,105512915615.61575,10.067075576920237,24675407741.13063,11559804510.90064,59061.94188748811
3635,0.0018175000000000003,24991629407.8573,10820419309.778158,59061.10529721495,34480023765.15981,105401462841.2196,9.91615879219103,24991616000.05455,10819979740.34811,59061.94188748811
3636,0.0018180000000000004,25285698759.268177,10071966779.245113,59061.332484072045,30649252584.696877,105247453148.12079,9.773742883474997,25285577409.26111,10071596943.630835,59061.94188748811
3637,0.0018185000000000002,25557491744.67318,9315317820.679913,59063.30168827456,27232650253.53319,105051747119.66484,9.640288537834559,25557200401.082363,9315213290.341812,59061.94188748811
3638,0.0018190000000000003,25806547312.86999,8551755329.178727,59062.9140549003,24199475910.326187,104816210100.76585,9.516051350286592,25806309105.858944,8551642121.995934,59061.94188748811
3639,0.0018195000000000004,26032815288.87165,7781630498.528711,59062.457868857564,21522342352.15591,104542919872.30115,9.401113710776071,26032592154.8311,7781524307.822404,59061.94188748811
3640,0.0018200000000000002,26236162603.026924,7005496590.386261,59062.74026879958,19176403835.265903,104234379468.21063,9.295412011139797,26235892718.56964,7005429340.04603,59061.94188748811
3641,0.0018205000000000003,26416358768.23806,6224303437.5380745,59061.99860496621,17139277780.932556,103893118750.95323,9.198766680049893,26416094295.667,6224110820.043318,59061.94188748811
3642,0.0018210000000000004,26573371325.641468,5438370135.96424,59062.6642422433,15390999312.742348,103521390898.93121,9.110912284866854,26573118166.103287,5438290759.259619,59061.94188748811
3643,0.0018215000000000002,26707052476.46187,4648475736.25635,59064.04484846593,13913665962.600435,103121257429.54085,9.031522217289533,26706754329.853397,4648677433.387107,59061.94188748811
3644,0.0018220000000000003,26817234346.767525,3855727584.689343,59063.449559735454,12691477070.708553,102694337631.29912,8.960232421553464,26817002916.796135,3855868384.265716,59061.94188748811
3645,0.0018225000000000001,26903936664.17121,3060349329.98653,59064.04289285352,11710637359.909079,102241754537.44148,8.896661510126139,26903747403.559727,3060661889.4103465,59061.94188748811
3646,0.0018230000000000002,26967074130.02915,2263238958.0035014,59064.44048278533,10959069308.9176,101764315734.50017,8.840424977811967,26966881842.78141,2263620612.113701,59061.94188748811
3647,0.0018235000000000003,27006591599.044228,1465519192.2252727,59061.95585870586,10426450956.120373,101262370571.3433,8.791148129354482,27006424743.201324,1465550117.551426,59061.94188748811
3648,0.001824,27022559349.5162,666937683.3103487,59062.871279234234,10104078576.236288,100735876251.98848,8.74847540241686,27022320393.620502,667091947.6381006,59061.94188748811
3649,0.0018245000000000002,27014939893.050285,-131230988.83423716,59063.21744175412,9984711668.401869,100184533606.97705,8.712076094853936,27014750883.480354,-131035560.38940719,59061.94188748811
3650,0.0018250000000000002,26983773816.478405,-928298911.5751871,59063.09047190574,10062587926.277843,99607689533.21445,8.6816495138724,26983641746.944695,-928081917.6452264,59061.94188748811
3651,0.0018255000000000005,26929119767.236427,-1723608779.2036848,59062.762276270165,10333280944.248695,99004467197.7577,8.65692727833574,26928987597.1618,-1723409122.6352408,59061.94188748811
3652,0.0018260000000000006,26851050926.025864,-2516524209.1422057,59062.60241169961,10793633390.148571,98373807491.72098,8.637674300973057,26850905339.903313,-2516302475.9696183,59061.94188748811
3653,0.0018265000000000004,26749667893.88442,-3306287667.2978964,59062.15178924676,11441703697.600729,97714504068.76007,8.623688813194791,26749506882.768223,-3306160763.375318,59061.94188748811
3654,0.0018270000000000005,26625087328.71285,-4092234170.9011145,59061.561433948096,12276698160.907827,97025251734.02242,8.614801483381774,26624929050.159073,-4092161344.5184727,59061.94188748811
3655,0.0018275000000000006,26477397282.35106,-4873974432.599919,59062.741366221235,13298938440.830036,96304673235.51634,8.61087413159037,26477254134.202076,-4873790484.9997,59061.94188748811
3656,0.0018280000000000004,26306824204.400646,-5650356358.639265,59062.447539943336,14509909674.593496,95551288429.25974,8.611798873525926,26306723912.96223,-5650166380.441237,59061.94188748811
3657,0.0018285000000000005,26113547384.948944,-6420775131.681773,59061.22032517524,15912054050.42811,94763680994.68788,8.617495204735865,26113462323.499794,-6420773636.48473,59061.94188748811
3658,0.0018290000000000003,25897682576.185837,-7184918447.463928,59061.46101527853,17508876085.108673,93940422583.53307,8.627908458936215,25897592049.23152,-7184860079.750932,59061.94188748811
3659,0.0018295000000000004,25659463894.904377,-7941992455.410038,59062.168720151916,19305076815.18735,93079986669.71858,8.643009554216604,25659443392.622692,-7941850701.0536785,59061.94188748811
3660,0.0018300000000000005,25399183150.739487,-8691144168.73596,59061.961463279906,21306429903.754665,92180879628.23573,8.662793186233726,25399143090.86347,-8691002146.310133,59061.94188748811
3661,0.0018305000000000003,25116998815.584835,-9432026165.077383,59062.91011879317,23519767578.21223,91241679609.49397,8.687275897198417,25116986201.002247,-9431740453.779966,59061.94188748811
3662,0.0018310000000000004,24813312287.516857,-10163626333.055717,59062.37573345212,25953256866.385933,90260854302.8328,8.716496790283603,24813287197.31566,-10163431631.440416,59061.94188748811
3663,0.0018315000000000004,24488366484.235416,-10885476675.945175,59061.544470673296,28616153998.511555,89237019663.19196,8.750515095696061,24488318193.517384,-10885384957.679548,59061.94188748811
3664,0.0018320000000000003,24142436601.16043,-11597041172.546915,59061.00223216296,31519149618.396404,88168712512.39093,8.789411075771493,24142343822.81419,-11597072045.884335,59061.94188748811
3665,0.0018325000000000004,23775752415.01192,-12297897682.029018,59062.04361581772,34674461908.82461,87054408040.39905,8.83328680086635,23775703793.066628,-12297760418.66033,59061.94188748811
3666,0.0018330000000000002,23388780084.838753,-12987171449.093834,59062.624378108456,38096061204.087845,85892449615.22914,8.882267950017557,23388747861.97953,-12986995756.32913,59061.94188748811
3667,0.0018335000000000003,22981905775.849743,-13664240745.779808,59062.52514870284,41799527679.61966,84681293122.72041,8.936502628276568,22981877345.997246,-13664084904.732878,59061.94188748811
3668,0.0018340000000000003,22555491287.351536,-14328572342.099049,59062.09166877787,45802378250.70662,83419364457.25131,8.996162469257273,22555454784.684254,-14328468207.433598,59061.94188748811
3669,0.0018345000000000002,22109799460.33926,-14979812556.17119,59062.89496538842,50124348290.944176,82104999741.81506,9.061444746172707,22109784165.877934,-14979606808.826385,59061.94188748811
3670,0.0018350000000000003,21645450077.697826,-15617076629.799463,59062.40074963611,54787815695.77583,80736315888.20027,9.132576329166822,21645366675.204887,-15616908781.499277,59061.94188748811
3671,0.0018355000000000003,21162729314.86579,-16240045125.061121,59062.32918797747,59817637295.27487,79311589343.99016,9.209812874250177,21162635621.60334,-16239837751.915943,59061.94188748811
3672,0.0018360000000000002,20662064535.060596,-16848201054.227541,59062.740318925105,65241987664.986946,77828830852.01353,9.29344418793928,20661998672.257694,-16847942398.690243,59061.94188748811
3673,0.0018365000000000002,20144019505.111458,-17440891779.711296,59062.527272332554,71092608014.5285,76285939533.55481,9.383797723810776,20143922645.671326,-17440626415.31107,59061.94188748811
3674,0.001837,19609018040.825623,-18017685778.141785,59062.244423784905,77405126038.50705,74680824209.0282,9.481240958177441,19608906395.494328,-18017448311.516373,59061.94188748811
3675,0.0018375000000000002,19057540210.949436,-18578106630.49694,59061.95784029396,84219837527.79456,73011211025.96693,9.58618703215452,19057421440.754456,-18577928322.608807,59061.94188748811
3676,0.0018380000000000002,18490081067.6052,-19121689884.5679,59061.70947823628,91582318255.81393,71274692889.5488,9.699100320046133,18489912215.752777,-19121544353.728653,59061.94188748811
3677,0.0018385000000000005,17907055218.891434,-19648074831.343956,59062.29208183615,99544205439.34097,69468729177.40463,9.820502817895687,17906982127.12375,-19647867113.586834,59061.94188748811
3678,0.0018390000000000006,17309263774.627758,-20156557666.731686,59061.410656179854,108164251151.47775,67590549454.08101,9.95098285963235,17309066748.713673,-20156442382.530586,59061.94188748811
3679,0.0018395000000000004,16696888319.703087,-20647047738.99956,59062.00775857066,117508874324.24203,65637567427.07181,10.091199217527306,16696777121.695736,-20646878104.49895,59061.94188748811
3680,0.0018400000000000005,16070865124.45075,-21118800436.81578,59061.02213995446,127654303228.96992,63606685205.28104,10.241896785122972,16070611274.004652,-21118668471.61525,59061.94188748811
3681,0.0018405000000000006,15431633415.205061,-21571548504.86767,59059.57517299338,138687032856.154,61495156191.56246,10.403911404565154,15431185890.103304,-21571551772.579735,59061.94188748811
3682,0.0018410000000000004,14779527427.861752,-22005099672.717083,59059.377424224775,150706248554.19165,59300026969.51723,10.578185364650173,14779015682.405434,-22005157521.33718,59061.94188748811
3683,0.0018415000000000005,14115339209.336372,-22418936205.143112,59058.851936028404,163826064169.69977,57018107402.02238,10.765785932736833,14114765401.29773,-22419077586.313705,59061.94188748811
3684,0.0018420000000000003,13439585376.369892,-22812774700.37964,59058.541500444786,178177302992.86264,54646560812.22976,10.967918244433102,13438967567.960632,-22812943414.416584,59061.94188748811
3685,0.0018425000000000004,12752853834.438026,-23186300185.612247,59058.50654588562,193910674141.59323,52182706531.171364,11.185945425371656,12752243151.33085,-23186485105.748833,59061.94188748811
3686,0.0018430000000000005,12055807155.064295,-23539177168.08779,59058.395314226436,211199931975.67142,49624285976.83238,11.421409449826193,12055092977.314255,-23539370171.408913,59061.94188748811
3687,0.0018435000000000003,11348977948.020447,-23871168504.864056,59058.73402965696,230245488521.71466,46969798531.32661,11.676052554595763,11348330943.425526,-23871380870.18202,59061.94188748811
3688,0.0018440000000000004,10633062610.610895,-24181967091.776245,59059.06239227506,251278797691.6106,44218736077.54398,11.95184183916916,10632450134.612516,-24182154584.881134,59061.94188748811
3689,0.0018445000000000004,9908727725.315794,-24471311471.974945,59059.20064670141,274566753722.04456,41372281778.387314,12.25099034135059,9908122887.454819,-24471514672.88821,59061.94188748811
3690,0.0018450000000000003,9176551054.340961,-24739003822.505844,59059.521349513736,300416612427.8481,38434004408.95165,12.575975377905126,9175926460.768776,-24739177177.05903,59061.94188748811
3691,0.0018455000000000004,8437089537.664812,-24984867716.20368,59060.486778579325,329180961542.5085,35410799423.25961,12.929550175397155,8436650487.430504,-24984937038.437733,59061.94188748811
3692,0.0018460000000000002,7691570805.846872,-25208492639.16727,59058.997573095236,361261947816.78253,32314312896.874977,13.314739512513608,7690798713.716222,-25208659388.63173,59061.94188748811
3693,0.0018465000000000003,6939924878.065457,-25409996000.154797,59059.085645088,397112643049.38794,29163497838.21074,13.734795445995172,6939168601.243574,-25410167933.38792,59061.94188748811
3694,0.0018470000000000003,6183063536.91437,-25589124545.30167,59059.312165650925,437237577836.7644,25986096191.653946,14.193126972929319,6182350863.510874,-25589255392.400345,59061.94188748811
3695,0.0018475000000000002,5421682790.697002,-25745736724.602097,59059.51225543308,482183472807.0159,22823210969.93419,14.693132152869042,5421008614.886393,-25745847180.86145,59061.94188748811
3696,0.0018480000000000003,4656438113.142946,-25879725826.03694,59059.75591152558,532519796329.916,19733861710.409607,15.237909508408153,4655793344.048756,-25879848058.6517,59061.94188748811
3697,0.0018485000000000003,3888070507.518598,-25990982248.65984,59059.6979158309,588799966922.1162,16801093044.208797,15.829779577402338,3887365381.651655,-25991112498.7529,59061.94188748811
3698,0.0018490000000000002,3117229975.7589126,-26079443910.229656,59059.47301437143,651492332190.772,14139559482.391205,16.469526475700125,3116494921.3373876,-26079494335.786293,59061.94188748811
3699,0.0018495000000000002,2344497471.737301,-26145086921.205425,59059.570464995835,720866708986.6018,11903983846.73091,17.155255350762143,2343761051.0864882,-26145135282.679775,59061.94188748811
3700,0.00185,1570627468.167167,-26187855276.27855,59059.56027028468,796819133903.1409,10297428289.732338,17.880760898686066,1569836980.6524653,-26187900889.44466,59061.94188748811
3701,0.0018505000000000001,796275306.4476628,-26207747071.17848,59059.57143237544,878620029644.3884,9576614031.965208,18.63336319420096,795425064.6883243,-26207776908.68579,59061.94188748811
3702,0.0018510000000000004,22072838.38828543,-26204746615.211742,59059.62856333864,964587154252.9553,10048903531.323032,19.39135795748313,21211208.509047996,-26204767551.785183,59061.94188748811
3703,0.0018515000000000005,-751205363.9903457,-26178926025.298916,59059.60718709742,1051721935374.3171,12053281146.37267,20.121605769108562,-752160858.2132291,-26178926005.273148,59061.94188748811
3704,0.0018520000000000006,-1522955243.2919576,-26130310016.682087,59059.626538302895,1135419729869.0662,15915889752.665892,20.778393019059664,-1523930720.7751012,-26130269049.310055,59061.94188748811
3705,0.0018525000000000004,-2292462320.113623,-26058975069.102165,59059.55976927431,1209454843636.0054,21874336589.012245,21.305340019360276,-2293513237.959992,-26058905733.725784,59061.94188748811
3706,0.0018530000000000005,-3059041265.6354403,-25965013750.02069,59059.35378935057,1266498729857.143,29977780139.87639,21.6422325808646,-3060191347.503082,-25964883262.124744,59061.94188748811
3707,0.0018535000000000005,-3822140261.487142,-25848514117.31584,59059.36266575211,1299335977518.537,39992746754.47117,21.737299066096572,-3823340128.191136,-25848394305.068764,59061.94188748811
3708,0.0018540000000000004,-4581685498.440475,-25709470322.30606,59061.40119636687,1302614163033.6497,51365440628.47022,21.56225709861252,-4582235435.373772,-25709411991.121357,59061.94188748811
3709,0.0018545000000000005,-5335916993.1015415,-25548247670.826897,59061.9840983399,1274505775627.8633,63286031165.91184,21.12392853561947,-5336270987.987568,-25548259261.713894,59061.94188748811
3710,0.0018550000000000003,-6083943277.9129715,-25365108612.8014,59060.42121232012,1217465634194.3657,74850046296.51176,20.465900718140492,-6084810329.808532,-25364971770.089382,59061.94188748811
3711,0.0018555000000000004,-6826491888.069755,-25159894588.040607,59061.03233753462,1137606966384.0051,85260948463.7258,19.65810958261185,-6827191070.420411,-25159755391.096573,59061.94188748811
3712,0.0018560000000000004,-7561820721.059805,-24933102098.25185,59060.33532451012,1042997659395.4597,93984486930.30031,18.77908798053931,-7562766779.54703,-24932868752.697685,59061.94188748811
3713,0.0018565000000000003,-8290161362.157647,-24684691925.522034,59061.059184085774,941741974657.5387,100793751824.21817,17.899229400821458,-8290889505.049469,-24684481004.866096,59061.94188748811
3714,0.0018570000000000004,-9010924933.352604,-24414851675.36567,59063.30729446412,840570711116.6467,105728422312.11993,17.07066218551439,-9010922333.449791,-24414870402.9408,59061.94188748811
3715,0.0018575000000000004,-9721823296.75475,-24124465197.413685,59061.73812257364,744241313513.6356,109002402287.00412,16.324856691500138,-9722310835.259657,-24124285130.27736,59061.94188748811
3716,0.0018580000000000003,-10423722896.85762,-23813283434.244564,59061.143288297746,655592020981.666,110909745792.7105,15.67552745622048,-10424367311.08203,-23813001985.190407,59061.94188748811
3717,0.0018585000000000003,-11116002805.71821,-23481583236.093,59061.468834123465,575920462152.9639,111761565983.95146,15.123519740453292,-11116542833.98597,-23481283374.526386,59061.94188748811
3718,0.0018590000000000002,-11797457597.02331,-23129952766.7944,59060.627124781386,505460396020.94604,111843064235.82779,14.661702461442596,-11798215978.486095,-23129501330.234215,59061.94188748811
3719,0.0018595000000000003,-12468453937.603115,-22758257439.330086,59061.95618253998,443797782571.60175,111394995826.94766,14.27880853688171,-12468849455.074589,-22757955123.589436,59061.94188748811
3720,0.0018600000000000003,-13127444404.359463,-22367325424.76932,59061.94712187055,390173983685.2637,110611995669.82246,13.962001507838705,-13127876818.164047,-22367005469.046432,59061.94188748811
3721,0.0018605000000000002,-13773970866.462547,-21957497523.11218,59060.91932617423,343693780959.1628,109643329746.22232,13.698483713959877,-13774599910.00044,-21956968796.60145,59061.94188748811
3722,0.0018610000000000002,-14408178814.068422,-21528744585.79724,59061.63575281132,303446130366.48505,108600875448.78801,13.476353104213407,-14408662556.78215,-21528323897.06846,59061.94188748811
3723,0.0018615000000000003,-15029041232.158813,-21081738065.21878,59062.13182818446,268570308964.8946,107566420806.99217,13.285002480412547,-15029375278.328945,-21081350429.665585,59061.94188748811
3724,0.0018620000000000002,-15636238708.288338,-20616748459.844997,59063.33125231905,238290243336.25,106596217345.62793,13.11528851190584,-15636312003.489223,-20616512594.3164,59061.94188748811
3725,0.0018625000000000002,-16228805189.764557,-20134520403.609676,59063.116379349165,211924279048.1731,105727081958.82191,12.959541892853414,-16228878961.359533,-20134317220.472553,59061.94188748811
3726,0.001863,-16806672970.474388,-19635191076.618763,59063.56937052913,188885584266.29468,104979780370.9403,12.811522774397414,-16806662822.618063,-19635061609.865795,59061.94188748811
3727,0.0018635000000000001,-17369336942.298355,-19119211970.155373,59064.65672897166,168674011233.768,104363481203.36295,12.66632431570167,-17369072176.532444,-19119273757.82787,59061.94188748811
3728,0.0018640000000000004,-17915968645.864296,-18587349615.915314,59064.37989266627,150867639276.75873,103877848279.67514,12.520273328562977,-17915741423.16326,-18587419798.215725,59061.94188748811
3729,0.0018645000000000005,-18446309131.784775,-18039936169.846767,59063.83412078831,135113455822.25903,103514973593.60208,12.370826648142746,-18446137443.386093,-18039917069.982536,59061.94188748811
3730,0.0018650000000000006,-18960149477.25925,-17477240658.650425,59064.53740432095,121116892484.96243,103262037150.89337,12.216445954423406,-18959870215.190056,-17477312906.427197,59061.94188748811
3731,0.0018655000000000004,-19456648164.80798,-16900172091.160538,59063.72332219217,108632919535.07262,103102969458.6276,12.05646488458789,-19456420359.22251,-16900141122.617903,59061.94188748811
3732,0.0018660000000000005,-19935595660.957382,-16309064594.090883,59062.758784350866,97459087210.63884,103019166564.7607,11.890960562765164,-19935429933.607353,-16308919441.521284,59061.94188748811
3733,0.0018665000000000005,-20396683151.719994,-15704349369.126884,59062.33121792402,87427600405.24904,102991583600.65976,11.720604929370243,-20396567962.769066,-15704131034.680994,59061.94188748811
3734,0.0018670000000000004,-20839501899.204372,-15086589215.378593,59062.26175053211,78399406227.9698,103001614906.77016,11.546518328388634,-20839412669.946198,-15086373981.723028,59061.94188748811
3735,0.0018675000000000005,-21263710954.263298,-14456295073.163017,59062.80435399748,70259143054.14867,103031802419.35356,11.370129469246876,-21263547928.2773,-14456183072.974592,59061.94188748811
3736,0.0018680000000000003,-21668985557.762672,-13813978243.297075,59064.25357429214,62910632983.338875,103066542860.44028,11.193043706622651,-21668631400.98464,-13814054831.342764,59061.94188748811
3737,0.0018685000000000004,-22054717072.17011,-13160609228.471935,59063.862556845925,56273171105.77868,103092497903.9849,11.0169262419509,-22054432301.76662,-13160663819.532116,59061.94188748811
3738,0.0018690000000000004,-22420778956.794853,-12496518986.654503,59063.488576020965,50278861267.81218,103098474658.46667,10.843408887170789,-22420526422.211563,-12496513603.875029,59061.94188748811
3739,0.0018695000000000003,-22766780246.877792,-11822465904.357372,59062.016028449005,44869463685.85513,103076053644.94756,10.674008268341796,-22766690645.142376,-11822269169.879793,59061.94188748811
3740,0.0018700000000000004,-23092684200.8731,-11138627523.263601,59062.36267311571,39994799851.55335,103019088305.74301,10.510071978283547,-23092575460.601707,-11138546343.68575,59061.94188748811
3741,0.0018705000000000004,-23398003306.020103,-10446013952.491539,59061.67667519645,35610755410.09499,102923864391.12987,10.352739562669024,-23397956487.789234,-10445813578.886292,59061.94188748811
3742,0.0018710000000000003,-23682666799.411663,-9744894518.98315,59062.34262939891,31678717136.308807,102788207212.87712,10.20293078209865,-23682619594.311264,-9744820076.305397,59061.94188748811
3743,0.0018715000000000003,-23946293034.28248,-9036219327.89436,59062.054209050555,28164135450.65967,102611651490.59927,10.06134121752844,-23946200872.70176,-9036124497.105934,59061.94188748811
3744,0.0018720000000000002,-24188776334.982616,-8320387972.655989,59062.3995266545,25036280446.214386,102394681025.92706,9.928455822523174,-24188697380.6752,-8320349152.36152,59061.94188748811
3745,0.0018725000000000002,-24409908039.747383,-7598067149.29176,59063.0914642685,22267404500.93258,102138726701.08966,9.804565924121489,-24409730534.561012,-7598153824.916217,59061.94188748811
3746,0.0018730000000000003,-24609479821.92589,-6870006323.803,59063.35987795412,19832539318.380028,101845698190.74678,9.689794120013797,-24609340034.3445,-6870200563.097585,59061.94188748811
3747,0.0018735000000000002,-24787272594.258095,-6137125480.040464,59061.419129275026,17709237625.786644,101517717708.83127,9.584121816734523,-24787230842.612087,-6137037394.659671,59061.94188748811
3748,0.0018740000000000002,-24943349672.033577,-5399397723.600634,59061.867785389244,15877384606.245556,101156896206.17172,9.487417348723197,-24943311826.175465,-5399453824.765544,59061.94188748811
3749,0.0018745000000000003,-25077475240.30065,-4657914028.730235,59061.59626315062,14318742331.486242,100765453530.19904,9.399459461352103,-25077463531.308537,-4657964541.317244,59061.94188748811
3750,0.0018750000000000001,-25189551998.10351,-3913414911.0385585,59060.0831582457,13017201967.593418,100345204138.25246,9.31996415097936,-25189546479.97201,-3913209377.010732,59061.94188748811
3751,0.0018755000000000002,-25279612267.980072,-3165948487.9096737,59061.38798072039,11958508855.88212,99897653663.94188,9.248606115367851,-25279537513.763767,-3165934466.3065286,59061.94188748811
3752,0.001876,-25347495025.51435,-2416786911.6886563,59061.230331616054,11130063288.147707,99424056082.53943,9.185035982638924,-25347376268.731213,-2416745384.976765,59061.94188748811
3753,0.0018765000000000006,-25393195347.468197,-1666468428.2244308,59060.500601807,10521047659.086151,98925154635.0883,9.128897464399671,-25393084306.953144,-1666302127.620782,59061.94188748811
3754,0.0018770000000000004,-25416721133.566277,-915373181.2249335,59061.05096065407,10122177661.358208,98401367814.1136,9.079839024590171,-25416597441.621803,-915320801.8045384,59061.94188748811
3755,0.0018775000000000005,-25418060118.858135,-164168220.4322349,59062.70101021276,9925644054.394167,97852785711.08473,9.037523207602876,-25417956152.587303,-164319786.67410544,59061.94188748811
3756,0.0018780000000000005,-25397223332.822075,586214339.3154143,59063.539326612685,9925074302.026623,97279155085.48958,9.001634055160272,-25397114054.975674,585884986.3306222,59061.94188748811
3757,0.0018785000000000004,-25354269808.37314,1334965936.551466,59062.607215397475,10115432134.853596,96679937125.05855,8.971882054997408,-25354196605.801765,1334734250.9348524,59061.94188748811
3758,0.0018790000000000005,-25289262303.446163,2081776577.911783,59062.30048534941,10492911036.07877,96054387610.97163,8.948006865651259,-25289175401.039165,2081586858.1687293,59061.94188748811
3759,0.0018795000000000005,-25202273950.404903,2826011120.525145,59062.66179665645,11054922277.638388,95401567906.21188,8.92977913974112,-25202164509.077675,2825755947.0363693,59061.94188748811
3760,0.0018800000000000004,-25093415774.65532,3566878025.1588492,59062.669118295074,11800043780.764471,94720373439.12376,8.91700130271703,-25093279053.7585,3566641736.44,59061.94188748811
3761,0.0018805000000000004,-24962844992.714436,4303528976.098864,59060.96475052177,12727943005.811695,94009595938.73265,8.909507137009824,-24962679557.855755,4303518574.996211,59061.94188748811
3762,0.0018810000000000003,-24810653742.37568,5035697606.390396,59060.170205350696,13839303766.229504,93267985059.83315,8.907160452438806,-24810512813.174015,5035766604.516167,59061.94188748811
3763,0.0018815000000000004,-24636966332.21843,5762853666.789992,59060.9175435092,15135943775.134453,92494167497.83829,8.909854878784282,-24636864551.5262,5762867797.738695,59061.94188748811
3764,0.0018820000000000004,-24441999484.809395,6484125218.177334,59061.43952208015,16620778841.767345,91686691614.59486,8.917512996532553,-24441929555.59502,6484032216.832635,59061.94188748811
3765,0.0018825000000000003,-24225924845.50643,7198979028.7317,59062.36327963218,18297712362.180527,90844134507.54137,8.930084189883447,-24225900131.662025,7198820832.83042,59061.94188748811
3766,0.0018830000000000003,-23988985052.626335,7906683547.034366,59062.86518891319,20171748407.029263,89965033259.38411,8.947543717085871,-23988966797.14974,7906465782.128935,59061.94188748811
3767,0.0018835000000000004,-23731435715.125275,8606571726.855692,59062.567148195565,22248945108.94574,89047953823.65517,8.969891091412775,-23731457839.718582,8606370351.153242,59061.94188748811
3768,0.0018840000000000003,-23453488779.13228,9298166848.615602,59062.392352614566,24536469636.258682,88091480939.49054,8.997148920666238,-23453464875.320454,9298036525.579353,59061.94188748811
3769,0.0018845000000000003,-23155338303.127808,9981045676.470217,59063.54121970017,27042749115.85095,87094144127.74352,9.029362982227351,-23155352023.972454,9980826218.885412,59061.94188748811
3770,0.0018850000000000002,-22837458839.68856,10654151535.923965,59062.56702465912,29777599349.230526,86054383217.23293,9.06660289242519,-22837447037.67334,10654079807.368677,59061.94188748811
3771,0.0018855000000000002,-22499996914.82097,11317289681.341955,59062.336507700704,32751951318.25747,84970844228.51295,9.108959115558463,-22499949372.468613,11317225995.92136,59061.94188748811
3772,0.0018860000000000003,-22143262987.372128,11969885911.59081,59062.75575286873,35978457134.254684,83841957469.93274,9.156546016386327,-22143200760.858517,11969799779.850355,59061.94188748811
3773,0.0018865000000000002,-21767632324.699245,12611289955.761017,59063.104037270394,39471425647.82235,82666121847.69525,9.209502433630574,-21767565772.726826,12611209484.640867,59061.94188748811
3774,0.0018870000000000002,-21373431676.226192,13240994135.039005,59063.676430297804,43246924107.98714,81441748733.95357,9.267991952396342,-21373378904.643837,13240891705.715246,59061.94188748811
3775,0.0018875000000000003,-20961183702.703365,13858208067.26144,59062.53275503932,47323067002.91175,80167173582.98839,9.332204676698808,-20961048201.202957,13858197888.518608,59061.94188748811
3776,0.0018880000000000001,-20531092707.41598,14462709250.560217,59062.05248051366,51719997809.493866,78840843865.65962,9.402356777696484,-20530909401.321552,14462743286.993881,59061.94188748811
3777,0.0018885000000000002,-20083705200.761513,15053761795.900404,59060.46381693324,56460622181.06579,77460920575.25783,9.478695828136887,-20083368771.243355,15053993619.595387,59061.94188748811
3778,0.0018890000000000005,-19619136595.064034,15631277786.902792,59061.058057080125,61570472581.28396,76025655963.24623,9.561501130744853,-19618856330.884247,15631397815.246698,59061.94188748811
3779,0.0018895000000000006,-19137991125.305054,16194502115.372963,59061.62210835919,67078695809.158615,74532879561.59056,9.651091547804233,-19137736765.55213,16194522012.275257,59061.94188748811
3780,0.0018900000000000004,-18640635752.113083,16743042932.35398,59062.83925443114,73017834523.08414,72980553669.19002,9.747825866225705,-18640528454.2839,16742893545.072414,59061.94188748811
3781,0.0018905000000000005,-18127706314.057007,17276222524.03138,59062.89926387961,79424675213.42796,71366461008.20592,9.852108295643824,-18127644209.39323,17276041954.565468,59061.94188748811
3782,0.0018910000000000005,-17599524121.796005,17793764451.710735,59063.27620390202,86340480504.27419,69688482856.83199,9.964390703914114,-17599585237.745613,17793541850.015396,59061.94188748811
3783,0.0018915000000000004,-17056656727.453955,18295141367.35177,59063.15227397233,93812124188.95506,67944214810.14891,10.085181207884146,-17056771164.534754,18294980554.20338,59061.94188748811
3784,0.0018920000000000005,-16499523032.300488,18780009852.73467,59063.19745729505,101892573739.58484,66131242936.478714,10.21504961617512,-16499656326.510967,18779846082.33417,59061.94188748811
3785,0.0018925000000000005,-15928796270.369131,19247813871.761196,59062.02974658144,110642049617.16635,64246964207.13129,10.354636680876977,-15928829692.487831,19247758958.21581,59061.94188748811
3786,0.0018930000000000004,-15344687684.578754,19698436853.41418,59062.16206485185,120128782348.00339,62288867453.158936,10.504660598564806,-15344699002.288656,19698406173.795856,59061.94188748811
3787,0.0018935000000000004,-14747811424.118984,20131413391.428413,59062.72478545829,130430960204.90018,60254033661.63678,10.665932676973352,-14747926573.997223,20131345904.389187,59061.94188748811
3788,0.0018940000000000003,-14138961524.678366,20546188516.83794,59061.79077360952,141637713171.83923,58139636121.263504,10.839367392370958,-14138964217.6066,20546166546.96746,59061.94188748811
3789,0.0018945000000000004,-13518473601.030128,20942592346.965412,59061.04416549938,153850611515.10107,55943150954.82259,11.025991905097351,-13518390762.001068,20942608349.92208,59061.94188748811
3790,0.0018950000000000004,-12886774570.539953,21320380995.672554,59061.32043030777,167186357587.7811,53661914290.91871,11.22696557912147,-12886725215.186172,21320364528.0796,59061.94188748811
3791,0.0018955000000000003,-12244514938.329157,21679176073.523594,59061.90073955811,181779089786.24915,51293366101.28842,11.443599267228107,-12244519000.52855,21679086389.226246,59061.94188748811
3792,0.0018960000000000003,-11592250532.2332,22018690026.742035,59062.844112706785,197782845559.26443,48835457232.82046,11.677372578567697,-11592354490.469599,22018528074.753147,59061.94188748811
3793,0.0018965000000000004,-10930750477.775854,22338540362.89742,59062.924946066305,215374843627.63315,46286767409.326035,11.929954644561565,-10930914952.037703,22338363094.426025,59061.94188748811
3794,0.0018970000000000002,-10260605717.361702,22638482947.468716,59062.23737160192,234758713596.27213,43647042575.29453,12.203222246635509,-10260659693.20355,22638350586.73598,59061.94188748811
3795,0.0018975000000000003,-9582206407.872753,22918388158.807175,59062.08655776297,256168607724.3436,40917445579.94014,12.499280928671295,-9582245710.564243,22918301521.709534,59061.94188748811
3796,0.0018980000000000002,-8896080633.921293,23178058382.131805,59062.823482310596,279873629486.3375,38101008350.82463,12.820486428251064,-8896314945.803095,23177909339.432762,59061.94188748811
3797,0.0018985000000000002,-8203216334.345947,23417120503.147144,59062.19564329549,306181787904.06287,35203689902.9285,13.169456152746836,-8203336036.060278,23416968406.073345,59061.94188748811
3798,0.0018990000000000003,-7503765739.994375,23635585697.82545,59062.89612367963,335442899511.3504,32236023940.836567,13.54905912485904,-7504019197.759784,23635342818.68278,59061.94188748811
3799,0.0018995000000000001,-6798602227.29257,23833175930.37979,59063.39051294539,368051963495.5865,29213986483.554405,13.962396637989269,-6799013450.971641,23832887846.852158,59061.94188748811
3800,0.0019000000000000002,-6088304705.74897,24009759352.83036,59063.92699676077,404447615248.5215,26161979170.497105,14.412728397737622,-6088807936.084955,24009402404.57635,59061.94188748811
3801,0.0019005000000000003,-5373562636.281213,24165185568.960995,59064.166641084244,445106715367.4399,23115584721.54832,14.903337834185713,-5374153358.822175,24164846181.28709,59061.94188748811
3802,0.0019010000000000001,-4655116018.516872,24299315534.385918,59063.56162841823,490529522067.71106,20125686973.570854,15.437291031288465,-4655650885.718345,24299061657.92794,59061.94188748811
3803,0.0019015000000000002,-3933288967.912805,24412150583.222137,59063.75911754022,541210341873.97205,17263656643.580883,16.017036453900797,-3933895035.1042604,24411916172.850822,59061.94188748811
3804,0.0019020000000000005,-3208881310.3855324,24503564346.152985,59063.842236740624,597585991614.8628,14627463522.41582,16.643778401661717,-3209525587.4644547,24503331985.644215,59061.94188748811
3805,0.0019025000000000005,-2482562385.4359016,24573492268.745846,59063.629060645624,659948995693.6062,12349421495.145933,17.316517947843302,-2483170179.186554,24573315771.48813,59061.94188748811
3806,0.0019030000000000004,-1754847480.2496207,24621938025.87035,59063.804432914934,728313753774.4509,10603594373.061464,18.030676369341947,-1755495402.4079597,24621743808.278763,59061.94188748811
3807,0.0019035000000000005,-1026463663.4046429,24648850007.898376,59063.819886051904,802222005221.4642,9611466632.063581,18.776240423379136,-1027216031.9929135,24648639059.88783,59061.94188748811
3808,0.0019040000000000005,-297993014.09278566,24654215602.81054,59063.80721272216,880482581220.3534,9642216435.644241,19.53548947066349,-298838337.82012093,24654089345.993534,59061.94188748811
3809,0.0019045000000000004,429850589.6642564,24638106067.983875,59063.761584265914,960866192395.615,11001293082.896196,20.280646508598387,429002131.5389944,24638005298.34854,59061.94188748811
3810,0.0019050000000000004,1156654796.3967962,24600497402.782654,59064.205332210906,1039823108365.9467,13999703117.926603,20.972258465395836,1155616655.7081292,24600490964.095028,59061.94188748811
3811,0.0019055000000000005,1881485159.6469247,24541505514.598457,59064.25967131536,1112361400602.9055,18897306049.863884,21.55969605473316,1880318165.7697918,24541541580.716415,59061.94188748811
3812,0.0019060000000000004,2603874153.990437,24461176962.60706,59064.414786935995,1172290329650.1558,25820576161.45545,21.985518689928398,2602649500.346185,24461213058.610725,59061.94188748811
3813,0.0019065000000000004,3323415590.9694266,24359560736.164505,59065.379201587384,1213011403371.7786,34672744224.91045,22.194832108521748,3321871104.6043134,24359651169.456543,59061.94188748811
3814,0.0019070000000000003,4038250342.4449644,24237019285.38365,59063.141958156615,1228856697449.4368,45073354305.82703,22.14859730319308,4037354676.4316444,24237003120.391697,59061.94188748811
3815,0.0019075000000000003,4749421047.602564,24093360026.561275,59063.169708226895,1216630154603.5405,56369558782.639336,21.836673801009546,4748465220.817906,24093360402.014275,59061.94188748811
3816,0.0019080000000000004,5455089239.143967,23928999676.122498,59061.43864110728,1176677669691.7993,67747586986.71993,21.284172090674108,5454652769.227901,23928905451.90202,59061.94188748811
3817,0.0019085000000000003,6155867678.622695,23743802871.642673,59061.94796529289,1112938051135.3413,78400992754.20262,20.547136852553262,6155232288.555036,23743792817.353184,59061.94188748811
3818,0.0019090000000000003,6851087853.268554,23537919819.839935,59064.42756252524,1031876556923.2844,87699735459.54114,19.69871359833817,6849664230.83108,23538139467.15914,59061.94188748811
3819,0.0019095000000000004,7538841817.417601,23311939770.620728,59064.588044799035,940852558292.0115,95281371505.78046,18.812344818023288,7537329888.632044,23312152004.242844,59061.94188748811
3820,0.0019100000000000002,8218802127.4127445,23066046550.558815,59063.33549731495,846631332822.7305,101051010842.0359,17.948756434989892,8217650146.121638,23066098793.633774,59061.94188748811
3821,0.0019105000000000003,8891469606.215635,22800091387.13179,59064.272463743364,754479610716.6201,105121556530.34102,17.149821309703096,8890031978.811419,22800344861.84044,59061.94188748811
3822,0.0019110000000000002,9555950155.388252,22514402188.37033,59066.33887447192,667908407816.8107,107730048841.33235,16.43863938030616,9553877280.473772,22514892204.651104,59061.94188748811
3823,0.0019115000000000002,10210935592.228888,22209550827.8657,59067.01846076848,588866010149.9375,109160623124.60263,15.823253402779255,10208607843.473663,22210199421.04402,59061.94188748811
3824,0.0019120000000000003,10856138699.494299,21885731112.436768,59067.25237469677,518119352520.8972,109693343238.3215,15.301381451825302,10853673164.942202,21886521210.208633,59061.94188748811
3825,0.0019125000000000001,11490173516.897015,21543689136.12692,59063.98591060317,455645009363.5941,109578208038.56766,14.864602058906758,11488557899.005764,21544097083.52815,59061.94188748811
3826,0.0019130000000000002,12113985549.5741,21183030684.526943,59062.66603351646,400955247645.6782,109022758573.09715,14.501506757910107,12112678738.800255,21183346434.459705,59061.94188748811
3827,0.0019135000000000003,12727143482.310553,20803979099.578182,59063.784790476035,353324358177.11774,108194323602.07967,14.199723923948168,12725548608.223373,20804498638.420937,59061.94188748811
3828,0.0019140000000000001,13328129541.469292,20407432149.54465,59063.397512440744,311942602480.4846,107221740358.33392,13.947165096718972,13326617989.165192,20407943178.167126,59061.94188748811
3829,0.0019145000000000006,13916147062.898264,19993985682.17907,59060.152258712726,276008477266.5825,106200010766.53062,13.732718785480897,13915398933.714396,19994084030.85004,59061.94188748811
3830,0.0019150000000000005,14491941804.511103,19563237713.91279,59059.48972417096,244775528827.38574,105197440125.16736,13.546560338378471,14491308514.807188,19563226838.41214,59061.94188748811
3831,0.0019155000000000005,15054647753.941538,19115790480.799652,59059.804288145366,217571491011.97885,104262590796.99951,13.380227585014271,15053999662.768578,19115829948.850574,59061.94188748811
3832,0.0019160000000000004,15603555389.43728,18652208199.523773,59059.98781226176,193807811623.93927,103426412026.92749,13.226632119428151,15602876397.124237,18652234410.367985,59061.94188748811
3833,0.0019165000000000005,16138057393.432858,18173035867.603596,59059.24136105253,172977546282.10776,102706126787.99127,13.08000811734606,16137500368.835302,18172973739.847824,59061.94188748811
3834,0.0019170000000000005,16658118165.785587,17678374801.218273,59059.865349859385,154648953843.59393,102108286068.46042,12.935831791841945,16657462753.24478,17678309243.97276,59061.94188748811
3835,0.0019175000000000004,17163140053.864511,17168784956.010775,59061.008178276155,138456538567.49957,101631762815.0109,12.790717296959706,17162322479.313221,17168892065.226635,59061.94188748811
3836,0.0019180000000000004,17652180485.695374,16645219128.32167,59059.31924339002,124093507797.41783,101268969500.26505,12.642318448699998,17651592579.71562,16645201752.350563,59061.94188748811
3837,0.0019185000000000005,18125605382.44995,16107428254.340834,59059.90851424017,111304167867.1306,101007228899.41208,12.489227259534125,18124966975.039406,16107478567.75866,59061.94188748811
3838,0.0019190000000000003,18582432083.36671,15556479000.016882,59058.639305275996,99874438948.91335,100831817236.63554,12.330837415442021,18581933372.451786,15556374909.501019,59061.94188748811
3839,0.0019195000000000004,19022614222.972744,14992531694.20303,59057.95453943438,89627157343.6701,100725522393.0825,12.167231460325503,19022234270.30539,14992325336.74443,59061.94188748811
3840,0.0019200000000000003,19445988454.611298,14415829492.572289,59059.611604686455,80414768278.43867,100670968111.34937,11.999041570291745,19445412661.10597,14415810570.956564,59061.94188748811
3841,0.0019205000000000003,19851728826.820244,13827448137.34149,59059.574160793345,72114367467.66899,100651295193.97345,11.827314631926244,19851177610.15447,13827464906.341555,59061.94188748811
3842,0.0019210000000000004,20239684889.13819,13227705734.917355,59059.42017264553,64624224765.35142,100650116349.3747,11.65339383787098,20239160421.40419,13227664888.089252,59061.94188748811
3843,0.0019215000000000002,20609620190.353985,12617020329.068296,59059.97029493162,57859029764.08623,100652964283.12418,11.47879332214805,20609034602.768066,12617057277.910631,59061.94188748811
3844,0.0019220000000000003,20961040646.83031,11996222372.236708,59059.19815631518,51746865635.68276,100647478546.18741,11.305089614339819,20960519477.378525,11996207330.307884,59061.94188748811
3845,0.0019225000000000004,21293792545.06325,11365681168.50101,59058.486338751376,46226953137.41241,100623271223.06825,11.133834847379497,21293337933.5556,11365580951.584105,59061.94188748811
3846,0.0019230000000000002,21607743802.54356,10725705407.418745,59059.55886957721,41247052409.556076,100572380101.23883,10.966481757881676,21607217094.259583,10725682749.972849,59061.94188748811
3847,0.0019235000000000003,21902378616.816235,10077327043.957829,59059.07943803734,36761767643.98566,100489124142.93,10.804329299769424,21901857910.60807,10077226220.05169,59061.94188748811
3848,0.0019240000000000001,22177624859.555523,9420825839.138998,59059.20797934251,32731731097.100277,100369433911.76556,10.64849390012337,22177138345.623714,9420729532.695614,59061.94188748811
3849,0.0019245000000000002,22433194581.28563,8756925446.40231,59058.920546744564,29121979706.085335,100211149096.6061,10.499888395342273,22432716454.37339,8756719252.126259,59061.94188748811
3850,0.0019250000000000003,22668943286.446457,8086087444.190319,59059.110205614365,25901478943.311222,100013410343.77802,10.359220015012491,22668470448.04229,8085894032.928469,59061.94188748811
3851,0.0019255000000000001,22884646377.79275,7409002068.647359,59059.071728407485,23042363421.707535,99776514484.01604,10.226996933958619,22884175418.54024,7408784611.468099,59061.94188748811
3852,0.0019260000000000002,23080158272.295914,6726216502.882566,59059.166176327904,20519622350.259296,99501495580.91528,10.103544779863846,23079703484.865017,6725976736.260706,59061.94188748811
3853,0.0019265000000000003,23255329161.959675,6038334588.642763,59059.3673405843,18310693205.464977,99189935743.70683,9.989027219946992,23254795206.6884,6038081204.023081,59061.94188748811
3854,0.0019270000000000001,23410020148.86929,5345992996.369278,59059.45535758426,16395249083.30947,98843698814.42493,9.88346996110459,23409488074.141487,5345779381.58212,59061.94188748811
3855,0.0019275000000000006,23544095108.764656,4649919508.74577,59058.63770817516,14755022147.800829,98464728961.9111,9.786785779254277,23543533855.23473,4649483200.499609,59061.94188748811
3856,0.0019280000000000005,23657517489.456955,3950492844.978442,59058.55951377406,13373672300.19283,98054885074.97466,9.698799130066401,23657004792.489582,3950081767.490548,59061.94188748811
3857,0.0019285000000000005,23750232702.0807,3248133705.5618634,59060.455466107866,12236583586.50033,97615913575.61598,9.619268032983866,23749692434.29615,3247954893.5376067,59061.94188748811
3858,0.0019290000000000006,23822089258.72678,2543991945.731034,59060.55838166815,11330824760.362307,97149305725.75989,9.547904662373606,23821557587.083748,2543880979.7595553,59061.94188748811
3859,0.0019295000000000004,23873082374.054016,1838566577.7945058,59059.8074236624,10645166830.35636,96656135534.01761,9.48439461591317,23872562285.44883,1838317316.6598601,59061.94188748811
3860,0.0019300000000000005,23903231546.426632,1132029533.0112402,59061.273802726355,10169853012.573727,96137202376.69237,9.42841113945703,23902725656.529503,1132018090.2169316,59061.94188748811
3861,0.0019305000000000004,23912488775.78465,425485206.16583806,59061.48402624658,9896546584.708937,95593009554.32997,9.379627070205187,23911999587.533165,425501553.4052676,59061.94188748811
3862,0.0019310000000000004,23900885209.33765,-280391805.9474148,59060.14120733963,9818324329.712946,95023686078.32346,9.337725284749647,23900375226.169632,-280551227.8535354,59061.94188748811
3863,0.0019315000000000005,23868471033.492302,-985154970.9630435,59058.5074806486,9929539732.374632,94429093349.06519,9.302405751737675,23867919992.260166,-985530268.9930902,59061.94188748811
3864,0.0019320000000000003,23815285085.314983,-1688519740.9705534,59058.84301957765,10225775912.802904,93808846346.52496,9.273390800513429,23814718679.570835,-1688917657.9283953,59061.94188748811
3865,0.0019325000000000004,23741400779.555943,-2389554493.5380664,59058.81013683718,10703844159.771713,93162303783.31807,9.25042929244868,23740756095.967857,-2389995296.119253,59061.94188748811
3866,0.0019330000000000005,23646905704.09075,-3087694922.3185487,59058.73919358437,11361679176.333841,92488634116.0041,9.233298816666439,23646250078.430836,-3088194881.8525977,59061.94188748811
3867,0.0019335000000000003,23531883362.34666,-3782493132.613971,59059.719430496916,12198315252.00094,91786846851.77213,9.221806897864338,23531173620.50622,-3782839071.7277684,59061.94188748811
3868,0.0019340000000000004,23396507216.852337,-4472988328.094072,59059.188558798494,13213889085.85079,91055797990.02725,9.215791707418592,23395736268.54097,-4473356327.16861,59061.94188748811
3869,0.0019345000000000002,23240881648.79146,-5158854112.881215,59059.13700406122,14409495101.377382,90294309099.97618,9.215120879948422,23240132300.846355,-5159229130.807453,59061.94188748811
3870,0.0019350000000000003,23065160859.728085,-5839493111.272296,59059.499191017836,15787315187.659298,89501081200.55266,9.21969155888324,23064368445.62911,-5839795776.867954,59061.94188748811
3871,0.0019355000000000004,22869514178.650745,-6514323153.838364,59060.28615248821,17350563817.05461,88674757947.95328,9.229429503642345,22868713793.671917,-6514483763.8751,59061.94188748811
3872,0.0019360000000000002,22654153982.482708,-7182679239.831848,59060.88032541142,19103501023.832237,87813939857.18602,9.244288116383311,22653435758.393845,-7182815586.531012,59061.94188748811
3873,0.0019365000000000003,22419333353.712154,-7843863470.404526,59060.41548951035,21051417004.22023,86917225882.57762,9.264247086475796,22418614262.453354,-7844057241.512956,59061.94188748811
3874,0.0019370000000000001,22165171264.786633,-8497641146.835107,59061.36423415496,23200635645.65921,85983242855.9638,9.2893109117449,22164486449.19632,-8497701529.920824,59061.94188748811
3875,0.0019375000000000002,21892014424.375015,-9143144863.15605,59061.41801426931,25558784835.08545,85010472620.6318,9.319510003925426,21891263673.730904,-9143226441.493782,59061.94188748811
3876,0.0019380000000000003,21600174310.467297,-9779729571.926584,59059.9494350269,28134559521.215572,83997507656.74092,9.354898430038476,21599409208.588764,-9780062910.043907,59061.94188748811
3877,0.0019385000000000001,21289664048.34517,-10407457881.682592,59061.549407717815,30937882092.647358,82942971069.23785,9.395553202195746,21289024795.319057,-10407634291.669127,59061.94188748811
3878,0.0019390000000000002,20961125737.250656,-11025013360.838099,59060.21386277676,33980450425.179356,81845158534.78569,9.44157861188909,20960406844.779903,-11025275900.241081,59061.94188748811
3879,0.0019395000000000003,20614585271.624607,-11632466177.669239,59060.61244642944,37274998659.91924,80702755027.32582,9.493100801100237,20613901096.112648,-11632694792.772688,59061.94188748811
3880,0.0019400000000000005,20250495239.97154,-12229031595.307188,59060.61772964954,40836332246.755974,79514069196.79642,9.550273499556187,20249793244.650932,-12229270874.372725,59061.94188748811
3881,0.0019405000000000006,19869018740.2374,-12814492859.351185,59062.51271568867,44680928390.97564,78277530036.5817,9.613276811031897,19868478272.73582,-12814476440.217207,59061.94188748811
3882,0.0019410000000000005,19470817102.39887,-13387838582.749067,59062.17807304749,48827566495.05511,76991322281.86246,9.68232147119908,19470263992.40439,-13387833099.982824,59061.94188748811
3883,0.0019415000000000005,19056183764.14155,-13948735200.88732,59060.91140165038,53296896406.75842,75653933251.43591,9.757645734522265,19055540479.697975,-13948901658.756495,59061.94188748811
3884,0.0019420000000000006,18625295743.20888,-14497002133.126337,59061.12659266977,58112244274.0391,74263670984.40376,9.839519701130415,18624655058.997566,-14497170102.927082,59061.94188748811
3885,0.0019425000000000004,18178748814.651165,-15031891506.61668,59060.432512344996,63300122819.643005,72818534098.30711,9.928251615971984,18178026873.618195,-15032182162.708832,59061.94188748811
3886,0.0019430000000000005,17716700321.34427,-15553268744.909103,59061.50581154854,68890052442.48645,71316678251.05692,10.024187846953255,17716123311.76223,-15553380485.743586,59061.94188748811
3887,0.0019435000000000003,17239829740.462032,-16060368800.889212,59061.52792245661,74915629111.42894,69755887852.82166,10.127721104481234,17239242949.078674,-16060451841.325775,59061.94188748811
3888,0.0019440000000000004,16748552346.371767,-16552803982.167807,59060.848420700844,81414339201.46516,68134161463.54169,10.239290686059897,16747907854.307388,-16552928004.41689,59061.94188748811
3889,0.0019445000000000005,16243113097.492771,-17030375663.899525,59061.37259125018,88428532496.65895,66449364895.70202,10.35938878627719,16242530716.50762,-17030500137.275782,59061.94188748811
3890,0.0019450000000000003,15724152185.454063,-17492489169.375565,59061.320058089404,96006383002.29741,64699045406.1363,10.488570316005642,15723571273.933586,-17492580261.620663,59061.94188748811
3891,0.0019455000000000004,15192176972.90173,-17938734380.746067,59060.46016863755,104202180999.93497,62880879597.65094,10.627457041377568,15191491408.270922,-17938874846.293583,59061.94188748811
3892,0.0019460000000000005,14647369284.707457,-18369005732.04678,59061.3066333465,113077473677.56639,60992499328.86611,10.776745822150588,14646777855.253077,-18369030927.449528,59061.94188748811
3893,0.0019465000000000003,14090465221.064411,-18782720498.655777,59061.67583864885,122702659091.39047,59031156912.426025,10.937223470031293,14089903640.729332,-18782630862.478165,59061.94188748811
3894,0.0019470000000000004,13522095422.052326,-19179446062.453533,59060.654020669084,133157543614.51685,56994378889.9054,11.109773343932348,13521428290.026829,-19179479308.229286,59061.94188748811
3895,0.0019475000000000002,12942495527.141108,-19559073389.703224,59060.44336785334,144532986097.4476,54879850522.12554,11.295386274672875,12941783158.22114,-19559127481.197872,59061.94188748811
3896,0.0019480000000000003,12352226923.258348,-19921249494.68559,59060.620100512846,156933223587.67267,52685054611.84779,11.495180021993106,12351497760.883993,-19921318676.79443,59061.94188748811
3897,0.0019485000000000004,11751831682.856756,-20265662650.121696,59061.02350889173,170477492123.95935,50407752922.58688,11.710414270052183,11751171159.202497,-20265683278.023006,59061.94188748811
3898,0.0019490000000000002,11142135944.310429,-20591857684.671635,59059.67700575597,185302403122.65768,48046100171.21286,11.942507899118352,11141262668.317326,-20591998116.347942,59061.94188748811
3899,0.0019495000000000003,10523057948.87478,-20899944943.79381,59060.87834232986,201564189869.2586,45599127213.16585,12.193053047335017,10522327251.137272,-20899925257.85884,59061.94188748811
3900,0.0019500000000000003,9895780477.636902,-21189308159.439434,59060.28235942708,219442997720.53925,43066084221.470184,12.463846085497602,9894939868.565779,-21189327836.516907,59061.94188748811
3901,0.0019505000000000002,9260489422.099133,-21459924470.05472,59060.409966726984,239144429136.35437,40448184323.04705,12.756894877506763,9259640998.480772,-21459920804.641136,59061.94188748811
3902,0.0019510000000000003,8617947547.795631,-21711477988.38518,59059.9663697329,260904359987.8635,37748088421.75512,13.07444253427225,8617001499.326746,-21711459861.793705,59061.94188748811
3903,0.0019515000000000001,7968589365.526626,-21943836983.875378,59059.81095336186,284991633465.23517,34971283132.76255,13.418974094625524,7967578843.539699,-21943780150.2312,59061.94188748811
3904,0.0019520000000000002,7312883003.707559,-22156858113.75034,59060.51866263307,311711571321.1435,32126792198.555904,13.793217771282114,7311928730.707603,-22156762574.26552,59061.94188748811
3905,0.0019525000000000002,6651592368.376464,-22350296847.128674,59060.9461207152,341407980526.8636,29228666867.18388,14.200124471508346,6650650222.166139,-22350197667.831814,59061.94188748811
3906,0.0019530000000000005,5985290514.319627,-22524014078.507835,59061.17921552584,374462582749.96344,26298188770.931908,14.642807307311372,5984465051.244219,-22523861555.4593,59061.94188748811
3907,0.0019535000000000004,5314537704.279401,-22677891902.771015,59061.382643668716,411291103046.83014,23366251234.939453,15.124429021570386,5313760237.907591,-22677700932.851547,59061.94188748811
3908,0.0019540000000000004,4639952862.359049,-22811810645.609287,59061.40318344852,452332336120.1718,20476747793.238297,15.648002123446684,4639154399.428321,-22811518805.015533,59061.94188748811
3909,0.0019545000000000005,3962168450.786374,-22925667466.702873,59061.04233927321,498025985980.6601,17690985115.134212,16.21605539984811,3961251829.1080785,-22925359056.1292,59061.94188748811
3910,0.0019550000000000006,3281719543.161566,-23019406182.748806,59060.644790920815,548773146133.44525,15093096275.676226,16.830106113152038,3280678522.5491934,-23019060172.9986,59061.94188748811
3911,0.0019555000000000006,2599083876.410274,-23093001807.199184,59060.86084448375,604870893752.8273,12796322442.367092,17.48986130595087,2598132135.506955,-23092645607.23034,59061.94188748811
3912,0.0019560000000000003,1915031925.6984317,-23146357703.08475,59060.685962563235,666410032112.7025,10949749476.267597,18.192060621458975,1914015702.3188818,-23146012996.74875,59061.94188748811
3913,0.0019565000000000003,1230083933.9645145,-23179474570.993958,59060.57203417513,733124420070.9086,9744193843.279535,18.9288900020435,1229003085.4388444,-23179137186.19304,59061.94188748811
3914,0.0019570000000000004,544829662.2478884,-23192339507.496502,59060.51092087576,804186526740.2632,9414127728.775911,19.685987779885764,543731023.7775294,-23192036946.752888,59061.94188748811
3915,0.0019575000000000005,-140131856.27024505,-23184975645.946312,59060.566971381435,877956612670.1335,10231617238.161043,20.440245294242846,-141244984.6554238,-23184634620.05263,59061.94188748811
3916,0.0019580000000000005,-824173196.8811003,-23157413252.33043,59060.61537299856,951726694233.7258,12485772649.088995,21.157962813606183,-825247199.7692032,-23157025386.67759,59061.94188748811
3917,0.0019585,-1506659524.3003273,-23109703704.59509,59060.50660966846,1021551381484.8292,16441239298.719667,21.79441566108209,-1507806536.739427,-23109281007.87569,59061.94188748811
3918,0.0019590000000000002,-2187189000.183618,-23041876162.094307,59060.85990900341,1082315918280.9143,22273255932.394924,22.296318566828628,-2188205007.077701,-23041444223.94005,59061.94188748811
3919,0.0019595000000000003,-2864914740.3560376,-22954057296.304447,59060.82216532221,1128210226018.1897,29988017061.192806,22.60854379247187,-2865988687.3583755,-22953563836.371635,59061.94188748811
3920,0.0019600000000000004,-3539489671.9813123,-22846301684.055042,59061.20681533717,1153690917722.5637,39352790055.238045,22.68515405722227,-3540428318.0209494,-22845803918.82075,59061.94188748811
3921,0.0019605000000000004,-4210174150.729295,-22718753527.22905,59061.47923069689,1154770800972.2017,49874910000.11472,22.502176713122424,-4211035490.5234833,-22718233680.635147,59061.94188748811
3922,0.0019610000000000005,-4876133966.330867,-22571612545.25522,59060.78831366752,1130191578769.932,60858424136.2371,22.067059063037476,-4877186604.479448,-22571000447.54172,59061.94188748811
3923,0.0019615,-5537250470.746095,-22404925398.369995,59060.700718714266,1081924967103.1812,71535081743.30551,21.419696773478005,-5538344712.572981,-22404222829.28377,59061.94188748811
3924,0.001962,-6192477476.268181,-22218989415.50575,59059.59628162138,1014707928309.5597,81223641337.66234,20.623584187764504,-6193940812.812278,-22218177601.847004,59061.94188748811
3925,0.0019625000000000003,-6842091770.7246475,-22013739164.27213,59060.341121141464,934830757811.1499,89449633987.61646,19.75094119510673,-6843316361.610337,-22012976064.61193,59061.94188748811
3926,0.0019630000000000003,-7484726070.054828,-21789615828.847824,59060.1546730909,848723635228.9948,95992324509.59845,18.868101350587974,-7485991980.036522,-21788848636.94933,59061.94188748811
3927,0.0019635000000000004,-8120719504.166185,-21546519080.58246,59062.1093930815,761886366060.7048,100853956138.93825,18.026172779195935,-8121365692.415513,-21545972797.20109,59061.94188748811
3928,0.001964,-8748775848.90758,-21284933823.233997,59063.59717724798,678361318308.9376,104194349806.13219,17.257990328965466,-8748989418.876434,-21284579637.00715,59061.94188748811
3929,0.0019645,-9368246300.099575,-21005168615.09332,59064.23415767441,600701647618.3239,106254220551.92975,16.579882763650076,-9368243045.969122,-21004927219.089767,59061.94188748811
3930,0.001965,-9979227777.592064,-20707214019.066593,59066.28706054982,530215360274.8655,107297932914.51746,15.99564123865152,-9978626313.657007,-20707287622.82759,59061.94188748811
3931,0.0019655000000000007,-10580121094.328102,-20391853252.276234,59065.79147846873,467303763997.615,107577294517.9171,15.500769174461038,-10579630770.328846,-20391896569.358112,59061.94188748811
3932,0.0019660000000000007,-11171305748.32998,-20058971869.166134,59066.08975771006,411785992761.63824,107310318961.43198,15.086080760606375,-11170713900.119078,-20059082248.057095,59061.94188748811
3933,0.0019665000000000004,-11751613073.711803,-19709237513.19161,59064.56324903996,363144946928.1921,106677972516.73471,14.740229732774194,-11751345901.509398,-19709200827.42802,59061.94188748811
3934,0.0019670000000000004,-12320898620.000221,-19342813580.690426,59062.55657314754,320705982938.07587,105822801182.60896,14.451385527406407,-12321094841.070517,-19342561768.735764,59061.94188748811
3935,0.0019675000000000005,-12879573702.564291,-18959478315.290714,59063.938000834685,283746778422.781,104854664571.24915,14.208193612795194,-12879484511.59201,-18959378291.44166,59061.94188748811
3936,0.0019680000000000006,-13426308190.979523,-18560074734.142185,59065.037824967636,251562015891.50644,103856432792.294,14.00027292279594,-13425980001.8919,-18560132483.157925,59061.94188748811
3937,0.0019685000000000006,-13960510196.375948,-18145069325.115288,59065.212566285874,223501563980.7939,102886842183.22598,13.818475494456017,-13960168785.297297,-18145188159.83159,59061.94188748811
3938,0.0019690000000000003,-14481925839.213514,-17714716121.155132,59065.39304531328,198984443990.7599,101986158904.27478,13.654957670739655,-14481564828.648508,-17714892848.876225,59061.94188748811
3939,0.0019695000000000003,-14989980170.39127,-17269516408.95237,59064.8470773597,177501946958.32355,101180284928.14117,13.503158531420553,-14989717419.882944,-17269636373.22467,59061.94188748811
3940,0.0019700000000000004,-15484353204.562452,-16809803168.485256,59064.12373649004,158615594003.81793,100483343407.90778,13.357744528938378,-15484228888.673573,-16809902046.758287,59061.94188748811
3941,0.0019705000000000005,-15964948160.084354,-16335712172.522327,59065.15706453592,141951023844.3826,99900448123.8833,13.214528107163149,-15964636626.997921,-16335939329.911716,59061.94188748811
3942,0.0019710000000000005,-16430720575.235916,-15848237605.359707,59063.94500191291,127190680943.1512,99429925858.548,13.070373159315288,-16430600466.261253,-15848326419.987907,59061.94188748811
3943,0.0019715,-16881873999.896612,-15347281664.07351,59064.36949208418,114068088473.30963,99063896634.17053,12.923113478597198,-16881703696.41963,-15347429033.09421,59061.94188748811
3944,0.0019720000000000002,-17317910256.527924,-14833383494.86347,59065.70251934509,102359031806.41739,98791304242.3408,12.771436046347914,-17317582542.73248,-14833716868.377766,59061.94188748811
3945,0.0019725000000000003,-17738215011.931072,-14307266015.674067,59066.059649649214,91876271831.9239,98598236166.32796,12.61477585209344,-17737821634.46219,-14307717459.898682,59061.94188748811
3946,0.0019730000000000004,-18142445052.593452,-13769421258.755667,59065.38202036694,82464016039.36012,98468965621.46346,12.4532053921763,-18142098268.36934,-13769829668.030092,59061.94188748811
3947,0.0019735000000000004,-18530420180.116825,-13220163479.06426,59064.934823759126,73992465828.12366,98387295475.96355,12.287313249618268,-18530044982.300858,-13220600802.111532,59061.94188748811
3948,0.0019740000000000005,-18901785504.79127,-12660026896.940107,59064.404141919185,66353184977.42243,98337536754.4237,12.118079590295968,-18901498423.55979,-12660380112.480387,59061.94188748811
3949,0.0019745,-19256314218.15908,-12089402321.658213,59064.5737459882,59455572824.386566,98304907853.66656,11.946759788366911,-19255982637.823685,-12089775791.01568,59061.94188748811
3950,0.001975,-19593751848.546333,-11508724474.028713,59065.91036064396,53223467906.30777,98276165810.92557,11.774773395175455,-19593340956.095547,-11509323793.736176,59061.94188748811
3951,0.0019755000000000003,-19913479181.41076,-10919047274.165703,59064.532252745244,47592493872.812485,98239863715.96169,11.60360608650929,-19913185718.574986,-10919534706.079166,59061.94188748811
3952,0.0019760000000000003,-20215582430.37488,-10320365217.402,59064.41418909949,42508303121.896286,98186105029.34256,11.43473267273217,-20215314156.27425,-10320866606.818087,59061.94188748811
3953,0.0019765000000000004,-20499716864.740086,-9713366146.074062,59064.3505900741,37923774007.5362,98107455231.60974,11.269542247306278,-20499391020.88328,-9713898350.93658,59061.94188748811
3954,0.001977,-20765593204.619484,-9098716258.632359,59063.44226340015,33798157366.413498,97998253006.68536,11.109291078229564,-20765342697.823452,-9099182789.664366,59061.94188748811
3955,0.0019775,-21013069048.808495,-8476837245.298968,59062.62952900373,30095835739.12058,97854535184.51155,10.95507026222891,-21012860603.245384,-8477250751.987298,59061.94188748811
3956,0.001978,-21241938085.253372,-7848306609.433745,59061.71629274535,26785238484.07582,97673979268.04532,10.807785853574682,-21241712049.86452,-7848573205.35102,59061.94188748811
3957,0.0019785000000000007,-21452008586.253723,-7213722742.377377,59060.41427392212,23838256941.419525,97455536325.23943,10.668153740547531,-21451847241.739265,-7213799743.231285,59061.94188748811
3958,0.0019790000000000007,-21643173938.983406,-6573502275.31522,59059.76090735129,21229718656.73921,97199168376.631,10.536704722482776,-21643058673.033638,-6573466322.094244,59061.94188748811
3959,0.0019795000000000004,-21815338390.18369,-5928018686.496635,59061.029792768124,18936914400.235306,96905664451.96912,10.413796227518956,-21815172041.04045,-5928166200.840974,59061.94188748811
3960,0.0019800000000000004,-21968249523.444916,-5278202236.777436,59061.537096069835,16939331255.561556,96576370932.14745,10.299629891177021,-21968023084.796356,-5278385282.980288,59061.94188748811
3961,0.0019805000000000005,-22101800917.168964,-4624645447.524636,59061.202967006386,15218637348.73953,96212785607.67686,10.194274884553952,-22101553850.023106,-4624827684.075122,59061.94188748811
3962,0.0019810000000000006,-22215964807.46025,-3967650130.935489,59061.99020368435,13758342683.782734,95816562457.87369,10.09768965406273,-22215698225.850285,-3967944031.6595163,59061.94188748811
3963,0.0019815000000000006,-22310610943.09977,-3308014820.781452,59062.264103907335,12543612785.301487,95389421381.56438,10.00974299546838,-22310291657.66566,-3308364881.3232193,59061.94188748811
3964,0.0019820000000000003,-22385652285.863674,-2646556899.3244057,59060.40655246454,11561304202.107145,94932889879.66432,9.930236122782029,-22385422584.73508,-2646636483.060864,59061.94188748811
3965,0.0019825000000000003,-22441129641.703392,-1983342626.8388708,59060.15272162793,10799828853.667154,94448274849.17686,9.858922068532511,-22440907170.94718,-1983405764.2528362,59061.94188748811
3966,0.0019830000000000004,-22476984740.656956,-1319117517.370363,59060.223041500474,10248978641.059166,93936722364.85228,9.79552150612923,-22476768386.867306,-1319164586.2386274,59061.94188748811
3967,0.0019835000000000005,-22493200694.675377,-654550664.1536077,59059.97274768739,9899985980.574427,93399039863.30743,9.739738228365795,-22492976948.99812,-654537023.710084,59061.94188748811
3968,0.0019840000000000005,-22489791070.020576,9840442.868765278,59059.861223116844,9745423925.774553,92835728115.16005,9.691271530534747,-22489558916.08398,9881042.140991243,59061.94188748811
3969,0.0019845,-22466782106.797314,673314304.4672043,59058.74040197561,9779135815.719978,92247002400.8372,9.649826072368693,-22466512732.885483,673557499.5650085,59061.94188748811
3970,0.0019850000000000002,-22424223916.161755,1335421963.6894484,59057.58540416334,9996172567.067694,91632806418.93518,9.615119606156567,-22423928958.10232,1335855905.0169625,59061.94188748811
3971,0.0019855000000000003,-22362160612.518967,1995816242.285095,59058.00620450037,10392747686.916254,90992840420.29533,9.586888818479812,-22361845727.26371,1996237064.734838,59061.94188748811
3972,0.0019860000000000004,-22280686982.09543,2653564009.222292,59057.34849546428,10966231901.452309,90326556961.92921,9.564893980714913,-22280341564.476234,2654093807.847816,59061.94188748811
3973,0.0019865000000000004,-22179884491.619198,3308283506.186298,59057.026149830184,11715036383.498789,89633240887.01955,9.548921405957103,-22179543699.57113,3308925762.0038576,59061.94188748811
3974,0.0019870000000000005,-22059814132.285656,3959682788.9184923,59058.98152104176,12638644849.528648,88911999622.5832,9.538785484568395,-22059520307.811428,3960061306.178968,59061.94188748811
3975,0.0019875,-21920689538.044796,4606603991.159744,59058.80429919435,13737645936.783833,88161748577.08582,9.53433038251602,-21920393868.910053,4606990676.632273,59061.94188748811
3976,0.001988,-21762584261.166893,5248910041.443269,59059.67816310448,15013492424.362883,87381408616.89966,9.535428584579014,-21762253307.021126,5249204496.027011,59061.94188748811
3977,0.0019885000000000002,-21585727327.81395,5885723920.072034,59059.19584321548,16468748932.008055,86569730842.43913,9.541981995825743,-21585392243.47632,5886136212.172593,59061.94188748811
3978,0.0019890000000000003,-21390279804.62459,6516606305.358546,59058.24020373098,18106880028.695366,85725487241.77399,9.55392019665123,-21389871698.216064,6517164630.628763,59061.94188748811
3979,0.0019895000000000004,-21176360904.07047,7141261198.965518,59058.659191061095,19932396861.95867,84847376697.3261,9.571200230290382,-21175995487.956318,7141837984.845714,59061.94188748811
3980,0.00199,-20944171908.83854,7759119951.749264,59060.1437276507,21950970250.648743,83933973458.77473,9.593807145651697,-20943858846.256023,7759508319.404915,59061.94188748811
3981,0.0019905,-20694031309.78645,8369367203.168647,59060.50679290376,24169373337.56126,82983823848.26001,9.621753229902996,-20693724399.59016,8369703766.168023,59061.94188748811
3982,0.0019910000000000006,-20426155470.243813,8971565637.462938,59060.45944044614,26595391956.413002,81995565343.83763,9.655075862463871,-20425852799.969524,8971892293.148888,59061.94188748811
3983,0.0019915000000000006,-20140713215.997124,9565398063.209501,59061.54019481687,29238067750.484158,80967778693.7172,9.693837833121805,-20140485305.548267,9565601756.759895,59061.94188748811
3984,0.0019920000000000007,-19838060094.513264,10150147575.45182,59062.08693347307,32107876750.065434,79898922517.5781,9.73812871920123,-19837853394.81021,10150285832.898735,59061.94188748811
3985,0.0019925000000000003,-19518501994.486107,10725284878.607944,59061.892712045264,35216594780.52967,78787536242.9294,9.788063581843433,-19518315742.513367,10725474643.49828,59061.94188748811
3986,0.0019930000000000004,-19182313702.185303,11290378901.068226,59061.45698838054,38577519128.11043,77632147570.2248,9.843783392557308,-19182122140.11172,11290665398.146347,59061.94188748811
3987,0.0019935000000000005,-18829720864.423573,11845098230.828203,59061.98535999281,42205686552.890144,76431213267.56316,9.90545657274946,-18829516735.15315,11845366206.423033,59061.94188748811
3988,0.0019940000000000005,-18461216010.059265,12388690837.551434,59061.17172088951,46118143444.541855,75183049239.67004,9.97328173258069,-18460927604.48666,12389010635.254004,59061.94188748811
3989,0.0019945000000000006,-18077082077.93591,12920808011.553602,59059.98145483037,50333804886.627,73886115153.92422,10.047486623255326,-18076724295.114662,12921261752.906717,59061.94188748811
3990,0.0019950000000000002,-17677608805.207478,13441095394.74299,59059.223003463754,54874010519.75502,72538733431.7634,10.128331663684326,-17677189427.634098,13441656921.375935,59061.94188748811
3991,0.0019955000000000003,-17263042195.931515,13949260599.753134,59060.13088464977,59762822545.20334,71139088245.14954,10.216113735595323,-17262650835.3647,13949709236.23798,59061.94188748811
3992,0.0019960000000000004,-16833993666.72109,14444557869.185053,59059.94183335736,65027443528.68048,69685170941.70563,10.311171108417618,-16833619485.767256,14445023143.581045,59061.94188748811
3993,0.0019965000000000004,-16390682400.206926,14926787871.6579,59060.58611293229,70698117461.53258,68175174727.14555,10.413883085649404,-16390348233.138857,14927198740.026459,59061.94188748811
3994,0.0019970000000000005,-15933497704.980267,15395543751.83926,59062.041962307696,76809140097.81862,66607012729.84193,10.524677601636798,-15933291160.946312,15395850051.472061,59061.94188748811
3995,0.0019975,-15462921652.611786,15850346531.092934,59063.5293540918,83399175585.05511,64978518083.83649,10.644036367516913,-15462876615.163248,15850465420.567488,59061.94188748811
3996,0.001998,-14979426843.847713,16290767546.088293,59064.61227478841,90511758706.59903,63287532381.09798,10.77249959308848,-14979529048.764103,16290768432.251802,59061.94188748811
3997,0.0019985000000000003,-14483559398.4308,16716344442.87312,59064.3991029467,98196033825.43185,61531875843.66833,10.910672281451104,-14483696966.28738,16716379550.52524,59061.94188748811
3998,0.0019990000000000003,-13975611981.333303,17126877872.686321,59064.39087499809,106507490649.60318,59709417059.19969,11.059230726287618,-13975727366.09174,17126895569.011587,59061.94188748811
3999,0.0019995000000000004,-13456104584.818954,17521972350.778057,59064.04209454635,115509294545.93935,57817798547.28523,11.218934771325664,-13456188797.638237,17522026610.9421,59061.94188748811
