,time,J_y_EKF,J_z_EKF,omega_EKF,P_J_y,P_J_z,P_omega,J_y,J_z,omega
0,0.0,0.0,219982395959.93158,63460.17160251382,5.377777777777778e+17,6128437294348.446,43864.90844928605,690708324.6132245,219986252543.65295,62768.232741270076
1,5.000000000000001e-07,7640409677.723867,219723981320.35977,63463.17653077232,1.203558782122911e+16,6060590218068.205,44613.44795469553,7599100516.187753,219729590404.15262,62898.70164301656
2,1.0000000000000002e-06,14402426136.608747,219255221004.69586,63358.36115795267,3127913710369845.5,5153331336319.603,42547.34723824105,14503613974.79257,219255493975.71582,63070.69261766069
3,1.5000000000000005e-06,21283734537.201485,218566632241.30878,63276.9022354497,1290696278570357.5,4694398371869.307,33647.488712000384,21394917986.97346,218563711532.25208,63072.791702105416
4,2.0000000000000003e-06,28209001995.37537,217654923560.76685,63396.59994772069,652970158705561.6,4653259916684.805,20769.056544506133,28259220522.49899,217655370896.27457,63067.919802840006
5,2.5e-06,35058178923.043396,216529114371.77148,63341.98578483618,370030985665381.2,4626733411264.838,11250.152857990459,35089368296.548134,216531358276.3572,63025.38541141531
6,3.000000000000001e-06,41855911457.79986,215189752310.1776,63275.23480735078,228573153555818.56,4486333425797.293,6221.174109476063,41872443383.93175,215194119301.42767,62998.289524011765
7,3.500000000000001e-06,48573384739.19483,213644198361.2666,63116.61844642997,151706984105388.16,4298707421303.625,3806.8083807881417,48595685949.29737,213646982681.88367,62850.59338200765
8,4.000000000000001e-06,55222435844.116135,211892825678.8806,62974.47119697092,107294099231958.62,4126142781594.526,2643.127583139569,55253831680.566666,211892475473.8342,62883.30428866016
9,4.500000000000001e-06,61838258106.191826,209926213120.9824,63006.286905437904,80466974641380.5,4003279113371.859,2058.5101978894477,61854445077.658485,209929402490.53656,62939.39321960428
10,5e-06,68362986407.802086,207760739848.57382,62933.72724379719,63598681620673.99,3941739289102.971,1742.9917126240466,68383555464.14282,207761853772.2879,62749.66013102402
11,5.500000000000001e-06,74807343700.41476,205394648433.67087,62868.21363449685,52447114850484.04,3932138706361.538,1554.4574263705365,74818855938.59528,205398440512.11298,62714.410208605324
12,6.000000000000002e-06,81170996829.76936,202828690405.16724,62832.49541739227,44525909252466.35,3957691668876.2964,1428.0274553905247,81178482310.89658,202833743860.15683,62742.15590329867
13,6.500000000000001e-06,87446917586.07411,200066000905.95883,62810.39009093104,38438438145244.67,4001334026102.6885,1334.9692128198471,87462831590.56723,200067226476.46024,62894.59236356299
14,7.000000000000002e-06,93636306142.80157,197106225338.78796,62830.637357540174,33474912561541.34,4051559567993.9087,1262.1690381531525,93652063566.09027,197107016581.6341,62838.25166564751
15,7.500000000000001e-06,99721764118.32498,193957407922.4322,62820.01106692791,29300613038038.453,4103021609770.9507,1202.6542943369643,99736752063.5813,193958091486.93463,62877.53112835175
16,8.000000000000001e-06,105694083731.17122,190625195139.7157,62773.91974109946,25756199275181.156,4153303715392.369,1152.3232336868525,105712464152.60196,190623727367.11212,62730.174182625546
17,8.500000000000002e-06,111554269242.99538,187110205750.96115,62742.70483511907,22744325106126.227,4201572894596.374,1108.6366472085583,111564457656.47963,187113099809.07703,62584.45229233426
18,9.000000000000002e-06,117297117190.78043,183415993912.1139,62721.46657376574,20183373830857.23,4247669361637.0503,1070.0105937899887,117307144723.03938,183418700357.17145,62729.465695201085
19,9.500000000000002e-06,122917753744.58229,179546087738.37457,62708.85053659287,17999751223759.855,4291423664885.722,1035.498071938638,122933625473.96516,179544552744.6995,62744.37789019417
20,1e-05,128416952748.70627,175500167659.1148,62738.3624819199,16128278395268.818,4332797785425.7983,1004.467136434387,128426808147.19704,175502326676.0221,62651.90461766949
21,1.0500000000000001e-05,133770661240.35472,171295696583.12198,62670.19550049941,14512744060467.055,4371943381544.773,976.4120376107741,133780467757.62276,171297908627.6443,62662.86892403519
22,1.1000000000000001e-05,138994150805.78455,166922702255.73285,62686.13254572178,13110930209047.258,4408586830898.736,951.0249998815667,139007084848.09085,166921960940.86295,62852.596661064796
23,1.1500000000000002e-05,144084468302.50922,162382642427.71127,62759.114094411714,11885073356902.74,4443262791090.654,927.892667774817,144098785868.4381,162379953207.001,62790.35795191752
24,1.2000000000000004e-05,149024636926.53497,157689552150.06635,62774.610878524174,10805665716043.203,4476019525460.05,906.73732174229,149035961918.55908,157689069781.8902,62706.348790160315
25,1.2500000000000002e-05,153817299545.20038,152841605797.2668,62819.5203516466,9851757768453.533,4506698653708.81,887.3888323780811,153829573126.09958,152839604684.0674,62878.6663310046
26,1.3000000000000003e-05,158455288391.2519,147845447380.54803,62859.885985192224,9005155979849.11,4535561040905.226,869.6271919075404,158464933797.5722,147845666200.2678,62711.103241027144
27,1.3500000000000003e-05,162922377997.37177,142718691978.6582,62800.8840629407,8251277814693.022,4562638665302.818,853.2997167971457,162929193664.45734,142722198493.9497,62629.494547256785
28,1.4000000000000003e-05,167212891006.98666,137470474010.83377,62679.30903714287,7579222014782.092,4587851411836.536,838.3102627581486,167215031831.77393,137480142694.12802,62441.43058861322
29,1.4500000000000003e-05,171324346505.65424,132106933584.87372,62534.972706056,6979188215736.472,4611333679108.038,824.5400161221355,171331467588.23547,132111134345.16602,62534.99903056319
30,1.5000000000000002e-05,175269922328.22717,126613435304.24095,62535.924766835255,6442241437547.974,4633214450670.945,811.879434107545,175280553292.10767,126612693309.36691,62588.65193470202
31,1.5500000000000004e-05,179048357342.469,120990079065.41968,62626.24233406493,5959280018958.046,4653774955085.228,800.1934089376864,179058879651.67157,120988689197.01566,62648.87824229966
32,1.6000000000000003e-05,182643567238.62546,115258827700.94379,62626.4833213609,5523467805572.185,4673007772048.007,789.4081711518114,182652646208.88232,115259413057.46686,62590.13260319581
33,1.65e-05,186055104986.369,109422020871.90057,62620.62253551503,5130711225202.008,4690773028041.369,779.494189582747,186065796566.31052,109419705982.28905,62661.20579851867
34,1.7000000000000003e-05,189278215229.20944,103488560934.50604,62591.46459343767,4776794880345.458,4707216037078.394,770.3778252890103,189288390149.49374,103486889826.15634,62630.607231507965
35,1.7500000000000002e-05,192319048592.93356,97448149880.56024,62668.51714966075,4458035432422.51,4722365652749.862,762.011025132579,192328921934.73572,97446114896.16634,62756.3950594063
36,1.8000000000000004e-05,195167760310.02838,91317826842.10394,62701.63132546242,4170493354213.931,4736372271756.033,754.3273330581477,195176721470.6852,91317089729.8668,62672.90467633018
37,1.8500000000000002e-05,197821409518.91373,85104459924.43286,62714.64993727596,3911683743431.373,4749150953233.712,747.3083452407894,197831116046.3141,85101380316.01212,62827.597892940394
38,1.9000000000000004e-05,200284098551.73398,78798587480.49643,62827.43675890441,3679343496404.3516,4760756931382.856,740.9174319572835,200293325262.30902,78795362947.83917,62786.05466913516
39,1.9500000000000003e-05,202543424681.0443,72428424227.37372,62820.79047208944,3470982076279.5767,4771299910078.463,735.10751755267,202549804794.04306,72432638084.46693,62692.42063125646
40,2e-05,204596576897.55692,66005396353.046036,62743.16900669711,3285337383935.832,4780668831923.847,729.8773129538921,204604338559.47446,66006146023.71412,62670.1000871311
41,2.0500000000000004e-05,206444960612.78235,59529755428.74989,62686.25180115101,3121033363212.6655,4788922317658.477,725.2009851740561,206453093888.19476,59529522254.16367,62631.770980569476
42,2.1000000000000002e-05,208090019322.67078,52998507510.11398,62699.35044723769,2976513831075.0474,4796129088834.732,721.0497073916026,208098408015.31955,52996816003.62903,62937.38012178002
43,2.1500000000000004e-05,209532980140.20218,46404749432.442474,62822.17236189994,2850362269510.9824,4802325002504.626,717.4007919477098,209540678796.10904,46404054772.93582,62848.831581699706
44,2.2000000000000003e-05,210768905353.1558,39763593585.14325,62920.011128562095,2741405243832.9795,4807534971055.646,714.2342716351947,210776631243.3956,39760946192.89153,62970.35993220328
45,2.25e-05,211793977190.23062,33093102573.587456,62933.783525473154,2649013106128.62,4811720580418.858,711.5444644376608,211801302234.06912,33092094262.77906,62893.43017221309
46,2.3000000000000003e-05,212608480624.39066,26395266958.33582,62952.69562035511,2572710808113.9175,4814878813204.191,709.3235947665546,212615511830.1948,26395898166.260025,62973.29121330201
47,2.3500000000000002e-05,213210983718.45578,19682595906.746414,62934.65591674347,2511915464186.955,4817041759242.153,707.5592082750815,213218225250.28488,19681331188.952534,62952.87842025263
48,2.4000000000000007e-05,213601794708.49896,12958598305.068678,62926.34759057476,2466195322124.0103,4818204271569.048,706.2463390667099,213608934133.74005,12958286837.313917,62904.94584641316
49,2.4500000000000006e-05,213781092764.85785,6223524244.862639,62963.01130372459,2435180346084.242,4818377510781.196,705.3782439792149,213788148914.38846,6222147651.512693,62924.079229770134
50,2.5000000000000005e-05,213748083966.32962,-502092106.37880975,62922.30309001826,2418628220437.981,4817560926733.951,704.9508265055308,213755182775.41238,-504885568.37612855,62947.916146795724
51,2.5500000000000007e-05,213503707475.60925,-7225555441.733963,62949.91412967217,2416432567482.977,4815744497163.004,704.9628650184014,213510594249.72485,-7228014672.805228,62979.16671633259
52,2.6000000000000005e-05,213047685733.3386,-13941486783.35356,63006.43306248034,2428569709427.0356,4812927805696.95,705.4129939512452,213054432822.96857,-13942778881.673407,62969.9515423599
53,2.6500000000000007e-05,212380607680.43542,-20635109967.290558,63018.43810114231,2455168736910.7324,4809092547936.529,706.3041668983378,212387383629.83292,-20636332190.962486,62979.45498665515
54,2.7000000000000006e-05,211502744001.89615,-27306902326.53598,63063.87129876115,2496408625204.226,4804231439227.71,707.6385671696211,211509515527.16226,-27306926604.129745,63119.90346979764
55,2.7500000000000004e-05,210416136507.72754,-33939088842.943726,63045.923870660445,2552629899189.372,4798321273713.519,709.4227038042698,210423017412.5344,-33938380292.960346,63017.95075656435
56,2.8000000000000006e-05,209121562200.8691,-40531538607.39151,63051.035597845424,2624157827053.058,4791360694320.673,711.6600527376993,209128850015.6312,-40529266784.60765,63065.499167608
57,2.85e-05,207619164463.79996,-47083425097.496025,63101.16008987427,2711539947601.5435,4783315986244.668,714.3610686054901,207625468105.88095,-47085630606.59718,63171.49360837538
58,2.9000000000000007e-05,205909555032.5216,-53589565144.30512,63174.59248043758,2815541145673.555,4774147689420.701,717.5394045088598,205915958096.25858,-53590500044.271835,63125.26054375555
59,2.9500000000000002e-05,203998769629.77533,-60025291490.43209,63133.64128627729,2937056916048.0947,4763822029803.636,721.2093150039858,204004766152.59726,-60027996498.200836,63027.042421451275
60,3.0000000000000004e-05,201887297278.99454,-66393442972.341095,63118.0521263683,3076717428864.9966,4752365061286.966,725.373801985514,201894863960.21713,-66391274995.27622,63136.0289013881
61,3.0500000000000003e-05,199579848101.92422,-72680839792.87453,63062.969342916585,3235664816264.292,4739699281550.323,730.055976466085,199586106173.77264,-72683016813.33778,63093.05818649464
62,3.100000000000001e-05,197073667813.63666,-78897482744.83867,63105.07031999398,3415032363594.4053,4725817861930.053,735.2684611986318,197080966160.9806,-78896750078.59044,63062.97124236139
63,3.15e-05,194374498785.87997,-85027274779.74069,63110.62261958134,3616706138517.8594,4710597544315.875,741.0478924820549,194383178004.3618,-85023502624.67682,63118.31011624148
64,3.2000000000000005e-05,191485186717.45328,-91064793491.36339,63108.30496328249,3842309309740.8394,4694050224287.086,747.4088436204097,191491286034.85043,-91066954454.29565,63193.39457195253
65,3.250000000000001e-05,188406701252.45233,-97008618971.86107,63134.97268261803,4093797567591.732,4676109303891.207,754.380062485668,188412434713.58865,-97011426950.8437,63067.647806592075
66,3.3e-05,185146006382.563,-102845040825.83392,63115.967918643924,4373672223127.096,4656680780171.849,761.999991214546,185154758246.2811,-102842576549.39671,63110.25287290516
67,3.350000000000001e-05,181708051300.2116,-108566775229.97185,63068.97468078322,4684378209885.635,4635755096484.194,770.2929327589076,181716996736.0708,-108564585441.21469,62964.14630760672
68,3.4000000000000007e-05,178096699186.34348,-114169144350.85889,63016.805084798965,5028801919849.418,4613260346039.394,779.2954005181791,178106896045.9947,-114165724122.48395,63009.044924049354
69,3.450000000000001e-05,174310996674.95953,-119654916400.97687,63021.33740831417,5410467467408.231,4589103024492.664,789.0524519124532,174320660741.2336,-119652692370.25027,62999.74356943809
70,3.5000000000000004e-05,170364883245.41638,-125003887122.75812,62934.99226459384,5834046090863.185,4563116480586.317,799.6296203755176,170373525377.4333,-125003839135.79927,62913.78799633705
71,3.550000000000001e-05,166256523347.3512,-130221294811.74692,62889.976993383796,6303621872133.309,4535366524012.618,811.0495818988868,166264953346.08078,-130222028222.23283,62859.49925947949
72,3.600000000000001e-05,161995588419.00616,-135295644495.52617,62808.348013051065,6825158551677.928,4505605980525.879,823.3974073047107,162003065138.72226,-135298127545.65974,62774.1583131321
73,3.6500000000000006e-05,157573517186.42633,-140238846209.9699,62839.98370263747,7404929911939.068,4473805696557.1455,836.7265058895217,157579424122.02496,-140243040383.36557,62890.334919565175
74,3.7000000000000005e-05,152996518299.06317,-145042615354.7398,62889.68067981276,8052215124316.435,4439594336702.841,851.165257715693,153004278534.71533,-145044678074.8614,62904.78263492815
75,3.750000000000001e-05,148270680529.91803,-149700018925.87582,62930.387565618796,8777072462937.586,4402886912683.763,866.8020238291195,148276451975.7333,-149704050835.58417,63035.3218515493
76,3.800000000000001e-05,143401699174.70312,-154205324442.48093,62959.06158377414,9590973383208.703,4363533654865.446,883.7387735854387,143409856429.19086,-154207089157.42685,62935.230787980865
77,3.850000000000001e-05,138396434048.99396,-158552288239.16965,62967.85227895742,10507629055092.912,4321330646826.616,902.0995575386921,138406328933.0694,-158552674813.09906,63031.43017381743
78,3.9000000000000006e-05,133261341502.58844,-162735746418.07376,62959.574798378315,11543538128537.357,4276065777279.2505,922.0232899838568,133270723141.04498,-162736925671.50662,62885.71028251133
79,3.950000000000001e-05,128001495172.4996,-166752166166.75238,62946.85340405821,12718895753089.047,4227481696648.3154,943.6729579113459,128012623240.37886,-166752346114.20294,62993.5093828607
80,4e-05,122613082655.07318,-170604815142.17914,62995.20825326558,14058884425664.498,4175252713995.747,967.2462721332137,122619543404.07669,-170608560456.90656,63043.06134074153
81,4.050000000000001e-05,117106648441.94524,-174285252805.3615,63031.281699032734,15596855485387.178,4118818925264.2437,993.0231894594581,117115416196.76337,-174287511679.07837,63064.051845308546
82,4.100000000000001e-05,111496102916.98204,-177784293186.39203,63009.342472808654,17372998855544.725,4057897864965.3257,1021.2613000777741,111509182763.4628,-177784142614.51382,62800.49396014983
83,4.1500000000000006e-05,105780744196.60214,-181103483952.0351,63003.992376755996,19436071307106.17,3992187618657.7827,1052.2412469263556,105795886791.12193,-181102531532.00262,63108.089153971676
84,4.2000000000000004e-05,99961938236.59961,-184242120251.27805,63031.05337596681,21851179922769.21,3920915333685.3154,1086.3964382734164,99980385823.44283,-184239742395.3233,63115.789137955035
85,4.250000000000001e-05,94052381733.92422,-187193019201.7889,63032.849272465166,24705002963522.234,3843262134116.757,1124.2596390800948,94065078615.59322,-187194159904.48074,63030.396883125686
86,4.300000000000001e-05,88054310021.12682,-189955568330.97647,63043.883505181315,28109621778401.723,3758586942926.7393,1166.4051942890012,88070863028.19753,-189955294025.24454,62988.57174264089
87,4.350000000000001e-05,81980861988.46774,-192523822332.7319,63022.347238183145,32217130553124.75,3665757777917.3403,1213.6222741423762,81995290824.8726,-192525104900.8187,63010.620773369825
88,4.4000000000000006e-05,75827312707.97174,-194900576858.07202,63040.11271320283,37233037016931.59,3563709875546.258,1266.8531241547678,75841943553.31192,-194902106189.79953,63127.808550551206
89,4.450000000000001e-05,69598746445.53014,-197083401093.79654,63080.80481252094,43450650691823.62,3450514889600.5605,1327.4715520644463,69610395066.85744,-197086179985.89563,63108.17183733669
90,4.5e-05,63304435636.46565,-199068563536.59595,63118.02042525957,51292044177782.734,3324073879093.888,1397.2745021551855,63325712171.96594,-199068414388.7354,63007.44958039799
91,4.550000000000001e-05,56958962179.59531,-200851418872.703,63117.34207103899,61376143747580.85,3181875791891.7114,1478.66576666313,56991562470.14051,-200848693595.80734,63064.049235879655
92,4.600000000000001e-05,50564518363.10352,-202432137494.58044,63115.12292453856,74633042640747.64,3020832319223.2656,1574.9680887880209,50602101935.61307,-202429201462.73172,63095.11294832172
93,4.6500000000000005e-05,44124158427.82537,-203810243182.18973,63125.406479331905,92522078000799.2,2836303784389.159,1691.2042408643676,44164847673.42928,-203807837805.66965,63102.320323659325
94,4.7000000000000004e-05,37651619013.18318,-204982742606.6257,63114.833828801326,117420320038193.25,2622134819854.7744,1835.1326927256127,37692073228.59663,-204981760148.322,63078.77366777346
95,4.750000000000001e-05,31141218451.03173,-205951393352.1063,63136.721395630346,153329723958786.47,2371006192466.078,2018.965051260285,31180847002.530464,-205951580227.30136,63279.12791380708
96,4.8000000000000015e-05,24600948162.569286,-206714450659.99472,63171.781999392166,207263482066655.28,2073794798523.7283,2263.237520824598,24641659762.68496,-206715327858.19376,63211.02013570096
97,4.8500000000000007e-05,18037647512.092968,-207270810688.91248,63214.35598024026,291666725369247.3,1725824612489.2563,2602.420581759306,18082000355.928265,-207272033505.46136,63285.26458408422
98,4.900000000000001e-05,11472588730.333937,-207617858858.29147,63211.776161373324,427255403338156.2,1348448818879.4753,3089.977499438486,11517397714.141779,-207620557686.45306,63111.806890536405
99,4.950000000000001e-05,4903108903.063664,-207757321249.5398,63212.629470993335,636210286594753.0,1065732679457.5842,3771.691950856525,4945763108.505562,-207761446031.76492,63205.692700263426
100,5.000000000000001e-05,-1648269086.7377367,-207690390151.66235,63200.92236787451,879576147348501.8,1243028347864.2498,4504.6637546446555,-1610673872.1165688,-207694645586.4776,63028.882422208124
101,5.050000000000001e-05,-8186477676.742992,-207416529891.83673,63176.196679807326,949177434609817.2,2184102548353.5095,4700.686935359308,-8142743119.335787,-207421816861.33487,62979.02053414195
102,5.100000000000001e-05,-14664392570.22689,-206940116685.09677,63087.286315870515,745059107783011.0,3184299134932.436,4158.721292920019,-14656171163.917627,-206943987489.15607,62836.73054580198
103,5.150000000000001e-05,-21114287379.493454,-206261575403.42935,62997.65601787225,493960540375575.4,3606867176694.5703,3531.1769876233307,-21131887980.224113,-206263448112.33273,62766.35157436335
104,5.200000000000001e-05,-27572689234.771458,-205377546943.5912,62978.24066750908,319856300629019.3,3669432322344.315,3103.304566858884,-27581390097.426067,-205380283503.47845,62811.195838916945
105,5.250000000000001e-05,-33974125261.582882,-204294667687.3111,62915.19342074663,213298125630034.66,3642912150365.0977,2801.9009820829433,-33991001603.45978,-204296536911.62897,62694.38035841677
106,5.3000000000000014e-05,-40332602183.56841,-203012915039.9838,62851.3638780604,147732975913980.44,3632876854506.1104,2540.7727295003792,-40355731643.0557,-203013836365.06644,62663.472939896594
107,5.3500000000000006e-05,-46664849965.44385,-201529508425.452,62851.965123420196,105873068396355.92,3657029838455.6416,2289.2155428365645,-46669005737.310196,-201534053069.00052,62607.67098174424
108,5.400000000000001e-05,-52910638762.80725,-199856626009.64255,62748.965526591826,78185801116287.55,3701472213565.586,2053.966778922854,-52915697314.90585,-199861847406.32535,62518.34559768022
109,5.450000000000001e-05,-59082580117.41593,-197994876709.95572,62618.82052415866,59456270633084.01,3749219297271.7134,1850.7862663265487,-59089849329.718544,-198000275931.0555,62252.78989025531
110,5.500000000000001e-05,-65175270597.34891,-195947772906.33832,62470.64925225089,46578507961143.31,3795623778354.28,1685.7187299079508,-65181294206.68921,-195954219903.6896,62299.49282284464
111,5.5500000000000014e-05,-71208013606.42831,-193710291437.42093,62413.17653726767,37569821209225.07,3842069573300.494,1555.082693005642,-71212843640.9075,-193717354784.2089,62341.10767181425
112,5.600000000000001e-05,-77167540859.80153,-191286338545.40958,62389.169522411044,31101294679041.2,3891057108782.847,1451.1200963941612,-77183459311.5282,-191288937582.92633,62554.849125815505
113,5.650000000000001e-05,-83064434523.80882,-188671184114.235,62463.308186758004,26292626979559.2,3942226041339.3545,1366.8291098503012,-83084222386.54562,-188671326811.02255,62603.383499493415
114,5.7e-05,-88875587597.69412,-185873338372.1067,62517.65998160649,22569254911782.633,3994614589158.4536,1296.898306046615,-88905538649.4746,-185867858380.12433,62720.07849166419
115,5.7500000000000015e-05,-94607607764.17787,-182889432027.72147,62622.37658711433,19579415725926.805,4046311280973.1294,1237.824271551584,-94630166492.82478,-182886420030.52783,62850.475719363385
116,5.8000000000000014e-05,-100240294374.69864,-179728685869.1706,62681.63791320224,17107633595661.459,4096686643565.668,1186.9835028756158,-100261159733.884,-179725598441.81506,62658.81509776334
117,5.8500000000000006e-05,-105761724040.91998,-176398187481.10526,62679.0443490166,15026679187199.146,4144904126341.867,1142.609698384017,-105784250743.16196,-176393337089.54825,62772.591629074836
118,5.9000000000000004e-05,-111182874131.03966,-172892200201.19626,62735.30380960874,13256447980083.004,4190659509033.598,1103.422700183426,-111207488072.49797,-172885006426.49704,62886.948478303384
119,5.9500000000000016e-05,-116498891143.43394,-169212704595.61786,62828.64747026315,11737160017453.92,4234304639421.1484,1068.374298227366,-116523027988.50737,-169204533263.6858,62948.95009346214
120,6.000000000000001e-05,-121701975479.61612,-165363869492.7496,62928.42424870397,10424187639861.42,4275771597443.1177,1036.7792402663356,-121718077526.30917,-165360244871.3539,62892.400125809574
121,6.050000000000001e-05,-126778550121.06773,-161354939793.06882,62978.30557575965,9283379094042.43,4314982063623.398,1008.1625294304744,-126789630949.29047,-161354488247.47968,62991.56141277298
122,6.1000000000000005e-05,-131725343389.92151,-157188822402.69733,63014.96063445676,8288231681867.255,4351857386113.5317,982.1750928689869,-131738192544.11224,-157186310468.52,63102.527737479126
123,6.150000000000002e-05,-136541517124.64859,-152866166330.43918,63074.817921987895,7415991766543.125,4386581511614.3154,958.4857136989012,-136555474570.50868,-152861871524.31024,63121.5807686778
124,6.200000000000002e-05,-141216029403.2231,-148396274577.77078,63100.55908301729,6647161226158.471,4419332283089.59,936.8102980378725,-141227394160.31766,-148393760762.28473,63047.8321837089
125,6.250000000000001e-05,-145735483718.0409,-143792591081.452,63039.66304797574,5966756365896.28,4450070437285.635,916.9582331829079,-145744487914.15747,-143792273347.04395,62908.725976748516
126,6.3e-05,-150109367044.08426,-139047394147.00458,63047.98489332598,5363239043512.118,4478776428219.203,898.7770106635497,-150112102456.3696,-139053560229.79578,63030.27171016529
127,6.350000000000001e-05,-154322804475.74582,-134176433110.34885,62996.65659322872,4825074781193.759,4505818821312.598,882.048972312774,-154325770753.6144,-134182799070.97937,62834.599154409545
128,6.400000000000001e-05,-158367259753.72885,-129191590495.9621,62871.81684678887,4344195307192.926,4531061682187.901,866.6779718030526,-158371799476.67435,-129196650270.94792,62767.766920389506
129,6.450000000000001e-05,-162247239454.3878,-124090299458.53653,62783.972104192624,3914043013102.151,4554551459419.107,852.5615353775619,-162254341920.18085,-124092535179.04529,62800.53513303854
130,6.500000000000002e-05,-165968195730.96567,-118866376141.27788,62799.28432089659,3527981641934.863,4576524244773.725,839.5635380360548,-165980685688.60333,-118860845638.20691,62955.80403395882
131,6.550000000000002e-05,-169529743491.68625,-113518989219.24963,62896.78216290477,3179993384329.9194,4597131212719.413,827.5686351900472,-169540321836.7162,-113515142752.64273,62899.80320086764
132,6.6e-05,-172917472886.5082,-108067770900.69193,62914.53831801485,2865455485572.89,4616401949426.163,816.4972289349892,-172924692801.7212,-108068639076.33131,62893.91646592455
133,6.65e-05,-176127353095.0152,-102520512361.45769,62887.0563827754,2581667038555.7188,4634208839294.875,806.3177699983139,-176136589166.22046,-102517785528.95851,62856.60296959852
134,6.700000000000002e-05,-179162057788.95428,-96873998264.91823,62908.74126229218,2325916261338.4956,4650643293924.885,796.9678212796894,-179170798978.02988,-96871651193.50226,63123.37591893178
135,6.750000000000001e-05,-182022589395.45358,-91125442423.21693,63007.45295343442,2095196247916.5881,4665841904300.82,788.3767070982192,-182031967573.47308,-91120730068.14581,63191.676271254684
136,6.800000000000001e-05,-184707352931.07956,-85275093969.27667,63168.83511879494,1886862646960.4092,4679863175412.378,780.4918855895389,-184716366809.96432,-85269469508.05553,63371.50188019817
137,6.850000000000001e-05,-187209950307.3564,-79332855664.01723,63318.5957202027,1698859053250.3037,4692727411481.428,773.273456691667,-187217385414.78497,-79329040403.58693,63495.803390986934
138,6.900000000000002e-05,-189524219273.10876,-73310687109.81888,63419.0905726319,1529783443978.6099,4704409799084.781,766.6966032396489,-189530967385.34964,-73307244754.8869,63390.72437390725
139,6.950000000000001e-05,-191647477040.16977,-67214474382.02315,63502.74579994285,1378493871792.788,4714913174972.674,760.737841602299,-191652912603.37518,-67213499727.957,63681.97811285384
140,7.000000000000001e-05,-193578977436.4894,-61044769763.965416,63618.40825089997,1243797056688.037,4724281687658.236,755.369118876198,-193584824616.09842,-61041238551.52302,63742.83547687506
141,7.05e-05,-195314816546.2989,-54810520846.59603,63723.96057862315,1124504080025.2854,4732559927739.056,750.5634072744282,-195320313872.4571,-54806528214.70554,63770.961300438474
142,7.100000000000002e-05,-196849488737.8414,-48529377129.13198,63747.04669807695,1019742858169.9828,4739740560239.189,746.3056604554682,-196854364781.27567,-48526909047.30258,63749.44450652077
143,7.150000000000002e-05,-198183037608.7431,-42203256171.419106,63774.31044788947,928909998636.6213,4745808839368.973,742.5860202943497,-198187061636.3444,-42204029527.282715,63815.931303650665
144,7.200000000000002e-05,-199314573310.64145,-35835964932.00922,63820.766168859795,851262900413.9698,4750816018809.761,739.3835902971725,-199318989506.08432,-35833813814.953026,63765.72738470061
145,7.250000000000001e-05,-200241021978.86578,-29443563262.251938,63807.88773180877,786171364098.1708,4754774780829.537,736.6846476339324,-200244869378.29352,-29444858153.951065,63759.5729414799
146,7.300000000000001e-05,-200962549196.83896,-23029832175.43703,63795.08465145229,733235004837.3342,4757670994315.255,734.4828561114991,-200966568052.10965,-23030178337.272957,63731.19106306314
147,7.350000000000001e-05,-201477167888.4697,-16617396831.008657,63673.37772869372,692033777892.991,4759530048872.27,732.7659995161795,-201481464547.24133,-16618371331.225372,63481.693660965204
148,7.400000000000001e-05,-201787210313.27487,-10201705229.866606,63592.94671727648,662303381447.0735,4760341175726.421,731.529739186068,-201791373571.80478,-10209415248.899693,63426.695013339944
149,7.450000000000001e-05,-201892711218.336,-3800263130.690142,63451.161565617054,643711947394.1144,4760136405759.638,730.762760413962,-201897540540.98785,-3804743605.500248,63312.36521859257
150,7.500000000000002e-05,-201795560921.99973,2584719106.8721657,63318.8468069611,636074258400.516,4758907743583.696,730.4614596706127,-201800973845.75577,2575495448.953287,63194.945723678175
151,7.550000000000002e-05,-201497378437.5766,8943822009.006456,63168.8343735876,639245048887.3153,4756665071515.372,730.620220790685,-201503231545.28082,8940335226.435051,63163.643225383945
152,7.600000000000002e-05,-200998935310.6712,15292983773.921474,63164.04560945656,653158405604.0874,4753407732013.956,731.2360707993528,-201004844001.22543,15290409395.706686,63076.18431228956
153,7.65e-05,-200300844636.12836,21617685269.364643,63149.463629498154,677928496885.1976,4749113745817.321,732.3114134390537,-200306990860.03873,21614050956.673904,63238.71260933687
154,7.700000000000001e-05,-199404333917.17157,27910822116.011505,63126.00509386033,713720768202.5022,4743770951890.517,733.8488348843456,-199410190418.151,27910604626.85326,63021.30887377984
155,7.750000000000001e-05,-198311173649.8445,34163779781.154884,63083.17171175876,760751238949.0713,4737367116022.658,735.8523759446142,-198318439175.04736,34156186996.21547,62853.73467922171
156,7.800000000000001e-05,-197027187388.02734,40349105522.847786,62887.26440024322,819289393019.0513,4729889653441.641,738.3275736575961,-197035929295.2198,40337972355.375626,62775.960128712606
157,7.850000000000001e-05,-195552830615.60434,46478582174.76365,62762.34961463907,889431496096.7573,4721371712205.064,741.2715127986083,-195561291270.99915,46471999325.93108,62697.507690706014
158,7.900000000000002e-05,-193886304868.26025,52563019413.415924,62775.31471265189,971708146008.4761,4711745433295.797,744.7006413550317,-193894204743.3545,52559534148.80166,62852.16869203432
159,7.950000000000001e-05,-192027815953.8573,58598699970.393074,62849.45689713758,1066985243293.7441,4700935864561.146,748.6371244095368,-192034883343.70386,58597999287.96258,62934.434333203855
160,8e-05,-189981488188.2048,64569695859.16123,62874.87697977022,1176128867484.9578,4688908709971.757,753.098130148939,-189986667790.9209,64574541840.225655,63018.02795602649
161,8.050000000000002e-05,-187745147296.93762,70482789906.58655,62973.7309317218,1299817277276.7224,4675668425633.506,758.0940550414665,-187749694018.89307,70488335671.79752,62889.24400871803
162,8.100000000000002e-05,-185326201677.14777,76315610995.33772,62981.57508463905,1439244436602.8652,4661105373285.459,763.6589761472045,-185334346639.46158,76312221868.39607,63037.9144519015
163,8.150000000000002e-05,-182724296928.9986,82070684126.24055,63017.4368311465,1595231812107.7366,4645261514815.251,769.800748380897,-182732532895.28763,82067392768.5716,63039.70010996646
164,8.200000000000001e-05,-179946152561.27252,87732719924.12856,62993.867730521604,1769186559656.1135,4628023738548.57,776.5560126863046,-179953768419.2342,87731276079.52338,63005.220833740044
165,8.250000000000003e-05,-176993147412.41455,93300700577.36859,62981.530964372236,1962364521258.3596,4609397922143.161,783.9426377432611,-177000421412.28687,93300399724.99992,62986.184158153934
166,8.300000000000001e-05,-173866764830.05643,98772321857.63527,62995.84256613023,2176532572965.8284,4589280945449.728,791.9995583038093,-173872193048.39767,98775390893.09282,63009.61800986672
167,8.350000000000001e-05,-170567961056.7692,104145638531.35172,63045.60426965049,2413836489966.3135,4567580001104.001,800.7695019113679,-170574854930.7222,104146024263.75938,63167.12161270688
168,8.400000000000001e-05,-167102869296.30615,109409860822.96724,63068.11521485868,2676818038058.287,4544190728886.376,810.3015270007494,-167105837542.73773,109416257491.38763,63174.757871049085
169,8.450000000000002e-05,-163467333028.0087,114571378264.13991,63169.60461470614,2967998306720.08,4519079178683.532,820.6339595865276,-163472732921.80493,114573649096.67369,63221.02167893919
170,8.500000000000002e-05,-159675665554.6623,119608018493.00279,63172.08523944486,3291097350297.703,4492015653663.124,831.8485381201293,-159680412142.54004,119611244690.05136,63199.21322279192
171,8.550000000000002e-05,-155725474783.60046,124524261244.57706,63210.04424022464,3649067703280.391,4463091077424.31,843.9693637762889,-155731668950.66898,124525519619.61252,63204.32443247751
172,8.600000000000002e-05,-151627516787.13406,129306299553.40869,63191.3739462194,4046465749174.646,4432040131341.335,857.0898231389273,-151639037207.43082,129301562020.91565,63100.35269943478
173,8.650000000000002e-05,-147394175445.12097,133941164833.46513,63080.63806246094,4487849045516.335,4398850754225.691,871.2653148325873,-147405795501.54034,133937338271.86798,62967.3816110519
174,8.700000000000001e-05,-143025051156.50037,138432088493.98117,62989.610398882185,4978045006346.569,4363491749807.7,886.5509163394565,-143037340481.4526,138428444627.87442,62908.87240517299
175,8.750000000000001e-05,-138523148572.52792,142777292368.74466,62923.09745574656,5524041922676.749,4325661682034.474,903.0659937175408,-138532855622.79446,142776970868.60297,62961.87163931621
176,8.800000000000001e-05,-133885616322.05655,146980289950.23178,62929.27242676646,6134377490804.778,4285149760295.6304,920.93076648728,-133894841443.51097,146980704291.31018,62944.612565671756
177,8.850000000000002e-05,-129118561608.4842,151035017012.9883,62949.852536544895,6820042157601.55,4241612573890.8916,940.3065548769023,-129129469246.46712,151034181776.9925,62986.67681820922
178,8.900000000000002e-05,-124231533009.22546,154933328436.31995,62939.588366371754,7593470232321.387,4194866784302.0513,961.339806345085,-124243098816.5859,154932349686.55984,62892.6623616711
179,8.950000000000002e-05,-119221021695.948,158678612390.3309,62979.421454617186,8468820993943.46,4144738466847.9023,984.1829832300945,-119233353493.61478,158677294706.01932,62899.582129101575
180,9e-05,-114101253811.3961,162259661804.9749,62973.56465586537,9465166099132.658,4090699252496.4824,1009.0868347515794,-114111691952.40489,162260124570.93256,63144.93001585981
181,9.050000000000002e-05,-108857816264.99397,165687068113.7492,63080.31076738489,10604282928413.875,4032596225781.5854,1036.2544776156867,-108857779577.68213,165694258768.35284,63325.4736102958
182,9.100000000000002e-05,-103497779868.63528,168954037938.1657,63216.987231429164,11917579721449.895,3969508045696.207,1066.084171691678,-103497349762.14923,168960810729.22086,63321.225342585465
183,9.150000000000002e-05,-98037078925.4334,172049406305.3167,63297.42745706573,13443680006275.705,3900976616048.277,1098.9460504749486,-98037331130.45279,172055301613.70126,63345.715293795365
184,9.200000000000001e-05,-92485705980.91734,174967581458.10623,63326.08154951791,15228891885526.97,3826669240899.279,1135.205585436318,-92487750329.9248,174972310456.36737,63189.35980402996
185,9.250000000000003e-05,-86846538104.10735,177707555126.61508,63347.54853688694,17332700083098.645,3745924616161.1934,1175.34760780246,-86857084551.81998,177708070689.18542,63288.35818714951
186,9.300000000000001e-05,-81133830018.14566,180262628299.69995,63319.27635046256,19835677987629.727,3657706703518.8794,1220.0397227347855,-81144877990.19054,180263277111.9481,63258.538494457156
187,9.350000000000001e-05,-75341938619.20169,182636330318.72223,63328.74932085204,22844144436397.918,3561139790265.121,1270.0345748934105,-75359670169.23586,182634525596.24496,63280.28248236007
188,9.400000000000001e-05,-69488653102.90923,184821198154.78723,63296.28361448999,26508673857363.31,3454475244897.0923,1326.4401374836264,-69505912407.73734,184820306992.2107,63338.102024445136
189,9.450000000000002e-05,-63565362071.65677,186821393920.64822,63313.79428279866,31035240546654.824,3336343881073.028,1390.5199564043585,-63581119183.34357,186821448136.03772,63315.234604940146
190,9.500000000000002e-05,-57593083621.59286,188629384637.30713,63287.088583361154,36725909909759.47,3204020511818.9907,1464.159579629881,-57612610551.1401,188628899343.86063,63136.94220688501
191,9.550000000000002e-05,-51576993994.79787,190244735138.8183,63242.48126358152,44017533405771.12,3055082449837.09,1549.6798676279425,-51598008209.879295,190244659867.31772,63168.12037493654
192,9.600000000000003e-05,-45509962250.729454,191670180344.8668,63243.77088484027,53572055317193.9,2885713453853.6904,1650.400300215733,-45545482105.844864,191667291101.40863,63157.79307779441
193,9.650000000000001e-05,-39417310531.20202,192899481090.7929,63194.07876988503,66443420008342.42,2690029835159.257,1771.3795702292082,-39461896555.83386,192896086681.82336,62982.7861526327
194,9.700000000000001e-05,-33295491431.16481,193934849795.0448,63153.32631564467,84341767578949.84,2461524558797.985,1919.8340794176227,-33351580007.896053,193931131879.94296,62959.30872334145
195,9.750000000000001e-05,-27152513151.278034,194775453349.87225,63111.454228293835,110202633667037.05,2189925103915.89,2107.344032867365,-27217784462.84608,194772482378.41245,62883.58814980926
196,9.800000000000002e-05,-20998223405.736267,195420659560.41125,63057.203095538935,149296245955546.1,1861941482294.9304,2352.8771154885503,-21076334161.140976,195418728028.39658,62770.61129687466
197,9.850000000000002e-05,-14814229744.91703,195873350389.6183,63071.790435789066,211450084174459.34,1463433925326.471,2688.229072804266,-14920137132.196003,195871626996.87,62794.55092215149
198,9.900000000000002e-05,-8624148820.273327,196130445626.00052,63076.95553096549,314988555629392.6,993995307567.6099,3165.1251079262365,-8765610840.12962,196130472452.1784,62765.78903508314
199,9.950000000000002e-05,-2427855918.8346696,196192564918.24847,63096.86582428968,487389248369222.9,549820855829.3513,3836.14990083405,-2607161312.3247037,196196123401.57956,62750.6064358537
200,0.00010000000000000002,3748169302.260337,196059506996.36157,63082.46878151757,720548277868431.1,564591294396.6725,4571.005537849626,3550580031.5850987,196068583319.70682,62844.98447508967
201,0.00010050000000000002,9850735247.652666,195735080894.31744,62959.87132795749,819386609573069.5,1682986521506.2976,4672.150745306679,9712048131.296726,195747248104.36792,62893.64825898776
202,0.00010100000000000002,15881663938.423841,195224471308.68594,62766.169459187324,628497071917724.5,3043266771279.274,3923.4659378429305,15846199987.205727,195233432194.17105,62831.81637951473
203,0.00010150000000000001,21914453728.612194,194525473702.36212,62642.83717321407,394712126264201.5,3570096550920.4707,3257.089378490103,21953411840.350216,194528016287.6479,62772.21224844081
204,0.00010200000000000003,27970253089.758064,193633639659.0013,62625.75346746237,246388105972633.1,3609993555819.2603,2914.1131167115095,28027511719.94335,193632465787.88446,62742.59249793136
205,0.00010250000000000002,34007692571.456142,192551024990.0928,62644.146699220226,162682154512031.03,3555963959261.958,2710.0957973088903,34058315463.91375,192549094955.0002,62499.93716454555
206,0.00010300000000000002,39994819322.281654,191282210639.06628,62635.56413405282,114011431351704.36,3543925502697.7583,2513.6650057914344,40034205409.42681,191281126378.3827,62411.35478262456
207,0.00010350000000000001,45925944667.69745,189829632603.10922,62598.01568198151,83734746321462.12,3584012056745.215,2290.1033691520015,45954750420.65394,189830211000.33255,62286.45206525162
208,0.00010400000000000002,51784810189.38504,188198641431.989,62497.90083720114,63618843593140.98,3645873854995.902,2061.740626478852,51812997031.42343,188199224420.0778,62308.29601171083
209,0.00010450000000000002,57584164263.90488,186388051238.05194,62414.5819027027,49646765641439.3,3704586028790.9893,1859.7306756830922,57610580881.4412,186388804659.91635,62259.72697385458
210,0.00010500000000000002,63333712664.870445,184395096667.41025,62407.63524577284,39689835360811.875,3755065904142.2144,1697.1871778751774,63353093816.80423,184397491434.7046,62402.32388581279
211,0.00010550000000000002,69008834520.16515,182227260531.9803,62376.39093170512,32455076371475.508,3802315443899.3657,1570.6803365663777,69031247221.36737,182228056681.24524,62279.36226805973
212,0.00010600000000000003,74607001018.41718,179886413087.8668,62340.83503009612,27086409682164.566,3850228657167.662,1471.1969421640908,74624711158.29562,179888626646.7221,62280.22521501779
213,0.00010650000000000001,80117902645.28134,177377558532.09775,62278.17162437692,22992124129234.637,3900070346685.5264,1390.5001410181358,80141622328.60934,177376727803.92847,62140.03427419042
214,0.00010700000000000001,85542134763.74599,174701564530.57144,62226.40628156915,19773444142043.445,3950708456725.447,1323.095692788199,85559335172.27782,174703364095.82028,62005.574585146634
215,0.00010750000000000001,90875484073.78046,171861052780.38846,62185.799508317854,17168472860311.465,4000862007416.18,1265.5415056629563,90888350790.58092,171864798052.9925,62117.680215203065
216,0.00010800000000000002,96114605730.0068,168858251374.61865,62160.82956819518,15010084338645.158,4049552222806.338,1215.619825210163,96131357124.39809,168859547811.50696,62240.08359598587
217,0.00010850000000000002,101266002954.5828,165689527285.9447,62211.30359902071,13190962693496.146,4096307545276.411,1171.7640074643425,101285220684.47871,165688735436.36774,62353.61107035059
218,0.00010900000000000002,106324416057.45798,162356833191.24017,62305.22763606421,11637641868571.541,4141160873963.1206,1132.7562734182163,106344320272.29932,162354594450.99454,62428.42607327285
219,0.00010950000000000003,111273163461.55554,158870056846.69177,62351.43159711533,10299269123823.828,4183942794781.7407,1097.753815332892,111294701572.68233,158865759852.76202,62342.075376190754
220,0.00011000000000000002,116113698629.73314,155228467434.66196,62412.89594583534,9140337302839.42,4224349648919.58,1066.2038539300784,116131456295.81657,155225947563.0624,62458.113485083
221,0.00011050000000000002,120835668266.97043,151439357046.43994,62444.94847295649,8131273126924.312,4262609529839.875,1037.5912867409618,120854809028.72424,151434960018.8998,62593.30494469912
222,0.00011100000000000003,125447182141.63925,147496270590.3665,62553.43966683986,7248596190537.252,4298689281489.352,1011.5551069152997,125466398926.83116,147490671947.8642,62637.15335677326
223,0.00011150000000000001,129933449758.94504,143410112622.9766,62628.17942174907,6471211993150.776,4332915805229.4385,987.7307597033686,129951474928.93369,143404513081.4001,62710.677817023534
224,0.00011200000000000003,134293414453.12766,139181600404.62625,62714.094581061785,5783769045763.419,4365118991729.2876,965.9156025609317,134307514867.27649,139178646197.8246,62738.36361446807
225,0.00011250000000000004,138510509740.047,134826179594.04964,62706.88147453693,5173238369310.829,4395461163971.1294,945.8879696094239,138517809582.51715,134829748822.03595,62556.48148289401
226,0.00011300000000000002,142578845945.44562,130351573443.71873,62635.61535454662,4630119891565.291,4423826302304.073,927.5144314992335,142585487679.061,130356038420.67892,62635.71393850343
227,0.00011350000000000002,146504709616.24576,125752699607.03801,62620.49874705375,4145983555151.7534,4450339703324.226,910.6424465671515,146513982734.58353,125754019509.41608,62580.318604799795
228,0.000114,150281920675.89587,121036686426.67293,62608.0913173264,3712380521413.423,4475282212980.59,895.0935850042636,150291291567.306,121037724065.6648,62589.783941755944
229,0.00011450000000000002,153911319098.93228,116202846084.8581,62640.23361030621,3322900849942.074,4498634530091.3125,880.765854379855,153920217775.51495,116204142112.74586,62738.1167098138
230,0.00011500000000000003,157389765603.08713,111254638001.3416,62698.8924705476,2972013404451.03,4520516348270.248,867.5474225459869,157404778141.2942,111246722821.46301,62980.09245270507
231,0.00011550000000000002,160720627978.60864,106186131220.8256,62849.271921806234,2655309532695.794,4540967263314.375,855.3510071970916,160735575989.8389,106176685696.35349,62999.82001692038
232,0.00011600000000000003,163892022124.2504,101012375896.87283,62952.16099649966,2368686938536.5957,4560121734630.812,844.0796860449001,163902069752.91492,101009415962.06528,62939.8940339546
233,0.00011650000000000003,166901370509.39923,95736867337.92535,63047.27021036968,2109605461143.9958,4577866700988.637,833.6982872663988,166911615396.76572,95732498005.01735,63199.949400418955
234,0.00011700000000000001,169743633929.54144,90367349348.90167,63118.51979562539,1875556895067.9568,4594288295693.376,824.1451472508767,169751838136.4899,90365779022.3174,63067.77982721644
235,0.00011750000000000002,172412031710.7009,84916303473.6415,63126.936918099535,1664360592835.4766,4609412080587.825,815.3736831976152,172418717237.40527,84917424707.78288,63077.62467897428
236,0.00011800000000000001,174909014376.94794,79379774341.38857,63182.63858402073,1474244999495.395,4623236765101.215,807.3505980329398,174916222165.36298,79379319772.99417,63283.04302357259
237,0.00011850000000000002,177230724150.92477,73764891890.40874,63242.303255944615,1303159576892.2114,4635887510236.239,800.0197889588944,177238038994.78625,73763594999.12363,63375.40128211659
238,0.00011900000000000003,179376030733.6732,68073361714.84589,63330.782501547634,1149572775347.6274,4647358605069.953,793.3516660428002,179385522997.85587,68065218253.49396,63484.20201454637
239,0.00011950000000000002,181344175685.83694,62304794814.41393,63471.603174298674,1012123775202.0106,4657692545586.884,787.3122855385443,181352426241.19614,62298207835.5129,63522.062197684674
240,0.00012000000000000002,183130696573.34726,56468058427.72544,63605.94905430464,889612964269.9696,4666925836800.965,781.8703033579719,183137766172.56485,56463110472.20531,63757.731037827936
241,0.00012050000000000003,184730078653.21042,50578316427.68347,63670.01424589803,781208322677.9504,4675041188410.887,777.0087961715801,184736144941.68634,50575728172.71624,63617.18262412645
242,0.00012100000000000001,186139492942.32208,44646615313.882484,63673.682421933714,686307508128.3925,4682024148957.163,772.7155806652216,186144206773.52246,44649181784.80015,63576.52632165799
243,0.00012150000000000003,187355849499.92957,38689007883.4999,63586.380132994316,604281907299.7845,4687898534402.654,768.973913358978,187360698652.1297,38692287599.72085,63451.223137041765
244,0.00012200000000000001,188381987234.34265,32698792343.343266,63559.80667936003,534581985325.8877,4692670373034.17,765.7719755833024,188386546134.83948,32704183311.073406,63537.40471573614
245,0.00012250000000000002,189216018611.71338,26687855579.312454,63512.91723880773,476483063086.1147,4696405630318.647,763.0862932425312,189220930093.16962,26692619027.190098,63506.336197180004
246,0.00012300000000000004,189858678247.4112,20655987997.370445,63503.90938380459,429552309933.39453,4699086070992.901,760.9093369799218,189863768710.96396,20660706358.82833,63479.583065359555
247,0.00012350000000000002,190309524444.70706,14607780772.2531,63518.11189482623,393395037490.8078,4700733082945.233,759.2282582780333,190314797202.6692,14611000026.490887,63542.736027037296
248,0.00012400000000000003,190567473973.4993,8558535136.645812,63475.56095116926,367747559363.3246,4701344088874.48,758.0355916744741,190572965036.4212,8560386468.299279,63323.470642957735
249,0.00012450000000000004,190633080396.34924,2519124798.8022537,63380.872306951904,352457060745.62744,4700910370318.597,757.3275690908678,190638858710.45316,2523433446.585847,63282.446566190345
250,0.00012500000000000003,190507673960.55646,-3508800210.988885,63299.89763155263,347376675664.03876,4699440916061.498,757.0987314676696,190513728268.38257,-3507199183.944847,63337.63084410773
251,0.00012550000000000001,190191751272.91116,-9534457916.173773,63330.37120665486,352401352344.44507,4696940361172.523,757.3450581348568,190197539079.25888,-9537522207.189768,63445.30013880159
252,0.000126,189684443013.9688,-15558683007.00108,63446.28778260033,367569171440.4037,4693391747355.77,758.0676069124686,189689646642.79068,-15564169948.624287,63555.61553129658
253,0.0001265,188985567800.29785,-21568417597.695423,63541.94793380203,393069735531.81213,4688764861426.216,759.2719806343492,188990943937.05063,-21568807250.914642,63567.74314340644
254,0.00012700000000000002,188098264511.22162,-27534538134.316906,63468.41941185388,429115597942.22327,4683045186249.914,760.9630009655223,188103686378.89413,-27536318027.912777,63386.19184110851
255,0.0001275,187022033272.44757,-33471887862.483852,63484.77100806625,475771269253.6944,4676256279917.099,763.1390680812927,187027833918.5379,-33471006084.543365,63433.52942632854
256,0.00012800000000000002,185759601510.87656,-39363440230.568634,63452.85104848839,533439024732.4116,4668338736462.241,765.8151496620362,185765758212.08008,-39361590092.606766,63467.58998436479
257,0.00012850000000000003,184311318102.26962,-45210992584.53481,63458.94866908714,602450502843.4343,4659296753788.912,768.9964980087816,184317626372.49747,-45208850665.44454,63537.212483935626
258,0.00012900000000000002,182679348857.3617,-51005649235.571815,63456.18156848767,683357137000.104,4649080609040.879,772.6988119852427,182684971787.37143,-51006403912.69857,63490.99255735766
259,0.00012950000000000003,180865844283.30826,-56740915850.25796,63445.06090872478,776725259042.9197,4637671075691.514,776.9344272539415,180872581239.99457,-56738241298.07024,63406.551288970906
260,0.00013000000000000004,178874502623.94962,-62406524272.13637,63397.54858239929,883213098331.7744,4625036320153.419,781.718980133137,178880240840.94067,-62407307608.875305,63436.92882541193
261,0.00013050000000000003,176703569424.93445,-68009645582.58439,63429.924117618255,1003502995127.1846,4611158813393.952,787.0667473749692,176707069728.8435,-68016132158.099075,63414.297064708444
262,0.00013100000000000004,174354131566.38416,-73545804189.60835,63499.612713865616,1138774917246.255,4595927746354.953,793.0127042102569,174358443323.50464,-73549390347.53076,63552.85084401795
263,0.00013150000000000003,171831832516.67145,-79000320319.64615,63516.139746459026,1290279736593.2175,4579293442359.555,799.5848092127696,171838005547.58783,-78999760613.5217,63475.43157272065
264,0.000132,169146037252.6699,-84354359461.29852,63412.61403323957,1459081391542.0295,4561259714989.699,806.8005475607314,169152762818.2446,-84353422283.7422,63288.79760807008
265,0.00013250000000000002,166298043063.06854,-89609501938.72614,63313.5054420833,1646065395330.7104,4541852802434.607,814.6713313246908,166306567983.20947,-89606044361.02037,63299.852835738
266,0.000133,163284715485.6026,-94773457613.91226,63311.6574283034,1852853925644.7856,4520943158442.863,823.2409481895052,163292601262.37518,-94771577838.17668,63351.78675247385
267,0.00013350000000000002,160106427744.89542,-99844648435.42432,63373.970830669416,2081884299271.2744,4498357228211.953,832.5711089171216,160112077289.61407,-99846440053.63425,63551.79842731501
268,0.00013400000000000003,156762382054.8676,-104822729174.22475,63499.96838293532,2335806086739.065,4473999822430.547,842.71471249874,156765799222.91458,-104827396650.65723,63663.670810165895
269,0.00013450000000000002,153259419122.1459,-109695231624.53111,63595.80385285559,2617681420428.871,4447734697356.098,853.7369872924551,153262848214.19705,-109699310562.99161,63732.35835256693
270,0.00013500000000000003,149595741566.3212,-114463724241.21576,63735.13676027945,2930410948895.8325,4419538931830.912,865.6847979213179,149599973177.7522,-114466073412.62784,63858.35720123003
271,0.00013550000000000001,145778818339.57925,-119116395596.67181,63840.306422027694,3277995066815.3184,4389192646189.5903,878.6482695441616,145780331375.26578,-119121586522.45786,64051.04169160952
272,0.00013600000000000003,141810152228.25415,-123650575827.47908,63952.43209843321,3664553254086.7266,4356646852666.024,892.6925914171752,141811412359.19232,-123655363344.783,64050.62697059245
273,0.00013650000000000004,137700457441.745,-128052920996.01515,63998.13697414015,4095332083450.592,4321698345779.5986,907.9168871164575,137702678553.41867,-128056357290.00113,64024.229355865486
274,0.00013700000000000002,133447707986.33429,-132325885516.27263,64076.3177415948,4575793274711.107,4284305206322.089,924.3962171582151,133450371496.3258,-132328523263.73927,64264.51146247465
275,0.00013750000000000004,129056033219.4766,-136464258767.75317,64164.712815331026,5113569910813.861,4244128603611.527,942.274025256605,129056556321.98442,-136468576359.02469,64177.73315805833
276,0.00013800000000000005,124535524438.0127,-140457742092.21594,64207.31353034633,5717686769467.344,4200957466476.0913,961.6889838755503,124537639150.98058,-140460388081.42447,64113.786715491784
277,0.00013850000000000003,119896418906.24013,-144297685718.65823,64188.14870458377,6398135137959.888,4154670632172.1943,982.767697959145,119906415766.85854,-144293883107.95813,63869.950181523636
278,0.00013900000000000002,115159637849.47704,-147968294795.18704,64025.356184682634,7166577441723.524,4105086790577.8555,1005.657544713561,115175793026.3741,-147960765146.16925,63764.96717485952
279,0.0001395,110318568699.64584,-151478191343.87576,63898.726867466925,8035474250904.3,4052219686996.7886,1030.473171589205,110336772415.16556,-151470360872.9883,63750.52779958586
280,0.00014000000000000001,105381220340.89285,-154822933946.39453,63770.63320269247,9023557106149.816,3995378322828.835,1057.5014842456137,105399902218.76921,-154816033014.33368,63542.307849731005
281,0.00014050000000000003,100354947505.6779,-157999278158.42303,63631.625041976724,10153831324841.986,3934226228656.143,1087.0089399988988,100374833655.56757,-157992856624.46097,63513.70147749372
282,0.000141,95239784276.88545,-161009002294.4154,63525.9484295822,11454641038947.04,3868369001913.486,1119.294609059439,95255014584.79248,-161006440690.29205,63510.7706542502
283,0.00014150000000000002,90027568897.82013,-163857698532.11606,63520.72900391196,12963133118181.15,3797115630053.7593,1154.771076212044,90044485872.17577,-163854773592.58026,63416.35001750179
284,0.00014200000000000004,84735548842.80542,-166535284981.93768,63488.638183009294,14730142984250.582,3719430982196.109,1194.0133577208567,84756099466.38268,-166531151434.73138,63462.02164928157
285,0.00014250000000000002,79364930240.78673,-169041976196.74088,63469.483457549366,16817880858347.691,3634885662292.1616,1237.5423616970188,79390246230.59209,-169036360538.53427,63290.52980202671
286,0.00014300000000000003,73922916614.19847,-171374715980.6567,63447.34661940743,19309616769350.43,3542397117031.084,1286.0930042043094,73954955829.82239,-171367127454.83435,63397.70397019977
287,0.00014350000000000002,68417598062.503426,-173530568526.9165,63411.01381721755,22317507954198.91,3440778304599.5503,1340.5808856379888,68439131878.51875,-173528397749.57443,63504.13790093746
288,0.00014400000000000003,62844816883.27087,-175511806447.5337,63417.61060746992,25995364485188.996,3328594278167.6074,1402.1596271961034,62857752814.96274,-175513417315.87817,63546.497632973056
289,0.00014450000000000004,57206414043.373245,-177317326006.91434,63463.572987752035,30564795291250.293,3203540338896.796,1472.4655587630882,57214513778.62763,-177320668688.42337,63626.291202025874
290,0.00014500000000000003,51506362023.375725,-178945062711.95956,63536.689386737926,36349427436576.766,3062856946388.3535,1553.68006403226,51517801350.70134,-178947380867.30127,63550.12127371583
291,0.0001455,45768788532.2125,-180387461454.10916,63542.95800154564,43833207853452.73,2903023465101.3477,1648.7696653801845,45788041979.21806,-180388082960.47784,63423.528149930724
292,0.00014600000000000003,39987119329.21927,-181647183137.94604,63565.12599418733,53748150471647.93,2720226297029.9824,1761.6378190828118,40013876840.794426,-181646610142.98553,63635.74273010291
293,0.0001465,34160577802.52856,-182724066698.16922,63621.597314202714,67273974174998.04,2507730970006.3677,1898.3437402014245,34186217173.711254,-182724297823.81384,63793.57118004582
294,0.00014700000000000002,28316188209.90905,-183612422874.72687,63618.69339896895,86397169039614.31,2256163773195.878,2068.310360785318,28334829075.933704,-183614571956.20856,63624.25776052975
295,0.00014750000000000003,22430612029.19419,-184316807650.2471,63683.414439542554,114578398580942.62,1954232516854.8547,2286.05291162927,22469429270.890594,-184316692452.4099,63616.54261778261
296,0.00014800000000000002,16541209560.363287,-184831290894.64117,63685.199982955106,158230076321501.62,1584707703009.2173,2576.3815886962443,16592310559.664461,-184831318196.607,63522.16368998908
297,0.00014850000000000003,10644723383.599703,-185157570543.8472,63677.535919418806,229466481616266.03,1135169212189.0916,2979.655909447827,10700801223.139019,-185159027192.36163,63809.63182250634
298,0.00014900000000000002,4737814708.151402,-185296328911.33655,63690.89282481939,350035404108794.5,629424809161.7184,3553.389218049897,4793012546.546141,-185299442144.79495,63646.70562783022
299,0.00014950000000000003,-1164720261.9573488,-185246946313.27808,63696.616630078,542632300030442.94,281562614996.1553,4302.500681774132,-1098397090.9139442,-185251633943.14078,63355.835471183236
300,0.00015000000000000004,-7040666124.92531,-185010293016.86212,63663.21033807633,737248681445856.4,782223838704.9006,4824.801160321739,-6957820100.789837,-185017673637.45718,63296.981250175486
301,0.00015050000000000003,-12861459991.566072,-184589851398.5261,63560.619969232925,688930171431093.6,2317185506443.6216,4355.450440972499,-12800180590.25517,-184598822384.9585,63365.906244686616
302,0.00015100000000000004,-18648916942.710304,-183987607022.31387,63453.00258251276,457157253587312.2,3357799758935.193,3501.078045309948,-18626380999.201775,-183995397301.9552,63365.77112688364
303,0.00015150000000000005,-24414115568.577324,-183203749777.5844,63365.02380202186,277239497253346.44,3588114393618.66,3016.386551858242,-24420834194.951916,-183209112272.6086,63010.389325420794
304,0.00015200000000000004,-30140295376.14808,-182240673734.81107,63265.481859358864,175391277886169.56,3541281084552.3457,2794.882202034731,-30159820897.386635,-182244629267.5769,63004.09479822046
305,0.00015250000000000002,-35826351212.461296,-181099581436.96176,63160.46342085166,119113785787339.48,3490720375814.4097,2634.989063367145,-35866093806.08934,-181099736838.5564,62991.44935433673
306,0.000153,-41501670291.6371,-179774962525.53564,63156.97546248654,86159392637054.84,3503949164677.393,2444.7565518470756,-41532807011.71831,-179775870960.19968,63004.66632935027
307,0.00015350000000000002,-47131667384.946396,-178272095197.1642,63162.778376960734,65172700422855.414,3563609345436.746,2220.8659953206957,-47151636896.72797,-178274929913.52924,63034.75356533653
308,0.00015400000000000003,-52690986116.37763,-176597873767.9231,63102.4627380864,50781004986192.51,3632307092746.0015,2000.2884997124115,-52710846010.939224,-176600493506.96118,62940.95415744878
309,0.00015450000000000001,-58182501281.89011,-174753503615.2536,63022.144971354785,40468466264519.586,3690366711311.9214,1813.1966269759005,-58211037381.0171,-174753077215.28284,62972.12902311968
310,0.00015500000000000003,-63625219426.83224,-172733516123.00366,63032.64035993701,32914766258125.168,3738642621588.3306,1666.6800798355955,-63645213147.216866,-172735256121.75635,62931.50285295925
311,0.00015550000000000004,-68992496127.20908,-170546523754.35846,63011.968248908524,27282061946590.77,3784821091553.4263,1553.309562099781,-69000983422.72247,-170552400797.41348,62802.85755633252
312,0.00015600000000000002,-74269795141.31177,-168199535455.41705,62923.74950480784,22995861410501.02,3832400909619.2554,1463.2768746157772,-74282463841.72261,-168203674090.99078,62925.91680159486
313,0.00015650000000000004,-79472363293.69238,-165687523526.8598,62893.0080699249,19654429141658.895,3881435986970.869,1389.2098590077437,-79490841990.52379,-165688628329.48553,62908.446844300284
314,0.00015700000000000002,-84582745459.40063,-163018733212.6782,62832.954631967674,16976493370706.365,3931184951791.966,1326.3718812650015,-84605196016.9644,-163017419839.62482,62712.6452848806
315,0.00015750000000000003,-89616524948.55493,-160185899772.85992,62869.16114161998,14779550078611.932,3979911609683.589,1272.123298051482,-89632573800.02466,-160187317385.92908,62903.73090066616
316,0.00015800000000000005,-94550205382.11588,-157201095742.33148,62855.9051341311,12940191179553.164,4027289651620.4062,1224.573921348194,-94568848116.25528,-157200555606.2078,62805.987970523776
317,0.00015850000000000003,-99394432477.22351,-154058672470.83038,62907.69858376752,11380690504796.4,4072448632625.3423,1182.5544061580363,-99405298585.61012,-154062372578.50137,62883.68778210193
318,0.00015900000000000002,-104131019029.28276,-150769525495.14215,62912.061530199724,10044069356798.887,4115641534567.4287,1145.0173823086654,-104143650835.11444,-150771755690.366,62992.44296121615
319,0.00015950000000000003,-108758697249.17577,-147335312770.99524,62911.28970967664,8890928019849.232,4156520068298.2373,1111.2952163611549,-108776802076.18057,-147333164672.7067,63048.48431342072
320,0.00016,-113284017042.74326,-143751301723.7858,62985.53533204353,7890042941635.751,4195207952844.388,1080.8183110706266,-113300184212.99643,-143749773263.62085,62953.20368575566
321,0.00016050000000000003,-117689007846.41594,-140030501286.98398,63003.62328460761,7014846034782.785,4231995892709.328,1053.0847909185286,-117702035007.84265,-140031023583.4486,62851.80322434038
322,0.00016100000000000004,-121962012160.91975,-136183702551.92757,62934.069492438975,6246379031527.012,4266607752522.259,1027.821477813471,-121969577616.01161,-136188950526.61186,62717.48240211475
323,0.00016150000000000002,-126102400507.2945,-132213576047.03648,62842.18771755063,5569763877152.454,4299024032626.0806,1004.7872255733071,-126112927320.08965,-132216249802.371,62992.34702301105
324,0.00016200000000000003,-130133062450.81064,-128099203566.18266,62961.95309321767,4971519282004.66,4329485313592.67,983.7161063716742,-130148407451.33586,-128096243230.5438,63118.67564422133
325,0.00016250000000000002,-134036243708.20341,-123855221988.96877,63074.91605986267,4437603870977.51,4358554143461.9844,964.281698779106,-134051732201.06023,-123850989389.22394,63143.35696167079
326,0.00016300000000000003,-137797965790.21063,-119496071075.68571,63095.08249512534,3959525294151.029,4385881642958.641,946.388795250109,-137814992470.42578,-119489302123.2718,63236.60069498992
327,0.00016350000000000004,-141430693041.08466,-115008104038.98987,63226.77268261175,3531473046882.8906,4411364562485.251,929.9474024767056,-141443394535.3209,-115005286877.33853,63255.41903208158
328,0.00016400000000000003,-144910945820.06476,-110418023976.9043,63216.81498148744,3146465845968.8403,4435420746201.546,914.7579679317143,-144920438270.0661,-110418977000.08817,63097.775447002045
329,0.00016450000000000004,-148235533458.23532,-105732407386.39603,63136.53154936121,2800666056332.0317,4457732455341.593,900.7900312721665,-148245540681.8159,-105732682520.98044,63057.009242324144
330,0.00016500000000000005,-151407737931.75354,-100948905566.84076,63088.95492523028,2490071427962.8154,4478443709572.237,887.9492734332849,-151416523964.4702,-100950936648.20721,62960.32466844408
331,0.00016550000000000004,-154426207708.75793,-96070155779.28833,63073.310444570074,2210363711696.1743,4497754096377.455,876.1234365989034,-154434630506.3005,-96072658010.16705,63120.83376808739
332,0.00016600000000000002,-157285766779.4438,-91104820995.40263,63041.422412688815,1957964991835.7747,4515708142326.405,865.2377972453212,-157294627928.7131,-91106696998.34378,62899.0498261019
333,0.0001665,-159973399394.09528,-86077207230.12439,62855.4782738705,1730237011665.4143,4532295786717.845,855.2407827332978,-159979538243.59937,-86084975948.26141,62507.87596018425
334,0.00016700000000000002,-162486952236.7923,-80997535024.96153,62578.37843487175,1525587024899.4902,4547424662073.63,846.1097095580042,-162490303343.28824,-81012789104.97699,62242.733613003096
335,0.00016750000000000003,-164834104509.0879,-75856993214.3543,62381.02065840614,1342109488634.3203,4561204504221.982,837.7880434796881,-164839587031.56207,-75869622584.57045,62293.04928900807
336,0.00016800000000000002,-167017787562.1276,-70652057807.73814,62282.915040963,1177344208170.065,4573827532705.819,830.1978028226937,-167028073234.09323,-70654683878.14943,62270.15532834448
337,0.00016850000000000003,-169038019589.1288,-65383479303.052185,62255.92075113951,1029276875108.927,4585340236898.766,823.2895760356744,-169045852374.52426,-65392458115.76816,62060.451012290534
338,0.00016900000000000004,-170886064499.685,-60074522401.63717,62120.2546061872,896466688197.8126,4595751339948.571,817.027512229813,-170896167102.47012,-60078819634.94183,62142.24711571347
339,0.00016950000000000003,-172570168933.37183,-54706874644.92593,62122.72125840324,778265199508.886,4604974852678.582,811.4027875242961,-172581409848.1692,-54707767915.17593,62080.292407071196
340,0.00017000000000000004,-174087014236.05075,-49288874378.41564,62151.28556684662,673326344594.8015,4613189808772.995,806.356955565546,-174097916818.96973,-49290418968.37047,62125.74920472625
341,0.00017050000000000002,-175431437815.48865,-43838751099.6012,62093.5015069914,580853431183.5795,4620348969738.247,801.8749967192349,-175442335013.41077,-43840766834.59761,61999.267604316796
342,0.00017100000000000004,-176603501741.39197,-38361351467.61165,62009.52473440149,500396455273.8529,4626415027534.501,797.9495217913137,-176613672781.27347,-38367556697.2634,61784.98465173234
343,0.00017150000000000005,-177602220163.69815,-32866605107.461353,61883.69129823845,431361028258.05035,4631437741077.979,794.5582919977467,-177612937680.8333,-32872041813.876892,61735.42921407912
344,0.00017200000000000003,-178429901495.03467,-27349605899.33857,61818.82113927532,373228535319.3654,4635427879153.539,791.6870046460256,-178440668804.41193,-27356331265.04637,61724.55879516655
345,0.00017250000000000002,-179085107958.71808,-21822922111.375202,61722.929366433724,325424260160.3576,4638429247526.249,789.3159787816152,-179096877151.1829,-21824885583.00943,61815.39040059791
346,0.00017300000000000003,-179570880142.30048,-16268891622.697914,61783.34483619063,287620141158.6583,4640423915639.408,787.4384478280562,-179582834536.9597,-16267323838.287828,61837.93205082077
347,0.00017350000000000002,-179884467192.14072,-10706262587.825865,61800.36156528452,259420587183.8377,4641453528458.343,786.0374077742879,-179896003824.47473,-10709749816.402906,61665.56775186661
348,0.00017400000000000003,-180025806027.92532,-5142131467.854077,61789.40172363288,240724583880.73993,4641476164678.136,785.1135224708598,-180037455653.73434,-5144516762.993719,61885.81603237953
349,0.0001745,-179995363466.1318,427956202.00291795,61839.521133541515,231424715544.10242,4640498912103.205,784.6616542708932,-180006932290.0786,429886663.3804086,61917.15403141851
350,0.00017500000000000003,-179792638491.2955,5995160915.753205,61885.38789794207,231446807472.7841,4638522673888.643,784.6783726116915,-179804133467.5654,5995468329.485358,61839.03806402839
351,0.00017550000000000004,-179418444878.68445,11537618582.58394,61809.767753358676,240809484789.6379,4635531793217.534,785.1651143640356,-179430401758.14795,11534346034.91888,61641.131010007484
352,0.00017600000000000002,-178874579634.12628,17051574693.177986,61702.48817780821,259512201823.90448,4631531479474.273,786.1208014507055,-178886859768.07532,17048557150.029266,61604.15470370151
353,0.00017650000000000003,-178160845844.23206,22550089581.039333,61716.80784774764,287587012909.51196,4626523282174.117,787.5452937950483,-178172985808.2906,22549301582.412354,61765.62894570607
354,0.00017700000000000005,-177277551912.96365,28025908304.023167,61759.05455158155,325282869601.32043,4620467783930.854,789.4475482139054,-177289511088.55743,28026390072.976387,61874.13910394279
355,0.00017750000000000003,-176224988806.78598,33475109539.281376,61820.89538764943,372891521178.3985,4613345995678.465,791.8347325296463,-176236296091.27063,33478332189.247147,61872.51129625529
356,0.00017800000000000004,-175004916083.17706,38886612437.86909,61846.84797318325,430765507279.5609,4605132877611.857,794.7163508326283,-175016324954.52155,38888910116.94976,61828.78064339201
357,0.00017850000000000006,-173618002910.39612,44258199211.83206,61881.87775283653,499235670128.4107,4595820424790.344,798.1000823900058,-173629969952.9426,44257918249.33959,61857.9647107548
358,0.00017900000000000004,-172067342497.49304,49577602572.514015,61867.29940237672,578781470220.9993,4585370227328.274,802.0006999637293,-172079168659.8306,49578094461.81324,61918.19437290936
359,0.00017950000000000003,-170351090164.2235,54852853154.95165,61932.280154516535,669842429207.9395,4573779930003.086,806.4274083276214,-170363697863.33694,54850697780.637566,61937.24344693043
360,0.00018,-168474832488.86206,60064600411.61272,61919.48238303863,773268911331.6646,4560954860176.488,811.4090695706626,-168486423799.7096,60065884984.361046,62004.35079286267
361,0.00018050000000000002,-166436176599.84143,65221359084.532684,61979.685857441036,889606217974.5955,4546932394005.721,816.9511958111915,-166446637603.91086,65225393064.47943,61992.59218031691
362,0.00018100000000000004,-164239865712.89038,70309333609.43083,62000.36953255932,1019950918633.2938,4531588753658.467,823.0909085947687,-164251947486.62567,70309359226.11487,61949.231191634106
363,0.00018150000000000002,-161888433710.17532,75323352975.61339,62003.85406172356,1165189004681.8303,4514935825263.783,829.8435445392687,-161902211526.5982,75319999398.49455,61867.71228813147
364,0.00018200000000000003,-159389729146.71133,80247647837.11627,61914.89833444456,1326400126440.4688,4496919695429.364,837.2359857876655,-159404897583.6958,80242529928.91415,61905.18274734296
365,0.00018250000000000004,-156740404061.91217,85091838060.88083,61899.54218293716,1504480511575.3997,4477565662822.475,845.2809216541004,-156754995113.1492,85088586835.00316,62031.48897894087
366,0.00018300000000000003,-153943461070.95306,89850145704.81119,61902.76997030064,1701260877007.1472,4456685648818.449,854.0360858806606,-153957358269.74255,89848639570.11835,61807.70608668721
367,0.00018350000000000004,-151003646822.3599,94514673100.55188,61885.84770626355,1918602684462.087,4434235281161.978,863.5392917438933,-151017316087.8875,94513999977.59956,61861.22725221782
368,0.00018400000000000003,-147921319035.9645,99085630608.3704,61897.34796099466,2158378753144.527,4410179240026.8125,873.8254349516698,-147935086879.6296,99085195158.37169,62018.81014865478
369,0.00018450000000000004,-144692929436.75018,103567898221.01942,61996.30857802128,2423052487639.976,4384378628276.781,884.9545991093962,-144704385410.63177,103570763302.07338,62120.02991130483
370,0.00018500000000000005,-141327656682.67972,107946846241.97769,62048.59019996083,2715965554913.6836,4356629440271.7427,897.010576671023,-141340805580.01096,107947582303.91574,61943.32642387889
371,0.00018550000000000004,-137842544347.55698,112200831175.2111,61934.63645384146,3039995923973.7285,4326970276687.9473,910.0320959112845,-137856750875.21536,112201133390.47647,61849.88734604212
372,0.00018600000000000002,-134222244610.42047,116351717979.36505,61965.919503785204,3397329621826.0254,4295526292011.878,924.0302783324187,-134238880513.11081,116349511343.00262,61889.58054844922
373,0.00018650000000000003,-130481163267.32178,120381591023.89006,61939.53840860831,3793452227791.0986,4261732642365.724,939.1701198711753,-130499047058.8509,120378662088.3169,61863.51079857118
374,0.00018700000000000002,-126623166482.50818,124287513465.6405,61893.05666443754,4233010914062.7925,4225709674671.9424,955.4997954141277,-126641058881.34749,124285320947.9567,61859.56035313553
375,0.00018750000000000003,-122649310503.85468,128069395357.07274,61866.73615487183,4721638613109.619,4187290642905.878,973.1130110870916,-122663603206.65683,128071391638.56728,61948.20848883003
376,0.00018800000000000002,-118553326192.90363,131733355684.80217,61936.98549925318,5266558348281.64,4146215906335.471,992.14288978009,-118566642419.13484,131736372885.67416,62057.25094678354
377,0.00018850000000000003,-114346316111.21063,135268071387.2146,61982.34044810024,5877649779666.027,4102063691533.5244,1012.7803330466538,-114360981348.21019,135270158456.124,61942.14891243432
378,0.00018900000000000004,-110033777704.91919,138668965839.07397,62005.53635405853,6565102325830.624,4054800060384.9775,1035.150412052738,-110052698742.88155,138667972176.69598,61934.78735689123
379,0.00018950000000000003,-105624841910.07301,141929156011.56558,61982.00276099369,7341039368160.519,4004185738715.4487,1059.422096592792,-105646812812.60585,141926555182.55157,61893.43580596228
380,0.00019000000000000004,-101128455210.99736,145043080617.34506,61906.81192359066,8219781561962.889,3950009042189.8237,1085.7810688288444,-101149654125.04697,145042011562.41562,61845.442996726015
381,0.00019050000000000005,-96549563325.46219,148008871198.5296,61809.087961196274,9218741115327.89,3892010349824.0923,1114.44238057094,-96571664457.78574,148008239059.36032,61667.130132743165
382,0.00019100000000000003,-91885078986.8859,150829861117.40182,61756.01562604234,10360164970495.451,3829773631060.5586,1145.6854059632567,-91909801313.19719,150828537061.48798,61666.68569616042
383,0.00019150000000000005,-87137552083.75636,153504750843.49915,61736.847160173726,11674049917868.697,3762604648104.9404,1179.9033726151981,-87167604786.47417,153501244012.228,61626.81251202527
384,0.00019200000000000006,-82318726924.35455,156027064474.21854,61688.7481919076,13198760293723.654,3689895007001.685,1217.5359190597705,-82343741567.97803,156027294604.468,61830.570123316706
385,0.00019250000000000004,-77406878765.62865,158408812364.59097,61787.10824840857,14981316760278.047,3611214785570.2925,1259.0305203754456,-77426181477.06406,158412311012.3052,62081.372359276626
386,0.00019300000000000003,-72407506592.38846,160644963229.88443,61947.10887919551,17090489031931.17,3524921010928.53,1305.2132021509512,-72420942042.02975,160651081630.52545,62231.013973173
387,0.00019350000000000001,-67335416670.728195,162727010074.31354,62078.096214059835,19616972411974.652,3429964526106.224,1356.9581453095916,-67337273576.87988,162737734785.95886,62487.65073848553
388,0.00019400000000000003,-62189167040.34191,164654790078.49228,62226.32251999511,22678636866522.824,3325442147291.7676,1415.2103295174954,-62197579480.2348,164662415330.3568,62281.36444916145
389,0.00019450000000000004,-56987336250.16287,166420123364.07504,62311.822431947454,26440525565315.242,3209501395425.302,1481.3287044313854,-57010234261.60839,166422613439.04773,62382.33183059286
390,0.00019500000000000002,-51740170360.1657,168019814898.03674,62339.102546026304,31130963833710.523,3080499280718.3804,1556.9402423122863,-51766843722.15531,168021707709.44208,62342.459033536164
391,0.00019550000000000004,-46449868272.159584,169453891891.00775,62349.319085238094,37078984908544.72,2935998027067.996,1644.243403639636,-46478039876.04178,169456163746.08258,62338.14080306149
392,0.00019600000000000005,-41117555856.21562,170722349049.14258,62368.16871653413,44779834139701.984,2772322230618.46,1746.4024294514895,-41157790679.891624,170722486257.109,62193.01786050836
393,0.00019650000000000003,-35757128050.613716,171821878957.7092,62355.36377664337,55005461446463.9,2584417449280.8857,1868.0045423696265,-35807284682.22407,171821235668.11304,62208.697141971476
394,0.00019700000000000005,-30376589953.629982,172751681946.91574,62314.291017479176,68990899100755.13,2366043403211.732,2015.6150058779745,-30434672921.021564,172751378673.95322,62114.790190329964
395,0.00019750000000000003,-24972279813.55748,173513349842.65594,62290.71758575167,88801653265083.0,2108341292292.2373,2199.2493580478754,-25051390374.50562,173511945955.92065,61944.936873162
396,0.00019800000000000004,-19550834414.556538,174106077251.74643,62272.78875645761,118078240611004.22,1798398087199.977,2435.1337288578106,-19648884191.05246,174105112514.1584,62054.911501358896
397,0.00019850000000000005,-14107468600.06561,174530564602.70822,62291.001735707076,163514841223875.4,1420610459813.2346,2749.9050784875253,-14225784483.169733,174530881109.8871,62208.57014492822
398,0.00019900000000000004,-8663536584.485142,174784549648.52435,62282.36342439872,237712959267078.8,963693840023.1334,3186.922877787997,-8788645653.652863,174788297859.08606,62098.61689377877
399,0.00019950000000000002,-3201009411.2048454,174869705697.43787,62324.01522162831,362341492116297.44,467235144320.21136,3801.133666480963,-3351682180.5563984,174876481819.2667,62183.92676740858
400,0.00020000000000000004,2245192757.1697893,174784517940.0112,62326.53080486039,553985651477230.94,196686527609.31308,4560.228884787132,2086797490.2100053,174795703502.40652,62228.489589152516
401,0.00020050000000000002,7614122592.033432,174532186944.09055,62185.5660598006,720002996068949.8,876368166856.1501,4954.728956852348,7524017821.370281,174545656878.2224,62299.123258659885
402,0.00020100000000000003,12928631266.887516,174117469493.1769,61995.8811044179,636754159744627.8,2430861914869.812,4327.574189376303,12957562083.840546,174125913102.14734,62498.85725855699
403,0.00020150000000000002,18300218556.12543,173534114972.40707,61980.95865349525,414418031156115.3,3348489611097.9727,3483.1227091759747,18383805912.83869,173535988528.50342,62515.272250585214
404,0.00020200000000000003,23695263227.6396,172779517683.26422,62058.67540771924,252201648453728.56,3526635036096.697,3040.125497454592,23782460719.124992,172777582806.0009,62508.85256732611
405,0.00020250000000000004,29079610656.153896,171854567771.70047,62172.636293106116,160821858151563.03,3473397256737.3135,2841.4470522577994,29146539264.879803,171852336248.87994,62271.744789933255
406,0.00020300000000000003,34394619481.17372,170768201354.31757,62191.89730457018,110049243761174.38,3428197921281.3906,2691.2990168723313,34457412959.01869,170764549259.0404,62170.25202787331
407,0.00020350000000000004,39686812479.795006,169514096619.43045,62261.1154024735,80196999332730.48,3445655186868.877,2504.903819639729,39722129497.855,169514383786.4412,62045.54225639936
408,0.00020400000000000005,44919681389.17102,168099635669.25534,62267.17119250668,61128087241690.75,3507108573497.8086,2281.7590591198123,44934466058.56089,168104322172.94482,62036.95694232667
409,0.00020450000000000004,50086243240.242546,166528513747.9477,62206.2013072955,47995761623742.71,3576012156916.82,2059.942820536497,50099813063.57398,166533490171.65637,62131.52792866918
410,0.00020500000000000005,55197242857.46315,164799350133.9619,62156.61508408681,38516409777854.95,3633841309088.838,1870.4047236662354,55221433844.10265,164800619938.54715,62188.25557184752
411,0.00020550000000000003,60257521298.504555,162910705268.78055,62159.81671687618,31503651840153.33,3681623857374.1846,1721.1511233942292,60281204307.60042,162911442646.8173,62123.237860264795
412,0.00020600000000000005,65246919982.90297,160869538651.22153,62129.242746637225,26223502739614.56,3726500963870.7793,1605.543435805352,65268901686.93655,160870363810.782,62028.49237853747
413,0.00020650000000000003,70166650803.37062,158676278135.22217,62104.117467260905,22172479835035.54,3772436822255.8745,1513.840774130937,70185490212.84389,158677867022.88443,61953.15108778369
414,0.00020700000000000002,75007838664.19894,156335265773.0617,62060.20075897626,18990341702683.32,3820307202271.4985,1438.3071159579035,75021434580.34592,156338908119.97006,61834.818335704
415,0.00020750000000000003,79759814807.32455,153852604406.70877,61969.14659041028,16428877613827.693,3868783856044.3164,1374.2096488359473,79771049070.83453,153857435611.39835,61770.76786883574
416,0.00020800000000000004,84427863114.84604,151227036382.6137,61902.58327275669,14323111775833.008,3916330965605.522,1318.826832554644,84443936002.9948,151229135271.5989,62002.25949760003
417,0.00020850000000000003,89019925538.2633,148454361315.22266,61925.44831497229,12560563974565.621,3962416947299.182,1270.3034691724301,89037396903.56096,148455120725.9983,62018.251290075896
418,0.00020900000000000004,93528593026.69798,145537926862.3943,61984.65832332155,11062487862546.432,4006958642335.05,1227.2513227600416,93548215648.46608,145536545524.97177,62081.779838998664
419,0.00020950000000000005,97947745995.31761,142480933129.78436,62054.90346565313,9775300920058.98,4049612153382.7104,1188.7306487837839,97967112608.56198,142478777102.60922,62178.79345603987
420,0.00021000000000000004,102272739699.89125,139286032336.33987,62130.28911095198,8660927917296.763,4090215851508.315,1154.0429984880082,102290721946.20717,139284004448.41153,62262.70426577069
421,0.00021050000000000005,106497258570.83994,135957375055.44382,62194.67294325816,7690413823666.359,4128766610656.1514,1122.6319162238547,106514538223.45316,135955034217.53346,62371.126100201815
422,0.00021100000000000003,110618066644.33072,132497240477.51198,62260.58289197272,6840957427113.549,4165265973231.973,1094.0665266748276,110635538208.78119,132493887879.11813,62179.59989668906
423,0.00021150000000000005,114623458786.28522,128915169409.17343,62267.511676432834,6093737805399.53,4199801747709.1016,1067.989438304006,114635623015.60286,128915896659.59885,62121.38730062627
424,0.00021200000000000006,118515074251.56517,125210499483.1954,62286.917625642156,5434184692007.872,4232290063185.202,1044.1534358539782,118525146523.51996,125212752076.70372,62390.23519121128
425,0.00021250000000000004,122291536702.02797,121384391290.33385,62333.791678607355,4849231439648.64,4262957248966.915,1022.2909058475993,122302834789.4814,121384973595.47977,62375.92132324786
426,0.00021300000000000003,125943465681.06416,117445891610.59552,62344.38132441665,4327914341606.0015,4291913761206.1987,1002.184668340147,125954383614.99576,117446501892.15306,62312.11811339675
427,0.00021350000000000004,129466534713.32854,113400300039.21028,62327.41518019639,3862050686008.555,4319093959168.928,983.6941982586649,129478242763.83391,113399725853.1908,62272.799276650745
428,0.00021400000000000002,132857073959.55072,109252684901.20734,62290.96880027512,3444784044568.1123,4344575544068.02,966.6767161359967,132866539887.7541,109254572183.6685,62115.547226236624
429,0.00021450000000000004,136103568916.65909,105018379150.13815,62153.398710441594,3070222039984.561,4368441863320.195,951.0019736735911,136109180556.68369,105025644853.84753,61905.14326043745
430,0.00021500000000000002,139213632132.12756,100690545787.38565,62072.20439694301,2734000534043.0684,4390624055569.1436,936.5925750068366,139221937033.01685,100694578333.84326,62033.362064960136
431,0.00021550000000000003,142184696604.59732,96273441617.91997,62017.02660028931,2431122441001.8584,4411408935425.769,923.3055032970459,142195077366.8335,96274449272.92125,61806.1130579502
432,0.00021600000000000005,145010008555.1951,91778031819.6951,61920.191359529614,2157643654805.9053,4430814570182.221,911.0550569892895,145018204747.16147,91782674196.2944,61774.316289740156
433,0.00021650000000000003,147693556134.7038,87200096541.7709,61879.91780225962,1910757862973.7107,4448798848528.271,899.7873722152822,147702472769.85663,87203700367.57507,61947.15512673712
434,0.00021700000000000004,150231700840.43344,82546099376.8109,61847.13360280109,1687502075951.061,4465527042441.179,889.4114060865136,150242724070.8549,82545956506.40285,61832.54509525333
435,0.00021750000000000006,152624447558.8692,77816753019.01303,61848.615787080555,1485637309318.116,4480992087296.091,879.8744155940245,152634785177.42044,77817623637.005,61823.67135080475
436,0.00021800000000000004,154869489339.41498,73016488661.9216,61864.601271173895,1303141089204.5989,4495256001850.423,871.1196492981161,154880435897.4594,73015650869.65141,61941.517158918905
437,0.00021850000000000003,156964278235.2083,68150694966.07344,61880.08644256695,1138376392386.459,4508336418832.129,863.1037837077052,156975170048.70068,68149309406.94061,61932.00491647413
438,0.00021900000000000006,158907439560.55487,63222701851.47101,61905.89067210733,989983034434.1431,4520250861230.512,855.7900492684194,158917803018.26147,63222130270.116554,61864.972104696775
439,0.00021950000000000005,160692966112.82767,58247856963.57299,61853.484056487265,856725336210.1407,4531035327523.799,849.1421792366407,160702993603.0692,58248341297.12878,61826.30800120663
440,0.00022000000000000003,162323478240.1559,53221811843.83267,61843.3380375685,737781236805.3785,4540652723840.897,843.1439780448986,162333077837.0103,53223358518.55598,61787.149961118135
441,0.00022050000000000005,163796986341.9276,48150742507.15536,61839.01358943245,632031870133.0247,4549204634796.109,837.7541679055449,163806232115.2778,48153432656.99399,61852.37889467971
442,0.00022100000000000003,165111582484.93073,43041974790.43723,61818.44632090151,538641076031.6277,4556687538042.625,832.9519285840256,165120475238.6334,43046351001.461815,61831.26313369707
443,0.00022150000000000002,166267457843.01868,37896392198.61282,61822.835107935,456954467939.57294,4563105541233.9,828.7197985867602,166278355539.26843,37892512557.97019,62026.62790780739
444,0.00022200000000000006,167266378292.0588,32705453458.428455,61938.22705887645,386328466073.68634,4568493349309.78,825.0355886972059,167276359820.656,32703861268.17544,61946.77498981326
445,0.00022250000000000004,168101615451.98865,27498104264.274334,61912.600095899026,326120463740.00836,4572890747381.669,821.8761322000543,168111279738.34622,27497903753.14464,61805.83268043294
446,0.00022300000000000003,168775390023.22113,22267582450.217293,61924.41612638529,276187046990.98047,4576215463579.648,819.2469714507392,168784791197.53418,22268811985.790432,62000.00588171399
447,0.00022350000000000007,169287321606.85638,17015514816.983036,61975.328645790236,236113574769.70346,4578535407602.074,817.1274996991771,169297162302.5463,17011191749.826984,62149.53478458441
448,0.00022400000000000005,169636405822.33392,11747651087.798788,62034.9750661726,205594218124.52264,4579849554933.782,815.508823304242,169645787177.7158,11745854348.055754,62098.13975972909
449,0.00022450000000000004,169821824660.6404,6471697336.156193,62077.887461599326,184448600011.32248,4580146569926.815,814.3870660317571,169831211836.08557,6466441270.951122,62147.976971979726
450,0.00022500000000000008,169843184895.3793,1199508824.4041436,62063.94517615804,172568092425.5153,4579421140621.11,813.7589647616124,169852417516.3381,1197791746.6434574,61908.03126884994
451,0.00022550000000000006,169701211996.34372,-4048070930.9993935,61911.142583087996,169880308597.16284,4577671418422.229,813.6220031327322,169710877818.46408,-4044420433.791869,61533.87952355143
452,0.00022600000000000005,169398574490.525,-9257721372.756502,61645.23910160509,176296978799.65228,4574907061495.466,813.9725404732623,169409298985.81677,-9247883604.26797,61339.93677391108
453,0.00022650000000000003,168937817537.6352,-14434510315.376356,61412.320861264016,191691505736.81732,4571150900797.529,814.8043140772086,168949308952.1681,-14425470086.55249,61257.46611977438
454,0.00022700000000000004,168320234986.65762,-19583166996.270477,61262.46950691094,216034977677.5101,4566402721469.462,816.1152107856215,168332276827.56284,-19575126014.867107,61170.60914369575
455,0.00022750000000000003,167547479077.48483,-24697291404.272007,61129.9930064924,249454000843.78857,4560641002580.725,817.9083832401294,167559112693.75104,-24696216956.062756,61095.93729031909
456,0.000228,166619240441.41205,-29785459920.617996,61103.7471466248,292115257068.33826,4553857363484.991,820.1859580116958,166630596558.0026,-29786480188.57868,61056.79498239481
457,0.00022850000000000005,165537306292.71478,-34836884059.411476,61070.377151681656,344373575025.82874,4546006325958.456,822.9592577045756,165549155772.20392,-34836133944.06978,61013.47985047826
458,0.00022900000000000004,164304319323.68768,-39841786236.067444,60994.87694108172,406523163284.8168,4537085920654.426,826.233693900097,164316274885.9776,-39841865374.670586,60932.825051619264
459,0.00022950000000000002,162919582378.63712,-44806770757.7725,60988.62435085595,478839601403.45135,4527094096016.818,830.0149332035829,162931463328.10892,-44807371099.36036,61079.88266573912
460,0.00023000000000000006,161384394328.68896,-49726525597.20632,61002.69611660107,561900015789.5503,4515961386765.523,834.3242572798838,161396251081.44858,-49727447357.226715,60922.579999047484
461,0.00023050000000000005,159703186739.3584,-54587015774.317,60950.810684642114,656302770520.3474,4503663927565.068,839.1772339909141,159716515333.9067,-54584190724.91703,60853.17817140253
462,0.00023100000000000003,157877683207.61057,-59386186402.9874,60891.29420653457,762497270081.5652,4490219356034.076,844.5805012809832,157892008496.7497,-59381636946.425766,60884.79322374317
463,0.00023150000000000007,155908026536.19095,-64125427161.17488,60873.020586751365,881163778540.8063,4475575381728.247,850.5550080080405,155921893286.7539,-64122848391.05678,60980.892811185055
464,0.00023200000000000006,153794223801.42242,-68804778591.45152,60905.127382747145,1013274381799.4631,4459656543142.367,857.1305830551602,153806680917.6412,-68805745133.31091,60947.33025120836
465,0.00023250000000000004,151540583134.02637,-73413937839.69595,60909.61152848311,1160000601264.56,4442392450090.025,864.339620411317,151553258320.325,-73414722984.63786,60972.32994361395
466,0.00023300000000000005,149149764088.02518,-77948200388.05255,60899.02386100018,1322357910835.905,4423783764734.627,872.2014518189568,149162308925.9334,-77949506989.3343,60850.34629050051
467,0.00023350000000000004,146627457070.184,-82397680766.95099,60834.88649130234,1501547229130.6006,4403774967257.709,880.7468185136833,146642131725.78983,-82395851414.20627,60581.71158515164
468,0.00023400000000000002,143979818472.77405,-86753697383.17735,60708.280653946415,1698756668204.4006,4382356758635.088,889.9995408785552,143997731899.4001,-86747643020.52058,60553.56873531033
469,0.0002345,141210254247.7475,-91013632943.859,60562.28339070938,1915277909941.585,4359509492808.1343,899.9850841367129,141227101814.962,-91010654051.86629,60494.62263834323
470,0.00023500000000000005,138314544444.7257,-95186344113.39964,60509.92832273634,2152836781754.927,4335149274687.727,910.7448463340925,138332543702.0566,-95182533024.19757,60409.258932849836
471,0.00023550000000000003,135299206598.84308,-99262495787.90189,60447.600622134836,2414188971483.4336,4309054196258.1846,922.3579191625175,135318452531.93716,-99257857130.84512,60360.09485236559
472,0.00023600000000000002,132172087214.73317,-103232819558.22058,60329.42194271929,2701792416635.7393,4281236751131.856,934.8624351798726,132193667577.92535,-103226413366.39407,60129.29055964254
473,0.00023650000000000006,128939346436.78773,-107091911514.1211,60164.8819404941,3018014866912.588,4251694661691.4697,948.2940618421217,128960244985.40344,-107087786879.55281,60001.33633839038
474,0.00023700000000000004,125593745194.7579,-110850886915.43585,60101.75140031884,3365628036704.29,4220356337347.308,962.705940462156,125617126574.5657,-110844948278.12032,60034.464803535935
475,0.00023750000000000003,122138049633.7932,-114506563193.3576,60082.86643999775,3749329540231.7363,4186866845787.678,978.2251846776938,122157940834.43134,-114505232636.40242,60235.936858281755
476,0.00023800000000000007,118572205962.91002,-118058942390.65437,60112.98942385264,4174205146669.6636,4151122147848.9854,994.9444812147268,118590208518.0203,-118060054339.17128,60214.82473158512
477,0.00023850000000000005,114899708122.67715,-121503971667.88898,60158.76716922514,4646250725770.336,4112929211728.855,1012.9773490525855,114914843877.16286,-121508158655.9158,60317.460257085484
478,0.00023900000000000004,111121757715.15982,-124840084575.0353,60228.189645059436,5172183312349.918,4072140883396.7783,1032.4398082978812,111136781648.1777,-124844408889.45358,60171.847303405724
479,0.00023950000000000005,107252578879.76906,-128054187203.29619,60213.48586057139,5760157420954.622,4028520767200.0146,1053.4783823625799,107271895999.5692,-128055302106.04727,60064.49861393568
480,0.00024000000000000003,103295443478.46907,-131144770670.81462,60168.264877430614,6418321865453.012,3982113373451.434,1076.186856438572,103321868415.10901,-131140961178.7732,59950.82152433093
481,0.00024050000000000002,99260643804.66106,-134104864233.27608,60060.51605942275,7157177820830.701,3932635008477.536,1100.7330648193035,99295899831.73512,-134095737949.27373,59853.03265065185
482,0.00024100000000000006,95152541740.00264,-136933144300.39961,59925.52944576948,7988952540068.538,3879949383831.996,1127.2781565138519,95183304149.1153,-136928775936.90771,59931.90554989361
483,0.00024150000000000004,90959498574.05803,-139639153160.28983,59894.85850376558,8929158559971.168,3823739328786.67,1156.0386152489464,90985812590.83932,-139638801036.9078,59954.716553459526
484,0.00024200000000000003,86684052652.16588,-142220664408.22128,59920.07004662676,10000326019357.17,3763200194126.752,1187.3915058301557,86706343537.05696,-142223432001.49734,60017.7779523942
485,0.00024250000000000007,82328620393.8607,-144675599815.80035,59979.76615219346,11230168399443.598,3697888247514.3066,1221.6981729724455,82354709949.70157,-144676648621.65753,59991.18966513771
486,0.00024300000000000005,77905641327.90927,-146996359013.27136,59999.243164679596,12653002822427.322,3627294344138.6885,1259.3651894675309,77935178275.88663,-146996206624.25928,59979.42393656002
487,0.00024350000000000004,73421127317.05908,-149180260854.8416,59987.31741025019,14309880096959.6,3551089369685.956,1300.802418015659,73455290628.38791,-149178723157.37643,59898.44797552498
488,0.00024400000000000002,68878690662.46196,-151226175721.9414,59963.60771245367,16253481680735.895,3468617087480.81,1346.5495188135567,68914547953.61182,-151224907893.36636,59915.20855449894
489,0.00024450000000000003,64277650438.57129,-153134878542.31256,59962.34019991843,18553874156800.855,3378964228425.47,1397.3152508319567,64313495082.751144,-153134707452.45102,59967.27785507635
490,0.00024500000000000005,59622611257.43808,-154904404879.7095,59970.05384888251,21307045612056.758,3280868872384.089,1454.0411671057482,59665216952.227005,-154902691287.0773,59850.486817903424
491,0.0002455,54920097295.5641,-156532312106.2314,59970.178920729355,24643862684946.438,3172990742683.9517,1517.8814404485463,54962144885.66159,-156532051112.7263,60094.789095447566
492,0.00024600000000000007,50166022412.36329,-158020198828.87924,60008.624747517286,28744925155884.168,3053743965624.7095,1590.2825747411523,50210208972.409164,-158020335513.28772,60023.78936472557
493,0.00024650000000000003,45374236044.95,-159363201873.2249,60020.90594237074,33871279002709.855,2920611399476.5645,1673.2838652260025,45423898924.83365,-159363059110.2316,60017.713975565515
494,0.00024700000000000004,40548022334.59393,-160560807752.543,60023.79647033873,40399300886526.96,2771091444632.939,1769.4584541694173,40599772530.36663,-160561601882.77835,59960.2575722114
495,0.00024750000000000005,35687886055.24755,-161613134213.56494,60038.437034808354,48894835687115.74,2601439197020.592,1882.4255943743854,35747291868.591415,-161613652789.62177,59926.866494973096
496,0.00024800000000000007,30803497861.60309,-162518018861.84372,60037.73269822199,60243024256111.875,2406322107366.119,2017.4792469127242,30874605186.88491,-162518074638.04666,59818.537777157704
497,0.0002485,25901077931.382957,-163274740309.7882,60021.218645188164,75873529161634.16,2178904036584.2222,2182.362424811264,25990181366.85098,-163274106291.29572,59696.8362678247
498,0.0002490000000000001,20982497661.016224,-163883559505.96036,60005.093603377274,98198303432427.02,1909701923697.6802,2388.9726454492347,21090492036.168526,-163883222124.98547,59711.20886796894
499,0.00024950000000000005,16056693173.565733,-164343714240.64737,59973.90406319263,131481187966422.5,1585863051300.9756,2656.39892237259,16177999785.109865,-164345441284.5487,59740.387092719255
500,0.00025000000000000006,11101219268.085121,-164657838206.64868,60020.33254263895,183532007386775.4,1193688327567.0583,3015.503631874143,11250505452.67786,-164660985970.098,59844.58477515228
501,0.00025050000000000007,6137017679.46088,-164822922919.25293,60065.42901909637,268707969895066.5,730705722801.6191,3514.1626681182593,6323980037.830631,-164828775203.27084,59672.69422815131
502,0.00025100000000000003,1168067628.7507625,-164838738621.89825,60112.97849456115,408828730465402.5,278000731232.5132,4195.88065936664,1411402297.4012733,-164849217858.40494,59478.63227324915
503,0.00025150000000000004,-3760870863.555912,-164705478485.85138,60069.04834284375,603120108983236.0,218515301274.56052,4929.121871976806,-3480004460.0107374,-164723728793.10657,59335.12032657138
504,0.000252,-8569619373.155617,-164429531188.7336,59802.46763186031,709907319231230.0,1232820432199.5264,5032.087973635202,-8359307197.588201,-164453541221.3391,59352.9312260893
505,0.00025250000000000007,-13272907405.082561,-164019761106.44162,59412.97572336503,568861097303671.1,2693921118095.222,4205.797313208485,-13234301118.259195,-164038292858.95566,59529.852915692645
506,0.000253,-18028128698.85686,-163469049120.04123,59222.214955229916,362117519296983.5,3354776317443.7974,3445.3633310568403,-18101758928.939095,-163477536034.9665,59446.186552513514
507,0.00025350000000000004,-22825474776.682213,-162772762553.34933,59179.065178935045,224751425789525.5,3436778322625.288,3085.6683123008384,-22939734280.637375,-162773705028.34204,59542.01414834047
508,0.00025400000000000005,-27645840152.89398,-161928404279.5237,59249.71048701601,147422662288792.4,3371990136695.5454,2920.205731731251,-27754635953.85865,-161926374019.1627,59521.42252817627
509,0.00025450000000000006,-32432632677.39773,-160942070193.29987,59307.974309197176,103586739914827.05,3336590626309.192,2777.620469135716,-32542492294.001392,-160936168655.1459,59508.01334486851
510,0.000255,-37204751637.62304,-159810179812.03064,59424.20567176179,77151327114774.36,3363226201115.044,2590.4454489603568,-37297869136.16022,-159804115459.08856,59696.68168598646
511,0.0002555000000000001,-41946686057.68975,-158534720735.5939,59552.18146917783,59804928891162.95,3428150734151.1104,2365.9023964258154,-42034472834.11322,-158526509986.6651,59894.717530810565
512,0.00025600000000000004,-46661506001.9768,-157114124734.6569,59714.52599528821,47539163368861.2,3497867889363.3193,2142.738859871172,-46730364649.08052,-157108023417.49112,59701.048506878506
513,0.00025650000000000005,-51310380386.83249,-155558943502.87064,59752.76430012907,38466864139489.445,3556532987834.927,1950.8394604797832,-51366781593.643295,-155554658582.33725,59665.35095170782
514,0.00025700000000000007,-55905832243.41675,-153867073119.5936,59769.452787134134,31635393016145.895,3603802109108.9565,1798.8658527143548,-55952175894.064354,-153864700461.1328,59805.18113178977
515,0.0002575,-60451727164.88312,-152037443520.41428,59808.337342019004,26434347339509.754,3647090746347.7627,1680.6958793516212,-60492167446.66186,-152035870839.30106,59725.066407632985
516,0.00025800000000000004,-64935671575.70756,-150074698680.65057,59820.755054576715,22413837043858.508,3691585812687.843,1586.4895968304845,-64963487082.67164,-150077255316.51855,59726.43066462303
517,0.00025850000000000005,-69352749983.52869,-147981499459.61172,59809.29020987252,19243204794387.55,3738026019753.4673,1508.5830602599985,-69374763257.5751,-147985999082.6772,59819.56480409775
518,0.00025900000000000006,-73701280538.01134,-145759227736.75937,59793.65549987801,16686738882662.826,3785271677193.7676,1442.233853644947,-73731390677.85806,-145759025328.2153,59937.096889263135
519,0.0002595,-77986202327.61234,-143405609707.90448,59826.806671957704,14581571858705.455,3832051479343.8076,1384.652976877181,-78017918881.83717,-143403521640.3582,59827.038282998205
520,0.0002600000000000001,-82186418947.79865,-140931751753.0327,59784.978719715225,12815426127952.549,3877731970902.6504,1334.003700521962,-82218005130.84222,-140928935749.55048,59747.645170815755
521,0.00026050000000000004,-86309626927.46335,-138334459593.68323,59767.96257882089,11315617153947.883,3921395612127.625,1289.1496170009748,-86339892120.68736,-138331557700.3139,59753.876606053294
522,0.00026100000000000006,-90350540531.805,-135617112742.27899,59754.60646288888,10028297561067.91,3963232638627.1235,1249.0492714897364,-90376985908.48996,-135615808793.14069,59717.98892895547
523,0.0002615,-94304131000.80176,-132783382968.8395,59732.452203678586,8913964915336.725,4003180269380.5747,1212.9278834179167,-94328986420.77403,-132782520985.0091,59771.86579754177
524,0.0002620000000000001,-98168705123.79662,-129834961214.05789,59717.13189950683,7942917464215.801,4041175318624.6875,1180.2120052683474,-98191199822.58063,-129835089963.3675,59590.04797109694
525,0.00026250000000000004,-101929808121.2912,-126783306922.55264,59620.059243245756,7091629924591.948,4077282504641.9346,1150.4351553987078,-101948421080.52524,-126786170539.2129,59485.234227979134
526,0.00026300000000000005,-105597354195.39384,-123622226994.1912,59577.493467360095,6342802960089.301,4111299147176.346,1123.2969510638163,-105619245748.18492,-123621940529.43645,59587.25676407817
527,0.00026350000000000006,-109164377955.67621,-120357766306.9407,59532.55019675555,5680065496032.041,4143631490376.914,1098.4209865787332,-109186015172.86513,-120357169022.81873,59445.313108315015
528,0.000264,-112635798072.77187,-116985970059.3312,59553.988724777715,5090754759696.318,4174228660511.817,1075.5690709005,-112653010381.02415,-116988871198.14426,59570.700800227474
529,0.00026450000000000003,-116000280631.50154,-113517247282.90388,59536.88688026396,4563804992247.153,4203287967147.731,1054.4988312970197,-116020965412.76476,-113516202342.52,59499.85096601844
530,0.00026500000000000004,-119257398814.41449,-109952852218.4192,59521.03427808329,4091483091317.38,4230655516133.15,1035.0785990141087,-119277377274.30109,-109951991995.91487,59508.285437410304
531,0.00026550000000000006,-122401249919.69226,-106299705832.0489,59473.662318973584,3666966700982.9927,4256459734874.181,1017.1485527613116,-122420996914.66498,-106298644081.00842,59412.75283323643
532,0.000266,-125431242499.5412,-102559593540.05716,59428.29967456524,3284739244847.707,4280710084592.822,1000.5880540693511,-125450886559.66225,-102558106263.91086,59347.44045532672
533,0.0002665000000000001,-128351727722.34732,-98727737165.62976,59457.05034843281,2939767636256.207,4303515603552.687,985.2736820106751,-128367190233.34167,-98730889073.24995,59413.772658525755
534,0.00026700000000000004,-131149625026.70404,-94820597072.44421,59404.06358791131,2627209837640.0933,4325046847174.0117,971.0751203502971,-131168397105.59827,-94819011531.33885,59411.898530663915
535,0.00026750000000000005,-133831064279.73517,-90831332638.22234,59407.369799988024,2344206056268.696,4345117291518.0996,957.9566312044325,-133848846361.79318,-90830581411.38728,59471.886295543976
536,0.00026800000000000006,-136393013002.29898,-86764017069.25662,59429.99888682498,2087341637116.36,4363958670437.8037,945.8075794157687,-136410351993.52295,-86763350849.35014,59468.43806025982
537,0.0002685000000000001,-138835936386.37238,-82617579434.7391,59499.6112440961,1853929387175.043,4381576191019.774,934.5619228076836,-138851868130.99713,-82618399776.14908,59572.24428203348
538,0.00026900000000000003,-141155045275.39133,-78398948415.60513,59559.91133663631,1641568289279.7966,4398033935264.8833,924.1539440298375,-141171333697.48227,-78398411498.45598,59599.68741654846
539,0.00026950000000000005,-143346295539.9929,-74115131362.67796,59588.52294975638,1448524278805.1836,4413304073632.25,914.5440954251217,-143362093566.33514,-74114958680.46835,59541.852157774956
540,0.00027000000000000006,-145406802991.4216,-69772183974.50006,59585.898791887994,1273363495018.5723,4427393968678.076,905.6947033703747,-145423334668.7817,-69769957601.35167,59620.29545958408
541,0.00027050000000000007,-147336811206.01556,-65370402741.01436,59600.3308694294,1114754804409.495,4440335061693.382,897.5673153967474,-147351842957.8335,-65370756546.02688,59505.63286359069
542,0.00027100000000000003,-149132924090.7691,-60917511603.34526,59590.96084881358,971301455438.6812,4452196891043.074,890.1176025988278,-149147040491.7008,-60919783551.02399,59550.2603828998
543,0.00027150000000000004,-150798130458.62817,-56406837883.4621,59657.98401158652,841946621410.0946,4462969074839.597,883.3207738171292,-150813547191.6394,-56404899763.05636,60008.676436002715
544,0.00027200000000000005,-152332192551.40598,-51836599765.986855,59800.035013787805,725465982367.6427,4472746690212.348,877.1326998537885,-152348811954.44373,-51829495207.58898,59957.08961424381
545,0.0002725,-153730106302.56372,-47217804051.65066,59914.21572327627,620895628533.9624,4481543898520.337,871.5250088290727,-153744363384.30954,-47216241932.7952,59889.49677054573
546,0.0002730000000000001,-154989644833.90353,-42556192798.1116,60003.579174376755,527727701475.557,4489307166957.728,866.4897881353269,-155003686343.1467,-42553948140.7943,60201.80355258538
547,0.00027350000000000003,-156107677707.15033,-37862340183.12736,60032.35603099107,445468281181.95575,4496052769550.894,862.0098643435008,-156121530350.3916,-37859661452.722565,59989.796893562416
548,0.00027400000000000005,-157084831554.39694,-33134766330.30727,60082.56279578421,373703994820.3627,4501777100843.68,858.073639808151,-157098956317.32208,-33129208433.51369,60303.95664996039
549,0.00027450000000000006,-157920017019.01935,-28377124291.027267,60145.42035738499,311891531667.2425,4506526399467.94,854.6607910083675,-157934025167.4252,-28370031405.227917,60208.79895350285
550,0.00027500000000000007,-158611784861.90518,-23595695162.66283,60197.301855186386,259611027796.3658,4510301165072.152,851.7601889473639,-158625017624.2553,-23591030139.789265,60161.70220625676
551,0.00027550000000000003,-159158214011.1728,-18803330447.016582,60178.56606726584,216562291765.429,4513096680912.013,849.3641779319504,-159170794103.2326,-18802924722.043465,60085.87097784554
552,0.0002760000000000001,-159559398352.3175,-14005608929.021137,60123.67763509956,182544871788.9538,4514904483442.836,847.4678212938209,-159571701377.25546,-14008797630.044752,59940.31508674488
553,0.00027650000000000005,-159815492110.87418,-9210328044.294083,60028.57349992476,157325841274.619,4515743153835.027,846.0618412648996,-159827938460.1821,-9215438177.084473,60060.76888519591
554,0.00027700000000000007,-159928053203.80997,-4405797806.394807,60042.68989534991,140705477572.99063,4515619784584.253,845.1395041162823,-159940794697.26056,-4404265384.61829,60130.925257687966
555,0.0002775000000000001,-159896448380.15326,405906623.484613,60115.702930919746,132500443982.87253,4514548893875.623,844.69282708809,-159908975497.23846,409227617.5595196,60247.472186193176
556,0.00027800000000000004,-159720116152.0171,5213654289.925933,60158.43673147196,132683547306.75867,4512507759201.146,844.7222540714287,-159732365930.9677,5218662774.701915,60110.76437299422
557,0.00027850000000000005,-159399072771.2484,10016888394.590643,60219.17704343848,141288763946.3488,4509483697168.925,845.2287615656755,-159411363309.1436,10016667066.220901,60220.751653236286
558,0.000279,-158933782734.38382,14804052922.577126,60230.8509669012,158386872111.4775,4505467952935.723,846.213900263296,-158945893347.84647,14806213638.143814,60282.10926157827
559,0.00027950000000000007,-158324506401.81723,19575748187.180897,60262.26066107981,184057114960.23462,4500456162623.384,847.6796838906705,-158336660613.6493,19576568275.707382,60269.122853246845
560,0.00028000000000000003,-157572769928.64426,24319282055.33136,60235.86424010443,218463239297.12,4494429265942.553,849.632150928907,-157584650827.11017,24322484832.847553,60255.80072126938
561,0.00028050000000000004,-156678456340.01428,29039258709.95403,60256.67530598022,261746876807.87057,4487389315523.204,852.0741978252216,-156690878684.65186,29039292592.380737,60146.27040568038
562,0.00028100000000000005,-155643753145.97827,33723181908.097366,60230.99685763133,314222484294.2203,4479296633834.739,855.0178503041517,-155656413501.01794,33722574219.72485,60351.01698217566
563,0.00028150000000000007,-154466375526.0023,38383523458.972725,60319.00345671138,376140410456.2344,4470156503009.299,858.4678416759665,-154478148613.68866,38385936063.31932,60441.443078231256
564,0.000282,-153148818876.40915,43006177987.06218,60373.98164016052,448100446588.323,4459881858090.547,862.448848732677,-153159503321.4291,43011976447.699394,60384.19578888158
565,0.0002825000000000001,-151693951712.58365,47581151526.849464,60370.14490098944,530525515627.9449,4448486421077.714,866.9686227773599,-151707728087.49057,47576959525.03377,60099.4924680106
566,0.00028300000000000005,-150107920280.97137,52091336441.481705,60238.196718689156,623811813707.3577,4435967477899.031,872.0363085370066,-150124202335.41376,52081494796.36214,60113.66354075661
567,0.00028350000000000006,-148391418721.85068,56540200715.03765,60113.089595665566,728201934611.3634,4422362874349.149,877.6525848651195,-148406961993.5931,56534118528.63343,60080.19211819294
568,0.00028400000000000007,-146541341797.2721,60938244344.165276,60106.16046117204,844372394572.0597,4407590416502.391,883.843143607166,-146554905977.9111,60937767554.81767,60213.417107831316
569,0.00028450000000000003,-144557138014.95297,65285404751.58274,60179.00245426911,973518802860.7284,4391518107426.2705,890.6511989296953,-144568235581.23254,65290419268.22215,60448.283584609984
570,0.00028500000000000004,-142438754468.39566,69579711141.40292,60302.334655417006,1116893462379.381,4374085489344.2896,898.11039311855,-142448887278.60297,69586022536.31374,60256.00388917371
571,0.00028550000000000005,-140198188896.2008,73795031236.29495,60263.17362531322,1275798909633.6025,4355231365268.1484,906.2559006881285,-140214032382.63275,73790649839.57857,59984.63209967477
572,0.00028600000000000007,-137841482572.81308,77923207783.84818,60116.984313325884,1450731892603.6218,4335102285553.395,915.0776772807006,-137858653365.79105,77917887680.79185,59965.84196418933
573,0.0002865,-135369302073.92224,81966758367.88422,59973.30034133659,1642474120047.802,4313666846243.222,924.5958501802047,-135388194212.61389,81959927559.88234,59815.178907733185
574,0.00028700000000000004,-132781689135.00626,85927771432.95766,59874.758581370166,1852561199301.3542,4290787444825.334,934.8611504938967,-132801222742.23865,85921241388.91675,59855.23585803865
575,0.00028750000000000005,-130075633877.31372,89811746455.85559,59870.97473275092,2083054025425.4502,4266343498488.921,945.9291634822802,-130095571547.48434,89805482989.44997,59961.78462254018
576,0.00028800000000000006,-127255698095.91626,93611473004.4037,59875.26521554286,2336644312338.372,4240162816388.473,957.8730477781045,-127273140524.26276,93609452123.47292,59947.283729920906
577,0.0002885,-124322632135.87468,97326025348.60191,59904.74174859211,2615805412134.887,4212232022667.617,970.7380156579377,-124339792399.17981,97324815302.7558,60103.76787399821
578,0.0002890000000000001,-121277243658.31847,100953990916.65913,59963.49682835277,2923476375482.3374,4182422231038.1367,984.5941389811761,-121293365809.36365,100954275259.36636,60069.46296131378
579,0.00028950000000000004,-118124481917.6625,104488817112.69801,60006.978541735625,3263163186433.4707,4150591047278.8657,999.5249212918428,-118140638556.12993,104489333731.87233,59929.836507844964
580,0.00029000000000000006,-114871747699.11148,107922233720.6481,59996.38274536986,3638593666498.7783,4116676933688.4243,1015.6021992372906,-114890943638.93295,107920004419.21121,59777.09832611309
581,0.00029050000000000007,-111528671771.21854,111245098394.03877,59900.383577047985,4053711298503.415,4080643077221.0986,1032.8928544238395,-111550860140.82883,111240789337.80513,59726.09878942867
582,0.000291,-108093346504.83064,114461264514.62447,59823.1440073081,4512730477759.3955,4042470595053.716,1051.461196292568,-108112387182.08293,114460929622.95137,59886.199976162134
583,0.00029150000000000004,-104554281200.58298,117582029725.2637,59890.49606667037,5021882590790.614,4001839318217.3774,1071.448870311942,-104573196925.53018,117582168574.73958,60006.07858252934
584,0.00029200000000000005,-100933455043.46411,120586475051.15076,59850.55949494965,5590581574563.255,3958202592048.2744,1093.0842797598966,-100947433104.56015,120591489497.99783,59874.80884707847
585,0.00029250000000000006,-97222200918.57213,123483240131.83044,59868.43016350694,6226481314057.994,3911878183001.395,1116.4157589948602,-97238670208.60748,123486488301.39326,59915.21222990063
586,0.000293,-93423318293.80164,126269605098.48434,59915.27796503175,6940933882517.096,3862307970617.7715,1141.6716616671997,-93444037980.67415,126269963805.78003,59827.568429188206
587,0.0002935000000000001,-89553542645.00366,128932981849.5667,59870.21030226728,7747705890569.297,3809182841149.8506,1169.084269120913,-89575673267.77591,128933149216.08536,59764.00877853666
588,0.00029400000000000004,-85603584238.22073,131481090814.44998,59882.02045128416,8661069535303.166,3752580044156.5337,1198.801177988364,-85629282230.01701,131479568614.4439,59850.865537294376
589,0.00029450000000000006,-81587447517.97855,133904558200.07016,59844.43280846409,9701634936178.398,3691751664289.689,1231.1760735579069,-81609286189.50606,133906274445.32211,59772.24690955057
590,0.00029500000000000007,-77498814849.03407,136208075577.93498,59854.37926353001,10893031791197.1,3626561834004.5557,1266.489570067696,-77529327528.79744,136205471572.63654,59707.05385594369
591,0.0002955000000000001,-73354900492.35037,138381726860.4418,59796.54856106244,12267490138741.305,3556220708181.8823,1305.200517079047,-73387726454.87607,138378999364.1452,59622.3525266868
592,0.00029600000000000004,-69156404553.25034,140426473452.9975,59727.27030799008,13862733572307.955,3480562137627.185,1347.6938147784056,-69184866487.36343,140427132045.77063,59672.93760167518
593,0.00029650000000000005,-64889529306.17315,142349697632.70358,59762.50820892591,15728447048731.318,3398822232225.1025,1394.5322159748534,-64922887353.76712,142348814341.20932,59874.94210600503
594,0.00029700000000000006,-60566424473.21567,144144774092.3571,59800.21922731005,17935733406470.727,3309491532857.011,1446.612760975512,-60599355394.80444,144144970622.76044,59904.89455945408
595,0.0002975000000000001,-56189134430.70859,145810676211.54767,59849.21200054704,20576611867720.37,3211769359807.678,1504.8387421341574,-56223444001.43028,145811156138.57263,59936.816395383445
596,0.00029800000000000003,-51766148071.76839,147343872511.32712,59878.629885407936,23775677691982.137,3104338819094.1025,1570.3678983052255,-51793762099.76143,147347595853.67374,60037.19272711369
597,0.00029850000000000005,-47289539836.321205,148747152422.5058,59959.576112154806,27703296815087.766,2985717048696.379,1644.6478813752885,-47316984648.50956,148751454779.44925,60106.42755556554
598,0.00029900000000000006,-42771427250.675835,150015689485.88223,60027.07309874423,32607283817578.26,2853257284119.805,1729.7981941176226,-42799419278.54196,150020363844.13947,60156.36898004079
599,0.0002995,-38217463141.04149,151147714012.61118,60078.921248200444,38845787837621.03,2704387144625.869,1828.502041006073,-38255067836.63597,151150554980.42517,59951.73183958585
600,0.0003000000000000001,-33633140831.69079,152141835922.97028,60115.23181896172,46954808227165.99,2535510876433.7817,1944.4534404956776,-33681635822.111507,152143227656.95132,60101.78807065339
601,0.00030050000000000004,-29024662454.197243,152996823076.87878,60133.52010660398,57765577424222.82,2341679642322.682,2082.9478257268047,-29075570218.442413,152999142834.69788,60167.30656342239
602,0.00030100000000000005,-24393340005.3096,153712689896.47424,60152.759092639586,72617174749498.95,2116139529633.1194,2251.8141211209063,-24446490459.197388,153716081313.57382,60220.90001699799
603,0.00030150000000000006,-19738833230.9031,154289437536.0148,60189.67345441339,93766104871602.44,1849359649425.6838,2463.1666616375646,-19800725855.08714,154293156961.83896,60074.551946642794
604,0.0003020000000000001,-15070203669.67646,154725541114.69217,60219.63823602426,125189058578985.39,1528640114342.057,2736.3665519078727,-15149058468.187597,154729285229.62775,60017.986517409576
605,0.00030250000000000003,-10393209975.458828,155020508985.10602,60240.010544599056,174127326081976.34,1140875245473.0735,3102.3940744047786,-10489730597.93474,155025396341.72186,60038.327709520156
606,0.0003030000000000001,-5708938329.382522,155174430052.24713,60264.065403118,253692366026711.8,686452853023.5247,3607.641904666897,-5826600356.131185,155181225155.18274,60094.1923553237
607,0.00030350000000000006,-1016993873.2296634,155187256344.3603,60305.2979233554,383546029597323.0,244880403996.4602,4292.664218862152,-1157528086.0362897,155197055202.48206,60302.24731570338
608,0.00030400000000000007,3641450028.851718,155058791844.3434,60267.187673936205,563027030942104.4,182543780249.12054,5025.628284538497,3518108811.452925,155072301197.96024,60246.17836769433
609,0.0003045000000000001,8217920613.137089,154793604098.4929,60076.06250821889,666021064251808.5,1157298020702.1907,5139.438731831124,8176778160.93136,154807286638.92758,60199.68178073398
610,0.00030500000000000004,12745644835.848093,154396036515.11194,59852.054188470196,540936224617621.9,2611671261957.8037,4310.650100338026,12818913166.340471,154402836108.62164,60079.23288429059
611,0.00030550000000000005,17349922041.629616,153857068407.80887,59852.42909789216,346625755070745.2,3305601147614.767,3518.9688639177557,17441730924.293457,153859567295.0271,60057.08092404976
612,0.000306,21961167104.741383,153177397657.58527,59910.965556967174,214682825770744.78,3407495995575.223,3137.4923939895907,22048218692.013107,153177375433.20847,60203.03558989366
613,0.0003065000000000001,26537831609.992947,152361135808.08197,59944.298358927954,139973689256394.0,3345098020704.7734,2967.508851966621,26632736899.869076,152356897972.38376,60314.192758635945
614,0.00030700000000000004,31120200971.250546,151401746138.53918,60075.88934183008,97791799064871.58,3302192050161.398,2831.911193654156,31205759910.55161,151395678719.89227,60448.89177635791
615,0.00030750000000000005,35675323785.269394,150303138751.8168,60218.74138370399,72573968400178.3,3322300517174.5806,2653.4740001639852,35747196486.07208,150296790941.78735,60506.2986164034
616,0.00030800000000000006,40180581824.34264,149070408736.15454,60293.905720994415,56213742488707.22,3384202715427.6963,2432.9382039183874,40253703944.05287,149061085219.83618,60575.62412307414
617,0.00030850000000000007,44674959042.89803,147693926072.49072,60482.54087599885,44749985535507.54,3453501218772.237,2207.9042866215223,44726249160.156044,147687985269.2016,60596.8673708423
618,0.00030900000000000003,49107395305.63126,146186686583.29172,60551.52516262499,36283784779175.62,3513420341070.3228,2010.3544693465894,49150503544.654274,146181586840.38812,60479.82518656978
619,0.0003095000000000001,53487251351.76923,144547295333.68738,60589.16586366268,29885777010009.848,3561365397927.1543,1852.1560837982497,53520083695.92571,144544482178.05463,60590.37882570575
620,0.00031000000000000005,57813099921.58597,142776719141.49506,60615.945123270074,24990715140497.004,3604064423667.6665,1729.019679573871,57838305047.24107,142775867738.37595,60588.15646812754
621,0.00031050000000000007,62082316755.683464,140876186656.89526,60641.79852616545,21193214721543.93,3647042601186.5303,1631.4396063820832,62103935616.71238,140875999444.73572,60735.186964358574
622,0.0003110000000000001,66290146618.01505,138847842813.11462,60662.211473714815,18190772280708.75,3692039760840.5015,1551.2066546026733,66312569531.22499,138846540105.87344,60698.45773365739
623,0.00031150000000000004,70438952548.96272,136690578603.57645,60715.421831557986,15765160633895.082,3738247149189.0063,1483.0587284238643,70461626690.48036,136688259656.64113,60888.86443188941
624,0.00031200000000000005,74519935460.42682,134408392089.61438,60760.530596911085,13763571995487.537,3784463474521.115,1423.898732952066,74546731845.59557,134402847490.52312,60859.976915960215
625,0.00031250000000000006,78531325888.38908,132002201302.9946,60813.46480133356,12083624762336.521,3829516822504.9795,1371.9118340426273,78550742231.80487,131999958050.24217,60726.82127871067
626,0.00031300000000000007,82462929231.5672,129477900850.70013,60828.15467404667,10654848969305.088,3872955339172.9683,1325.7987940825974,82478151878.94987,129477694389.8443,60760.93644208417
627,0.00031350000000000003,86311113580.38698,126838379772.13503,60818.23764768242,9428414943636.514,3914433719225.876,1284.6090368797668,86330004536.23253,126835192332.80988,60892.077348571154
628,0.00031400000000000004,90083311082.31429,124078951342.46826,60873.12073304598,8367818038709.067,3953936883943.2495,1247.5643965382721,90096810745.17363,124078821112.4428,60848.5300296067
629,0.00031450000000000006,93765601758.6962,121208931892.9478,60888.25357937949,7442978297320.159,3991764293228.9727,1213.9700286154996,93775576903.03603,121211014064.41843,60976.606639417216
630,0.00031500000000000007,97358373652.739,118228508674.38536,60909.67117243666,6632270976507.252,4027624852912.543,1183.4161521243693,97374658145.78119,118225038312.59317,61014.36677351998
631,0.0003155,100858218252.17548,115140461755.88496,60934.05085043646,5917871695936.94,4061642803121.926,1155.519103979871,100872383798.24652,115138156085.32349,60859.69189048848
632,0.0003160000000000001,104256817536.91109,111952189169.69019,60915.55893283178,5285311485837.269,4093878372875.7007,1129.9654001039503,104269973869.1593,111950346544.51389,60901.69153208072
633,0.00031650000000000005,107556808631.51982,108662005711.622,60923.739031379984,4723367859110.066,4124272466715.3726,1106.5297192211467,107569566622.47836,108660083755.28206,60926.71297879138
634,0.00031700000000000006,110758060001.53976,105269821541.53117,60974.59790426709,4221902352081.474,4153035016470.2617,1084.9650994537753,110772298281.02745,105265671052.45984,61152.81127424377
635,0.0003175000000000001,113857434698.68549,101778191744.34865,61049.21010729792,3772357123627.3945,4180269037926.0386,1065.0690355553638,113870536598.65858,101774428361.556,60936.77300085918
636,0.00031800000000000003,116840485349.70891,98202860251.14658,61017.52168638627,3367973598105.3374,4205985570047.385,1046.691646420719,116847290931.88284,98206078186.5668,60928.57149433282
637,0.00031850000000000004,119709939223.32272,94542301274.18326,60984.905870296134,3004349781947.926,4229994744900.5073,1029.7626678471322,119717624967.71724,94544415001.26285,60982.3377132089
638,0.00031900000000000006,122466485311.55495,90796188101.8354,60987.44775657553,2676724736153.159,4252525568556.6255,1014.1367079654523,122475444205.61256,90796436673.07275,60984.449384284184
639,0.00031950000000000007,125109499282.66109,86965122159.25934,61031.56944917575,2380670008646.5386,4273700912475.977,999.6883266958442,125122267581.69023,86959337731.2115,61198.134601508966
640,0.00032,127635094106.51372,83054004978.13448,61081.18583098573,2112471233948.9983,4293568611494.0557,986.3235081589593,127646704554.7596,83049154924.87257,61074.12739070779
641,0.0003205000000000001,130038001003.47444,79070696251.7377,61095.73667615084,1869309482303.5244,4312117127113.9155,973.975683335372,130049490793.92462,79065503778.18199,61039.68107107686
642,0.00032100000000000005,132315552676.6197,75020235147.21199,61084.36703462114,1649019900061.7559,4329334123701.2476,962.5907136918194,132323071278.72362,75021427397.71948,60987.981415581125
643,0.00032150000000000006,134464957464.20049,70908481491.88132,61045.37849219813,1449611481794.1753,4345269849301.169,952.1083639591183,134472230998.57262,70910139776.41525,60967.846919263415
644,0.0003220000000000001,136486484509.4768,66736161803.821075,61022.824910186486,1269296581415.8032,4359958986565.9834,942.4764431407723,136493553765.50096,66738175733.05213,61032.35576248025
645,0.0003225000000000001,138378311827.46042,62507524732.32632,61005.13932584802,1106306029591.0828,4373477122135.7285,933.6384286252279,138384734515.1983,62511028165.556076,61001.92201963423
646,0.00032300000000000004,140139676902.9554,58224844834.695366,61004.23730705793,959184076973.8595,4385842242191.839,925.5532250788772,140148472811.43918,58222717421.19031,61118.40445429365
647,0.00032350000000000006,141772088202.46457,53884393483.18615,61074.600015538774,826658197712.5513,4397089560640.348,918.1811216579603,141781169767.2283,53880730043.30652,61191.351184948304
648,0.00032400000000000007,143273073531.00662,49490576475.23709,61169.94792886927,707492307647.5182,4407284494928.462,911.4774816708585,143281227318.35767,49488390925.526855,61205.58170880384
649,0.0003245000000000001,144636742591.90372,45059019443.8748,61179.67700391014,600819653308.7476,4416410196627.949,905.4181866616025,144644999062.0453,45056034386.85049,61134.47138159947
650,0.00032500000000000004,145864279494.8139,40587766248.40085,61205.08272137239,506167213030.37744,4424411140850.67,899.9954923336119,145870883193.1753,40589834535.84276,61165.856043531916
651,0.00032550000000000005,146951489034.4346,36092140557.060555,61146.21774779486,422804235617.8901,4431366345550.92,895.1764793807798,146958080975.36063,36094932249.87659,61100.82324694589
652,0.00032600000000000006,147900627107.55722,31566970131.564884,61130.78073353933,350279903251.6025,4437239959656.167,890.9523195642219,147907676485.8404,31568297949.554207,61199.610801424846
653,0.0003265,148711474400.01755,27013173856.10461,61159.72161338155,287941063045.7045,4442103821761.256,887.2951727044605,148718904912.1647,27011981752.268948,61149.27475343728
654,0.0003270000000000001,149382730228.99365,22436425781.55492,61194.76916702884,235285140566.837,4445964082346.652,884.1889087070158,149389454100.67752,22438784841.637444,61332.8649188763
655,0.00032750000000000005,149913125929.01508,17844855840.833637,61201.21469332607,191985647438.57022,4448808925301.428,881.62458287022,149919902882.84418,17846706945.02512,61141.519089163994
656,0.00032800000000000006,150301843395.7843,13248561495.329218,61149.90549705394,157810552363.8927,4450634177735.443,879.5943279504952,150309139914.06476,13246229492.201378,61159.321763547276
657,0.00032850000000000007,150549930951.37305,8644366659.094172,61136.09222389299,132565172887.65082,4451442397149.451,878.0907478092462,150557038628.35947,8644768410.831833,61095.47985866378
658,0.0003290000000000001,150657300018.2631,4034182337.0771213,61156.34769993805,116023923707.00597,4451254885824.568,877.1033087296572,150664294117.98636,4036156491.9163747,61327.93966157945
659,0.00032950000000000004,150623617048.62936,-573263493.1306165,61154.60219112088,108061936283.90074,4450063173128.448,876.6282608758033,150630676041.5459,-573259367.5819619,61167.642009273855
660,0.0003300000000000001,150449387859.26395,-5163815530.443526,61065.0459878951,108634347869.71254,4447856708595.229,876.6644834627491,150456628700.09222,-5163743580.100351,60879.25559932401
661,0.00033050000000000006,150135766700.08243,-9739338127.943268,60989.83697850969,117701826884.35216,4444639671567.053,877.2092396134541,150143657748.585,-9730921470.18308,60747.181195887286
662,0.0003310000000000001,149684241781.06754,-14287959708.779129,60858.54318791885,135263298266.82927,4440412450407.607,878.261093986233,149692469281.65472,-14281863747.704578,60794.7134406198
663,0.00033150000000000003,149096032237.0037,-18810874211.81624,60747.66407046001,161335734919.7773,4435177864731.294,879.8190591577192,149103581951.30368,-18814053707.866417,60716.00151313996
664,0.00033200000000000005,148370359659.72592,-23319117784.093468,60767.127626368565,196028335476.67847,4428922751411.782,881.886181023438,148378034163.52805,-23320438491.047916,60741.50781691637
665,0.00033250000000000006,147506912074.78506,-27809978880.705185,60850.674468883735,239665821082.09995,4421595309917.879,884.4756795899365,147513578714.1652,-27815660769.488605,61076.7345394469
666,0.000333,146505539259.4643,-32280034228.956974,60966.722303729905,292624145868.45,4413165399001.487,887.5994135647818,146511682816.13113,-32286392846.703606,60991.76293991265
667,0.0003335000000000001,145368449413.82828,-36716059683.06077,61022.76584201557,355315691138.2,4403603928817.418,891.2705587338935,145375036835.1506,-36719429804.214935,61002.48188166973
668,0.00033400000000000004,144096969865.84494,-41113399410.471535,61050.43626569402,428048517717.4469,4392918775650.3613,895.4958817226641,144104065475.10355,-41114663540.20415,61032.36820270148
669,0.00033450000000000005,142691613423.45282,-45470667212.04692,61088.97480639111,511235768650.9733,4381081611976.453,900.2899648072458,142698819951.27313,-45471324872.733215,61063.12408621041
670,0.00033500000000000007,141155100123.18204,-49779042730.27338,61092.62247611722,605470371528.4954,4368043095931.363,905.6745247795805,141163281672.65094,-49776926850.7136,61052.018996345854
671,0.0003355000000000001,139489563252.11346,-54033597020.89559,61073.670528490205,711321843057.4863,4353796004543.4106,911.664073592696,139498361001.72568,-54030452264.00103,61114.70264663262
672,0.00033600000000000004,137695832020.03,-58233297330.74889,61069.11039380759,829467274295.1608,4338307314748.209,918.2784446863965,137704866609.54257,-58230240642.51714,61122.46161953392
673,0.0003365000000000001,135776766221.28589,-62371786179.69901,61049.18236468083,960808792299.8994,4321511876928.942,925.5471786335066,135785822728.64946,-62369294023.94181,60993.210977736046
674,0.00033700000000000006,133733574692.93063,-66447333413.767,61039.850647637955,1106269420034.1306,4303385212875.818,933.4940632829155,133742347883.78648,-66445979196.78276,61074.12361881516
675,0.00033750000000000007,131565119915.28738,-70462405318.73956,61088.62650053839,1267001848894.4995,4283858111396.4546,942.1536916718759,131573727728.38942,-70461375333.13489,61152.30961440359
676,0.0003380000000000001,129278168242.2884,-74403576037.81021,61078.70775167319,1444560109173.7124,4262811946904.411,951.5769080125903,129286105337.45253,-74403994911.662,61075.2536655025
677,0.00033850000000000004,126874776547.74623,-78268465693.46515,61053.179381450296,1640146964129.4824,4240292893035.0522,961.7821830769519,126882693207.7714,-78269200725.88261,61060.16668608842
678,0.00033900000000000005,124352470187.33128,-82061694438.94879,61092.78373852836,1855334410475.206,4216213545492.968,972.8136760126057,124362161265.23793,-82059740231.7197,61189.83391170759
679,0.00033950000000000007,121712732394.36685,-85780055034.17326,61165.64928422908,2092461328544.119,4190386161950.711,984.7478609928613,121721273991.7762,-85779869913.77654,61210.29426356831
680,0.0003400000000000001,118962949242.45383,-89412335744.88698,61184.551314045064,2354079803017.4917,4162724521892.0537,997.6487275288395,118971059568.4136,-89412882555.5496,61246.00469888966
681,0.00034050000000000004,116102384064.06174,-92960048365.13773,61223.81281059985,2642484048692.2837,4133254696118.92,1011.5542293947515,116109138604.2024,-92962438543.29755,61280.64481019003
682,0.00034100000000000005,113131948994.77669,-96421622237.97214,61290.02712683184,2960878868345.806,4101778881872.1045,1026.5532182712898,113136231060.13315,-96426806314.95992,61516.23308256836
683,0.00034150000000000006,110053016022.82344,-99794686730.74745,61379.608142114004,3313156133050.369,4068136043956.1226,1042.7431139465352,110054995202.46683,-99802086248.42393,61576.01053424383
684,0.0003420000000000001,106862385086.59018,-103081684932.99812,61538.68728898597,3703890881779.5063,4032171191001.0327,1060.227921310915,106864216919.3314,-103088557222.93277,61644.93264239859
685,0.00034250000000000003,103573045488.59607,-106267393544.80089,61618.53555470598,4139013603481.2334,3993596462103.084,1079.1539346650736,103576776591.77193,-106271987876.85667,61580.46175072352
686,0.0003430000000000001,100193500136.8604,-109343936209.7722,61611.725567091176,4623902831842.418,3952508031468.815,1099.5912861711322,100199448790.30513,-109346451511.3463,61671.602655705894
687,0.00034350000000000006,96720501969.40622,-112315290489.17706,61629.748709275846,5164596681190.651,3908832535804.8823,1121.6368504966829,96726078368.37367,-112318233588.0865,61558.98185302003
688,0.00034400000000000007,93158625792.74286,-115177364466.65175,61647.17133310804,5769897404194.34,3862137692685.9307,1145.4932127828802,93168257535.83176,-115177087055.19337,61551.955675423014
689,0.0003445000000000001,89514947239.74332,-117924593563.1554,61633.16133195858,6450341075372.386,3812199836634.3066,1171.3516098213347,89528430533.78046,-117921756032.72849,61469.13604737336
690,0.00034500000000000004,85801590774.74266,-120548619209.74509,61535.85359241472,7218120922804.557,3758850299661.011,1199.3988744555604,85821546981.37822,-120541915554.77837,61254.80339869577
691,0.00034550000000000005,82024408902.80016,-123047205528.0754,61386.64542653828,8086858182296.367,3702012819484.741,1229.8101003719246,82047019961.39076,-123039927769.43263,61105.8880469587
692,0.00034600000000000006,78176542313.62955,-125426695845.14343,61297.34556545765,9073579870759.627,3641371409704.3447,1262.834474745458,78204653472.53897,-125417088444.81181,61101.7954544614
693,0.0003465000000000001,74274589734.44804,-127677331444.72081,61144.9361692231,10202317616320.607,3576152127373.266,1298.8898510613014,74299770759.39247,-127670884646.50916,60978.51464533965
694,0.00034700000000000003,70311516304.37755,-129805084058.11218,61041.33766316877,11500464647606.158,3506278882222.82,1338.2893226943174,70334946298.80139,-129800782239.2515,60916.81706762429
695,0.0003475000000000001,66291678047.408485,-131808123058.9927,60959.96410505909,13005525131625.355,3430864125219.7764,1381.5664829313466,66316687641.24267,-131804009881.54099,60885.30225703599
696,0.00034800000000000006,62210438598.25618,-133689233303.01897,60945.778913338814,14765747589129.963,3349212997378.7363,1429.327789904783,62238425487.64464,-133684625837.99815,60846.98945973134
697,0.00034850000000000007,58082717525.62449,-135441237223.72864,60897.41426612667,16846442626627.285,3260205538568.7256,1482.3884024947936,58108176446.11467,-135438790714.586,60859.61394040316
698,0.000349,53904829630.79736,-137066529862.50296,60877.25097252093,19330381933466.94,3163230299166.9014,1541.5736278555812,53930939907.576256,-137064658911.6996,60851.397147792035
699,0.0003495000000000001,49686742703.606316,-138561307919.18243,60837.88849966127,22331750627152.312,3056789652163.1724,1608.070931686987,49710201353.93174,-138561351171.43616,60763.25011947221
700,0.00035000000000000005,45421881302.94604,-139928472754.31357,60846.19023836853,26006113940129.63,2939491061308.5903,1683.3208869602438,45446853819.79159,-139928733634.6683,60939.85894206142
701,0.00035050000000000006,41118659023.92704,-141164899229.72833,60857.45137085465,30578351037568.16,2808861203814.8022,1769.3951929961017,41140080774.46751,-141166928689.32315,60902.834751945855
702,0.0003510000000000001,36786455843.91808,-142267990921.95016,60843.644966704625,36373482662860.06,2662323429210.9287,1868.9630376454068,36803294240.198166,-142271838119.70032,60956.668542808955
703,0.0003515000000000001,32421687633.96649,-143239176225.391,60851.77718781771,43872684521111.125,2496646472708.5605,1985.5931885384946,32435407832.081757,-143244176671.10675,61000.00449424782
704,0.00035200000000000005,28024945812.97492,-144078080168.94183,60888.07119494873,53823418930354.74,2306749341614.197,2124.5533100695275,28040689085.59891,-144082946144.35358,60841.93566775625
705,0.00035250000000000006,23594910670.210022,-144784363574.48773,60963.42533586291,67429621752766.51,2085775770246.3396,2293.675192850213,23627322045.046547,-144786632430.62775,60930.62077494855
706,0.00035300000000000007,19147772447.763943,-145354525424.96387,61013.39054928593,86713856734732.95,1824284733615.4927,2504.998753985982,19192087906.731777,-145356042819.6677,60931.26834055598
707,0.00035350000000000003,14688663338.630234,-145788094520.89578,61043.73467491403,115192514167747.1,1511023409258.5076,2777.115828524093,14746636690.921824,-145789482104.7546,61041.00046162658
708,0.0003540000000000001,10219149231.650284,-146085153716.44208,61070.66728362228,159209545327939.06,1133551143931.707,3139.6601007156946,10280696938.65783,-146087958619.67325,61116.280769074794
709,0.00035450000000000005,5741822952.73458,-146245521319.93988,61100.38505236165,230200529011475.75,690710903453.5995,3637.1931848805452,5816787575.613466,-146249470024.52823,60957.65884610422
710,0.00035500000000000006,1264343250.7983003,-146268819617.25104,61121.78699221773,345648847872018.7,250333253329.6541,4311.402577519877,1353443368.9728217,-146274766389.60333,60992.30008129631
711,0.0003555000000000001,-3199099310.4402113,-146155277354.48566,61111.783425346955,508758201211097.94,135141911988.8308,5056.2948880308095,-3109862169.728937,-146163886444.66876,61158.21052398227
712,0.0003560000000000001,-7620662386.71791,-145907029158.37637,61025.91236568134,618831995090309.0,991233495905.9432,5257.913187296702,-7574495300.949981,-145916493260.48825,61166.605911223305
713,0.00035650000000000005,-11984878867.689367,-145528322824.27557,60861.51517133332,522172397501557.3,2454684834219.075,4475.371396792477,-12020963542.60609,-145533438372.2266,61034.79169410967
714,0.0003570000000000001,-16401428151.37494,-145012565288.66644,60869.16207191869,340186561211343.94,3237774784800.0107,3630.123537235799,-16455770436.89087,-145014488940.67593,61329.551178523114
715,0.00035750000000000007,-20814283966.971302,-144360795075.58707,60911.85893175517,210517331156496.47,3381377524010.5684,3204.695392877782,-20881616045.026268,-144358862823.18277,61382.11034485069
716,0.0003580000000000001,-25228665119.01701,-143570749570.46463,61016.04944635716,136293359439407.81,3323811776490.22,3022.405134958034,-25283671247.8596,-143568203380.49463,61372.9841192633
717,0.00035850000000000004,-29605722463.60255,-142647387330.72537,61092.84489905687,94439431103631.16,3273049650607.1494,2892.7411701786236,-29653911631.60276,-142644054353.54852,61243.97365357251
718,0.00035900000000000005,-33939350813.59827,-141592975655.42712,61128.155201310256,69671408020534.81,3282374832656.9727,2726.0610109132267,-33989139533.44317,-141587493880.06912,61329.38820430022
719,0.00035950000000000006,-38249264900.149796,-140403722707.54553,61209.96542431458,53846672524245.086,3337514330028.918,2512.981346105468,-38288722795.48831,-140399122082.53204,61175.43427736266
720,0.00036,-42515461485.803535,-139084102056.98303,61262.826374179116,42873095437825.38,3406524335316.4307,2286.6209897311146,-42540534990.05721,-139082419966.0071,61097.59561829739
721,0.0003605000000000001,-46723280921.21064,-137639243776.92413,61239.21757619039,34806817101000.445,3467287122903.8335,2082.396970311731,-46741411144.05346,-137639272512.3784,61068.65577910834
722,0.00036100000000000005,-50878774484.58363,-136068619595.58936,61203.69437502577,28704041280508.117,3515556267704.2007,1916.3139087604197,-50888736312.91815,-136071330732.40422,61014.00759107203
723,0.00036150000000000006,-54984345357.622765,-134371821451.18405,61191.63235475865,24018540768621.22,3557309229034.145,1786.5959464004934,-54992847887.38803,-134374876565.90953,61201.712315581
724,0.00036200000000000007,-59039782436.4728,-132548770046.0344,61216.729322912135,20370693967747.08,3598630042023.4146,1684.2916161210117,-59049481223.48639,-132550962788.11624,61390.591475731926
725,0.0003625000000000001,-63038970821.908516,-130601709899.73836,61255.23792762019,17478537499741.42,3642025422552.6113,1600.7439992779375,-63050726609.05932,-130602494672.09518,61286.04311322499
726,0.00036300000000000004,-66970475442.90707,-128536047205.39864,61256.308581193836,15137898146983.457,3687008478290.3027,1530.1175055986862,-66979290415.03974,-128537954244.57164,61203.245365229624
727,0.0003635000000000001,-70832969167.32492,-126353118791.8143,61246.16120246819,13207745660585.252,3731997712232.553,1469.0641924248614,-70848056627.5944,-126351271142.05763,61434.479484457144
728,0.00036400000000000007,-74630351585.96245,-124051007740.58165,61278.23925379187,11590245888390.156,3776011094751.3066,1415.5322779500354,-74643334498.95132,-124049781964.03494,61249.47642862323
729,0.0003645000000000001,-78348886998.77995,-121637612200.26357,61266.89710593387,10215623027802.842,3818720076287.8037,1368.059038623836,-78363834489.61281,-121634712391.4379,61278.72258766397
730,0.0003650000000000001,-81992322663.28622,-119111196254.23846,61279.619495406216,9036193138946.781,3859568179699.1978,1325.680127820156,-82003285279.7348,-119110464242.52263,61128.46821679794
731,0.00036550000000000005,-85551548916.68436,-116477970199.11667,61263.65467957351,8015422954670.489,3898665749681.4624,1287.5517494405594,-85557065624.22523,-116480937639.15363,61174.05929196519
732,0.00036600000000000006,-89021715839.66516,-113742212378.9729,61216.382108389895,7126324352941.301,3935848943955.3467,1253.0729632230061,-89028917626.07072,-113743926088.54858,61177.43032535772
733,0.0003665,-92402465907.87982,-110905107904.68594,61171.72117668477,6347819250735.49,3971098184245.738,1221.7661600962072,-92416946754.23352,-110900719267.41917,61304.212563393135
734,0.0003670000000000001,-95706077508.28833,-107956618078.09962,61261.44163532234,5662395968075.504,4004544850497.557,1193.2128750990034,-95718405118.38094,-107953343965.51198,61341.60542164615
735,0.00036750000000000004,-98914811324.10782,-104910730088.45804,61300.070184560194,5054009620144.22,4036586486842.276,1166.9854560577548,-98926478360.63104,-104907496414.71347,61303.75476148568
736,0.00036800000000000005,-102030394716.47351,-101766174618.90257,61354.49426643053,4512303189865.145,4066822686269.23,1142.9128251094776,-102038726861.97076,-101765585250.85548,61439.53161225645
737,0.00036850000000000007,-105045193179.53133,-98530297104.19456,61372.314096365444,4028251466550.1704,4095411206970.2026,1120.7678707277703,-105055290475.61037,-98527397126.10933,61286.26936734362
738,0.0003690000000000001,-107951929712.37488,-95211503900.95963,61321.92099745635,3594804346178.6245,4122323708951.3477,1100.3812091214193,-107958465971.76767,-95212410142.47328,61172.92536752639
739,0.00036950000000000004,-110752711673.32475,-91808816588.37138,61281.87424713047,3206232470670.8354,4147544618882.0986,1081.6167656891657,-110760117690.6156,-91808710098.61147,61359.703622831425
740,0.0003700000000000001,-113452510174.11848,-88316528445.54485,61332.1894036203,2856853899820.5107,4171271888039.1885,1064.3066238261476,-113459414026.40767,-88316677861.18776,61362.96196397087
741,0.00037050000000000006,-116040611270.66911,-84747350192.90602,61335.28350109674,2541236294980.624,4193700788995.335,1048.2870394305362,-116049554976.78882,-84744501916.64323,61457.4573519398
742,0.0003710000000000001,-118521665218.27441,-81095470394.4042,61401.69549880636,2255967093426.512,4214652551444.1836,1033.5010614296027,-118532108552.49403,-81089880331.1378,61577.9086711233
743,0.0003715000000000001,-120894261525.12836,-77361626247.23114,61519.210920197846,1997483957875.5754,4234322037254.0376,1019.829132061127,-120902822945.93143,-77357873711.23654,61689.59004908897
744,0.00037200000000000004,-123151511195.54701,-73555006979.85588,61605.646875262464,1762875412671.2778,4252746453775.5337,1007.1834218115912,-123158969641.49443,-73552175567.94461,61577.16382588108
745,0.00037250000000000006,-125289795062.08545,-69681388851.66328,61657.508983079424,1550160453891.733,4269848453306.594,995.5198320443806,-125297023464.64372,-69678323820.7716,61797.7307926367
746,0.00037300000000000007,-127310445743.11272,-65738305777.96054,61747.68260023062,1357585145535.414,4285654295551.088,984.7849723317323,-127316860181.49448,-65735939492.66494,61849.79830716284
747,0.0003735000000000001,-129209499440.49185,-61732062141.22147,61830.38195182547,1183217536331.9888,4300279247850.975,974.9066737566475,-129216888513.7636,-61726975177.91518,61967.5847760854
748,0.00037400000000000004,-130983159170.98059,-57669985418.03611,61878.18775858098,1025589378885.1211,4313703231910.088,965.8460689393289,-130988409095.17188,-57668929492.83417,61746.56870745875
749,0.0003745000000000001,-132628034624.82664,-53560135241.43705,61874.805968608096,883527158053.2352,4325920537650.171,957.5715882843302,-132631009284.282,-53564548986.187294,61742.64680638618
750,0.00037500000000000006,-134143156732.92903,-49406282590.596306,61851.81172417915,756018135206.8004,4336943260300.0435,950.0521497394233,-134144472736.6274,-49415516668.38356,61823.41794318873
751,0.0003755000000000001,-135525724801.2519,-45217532441.2508,61777.85681529072,642031321770.0969,4346820928193.795,943.2506872919764,-135530484581.00117,-45217761293.144806,61880.24030844433
752,0.00037600000000000003,-136780425272.54663,-40982164003.139496,61817.24789031991,540737504866.05396,4355553531465.545,937.14303912952,-136786118555.78754,-40978816420.913574,61883.91512581092
753,0.0003765000000000001,-137904100507.222,-36708195280.649925,61870.01582620029,451023120029.70154,4363263322152.6436,931.6793987638837,-137908595322.29745,-36708354068.43365,61793.73028113631
754,0.00037700000000000006,-138891787219.6953,-32414073826.096092,61807.47445125883,372257661730.02893,4369901717913.9,926.8458522537061,-138896441026.72275,-32413911339.704525,61752.50361936544
755,0.00037750000000000007,-139747055165.86868,-28089177461.113594,61821.50803838847,304141973892.20026,4375414953509.363,922.6395071595969,-139751958960.08096,-28087549137.840588,61894.30764574332
756,0.0003780000000000001,-140468944472.53012,-23736255189.12696,61878.678689541994,246031924567.27658,4379908197542.344,919.0242025489036,-140473804095.0664,-23734232821.078556,61928.6297868647
757,0.0003785000000000001,-141055337927.20847,-19365580358.86868,61902.45708448365,197486784381.99957,4383370582076.3203,915.9855723661713,-141060230692.65762,-19362178894.47836,61946.1453644477
758,0.00037900000000000005,-141506210268.45105,-14978599873.065205,61935.29940785744,158256801771.22244,4385775916710.255,913.5186876747345,-141510468846.06927,-14978964599.734884,61971.67295234715
759,0.00037950000000000006,-141820536320.94986,-10584746025.169819,61928.439826998874,128083424237.77953,4387141547613.2466,911.6116811654111,-141824924660.6092,-10583979793.970984,61892.106130096414
760,0.0003800000000000001,-141998242681.9072,-6191654915.72463,61877.02174990428,106793808171.14914,4387460194325.9297,910.2586419794727,-142002542136.25522,-6194097960.326776,61672.27622068468
761,0.00038050000000000003,-142039863391.73825,-1805250149.1932716,61793.217607965445,94234816046.761,4386736881607.5195,909.4533632548715,-142044348133.75717,-1812311747.1749866,61602.473268399044
762,0.0003810000000000001,-141946256692.54773,2567496904.020723,61673.03037939834,90274429705.20135,4384979022794.168,909.1899179533007,-141951099354.6786,2562246974.558766,61626.186532450774
763,0.00038150000000000006,-141718188162.35645,6937331347.543293,61661.48045867145,94817057702.97713,4382191174807.5386,909.4637590483151,-141723134776.3045,6934522622.727077,61711.252274558945
764,0.00038200000000000007,-141355796985.34674,11295028847.02947,61652.35837880295,107867226348.89279,4378362460710.5957,910.2743743219489,-141360654657.2756,11294619685.943775,61598.471572001305
765,0.0003825000000000001,-140859543047.9904,15637366325.371595,61651.72670020955,129506944897.19772,4373476544125.8877,911.6242808499945,-140864328264.94702,15637690156.970886,61753.824225277305
766,0.0003830000000000001,-140229403815.07764,19965053319.72961,61694.88393289503,159868656712.19363,4367520309070.211,913.5170122359921,-140234125379.54553,19965159513.147778,61565.240902919264
767,0.00038350000000000005,-139468733401.37045,24253912187.222603,61588.13299627923,199180590011.86795,4360466214597.9565,915.9609872397427,-139475753792.69705,24241864389.725685,61286.050605242905
768,0.0003840000000000001,-138580468712.96637,28497413425.45372,61396.680813380575,247490129352.76974,4352353932083.995,918.9516036667894,-138587560367.89053,28488988437.05923,61311.36577816652
769,0.0003845000000000001,-137564536811.45682,32704491914.521255,61276.51968034618,304894358986.72266,4343187095577.786,922.4902439083831,-137571738293.0298,32697851728.457996,61156.91349802952
770,0.0003850000000000001,-136421634856.51111,36874351089.15492,61211.35075856843,371803168344.47595,4332899160735.6846,926.5959563138439,-136427909296.1557,36872527457.71659,61232.75302296787
771,0.00038550000000000005,-135151047814.24031,41010286734.41733,61229.763793571794,448723481495.47906,4321454248257.7637,931.2853303228703,-135155573697.08047,41014501646.06039,61362.922507519244
772,0.00038600000000000006,-133752080706.7065,45112842509.936165,61321.8722835381,536331617028.41437,4308789766649.7617,936.5822544521122,-133754836312.87566,45121245496.038414,61429.61565952366
773,0.00038650000000000007,-132226885776.8111,49173133944.04594,61403.536273537364,635409026493.7144,4294846158865.5796,942.5138700454097,-132230412988.87206,49178353201.859085,61452.57612854341
774,0.00038700000000000003,-130577267941.19531,53185499739.62533,61465.85296384335,746623836809.2654,4279618546280.8984,949.097567905918,-130582054438.72987,53186971872.81815,61411.14926277537
775,0.0003875000000000001,-128809661736.16412,57134278532.06156,61416.23602542474,870710859900.2953,4263074561458.336,956.3566340246489,-128815266277.38615,57134319534.34816,61379.781006429905
776,0.00038800000000000005,-126923144123.40712,61024129514.13974,61389.56428187059,1008182224384.4731,4245262883944.315,964.2974897170424,-126930078543.21594,61021647700.88286,61273.71219900558
777,0.00038850000000000006,-124918026414.46518,64854752615.400505,61401.9462029996,1160147981002.7322,4226052285058.733,972.965541303744,-124925387381.76724,64851811959.66001,61521.15652944325
778,0.0003890000000000001,-122793804954.51631,68626639626.75055,61468.7170119366,1328001628339.6155,4205353563526.4766,982.4070263331705,-122797447943.237,68630367652.869774,61663.01361281049
779,0.0003895000000000001,-120550389620.77545,72338613096.76953,61583.401904528946,1513424673990.813,4183065379518.9863,992.6740959291908,-120550565155.47873,72347478560.59618,61836.16033850677
780,0.00039000000000000005,-118186228068.7895,75991379323.38551,61762.13788660816,1718321236222.8152,4159089930888.6113,1003.8232591056355,-118187376194.0724,75997559567.22345,61798.54511015372
781,0.0003905000000000001,-115715920355.96614,79560228180.47058,61777.82877320223,1944995283155.341,4133286654677.3486,1015.9265362161369,-115719781192.51183,79562145775.06914,61697.80728662655
782,0.00039100000000000007,-113135545362.6342,83052534260.75644,61817.855592265645,2194674851308.5933,4105867152281.7583,1028.9774579652183,-113142363139.17215,83050273910.64935,61807.12208950829
783,0.0003915000000000001,-110455992368.61789,86453367969.73993,61759.00825700758,2469966788936.3555,4076551867220.9766,1043.0706618953936,-110458939968.33556,86456630289.51611,61892.804091491766
784,0.0003920000000000001,-107664677334.81229,89780195717.56145,61850.16127488204,2773091975859.9224,4045419819356.3403,1058.24130199514,-107670279302.06956,89779884393.66249,61878.56554014163
785,0.00039250000000000005,-104777303885.63481,93012389339.26628,61846.0518343045,3108655581002.022,4011971687997.095,1074.6556003518613,-104782659142.15236,93012607209.93669,61775.127552156286
786,0.00039300000000000007,-101790205702.21016,96155141656.0146,61875.99510033902,3480013423205.7095,3976426235303.0854,1092.3432584286902,-101799967525.09526,96150810312.71861,61776.837539896405
787,0.0003935,-98718179757.4917,99192750123.52275,61793.88791575554,3892120279278.491,3938472303744.8403,1111.4347218101848,-98725709949.46577,99191293227.4008,61786.8628810247
788,0.0003940000000000001,-95550137075.7844,102137972047.32318,61811.3292771813,4349304762046.506,3898241700055.4697,1131.982859011497,-95555820938.82367,102138419399.38022,61988.26250655357
789,0.00039450000000000005,-92287120744.76715,104988862660.77989,61890.401239461055,4859092613580.771,3855156971167.4556,1154.2054767563502,-92290245249.08456,104991455885.85843,62103.766592829495
790,0.00039500000000000006,-88934977039.4128,107739267442.53935,61968.622632275976,5430434738303.508,3808957294894.537,1178.29983802592,-88933786103.00728,107745201220.47618,62063.88983819893
791,0.00039550000000000007,-85496669005.27838,110386284691.30562,62046.6182968838,6073209553726.2,3759519202840.247,1204.4345857120281,-85499692128.85367,110388490715.54358,62089.82825125019
792,0.0003960000000000001,-81980388489.56363,112923234270.84976,62080.8639657548,6799266021402.917,3706570945566.2964,1232.8230493479332,-81980275566.92982,112927655695.84967,62247.52485132857
793,0.00039650000000000004,-78383295464.66206,115352400067.78917,62145.765530749864,7622303788784.509,3649932454800.742,1263.6835843048154,-78382638929.19226,115356921565.9226,62260.45211271061
794,0.0003970000000000001,-74710461050.7416,117669738205.6329,62211.08172387127,8560712215683.336,3589031601747.988,1297.3598445893058,-74712669192.22945,117672187620.265,62282.23197237501
795,0.00039750000000000007,-70960983454.67265,119875404748.91724,62309.11801018313,9637207816642.703,3523469423908.8364,1334.2153585884264,-70961887736.81485,119878336293.70013,62616.39354572932
796,0.0003980000000000001,-67136393531.32464,121967541502.29916,62436.374001176984,10881397917078.184,3452594690345.2427,1374.721309473669,-67133350441.46801,121972191069.45435,62781.014743770065
797,0.0003985000000000001,-63246335726.155426,123939846269.30891,62534.1658380377,12331491417421.918,3375708007982.656,1419.4422256115583,-63234250147.750435,123948540380.79558,62893.45341733337
798,0.00039900000000000005,-59286071781.30016,125794330997.55571,62672.731619433434,14035221653544.307,3292280331023.7646,1468.9781614660676,-59275906122.294014,125801215849.65535,62794.904899874964
799,0.00039950000000000006,-55276472512.34614,127520140135.5272,62720.493108926574,16057852115230.582,3201095433446.432,1524.2050680774828,-55265286210.43404,127526915231.28033,62852.60332318931
800,0.0004000000000000001,-51210297484.89426,129121053573.80664,62789.240137583125,18481474783545.35,3101655422141.3413,1585.9774911699244,-51198151314.54957,129127535166.61664,62911.59998298297
801,0.0004005000000000001,-47094622192.91576,130593738963.87807,62850.197815448664,21421920171800.25,2992206715008.3135,1655.621264739266,-47091316152.3382,130596322713.76933,62636.217154693484
802,0.00040100000000000004,-42946265874.104164,131932151193.85199,62834.226920211666,25040415971979.543,2871025511383.087,1734.8075179924683,-42950513362.33201,131932233695.94365,62749.41391670164
803,0.0004015000000000001,-38753845731.17247,133140987735.46819,62859.55119351376,29560625811444.008,2736488738702.284,1825.532776522782,-38770628134.04357,133137487490.16846,62760.75932744775
804,0.00040200000000000007,-34537185262.32017,134214182128.92876,62827.577117379544,35317238722819.05,2585093265592.922,1930.8491769437312,-34551657688.01282,134211932009.65993,62892.322288876196
805,0.0004025000000000001,-30290874221.661488,135154155526.95515,62809.927265259605,42806419465893.766,2413624018673.262,2054.6882306264947,-30297318431.5844,135154240596.57568,62760.9552632639
806,0.00040300000000000004,-26023832575.81951,135959084604.34772,62779.18399288679,52805515902466.586,2216637067188.7524,2202.9074900373225,-26030092635.00069,135959523434.13876,62687.54516624803
807,0.0004035000000000001,-21739048113.808365,136628976697.31459,62746.42992764792,66568473205702.91,1987299774653.1672,2384.0962051875135,-21751971461.395786,136628630851.87128,62364.05370486712
808,0.00040400000000000006,-17441614121.519897,137163486963.74664,62709.34523755128,86206600788879.77,1716199942707.0708,2611.451090924856,-17466547005.708786,137162162245.0327,62549.01582831481
809,0.0004045000000000001,-13141970637.942408,137561904090.1685,62646.31759830753,115420535608540.28,1391502987112.5723,2905.7796583266036,-13166016397.222492,137561725116.2321,62409.27701952373
810,0.0004050000000000001,-8828247141.042095,137826280896.6641,62625.07564897227,160873122559656.06,1002535477913.3704,3299.74726376554,-8871233488.588755,137825815692.96902,62259.37358610441
811,0.0004055000000000001,-4509037617.53709,137955658198.3705,62616.128105896096,234323862971199.1,556341632028.2631,3840.122791837328,-4571262572.028083,137955980850.48627,62340.37119402552
812,0.00040600000000000006,-184370265.2416132,137950015482.57092,62628.891200824706,351642306601593.9,156638647214.90845,4554.179765728586,-275823500.628515,137952121279.03622,62270.72548854008
813,0.00040650000000000007,4121899885.0840416,137809211864.56815,62603.362973071366,503195565432606.25,211623607301.6788,5249.720185671464,4020725925.9223833,137814459379.33035,62437.47389969541
814,0.0004070000000000001,8388610498.27933,137535582232.1106,62510.45055900794,567961657776711.9,1295292446166.4104,5215.741547509201,8309478152.236484,137543111530.80457,62283.751592178516
815,0.00040750000000000004,12626272367.76152,137131283606.35997,62401.383438731216,445661934806320.44,2672881838259.511,4316.82282011085,12575308537.291008,137139347269.22842,62160.54753424485
816,0.0004080000000000001,16828013741.144028,136598693770.14568,62269.400328251904,283988909676691.0,3278127350613.1694,3550.2851391140175,16816557288.756483,136604328451.99425,62111.110217150854
817,0.00040850000000000006,21029717392.900272,135934715080.17824,62199.26914218332,177190588323821.6,3348583032264.539,3194.0943870406395,21036043278.428364,135938465717.39304,62051.63833669961
818,0.0004090000000000001,25201978018.561367,135142460569.55663,62120.22522924283,116660796067730.16,3279508845542.007,3037.9435488458844,25221426198.269897,135144135106.10622,61993.24561585764
819,0.0004095000000000001,29366963094.311028,134218038911.02217,62111.30148962896,82294045825719.06,3234844319377.1094,2911.4433412881117,29387669960.241512,134218920792.0228,62173.798575269895
820,0.0004100000000000001,33504422003.086056,133164131598.61227,62123.5800183914,61665856810149.87,3252116855622.556,2740.3791815321656,33525434677.361294,133164255398.96933,62158.433416050924
821,0.00041050000000000006,37609240253.3351,131981639276.87303,62152.748238558466,48228032064224.19,3311151367229.26,2524.3704463012095,37634322996.58888,131979750241.5926,62348.113933497116
822,0.00041100000000000007,41677867220.99814,130671264550.33243,62198.26831059256,38728266478522.64,3379515787278.6406,2299.3873872590316,41703434661.32876,130668186823.97699,62299.10319971401
823,0.0004115000000000001,45705623602.641655,129234152187.90857,62252.875740604024,31631668328935.402,3438325713524.073,2098.910018464888,45732618494.66694,129229477910.41548,62368.83400962982
824,0.0004120000000000001,49680462979.810326,127674405913.52869,62271.64326158496,26189056288925.867,3485524230967.077,1936.391054248648,49708019350.10615,127668521752.53064,62236.9173959375
825,0.00041250000000000005,53599928514.90823,125993601871.37881,62270.27838366545,21966338323565.71,3526624071991.241,1809.2248180407094,53629255764.307556,125986007143.74185,62321.883193486836
826,0.00041300000000000006,57474644844.16215,124187461552.6445,62337.498536184525,18654830602041.883,3567162734530.416,1708.5726285743576,57494481210.98021,124183051770.8131,62347.3953385799
827,0.0004135000000000001,61291651634.17548,122260916458.13301,62398.931950722654,16014719035045.934,3609868740920.1924,1625.9436170811678,61302665367.12449,122260058096.07315,62343.79701483309
828,0.00041400000000000003,65040671696.85157,120219109271.26106,62414.289088812824,13870449057108.111,3654023942930.8267,1555.7953115820812,65045628232.1582,120221087161.31883,62369.92509648552
829,0.0004145000000000001,68716860439.31706,118065384724.97235,62389.097054854916,12098620225910.238,3698088836456.1245,1494.9730370743537,68721754350.84782,118067361239.04977,62353.20793528938
830,0.00041500000000000006,72321694243.7278,115799670217.62555,62370.97496971459,10612804136475.064,3741035949562.5317,1441.5718430019635,72331560252.84381,115798443144.9916,62543.935533876014
831,0.00041550000000000007,75862743252.33301,113417243562.62941,62438.77642445119,9350550872095.482,3782533887640.2617,1394.217499323192,75873144465.81125,113415043590.49976,62493.97067606999
832,0.0004160000000000001,79322085136.5169,110929051644.72049,62451.714635181306,8264802777691.543,3822673549626.709,1351.7943891251787,79334751260.56172,110924794960.70026,62466.368804304184
833,0.0004165000000000001,82703629924.83871,108332906560.64972,62487.96108293687,7323825383109.342,3860886357435.761,1313.6303935023345,82713009649.93675,108330514219.78369,62528.251696314495
834,0.00041700000000000005,86007554561.56189,105628242830.24828,62568.881658687875,6502472502545.084,3897329197432.866,1279.0872647278693,86015103980.29935,105626681983.89912,62686.59550676382
835,0.0004175000000000001,89225104978.90143,102821361924.74252,62630.59360683696,5780657916089.092,3932113052140.3423,1247.6360795323008,89229708603.46739,102821907924.02701,62604.71174710935
836,0.0004180000000000001,92345324327.20872,99921910879.67924,62609.18095949023,5143418075777.308,3965081919252.3853,1218.925691800541,92353170347.00441,99919364168.7944,62774.69181778632
837,0.0004185000000000001,95378468669.54669,96921437890.65216,62664.84410917422,4579525276042.381,3996085698708.4053,1192.7038233188005,95388713780.47968,96916017555.2999,62803.5453141419
838,0.0004190000000000001,98321379174.60052,93821892464.8262,62766.50796146551,4077691039432.553,4025553050033.324,1168.6191932600705,98329003357.27509,93818303043.1159,62849.03645593328
839,0.00041950000000000006,101166959068.3793,90629608697.75322,62854.32952385214,3628897864478.2446,4053495999816.626,1146.437598294164,101170217785.1946,90630291700.7297,62947.682472005574
840,0.00042000000000000007,103904299565.7204,87356613810.13168,62846.06522381132,3226481415087.61,4079810721429.2695,1126.0112612801297,103909182841.15805,87355301292.05215,62871.72327964436
841,0.00042050000000000003,106542957052.71384,83992616831.98547,62924.68562215185,2865635604551.755,4104378202024.797,1107.236402803659,106546733048.16978,83992226051.71355,62975.97027689465
842,0.0004210000000000001,109072306555.38782,80549791229.12126,62957.26704611303,2540703514111.7627,4127577427751.333,1089.9022281893635,109077883649.95253,80546661887.39763,63027.56869922344
843,0.00042150000000000005,111495814729.4594,77023708025.28249,63042.36027386312,2247865499873.75,4149254471249.3906,1073.9246115740193,111499957872.32405,77021997473.8191,63172.07609560243
844,0.00042200000000000007,113805733731.47084,73424481905.6202,63087.690693746204,1983282271598.8984,4169578093323.7827,1059.1773111019322,113809958021.88367,73422245099.52885,63127.119476039275
845,0.0004225000000000001,116000229799.56372,69755235675.08511,63118.589456164525,1744279261592.049,4188467105579.3843,1045.5956600903453,116004625817.17114,69752287182.40887,63187.088615349385
846,0.0004230000000000001,118078219584.31004,66017850320.79055,63159.051017738115,1528406408782.5278,4205984203843.14,1033.1009302127702,118082605114.82185,66014351097.80854,63223.95176904621
847,0.00042350000000000005,120035568574.10135,62219521736.62179,63171.84087756053,1333401315710.1238,4222199916072.239,1021.6151747485349,120038651979.08264,62218157250.08903,63126.76506809894
848,0.0004240000000000001,121869606836.48683,58366054680.46189,63154.51900969785,1157483647435.153,4237103534997.7637,1011.0868628169823,121872233115.26372,58365567085.02519,63187.64487790598
849,0.00042450000000000007,123579972608.3199,54459217712.77038,63143.47828605141,999101255850.1057,4250720418855.029,1001.4662573633817,123582281958.564,54459341222.9822,63101.89175364573
850,0.0004250000000000001,125166757496.61432,50499135088.72319,63169.44047914265,856750130879.6819,4263116197935.878,992.6976753819714,125169658027.63277,50497595967.84609,63309.367747163844
851,0.0004255000000000001,126626348472.7507,46494319914.0186,63171.20541147624,729050545941.5132,4274343116003.7705,984.7302840667613,126629957938.98773,46490521497.83092,63152.62027984263
852,0.00042600000000000005,127957008840.71175,42450464182.90995,63148.02329369006,615038835340.097,4284371745814.1436,977.5371740565749,127959302333.23148,42450349481.233665,63069.29399157229
853,0.00042650000000000007,129157826619.53534,38371806181.00194,63113.080517524606,513866571318.1272,4293221815627.7676,971.0876119413468,129159857045.93173,38372626568.60713,63084.33791865633
854,0.0004270000000000001,130229000121.35358,34259109609.6769,63102.65368857288,424740783353.5149,4300924340435.015,965.3499759176848,130230981893.21774,34260248689.343365,63113.759799724576
855,0.0004275000000000001,131169270927.00993,30117532369.513268,63093.96680316725,346899286385.3631,4307516573845.045,960.2930874159879,131171556705.81128,30117609041.478687,63082.838416582556
856,0.00042800000000000005,131978665373.08263,25947658541.306145,63116.94571615159,279757286755.0287,4312997565539.792,955.8967473315561,131981002090.57977,25947113181.87614,63268.488107920246
857,0.00042850000000000006,132657029990.51839,21749029740.877937,63193.12143215958,222786103566.4437,4317388986452.2974,952.1391426249835,132660474176.08542,21740691361.66812,63396.941541745044
858,0.0004290000000000001,133203490819.79306,17522763951.834442,63317.884333177935,175548744802.96106,4320701788140.2603,949.0020513192478,133206000225.94481,17517025456.55538,63401.10941787882
859,0.0004295000000000001,133616004188.04738,13277880763.41382,63421.56795080821,137736310157.31894,4322929308564.5146,946.4737758518478,133617931415.15779,13274187296.324924,63521.79821106193
860,0.00043000000000000004,133893409101.97467,9022943142.99593,63479.10674891052,109185480533.98824,4324047853493.269,944.5500580933575,133895215912.341,9018117425.106186,63640.196802762155
861,0.0004305000000000001,134035837241.74591,4755667679.2924185,63573.24215400608,89764845949.51767,4324054041794.9653,943.2255457692314,134037174222.17244,4752598906.970809,63516.05186897458
862,0.00043100000000000007,134042276660.2769,490091487.9256403,63599.475650232154,79337084411.70586,4322957433324.032,942.4930646187215,134043441084.98495,490126188.60065585,63523.71173242392
863,0.0004315000000000001,133913165645.87012,-3764355741.0583735,63552.95948085865,77853950760.49008,4320741384217.283,942.3526626770861,133914557239.68178,-3759217029.485828,63332.377664911306
864,0.0004320000000000001,133649539059.31105,-8002859553.463746,63470.84861587596,85265907278.48157,4317411798267.021,942.801630832654,133651164890.60518,-7999224896.521966,63496.34834402862
865,0.0004325000000000001,133251299301.63216,-12238009928.853807,63518.15723102038,101548950053.82756,4312973228520.612,943.8376810854834,133252569083.82208,-12238303266.49553,63663.16653962881
866,0.00043300000000000006,132717866348.10698,-16466184403.018402,63626.62170231842,126849903335.23984,4307391436996.4517,945.46798933012,132718308465.12766,-16471297995.47684,63843.93238098022
867,0.0004335000000000001,132050042933.7083,-20674660900.89299,63688.96135117593,161422060763.5069,4300631600994.6206,947.7029157774173,132050567505.93826,-20677513580.187508,63552.88081412412
868,0.0004340000000000001,131250648187.88255,-24846840717.19197,63624.68166386383,205483025083.47247,4292690514445.7827,950.5476639573383,131251696140.18231,-24847026973.15122,63598.96462465208
869,0.00043450000000000004,130318674448.22227,-28993974607.009247,63639.383888771,259145920614.93826,4283593052753.277,954.001289249964,130319684259.96132,-28994200471.921955,63666.410245417326
870,0.0004350000000000001,129255837994.00314,-33106849280.4844,63644.49230024771,322859765661.7573,4273259829044.6104,958.0868692044854,129256018773.72972,-33110253525.459694,63687.079343334546
871,0.00043550000000000007,128061336542.44632,-37188904227.2498,63712.07727071717,397052348362.13324,4261680914953.94,962.8176534334633,128062018507.43964,-37189907490.235176,63683.4460605132
872,0.0004360000000000001,126739060948.57814,-41225016875.73744,63710.68892254427,482386637451.2302,4248784508970.1865,968.2204989720358,126739215746.99646,-41227490523.17759,63740.83529138412
873,0.00043650000000000004,125289331367.00948,-45215881326.14962,63720.84563204588,579324628940.1906,4234599119954.858,974.3033862545392,125290237741.50797,-45215957385.33146,63634.67486843443
874,0.00043700000000000005,123714581671.6472,-49154953357.65541,63713.49499958598,688596071917.1978,4219053211729.5137,981.094990738675,123715163864.07034,-49155896165.10487,63724.98454488443
875,0.0004375000000000001,122014999716.8381,-53042449536.49566,63735.6867646201,810973569374.293,4202119159631.357,988.6199011330941,122017061259.62392,-53039875127.8506,63696.3623145357
876,0.00043800000000000013,120196309495.07428,-56865166209.9178,63686.77077350452,947512981973.6814,4183712602543.372,996.9169127795827,120199293183.80255,-56861176491.06712,63545.72871507206
877,0.0004385000000000001,118263137341.28383,-60615626801.57513,63569.97086565847,1099049752693.6929,4163868311591.978,1006.0014810083392,118265869781.78442,-60613113319.58236,63507.28581686819
878,0.0004390000000000001,116212080741.29242,-64302959299.142166,63537.92218921518,1266510330926.4807,4142569775465.733,1015.8969217337421,116213969544.8097,-64302355859.40717,63659.906546758735
879,0.00043950000000000006,114045288203.04005,-67922949467.41897,63539.5040679034,1451676318154.3525,4119604495703.2964,1026.677840537082,114046756321.62093,-67923131461.01746,63597.53111092462
880,0.00044000000000000007,111761252079.41391,-71477812140.40521,63612.280537397084,1656407168838.7556,4094912059570.487,1038.3979602662876,111759808333.2642,-71482246900.65651,63890.78763347164
881,0.00044050000000000014,109355452760.56253,-74972890892.21735,63807.236473922785,1883051636214.39,4068339393874.335,1051.1326484755568,109351934691.40034,-74979378297.65923,64033.325314659414
882,0.0004410000000000001,106835704053.88649,-78393730131.61528,63961.6345962241,2134700398603.2334,4039652153866.583,1064.9888083596948,106829326690.61197,-78403163606.95148,64297.578284192015
883,0.0004415000000000001,104203293123.42955,-81737586057.06282,64108.38300450464,2413910293265.3647,4008913427386.9717,1080.0136167450935,104194251574.64229,-81749275830.55916,64191.75604451283
884,0.00044200000000000006,101462070696.97314,-84998418793.88913,64230.05953494593,2723842016535.5654,3975977203902.974,1096.294834390794,101456549569.65471,-85004738869.3838,64340.38475998674
885,0.0004425000000000001,98619835759.34201,-88166397109.2544,64276.998645778236,3068132945891.532,3940729583809.9014,1113.9279776317383,98612793698.6261,-88173953027.02411,64335.6736496348
886,0.00044300000000000003,95676715752.15858,-91241862538.44753,64323.75693243186,3450639189859.6533,3903143068144.0557,1132.993023281409,95674943189.69545,-91243327096.19366,64150.16906305397
887,0.00044350000000000005,92646748882.7916,-94210229971.56007,64250.72809621398,3876623749707.6743,3862954934426.9937,1153.6309995657502,92650967282.74318,-94205967589.1902,64010.65378155023
888,0.0004440000000000001,89532270834.9123,-97071289956.7021,64139.3239678733,4351078016001.7754,3820263796681.0967,1175.9138447589985,89538542845.25179,-97065809341.66771,64001.579287053326
889,0.0004445000000000001,86331179130.72,-99828422185.99083,64069.45945092824,4880672864447.055,3774815894486.36,1199.990381539047,86334919168.23161,-99825759486.70273,64193.89187053895
890,0.0004450000000000001,83036639240.72978,-102487672888.69357,64117.461736861296,5474587154545.56,3726190340208.7856,1226.0874352564633,83038100576.73206,-102486939293.52377,64255.01224608239
891,0.0004455000000000001,79659301664.53127,-105039217750.72636,64152.00884713382,6145371525287.021,3673818238120.379,1254.5120169419495,79654725899.1647,-105043014095.80984,64317.68918593589
892,0.00044600000000000005,76200569182.80122,-107482001864.48152,64197.96946342662,6906477216572.906,3617639854756.8257,1285.4805332706958,76196756675.45752,-107484961798.03995,64351.15645911801
893,0.00044650000000000007,72664634846.16689,-109812782552.75748,64243.29998341666,7774559339990.914,3557261622980.969,1319.2905578894793,72656874747.30919,-109818062451.58926,64383.92009680971
894,0.00044700000000000013,69053204774.84227,-112030235020.65965,64303.20566016587,8770203358699.245,3492264740381.6733,1356.2991657453128,69043253951.12086,-112036364650.37413,64400.91558858987
895,0.0004475000000000001,65367205314.4315,-114133309544.47047,64390.76008961827,9919836031607.438,3422075418162.6387,1396.9570377372404,65362713819.76706,-114135634281.48892,64393.427855539834
896,0.0004480000000000001,61620112226.65225,-116113707411.68015,64419.2256898347,11257886943054.393,3345983222021.1504,1441.8262500738938,61615045375.66723,-116116073315.34727,64464.29574177784
897,0.00044850000000000006,57805359809.5736,-117975311920.16516,64491.51697750478,12826451335337.133,3263618354368.3247,1491.4593313248406,57804304236.476105,-117975302092.54132,64588.01590689754
898,0.00044900000000000007,53939669057.874855,-119709332045.82794,64498.88573369664,14683779379081.445,3173739175313.0015,1546.7191015297494,53932271836.24625,-119712106161.02583,64575.428876152386
899,0.00044950000000000003,50017858644.85721,-121318781899.373,64532.10698115475,16904115214963.033,3075716987845.1943,1608.4901618628908,50010939823.982574,-121320926098.24634,64572.42186532273
900,0.00045000000000000015,46046355448.75143,-122800691741.37259,64564.38820383836,19591403184593.152,2967914729830.231,1678.0735665573404,46040627538.568985,-122802100857.58047,64637.551596228135
901,0.0004505000000000001,42026843670.226906,-124154338470.49274,64610.51186811041,22889667225929.824,2848675484153.964,1757.1047942010566,42017034508.08767,-124156789084.16344,64712.19459176652
902,0.0004510000000000001,37972178450.55111,-125375182050.1248,64614.855413464684,27004574420490.684,2715737860734.359,1847.767725301898,37962260731.145775,-125377339124.87918,64508.54870040738
903,0.0004515000000000001,33886265911.404354,-126462700152.89493,64597.45717162393,32231391282079.31,2566697811982.707,1952.845088030971,33875562869.26445,-126464809458.73427,64670.20749477667
904,0.0004520000000000001,29764746755.60216,-127418506412.07648,64612.09270822341,39011735382060.875,2397969151007.4746,2076.241595867536,29759395686.099834,-127418957781.63412,64523.252969982525
905,0.00045250000000000005,25614946409.71877,-128240555738.99464,64630.84936968665,48036443660840.016,2204133976049.674,2223.767358347316,25613870006.507637,-128239918990.31046,64670.312518942264
906,0.00045300000000000006,21440848151.657272,-128928015167.77954,64653.57366580593,60417487738452.19,1978427965923.628,2403.9122405199187,21443902752.07632,-128926554618.73434,64674.75589511351
907,0.0004535000000000001,17253347229.594296,-129479103708.38692,64650.47108523748,78019110039330.08,1711695368795.7595,2629.61502196634,17253297408.30948,-129478192717.4714,64670.14853728742
908,0.0004540000000000001,13050333062.686169,-129894621946.70303,64657.638179148125,104085329011036.38,1392754366129.7773,2921.010026010333,13048820818.720343,-129893833426.04033,64796.40779260245
909,0.0004545000000000001,8839324281.752924,-130173785765.8122,64659.50681219232,144451655846161.03,1010190506932.0665,3310.034929989143,8830240950.93515,-130173455078.55501,64837.54465199848
910,0.00045500000000000006,4627045668.2061,-130316415546.41353,64649.91697618664,209400498640697.22,569787590454.4962,3842.2155489635516,4607534013.433287,-130316196234.09462,64809.139198405064
911,0.00045550000000000007,413463868.31808984,-130322935825.85185,64647.196123184396,313223677411595.44,163796360849.40756,4547.751564045131,376997733.01954305,-130322160004.19502,64875.9869007379
912,0.000456,-3798362848.6883235,-130193325534.60661,64652.34972052497,450805980665720.1,166179981812.51898,5260.766987527362,-3858471209.566594,-130190695622.59877,65230.42773256132
913,0.00045650000000000015,-8026208651.045856,-129926553884.53156,64718.615412329855,521222162193263.94,1167355130196.999,5300.778000815206,-8090257620.827289,-129921321196.22531,65065.078128110326
914,0.0004570000000000001,-12270149782.308369,-129520301378.69305,64840.02529954253,419561271173046.9,2573666885434.6035,4422.831346645437,-12303331077.764328,-129515132463.93481,65141.67239727444
915,0.0004575000000000001,-16489763367.239853,-128976231183.14178,64925.67256997222,269039536226787.84,3247626680036.2275,3609.789318011222,-16507721683.988071,-128971310572.22734,65238.617598575525
916,0.0004580000000000001,-20689934394.292053,-128294364748.62738,65009.1828922485,166729644647013.8,3347918732912.8247,3219.703579990147,-20691778985.142033,-128290769068.20059,65226.212058509576
917,0.0004585000000000001,-24853212123.68304,-127477559718.55138,65061.60022074237,108524762018276.55,3282790922993.8857,3052.3475823463687,-24855342194.3093,-127473487680.9196,65385.36744475658
918,0.00045900000000000004,-28987291031.642178,-126525330114.50105,65119.39561564974,75626178648703.97,3232983398064.724,2927.391744741934,-28991308584.356426,-126520365593.08047,65339.79736935308
919,0.00045950000000000006,-33088812749.86771,-125438370978.41656,65185.200948449114,56085267328923.516,3243822343434.9497,2762.104690101128,-33083976336.96892,-125435200988.34906,65027.98349669422
920,0.0004600000000000001,-37137937622.26588,-124221965902.61116,65187.007144244875,43546737391097.11,3299329844082.4287,2549.8851919978215,-37121916180.93692,-124222253748.61491,65023.53924459672
921,0.0004605000000000001,-41136591037.39396,-122877021714.27785,65157.39256938099,34824517987256.395,3366584112599.377,2324.892434761655,-41114401478.34053,-122880057125.40358,64952.04622734577
922,0.0004610000000000001,-45072333672.84954,-121408751555.16005,65058.16041693386,28388352861575.562,3425180299766.3486,2121.916449397136,-45056754465.199524,-121410499119.36429,65017.48318757449
923,0.00046150000000000005,-48971480448.97593,-119808763246.15904,65072.1691620818,23491758197087.664,3471472949135.1777,1956.5801964245395,-48959430614.475,-119809608544.99579,65269.67304363806
924,0.00046200000000000006,-52816403689.365524,-118082795607.60402,65094.35066963442,19698704932389.055,3512019051332.716,1826.975042963244,-52809487750.78705,-118081668088.03949,65158.88101068695
925,0.0004625,-56604996568.80295,-116231674935.37032,65134.68355547274,16717972324472.9,3551914228828.948,1724.628445441696,-56595165874.478676,-116232167792.65703,65172.02246757423
926,0.00046300000000000014,-60324582050.943214,-114261412319.98828,65132.03169029477,14335926804854.873,3593499561026.7637,1641.1388232566117,-60320594296.39775,-114259101753.6354,65229.89908304345
927,0.0004635000000000001,-63981473086.803635,-112169267272.74799,65168.1879000156,12398385432877.771,3636285443371.1226,1570.7331171966741,-63975899751.089096,-112167859068.37164,65283.05415298367
928,0.0004640000000000001,-67565219273.30777,-109960764740.89656,65184.47559863697,10793141803485.967,3679446032127.0625,1509.8117027738153,-67564331296.27326,-109956540909.25702,65385.9310015916
929,0.00046450000000000007,-71080434615.69484,-107633228761.5796,65250.394548000935,9443133544739.701,3721734135373.9688,1456.3335301341392,-71077072959.6897,-107630348448.40369,65251.466308403025
930,0.0004650000000000001,-74512623354.05067,-105195565704.00047,65265.58413068807,8292843921831.984,3762758731768.2993,1408.878930250582,-74506912510.93849,-105194376249.16452,65206.85438104935
931,0.00046550000000000004,-77864763846.82973,-102646239019.997,65301.77396947383,7304269421546.021,3801919768518.73,1366.525598058586,-77854579990.49286,-102648526242.61954,65253.77578319028
932,0.0004660000000000001,-81127395457.31061,-99992241129.4773,65300.69355867363,6447876284337.718,3839316557819.173,1328.4528135725022,-81116259583.67087,-99995783522.62485,65215.24078559796
933,0.0004665000000000001,-84296341298.9628,-97237657030.03348,65268.2274479614,5701666307952.452,3874785073787.9043,1294.0697728258274,-84285361127.67915,-97241589953.55586,65227.097965766465
934,0.0004670000000000001,-87364714141.31998,-94389414837.42163,65179.93220536897,5048173241360.925,3908327037645.4517,1262.8969744669037,-87356768319.04056,-94391331101.59566,65040.567594903594
935,0.0004675000000000001,-90334047354.94232,-91447596045.9484,65100.06926479403,4473564429252.201,3939910779500.8184,1234.5628415755593,-90325442466.32364,-91450695147.28375,64916.76999807042
936,0.00046800000000000005,-93201692729.03795,-88415618826.18904,65025.97473318578,3965765621619.5156,3969729127740.9014,1208.7109443542904,-93192824555.43045,-88419582897.58832,64887.87288794256
937,0.00046850000000000006,-95964457504.33319,-85297684769.14456,64948.771806689816,3514933879921.294,3997834654070.307,1185.0647711042448,-95957534910.34209,-85300117049.8525,64900.97872631209
938,0.000469,-98625025000.23448,-82091583420.81711,64929.60917186232,3113191060072.587,4024247810212.748,1163.4067331453225,-98618187244.55034,-82094227209.86047,64898.783856318034
939,0.00046950000000000014,-101180091017.78995,-78801024710.76497,64936.77176689945,2753622989357.4673,4049133849416.903,1143.5161075502942,-101173030854.66151,-78804252101.89362,64973.75201432895
940,0.0004700000000000001,-103623294528.9474,-75434186740.32173,64910.89792841668,2430861596383.8486,4072491130495.1226,1125.2341195193715,-103618507717.49536,-75434814294.33992,64930.00073478012
941,0.0004705000000000001,-105952271975.84618,-71995288146.29929,64864.67031684015,2140921607703.4468,4094258009548.873,1108.4501932524909,-105948425611.95221,-71994780379.52531,64855.35182642716
942,0.00047100000000000006,-108169787574.91454,-68481086164.64993,64877.09915317607,1880310642649.6807,4114498358614.2534,1093.0460588973924,-108167282069.12895,-68478547326.75046,65003.878678721754
943,0.0004715000000000001,-110274988038.62408,-64892210577.28265,64946.322799587724,1645545706287.089,4133376230349.1543,1078.886023579103,-110271624410.95773,-64890739854.85204,64967.07410450306
944,0.00047200000000000003,-112263723911.355,-61234488696.84978,65021.21950322142,1433734708904.0295,4150928862114.0815,1065.8719139160132,-112259365352.67725,-61234609466.791725,65020.33972491491
945,0.0004725000000000001,-114127535438.26079,-57523127310.54712,64991.51514938148,1242746036664.2144,4167118236423.415,1053.9414588666436,-114123140748.51846,-57523558254.78985,64949.78844282279
946,0.0004730000000000001,-115867199062.57036,-53758794457.97919,64945.7194957644,1071208540579.1986,4181849810366.8813,1043.0626851762127,-115861865112.94168,-53761746251.39912,64792.3189998935
947,0.00047350000000000007,-117480867530.40599,-49946821251.64702,64881.782705182406,917451842563.5251,4195251324600.2734,1033.1608358831033,-117477184996.9291,-49946683424.99051,64973.444327060446
948,0.0004740000000000001,-118969495100.6545,-46086476885.83532,64854.902758678785,779982256826.6351,4207359357973.1323,1024.1792476109526,-118967089533.3177,-46083242255.5964,64800.49689257048
949,0.00047450000000000004,-120332457664.39973,-42179505664.2714,64866.63112707896,657346003859.9933,4218243069625.3335,1016.0608219849561,-120330589839.46008,-42174382069.734406,65036.99650849103
950,0.00047500000000000005,-121572396134.26996,-38217297869.4347,65010.62214250747,548355540080.41235,4227923490106.989,1008.762282049649,-121569903579.7948,-38212765362.03209,65210.395944597585
951,0.0004755000000000001,-122683913184.77263,-34212241000.21159,65137.669761907615,451843275217.4741,4236477822452.408,1002.2310891753076,-122681305197.21103,-34206588586.07646,65276.56081454611
952,0.00047600000000000013,-123664458021.86034,-30171741334.31846,65227.501728704105,367248436090.9682,4243817106432.879,996.4564010716888,-123661326264.93393,-30166920508.076973,65255.48272552783
953,0.0004765000000000001,-124510946434.60432,-26108283483.759724,65227.11874165365,294100706025.4291,4249938132439.923,991.4196173781952,-124506936369.01175,-26106700214.350685,65031.55558770163
954,0.0004770000000000001,-125221945737.28136,-22032696094.61912,65129.49292001968,232013086031.8616,4254833809116.198,987.1052383053839,-125217581319.45949,-22034208826.357323,64960.683734977334
955,0.00047750000000000006,-125799601317.16544,-17939802694.363216,65074.52058806316,180571025294.91336,4258521900435.5005,983.4957278181779,-125795177998.39603,-17943018118.826237,65093.35381615489
956,0.00047800000000000007,-126243505708.22314,-13834179937.169374,65036.665487333674,139218811298.58975,4261067510564.244,980.5627217570337,-126239350628.029,-13836585249.82751,64987.90773921387
957,0.00047850000000000003,-126553292320.44984,-9722098407.190777,64989.58683894362,107578780507.1822,4262462983082.997,978.2934272278694,-126549495686.29442,-9721583856.359833,65070.80718604441
958,0.0004790000000000001,-126729533829.14972,-5601466055.856798,64995.59658685557,85400574403.29982,4262701434469.485,976.6789430690117,-126725728114.74847,-5601962935.492905,64946.66373789368
959,0.0004795000000000001,-126771585396.13416,-1485362711.6508536,64947.76482368755,72486590834.65956,4261791481772.773,975.7083758894025,-126767842971.42096,-1486539400.294853,64911.15251556884
960,0.00048000000000000007,-126680150940.7411,2629305458.142989,64942.05805539894,68751569674.25452,4259717242693.9834,975.3781155163639,-126676441861.46652,2629024267.259068,64993.157745641176
961,0.0004805000000000001,-126455385942.23358,6734772699.668283,64924.469810905684,74140690045.97517,4256480585786.2173,975.6833425864187,-126451552613.36964,6737795414.125518,65033.43164081752
962,0.00048100000000000004,-126097125808.48744,10837515461.374086,64997.33172626406,88672212733.27655,4252069208510.1997,976.6239208061614,-126093378862.94948,10836507474.498417,65097.39211825424
963,0.00048150000000000005,-125605775880.82466,14924602238.370958,65033.96754774553,112487151135.3482,4246453868011.6396,978.2059458460695,-125601367517.67255,14928853588.582148,65140.66165065282
964,0.0004820000000000001,-124981098768.32916,18998449478.001217,65114.70789224797,145743111914.69208,4239623894402.3433,980.4341512086744,-124976577188.65355,19001130031.572304,65251.35523479368
965,0.00048250000000000013,-124224871126.9603,23044369753.122272,65122.76813119762,188720988164.64258,4231542878462.054,983.3205053417676,-124220637992.02577,23045264581.828564,65020.32648283731
966,0.0004830000000000001,-123338203277.69293,27059278816.68746,65108.940802651756,241638307320.9147,4222218140895.592,986.8698906725998,-123334142313.87332,27059143328.106796,65045.97758475813
967,0.0004835000000000001,-122323182893.39424,31035657535.48253,65055.287024036275,304813406211.40857,4211624682769.9185,991.0944117280102,-122319139697.49184,31035748189.583744,64974.6547631379
968,0.00048400000000000006,-121180634918.9794,34973010449.47508,65016.180545954616,378601449859.55084,4199750770164.1406,996.0057574041778,-121177566151.01123,34969990908.00449,64820.30702402205
969,0.00048450000000000007,-119912842883.68587,38864698347.75225,64960.02000094562,463540707732.2412,4186546808545.0474,1001.6255480748707,-119910546263.25504,38859911534.537186,64964.80440494928
970,0.00048500000000000013,-118521231465.97981,42708232300.659744,64909.43768626734,560199514758.4072,4171994080829.114,1007.9716229765264,-118517614698.23198,42707936184.457016,64934.87824944414
971,0.00048550000000000015,-117005429531.45012,46505656526.7773,64916.400492401386,669294735797.3988,4156045117592.7134,1015.0693221980855,-117001986493.58073,46504718988.170235,64936.896321716566
972,0.0004860000000000001,-115368375724.74748,50249096076.444275,64913.62911600504,791829458309.5054,4138606384832.4043,1022.9589954616555,-115363453544.87732,50251600848.166016,65008.79557262953
973,0.0004865000000000001,-113609053202.46779,53941213258.84109,64967.881494803034,928752812157.2928,4119662992512.312,1031.6678933135563,-113605093751.86147,53941136388.11139,64946.851537425915
974,0.0004870000000000001,-111734730231.19826,57565911389.261475,64933.907729665436,1081408023577.2709,4099093201159.032,1041.2486950941434,-111731551770.30241,57564419598.75703,64901.56612730802
975,0.0004875000000000001,-109746456329.35313,61123059623.12051,64891.39052762204,1250754341079.8848,4076966512701.013,1051.7160798119476,-109743587646.9823,61121287206.7597,64794.54175177215
976,0.00048800000000000004,-107647203969.48906,64608328691.921364,64837.04325239348,1438218520811.8499,4053173074541.5967,1063.1209811926617,-107644261608.30414,64606894579.29551,64846.37693872121
977,0.0004885000000000001,-105436473891.78825,68023486559.15484,64827.7880994475,1645466051045.7524,4027641008291.3184,1075.5167876301932,-105430317347.52376,68026955184.371216,64992.6073803029
978,0.0004890000000000001,-103112480680.67746,71370955439.8278,64899.67463106202,1874758095289.3936,4000211314636.3306,1088.9823046245347,-103106454190.08217,71373686101.86441,64960.631492610104
979,0.0004895000000000001,-100680736587.68207,74641485483.10791,64956.34626340791,2128993068211.2178,3970691784610.641,1103.6165256844688,-100675653986.67906,74642462256.45139,64969.79136020562
980,0.0004900000000000001,-98149666120.97334,77823801195.06448,64926.32212803124,2410928997001.457,3939073865145.229,1119.4831624593232,-98146272018.54247,77822583739.67001,64856.59520887987
981,0.0004905,-95517109993.50792,80921928229.44154,64925.93058561526,2723170824955.0312,3905392267630.087,1136.6293475100722,-95512930624.71193,80921576638.71155,65029.433199203195
982,0.000491,-92781711056.00677,83937254210.85037,64989.23596117283,3069669564049.3477,3869356477387.6733,1155.1853551677848,-92772963419.15642,83941623517.71147,65181.45861731124
983,0.0004915000000000002,-89946351230.73828,86865581925.17421,65077.403131532934,3455565805816.255,3830690741787.552,1175.3089597063363,-89932871546.41805,86874170156.41531,65307.669780687705
984,0.0004920000000000001,-87011595534.23112,89705437302.98737,65199.93409110817,3886686866672.24,3789241558797.2856,1197.1432745629058,-86996106926.99188,89714883737.79556,65402.054845338804
985,0.0004925000000000001,-83982682236.39691,92450608055.29688,65310.67395646548,4370091657200.5244,3744758045255.266,1220.8634401734366,-83971218520.51779,92455293123.45476,65284.31102772354
986,0.0004930000000000001,-80870281275.4626,95090999666.79155,65337.511159249865,4913760916062.517,3697081244141.647,1246.6422516537482,-80860685856.52858,95093503022.00166,65305.8570631359
987,0.0004935000000000001,-77670437655.75641,97630621189.84764,65396.18316565445,5526288286018.778,3646178821707.437,1274.6289044974744,-77663715980.29796,97630284147.9831,65430.894185872836
988,0.0004940000000000001,-74397020599.42802,100058102488.07063,65371.85456334046,6219734886244.269,3591508941704.6113,1305.116411761585,-74384849191.3581,100061656044.25797,65500.86983482801
989,0.0004945,-71038148438.51134,102383143906.89116,65446.04242629922,7007319823667.259,3533037717800.1953,1338.323904913962,-71031435689.66216,102382161584.29553,65419.49216677088
990,0.0004950000000000001,-67609064318.272255,104594050957.10417,65467.23863398357,7908613528275.8125,3469864715490.588,1374.7072133488346,-67596589452.19922,104596588822.44612,65755.75004909688
991,0.0004955000000000001,-64099988041.18398,106697427872.14984,65571.99854591978,8945743169927.715,3401880332395.8237,1414.6146110739073,-64081149955.666,106702991162.27698,65857.49952575298
992,0.0004960000000000001,-60524867209.12443,108683644043.27133,65636.92440052524,10149603516393.395,3328091629997.48,1458.6422469273266,-60499181143.10743,108692122290.95976,65852.88531433896
993,0.0004965000000000001,-56876941795.16498,110556376663.25275,65759.92570122928,11557427227800.053,3248149781443.066,1507.3415866442185,-56855824459.38899,110561174972.28351,65788.73037058057
994,0.000497,-53176607875.47427,112304107893.1193,65792.79965344437,13220379126841.166,3160873385878.3335,1561.5489463040287,-53155688288.28321,112307966413.04607,65944.3562609045
995,0.0004975,-49414875809.65152,113931777288.85316,65867.04840624216,15201731843679.377,3065863984418.251,1622.0555724812525,-49389329497.39601,113936697124.05367,66190.4614528782
996,0.0004980000000000002,-45600506542.71121,115434848272.28586,65931.79750749597,17590890774249.518,2961434643385.421,1690.1201550012852,-45565982419.0009,115442208087.33232,66167.11503049954
997,0.0004985000000000001,-41734826457.5089,116812567524.03833,66008.25606832055,20510245410349.64,2846112150290.97,1767.275367033228,-41693247487.22416,116820923220.44626,66311.69800045885
998,0.0004990000000000001,-37823681232.178894,118062361680.22237,66080.53486930883,24133457184361.434,2717796435023.402,1855.5647407940692,-37775771183.98092,118071024506.54666,66310.15851106266
999,0.0004995,-33863182355.171448,119185046928.7592,66196.15356266803,28711041205243.6,2573940602712.6797,1957.690357158904,-33823040779.09227,119189423031.13452,66218.45485177492
1000,0.0005000000000000001,-29878920357.637352,120172482784.36879,66220.31588675782,34620352149815.4,2410679936171.93,2077.5313729340123,-29845096598.41389,120173844601.19353,66199.14011308238
1001,0.0005005000000000001,-25866179456.874382,121026922406.75215,66237.19667220121,42428087682482.055,2224437702050.9194,2220.098668863727,-25839352744.504566,121025570044.7867,66223.53891177675
1002,0.0005010000000000001,-21840131483.08232,121745437085.69493,66197.48501556746,53037746756747.484,2008896232988.5815,2392.9854078438434,-21804025508.155064,121745058776.01231,66297.57271927882
1003,0.0005015000000000001,-17790613038.9272,122330923863.71101,66190.39627969732,67932647066148.72,1756378399134.636,2607.4670864658115,-17747964326.89638,122330352635.60233,66293.17224460354
1004,0.0005020000000000001,-13718079001.118092,122782950357.72829,66220.57965613468,89676772665047.05,1455571410879.3784,2881.545313768595,-13677641699.06839,122780659323.57393,66310.0164275172
1005,0.0005025000000000001,-9645665345.807117,123098498798.74867,66199.56078007325,122845841517567.34,1094422683825.0166,3243.7462271317577,-9594715213.830736,123095796407.02199,66339.72202178033
1006,0.0005030000000000001,-5573680243.682958,123278742319.31734,66161.50228906165,175545673902825.78,672404916934.0358,3735.736041273532,-5500949649.482432,123275550823.80907,66431.91415839623
1007,0.0005035,-1495671755.0686383,123324627022.48697,66149.9712190632,260250445011390.22,245314051459.13425,4398.202199551227,-1403426816.8795233,123319307754.0975,66462.7100093451
1008,0.000504,2585321672.004108,123235674585.13422,66158.09076810998,381971561744467.25,78533973735.01872,5152.63192050286,2692993026.619451,123227038110.73427,66513.22869936291
1009,0.0005045000000000002,6689977160.696383,123010610339.94597,66249.05218857393,479426761869037.9,766480532407.8961,5465.756624444432,6780955066.103171,122998861939.57951,66414.98351469838
1010,0.0005050000000000001,10822091989.787813,122646116217.69704,66419.42344817598,428196445258233.06,2194134264981.9995,4771.5898220394165,10853277713.961723,122635519888.04053,66351.61065767265
1011,0.0005055000000000001,14923347157.118372,122144368756.6807,66524.27165559985,287477521571198.5,3108027260836.526,3846.100660800285,14898678859.910809,122138793220.9935,66200.20242516372
1012,0.000506,18964569007.13336,121510890173.24666,66520.18295347871,178042454834834.5,3327550025411.398,3338.202357747616,18927728263.946304,121508043057.31119,66304.73654432797
1013,0.0005065000000000001,22970804874.182438,120745474428.41812,66490.59951298118,113981028687692.17,3282914423116.273,3126.6283217953346,22922115671.15737,120746298665.82874,66129.49447298072
1014,0.0005070000000000001,26936075235.612568,119850433790.17915,66425.91018126618,77928295468905.89,3216627123570.4697,3004.7743515111915,26888846819.618168,119852959127.24281,66206.46957897284
1015,0.0005075000000000001,30870511301.527687,118824636629.49168,66376.66787523411,56909944045045.01,3204767329016.3853,2860.5873465297236,30826668978.428883,118828134959.22153,66342.68163516457
1016,0.0005080000000000001,34763962595.8093,117670622481.50093,66321.43644890498,43778428315661.22,3246452240587.1094,2664.791252973379,34729436627.268234,117673124020.7751,66310.6154866147
1017,0.0005085000000000001,38613734413.12668,116389624375.2128,66270.7791266855,34855712148419.707,3311460815229.6074,2441.235256082203,38590539579.264084,116389723530.65605,66251.64047839277
1018,0.0005090000000000001,42424012248.20054,114980404775.2772,66270.52475823146,28346718231340.043,3373726315200.0435,2227.5988669987923,42404794445.999855,114979815067.02112,66386.67527781171
1019,0.0005095000000000001,46180965990.70902,113447532488.76227,66256.76520483903,23392529478662.746,3424360966722.521,2047.0923333320563,46167162459.56956,113445426056.79008,66219.69624597007
1020,0.00051,49887820673.91508,111790024675.07065,66276.17322716571,19547243135280.453,3465955080519.3047,1904.042347275594,49871290686.032906,111789517633.8404,66333.94598407352
1021,0.0005105000000000001,53534913946.49021,110011857288.9221,66285.24121460851,16524934269246.12,3504761702909.534,1791.8066609590207,53515822899.46873,110013095387.93571,66319.33458665416
1022,0.0005110000000000002,57118669076.18977,108115034652.47568,66289.10200216994,14117696243944.283,3544403522521.468,1701.5637655451117,57102335558.213806,108115472840.31331,66337.34561579858
1023,0.0005115000000000001,60639053676.12899,106099722222.09352,66316.21719217197,12168881950418.162,3585673580318.6025,1626.358958755706,60623574619.38808,106100142237.25761,66376.24204060336
1024,0.0005120000000000001,64084853708.358986,103972180727.41246,66305.47958669209,10562838950746.846,3627831607832.1216,1561.7739678597559,64071002316.7886,103972138805.26704,66289.91280487794
1025,0.0005125,67458815111.25919,101731327850.88417,66318.13492578585,9219006706486.992,3669461938123.0205,1505.3429954221106,67441985047.82149,101733631923.28438,66310.35331324254
1026,0.0005130000000000001,70752107349.8728,99382941356.80753,66304.65545921025,8079374942607.962,3709956640117.081,1455.4635627191997,70738300858.73111,99383716131.48828,66498.01648154529
1027,0.0005135000000000001,73967565021.36617,96925468646.4682,66327.68388723889,7103188717412.359,3748779362981.946,1411.0628259884604,73957683600.05064,96923693488.67613,66428.75879578212
1028,0.0005140000000000001,77100203040.7511,94362330682.55235,66361.8985484303,6259312460714.532,3785962430928.9478,1371.2371702876992,77088768641.14197,94361959858.18364,66289.0404822616
1029,0.0005145000000000001,80142331746.44327,91699731725.95148,66363.61939259846,5524432851933.6045,3821401491958.5156,1335.308016288752,80126528542.81258,91703541352.7321,66318.31358692616
1030,0.000515,83081529135.87755,88949373200.97867,66253.24525544453,4881119478269.605,3854943017058.7124,1302.780430546171,83071094952.68262,88949180897.66783,66184.05967093629
1031,0.0005155000000000001,85931307801.82005,86100613630.24738,66239.7714510461,4316464007101.995,3886381681380.9004,1273.3032517148793,85915362428.7075,86106231228.28258,66038.5699008772
1032,0.0005160000000000001,88679048401.30388,83165499008.1507,66181.99038726832,3817502183792.768,3916255026656.0747,1246.4042764016378,88665782135.37843,83169222149.3324,66290.37087898944
1033,0.0005165,91334175144.32211,80134842046.61378,66235.6396684463,3375026137365.5425,3944332671564.9136,1221.8387391706465,91323604907.00188,80135875909.7411,66387.75021069503
1034,0.0005170000000000001,93890588026.283,77014086333.52824,66321.48377706046,2980276295932.5186,3970930983362.068,1199.3037725816548,93880753227.09425,77014264901.25851,66487.56095358051
1035,0.0005175000000000002,96342070400.08098,73809978154.0735,66387.02743147545,2626865924216.281,3995962802198.58,1178.614278190927,96333576110.70172,73808481918.67511,66492.30759226266
1036,0.0005180000000000001,98686583198.28159,70525027755.01009,66451.54158879246,2310056431537.2812,4019351365978.6973,1159.6351734519114,98676515702.37024,70525602414.1147,66515.82048416563
1037,0.0005185000000000001,100918804788.15799,67166427563.13849,66478.71162139029,2025725678555.4321,4041171162841.8687,1142.2197091118474,100907788914.09758,67168779424.997185,66616.08252565793
1038,0.000519,103035969767.26738,63738848400.75526,66478.48901350613,1770527354955.3574,4061417291655.958,1126.2545724791048,103026820668.22084,63738753369.51523,66492.17744218974
1039,0.0005195000000000001,105036817114.21288,60244960917.43569,66476.91931588316,1541472058685.6687,4080140594513.968,1111.6332335353723,105029406111.80496,60242180486.11168,66561.40867965957
1040,0.0005200000000000002,106923818837.68454,56680521600.4709,66553.83035610804,1335822896781.1108,4097415398667.2886,1098.2540175353545,106916402220.8959,56677514028.085686,66643.22326831006
1041,0.0005205000000000001,108691355645.38702,53054523765.81946,66617.82572326224,1150908640822.871,4113372188771.2695,1086.008297964051,108684394365.64757,53050266254.99277,66780.25109345625
1042,0.0005210000000000001,110337502719.41393,49370588036.25899,66678.69047391567,984926562963.0905,4127936144981.341,1074.8449142937327,110329055097.31116,49369214087.46271,66543.25532285923
1043,0.0005215,111855843490.051,45643018492.13773,66640.90356641344,836318455112.4829,4141135773838.6484,1064.7056953188803,111845014841.9161,45647813323.8827,66469.57401502642
1044,0.0005220000000000001,113243736661.862,41881250016.53572,66509.24279582224,704021985934.7551,4152914709626.9087,1055.5582132880365,113233430503.30765,41886192697.12366,66465.72594059474
1045,0.0005225000000000001,114506025959.71503,38076017368.76921,66462.66928705084,586981327177.0713,4163308326405.215,1047.3588009954638,114496920985.16559,38078575021.42911,66452.63731341143
1046,0.000523,115640847293.44472,34232612209.506863,66446.11755053238,483744666211.7248,4172485520251.347,1040.0302784292398,115633219087.43556,34230987318.90878,66591.99889796843
1047,0.0005235000000000001,116649750040.84425,30345478132.05886,66534.41533860794,393293080017.31714,4180424296498.973,1033.5376014807864,116641896374.05899,30344084207.332146,66634.46243102891
1048,0.0005240000000000002,117528437163.62344,26427572169.018993,66589.85575056754,314691335867.81744,4187171187902.142,1027.8397648993732,117520630902.38733,26425288417.7425,66657.13675028426
1049,0.0005245000000000001,118275615676.92189,22484903208.52608,66614.77600766659,247472029514.10843,4192658228067.124,1022.9251909471417,118267939228.76968,22481701919.33036,66730.51692768413
1050,0.0005250000000000001,118891957546.79887,18514377961.276524,66694.21714797961,191203380596.7441,4196896662020.918,1018.7730060624915,118884627963.71756,18507570858.76448,66889.71123533267
1051,0.0005255,119376561434.16202,14517198246.13648,66827.21294625854,145397204058.631,4199929092064.6997,1015.355156862093,119368609490.71225,14512086121.774527,67010.09349298883
1052,0.0005260000000000001,119726816886.14235,10508068996.233957,66890.33401340342,109701992070.95418,4201746744686.04,1012.6568769041598,119718444021.14479,10504028696.35922,66911.75639509846
1053,0.0005265000000000002,119942402420.19394,6493338051.859305,66904.76403849908,83958785947.48795,4202310103591.6543,1010.6763783142989,119933637409.66908,6493844719.343306,66876.04386488663
1054,0.0005270000000000001,120023312459.3867,2480860974.893971,66866.58296618405,67994133671.36131,4201630469620.4536,1009.4043977000614,120014720016.00143,2479090263.3122315,66826.17257910683
1055,0.0005275000000000001,119970220238.38303,-1535699759.546115,66903.29940778598,61659206290.58369,4199714662399.7656,1008.8328558202265,119961577664.58023,-1534595914.5037081,66814.78161599275
1056,0.000528,119783161804.41728,-5534036560.815999,66811.39832952696,64862662248.39984,4196562962911.0835,1008.956468849222,119774912321.98447,-5529679411.490766,66560.86752768373
1057,0.0005285000000000001,119463827999.04124,-9509799518.548346,66661.75538183184,77576666542.48059,4192166700798.078,1009.7742054368699,119456209575.27463,-9503128609.034489,66420.12146808312
1058,0.0005290000000000001,119013059335.07773,-13468248576.60685,66573.62471260913,99777505241.8277,4186538538826.45,1011.2816934854288,119005963379.82155,-13460375673.906754,66408.91990010436
1059,0.0005295000000000001,118431948306.92532,-17402803630.304947,66492.67204587575,131583045087.70302,4179655234054.883,1013.4833159448563,118425024907.36713,-17397051952.786934,66496.91547767357
1060,0.0005300000000000001,117721179019.9362,-21312556489.445515,66445.83358351176,173182456150.7538,4171499829856.6963,1016.3851002195514,117714865885.52888,-21304854133.310833,66166.7354406342
1061,0.0005305000000000002,116884222733.74483,-25180702694.486824,66298.29334687539,224877190685.9553,4162041070318.083,1019.9981484370616,116877890880.60942,-25175548686.387173,66220.7110321075
1062,0.0005310000000000001,115920226687.02892,-29017933043.1981,66241.02483742188,286841897947.16095,4151310408472.6377,1024.3211840149386,115913427733.61626,-29015675399.30512,66295.25332130434
1063,0.0005315000000000001,114829111577.44514,-32824091461.59882,66262.60256233125,359612260248.5914,4139216557490.7534,1029.3812384190906,114820540608.6137,-32828097796.53702,66491.29541573177
1064,0.000532,113609734488.72353,-36601161318.72232,66379.12690949609,443873748146.55,4125695357197.472,1035.207677254998,113600331161.04066,-36606312478.18401,66576.08645887014
1065,0.0005325000000000001,112263510516.1784,-40341250068.380714,66506.77269254651,540510528263.7563,4110662687826.3774,1041.8376793304394,112254771363.47546,-40343043609.289444,66532.03181074279
1066,0.0005330000000000002,110794975624.75491,-44030183750.2163,66545.85826866847,650356054718.3196,4094093644862.932,1049.298796846948,110785847078.31207,-44032173595.932945,66602.64289669134
1067,0.0005335000000000001,109204690601.0316,-47667669697.22496,66579.22453413984,774057822308.7041,4076019830598.797,1057.604581886361,109195760651.24965,-47668669178.59165,66632.07215927156
1068,0.0005340000000000001,107495916886.7118,-51246348723.49998,66577.66097354752,912623283869.4685,4056346455878.627,1066.798126031489,107485951531.09055,-51249165683.54257,66614.93383779556
1069,0.0005345,105666329886.6287,-54771630717.05204,66650.32601386165,1067142539411.6799,4035039180156.5464,1076.9169195519255,105656969307.73878,-54772446870.73816,66731.3805511525
1070,0.0005350000000000001,103721808094.64487,-58230837800.54432,66674.09386473318,1239345945266.449,4011918270631.7344,1088.0356516056022,103710952838.2544,-58233850371.39892,66834.82596592949
1071,0.0005355000000000001,101662154477.53998,-61624828494.54585,66720.55417139517,1430711549522.8816,3987012525733.0083,1100.1898434050693,101649547812.76117,-61630035979.73682,66883.21784218863
1072,0.0005360000000000001,99490946098.19005,-64947253964.42347,66753.05170549595,1643265648318.0,3960173401683.5547,1113.452439389221,99476834208.12125,-64953850316.8444,66805.20131289192
1073,0.0005365000000000001,97209425104.72116,-68196243547.409195,66797.48353692674,1879187118881.0684,3931334039668.9683,1127.8901079548748,97197163280.94829,-68199341938.697945,66655.12653637353
1074,0.0005370000000000002,94825904344.00089,-71359875522.54063,66762.21109761698,2141167375539.6277,3900354737700.139,1143.590541915333,94818432596.07953,-71356217762.89014,66520.25836707115
1075,0.0005375000000000001,92345675637.36853,-74432719643.33745,66662.4999391471,2431734290642.9126,3867268121023.526,1160.607477019945,92341197865.70364,-74425546529.45775,66507.7018660549
1076,0.0005380000000000001,89770632824.43156,-77414280537.84366,66554.70493743023,2753866882535.2524,3831996339530.771,1179.017048122026,89764456600.8798,-77409529119.50323,66479.71775009339
1077,0.0005385,87102243246.02455,-80304105975.26497,66467.9569904591,3111518662237.3735,3794337722631.152,1198.9392872170454,87096148998.35677,-80299545368.17094,66316.11235375902
1078,0.0005390000000000001,84344121232.64459,-83099062193.37904,66388.29443539304,3509688517409.688,3754071930014.782,1220.519268313738,84339644838.30656,-83093093963.26736,66235.71061331885
1079,0.0005395000000000002,81501871759.18114,-85794357442.98985,66288.06662009658,3954215271484.107,3711034637305.993,1243.9037783122687,81494224489.09995,-85791782620.02325,66400.30740932137
1080,0.0005400000000000001,78565349650.90492,-88400490064.67047,66325.92598848096,4451722434433.6455,3665099149880.6987,1269.2400721325766,78554894402.86337,-88400094221.664,66329.40098176888
1081,0.0005405000000000001,75545710157.39723,-90906266508.47046,66345.60479362794,5012145931599.016,3615611175440.9634,1296.83260016781,75538933933.90164,-90902402020.99593,66330.78213296806
1082,0.0005410000000000001,72448893844.5693,-93307041346.68054,66331.34780475764,5645850838814.359,3562546229170.902,1326.883319965276,72442613340.37495,-93302715189.74522,66231.91833787772
1083,0.0005415000000000001,69282933396.33142,-95597330076.74548,66258.94180296452,6364963134502.879,3505714120569.9556,1359.6210601780383,69276674241.39713,-95593087680.9487,66173.4814221234
1084,0.0005420000000000001,66045274493.592186,-97780155028.50954,66215.55861075793,7183857868100.826,3444896901551.1753,1395.3103476201154,66038991963.34456,-97775994006.83888,66271.91636271196
1085,0.0005425000000000001,62742843975.62908,-99851117985.55824,66159.45840325179,8122045777208.767,3379443270971.724,1434.3744505131929,62732756022.02339,-99849380200.96704,66181.84503429387
1086,0.0005430000000000001,59377951587.076836,-101809449418.33151,66109.89023059318,9203683813163.373,3308943907663.6514,1477.2566716474826,59356724514.170135,-101814045196.92871,66289.88293292849
1087,0.0005435000000000001,55939211684.340836,-103661939309.38011,66184.57468325815,10459969150508.014,3232779793429.5312,1524.5067915359018,55916663465.09602,-103666284571.12741,66305.79684115303
1088,0.0005440000000000001,52444998982.27014,-105397311548.29861,66212.22450414136,11934987973359.06,3149630417489.369,1576.980193974836,52417646732.50244,-105403143125.54785,66398.50079503373
1089,0.0005445000000000001,48892183023.69316,-107017469659.5907,66265.26320559782,13682552124480.807,3059137164381.684,1635.437109925868,48863125365.13638,-107022947337.97476,66370.93668031598
1090,0.000545,45288904414.47054,-108518298717.3119,66301.96364898325,15775925283099.107,2960036198859.506,1700.9591720647409,45263957598.00792,-108520889012.19846,66242.25391130915
1091,0.0005455000000000002,41642521347.62769,-109896885333.92258,66306.81166808799,18313560520082.5,2851103103142.103,1774.8718917474591,41625364385.332924,-109895608011.55162,66126.85891448458
1092,0.0005460000000000002,37962404235.71405,-111150267865.4387,66260.05196997583,21430848479077.887,2730820869643.234,1858.8564888718533,37951489915.53379,-111146481059.22856,66007.34529798354
1093,0.0005465000000000001,34252133371.492664,-112278303380.6484,66187.62252295157,25317686604399.11,2597334849423.653,1955.0811207078198,34240820909.27696,-112274532426.03789,66086.47492411369
1094,0.0005470000000000001,30507499230.715256,-113283097271.91519,66149.12615191791,30250550286592.08,2447926273833.3164,2066.545500128407,30496508496.835037,-113279040680.9539,66149.27429513398
1095,0.0005475000000000001,26737239019.50421,-114162351911.4875,66106.02066372371,36649146932853.164,2278496377333.5273,2197.6246531929696,26714636604.68396,-114160830535.89378,66273.95239816328
1096,0.0005480000000000001,22935344060.34793,-114917819754.51228,66113.16280672587,45162208859724.07,2084257386637.0742,2354.4313026838945,22904456854.54481,-114917153890.63925,66268.74355981949
1097,0.0005485,19117894641.852535,-115545872529.79723,66092.85917367629,56839991084841.66,1858027857867.4868,2546.1969686359794,19077830131.723732,-115545757224.86739,66224.44153086764
1098,0.0005490000000000001,15280324390.44102,-116047835955.66516,66095.89602323985,73427609857608.28,1591536321012.4878,2786.6045970947225,15226563898.609375,-116048174740.39777,66245.15800215644
1099,0.0005495000000000001,11440973514.314995,-116421263361.53925,66053.04864605067,97956021804887.81,1273780611414.764,3097.1948203853754,11370874862.437412,-116421576872.99533,66267.7638227548
1100,0.0005500000000000001,7588637139.501186,-116668277680.03235,66042.85739265937,135775368794343.73,896957519447.7993,3510.7584245091984,7499057143.987028,-116667620185.54984,66406.98806422566
1101,0.0005505000000000001,3737143294.5784035,-116787729367.01913,66018.16827094901,196022252836322.44,473311221871.5841,4071.7338153267483,3614223300.5924244,-116785278014.22006,66595.81279128068
1102,0.0005510000000000001,-116469325.82533361,-116780234682.09352,66008.33816195004,290086535742275.75,112307108294.61093,4797.217098904145,-276164232.60182184,-116773738049.28844,66643.92677748419
1103,0.0005515,-3980585073.665284,-116645395903.402,66044.77248359562,407923171603898.2,201691839420.3325,5478.295407574616,-4166744120.416378,-116632512933.07013,66634.45437352559
1104,0.0005520000000000002,-7908292085.637797,-116379023955.85298,66269.61802042114,457172098890682.7,1246008136361.7805,5424.791420060845,-8039199235.911331,-116362503422.73862,66488.85056330128
1105,0.0005525000000000001,-11879968118.288029,-115975616071.4011,66594.30945209102,362608246258327.7,2578731181572.9185,4508.516959916712,-11895760895.018805,-115964299882.50739,66557.46537477453
1106,0.0005530000000000001,-15772701081.051594,-115443860867.7644,66712.93633590147,233349615218435.25,3201887681457.518,3698.422205567479,-15740467950.683626,-115437668134.1227,66549.28474778916
1107,0.0005535000000000001,-19611119507.130737,-114786359358.87187,66734.96400347327,145727782117209.6,3291870220770.769,3308.3054890088015,-19558109694.408634,-114784593300.1046,66467.97378367168
1108,0.0005540000000000001,-23400875402.866894,-114005510207.99133,66689.3619396788,95431156491270.3,3225193609708.3804,3141.145319332565,-23348042929.515892,-114005774321.78691,66515.598252021
1109,0.0005545000000000001,-27165483005.295097,-113098626945.23276,66662.70746312602,66776540383490.15,3171333810629.84,3021.023136802735,-27111659375.49621,-113101082451.37628,66521.13485061906
1110,0.0005550000000000002,-30890576633.895985,-112068917319.2555,66616.36692112606,49690500083819.836,3175737203785.2163,2863.7009082069276,-30841572918.39603,-112072123284.81499,66493.62484962054
1111,0.0005555000000000001,-34561623647.718346,-110921282975.28812,66501.36333923458,38736392431224.48,3225279121150.2485,2657.9522586544786,-34523785059.031395,-110923219939.17418,66255.64474678748
1112,0.0005560000000000001,-38204304110.76427,-109649191044.25027,66481.44385370077,31128704633089.902,3289325496651.8315,2434.1932155958802,-38163135378.729454,-109653643413.61478,66395.95352140999
1113,0.0005565000000000001,-41799692088.6315,-108258004525.29762,66460.91954965204,25492321005793.484,3347837041907.0947,2226.8985342615892,-41756268467.680504,-108264860343.1601,66305.8201413727
1114,0.0005570000000000001,-45330944836.95522,-106754735960.81134,66362.31076659732,21162999329331.49,3394884968333.1445,2054.451529319422,-45295411341.61502,-106760097316.68611,66373.8096403817
1115,0.0005575,-48810735078.4733,-105135578120.07896,66306.52651214755,17783449330347.758,3433897905223.614,1918.3401052465306,-48784958107.33724,-105137866008.10178,66445.87937973453
1116,0.000558,-52242671679.99631,-103398563424.7727,66332.23006335333,15111740152201.22,3471106975365.6626,1811.081378038137,-52218608487.138306,-103400821056.15396,66330.45244952153
1117,0.0005585000000000002,-55609309647.467766,-101551667630.82436,66322.62569208765,12966085310192.482,3509960679738.08,1724.0066180744825,-55592208714.092705,-101551015287.49504,66599.73100495912
1118,0.0005590000000000001,-58925991956.05012,-99586794106.72078,66427.63018252862,11214510107970.314,3550275865036.9106,1650.888719492899,-58909082940.498116,-99586231785.0763,66749.00976528974
1119,0.0005595000000000001,-62180512808.68502,-97509377257.9957,66550.14823185217,9757673855300.14,3591634834107.98,1587.65274219675,-62166780429.66548,-97506954468.38881,66695.04435416256
1120,0.0005600000000000001,-65357901958.96641,-95328387325.79292,66593.95424696172,8527554540839.23,3632619433252.14,1532.0612205189452,-65343794873.29109,-95326542895.2838,66754.43633098512
1121,0.0005605000000000001,-68465372878.16297,-93039511077.98987,66675.60222720873,7478654278302.785,3672059666605.1562,1482.8412549087113,-68449119738.46238,-93039381417.47275,66770.18080134834
1122,0.0005610000000000001,-71491288415.45729,-90650674267.93242,66710.79161390339,6575876930707.774,3709992345345.8975,1438.8877855036237,-71476623798.20973,-90649758074.06953,66879.57574615824
1123,0.0005615000000000002,-74432984436.46828,-88164474006.13013,66721.43763569684,5793774744162.018,3746102087530.705,1399.4253755457144,-74421242620.64403,-88161505038.78528,66709.40184757487
1124,0.0005620000000000001,-77290608392.79044,-85581113091.82707,66749.17609624489,5112244618865.242,3780377811029.582,1363.8151798467718,-77276526318.59897,-85580399065.58359,66603.96673201521
1125,0.0005625000000000001,-80052740897.18471,-82910929227.3785,66702.02427808588,4514700950933.722,3812937972897.25,1331.511517768433,-80037611836.17055,-82911877974.98892,66593.6904692096
1126,0.0005630000000000001,-82720600999.41273,-80154099785.69592,66650.13674258345,3988877123944.4863,3843565378044.652,1302.1658094329937,-82710514077.35039,-80150560202.52634,66753.79682094735
1127,0.0005635000000000001,-85301147965.67496,-77303815056.81326,66706.44596809603,3524103547738.1123,3872425136855.679,1275.4251843564532,-85291609625.92073,-77299687976.3476,66944.14518299373
1128,0.000564,-87788377064.0912,-74365237288.41028,66795.26253706591,3110596716084.0117,3899826322285.224,1250.9282404839155,-87778987488.7054,-74360832482.56337,66784.81839445738
1129,0.0005645000000000001,-90171580405.94177,-71350353982.96396,66806.00572406396,2741187660314.728,3925658287944.4976,1228.4607928011105,-90156454970.50627,-71353326233.63571,66541.4132772289
1130,0.0005650000000000002,-92442605344.87433,-68270827905.15826,66691.6450341835,2411012960788.6196,3949715194454.6055,1207.9015101848915,-92423965598.98593,-68279644652.38954,66601.97850647081
1131,0.0005655000000000001,-94606254999.69768,-65122801236.16025,66595.09070494495,2116239146925.6707,3971950892821.311,1189.129147699016,-94589313806.0345,-65130500330.730385,66602.36363569518
1132,0.0005660000000000001,-96659365843.5514,-61911912551.4485,66489.32334952692,1852487580271.7466,3992661951339.5283,1171.9437415493055,-96645845995.0292,-61915650434.98443,66457.83255515137
1133,0.0005665000000000001,-98606973945.52522,-58631434606.45193,66486.76292752521,1616138382964.5276,4011872647867.6035,1156.2124521200617,-98594194256.9808,-58634631603.484085,66537.75256752557
1134,0.0005670000000000001,-100447273862.47261,-55283252704.847694,66552.53041825826,1403630216372.0688,4029761261315.4165,1141.7886038878444,-100436809473.37578,-55282599170.96413,66783.56588000365
1135,0.0005675000000000001,-102175614912.56229,-51874513198.78112,66616.12271387536,1212293953375.9521,4046317564384.406,1128.5783342241002,-102165930706.73953,-51872357206.74444,66699.81460293572
1136,0.0005680000000000001,-103790217053.76219,-48408267327.91577,66684.91906244686,1040295638748.0568,4061475260985.507,1116.5234908831076,-103777758373.69273,-48412000322.50952,66578.3097705302
1137,0.0005685000000000001,-105283891314.72707,-44899731782.41437,66644.32610918439,886042903439.583,4075268095537.4497,1105.5555544090241,-105272279216.99834,-44902393737.96169,66777.92255880238
1138,0.0005690000000000001,-106661548791.5954,-41339629283.14445,66680.8872204186,748496363158.066,4087615874854.9937,1095.641149294781,-106653078683.59534,-41334744949.758995,66989.94350235462
1139,0.0005695000000000001,-107922943755.00453,-37726818608.355965,66802.82358150589,626070421157.7406,4098712129376.6343,1086.6904083425673,-107915152361.39975,-37719089638.89657,66951.2913291655
1140,0.0005700000000000001,-109062946433.0267,-34073050937.566936,66889.28393521464,517442777163.0733,4108586479787.637,1078.6450908795603,-109053495321.88185,-34069475284.811943,66864.54570975143
1141,0.0005705,-110079549979.69817,-30384473710.17364,66938.50343864321,421860278303.47577,4117149577390.2954,1071.4892800739578,-110069260380.12279,-30383531127.917282,66911.80239545339
1142,0.0005710000000000001,-110971088594.81776,-26667659989.75918,66946.798450484,338654963246.13214,4124411611703.0464,1065.1951845723497,-110960425467.33057,-26668318753.798397,66896.58093261038
1143,0.0005715000000000002,-111736379299.72578,-22929226632.827106,66913.002667932,267214508787.1139,4130392114528.4062,1059.7330878681246,-111725418612.59656,-22932181577.831253,66830.77913515714
1144,0.0005720000000000001,-112374849106.67853,-19175088877.480885,66843.88375801111,206979782256.66397,4135106642869.621,1055.0771496528089,-112364736397.52632,-19175098446.8533,66763.63316699075
1145,0.0005725000000000001,-112887387400.39131,-15404037284.685223,66810.01343780283,157443992322.27618,4138571987182.788,1051.2044290053364,-112877163672.12009,-15405625924.593256,66695.42731400447
1146,0.000573,-113272963942.17451,-11625090710.736233,66747.69050761621,118110827475.02983,4140822079930.9976,1048.0895408885012,-113262973128.1408,-11626624739.965109,66710.07140163441
1147,0.0005735000000000001,-113532475746.6544,-7834990204.335161,66742.71603118913,88665215052.13206,4141840560181.668,1045.720479221439,-113522521354.85175,-7837489781.527997,66675.34676833061
1148,0.0005740000000000001,-113664865231.13423,-4049036280.362155,66660.46614724383,68818024805.24915,4141646098976.082,1044.0808108722617,-113655144377.11024,-4051782672.3116255,66469.85195078717
1149,0.0005745000000000001,-113671271778.2692,-261172365.65544754,66638.78407839262,58432241256.45019,4140216246079.456,1043.1652277055077,-113661624732.13446,-267856847.70092133,66588.98441507758
1150,0.0005750000000000001,-113551719674.85658,3514566994.1244707,66552.91223672488,57375312602.48073,4137564847492.744,1042.9635061067986,-113542300278.81853,3511516734.1788898,66571.01317915211
1151,0.0005755000000000001,-113306734086.9543,7287501642.987861,66563.89996031897,65599535115.589676,4133680898711.488,1043.472302815068,-113297375419.68896,7285402178.956127,66682.00841374717
1152,0.0005760000000000001,-112936104557.00618,11053255596.628712,66618.29578341532,83153719067.0787,4128547793642.225,1044.6924710876085,-112926277471.61081,11055061526.410166,66865.83981768931
1153,0.0005765000000000001,-112439112329.50244,14813867593.641901,66752.0237365845,110197367724.72073,4122134655623.0645,1046.6310252332269,-112428432217.92377,14819159062.016964,66986.00885782491
1154,0.000577,-111816383904.12671,18557152729.486565,66848.09040747117,147023093347.35855,4114395908435.338,1049.301795531647,-111804573440.98415,18566649172.439457,66967.04029164428
1155,0.0005775000000000001,-111067781647.19775,22282528583.74705,66961.28746514917,193900812577.23203,4105322241375.2954,1052.713548745479,-111056487428.5932,22286358206.071518,66968.79042484729
1156,0.0005780000000000002,-110196153684.2678,25973679777.269978,66967.44924353322,251218872285.77942,4094871931999.031,1056.8838157590249,-110185931300.20363,25971982551.19996,66748.60381049893
1157,0.0005785000000000001,-109204332148.30394,29622212317.519863,66881.2247588165,319242507915.9723,4083069596035.8374,1061.8177729757467,-109195058359.7247,29617606439.933804,66813.38640113633
1158,0.0005790000000000001,-108092277687.09619,33232372651.286606,66829.44946021472,398270866462.48895,4069917310239.3003,1067.5240711549638,-108083524708.6752,33226615078.161167,66659.03273210388
1159,0.0005795,-106862592589.70395,36796680546.456604,66759.45465348226,488939766082.3337,4055328226017.338,1074.0353898522312,-106853905515.99649,36791538076.12765,66670.2900819161
1160,0.0005800000000000001,-105516851928.06567,40312525110.19433,66692.12959898319,591897969611.1552,4039285988213.4106,1081.3742033997614,-105507562802.40167,40309655906.79112,66622.3587190794
1161,0.0005805000000000002,-104057660113.07916,43774602735.072235,66610.41363984559,707949199266.7465,4021741596888.3657,1089.5700034795602,-104048646583.20839,43771417399.6161,66539.4416973261
1162,0.0005810000000000001,-102485960848.39877,47182349516.85585,66551.83556706217,837966629485.75,4002662104377.856,1098.6522392737097,-102474629801.51738,47184471170.676796,66690.97914693168
1163,0.0005815000000000001,-100798425482.11311,50543345273.49176,66617.1275816583,983087547632.6891,3981962740636.8984,1108.6657824965014,-100785089045.4047,50548745772.85559,66802.59626297698
1164,0.000582,-98994345226.60982,53856632028.78543,66774.26933118544,1145059336961.3804,3959445413885.335,1119.691941582802,-98980613342.47682,53861282974.96867,66942.37890124436
1165,0.0005825000000000001,-97082126218.95071,57104439649.08922,66837.26102639044,1325841296903.2603,3934990879798.459,1131.8066405049603,-97067994791.45885,57108817334.52825,66824.58218614488
1166,0.0005830000000000001,-95063829449.32225,60284018477.64049,66861.93296530959,1526810339647.3777,3908714482017.174,1145.0281923239672,-95049512116.57243,60287921409.876495,66806.39258372977
1167,0.0005835,-92941669376.38094,63392342025.83958,66872.12390582058,1749775207589.932,3880514910962.533,1159.417617716796,-92930178989.6848,63391528475.43396,66810.73333605882
1168,0.0005840000000000001,-90723365187.20671,66418665329.366035,66796.40883865993,1997021830296.3557,3850265464715.2236,1175.0583602985596,-90712824327.85345,66416470146.42613,66724.8755454828
1169,0.0005845000000000002,-88405180083.65013,69369749026.90483,66780.88449149052,2270784061226.748,3817991252464.879,1192.0035849718608,-88396811984.73366,69364593679.12985,66678.16923268825
1170,0.0005850000000000001,-85996670758.75528,72233409647.61478,66698.44982281847,2574669802450.3394,3783372690988.29,1210.3926052488857,-85986712283.77098,72230291055.3391,66717.97911444424
1171,0.0005855000000000001,-83492798829.0657,75017020055.48346,66692.9568706666,2912033001564.266,3746462210135.674,1230.2984886513675,-83479554786.92877,75017476883.49736,66955.31693510951
1172,0.000586,-80893065304.49463,77720486049.8478,66763.33488601641,3287954637559.3184,3706874607991.209,1251.8975661388565,-80872823915.30687,77727458380.41374,67096.46995718879
1173,0.0005865000000000001,-78199303135.09596,80340718932.53183,66878.01289633256,3708657178713.526,3664322332501.2954,1275.3840992642686,-78176429393.20296,80349014592.78098,67078.36102642427
1174,0.0005870000000000002,-75422881247.0079,82865734910.01169,66915.30996839501,4181352419180.9546,3618589625268.821,1300.9510885276625,-75395450560.59798,82877027713.27675,67133.48773577067
1175,0.0005875000000000001,-72552539977.52809,85306067651.32681,67069.7167778165,4713276338137.587,3569728025541.733,1328.7300598208478,-72529288342.5401,85312130699.74484,67107.01538595326
1176,0.0005880000000000001,-69603148926.09723,87647221997.80507,67155.51608059532,5315556694720.582,3516995020874.3223,1359.0675021617824,-69581521660.60732,87650789720.11269,67217.61086432711
1177,0.0005885,-66581576154.20337,89884068160.5524,67171.34097683853,5999709141022.401,3460429792952.5186,1392.1848019530132,-66558674863.08769,89887727893.38573,67310.23464447951
1178,0.0005890000000000001,-63481773573.89807,92021629039.4303,67241.66064485816,6779488109912.213,3399833849437.6025,1428.3426012254793,-63455498417.50074,92026560595.13857,67413.61109280505
1179,0.0005895000000000001,-60308527657.647224,94055760578.80975,67326.30657822319,7674221397235.801,3334415999054.505,1468.0120730856886,-60280180400.91791,94060795383.77084,67490.35913243398
1180,0.0005900000000000001,-57068995459.318886,95981387381.0144,67385.92472960963,8708199355445.353,3263658447215.1113,1511.6989473755184,-57036569934.2016,95987635625.7715,67601.9517360776
1181,0.0005905000000000001,-53767519724.417274,97795957577.77512,67426.16111051152,9911602910594.326,3187109186666.48,1559.943054628542,-53732000447.93308,97802503182.53088,67515.62304361185
1182,0.0005910000000000002,-50402665384.36097,99500250903.16904,67496.65973022755,11323343039476.84,3104088173936.8657,1613.4165364029366,-50368768582.468925,99504450678.49597,67725.949871568
1183,0.0005915000000000001,-46976214429.36568,101092694648.68228,67597.82891823619,12996102555191.506,3013480641361.064,1673.0466498264689,-46943969989.55941,101094553407.39099,67853.09293180911
1184,0.0005920000000000001,-43506770281.14545,102564076525.67918,67608.14732705712,15001185815608.479,2914043023300.171,1740.002713583653,-43466010239.8294,102568453554.28996,67678.93867443688
1185,0.0005925,-39986809066.8823,103918478002.0055,67647.39914756686,17430889296673.375,2805064259058.0557,1815.5073655987826,-39947302735.349594,103920832158.6011,67650.3924778861
1186,0.0005930000000000001,-36429209373.66348,105150669770.35854,67644.43005654149,20417103235759.465,2684433798767.3423,1901.4167733678676,-36386405838.268394,105152816509.96828,67729.84073521825
1187,0.0005935000000000002,-32834068744.187183,106261221538.48332,67642.42218925417,24144652895292.434,2550271123833.9424,2000.040595532855,-32787367271.888397,106263187931.68307,67841.7058431713
1188,0.0005940000000000001,-29205474069.494564,107249024092.21535,67641.4052004438,28884701910945.805,2399629325404.606,2114.60252579312,-29149988898.301952,107251809261.3549,67779.10089183837
1189,0.0005945000000000001,-25541798790.894875,108114568843.98302,67673.88608010269,35045163573005.78,2228718016648.2603,2249.5986650215946,-25481055763.04347,108116578255.0061,67901.83904548697
1190,0.0005950000000000002,-21854719225.97278,108854707391.4964,67686.32924964234,43263749879057.69,2032155826671.001,2411.596970258561,-21773800349.10258,108858637179.79959,68284.83277730718
1191,0.0005955000000000001,-18132970043.144188,109471801444.03267,67764.60688176383,54562861643154.64,1803503539520.2505,2610.0779112705445,-18037265590.636837,109475085167.2952,68120.63222907332
1192,0.0005960000000000001,-14399467735.207544,109960981014.09131,67794.75585074455,70667820022150.05,1533000699783.1426,2859.916497857475,-14293638031.417486,109962243374.43492,67988.68275157332
1193,0.0005965000000000001,-10662846196.316307,110321885671.74252,67775.03834538507,94556484893995.03,1210959461109.3567,3183.667803709176,-10541484810.237604,110321176382.929,67995.86923119414
1194,0.0005970000000000001,-6921082807.910887,110555752565.77495,67749.66079874449,131464049771075.66,830988403574.5073,3615.457465180109,-6780691778.170111,110552241800.6085,68017.3196813331
1195,0.0005975000000000002,-3184761218.6346416,110662424563.59138,67696.54864291426,190126295863478.88,412026001299.2221,4199.001331607205,-3016128730.9494324,110655259504.1335,68098.79241264034
1196,0.0005980000000000001,556116612.18281,110643043977.51947,67674.88526853279,280334356197394.03,82848049697.36935,4938.755937757623,751133039.455396,110630161573.09639,67966.4489037854
1197,0.0005985000000000001,4320293412.439246,110496679237.37534,67745.46068720534,387275246232601.4,259760939136.8063,5578.690088606755,4507302685.487574,110477221764.98846,67941.76818386652
1198,0.000599,8176231806.404036,110216545680.87547,68085.66311206853,419318347142593.44,1378011019434.4114,5413.070046155559,8247197558.315635,110197428888.58914,67745.32451471455
1199,0.0005995000000000002,12008854264.83455,109802775659.44336,68332.64612286034,323612309729381.1,2653541840234.939,4459.124543033872,11970442656.84978,109791485687.19046,67854.03565438728
1200,0.0006000000000000002,15764694896.170721,109263017859.7132,68387.89095113149,207145639356668.94,3203536506886.597,3684.8460126012474,15676159419.496283,109259841102.13043,67853.87644621379
1201,0.0006005000000000001,19467805365.765606,108599663444.64479,68354.95440727044,130069239837826.7,3266848925355.118,3321.8211456303816,19356993357.351315,108603716851.41437,67669.81729348494
1202,0.0006010000000000001,23109476523.634144,107817710805.95468,68214.26599716807,85841595596692.22,3196493392595.9956,3164.973384530384,23008451553.75468,107824367244.03082,67653.13986790298
1203,0.0006015000000000001,26709025010.20431,106916599564.91634,68033.71332975208,60521685248060.85,3144468081216.933,3047.189060936344,26624898737.07566,106923507426.51147,67605.24240515265
1204,0.0006020000000000001,30281678460.82831,105893664216.11559,67898.19338634654,45345183412279.46,3149582222872.4927,2890.4721216989615,30206423083.61984,105901565026.97716,67588.62359293032
1205,0.0006025000000000001,33809150094.465256,104753649425.45929,67747.71591089242,35553613677977.67,3198664470947.381,2685.6627814208045,33744565093.002865,104761416136.32608,67446.72673051676
1206,0.0006030000000000001,37287145989.95255,103498860074.85452,67587.91194169688,28700307732459.33,3261903335051.8955,2463.041745455541,37234284327.76208,103505253964.9796,67369.53906562291
1207,0.0006035000000000001,40725552414.362206,102126461133.5761,67505.63848316262,23590788173117.734,3318701012391.408,2256.9925257467808,40679438520.4481,102132319067.08414,67621.29686818502
1208,0.0006040000000000002,44118407803.08861,100638179644.51367,67474.25085879289,19640518921207.957,3364487127356.101,2085.2707898893655,44086539256.6285,100639523648.0885,67605.60820167857
1209,0.0006045000000000001,47462433880.823975,99035001017.9478,67486.32273516535,16531678556165.227,3403163379194.911,1949.098329428516,47435928107.87276,99034813106.52972,67590.81051151268
1210,0.0006050000000000001,50749889616.858,97320187088.5184,67504.0318752015,14055301194175.547,3440040782444.555,1841.4165660196709,50727263168.10272,97318855460.92488,67619.5852112992
1211,0.0006055,53976833100.00447,95495783906.5816,67524.32218234165,12057412216796.941,3477950966255.6377,1754.0124389164741,53957120715.83195,95493510805.22847,67615.59080357873
1212,0.0006060000000000002,57141953248.77706,93562496481.8052,67564.73404698097,10421422492258.816,3517324055371.4165,1680.6052995010768,57118369578.89624,93563084846.84688,67649.66608974498
1213,0.0006065000000000002,60227825243.22351,91530940391.04874,67506.9716619694,9060672148771.723,3557381322993.103,1617.219381131062,60207161819.02406,91530627510.99174,67471.49717820619
1214,0.0006070000000000001,63242688747.61597,89397198915.47871,67477.94511734755,7915251807008.121,3596613731851.7134,1561.6897291624407,63218724582.271286,89399988171.87321,67160.71742743312
1215,0.0006075000000000001,66171880780.82424,87171922943.48131,67366.1789728907,6939655013515.722,3634719035406.038,1512.4890497412637,66144629895.77479,87178497565.34198,67110.89985185156
1216,0.0006080000000000001,69019325675.67258,84853879696.42986,67261.73786837021,6102003715610.634,3671050842812.095,1468.6580295021179,68993613333.71446,84860646121.82162,67137.08672253297
1217,0.0006085000000000001,71783129556.00206,82445381466.5672,67171.3139192967,5376939906181.466,3705705664657.8247,1429.3474514983818,71759210397.24391,82451954975.60732,67072.2122072385
1218,0.0006090000000000002,74459622967.00621,79950297283.23557,67080.41223575352,4744663269390.064,3738701030513.7344,1393.8818313863446,74440169974.29486,79953966555.66595,67094.31318067259
1219,0.0006095000000000001,77049635757.65558,77368604065.46985,67026.89044334221,4189914467788.1553,3769977982095.4966,1361.753475326872,77032626256.8917,77370832864.10516,66995.25605106339
1220,0.0006100000000000001,79550442435.79903,74703170136.23828,66996.78267548463,3700302414694.936,3799623876998.6343,1332.5275407304377,79532290950.6421,74707475661.27289,66861.8668431538
1221,0.0006105000000000001,81957040354.46045,71959561959.31038,66952.55336429477,3266119766394.5454,3827633156483.3066,1305.8675597141248,81943228833.91928,71959882254.94223,66992.9315910956
1222,0.0006110000000000001,84274803785.7128,69132118273.5695,66999.40702431706,2879910401705.181,3853945295856.072,1281.5213128615578,84261349233.80276,69132314996.73901,67136.16913916405
1223,0.0006115000000000001,86493819132.52083,66231910825.55693,67006.8800742615,2534757867068.427,3878800174881.317,1259.2032973949213,86480811100.89047,66231959606.04694,66957.80088693807
1224,0.000612,88612895522.33109,63261109531.61337,67006.525670011,2225923803367.199,3902009780230.905,1238.7652632784739,88600802103.80577,63260415894.62018,67094.89467975717
1225,0.0006125000000000002,90630563319.54773,60222085332.20737,67013.24531527887,1949248426240.5625,3923637018400.7773,1220.0481621852034,90620340281.72862,60218918206.00307,67088.11924578177
1226,0.0006130000000000002,92547155988.45262,57114304258.01718,67065.31725816283,1701073734661.4028,3943757717817.223,1202.901021466389,92534492007.66481,57115046895.8317,67088.26091669084
1227,0.0006135000000000001,94357824186.74942,53944884551.48228,67101.79050956381,1478089071240.0383,3962465974222.5405,1187.1833268706605,94344232809.96588,53947551444.466484,67145.8246585959
1228,0.0006140000000000001,96060382388.00673,50717772231.11739,67126.37556747426,1277822641866.6348,3979708781869.6475,1172.8087722671194,96050422460.73187,50714040709.489494,67370.71150064327
1229,0.0006145000000000001,97658581466.76746,47425651721.613655,67256.387776699,1098152095237.1129,3995511979095.97,1159.6932122986373,97649121782.2692,47420338398.93853,67443.54190631025
1230,0.0006150000000000001,99146258934.73045,44078574264.5509,67371.85381092857,936804218516.1542,4010041886900.2593,1147.7212453035602,99136593857.39568,44073064650.303764,67493.56294766988
1231,0.0006155000000000002,100521162997.50783,40680675811.92671,67474.91759236387,792351534531.4956,4023196144788.4053,1136.8477423676682,100511129182.78468,40675358664.0578,67644.63528173267
1232,0.0006160000000000001,101778827148.58057,37242395913.75358,67505.08340309397,663565631840.3794,4034982291485.8315,1127.0231573284004,101769908727.93103,37233725083.706604,67662.07902129015
1233,0.0006165000000000001,102922171943.39024,33756533335.98136,67609.86357074845,549516001769.54364,4045373720554.045,1118.211031607505,102912601444.8479,33748732006.88761,67808.47771364384
1234,0.0006170000000000001,103947334278.1506,30232241504.807552,67698.46592310196,448969344199.1532,4054505624037.4756,1110.3400495519431,103936880665.74135,30226191604.25558,67674.6448385771
1235,0.0006175000000000001,104851477190.52696,26678725645.203228,67727.78469571826,361124059532.8302,4062327650193.461,1103.3819991224623,104839346245.82253,26678845387.713154,67691.65266311202
1236,0.0006180000000000001,105633868961.49388,23100319045.078796,67726.13020595451,285372639082.8632,4068816853396.026,1097.3161822146378,105621805763.10045,23100478703.55437,67776.18597842156
1237,0.0006185,106295399898.1548,19494036665.663975,67778.91390231442,221107179266.88452,4074006361358.6245,1092.1117821590788,106283840315.42722,19491366224.396713,67900.03355581152
1238,0.0006190000000000002,106834620458.1085,15865217225.869184,67845.84677596432,167692315914.12357,4077947071744.3984,1087.7328592892347,106822480413.93198,15865542774.299084,67960.68424145498
1239,0.0006195000000000002,107250095198.99977,12221818578.097301,67882.60482724721,124702521554.11311,4080619377618.4253,1084.162276536527,107238196473.01562,12219593674.66737,67888.49825254887
1240,0.0006200000000000001,107541159403.35065,8571226035.921736,67874.06441283434,91851905159.49072,4082005553384.6245,1081.3891972397128,107529114204.36122,8570400130.265295,67835.15030296818
1241,0.0006205000000000001,107708167480.84837,4914167241.948115,67877.64854437423,68907524326.62291,4082107725668.6787,1079.4013837944685,107696220540.91745,4911616323.606425,67984.49421134843
1242,0.0006210000000000001,107751067119.7689,1251849801.1063955,67916.11952058479,55654927531.40032,4080939570972.4517,1078.1851783786046,107739009719.72333,1248510522.865941,67944.42199965497
1243,0.0006215000000000001,107669525396.26775,-2412641270.2937603,67982.28854171577,51971581929.03795,4078492387893.6934,1077.7338355526733,107657217163.79839,-2416764658.387945,68106.13930059322
1244,0.0006220000000000002,107463152782.35698,-6077599119.366362,68086.28647660051,57840933934.45896,4074745448557.6826,1078.0468676626313,107450767938.74225,-6077387870.828611,68240.66389933082
1245,0.0006225000000000001,107131899693.27628,-9733636848.021715,68158.8409842573,73344161480.22757,4069673701275.5083,1079.1280075846362,107118872995.58363,-9738565526.464455,68407.07900113391
1246,0.0006230000000000001,106675293538.44273,-13383930648.277634,68288.74397420358,98609095582.04439,4063260661249.3896,1080.9819090915657,106661472580.62083,-13391597940.838896,68532.34278375315
1247,0.0006235000000000001,106093098277.07709,-17023076900.86874,68435.92907280567,133889324502.9707,4055466719230.5483,1083.6211140949072,106078793315.28186,-17030202245.09663,68511.99939972797
1248,0.0006240000000000001,105386809901.5906,-20637731329.3934,68503.56002359878,179515531943.10947,4046256376865.9717,1087.061241952769,105372534255.50838,-20642269760.796272,68557.33070363835
1249,0.0006245000000000001,104558179731.70084,-24220532527.830334,68502.07824626684,235766927251.5114,4035633570720.9395,1091.3106762634657,104544435130.95955,-24221779362.960503,68414.66354249581
1250,0.0006250000000000001,103608054324.30853,-27770174911.514465,68495.0120885078,302960254064.55536,4023589819586.638,1096.3806500812955,103595384042.7893,-27766799668.705467,68387.68636138218
1251,0.0006255000000000002,102539624549.46988,-31276002604.094055,68420.01438265605,381589806713.10345,4010075925428.925,1102.2948759251947,102528139075.17543,-31269152833.058178,68100.29578106033
1252,0.0006260000000000001,101356380684.46759,-34730150909.74652,68271.8297696509,472118234990.24915,3995097645455.4087,1109.0676535598645,101345446886.5992,-34722892133.02244,68172.4083564353
1253,0.0006265000000000001,100057690292.2506,-38138350218.6328,68182.32257208909,575047769343.0089,3978653969778.696,1116.7134629117115,100046371588.87843,-38133057999.87221,68139.08948214534
1254,0.0006270000000000001,98645104502.02986,-41497269893.85306,68126.46833801342,691329966364.3087,3960619611926.0854,1125.2801741128176,98634805694.0005,-41490069633.82313,67984.74108633891
1255,0.0006275000000000001,97123296162.29817,-44796703634.38021,68021.06140537858,822038275199.0746,3940932792461.8105,1134.8109322373941,97112244360.53308,-44792017072.20352,68017.10776742002
1256,0.0006280000000000001,95491725197.42432,-48040016977.48026,67961.52037951024,968115646000.3141,3919614443337.8706,1145.3286795017093,95481075381.89616,-48034781468.5233,67825.29436760365
1257,0.0006285000000000002,93754329272.26521,-51219922505.53286,67886.35512123289,1130995231327.4954,3896522471719.778,1156.895880554358,93743624656.27261,-51215122715.06085,67842.27951798428
1258,0.0006290000000000001,91909374433.77544,-54340679098.27541,67884.13244771851,1312107978615.8433,3871629799153.2373,1169.5598953587476,91896308899.84776,-54339851301.55626,67979.83456162778
1259,0.0006295000000000001,89961054683.7138,-57394702191.841606,67876.85712673595,1513536474565.2883,3844745697770.1025,1183.4101674411284,89945562905.30717,-57397200178.69604,68027.0338967707
1260,0.0006300000000000001,87906714532.25809,-60386286116.71841,67950.72947559938,1737350911005.5508,3815837220419.766,1198.5118913504116,87890649862.24518,-60388769242.03104,68044.66804915678
1261,0.0006305000000000001,85754302526.15361,-63302725945.61648,67968.27337313876,1986463194913.1702,3784664500223.032,1214.983006043483,85737247648.43716,-63305863278.2923,68026.55761087984
1262,0.000631,83502522299.6444,-66146315285.70926,68017.9510024014,2263474324633.1597,3751276930898.3237,1232.8865024718857,83485935009.71483,-66147967773.965004,67972.50000195278
1263,0.0006315000000000001,81161399327.91618,-68904129601.58482,67976.88485272153,2571994730464.0054,3715431679560.0176,1252.3522676010894,81144202080.03253,-68906035977.1625,68017.02848518037
1264,0.0006320000000000002,78724961595.04399,-71584409600.25926,68013.98974390664,2915400287703.6655,3677191112875.0728,1273.4552982473567,78708396687.90562,-71584929858.961,68122.57074618945
1265,0.0006325000000000001,76198547925.84714,-74180459100.04877,68054.01870111296,3299058580696.41,3636110608394.4263,1296.3980853297717,76180371509.08548,-74181980414.14787,68231.22124338821
1266,0.0006330000000000001,73585171034.60515,-76689039223.37714,68093.62914159067,3728903895693.206,3592057938631.5713,1321.3502532777866,73565150740.24992,-76691609990.24252,68184.34623418123
1267,0.0006335000000000001,70892330732.15086,-79102979964.7268,68081.39800986464,4211989270439.1445,3544834502353.8228,1348.4996815041832,70870643803.78271,-79106367907.17064,68036.88848792239
1268,0.0006340000000000001,68119870504.89915,-81423128581.8856,68081.71080742485,4756204171369.373,3494337524094.224,1378.0265753395129,68099636747.63021,-81424524332.08766,67958.44477959671
1269,0.0006345000000000002,65273761582.327255,-83644615969.48337,68060.29879864187,5371874767780.824,3440162508395.1235,1410.2087008346823,65258114707.32444,-83641763918.34412,67869.81316085273
1270,0.0006350000000000001,62356738694.17786,-85765838100.515,68035.35610077812,6071348632900.952,3382050697878.4907,1445.336069481035,62344007941.66293,-85760527511.43237,68048.08306842647
1271,0.0006355000000000001,59370349919.40385,-87786005132.79349,68027.63599651496,6870168460407.492,3319602391635.1895,1483.7659150644631,59354769139.56554,-87782361266.92316,68084.82366795515
1272,0.0006360000000000001,56320794986.481926,-89701034228.16896,68004.60573909745,7788257204095.397,3252288051834.4746,1525.948132321644,56300652008.15334,-89699862836.7711,68099.93502129402
1273,0.0006365000000000001,53203966493.23263,-91513809472.352,68041.5821624486,8850321295132.693,3179672588513.0845,1572.3761566595215,53188258838.76736,-91509295402.3516,67895.81731684561
1274,0.0006370000000000001,50037515817.64553,-93213668889.60934,67992.46612891147,10089785188423.486,3100821412581.035,1623.758436891279,50019773335.51773,-93209937983.05367,67981.26940063084
1275,0.0006375,46812720876.86662,-94806410689.81705,67997.80829804298,11546689107415.877,3015513286697.4067,1680.7298014587527,46786575995.287994,-94806233285.70944,68250.86391191382
1276,0.0006380000000000001,43532590320.502365,-96290081976.24739,68038.84727554471,13277090127516.334,2922380736424.63,1744.3225234985223,43498264102.19558,-96292591649.65767,68199.15138795476
1277,0.0006385000000000002,40201244602.090126,-97662334064.63115,68097.03078714228,15357047974555.14,2820113066865.314,1815.8321197064229,40163289072.765434,-97664998991.1408,68393.47736085016
1278,0.0006390000000000001,36826999297.368805,-98919420048.75758,68133.1090590018,17890756326050.668,2707241679939.8525,1896.8650387433586,36778864716.525345,-98924464686.32613,68335.37624308611
1279,0.0006395000000000001,33400173441.90221,-100064875659.05307,68246.94129537178,21022224109781.797,2582136723916.427,1989.4170175459637,33355973906.389378,-100066577737.67604,68510.80354504181
1280,0.00064,29941623074.821945,-101090546606.43376,68297.71426387859,24963784395808.61,2441724320909.4067,2096.4452598286107,29895708518.04501,-101091088307.58182,68291.31864314144
1281,0.0006405000000000001,26461458971.058445,-101994143058.12126,68273.81987776254,30021684626877.473,2283525160277.342,2221.601538455566,26413772598.298344,-101993659986.00638,68122.29433502801
1282,0.0006410000000000002,22953884637.185226,-102778256408.37637,68261.6593303611,36655037605045.47,2103995901574.0566,2369.8852145519295,22914527551.629208,-102774375554.32484,68047.30059958181
1283,0.0006415000000000001,19431306902.365646,-103440314932.39307,68212.03875727735,45589268504723.83,1897255844664.9138,2548.8871686215116,19394745702.598793,-103434808047.96599,68059.22480593293
1284,0.0006420000000000001,15895460073.345871,-103980944570.64641,68151.81564902603,57999972510874.305,1656400405140.2397,2769.762728507861,15858891999.790962,-103974505695.09607,67953.49869531007
1285,0.0006425000000000001,12348977519.37668,-104400410265.95854,68092.68069667208,75870362973061.06,1372363567630.355,3049.6415258309517,12308644703.376045,-104393469007.90532,67985.88405689498
1286,0.0006430000000000001,8794398377.146166,-104698900977.62852,68041.9263200146,102645738866149.89,1035775500306.41,3414.995228136596,8746144676.993,-104691503458.20076,67984.51263166906
1287,0.0006435000000000001,5236500370.132477,-104876361694.03107,67994.33675215195,144293925747285.78,646079429723.5931,3904.3207219046685,5183862351.368981,-104867804505.14333,67905.92106466363
1288,0.0006440000000000001,1673776761.3895056,-104933192929.64238,67970.6600626172,209904437088685.94,248800898601.5272,4555.996310251771,1624479728.3503175,-104922945756.37827,67781.116782239
1289,0.0006445000000000001,-1894110955.4024644,-104869020900.887,67975.20537615068,304616959448253.0,52265705492.72694,5314.945942946594,-1934331552.2974398,-104857445656.99179,67830.31173971634
1290,0.0006450000000000002,-5490805064.506588,-104682438117.2818,68088.64854604632,392101798794541.1,555409960712.1716,5746.429491906651,-5490117716.815197,-104671212073.89464,67962.7135659285
1291,0.0006455000000000001,-9098441185.59549,-104371119309.76962,68239.54921124701,375907454620042.56,1853415897485.655,5213.457244044132,-9032383564.002008,-104364738996.75146,67783.28732179769
1292,0.0006460000000000001,-12664098831.844585,-103938382448.09413,68288.09850605758,267923288042566.3,2879666691884.546,4235.4112621055565,-12549957786.702948,-103939755056.50304,67644.27898772602
1293,0.0006465,-16148242724.03273,-103392607316.49513,68158.19739419404,169926554916494.7,3210450347882.4155,3609.5127620976923,-16054098202.159636,-103395581831.56377,67805.53707134727
1294,0.0006470000000000001,-19628662663.592934,-102727066382.78818,68093.70383405822,109056649131186.19,3203018215697.2456,3335.468831609913,-19536104682.2914,-102733364753.7694,67794.3643435049
1295,0.0006475000000000002,-23073461910.15494,-101946444102.8387,67999.98647857856,74034025745266.28,3131031853375.896,3204.6222565662024,-22994901939.53258,-101953300399.27737,67923.99276423707
1296,0.0006480000000000001,-26493611403.858353,-101049159074.50119,67931.99378588704,53548162166171.086,3096270590930.147,3081.3157284581116,-26427332118.914974,-101055825247.25627,67953.9260744727
1297,0.0006485000000000001,-29878268930.873646,-100037681481.498,67863.68339777231,40895959401722.48,3116701425376.9253,2910.5404388927523,-29833773557.79799,-100040474290.70184,68175.03964708012
1298,0.0006490000000000002,-33240128436.958702,-98908233726.74626,67886.8803586318,32462509069467.863,3171839376664.417,2696.9372783101567,-33205786081.92107,-98909040768.43805,68120.8342224534
1299,0.0006495000000000001,-36552114707.39965,-97668631943.21634,67860.73737657591,26385425317296.027,3235070983295.8364,2473.561953673636,-36539376117.13978,-97662644750.14195,68355.3251394511
1300,0.0006500000000000001,-39836582595.62016,-96311136801.29033,67954.74298698531,21767756279948.46,3289382251018.442,2271.758206122924,-39828294480.014084,-96303290218.45593,68254.72807810231
1301,0.0006505000000000001,-43074721045.126625,-94841640940.3148,68047.83178725906,18157469438025.703,3333380986107.7505,2105.1231333670066,-43058655475.04985,-94837236168.88467,67991.33415435269
1302,0.0006510000000000001,-46254890092.04306,-93265276261.85802,68085.6100971738,15298835936472.326,3371140864396.719,1972.8812188581278,-46228453571.90371,-93266385375.25398,67944.50346359388
1303,0.0006515000000000002,-49367055462.59208,-91587885034.99718,68033.81413020221,13016152266770.076,3407207990130.9897,1867.769671741276,-49342180239.04241,-91589267321.10411,67952.71913277742
1304,0.0006520000000000001,-52418586453.448044,-89806920022.53638,67997.33460403945,11174891054679.092,3443928807792.4316,1782.0143329773098,-52392756615.23824,-89809882630.66197,67873.155679273
1305,0.0006525000000000001,-55397836061.62328,-87929521821.3623,67904.8420395572,9667640602684.586,3482055218828.031,1709.6272056038267,-55372314525.732216,-87933470178.71736,67670.85424420983
1306,0.000653,-58305393556.78856,-85956636280.9995,67803.17947833225,8415414078209.208,3520505487925.3853,1647.0019518978636,-58278909622.90871,-85962547559.11806,67589.58283969195
1307,0.0006535000000000001,-61148154828.467186,-83884224376.57549,67784.29934746391,7360153371119.164,3558407855013.0713,1591.9755035994056,-61122160386.812416,-83890831182.24112,67863.70122856744
1308,0.0006540000000000002,-63909844867.43548,-81723753420.58281,67699.6625021905,6458443524900.461,3595443800444.3335,1543.069845389297,-63891497533.28601,-81725682565.89572,67694.2341154052
1309,0.0006545000000000001,-66596862859.23382,-79471473415.28358,67660.87607653464,5681146278748.22,3630811909467.3975,1499.4175884962488,-66581712916.971794,-79471536600.2031,67695.69365934981
1310,0.0006550000000000001,-69202619076.63133,-77132891661.19765,67614.84931921777,5005333864038.077,3664638352212.6523,1460.1987597133998,-69191962846.34503,-77129600322.80663,67671.29190400767
1311,0.0006555000000000002,-71735137868.96223,-74701075353.44612,67682.35886006545,4414047184619.431,3696786901964.7285,1424.7965759564656,-71723382565.58461,-74698929108.09705,67704.10682787576
1312,0.0006560000000000001,-74182792617.5521,-72185819943.7138,67727.33602507207,3892765020720.8496,3727543008674.0156,1392.6152398835452,-74170009264.6419,-72184933321.40205,67826.42367420006
1313,0.0006565000000000001,-76543957314.08904,-69588895833.68498,67772.34743493388,3431409050221.784,3756599573581.7056,1363.3133945407062,-76532357711.06474,-69586953622.24835,67826.42729804604
1314,0.0006570000000000001,-78813366430.86348,-66916046137.17709,67785.33879897131,3021771408625.3257,3783966409369.7256,1336.584534057556,-78802751884.08537,-66913319246.60597,67819.47617936358
1315,0.0006575000000000001,-80991328399.47377,-64167301227.51317,67816.00856283262,2657306511283.1606,3809617657953.4097,1312.17906319148,-80979432063.55197,-64166386789.41097,67819.42779576569
1316,0.0006580000000000002,-83073753519.77715,-61347635336.93467,67835.7220010834,2332118194948.424,3833683962888.6787,1289.8486195026865,-83058553096.53186,-61351572403.78309,67840.76269470021
1317,0.0006585000000000001,-85056852196.22116,-58462445535.94778,67826.47728265497,2041427902354.1484,3856157865162.671,1269.4089406811017,-85042432194.33308,-58466026306.11167,67812.93452223047
1318,0.0006590000000000001,-86939025332.09636,-55514737245.129425,67806.81613194234,1781325602500.6729,3877032636184.172,1250.713469513554,-86925281732.23099,-55517971962.3473,67850.44619009523
1319,0.0006595,-88717707920.13782,-52509142520.5817,67769.88260636735,1548384617827.9753,3896370752281.95,1233.6209004728817,-88707516491.30571,-52507079157.57706,67851.66796117362
1320,0.0006600000000000002,-90394753346.20891,-49443188059.338005,67788.59335596165,1339722720095.8435,3914202198300.456,1218.0121911884319,-90384986538.20015,-49440512819.75329,67876.74567663895
1321,0.0006605000000000002,-91970889020.51105,-46314625086.11651,67896.15465647895,1152578190364.4163,3930654290841.4785,1203.7569011346195,-91960989663.75719,-46311831917.196335,68134.00473498988
1322,0.0006610000000000001,-93441086434.65106,-43131356212.08664,68001.73623421762,984561960178.7645,3945796799712.895,1190.7444499558294,-93431833974.09074,-43126877398.68893,68140.23178362027
1323,0.0006615000000000001,-94801509263.2801,-39900908956.51724,68064.85072724814,834089815697.2733,3959541732769.545,1178.9202138455676,-94791903078.31879,-39896957675.78733,68185.52572059531
1324,0.0006620000000000002,-96054197160.67738,-36618287164.17391,68195.72538490457,699946541795.0769,3971858953868.764,1168.2360660844847,-96044732353.45076,-36613311055.88028,68325.74466939985
1325,0.0006625000000000001,-97193627471.2171,-33295616767.31132,68273.55127701958,580718307710.2117,3982874413694.1504,1158.6088059254862,-97184554293.9582,-33288808406.7216,68397.11056339058
1326,0.0006630000000000001,-98218805207.55296,-29935987308.389236,68332.2394343043,475528614340.36957,3992507907350.0645,1150.0070735694674,-98208091903.6352,-29933856873.59841,68176.91562850102
1327,0.0006635000000000001,-99124802070.78052,-26556122841.847137,68251.75643251231,383501042139.8489,4000790944952.2793,1142.3887934154275,-99113654789.85635,-26556313492.44621,68180.04629750818
1328,0.0006640000000000001,-99915017069.32507,-23148106759.279354,68223.43575804598,304076162069.56213,4007668516899.8286,1135.736176029355,-99903332362.91975,-23151381925.18174,68114.68471368743
1329,0.0006645000000000002,-100587341873.6754,-19721233925.917202,68167.90698722779,236355701836.98047,4013273069299.404,1129.9911184546909,-100576306364.24599,-19722938326.411064,68177.22251790666
1330,0.0006650000000000001,-101143300895.05408,-16270018983.148485,68194.45141195325,179742106256.39474,4017579698345.2197,1125.1283060207736,-101132583824.28917,-16270035058.747292,68284.93388418632
1331,0.0006655000000000001,-101581232797.91934,-12801964485.44633,68226.35733878956,133628854401.64708,4020632630973.124,1121.1144115020063,-101570809714.79335,-12799700434.70552,68380.4530557025
1332,0.000666,-101900607136.86592,-9320728628.553383,68264.61616742505,97666976775.99577,4022399899074.9146,1117.9352997731328,-101889985327.04147,-9319774884.858753,68259.41272628319
1333,0.0006665000000000002,-102100588480.76083,-5835143689.373744,68258.38534168739,71595536570.63559,4022876773958.7856,1115.5769854598643,-102090007526.05719,-5833333351.440938,68232.31509347628
1334,0.0006670000000000002,-102181451484.10284,-2347607117.2894006,68246.989884798,55242147602.91556,4022053585963.142,1114.0293727972248,-102170779155.18047,-2345468882.5051866,68224.43904412814
1335,0.0006675000000000001,-102143348379.05457,1140406154.3944712,68258.83735666503,48454810012.77394,4019937704288.9736,1113.2813410170993,-102132607321.04091,1141135347.343192,68267.78394215021
1336,0.0006680000000000001,-101986325425.62431,4622353404.631986,68257.36325301454,51153980867.93527,4016522105141.5664,1113.327089424088,-101975525953.7757,4624056754.921191,68286.52840987728
1337,0.0006685000000000001,-101710526101.09845,8098508344.725981,68292.48824049589,63339684714.27159,4011791803251.0244,1114.1659893123058,-101699794617.53609,8097472915.396009,68251.39126088221
1338,0.0006690000000000001,-101316736546.57639,11557143189.969065,68268.89219851507,85103318314.59885,4005725678774.283,1115.801768838478,-101305977301.74709,11556551557.92437,68299.44495242492
1339,0.0006695000000000002,-100804944831.86841,15002597236.355833,68299.92217901388,116554580754.96007,3998319221025.839,1118.2368691580305,-100794344040.95015,15000172300.97865,68265.475817932
1340,0.0006700000000000001,-100176545669.88078,18423840976.766544,68287.49487745724,157952580361.60233,3989531637599.6094,1121.4842133740985,-100166114942.62526,18420721892.223034,68333.10033182449
1341,0.0006705000000000001,-99432011341.57207,21820543177.94003,68289.98557017565,209547860367.1829,3979358538156.865,1125.552095338157,-99420800403.68149,21821201261.08506,68385.71338960128
1342,0.0006710000000000002,-98572376447.11021,25188184126.65749,68293.99290966419,271729143327.54697,3967759004212.913,1130.45850072459,-98560466574.73555,25191288651.743477,68304.44521441552
1343,0.0006715000000000001,-97597449941.852,28527624818.521366,68347.45925525148,344964348619.8171,3954699991013.3115,1136.223930533482,-97586145014.64491,28527466994.173805,68376.43601162625
1344,0.0006720000000000001,-96509989114.622,31828228506.805775,68357.10873458406,429925350147.84454,3940108822095.391,1142.881743751742,-96498903400.43977,31827135922.497704,68367.73103674961
1345,0.0006725,-95310987623.85146,35088013262.50099,68363.48271385276,527203528937.9563,3923989632275.037,1150.451173230247,-95300355848.54436,35085328925.62308,68357.63670787528
1346,0.0006730000000000002,-94003442346.4933,38299377767.55498,68328.12720963219,637577417919.4047,3906283623544.4175,1158.9659082178212,-93990880741.98836,38301497831.5948,68470.35241521077
1347,0.0006735000000000002,-92583827312.01915,41471918862.27372,68410.5196428702,761844365808.363,3886973717468.371,1168.4551589387397,-92570242893.90718,41475362916.68702,68691.98458154066
1348,0.0006740000000000001,-91054431400.39066,44598139122.945625,68515.66198852532,901475880367.4905,3865851191357.4067,1178.9997155011192,-91040474294.16014,44601145119.25049,68688.98081001641
1349,0.0006745000000000001,-89417291566.09149,47672654259.85223,68616.41108831577,1057903465109.014,3842874792964.4697,1190.6551318619352,-89404303949.10136,47672790126.20743,68613.9615983625
1350,0.0006750000000000001,-87676725234.38173,50686764530.06646,68661.60880765472,1232663231482.2112,3817992230441.192,1203.4759807155858,-87663380661.01807,50686822237.24908,68786.01469273564
1351,0.0006755000000000001,-85833760856.16278,53639123592.651344,68701.66183997448,1427288749217.9626,3791188970415.047,1217.5104324025283,-85819201935.51903,53640692878.936806,68853.94698755232
1352,0.0006760000000000002,-83890369454.61926,56526485660.83947,68742.00684483338,1643799609217.5032,3762330401998.1353,1232.8404679515766,-83874472028.72508,56529246291.210304,68949.84687825113
1353,0.0006765000000000001,-81843488538.60274,59352988578.748955,68868.36126587029,1884624010107.895,3731292854230.635,1249.5599769131904,-81826998874.39554,59355475849.55306,69069.91154756185
1354,0.0006770000000000001,-79701935765.27408,62104893631.047844,68927.26751131627,2153179459498.77,3697793107839.314,1267.8157089246654,-79683821427.91411,62108540225.95552,68940.4379288387
1355,0.0006775000000000002,-77465986097.15234,64782204994.67685,68987.37679804162,2452527067043.4116,3661900855924.589,1287.6819278970693,-77449506608.28365,64782935197.445724,69025.2783094917
1356,0.0006780000000000001,-75143269608.18546,67375688073.36642,68977.81377126103,2786671382327.373,3623402954069.497,1309.2935095127946,-75126075975.72919,67376779442.99414,68993.4303345867
1357,0.0006785000000000001,-72736045362.57892,69883809118.46188,68944.81189479397,3159814127761.743,3582267804555.345,1332.7631754582292,-72718709058.60405,69884449429.62062,68878.55945487061
1358,0.0006790000000000001,-70243751439.012,72307725720.58124,68946.21044629297,3577300114205.2466,3538278403511.238,1358.2555014688066,-70228294417.59367,72306011908.92693,68875.57168882393
1359,0.0006795000000000002,-67672695548.119255,74641239662.98677,68925.38005912291,4046194562551.4937,3491077409337.429,1386.0039962195503,-67656028709.84591,74640269981.97212,68940.67853368066
1360,0.0006800000000000002,-65024532074.74446,76883363080.8325,68911.50051896668,4574536420996.032,3440518906182.0723,1416.2199355882547,-65010598151.317085,76879611684.1999,68668.33469285705
1361,0.0006805000000000001,-62311067521.0098,79024547266.3507,68809.0369972626,5172386502146.471,3386278360185.565,1449.1737232779287,-62301507282.18677,79017249721.42325,68520.19985676344
1362,0.0006810000000000001,-59531778685.903145,81066853210.93118,68705.17558408134,5850745186105.904,3328334212310.087,1485.0871830939504,-59526433920.19571,81056661647.54317,68310.28680027984
1363,0.0006815000000000001,-56694188019.75372,83005727653.15405,68562.82497286098,6624213338560.718,3266187592592.26,1524.3242009144517,-56694894647.279655,82991915892.35556,68110.10319624594
1364,0.0006820000000000001,-53805910485.87174,84837533871.9729,68364.95856984168,7510548002553.843,3199527311796.722,1567.274610802206,-53803677393.04274,84826525542.22095,68161.87586026917
1365,0.0006825000000000002,-50858086598.744675,86569581032.21582,68254.3576993439,8531577671813.272,3128037041738.435,1614.3694838127487,-50852731531.157074,86560848799.50491,68137.00589595533
1366,0.0006830000000000001,-47857053111.772064,88198175485.4809,68168.7353254246,9718199153455.21,3050624280856.012,1666.3385368869635,-47849865027.01881,88190619630.33449,68019.41673136536
1367,0.0006835000000000001,-44805982706.64429,89722012185.44556,68101.78796393274,11109928410973.791,2966601378767.807,1723.9721642066543,-44790152809.18736,89718869092.7114,68299.50346429044
1368,0.0006840000000000001,-41697315028.42354,91145008325.99539,68135.07850810938,12758535555170.273,2875114261901.2505,1788.2130511459254,-41675053463.020546,91144194070.33324,68307.74018660054
1369,0.0006845000000000001,-38548606117.98069,92458285398.6316,68118.91398270689,14736326016953.861,2774557149361.709,1860.4194438957145,-38514753849.04479,92461527385.53531,68377.32218935754
1370,0.0006850000000000001,-35349966086.32044,93666491129.91568,68173.1622073997,17137423386264.137,2664113897719.598,1942.0171156386896,-35312792879.59114,93669656455.0227,68321.95289857766
1371,0.0006855000000000001,-32117508817.632442,94762799961.04565,68182.18953169424,20097013926740.48,2541510144511.8247,2035.1378056324643,-32079215668.77117,94765042946.64319,68203.81483073064
1372,0.0006860000000000002,-28847508292.830017,95748950356.19188,68213.86169120048,23803480762095.65,2404970688625.267,2142.3556814116396,-28808972948.278687,95749839470.8789,68362.44355709909
1373,0.0006865000000000002,-25552079822.254887,96621113312.73625,68206.92913032329,28535241653777.45,2251307993488.297,2267.3523183371667,-25505723694.28757,96622777578.06935,68410.20962798581
1374,0.0006870000000000001,-22224220375.168457,97381618212.19463,68241.02969394428,34708094151026.527,2077036865892.46,2415.0958023368507,-22170006249.922024,97383344721.68857,68546.07617720647
1375,0.0006875000000000001,-18875808088.2327,98027280373.92552,68255.37822629785,42975842773165.695,1876509189568.6353,2593.027446904149,-18808280823.948982,98029681725.61401,68515.83504689872
1376,0.0006880000000000001,-15511655008.278105,98557506747.80684,68252.46603408061,54389793758668.84,1643220252850.9033,2811.952975422293,-15429892990.282104,98559815243.94547,68580.36378222772
1377,0.0006885000000000002,-12125008684.901226,98973595390.34047,68291.64439968893,70704543761357.19,1368864118419.8025,3088.2159676187093,-12033935197.13698,98974089501.41249,68654.44726621761
1378,0.0006890000000000002,-8736937904.919832,99272459864.54585,68278.20777279447,94951761469970.92,1043936086841.256,3447.239425153023,-8626556094.780008,99271568511.92468,68643.00416757146
1379,0.0006895000000000001,-5348756541.915098,99455035349.98389,68241.91197105918,132332950446499.98,667782630481.6115,3925.466353216115,-5211139987.069771,99451997182.44257,68671.2340487667
1380,0.0006900000000000001,-1961053815.4569228,99522009984.97275,68203.94674912927,190877598485681.47,277548541329.16974,4561.464589138252,-1790617439.6544814,99515093178.80977,68762.28825294731
1381,0.0006905000000000001,1431818890.9569957,99473726401.9128,68199.13375351675,276491926135554.34,47245283289.36869,5319.862679436234,1626517471.0828252,99460684390.63359,68638.01222903532
1382,0.0006910000000000001,4862608788.470045,99308432633.03836,68336.0050039895,363463719883254.7,425210002491.41187,5835.189801513424,5035954468.914701,99289207849.49489,68614.24935333131
1383,0.0006915000000000001,8370933610.938142,99019065407.25032,68705.27190723742,365782502030729.44,1631862855635.1223,5439.564318004733,8436655110.08589,99000910856.06009,68766.77780173188
1384,0.0006920000000000001,11843738949.621922,98607962263.32431,68943.40779895986,270952138399450.38,2742194022361.355,4448.893182299141,11822458636.200504,98596361442.46394,68598.27356500537
1385,0.0006925000000000002,15255257215.539461,98080886025.4948,69025.06394719133,173713747792593.2,3163007830917.305,3739.9985778342316,15182606120.471395,98077400998.85565,68448.83417983734
1386,0.0006930000000000001,18619039115.553688,97440202679.39908,69022.70968486197,110871044883542.69,3191064919843.2925,3413.3435940501017,18523341912.437912,97443620460.37192,68657.04228635464
1387,0.0006935000000000001,21934258715.582165,96688945780.45938,68942.60564167796,74386665585082.17,3120657829756.984,3266.0743503297836,21845176702.41115,96694688814.88745,68688.96286787417
1388,0.0006940000000000001,25213889974.957848,95826567998.25763,68839.88442766541,53112626880411.75,3074296927813.3647,3148.097245364139,25143362583.079113,95831069327.44557,68825.83397701294
1389,0.0006945000000000001,28458810866.09111,94853589234.30702,68737.04758748667,40132703738565.51,3081775330953.4336,2990.2320015974133,28408629448.111465,94854972890.87256,68722.20637908304
1390,0.0006950000000000002,31678385284.060143,93767278704.02992,68711.22113348274,31644016641677.0,3129227539920.845,2785.649301090335,31634280026.17223,93768489202.10475,68750.6935662898
1391,0.0006955000000000002,34852975863.88548,92573271470.5089,68666.47357194906,25642628786555.418,3190616049001.734,2562.5846853142166,34817043618.151566,92573132984.944,68677.32287933523
1392,0.0006960000000000001,37993985199.247665,91267625114.44696,68702.92843398884,21135111424635.52,3246369027792.2905,2354.0540146903595,37954936372.18653,91269914468.22174,68704.55586290303
1393,0.0006965000000000001,41078713076.39949,89858887742.36661,68677.01965292782,17627273879872.527,3291657331148.198,2178.164701727506,41043705798.595894,89860783072.7341,68699.25412970498
1394,0.0006970000000000001,44107560561.8428,88347968914.18994,68629.58705251059,14854224775441.117,3328985009309.525,2037.6151384437464,44078475706.7766,88348280701.92888,68652.13829308913
1395,0.0006975000000000001,47080619478.214264,86735430854.91098,68591.98600525252,12640019895827.629,3363537998368.6675,1926.2909181790694,47055307175.335526,86734795447.67107,68718.19137177737
1396,0.000698,49998703625.40176,85020953107.92078,68595.32847950674,10850943326975.996,3398775516352.871,1836.109946688608,49977453296.81466,85018773244.88545,68727.36558065849
1397,0.0006985000000000001,52861306669.36849,83204374298.09186,68653.84097955306,9383190507596.287,3435683662758.4883,1760.532452410891,52842770850.20177,83200994611.66432,68799.80146692219
1398,0.0006990000000000002,55658504250.28773,81291289490.21538,68695.91909416788,8159057112344.813,3473663645480.1084,1695.3209278577249,55637869135.63301,81289786212.31726,68747.7454459445
1399,0.0006995000000000001,58385841892.582375,79284899838.34995,68715.41628700796,7124020474447.223,3511392127570.6753,1638.0893425054978,58370697432.8972,79279953505.64403,68987.78518607892
1400,0.0007000000000000001,61046590958.307304,77182957059.18532,68782.01412558508,6239406490028.216,3548015984822.0693,1587.3824213902292,61035929534.52861,77174640313.6771,68977.2226942756
1401,0.0007005000000000001,63637090302.67572,74987563169.15804,68878.00956357371,5475940571763.322,3583365208854.559,1542.0839526506688,63625462147.937675,74979940875.27596,68969.076160737
1402,0.0007010000000000001,66149917571.95888,72704348414.31036,68949.69711490735,4811812443038.96,3617250969483.0605,1501.3600451759996,66131226549.3849,72703145601.81299,68821.03847523274
1403,0.0007015000000000002,68575188437.24523,70342508798.06055,68927.11167879871,4230944051754.073,3649430209956.069,1464.608750193093,68556627458.933556,70341784398.18185,68931.10151119198
1404,0.0007020000000000001,70919564069.17236,67896722092.663826,68952.32354573932,3721392701926.836,3679670925235.5386,1431.3900724963441,70898717166.7423,67898974184.61293,68938.95305505645
1405,0.0007025000000000001,73175192968.77972,65374798349.750496,68945.77041071032,3272013693181.752,3708316181905.867,1401.2026113134189,73155602714.45174,65376518605.308586,68968.64145192869
1406,0.0007030000000000002,75343281220.21918,62775882665.85029,68968.12481675057,2874304411507.7383,3735252543587.788,1373.716477278154,75324698190.77603,62776990841.25745,69154.73966430662
1407,0.0007035000000000001,77423534900.57759,60099914068.14191,69042.2232282283,2520877076792.725,3760591779750.036,1348.6286824161552,77409673556.78096,60095400230.305046,69330.61970745571
1408,0.0007040000000000001,79416528563.27713,57344977942.291435,69199.94107432532,2205555249825.636,3784412343775.2876,1325.681526176279,79402336804.60564,57340601740.637245,69539.96471662004
1409,0.0007045000000000002,81313657953.91817,54521066580.63307,69322.69172437499,1923166263164.5283,3806792578561.2437,1304.6532457451167,81301655375.44682,54513296785.65045,69649.34663494646
1410,0.0007050000000000001,83116972158.21657,51624486675.938416,69502.58247977069,1670230342058.7769,3827554456612.6646,1285.426555385588,83105079299.32507,51615856820.13593,69803.50904956096
1411,0.0007055000000000002,84819982799.07239,48663651950.78579,69654.06653429294,1443368982082.8806,3846844499661.95,1267.837057211687,84807517135.13643,48655326608.20217,69866.48108033837
1412,0.0007060000000000001,86420414373.46109,45641662689.658676,69792.85946445282,1240130147753.4814,3864586249045.9395,1251.7831370901768,86405687792.79466,45636958342.60595,69900.77933474843
1413,0.0007065000000000001,87914088577.1631,42565547961.288475,69886.36050297365,1058318835443.1394,3880811123562.1167,1237.16395146564,87899011613.6619,42561419963.96935,70024.48427909845
1414,0.0007070000000000001,89300715043.93242,39435707844.56995,69990.92008543901,896129449728.6809,3895509151175.3525,1223.9001151557402,89284100036.17148,39434785815.99306,70011.38615158384
1415,0.0007075000000000001,90573496918.07988,36266850538.73357,69984.3669909967,751769939522.7538,3908762888358.4844,1211.9005020302986,90556849825.85872,36266393737.01204,69999.19494226888
1416,0.0007080000000000002,91733785223.50232,33057785063.60218,69975.3484299205,624063161990.0173,3920478325037.748,1201.1263985993876,91716655622.16646,33059462649.23332,69932.44185853383
1417,0.0007085000000000001,92779991044.59584,29813546356.103664,69954.13790738305,511626121062.9436,3930769938589.9478,1191.5019118066093,92762604561.9763,29817046934.480385,69832.96262008726
1418,0.0007090000000000001,93711255839.68106,26537827173.991207,69930.39857495844,413303642504.99915,3939661014769.2964,1182.9691997182535,93694455473.15082,26540514702.390865,70004.63591692792
1419,0.0007095000000000002,94526658271.60861,23234877408.019997,69903.54383135159,328111115585.994,3947170492259.2793,1175.4803874450056,94510377636.1331,23236457373.800716,69793.92052140525
1420,0.0007100000000000001,95225515704.01468,19908671322.035183,69876.39179888122,255237930586.5466,3953310412884.488,1168.9950105093,95209092063.68782,19912208475.843216,69813.97883361274
1421,0.0007105000000000001,95806857558.97043,16565338735.665888,69828.33384359172,194012751816.12665,3958093157320.5474,1163.477342039319,95790619105.15842,16569632516.237625,69833.21467398257
1422,0.0007110000000000002,96270978965.47665,13205831614.78483,69802.49337467198,143909071056.24625,3961518925808.7295,1158.8991971468693,96254919910.24596,13210834810.730825,69708.62588290204
1423,0.0007115000000000001,96616591187.8161,9841305857.232746,69715.70119695626,104447168314.58511,3963610893853.001,1155.230980548315,96601147564.07986,9844553720.77969,69658.70610406212
1424,0.0007120000000000002,96844877986.36661,6468231449.276373,69676.92561514366,75316047256.18468,3964349015649.574,1152.4570613660287,96829911431.6984,6468318003.13229,69707.89138864283
1425,0.0007125000000000001,96955620958.04587,3090306570.185128,69666.47459137885,56192187969.67356,3963762653712.97,1150.554616684967,96940657794.73291,3091927790.2346306,69628.05805228678
1426,0.0007130000000000001,96948666026.41254,-286104407.3842985,69647.07508750714,46887997931.66663,3961838357124.581,1149.512110680238,96933805978.78244,-280286958.6672119,69577.5932070236
1427,0.0007135,96824401460.30267,-3652024080.8385663,69573.06554188477,47315542766.2516,3958559771996.0415,1149.3240003645913,96809737305.09125,-3649630151.8671637,69500.57776445133
1428,0.0007140000000000002,96583621170.04092,-7007020626.566739,69508.67276541733,57432052188.238205,3953923849377.1587,1149.985051644817,96569084372.14159,-7004988518.226269,69473.262822954
1429,0.0007145000000000002,96226421000.31235,-10353790258.40747,69518.2316526228,77255902902.82652,3947925163305.963,1151.4926331468735,96212335143.30087,-10347569955.228144,69547.15925118772
1430,0.0007150000000000001,95753815042.39265,-13680662503.23507,69486.42993397506,106947287192.61852,3940528089664.877,1153.8544938892896,95739947590.28932,-13674179698.46612,69484.48268514127
1431,0.0007155000000000001,95166443083.92082,-16986645970.985064,69464.45076401223,146683210849.61206,3931724384522.069,1157.0760545444184,95152594596.85631,-16981050209.257957,69596.14315636788
1432,0.0007160000000000002,94465031914.16801,-20268630848.818497,69456.16280548036,196745841021.2566,3921484638714.903,1161.1693527331558,94450111714.80624,-20268667937.51062,69537.40451219046
1433,0.0007165000000000001,93650607520.89665,-23522293991.549206,69450.68865705459,257516641076.03226,3909773541428.632,1166.1519467448136,93635294803.60814,-23523504167.157627,69411.17573869784
1434,0.0007170000000000001,92725105908.36317,-26740712827.910656,69414.67465491389,329459313994.3222,3896558165720.1914,1172.0443632489873,92710063559.13428,-26740618888.351616,69363.22647051232
1435,0.0007175000000000001,91689968494.45956,-29920658247.73652,69368.67557593426,413066371495.1383,3881823147937.638,1178.8653983076115,91675606684.0507,-29918326551.439163,69262.05684598815
1436,0.0007180000000000001,90547604021.45644,-33056235841.39246,69294.12347888268,508961744663.9373,3865526340852.993,1186.6424497885282,90533967579.32587,-33052080779.9974,69139.10209969302
1437,0.0007185000000000002,89300108981.70178,-36143704016.674484,69202.81618462433,617834853201.1453,3847642316932.7114,1195.4030868360028,89287171537.8628,-36138131153.18807,69092.76417957443
1438,0.0007190000000000001,87948588173.37923,-39182072126.29108,69129.47142887095,740521089591.843,3828126254457.1426,1205.1820976622123,87934429700.36935,-39179739896.05014,69106.88034586023
1439,0.0007195000000000001,86493538389.05562,-42171042640.32067,69099.95155722312,878113889739.7843,3806893821326.3413,1216.0294099142602,86480095814.01923,-42167032205.63371,69033.93088137239
1440,0.00072,84939477478.02315,-45101581101.81256,69032.26747193874,1032002626880.6089,3783837325670.888,1228.008873142833,84924780614.66476,-45100036467.47236,68982.97147384999
1441,0.0007205000000000002,83285772569.31459,-47976181281.63692,69008.1602162671,1203481856066.4233,3758963994803.9604,1241.1609822785765,83270482670.97482,-47975368775.72519,69021.78912877127
1442,0.0007210000000000002,81535845084.19086,-50788939846.4217,68978.54784977439,1394395035281.0596,3732111666417.8657,1255.5685909770277,81518957051.38345,-50790287386.8693,68845.69676245899
1443,0.0007215000000000001,79690478670.49274,-53539107009.34761,68973.90317813131,1606688432282.4524,3703223371405.416,1271.3039682376007,79676284164.08543,-53535661129.23826,68902.52076279074
1444,0.0007220000000000001,77754519607.13577,-56219581993.49055,68937.79219132251,1842795647628.761,3672156006490.5405,1288.4642393355837,77740495860.9509,-56215704650.72186,68855.99640332733
1445,0.0007225000000000002,75730446560.0231,-58827815272.45335,68889.01496534681,2105249581683.6123,3638872551161.8247,1307.1308629110847,75715105052.05028,-58825555448.99659,68890.49204657105
1446,0.0007230000000000001,73621581776.8072,-61360305502.90695,68825.22693063927,2397114923411.823,3603245905011.703,1327.410583913895,73605105234.07698,-61359187542.59634,68654.42088804132
1447,0.0007235000000000002,71430048860.0491,-63815340986.40911,68764.76725293264,2722000482219.1826,3565147235575.0913,1349.4257465985288,71416403451.88112,-63810720315.318565,68577.18456511786
1448,0.0007240000000000001,69164075004.81563,-66184519340.19093,68634.34945945746,3084338332308.7124,3524391399753.1904,1373.3274581257015,69149413707.10147,-66181004739.96975,68450.45543051013
1449,0.0007245000000000001,66814558375.68528,-68478793321.90239,68628.7676148826,3488756132468.2764,3480979031007.3926,1399.2320964131789,66803173828.82408,-68471827550.6966,68523.00107733544
1450,0.0007250000000000002,64397956974.79213,-70681499683.55547,68517.70632135846,3942637413527.9478,3434289803538.8306,1427.4334645811887,64383608331.311874,-70677372521.5407,68426.45522089729
1451,0.0007255000000000001,61908964755.92914,-72799197683.89667,68455.04173295984,4452700356730.837,3384540595494.71,1458.0611339873471,61895221484.09034,-72794416381.31595,68356.44993381416
1452,0.0007260000000000001,59350540138.31043,-74829479363.31287,68419.36909990042,5028553242437.829,3331217242287.1455,1491.4107731635252,59334283062.61045,-74826479922.69456,68546.61694431998
1453,0.0007265,56723815963.76766,-76771526739.7046,68419.32023879842,5681981563859.292,3273957461906.8726,1527.8180162142469,56706856395.383575,-76768611105.4684,68513.58839165738
1454,0.0007270000000000002,54032524062.84049,-78622409607.09566,68431.79641260713,6427812690220.878,3212327713374.518,1567.6793838243436,54012849309.984535,-78620897984.20377,68493.39157068392
1455,0.0007275000000000002,51279829863.23677,-80379906573.775,68451.0664786691,7284322623523.507,3145924036626.386,1611.436858316182,51254347318.856064,-80381425736.33563,68671.50668044171
1456,0.0007280000000000001,48467280552.36337,-82042959206.44382,68489.75609788478,8274506315990.009,3074246841878.793,1659.6167791810901,48433815582.53635,-82048189026.63344,68825.71723544878
1457,0.0007285000000000001,45593761539.66029,-83611854790.89622,68578.08309499253,9428132171987.178,2996611767120.768,1712.884832282357,45551138183.20787,-83620628419.13286,69078.67531041516
1458,0.0007290000000000002,42656825826.68836,-85086931476.6115,68742.22827780336,10784916281923.732,2912059350060.357,1772.1159353034998,42610060618.12652,-85095803130.67879,69110.69094181426
1459,0.0007295000000000001,39666722303.6388,-86461586880.29738,68890.60627190533,12398815571318.225,2819349198452.027,1838.4539818638239,39619712422.3606,-86468430086.66196,69086.15831625406
1460,0.0007300000000000002,36639222105.47389,-87728259450.91719,68932.02545932877,14340287913011.828,2717585614727.8086,1913.1621424674465,36590891572.887054,-87733819618.77084,68970.52167967793
1461,0.0007305000000000001,33576656414.70704,-88887001819.2369,68920.52238961817,16701233085273.525,2606028444985.3237,1997.6376025558554,33530144632.28106,-88890210054.51173,68784.3977868704
1462,0.0007310000000000001,30481592973.968376,-89937611779.32542,68885.95869820948,19609639527193.754,2483011449076.839,2093.8344022127335,30442632155.910564,-89936736397.8831,68585.52229884986
1463,0.0007315000000000002,27352764004.92178,-90881025311.79048,68871.8567808947,23249019965902.203,2346219871935.362,2204.475832453316,27319052082.672684,-90877270950.16695,68912.51445354824
1464,0.0007320000000000001,24200557483.390705,-91714203339.2638,68827.58411567792,27891332595962.863,2192417604941.1936,2333.4186450254438,24157447267.57604,-91712018701.67256,68980.10140712901
1465,0.0007325000000000001,21027327487.130116,-92437257105.97353,68773.88131129212,33943945877084.305,2018062854858.2756,2485.8608584543035,20966113797.65233,-92437939019.16772,69035.97782545158
1466,0.000733,17820260775.98218,-93053384424.22351,68810.71432249984,42040192739489.89,1818176363775.5364,2669.2765566214075,17751594294.621563,-93053275528.66617,69073.8788600159
1467,0.0007335000000000002,14602427435.728289,-93557170189.61783,68799.77862434754,53213529687713.09,1585081361353.838,2895.2231849226337,14517148295.135107,-93557339746.8242,69176.0806545143
1468,0.0007340000000000002,11365011889.020685,-93950666494.63303,68822.85291050632,69175051948584.17,1311379551835.3997,3180.566287913005,11268550424.386509,-93949147550.70982,69067.79893584942
1469,0.0007345000000000001,8124791941.122326,-94231512225.99635,68806.06099888012,92861411422069.69,988590022211.2233,3551.2474078706437,8013483064.633104,-94228010929.6044,69076.8908688845
1470,0.0007350000000000001,4884184593.309549,-94400356411.35211,68769.46868375635,129252809934830.88,618059796213.7888,4043.8498868898955,4754390816.116578,-94394140025.86444,69058.57286119396
1471,0.0007355000000000002,1647108732.7795649,-94457681238.75354,68719.10127487469,185796148002473.88,242368361273.28116,4694.103062571473,1493199248.2775736,-94447660291.34631,69061.51463944915
1472,0.0007360000000000001,-1598696925.0406587,-94404119013.08049,68719.20856100006,266965381084662.84,45067006895.14828,5453.394940410733,-1766793511.408749,-94388632018.4382,68984.67682266019
1473,0.0007365000000000002,-4880390396.447237,-94237666407.73807,68858.738155865,345825035465626.6,466548955813.9783,5933.1385219254125,-5012783475.966519,-94217716554.09163,68816.01481237271
1474,0.0007370000000000001,-8210477716.445644,-93953183454.99445,69149.27018304917,343093717421021.8,1667244886126.5251,5493.656190129449,-8240558393.148947,-93936008212.38525,68525.57380928092
1475,0.0007375000000000001,-11522675799.926937,-93551486758.56354,69373.63903153465,253640809948899.1,2730380529688.1997,4502.507640865601,-11448040252.468143,-93544719709.0619,68578.93308893376
1476,0.0007380000000000002,-14732739897.690298,-93044749908.9139,69318.03073872312,163618260268873.88,3130185892185.8657,3800.625951929561,-14639818124.325197,-93043777056.82805,68573.64457436926
1477,0.0007385000000000001,-17917435271.366566,-92428763425.73268,69254.18203082234,105233606316605.27,3154102862402.6665,3475.6899945139594,-17814451384.925346,-92433324195.97852,68727.12824988084
1478,0.0007390000000000001,-21055793516.84504,-91708450202.5232,69115.97499214769,71065108063248.39,3083923125664.32,3328.977158136298,-20969817841.17855,-91713482470.30885,68875.94897299047
1479,0.0007395000000000001,-24184712257.143764,-90877203389.34004,69060.2721642051,50995808804848.445,3036434069857.8755,3213.417551066951,-24103207925.523113,-90884349619.19104,68955.4831629263
1480,0.0007400000000000002,-27267590483.62968,-89943287387.68332,68939.91970720889,38667397281853.78,3042234478054.2676,3058.907089316045,-27207369973.327305,-89947427772.28937,68940.7964904934
1481,0.0007405000000000002,-30323765855.017464,-88902201229.497,68884.30696229335,30567411776662.93,3087476400563.798,2856.9414864762875,-30271615727.684334,-88905971518.45096,68805.20879615037
1482,0.0007410000000000001,-33335080938.96982,-87759449627.1188,68804.67848908703,24822998623261.047,3147414323895.2573,2634.029933267998,-33287461239.67347,-87763609350.45233,68655.88984682268
1483,0.0007415000000000001,-36296437059.673584,-86517814583.8455,68694.79720532206,20495753004538.082,3202645162081.1045,2422.975199291014,-36259254610.54838,-86519595667.81264,68721.49792914107
1484,0.0007420000000000001,-39229068483.31382,-85168960303.64217,68733.54007818537,17122522674889.096,3246965810779.1406,2243.347521901806,-39188505914.818695,-85173521254.8164,68758.14217319746
1485,0.0007425000000000001,-42102280022.256454,-83725427752.40416,68690.3122910891,14443260485824.76,3284133913443.604,2098.4915641618727,-42068042850.982834,-83728372697.23836,68748.9515040937
1486,0.0007430000000000002,-44921516209.157814,-82185755156.94086,68650.3609256075,12295497302103.219,3317988856939.6567,1983.3421153867628,-44892981641.29974,-82186997493.64803,68633.37060112481
1487,0.0007435000000000001,-47680902771.31013,-80553506792.23181,68590.77085086187,10555872815068.846,3352076277931.487,1890.174375685539,-47652670786.19468,-80555749970.63326,68379.07154337307
1488,0.0007440000000000001,-50378029313.476845,-78830789526.89226,68521.76058255223,9128832760242.885,3387444757504.691,1812.4387043679747,-50349086189.38159,-78834733094.74057,68406.69173023218
1489,0.0007445000000000002,-53012354312.14764,-77018515299.34746,68467.64717589776,7941466797045.612,3423691104728.701,1745.7020721113165,-52982685678.539024,-77024190015.40587,68304.59622471007
1490,0.0007450000000000001,-55577668969.81594,-75121299211.0602,68392.65765922108,6939525980949.483,3459982250338.56,1687.2523710642372,-55548025291.48395,-75128381562.30627,68200.28378325525
1491,0.0007455000000000001,-58069055734.85187,-73143652866.11264,68280.30388566117,6084248521170.875,3495406816699.271,1635.4958528503155,-58043704888.00474,-73148788795.21588,68183.14511322616
1492,0.0007460000000000001,-60491471717.57072,-71082678795.48033,68220.53277791756,5347656770008.469,3529416048791.277,1589.3775086638182,-60466402932.95895,-71088875776.84409,68108.09989424922
1493,0.0007465000000000002,-62834529832.50094,-68947338964.5159,68110.82765696534,4707646119483.299,3562074649707.9326,1547.9854821364129,-62815486354.357155,-68949447925.04475,68054.28550923638
1494,0.0007470000000000002,-65106400626.17702,-66731292062.67482,68089.13104158564,4148406760215.1885,3593052282914.541,1510.702823384473,-65090004502.11313,-66731583487.458115,68089.2646169829
1495,0.0007475000000000001,-67298879926.4523,-64442009408.06735,68058.10167543867,3656207887236.98,3622637041526.8906,1476.9031196421358,-67286679621.91392,-64438646721.30796,68148.39980481635
1496,0.0007480000000000001,-69416311457.56448,-62075220872.12525,68108.006896798,3221060131709.3423,3650627547885.189,1446.179107774374,-69405581631.25035,-62070317409.118515,68321.95119216919
1497,0.0007485000000000001,-71454951768.00359,-59634040083.45627,68197.10299931449,2834288520651.118,3677187559857.495,1418.1355558719372,-71441361792.42549,-59632405623.99905,68161.62333956572
1498,0.0007490000000000002,-73406203931.31,-57128084320.88291,68225.49965969191,2489234438546.933,3702260982085.307,1392.4869141986842,-73392395777.6056,-57126981851.13939,68206.4478074055
1499,0.0007495000000000002,-75268923169.31229,-54559512052.34033,68229.79242180585,2181192493645.1853,3725648001059.6895,1369.0593588215065,-75252001995.7956,-54563136269.664055,68020.51588933106
1500,0.0007500000000000001,-77039369601.65897,-51934041725.253075,68190.41094011163,1905940062864.6328,3747423681175.1167,1347.6562790342643,-77023083897.3081,-51937606781.91803,68224.4277254237
1501,0.0007505000000000001,-78720171200.26358,-49248658395.56178,68198.64189584732,1659905329378.7354,3767608861181.823,1328.1096641507681,-78706193770.5569,-49249243032.02376,68380.67122134281
1502,0.0007510000000000001,-80312077726.9334,-46501533141.25552,68288.49212287152,1439518824756.8728,3786378060663.7754,1310.2320289526851,-80298669942.60683,-46501223998.36356,68500.45162991367
1503,0.0007515000000000001,-81806917506.1846,-43705441300.55216,68313.03745758817,1241652071134.5793,3803816078201.9233,1293.868078503357,-81796084461.22151,-43700688480.65214,68543.78025204463
1504,0.0007520000000000001,-83208649132.1921,-40853533866.449646,68415.17109471056,1064385160237.8717,3819739208090.887,1278.9607284844215,-83198109845.26239,-40847696406.29893,68617.5609810271
1505,0.0007525000000000001,-84513557034.64412,-37951520990.55989,68530.22882543829,905539803444.4037,3834323764049.0703,1265.3868814485197,-84504142445.15073,-37942587288.881004,68851.00352588233
1506,0.0007530000000000002,-85720335492.84918,-35001022617.92555,68669.7119730557,763529997720.1582,3847537541356.4204,1253.0693317021453,-85711721128.69527,-34989095361.742874,68887.3092923128
1507,0.0007535000000000002,-86826895178.93192,-32005333289.941418,68821.76990297051,636990282274.6505,3859394642831.536,1241.9392035968247,-86817100005.47499,-31995151217.875267,68987.8890887111
1508,0.0007540000000000001,-87829800808.81587,-28972028790.397182,68934.81603602362,524800042437.7695,3869895521247.9067,1231.9395961436103,-87817747283.95645,-28967436723.71489,68947.77133931356
1509,0.0007545000000000001,-88726831459.71732,-25907465843.67755,68996.8850640396,426119047675.8486,3879006734533.1885,1223.0322244367132,-88714063705.22083,-25904927348.39755,69133.65332740791
1510,0.0007550000000000001,-89518166600.56232,-22811327167.594265,69074.50573162548,340204289691.48425,3886731609420.893,1215.1791168893133,-89505333271.13672,-22808384147.769962,69171.57195388626
1511,0.0007555000000000002,-90201319724.5848,-19692330041.637115,69106.11877739438,266255937632.68866,3893128852595.7407,1208.3308934833055,-90188676229.93243,-19688104240.360355,69130.86582498945
1512,0.0007560000000000002,-90776212098.00111,-16551857093.880892,69138.8638934541,203702159554.31396,3898173149742.5737,1202.4613799156175,-90763160896.05733,-16549591515.005198,69093.03691457171
1513,0.0007565000000000001,-91242114854.89038,-13393696093.179735,69171.77430214705,151984515160.00034,3901891589231.8276,1197.5393368971697,-91229219223.23396,-13389878325.842546,69332.33855290929
1514,0.0007570000000000002,-91598666626.47205,-10219887711.40144,69223.0626842565,110657539025.13045,3904288250790.909,1193.540246393833,-91585644171.78246,-10215501126.958029,69284.24303495052
1515,0.0007575000000000001,-91845374149.6109,-7032528874.713856,69301.6341880413,79365471397.0703,3905365890983.4023,1190.4438438662867,-91832042802.16785,-7029346952.863222,69350.5590987846
1516,0.0007580000000000001,-91981289055.05153,-3839406216.344814,69352.32179154427,57856942031.00795,3905117292516.535,1188.235643396025,-91967777688.73026,-3837316102.73736,69310.58271378982
1517,0.0007585000000000002,-92006149644.62494,-650170015.098062,69327.41459668534,45994869287.89736,3903521944633.2324,1186.9086408498247,-91992638091.17699,-648495208.4857568,69337.53528319384
1518,0.0007590000000000001,-91920576467.30928,2536537605.6876183,69318.34235842041,43682810758.1001,3900576069797.8184,1186.4558959322717,-91907042580.6236,2536594645.6814795,69228.3892773802
1519,0.0007595000000000002,-91725023371.11989,5710580879.587909,69250.73373917151,50853882057.90479,3896284773316.3843,1186.8699621253245,-91711649701.97833,5710115396.563575,69220.59138619911
1520,0.0007600000000000002,-91419768644.332,8877793482.027895,69254.55207815077,67497021565.959465,3890642602637.2803,1188.1480392178355,-91406376402.48065,8877142684.320702,69290.69478023061
1521,0.0007605000000000001,-91005771192.49744,12026347209.740292,69210.03485506453,93727587137.11847,3883621090261.7173,1190.2959893353168,-90992433737.3769,12025987804.86452,69172.29508075799
1522,0.0007610000000000001,-90483596254.39442,15156261321.918264,69180.21592577454,129684044582.28668,3875213749431.668,1193.318008922049,-90470070706.8673,15157395353.362888,69180.17659288946
1523,0.0007615000000000001,-89852978079.36208,18269636856.868374,69220.10150051903,175614875387.04968,3865391544181.4893,1197.2252844083337,-89839692556.23125,18268635504.988026,69282.26631995727
1524,0.0007620000000000002,-89115609444.79146,21356255584.290558,69226.99240908695,231945010396.2932,3854093015380.1284,1202.0416672448018,-89102334534.86037,21354919102.04504,69180.39122195939
1525,0.0007625000000000002,-88273135705.8947,24410615536.858448,69196.72727633173,299062710980.4224,3841314564809.1377,1207.7814220824291,-88259739203.93877,24409658201.248226,69167.09585111812
1526,0.0007630000000000001,-87325241223.8736,27435317906.13126,69213.96681541117,377403531447.10834,3827041112917.0483,1214.46106236641,-87311817930.85585,27433881952.059147,69228.9796905798
1527,0.0007635000000000002,-86274451350.65466,30421781213.0585,69202.13708152015,467670330940.7757,3811183464891.4375,1222.1200440256894,-86259972412.82607,30423017258.778873,69244.28043808961
1528,0.0007640000000000001,-85121766191.35037,33368157010.38914,69193.03581571295,570532001770.4888,3793732722807.2046,1230.785458514621,-85106952516.82956,33369555453.885372,69162.14565830618
1529,0.0007645000000000001,-83867826122.13356,36273122193.7007,69209.22676146161,686848134231.4087,3774627004863.897,1240.4971054418654,-83852001710.42078,36276238357.05997,69343.30845317034
1530,0.0007650000000000002,-82511676113.71297,39138378437.48931,69297.19871506044,817706229184.6537,3753779271783.148,1251.3084482490679,-82494590486.49358,39142964909.47287,69446.05587759383
1531,0.0007655000000000001,-81055540110.36443,41957604155.33601,69393.51596986229,964564028526.2068,3731048574838.4565,1263.2953230366356,-81039364634.42732,41959082105.52684,69510.34890718991
1532,0.0007660000000000002,-79503733586.61812,44721816592.55972,69432.19886115438,1128909613083.7542,3706387473643.4453,1276.5190394205058,-79485265140.82495,44726661306.94467,69511.6834390703
1533,0.0007665000000000001,-77856575024.67986,47430946835.23705,69476.72262864641,1312170688868.2153,3679803204603.606,1291.0249579470483,-77839723399.11342,47432068644.37438,69444.48224405118
1534,0.0007670000000000001,-76116389515.72455,50080954313.68893,69516.04755702696,1516279010359.8542,3651149849446.9375,1306.8998306372705,-76099851342.70047,50080856622.03953,69581.64281011834
1535,0.0007675000000000001,-74288220644.82674,52664265710.15162,69500.71990146393,1743474134007.5833,3620322085676.9707,1324.2375666851538,-74270507455.4539,52665309402.35158,69433.40182241322
1536,0.0007680000000000002,-72374837042.87936,55177944872.134674,69454.456399857,1996096468548.7744,3587298056764.9253,1343.1155121299885,-72356704383.32071,55179048803.50488,69413.72205959674
1537,0.0007685000000000002,-70375819294.25713,57623320311.13773,69440.92393561277,2276997592608.8135,3551961807673.6914,1363.6369950245933,-70357149102.71378,57624469988.4199,69549.59876978789
1538,0.0007690000000000002,-68292616808.76659,59998532561.44591,69458.93921794461,2589999845885.911,3514059501809.9653,1385.9605525469383,-68272348730.57715,60000769577.42914,69447.70332019302
1539,0.0007695000000000001,-66126990030.48312,62301278904.27649,69502.81384041438,2939714106167.864,3473382275628.4033,1410.260225319722,-66110029225.17469,62299060919.73529,69467.42256366451
1540,0.0007700000000000002,-63886740940.16333,64523060624.354904,69489.16180281382,3331631930882.1714,3429722921418.079,1436.7257770040476,-63871532175.089516,64518658817.59584,69383.88143425189
1541,0.0007705000000000001,-61575026796.92378,66661600025.78373,69443.27651234508,3771545203689.3667,3383062618190.4185,1465.5092164549892,-61559166198.85584,66657621153.96897,69398.28609789246
1542,0.0007710000000000001,-59194146292.8868,68715541846.030174,69390.08851440887,4266535787249.257,3333190087813.9307,1496.8170284102425,-59174836910.702065,68714248017.24026,69469.94276849629
1543,0.0007715000000000002,-56742613918.557495,70686614903.11513,69386.36795441456,4825497781033.202,3279792603514.1953,1530.9219028350196,-56719466168.23239,70687780314.5157,69463.81187494885
1544,0.0007720000000000001,-54223297753.62829,72572214043.17325,69410.05923931966,5460185638680.965,3222365966079.924,1568.1998865335386,-54198997033.238434,72573317491.80031,69444.73080345849
1545,0.0007725000000000002,-51643063466.225555,74367046217.58748,69407.73060083741,6185117698306.11,3160513604157.0312,1609.061376239048,-51616421229.75964,74368874113.80434,69473.07014761839
1546,0.0007730000000000001,-49002323194.98621,76071174902.06158,69419.51791871483,7017623319939.551,3093970800113.14,1653.9195059825156,-48975116314.06177,76072286024.85345,69447.12223881973
1547,0.0007735000000000001,-46304729858.481094,77682194867.65327,69434.73132140184,7980132868166.679,3022138129635.798,1703.3295775930308,-46276313420.79647,77683049350.43135,69514.28404038177
1548,0.0007740000000000001,-43553119868.58117,79198425864.57416,69455.87737830222,9101331063558.537,2944394380034.146,1757.962265203395,-43517748656.92579,79202044513.70009,69865.37427903744
1549,0.0007745000000000002,-40747881234.527374,80619552061.29872,69506.29668437656,10418600496087.252,2859977429802.426,1818.643983560251,-40706868161.52816,80624629887.5495,69620.822505369
1550,0.0007750000000000002,-37891918535.87948,81943650807.3472,69576.87271001577,11982041832065.543,2767834483420.2393,1886.4469380465027,-37849627418.654755,81947635267.11122,69792.12701889806
1551,0.0007755000000000001,-34991103152.994644,83167585078.60168,69638.6705455472,13859093767157.357,2666778066441.988,1962.711044596977,-34941223847.97017,83173085357.36874,70051.85390215063
1552,0.0007760000000000001,-32049154231.03782,84289676129.78462,69693.07229021667,16141160689109.547,2555508324658.22,2049.086568502429,-31995496240.4164,84294669272.88872,69773.60496328442
1553,0.0007765000000000002,-29071800746.77043,85307695687.1145,69726.68490374331,18955588169789.87,2432283119148.535,2147.7284673273434,-29017905856.61041,85310822949.92618,69820.92955691986
1554,0.0007770000000000001,-26062039289.37548,86220789128.55994,69751.88786036929,22483391746160.293,2294943699991.9473,2261.4796053844666,-26006519760.082264,86222452874.91476,69837.52899635896
1555,0.0007775000000000001,-23021653623.314373,87028470732.07584,69784.31515213092,26990079135339.07,2140533651631.8494,2394.2557119214234,-22967851974.789246,87027660299.6829,69776.29868236146
1556,0.0007780000000000002,-19963070087.839874,87727461367.49934,69766.04583218305,32877562149641.137,1965050189536.4155,2551.6056734881936,-19906077496.454895,87725578834.1894,69809.99326963487
1557,0.0007785000000000001,-16883841975.063272,88319086870.14885,69752.9408631616,40766401286445.2,1763912350804.1296,2741.2642049454216,-16822915743.213825,88316052052.45868,69821.49633197433
1558,0.0007790000000000002,-13794187474.65488,88801629397.50085,69707.08718934619,51657888313391.52,1530400377533.559,2974.846958630825,-13730470599.07916,88797132714.60612,69430.50911315139
1559,0.0007795000000000001,-10700537136.840328,89174982372.68356,69626.53002971206,67211545697762.72,1257001607180.1953,3269.709163593018,-10638313092.022556,89168405013.37674,69312.28239260738
1560,0.0007800000000000001,-7603312777.681796,89440154583.85596,69540.48344146876,90242567158368.94,936976889116.2194,3651.876886709464,-7537040412.784811,89432196227.00542,69309.4017006731
1561,0.0007805,-4499499823.808939,89598017486.4243,69482.5725472974,125474212352365.6,573192017279.2812,4157.771246222932,-4437762085.003983,89587816843.07758,69030.0623922856
1562,0.0007810000000000002,-1392329329.3378649,89648376993.62933,69445.92211194492,179758246112109.1,212413300519.34875,4820.317016049725,-1337778344.799045,89636121651.43918,69245.85821336256
1563,0.0007815000000000002,1721697625.2965264,89591069327.73499,69450.77303982232,256315359983867.06,45373274410.24048,5578.833184700679,1762691105.6226025,89577313127.8052,69089.98410224695
1564,0.0007820000000000001,4861547019.082633,89424515363.59317,69564.08101815604,327690856111053.56,502740576125.88257,6025.809087133576,4855051870.611264,89411445922.70236,69188.35140110769
1565,0.0007825000000000001,8020176617.547751,89145971121.76802,69745.31694366867,321345035749470.1,1692950986953.1143,5550.551329886093,7941545310.307659,89138615607.76308,69227.45972500222
1566,0.0007830000000000002,11120137008.112898,88760782253.10495,69754.82474182818,237500626072481.6,2714111128374.37,4560.833082766134,11010873219.204178,88759853661.74191,69032.69860337213
1567,0.0007835000000000001,14168766993.761578,88272793401.14949,69658.2541551484,154410347921330.38,3093143013349.4175,3867.2901741771643,14061372487.482338,88275937263.49907,69175.94878052025
1568,0.0007840000000000002,17210551305.760807,87677878316.50308,69614.08500211037,100155961152542.67,3115604191544.8447,3543.3672109833706,17090519417.375895,87687496904.64342,68934.69279976121
1569,0.0007845000000000001,20192968684.255672,86985797233.83456,69441.46537461663,68080201904622.21,3047921124087.647,3395.7393030594753,20091101851.079144,86996319086.77168,68988.54793168338
1570,0.0007850000000000001,23150273481.55158,86192015912.32779,69281.78471918228,49081752235417.98,3000299397095.9224,3281.3190913508997,23064490625.57173,86202593115.68407,68863.56483330332
1571,0.0007855000000000002,26077069372.549988,85297909165.21051,69132.23047754714,37348307618818.516,3002880813693.94,3130.441405287746,26000102042.326008,85309434059.68042,68773.75448460798
1572,0.0007860000000000001,28965956025.546677,84305917424.24887,68978.29191963233,29608801132598.117,3045090336168.123,2931.819137665913,28901836662.620323,84316394458.1135,68748.27333628549
1573,0.0007865000000000001,31812444490.251057,83218184529.41371,68819.34038458188,24107994089231.066,3102762099606.5,2709.9086623727276,31762967270.266197,83226011390.37064,68756.34806880307
1574,0.000787,34619570768.230194,82034170331.8685,68702.83608444226,19953123163155.484,3157035434835.9224,2496.8806897194654,34589242767.628815,82036059533.4919,68905.34616947535
1575,0.0007875000000000002,37397500180.115105,80749289671.40785,68720.31761403012,16698643629016.754,3201389923762.8003,2313.1353498884855,37372148411.59372,80749902607.14308,68768.00824751443
1576,0.0007880000000000002,40131811406.12044,79368639974.66693,68761.89428608424,14100600388101.28,3238328397738.49,2163.625165067658,40104276239.35806,79371101740.40771,68866.0696008349
1577,0.0007885000000000001,42809570661.645515,77898584526.2513,68744.61578881118,12005868527791.207,3271935258519.1123,2044.1165361366752,42789008652.15697,77898301334.47427,68848.85620697292
1578,0.0007890000000000001,45434412307.69274,76337958388.93524,68737.99492039371,10303432673066.59,3305131701580.0537,1947.4637149529674,45416839286.679756,76336648330.77495,68928.62157414807
1579,0.0007895000000000002,48006571171.08858,74686585253.98755,68768.8101610203,8904361182814.559,3339514687909.0273,1867.0131012385002,47992843923.51482,74683257142.72844,69009.43389194863
1580,0.0007900000000000001,50524736542.3874,72944797657.4377,68844.53454682825,7738806099275.032,3375070713892.0273,1798.0186577494999,50510538419.172386,72942019162.61382,68910.97209157894
1581,0.0007905000000000002,52977742781.13838,71119743973.00076,68873.91004412828,6754183950183.193,3411001619722.04,1737.5529823041375,52960071966.688324,71119925437.94193,68695.52314556715
1582,0.0007910000000000001,55359228206.32639,69216793008.69565,68832.76344335715,5913491774538.135,3446143623261.483,1683.9902322455337,55337767618.055176,69220745919.33192,68613.42212504022
1583,0.0007915000000000001,57667472410.32487,67238498218.69883,68749.95002520154,5190011360497.844,3479832048871.0063,1636.2832317746286,57645802575.73366,67243705133.71684,68536.85750729922
1584,0.0007920000000000002,59901799298.38471,65186496690.76577,68657.09888028033,4563140818917.712,3511921142647.264,1593.5775596445233,59879940479.3379,65193104594.62097,68569.59508706532
1585,0.0007925000000000001,62060345759.929825,63063306724.37566,68562.17475726956,4016398882842.4424,3542450594756.431,1555.140002296746,62043641987.734215,63066119492.166626,68486.86912485615
1586,0.0007930000000000001,64144442897.92533,60868269657.418846,68510.64427380732,3536656437717.594,3571426847646.557,1520.3818387010856,64126621961.91206,60873015185.8251,68372.32718054528
1587,0.0007935000000000002,66146265920.93542,58609817535.679085,68413.64770153121,3113102984886.0728,3598941365165.4863,1488.8066863606657,66128912486.64005,58615122093.86274,68274.85703804523
1588,0.0007940000000000002,68066597945.17912,56288312668.002754,68323.59398313377,2737892200447.455,3624791061822.101,1460.0959663995673,68051656569.22409,56291827288.818634,68308.13456939954
1589,0.0007945000000000002,69906638497.02081,53902898758.307495,68284.42402616005,2404340637032.5894,3649065119352.46,1433.9385477685719,69892283984.19086,53906455282.52783,68122.89155782475
1590,0.0007950000000000001,71660669841.7726,51461011008.90703,68219.788861398,2106676320639.5957,3671893622082.586,1410.0419803696325,71647960062.8262,51463149799.69175,68249.88887788448
1591,0.0007955000000000001,73329279736.1754,48962723747.403114,68176.6066970787,1840646797968.5088,3693168162689.9697,1388.2191081267779,73318480979.86537,48962627415.111664,68051.05274999911
1592,0.0007960000000000002,74912247448.70432,46408566760.11633,68174.80806817072,1602472929597.1384,3712971639116.3984,1368.2797411383683,74900830517.97324,46409924729.12061,68189.2769645388
1593,0.0007965000000000001,76405192594.21178,43805453153.66514,68150.54150375565,1388894548274.0398,3731374346627.706,1350.0516752682333,76393213940.91862,43808291324.42983,67911.5138062264
1594,0.0007970000000000002,77802558386.17863,41164099790.87751,68027.19765462657,1197484172682.285,3748308900497.714,1333.423605165035,77788903018.34633,41171216001.26915,67625.56005089087
1595,0.0007975000000000001,79104589030.51614,38486792767.37596,67862.84813484721,1026462286765.0701,3763688355679.3516,1318.3216054378133,79090750894.63101,38495864057.356804,67574.63400555597
1596,0.0007980000000000001,80313483663.38127,35771295576.20485,67740.62754963372,873974284817.6671,3777615565405.7954,1304.6375616131484,80301729878.23067,35777278249.525604,67710.67798346508
1597,0.0007985000000000002,81429943188.28583,33016806268.860317,67687.63895670127,738093324547.2401,3790231357824.343,1292.2491805487614,81420166196.55603,33019126117.442146,67708.89551752931
1598,0.0007990000000000001,82453359859.01543,30224513472.426796,67694.7185250994,617145436720.8391,3801589169402.9536,1281.0611835287145,82443581897.92105,30227229218.916134,67644.67039033811
1599,0.0007995000000000001,83380684754.72243,27402126217.632877,67683.94684487321,509827858361.02625,3811685041579.3027,1271.007533347009,83370851255.05711,27405857648.63288,67598.8780129872
1600,0.0008000000000000001,84209749378.13695,24557344056.963646,67615.05640163549,415283970774.98315,3820458069589.674,1262.0514090848824,84199732468.71672,24563023050.372795,67495.09165100941
1601,0.0008005000000000002,84940755516.98509,21692136462.121304,67530.85143242824,332844990534.4511,3827891322872.1016,1254.157154879707,84931516483.66495,21696610101.78542,67499.70445099758
1602,0.0008010000000000002,85574074014.98834,18807205635.407104,67467.88113395327,261799565655.91855,3834037589657.8853,1247.2744837204477,85565176321.70213,18811654103.693905,67362.57485835807
1603,0.0008015000000000001,86109496289.43475,15904648267.601065,67429.85725240571,201465656509.58447,3838937209678.585,1241.3562150470482,86101179037.20087,15907547731.10438,67421.26826910475
1604,0.0008020000000000001,86545929332.16649,12991448566.36214,67365.35712761403,151284147308.26086,3842596524118.649,1236.3686675894428,86538056086.5192,12992913320.31197,67345.55195486142
1605,0.0008025000000000002,86884512718.55629,10062876887.110703,67374.80062032444,110865191965.57745,3844995032305.7773,1232.2921335956264,86876929225.59068,10062401395.42874,67406.2377559491
1606,0.0008030000000000002,87124320560.65103,7124105128.827569,67403.05994739209,79806918335.24313,3846167329940.5166,1229.097517223108,87116720616.70201,7123242780.387423,67383.92257940864
1607,0.0008035000000000002,87264852737.07692,4180117051.9429474,67423.34548501432,57878416668.26036,3846089636722.708,1226.7711231022697,87257327296.60606,4177351881.382747,67604.83794992095
1608,0.0008040000000000001,87306362251.53067,1223688733.2396824,67554.04509905161,44934672559.56598,3844746408868.5776,1225.3040101310212,87298495237.16362,1221352189.9125311,67647.74989384932
1609,0.0008045000000000001,87247725663.4342,-1728400225.6873996,67597.37369052465,40879887336.16871,3842134967115.5684,1224.6868879822657,87239717935.96536,-1730902238.5383012,67699.4357997104
1610,0.0008050000000000002,87089364466.75154,-4674717339.215895,67615.76829589298,45725900216.19503,3838223282040.309,1224.9211503464896,87081528516.67706,-4672067751.326346,67353.40450750702
1611,0.0008055000000000001,86832324109.5005,-7601961871.578419,67512.85842971393,59486931949.2651,3833011763638.57,1226.0046461913153,86824425040.46008,-7602424615.05779,67581.48317682686
1612,0.0008060000000000001,86476019860.87952,-10527563456.531118,67571.65841534901,82153114866.78943,3826516635442.742,1227.9320725751736,86467845058.10225,-10529100246.793476,67738.30582132365
1613,0.0008065000000000001,86020493750.53406,-13442999759.424568,67659.88103349536,113944448551.63023,3818677307404.125,1230.7191208389359,86012008998.53897,-13445070292.67067,67760.68900766443
1614,0.0008070000000000002,85466409367.23344,-16341485013.931726,67726.41316049446,155145003510.5829,3809458467539.3623,1234.3825824610196,85456917464.4384,-16347599728.515018,68071.88186970644
1615,0.0008075000000000002,84812460218.75613,-19228779646.085438,67882.00171137987,206054991335.09116,3798845662598.9736,1238.9352944237053,84801622182.06845,-19238531569.05659,68133.15759787324
1616,0.0008080000000000001,84059882655.18764,-22094947337.682693,68013.70328586799,267206224237.0218,3786753369661.949,1244.4103701930187,84049524764.34471,-22100581555.3057,67997.35589061781
1617,0.0008085000000000001,83211605409.31868,-24928064929.416748,68037.81571112221,339073624574.13556,3773171437186.3823,1250.8292233762502,83201721088.62408,-24931143261.90221,68042.62772880349
1618,0.0008090000000000001,82268782256.25958,-27726413679.6458,68020.85063179945,422014443365.1304,3758135001267.833,1258.199277307646,82258585664.14359,-27729870932.773296,67966.43939986096
1619,0.0008095000000000002,81231740449.54965,-30490201703.58391,68019.64305544327,516559935140.58563,3741600853798.4517,1266.5470336216404,81221561850.6084,-30493000200.93208,68062.97514162025
1620,0.0008100000000000002,80101689833.78558,-33216282404.001747,68027.20269339687,623494925536.0422,3723483628594.1367,1275.9185591006685,80092713502.59842,-33215516439.876923,67880.13484892764
1621,0.0008105000000000001,78883934702.62933,-35892349915.41826,67933.97079056516,743742003507.9459,3703724546810.8716,1286.3606895643923,78874920190.96484,-35892024431.40113,67834.3558321849
1622,0.0008110000000000002,77575385921.89798,-38527440521.73685,67922.45894703157,878002304059.5807,3682390428770.7095,1297.8875321630248,77565763333.93204,-38528167522.98708,67955.22054548646
1623,0.0008115000000000002,76180077372.65782,-41112916949.68896,67890.53872111642,1027709419757.9679,3659264673710.397,1310.5841421829373,76171986188.84966,-41110544605.41241,67705.21220753664
1624,0.0008120000000000001,74701983412.61414,-43642355758.20507,67804.64107827534,1194177947790.4084,3634341884666.081,1324.5036171525373,74695592588.3952,-43637346032.79802,67639.22865699009
1625,0.0008125000000000001,73141260204.96065,-46116998965.84186,67734.41837779795,1378740246758.2932,3607626466463.614,1339.688203104353,73135679274.9008,-46111007435.96941,67555.20510451146
1626,0.0008130000000000001,71502199474.97684,-48530780689.07583,67631.23883320006,1583246758312.738,3578969891124.9517,1356.2237426085314,71496526151.25525,-48525415546.557816,67560.90613086818
1627,0.0008135000000000002,69783721675.79056,-50886508257.06274,67573.28375019148,1809616614958.7302,3548342141029.8306,1374.1816294184905,69778761482.334,-50880452459.08587,67463.44334045386
1628,0.0008140000000000002,67990232167.18956,-53178391590.26391,67500.62389013793,2060529978501.7483,3515532073365.329,1393.6848435249747,67984240526.17428,-53173962252.547066,67420.48666038473
1629,0.0008145000000000001,66121348547.73587,-55407670146.01636,67464.56354821847,2338794341764.0405,3480492272453.5835,1414.8336571399548,66115538075.47828,-55403115261.774216,67420.29390889805
1630,0.0008150000000000001,64181996817.73892,-57568624936.16861,67407.36497010704,2648043604134.1865,3443010140201.966,1437.7749525954032,64176269568.63107,-57564110789.58124,67288.34776727598
1631,0.0008155000000000001,62172833044.88893,-59661222015.4874,67365.69670993656,2992166949624.967,3403025954387.4165,1462.6362257309818,62167435035.250824,-59656386098.8701,67263.2208050322
1632,0.0008160000000000002,60098984156.895836,-61680487835.11666,67296.10087191386,3376046736164.535,3360321108872.232,1489.593476738859,60091360165.378555,-61677965856.83344,67225.31313553615
1633,0.0008165000000000002,57962963806.77037,-63624827726.23195,67214.08121723194,3805142522042.0825,3314798323193.1763,1518.8154347178877,57953593664.22535,-63623833451.600266,67191.24696505611
1634,0.0008170000000000001,55761675995.96429,-65497664297.857124,67197.59256443768,4286108666273.8774,3266253334826.2393,1550.5113943432623,55753133879.90523,-65495723436.88967,67041.8111079991
1635,0.0008175000000000002,53506228964.9094,-67289405031.16373,67114.95042634738,4827951164902.449,3214209958117.3394,1585.0053742634468,53502456063.85397,-67283710819.148605,66799.79910523046
1636,0.0008180000000000002,51198865634.214386,-68999482258.99236,67004.06195506225,5440184648415.661,3158702630370.756,1622.5279983913222,51198364914.11648,-68991684846.535,66681.0545945096
1637,0.0008185000000000001,48841949603.055405,-70627150808.57005,66884.38069654089,6134666350728.692,3099450463102.7725,1663.3871930910645,48840390513.68454,-70620523214.57277,66700.36579983869
1638,0.0008190000000000002,46437081589.02755,-72172145507.40579,66774.46716974393,6926356506225.709,3036053482680.587,1707.9855742726404,46434099052.609055,-72166807781.464,66606.5955792053
1639,0.0008195000000000001,43984355156.353714,-73634975734.81226,66698.9182922533,7834397810584.295,2968013306267.2563,1756.8286073555892,43979777216.55765,-73630824530.03786,66637.31694017057
1640,0.0008200000000000002,41482759366.09935,-75016370898.49341,66680.47755829598,8883710065007.357,2894683653698.9897,1810.5555069651862,41476189839.10113,-75013208741.82405,66778.93210796526
1641,0.0008205000000000002,38938538731.71027,-76312631680.9014,66663.91910274797,10107151762057.771,2815246326582.258,1869.9771237360892,38931813945.51274,-76309430376.61131,66512.50228696087
1642,0.0008210000000000001,36360929215.76456,-77519361340.70175,66593.24502753682,11546499903103.715,2729082483776.968,1935.9855510632267,36356143908.45761,-77515236362.92075,66428.47534531102
1643,0.0008215000000000001,33746202339.29744,-78639190274.6483,66547.4419489394,13254810180727.281,2635653011287.74,2009.5643295314658,33740109585.38004,-78635647269.64551,66424.86452085014
1644,0.0008220000000000001,31094229459.233845,-79672220085.22136,66541.70760701036,15305032457874.615,2533595732749.59,2092.1363538211804,31091463461.789196,-79667258431.53854,66345.1074023552
1645,0.0008225000000000002,28415844070.890297,-80614102023.2626,66500.21862363348,17798500038182.562,2421248258886.773,2185.6123948110558,28415534200.935654,-80608331739.77357,66329.97405468272
1646,0.0008230000000000002,25714621806.658104,-81464285000.5449,66433.15305393007,20874047454101.945,2297203714171.0986,2292.2787589896675,25713051439.788437,-81459161787.04141,66298.73573640945
1647,0.0008235000000000001,22986570488.83699,-82224635578.48096,66399.71012663897,24728835637165.688,2159398817430.44,2415.1643146370157,22986169921.05358,-82219290624.07205,66299.02338536299
1648,0.0008240000000000002,20240631213.41396,-82892655812.03925,66348.79998800626,29654885907052.434,2004573730632.6858,2558.6243595533815,20242302906.67347,-82887009546.67676,66060.33794238974
1649,0.0008245000000000001,17481270610.786396,-83467850904.48663,66278.40480285781,36089850927394.086,1829177878191.1453,2728.599018032938,17483070519.41092,-83462505200.03561,66105.65410537198
1650,0.0008250000000000001,14712159933.72347,-83950167616.32565,66192.48066144968,44711048827166.586,1628559803066.725,2933.538592285667,14705627362.374142,-83946601690.82474,66083.23587323213
1651,0.0008255000000000002,11920958390.052273,-84342274791.44022,66183.33441529139,56600917036874.195,1396798437161.8599,3185.845177777255,11916296238.866766,-84338286169.8007,66105.28640863333
1652,0.0008260000000000001,9128914734.60647,-84640561749.84624,66129.50786570857,73558580252526.42,1126029832260.3054,3504.6018492431904,9117574702.399382,-84637341252.73747,66074.72526873946
1653,0.0008265000000000002,6335125510.807349,-84846105844.14633,66065.78195069073,98581392594041.53,812288540532.719,3917.2435007658833,6317819940.088836,-84843215861.33606,65890.88109477365
1654,0.0008270000000000002,3534310403.4384804,-84959787227.1167,66034.120455834,136517629720633.67,464733084983.93085,4459.546392350098,3514238719.147893,-84956549244.32794,66012.9229346486
1655,0.0008275000000000001,732246719.157068,-84981142884.04799,66012.67997953588,193711159999867.28,144570134014.12592,5154.186174801559,703934871.9827087,-84977461049.79259,66065.4182250819
1656,0.0008280000000000001,-2072523533.5233316,-84910179146.53438,66016.5712923336,270328901263335.62,63656703665.35243,5901.703813747986,-2097341215.0859945,-84905694546.49515,65830.67844161048
1657,0.0008285000000000002,-4874141549.521412,-84746661552.44292,66028.0158139611,333099008066935.2,619212865600.769,6244.119577094658,-4882806680.049846,-84742204735.5523,65686.52346133857
1658,0.0008290000000000002,-7695840361.2344,-84488640015.86015,66130.29859912013,316204401587949.4,1776997587514.4573,5667.899365082811,-7660647970.433168,-84487411839.28401,65741.35978044174
1659,0.0008295000000000002,-10476287718.254995,-84139935064.81255,66122.6791468452,232820736015420.66,2689334253155.875,4682.916709404537,-10431523918.386786,-84141132216.57942,65890.6664349231
1660,0.0008300000000000001,-13235545629.022436,-83700765451.0017,66095.6106867584,153561531588366.3,3020386577153.342,4009.013176758346,-13185789593.258457,-83704367827.74995,65759.57187200003
1661,0.0008305000000000002,-15971135459.879951,-83172298732.49615,66050.42780537333,101237332085891.06,3038801646659.973,3686.6798674079687,-15927956194.715954,-83176495352.05548,66000.37970071666
1662,0.0008310000000000001,-18686066750.91399,-82554608707.07353,66005.87400033121,69710811107637.45,2974995518773.4785,3535.878893830028,-18654474908.9779,-82557815821.13266,66165.07121558399
1663,0.0008315000000000001,-21389824004.673435,-81845491910.14882,66015.39258172513,50685697911399.67,2929458728653.263,3420.6939464001525,-21365512252.848217,-81847879036.52325,66265.93101521299
1664,0.0008320000000000002,-24063718278.80425,-81048876628.72002,66006.93606880939,38753171325233.35,2930540800148.9365,3272.295880965193,-24044678114.073933,-81050565122.22758,66021.10590904277
1665,0.0008325000000000001,-26714418964.160465,-80163127712.2388,66034.41552949358,30806507947367.453,2969553908707.244,3076.481517166529,-26693186589.16587,-80166088292.29295,65937.16974621006
1666,0.0008330000000000002,-29319262124.133266,-79195537153.30206,65970.53915488979,25132050222409.645,3025560323343.9536,2853.6886014172537,-29304668055.550053,-79197057973.27069,65985.46382421254
1667,0.0008335000000000001,-31892102610.106995,-78142422425.82292,65938.36450076163,20841221580604.8,3079584622070.2964,2635.1040893163095,-31879392940.62092,-78143790786.54102,65706.95170430544
1668,0.0008340000000000001,-34420752196.42668,-77008703803.30702,65865.1007639036,17476987804673.234,3124515300208.51,2442.553943699319,-34409678028.305824,-77009959527.82014,65721.33881681807
1669,0.0008345000000000001,-36914949255.5225,-75790741690.8017,65853.16982656102,14793742512725.125,3160807059467.465,2283.771348207933,-36900326330.10655,-75794182036.12216,65710.53180780649
1670,0.0008350000000000002,-39362081224.24429,-74494262271.9173,65810.20032240887,12631496677778.713,3193080368767.261,2155.9770488962176,-39349638665.30401,-74497166760.2169,65892.46132386338
1671,0.0008355000000000002,-41767735865.84818,-73116828066.79135,65811.68703169361,10874299857626.133,3224597576847.093,2052.526386657432,-41760592770.6692,-73117186043.37631,66151.69546151078
1672,0.0008360000000000002,-44130730710.71803,-71658674364.50713,65860.39102485376,9429435196822.479,3257368790331.6953,1966.6336205615435,-44133774645.56373,-71652881300.59456,66304.87012296464
1673,0.0008365000000000001,-46456701802.77152,-70115512917.8598,66023.20961517279,8224622317950.133,3291579089997.9736,1893.2140593830356,-46455211910.61338,-70112146643.96825,66144.42005902165
1674,0.0008370000000000002,-48725146205.78928,-68499418531.09381,66097.99766467616,7204267520225.458,3326789059675.474,1828.9042458974275,-48717740399.16051,-68500056960.81871,66020.19865030595
1675,0.0008375000000000001,-50926362090.70154,-66818226992.17272,66032.2861207911,6331179213873.331,3361425956077.6953,1771.9540834432853,-50923949371.65027,-66815505454.030365,66281.67706629724
1676,0.0008380000000000002,-53077740709.393105,-65060201188.51193,66075.54817636215,5579338289189.154,3394561413046.028,1721.3027288690155,-53078235019.4502,-65054943617.36109,66309.2132970335
1677,0.0008385000000000002,-55175216633.053566,-63227429371.478165,66179.84703230768,4925662908851.478,3426720251357.5327,1675.8084150067032,-55175561390.40985,-63221900283.95356,66375.2955762209
1678,0.0008390000000000001,-57212800075.318886,-61324167145.732315,66286.56613773736,4352561280883.4395,3457801267262.8237,1634.6411696535738,-57211118257.07107,-61320076809.88496,66426.4927063607
1679,0.0008395000000000002,-59184468287.37249,-59355681079.638336,66349.82354483157,3847136952723.59,3487512910596.7905,1597.254225906992,-59181779222.01662,-59352399928.56096,66354.39481630159
1680,0.0008400000000000001,-61090437689.31205,-57321953167.82519,66414.99767238468,3399805694612.3486,3515636063302.9624,1563.250168500934,-61083865957.04085,-57322576865.57484,66420.40216116379
1681,0.0008405000000000001,-62922477587.2054,-55231714020.79438,66397.10237244796,3002435264162.132,3542256450938.3433,1532.2353985936059,-62913968783.6544,-55234869455.10221,66199.06391889279
1682,0.0008410000000000001,-64679465290.83927,-53087422513.97862,66331.5090112223,2648936631379.239,3567216774109.543,1503.9382529010293,-64666753538.45675,-53096251626.10995,66107.6995668063
1683,0.0008415000000000002,-66357631515.42913,-50894883526.002975,66199.00782506852,2333893948185.9204,3590587701716.353,1478.0919856752632,-66346388737.95854,-50902936663.41302,66040.69260409848
1684,0.0008420000000000002,-67960427210.60607,-48651217694.74453,66098.51817023137,2052768755009.6135,3612375288992.5977,1454.4780847868835,-67951769554.98728,-48656794382.581566,66137.8523435598
1685,0.0008425000000000001,-69489270789.64847,-46354810406.653145,66068.86620838314,1801086117726.568,3632788406377.349,1432.851957355464,-69482833926.46576,-46357666239.54404,66242.75836171617
1686,0.0008430000000000001,-70942624835.33768,-44007512884.58756,66087.94059379415,1574919846549.3782,3651939870145.9253,1413.0049121510813,-70937233368.3157,-44008988257.62287,66007.44855532363
1687,0.0008435000000000002,-72315844985.50021,-41616428931.09263,66080.03733547377,1371227695715.105,3669808039965.6587,1394.7939482253507,-72308566924.77682,-41621552236.14688,65933.28467115646
1688,0.0008440000000000001,-73603332422.56273,-39192189144.48337,65963.35452127099,1187904952713.7876,3686283578091.5576,1378.1344677243194,-73596479685.4503,-39197506396.70822,65708.8275302665
1689,0.0008445000000000002,-74807434354.88132,-36732879365.46692,65843.43612916896,1023486473580.3617,3701267951940.09,1362.9671905049643,-74801076147.35391,-36738282691.084465,65781.58982323039
1690,0.0008450000000000002,-75930827186.04295,-34234151124.748688,65806.23453198899,876207954692.4296,3714925264395.452,1349.1713240359559,-75925490263.11005,-34238031754.383804,65838.28676819781
1691,0.0008455000000000001,-76971562668.46443,-31699774851.42463,65802.92155303963,744231671430.2008,3727404537210.461,1336.6179153954688,-76967229126.00005,-31701711664.55741,65921.29666134338
1692,0.0008460000000000002,-77929115050.57646,-29130734559.52765,65838.68716168059,626204044059.6268,3738670746303.755,1325.2362589626687,-77927668149.7921,-29125087104.997322,66094.27694982002
1693,0.0008465000000000001,-78804191948.87378,-26524107371.19301,65960.58541405863,521013806611.47253,3748722653726.844,1314.9689650642133,-78803437908.14195,-26515337312.765026,66298.74915401773
1694,0.0008470000000000001,-79594194124.11104,-23884933506.2285,66102.55602148305,427647679376.4344,3757606695925.9243,1305.751950507421,-79592478000.3169,-23877600388.03831,66285.06397557896
1695,0.0008475000000000001,-80296422272.71202,-21220400102.597603,66205.1839026159,345441773449.2124,3765274891276.382,1297.5502564833603,-80294360230.25128,-21212991183.608234,66366.75238263377
1696,0.0008480000000000002,-80911602850.25562,-18527034113.654972,66357.85188910867,273940236351.46756,3771682443710.998,1290.341955686325,-80907639400.93329,-18525766230.899963,66523.98526436299
1697,0.0008485000000000002,-81435949664.53528,-15818513745.270662,66415.8114888579,212574532275.93204,3776887595918.205,1284.0834528110217,-81431787769.05922,-15817666071.59165,66395.0973433824
1698,0.0008490000000000001,-81869363543.67831,-13097468487.08194,66426.72100482481,161065589233.95828,3780821267041.176,1278.7647297185931,-81865088179.08835,-13097410903.243862,66358.37265644377
1699,0.0008495000000000001,-82211400856.7702,-10368955041.855879,66389.52099840285,119055604566.6664,3783510285158.4575,1274.3624882462534,-82207448234.04514,-10367346443.80167,66404.17067666004
1700,0.0008500000000000002,-82463065456.05896,-7628300197.911759,66412.6370372194,86214012823.86345,3784970247886.2407,1270.8546640495024,-82458777909.58002,-7629705249.914892,66366.13486716892
1701,0.0008505000000000001,-82623416129.46597,-4882873294.486833,66419.58499495925,62192733569.45472,3785235408992.2676,1268.2157013533695,-82619185794.53416,-4884769506.446946,66463.36138533712
1702,0.0008510000000000002,-82692402738.3522,-2136618016.9368534,66407.67438233437,46807001664.92942,3784278489396.189,1266.437500524342,-82688293541.41737,-2135678344.2624114,66424.73484768103
1703,0.0008515000000000002,-82670233391.51668,609870663.5526751,66412.81787629292,39930064251.93445,3782092730050.3057,1265.5128510868612,-82666039322.48372,607892932.0996519,66367.58335131902
1704,0.0008520000000000001,-82556954704.03934,3352108783.95974,66410.85305663795,41487835976.640976,3778675819302.2476,1265.4348106949506,-82552716108.97913,3352503036.331746,66563.37889815155
1705,0.0008525000000000002,-82352473383.55624,6093694795.412648,66479.13910588088,51472660594.26155,3774016021577.1655,1266.2008606454986,-82347865223.62581,6097622916.457041,66715.27070707562
1706,0.0008530000000000001,-82056485548.70554,8831176681.687635,66580.85185358138,69973788141.53029,3768086591462.414,1267.8155277354924,-82051466808.08492,8836076290.287823,66772.66816114508
1707,0.0008535000000000001,-81668731978.41422,11562191490.759731,66708.68533839432,97165639139.9885,3760854425494.7905,1270.289091507287,-81663948710.28723,11562386071.491465,66746.38894339783
1708,0.0008540000000000002,-81190519997.42682,14274459226.607136,66747.09832457357,133295291983.95407,3752285763354.6616,1273.6356695674508,-81186076053.23305,14272470942.811962,66657.08252978793
1709,0.0008545000000000002,-80623167136.09634,16963226271.669205,66717.11018344302,178540573338.00183,3742394882369.259,1277.8594270303497,-80619105328.69188,16960020329.80115,66623.07935575026
1710,0.0008550000000000002,-79968047624.11014,19624989882.724854,66643.18335457078,233102385172.78717,3731182570449.179,1282.966956229763,-79964535525.01692,19620367254.92653,66511.60301196192
1711,0.0008555000000000001,-79226156148.93135,22258365670.210278,66561.83523584575,297251572101.76654,3718634405333.126,1288.9714703680797,-79222093176.3723,22256512718.960754,66642.3434885429
1712,0.0008560000000000001,-78395654749.97464,24871062509.746292,66597.40756828181,371388568373.88525,3704713564065.594,1295.895696969648,-78391135792.76968,24870691772.22062,66644.26034044931
1713,0.0008565000000000002,-77480232247.68451,27449694538.502922,66576.62579446426,456286766795.4582,3689287269385.204,1303.7936786219607,-77475966404.91756,27448696497.41155,66468.2532601876
1714,0.0008570000000000001,-76482974150.03531,29987295370.68513,66475.41271061003,552476065251.6659,3672404113314.4185,1312.6807556378478,-76478420371.9423,29987459980.807636,66368.76232267186
1715,0.0008575000000000002,-75402497210.49835,32489708095.49782,66428.32755500865,660450344934.6682,3654091387330.7686,1322.567124681418,-75398661166.0414,32488172667.436203,66203.89047038366
1716,0.0008580000000000001,-74242128273.3315,34949393367.09831,66353.77977883704,781166942455.8423,3634203079571.187,1333.5128406296358,-74239453536.00827,34945747106.77828,66255.42233166356
1717,0.0008585000000000001,-73001227792.13452,37368854951.8339,66323.86113482133,915501613378.3782,3612738678418.4155,1345.5560048878672,-72998379519.74141,37365863994.75069,66326.21265688662
1718,0.0008590000000000002,-71682734137.47894,39742403080.684395,66281.72350583108,1064722218221.0953,3589574419717.1616,1358.7646935979978,-71679320629.38559,39740798463.75753,66265.98789693275
1719,0.0008595000000000001,-70286502678.7758,42070904056.15824,66273.35054209454,1230088521817.8755,3564688674239.521,1373.1916180311769,-70280827999.17455,42073042059.45682,66372.19860896979
1720,0.0008600000000000001,-68813389267.3908,44352776287.478134,66296.04360889763,1413251399809.7527,3537955013114.8916,1388.9178647442004,-68806894278.85144,44355908372.40702,66399.51067901912
1721,0.0008605000000000002,-67265419739.82023,46584581888.68043,66325.43756274009,1616143239572.983,3509261161283.649,1406.035191950305,-67261039902.691605,46584192128.858574,66151.8375763634
1722,0.0008610000000000002,-65652482250.718864,48752323514.39317,66211.97725181535,1840897135703.497,3478531252777.309,1424.6334454297216,-65649205611.12839,48750703990.435074,65866.20975303675
1723,0.0008615000000000002,-63969629205.227455,50864773031.400475,66151.41977040205,2089076121487.9683,3445956118639.556,1444.7274539317298,-63970086008.37913,50858645171.39257,65975.3538725899
1724,0.0008620000000000001,-62223333176.85159,52914013077.73801,66046.80971802605,2363644115252.873,3411183071162.386,1466.469303688396,-62222437471.86925,52909959472.83414,65958.00585277945
1725,0.0008625000000000001,-60405771431.04774,54910131730.61009,66074.57450543797,2667538315316.587,3374206212305.34,1489.9658707022309,-60406752256.26795,54904025258.846344,66098.20316630023
1726,0.0008630000000000002,-58529104311.868614,56838832434.70095,66021.09896096081,3005576329538.481,3334532569137.8706,1515.4603004769028,-58524312676.00717,56839013364.691895,66189.12924182195
1727,0.0008635000000000002,-56583757072.569824,58710826309.92804,66090.02075205301,3381854906287.754,3292357450126.713,1543.0504984764316,-56575397755.12786,58714051287.075745,66384.07034416562
1728,0.0008640000000000002,-54574515938.654854,60520209304.765625,66185.35182929243,3802947092726.785,3247103037797.7954,1573.0238868067675,-54565143045.50142,60523811647.565056,66342.07628712397
1729,0.0008645000000000001,-52508891779.986725,62259721142.998344,66225.0272106949,4276099247212.294,3198602895880.8335,1605.634303963381,-52500078461.8009,62262269610.24927,66267.70518725508
1730,0.0008650000000000002,-50389402913.42944,63927665305.04503,66231.51669688722,4809076237864.249,3146863425237.5156,1641.0818963268725,-50382746697.13616,63928124564.9582,66086.8411964405
1731,0.0008655000000000002,-48220124087.584724,65521268856.465195,66200.39037844504,5411365491585.39,3091652219314.657,1679.6356662944866,-48215237517.74525,65520278270.014915,66145.8188108947
1732,0.0008660000000000001,-45996504609.28812,67044345433.387146,66226.86401229158,6094517509832.03,3032707217361.6733,1721.6229232935264,-45994763665.10237,67041048840.95813,66186.38154250225
1733,0.0008665000000000001,-43731866476.71558,68487473572.78117,66169.81915970639,6874394352431.074,2969340506820.064,1767.5599620749647,-43728378480.85047,68485496202.126686,66112.714102276
1734,0.0008670000000000001,-41423754478.75809,69853277063.20694,66117.75215599289,7768807687954.945,2901545048692.059,1817.8552666750022,-41417513509.04694,69852932819.31973,66052.46763138768
1735,0.0008675000000000002,-39071172347.42455,71142604748.87654,66104.4694272405,8801407742136.797,2828683975632.0454,1873.1124379279993,-39067177442.62797,71140858094.0151,65951.46332241126
1736,0.0008680000000000002,-36682998437.18799,72350533166.01207,66055.44743082042,10003568856881.398,2749925706713.044,1934.1450265218398,-36684235530.61339,72346114544.82263,65703.81956044219
1737,0.0008685000000000001,-34264707847.376083,73475026674.47267,65960.99135445211,11414576832047.156,2664800782739.7515,2001.8071467421316,-34267454584.21749,73470193332.22427,65875.16676149867
1738,0.0008690000000000001,-31808005334.31353,74520740738.20622,65935.0958688828,13085178099661.83,2572666447548.3887,2077.1097703915043,-31811354102.388622,74515860218.1451,65837.24855579184
1739,0.0008695000000000002,-29322272301.21165,75483363887.32036,65896.2920225439,15086665163218.527,2471918201617.6924,2161.5974808016113,-29326069657.2239,75478643748.85779,65805.749141172
1740,0.0008700000000000002,-26812755179.424995,76361323982.46074,65830.40004121994,17514678310347.715,2361401628265.7144,2257.0848377737366,-26810245770.28373,76359253510.18684,65875.04971235093
1741,0.0008705000000000002,-24270421937.052364,77158281714.81668,65836.86396148684,20500845879777.35,2239668126486.2236,2365.844136154336,-24265774687.800133,77156790226.1439,65868.29625125171
1742,0.0008710000000000001,-21706065789.626907,77870293429.91931,65831.56340237672,24237265222244.656,2103945766911.491,2491.2134166331157,-21702575222.027504,77868345681.43118,65660.09649280705
1743,0.0008715000000000002,-19121537646.89776,78497088404.68974,65825.30480413494,29001823663984.574,1951684548528.7861,2637.513805378581,-19120290740.16167,78494529215.26454,65838.98061430817
1744,0.0008720000000000002,-16526249309.106045,79036627299.51009,65775.9682963393,35211019635398.93,1779333752662.7944,2810.744073125064,-16515068912.21482,79036322453.60081,65936.25819787008
1745,0.0008725000000000001,-13907939232.318043,79492087589.95712,65791.1770291501,43502850288295.27,1582746863728.0825,3019.270062822514,-13892263379.647024,79492165580.47354,66048.91547195069
1746,0.0008730000000000001,-11280512049.27714,79860431437.28337,65785.12896124007,54903006767784.805,1355367635222.0688,3275.8511424777994,-11250233128.307392,79862086239.78159,66128.47484712268
1747,0.0008735000000000001,-8642692428.464622,80142191676.74815,65787.34146983156,71084461108088.6,1091195949314.1049,3599.0696563105307,-8602342373.710987,80144014013.74776,65964.82070840447
1748,0.0008740000000000001,-5997058140.011906,80337063200.60135,65796.56443333301,94821633017985.0,786122400328.5336,4016.025782927645,-5948109921.507493,80338152936.20142,66180.48042465885
1749,0.0008745000000000001,-3344239809.067575,80444922085.97774,65821.18633219221,130554101661946.61,449540001717.3697,4561.608115357633,-3283478723.5639462,80444807498.57713,66236.47350653484
1750,0.0008750000000000002,-693065622.8976195,80465207702.97992,65830.00687646681,184006624973308.75,140819371820.6284,5256.970533363938,-618077371.0906746,80463102504.06656,66216.89296046735
1751,0.0008755000000000002,1953952803.0142171,80398219688.87907,65829.06347132231,255355920163737.8,59222265665.79603,6005.687939442231,2045097396.1487427,80393237155.23607,66342.95143360116
1752,0.0008760000000000003,4613758065.765089,80243456222.86954,65892.69262570521,315346836541339.75,577034772801.5253,6370.459938702833,4707693074.696433,80235017808.00188,66404.5610194393
1753,0.0008765000000000002,7305590404.761441,79997768549.3628,66079.79073939189,303791577128221.4,1691250513534.1238,5832.481075435619,7361946574.7587,79988750384.52448,66235.78234480531
1754,0.0008770000000000002,9986780262.267591,79661765962.56758,66236.25375945523,227485725126544.25,2614361489880.6274,4838.676850164566,10004045662.759514,79654956147.20044,66272.92858466813
1755,0.0008775000000000001,12649882579.889292,79236473656.97957,66359.27210209063,151361487168285.88,2975865989549.512,4124.865006804519,12634939450.618837,79233422293.60936,66406.74752010463
1756,0.0008780000000000002,15280222599.41947,78724899839.89731,66419.12899181052,99905748788145.66,3012104121041.809,3771.6598429928013,15249533343.942757,78725077677.69043,66408.80046253397
1757,0.0008785000000000002,17877371780.498344,78128821588.86243,66426.45351850645,68558897627623.61,2952658645885.3037,3607.005716792537,17842937817.26566,78130828414.6526,66369.27907247988
1758,0.0008790000000000001,20438908745.011036,77450302763.43869,66376.15198444092,49563075976920.21,2903177269330.2246,3491.2874488813586,20411614801.865158,77451793264.57504,66379.0456507249
1759,0.0008795000000000001,22985942335.004894,76684932697.83943,66384.1963596699,37679071888790.39,2896174271653.294,3350.2393243675897,22956782517.28974,76687897629.18988,66420.986463537
1760,0.0008800000000000001,25497286414.995857,75838242523.18533,66347.4160855604,29825664997134.344,2928694168457.0034,3162.409948673891,25473597853.92823,75840547552.78209,66422.18021776724
1761,0.0008805000000000001,27979575676.633133,74908817291.04707,66327.90684707387,24283985480461.76,2980885710648.8784,2943.518069861451,27961933553.935093,74909799587.9543,66364.47656048097
1762,0.0008810000000000003,30427344762.91201,73898640950.14766,66305.41998974714,20130441037667.56,3034639006051.5435,2722.9367566761725,30408068064.56104,73900958485.24117,66177.75634065014
1763,0.0008815000000000002,32836034903.836433,72809851816.1084,66266.1658450494,16887824401118.053,3080493747089.193,2524.4022421237687,32816430261.955837,72813126620.71808,66177.36096782528
1764,0.0008820000000000002,35206772518.9833,71642343476.68526,66242.49089033318,14301588195738.912,3117592007898.901,2358.2995433975557,35184395092.32528,71647714373.33878,66037.96540693521
1765,0.0008825000000000003,37524937305.63167,70403556170.56357,66130.20648115112,12214981322262.504,3149581213782.391,2223.909983416316,37507342159.88686,70407552993.31152,65983.71953012745
1766,0.0008830000000000002,39800668839.73423,69089444489.1548,66056.61014683887,10518690111919.037,3179703525903.9805,2115.4748815233447,39784134977.6447,69093621450.25964,65844.48199457747
1767,0.0008835000000000002,42029154862.57689,67702801979.4715,65990.49108675815,9124479370718.883,3210639196125.1353,2026.104042846026,42013357772.51131,67707399121.251884,65880.38348537708
1768,0.0008840000000000001,44206119193.19822,66246641007.02131,65910.55517281189,7963535897372.42,3242880794768.688,1950.329681697697,44194643478.784584,66249139002.24002,65918.73982441331
1769,0.0008845000000000002,46338339719.6723,64716849205.80023,65911.3816641199,6983983300196.93,3275804850935.86,1884.5398068026548,46330152769.86305,64717425301.18584,66100.56216774392
1770,0.0008850000000000002,48417551672.32069,63118731888.41819,65909.28624699208,6145947817898.382,3308953554059.039,1826.369993647391,48412906160.940674,63116789059.18156,65932.92537615399
1771,0.0008855000000000001,50445039747.39313,61451385511.32558,65944.19040481054,5421432395817.813,3341444039839.5317,1774.446997383038,50437765160.51797,61451593087.74062,65941.35447539658
1772,0.0008860000000000001,52412913550.43884,59721006202.17421,65939.56754792068,4789520255456.63,3372941612570.4243,1727.7889062164375,52406316001.979866,59720815203.17629,65972.87768902665
1773,0.0008865000000000001,54325242339.535034,57924432887.94363,65981.96119655429,4235335686217.492,3403036430765.3555,1685.7171201830704,54319074274.758255,57924053246.5999,66205.93844926081
1774,0.0008870000000000001,56177651095.84435,56065254847.7705,66029.35670860353,3746434387058.281,3431860411857.346,1647.573692682838,56175663343.69866,56060736656.32847,66247.00637259868
1775,0.0008875000000000003,57971657807.83398,54141677235.583786,66129.78160257844,3313208270074.1074,3459320016068.27,1612.8585231414065,57967618898.777374,54139040280.30799,66066.11172259363
1776,0.0008880000000000002,59694692523.75688,52166526695.42923,66117.85422466115,2927491785180.779,3485494904487.695,1581.1323058604723,59688230914.502884,52166705896.865906,65947.38414917445
1777,0.0008885000000000002,61346704592.76444,50141261812.76518,66051.27248631808,2583880411694.118,3510007660992.2295,1552.1746207855517,61338323628.78705,50144220716.65521,65827.44882428176
1778,0.0008890000000000003,62928054911.57541,48066536724.74687,65975.96261029635,2277409692308.0186,3532931236261.155,1525.731693781024,62918657184.03917,48071392993.75192,65832.17441413629
1779,0.0008895000000000002,64437548106.97094,45944642377.54375,65898.15131359365,2003445860276.7632,3554416821794.8657,1501.5368319700356,64428396451.317276,45949973482.41561,65797.2554889815
1780,0.0008900000000000002,65874489710.13092,43777234159.447655,65829.83316149659,1757980965012.864,3574520359225.125,1479.3715305206201,65868337664.22966,43778826296.75384,65909.84088412624
1781,0.0008905000000000001,67239561047.454285,41563723206.3167,65805.63576565303,1537594425616.1074,3593277894212.7124,1459.0578257405236,67235558730.94392,41562173062.618385,65870.51028634669
1782,0.0008910000000000002,68530785013.366554,39307165239.57226,65799.42334128974,1339292960149.4387,3610760664798.0586,1440.432875019077,68527024049.21748,39305269656.44583,65766.79071443867
1783,0.0008915000000000001,69747402003.93648,37008869254.50183,65817.79641198626,1160741863314.3833,3626950857453.8613,1423.3762825588262,69741838266.67363,37010349544.36303,65763.2785727692
1784,0.0008920000000000001,70887131153.4903,34672938125.13708,65830.6140151706,999991769768.6261,3641866406118.144,1407.7799436467194,70882619340.26292,34672558653.71501,65959.72599135172
1785,0.0008925000000000001,71950983545.48225,32297322805.308567,65895.38816280279,855518397606.5494,3655487688125.3,1393.5592313283732,71947243193.85254,32295063912.294186,66161.74880747282
1786,0.0008930000000000001,72937590623.76334,29883932708.256252,65996.24929895517,725829520914.0903,3667894225650.0527,1380.614728355509,72935932569.17406,29876120829.79748,66339.31909664361
1787,0.0008935000000000001,73845913451.04245,27433927829.129105,66133.17024066097,609722916354.2815,3679087628350.632,1368.8717744584865,73844101077.50783,27425223599.7411,66316.96506437377
1788,0.0008940000000000003,74671622332.58388,24957486327.104042,66200.20862309508,506196520591.70166,3689067780934.47,1358.270263573218,74669203938.38824,24949577330.865276,66192.71819520039
1789,0.0008945000000000002,75415749051.15869,22452035113.007065,66290.01115971565,414646537182.08734,3697746281188.169,1348.786281678427,75411131173.39682,22450328982.494984,66306.23538143294
1790,0.0008950000000000002,76075335411.44406,19926540543.146725,66319.20965304975,334303116258.2306,3705199792179.828,1340.3635325621965,76069529101.99176,19929188189.50028,66221.62379705526
1791,0.0008955000000000002,76650357696.42366,17382317942.379753,66332.07444596283,264647361292.53064,3711390180612.2646,1332.972803132627,76644054892.34518,17387525958.19955,66367.6596680396
1792,0.0008960000000000002,77139335313.79372,14826880858.919596,66281.58490598579,205123592898.78308,3716349421084.322,1326.5770514558517,77134051301.0577,14828291029.719023,66300.7046721223
1793,0.0008965000000000002,77544082339.52791,12253444474.668768,66307.63896888304,155305813867.9279,3720067027766.6987,1321.1517212321355,77538976015.84175,12253904830.09318,66345.44654823143
1794,0.0008970000000000001,77862883878.02756,9670722140.925034,66307.83955710288,114665491838.74013,3722610779437.992,1316.655335124026,77858388922.16333,9666588172.7222,66535.85113831343
1795,0.0008975000000000002,78096699691.28406,7071729884.23666,66406.98462780523,82913142494.9336,3723940795918.361,1313.0736797677544,78092053209.19708,7065927878.890533,66502.46493658429
1796,0.0008980000000000001,78243857263.47453,4467053552.490079,66471.35401426695,59751644034.956955,3724079618471.073,1310.3846341272074,78239000148.63164,4460538839.358453,66702.14888928841
1797,0.0008985000000000001,78304476189.75894,1853765698.7110262,66583.30318793673,45076283327.61329,3722982593303.2344,1308.584587112311,78299231367.60315,1847177594.5891445,66783.89404401324
1798,0.0008990000000000001,78277855861.2688,-761150445.9652869,66674.35331772048,38798492505.22484,3720648450887.93,1307.6653983815481,78272254406.72353,-766679895.4140989,66775.14207030456
1799,0.0008995000000000001,78163844014.93898,-3376382235.5890326,66772.33685944475,40909743211.41337,3717056169431.004,1307.625376445579,78157915483.93382,-3381355177.658064,66832.08466650346
1800,0.0009000000000000003,77962739684.00151,-5980573021.313789,66776.99063745367,51443467569.160736,3712191775056.014,1308.4650612965854,77956680266.61798,-5984880603.170851,66722.73663167332
1801,0.0009005000000000003,77674983427.3231,-8574942959.860207,66777.6562546456,70433395151.08896,3706055788075.234,1310.1838344307967,77669425631.72275,-8573290838.676732,66684.75067032785
1802,0.0009010000000000002,77301591786.74043,-11152035563.423746,66723.05934127422,97969693945.52678,3698637532809.197,1312.7854168906279,77296003968.7789,-11151358686.761084,66764.03876689059
1803,0.0009015000000000002,76842873213.73424,-13713552471.517826,66690.32502365242,134156729904.3579,3689937695359.4365,1316.2732779962635,76837170510.75478,-13713743185.32677,66618.24534378434
1804,0.0009020000000000002,76299350419.54094,-16257146862.181637,66675.14755922875,179224123815.9313,3679922313098.85,1320.6616379753625,76293458626.09737,-16257994285.980665,66641.77718198155
1805,0.0009025000000000002,75671404757.8074,-18781244165.46057,66684.10201095436,233487831965.93497,3668558307933.6133,1325.969288567564,75665362675.56096,-18782459459.051098,66757.65903224878
1806,0.0009030000000000002,74958051452.5991,-21289130014.846054,66778.36398398227,297361274161.9257,3655805634146.388,1332.2199261484884,74951872154.91396,-21289905648.65201,67005.54654195243
1807,0.0009035000000000001,74161018659.92784,-23772323876.016262,66854.35905973228,371474309523.0154,3641574253139.818,1339.4550984114214,74153320117.01619,-23777325740.51214,67134.83834371058
1808,0.0009040000000000002,73280416409.04832,-26230055877.904156,66944.68977167047,456375012264.42944,3625862877805.943,1347.6995098154682,73271413785.93257,-26237508051.623512,67132.19583461546
1809,0.0009045000000000001,72317147459.2606,-28658835284.301567,67035.44741880693,552763324540.8983,3608612524193.433,1356.9911320569602,72308494419.58826,-28664173608.53804,66991.83795433259
1810,0.0009050000000000001,71273897401.20567,-31051379359.763332,67072.3403172377,661424326100.4883,3589774143759.576,1367.3726135545292,71266331298.79648,-31053362326.543503,67051.39195189878
1811,0.0009055000000000001,70155384415.81708,-33397825926.00379,66990.27531103136,783101594682.9657,3569352276437.865,1378.8752571981195,70147324367.87704,-33400713842.445312,66800.60253118511
1812,0.0009060000000000001,68959730447.62932,-35704366068.67014,66945.4275534507,918401975781.4204,3547408910313.838,1391.5117127813128,68953178240.38107,-35704128595.30138,66788.34479396131
1813,0.0009065000000000003,67690546735.65672,-37964321154.65379,66869.71063025623,1068572062053.174,3523759012641.7715,1405.3620957209453,67685343956.03222,-37961705969.7526,66541.71084093097
1814,0.0009070000000000003,66349712069.60363,-40175526225.16366,66777.66109231977,1234833748270.7456,3498386535680.9307,1420.4840840635404,66345990908.756134,-40170770408.44297,66586.8136763973
1815,0.0009075000000000002,64937752210.957306,-42338114486.21707,66705.92082084232,1418642417693.5562,3471232241863.459,1436.9422940524944,64934101049.597534,-42333536222.18868,66459.41623318903
1816,0.0009080000000000002,63459695198.59481,-44445021819.71229,66583.33591725845,1621857857330.692,3442167395739.1895,1454.8285274301295,63455090018.70288,-44442162445.94691,66402.62396072803
1817,0.0009085000000000002,61913229738.33615,-46500884850.349754,66516.78399287605,1846261179830.2927,3411213511929.9746,1474.2042427087865,61909929964.42891,-46496482072.56135,66263.10592626518
1818,0.0009090000000000002,60304454952.6132,-48497804415.95879,66406.93450468733,2094506649889.7244,3378123783904.885,1495.2047742198126,60300349239.07341,-48494767370.92591,66326.6147612369
1819,0.0009095000000000002,58629488357.38596,-50441643553.311,66374.68939103968,2369120122021.79,3342924459553.729,1517.9175982208699,58624940331.62728,-50439291882.25957,66312.7993442284
1820,0.0009100000000000001,56896631642.238914,-52322594950.215614,66283.88565769357,2673860916372.034,3305286409047.28,1542.526335849921,56890088860.19722,-52322562711.94954,66189.81963145305
1821,0.0009105000000000002,55101754541.03269,-54146158075.61293,66257.29648150259,3012218451520.0654,3265288799331.8936,1569.136026390674,55095904984.141556,-54145254608.181595,66243.74137739989
1822,0.0009110000000000001,53246611307.11302,-55910245372.09916,66269.1014394519,3389248147894.0596,3222562487109.389,1597.9674846039013,53240533367.84935,-55909401391.15164,66261.93026371174
1823,0.0009115000000000001,51335228637.95938,-57610806739.767265,66274.78572776938,3810927390448.1514,3176874574470.5425,1629.2595882077906,51327130189.92242,-57611600410.156555,66399.49364399546
1824,0.000912,49369368294.00238,-59246419220.8534,66282.1700717066,4284032309181.768,3128102310284.3164,1663.237194435409,49361160807.49681,-59246956249.3751,66239.64718280034
1825,0.0009125000000000001,47353497932.01748,-60813494637.50823,66262.54693571228,4816786828600.309,3076008302714.945,1700.171247187005,47347301193.09768,-60812310957.23443,66068.44391476508
1826,0.0009130000000000003,45291888387.33958,-62309219228.11525,66205.03958762884,5418858738576.823,3020408143053.6,1740.353567884439,45287734893.44261,-62306519619.40213,66025.50023162347
1827,0.0009135000000000002,43184515257.93803,-63734294342.33887,66154.39246471385,6101876218168.65,2961083475858.5747,1784.1160152857692,43180371115.021,-63731603601.301544,66239.77522494084
1828,0.0009140000000000002,41028796481.45333,-65090661397.919624,66162.4396851054,6880875008068.718,2897565010218.987,1831.9166176231245,41022395645.206726,-65089314410.613686,66254.82192592586
1829,0.0009145000000000002,38832334006.01038,-66373198918.50876,66150.02225598793,7775863430082.714,2829149738213.31,1884.3853006456818,38821725942.22648,-66374175890.93493,66308.37703671031
1830,0.0009150000000000002,36594428748.34798,-67582606564.64825,66157.3435682698,8811121276731.607,2755514981866.2954,1942.1470601699982,36580667146.751305,-67584937514.226395,66170.50686288826
1831,0.0009155000000000002,34317092953.959362,-68717685333.06662,66180.76164453341,10018431225690.59,2675948146672.181,2006.0122745003446,34302666992.92707,-68719863922.4806,66312.03770099036
1832,0.0009160000000000001,32004076619.178093,-69776441677.09534,66202.27235964921,11439327709392.035,2589639987360.3843,2076.9887268306575,31985171606.14568,-69780127067.6687,66391.76894283852
1833,0.0009165000000000001,29651862688.744347,-70760404860.90614,66275.65281384808,13128384199630.877,2495718726854.606,2156.298638947553,29635802920.10601,-70762021612.85338,66325.91866593875
1834,0.0009170000000000002,27272095680.470543,-71664137782.13853,66304.08295535852,15160903998458.875,2392716046659.2324,2245.6211802533476,27255080313.68212,-71665467691.37639,66459.0691985464
1835,0.0009175000000000001,24864571944.72528,-72488088745.25897,66327.0415184475,17637314231687.406,2279600850724.1,2346.8875210083484,24850552689.857117,-72487739095.9461,66258.96346409607
1836,0.0009180000000000001,22441394595.28252,-73228325405.87056,66274.18263131625,20698564220115.195,2154558479687.2146,2462.698180996643,22423791587.298595,-73228747330.01129,66251.49455857759
1837,0.0009185,19986563700.709724,-73890569244.07742,66309.80561130517,24542015683042.066,2015882461677.481,2596.318504159363,19972430436.82271,-73889338957.74867,66329.43584348475
1838,0.0009190000000000001,17516680250.84398,-74469539900.01663,66305.95056592922,29465668662177.297,1859692090919.3833,2752.7918786965856,17497656037.748688,-74469051242.18678,66465.55025614801
1839,0.0009195000000000003,15029780900.902082,-74966189045.25131,66307.25546010133,35914236613094.08,1682679850909.6863,2938.8082305104735,15004121715.369118,-74966411262.3496,66422.07854351809
1840,0.0009200000000000002,12525941949.860222,-75380492710.91699,66328.58642233674,44579800155185.54,1479991419100.2603,3164.0335538117665,12499802679.172134,-75379878755.91644,66369.146399435
1841,0.0009205000000000002,10016562235.344849,-75710441281.05692,66312.47589325406,56571706936342.1,1245648389824.4507,3442.7326946491544,9987653407.253857,-75709346846.16966,66297.45930955124
1842,0.0009210000000000002,7501097628.865455,-75956725427.111,66289.52437427317,73697426969207.72,974476972454.7042,3795.5611264296413,7469436222.549118,-75954994577.86275,66417.59134972852
1843,0.0009215000000000002,4977378436.146947,-76119792999.50204,66287.61833242298,98915989531343.4,665381958718.3738,4251.750993112049,4940537548.090028,-76117416297.3154,66479.54707593609
1844,0.0009220000000000002,2455171205.5658374,-76198890914.10373,66266.41274842805,136755627636490.0,337051001539.9075,4845.125055843467,2407736611.214318,-76195740967.58751,66523.51596635483
1845,0.0009225000000000001,-67255341.28074944,-76194510928.05162,66251.6082156286,192010718137471.28,75869211332.59355,5577.575457691237,-130396780.11885415,-76189880277.08965,66688.4731795659
1846,0.0009230000000000001,-2594904769.736404,-76106581600.65817,66273.10136025531,259932404956729.4,127439005648.7303,6280.363327431264,-2669940365.2532206,-76099399833.24054,66669.49765558349
1847,0.0009235000000000002,-5136605796.970152,-75933858419.47699,66363.5638512796,302693684108968.5,829964166978.6196,6428.484768027988,-5202779371.199037,-75924457032.67253,66764.64705808659
1848,0.0009240000000000001,-7690628079.4610815,-75674544570.94177,66509.7096434521,271860843745475.75,1949093712622.712,5688.705768018289,-7728307334.609375,-75665088475.3691,66769.20068915142
1849,0.0009245000000000001,-10233386762.66175,-75329338119.366,66633.06535153463,196312618572140.44,2712959840194.0244,4719.33878604079,-10243978030.547798,-75321673871.81282,66759.27427896674
1850,0.000925,-12760582745.354654,-74898898820.26616,66737.75257628309,130376062004335.75,2966004445442.9385,4096.968068317648,-12742927385.936283,-74895060131.36339,66608.82853694083
1851,0.0009255000000000002,-15258701685.304575,-74385896843.30113,66792.63539021368,87140700617959.73,2966880261819.1904,3797.7771594124624,-15219507616.77653,-74386717364.9787,66483.45246063382
1852,0.0009260000000000003,-17727216376.331898,-73791745991.59805,66806.79400363572,60738792181650.414,2905503373194.48,3651.2743886249323,-17680418824.604362,-73795623946.2515,66902.59425527992
1853,0.0009265000000000002,-20165556576.380787,-73117687127.01761,66784.80857047443,44542056698515.11,2863928916655.136,3534.752771853327,-20126301874.284832,-73121198575.89734,66860.94653008835
1854,0.0009270000000000002,-22578979216.44707,-72363087270.16571,66765.57702930721,34245584884136.344,2864610431630.7397,3386.3356345482734,-22547052297.734516,-72365699360.28693,66920.95054995746
1855,0.0009275000000000002,-24961958631.823303,-71529786186.20268,66732.19474384685,27327361556247.543,2900357934948.8354,3192.5792240665655,-24943034282.645355,-71529054143.44247,66968.70001558423
1856,0.0009280000000000002,-27324615191.683285,-70614443071.54674,66773.86820786606,22371161488933.066,2952242856931.281,2971.926808251866,-27305996074.410378,-70614105066.11842,66870.8596330496
1857,0.0009285000000000002,-29651747327.844376,-69622042237.87703,66790.5694652419,18611103606441.73,3004404794296.3994,2752.7016700963777,-29635073723.614555,-69621459308.061,66901.95373325172
1858,0.0009290000000000001,-31950099497.333977,-68549931351.2146,66858.84206775416,15651689048365.473,3048489777514.8423,2556.741013049826,-31930400880.86555,-68551092431.10888,67024.43185369951
1859,0.0009295000000000001,-34201168270.790974,-67406258206.23762,66837.34972574902,13275610115958.105,3084672841086.3096,2392.8041274848683,-34187179196.65271,-67405243702.36672,66903.61820961909
1860,0.0009300000000000002,-36412570752.41459,-66188236838.58608,66830.52621960192,11351076013395.582,3115680297690.1157,2259.960535926076,-36402890037.29082,-66185268289.38808,66902.59416309453
1861,0.0009305000000000001,-38582882681.706924,-64896594735.815445,66844.68775345663,9779440789935.354,3145377097242.85,2152.255691954846,-38573031010.51502,-64893941931.35435,66917.82190100034
1862,0.0009310000000000001,-40705269944.918915,-63535311737.812614,66832.47184319719,8482490073539.678,3175904218047.9263,2063.0766464410394,-40699911690.11946,-63530116593.84519,66960.16989551087
1863,0.0009315,-42783016288.9034,-62102616499.87414,66856.47983403972,7399557965172.23,3207501073464.963,1987.2648812201073,-42778185933.9545,-62097084857.57821,66978.43888442311
1864,0.0009320000000000002,-44813024836.26685,-60600281638.16699,66900.27059382065,6483209028348.285,3239871350238.7515,1921.258838635926,-44806101388.76945,-60596189326.382225,66964.48235835572
1865,0.0009325000000000003,-46789100901.970505,-59032703544.81907,66915.3134629622,5698260077477.545,3272252447063.483,1862.8562053789676,-46785361371.54374,-59026167529.76029,67064.09254073753
1866,0.0009330000000000002,-48715332121.66611,-57396844085.87874,66982.85232644228,5019525313485.273,3303841665608.1577,1810.7388790011973,-48709023162.90388,-57392253226.9917,66915.86480747808
1867,0.0009335000000000002,-50583383619.355156,-55699198624.95378,67014.10144725245,4427394841349.877,3334482518235.621,1763.89252226453,-50571365389.8902,-55699831268.18481,66908.96521142343
1868,0.0009340000000000002,-52389294428.24573,-53943789026.706696,66993.83540458401,3907874190390.0156,3363773102231.5796,1721.6311269120285,-52374941434.89945,-53947160082.94126,66803.44193026074
1869,0.0009345000000000002,-54133498091.14824,-52130912245.61457,66967.6108073795,3450253391259.016,3391540141707.3306,1683.4066442461517,-54114937808.70719,-52139373893.74734,66714.44455231186
1870,0.0009350000000000002,-55805322081.72543,-50272287560.08595,66808.1647310789,3045485073154.8813,3417871679533.549,1648.7018880805551,-55791115492.03289,-50277332966.496346,66645.76522812588
1871,0.0009355000000000001,-57415772520.17823,-48357703986.368225,66740.72273054882,2687094508953.437,3442486515354.287,1617.193481013966,-57404129893.50113,-48360565355.328606,66836.57039020349
1872,0.0009360000000000001,-58961605559.87186,-46390592032.170395,66712.8615276772,2368026057723.8267,3465849326486.559,1588.4245222911936,-58955127497.76614,-46387442981.74697,66898.59804305412
1873,0.0009365000000000002,-60444802124.85062,-44368161427.23319,66774.6483720651,2082753458780.5952,3487944962623.268,1562.0795460722968,-60437916157.652985,-44365514187.32975,66740.54106110602
1874,0.0009370000000000001,-61856848492.25987,-42301072578.83654,66778.8921228173,1826557007487.3867,3508837275370.434,1537.896922721479,-61848438081.10553,-42300812086.22875,66710.82195250074
1875,0.0009375000000000001,-63199210708.14547,-40187860162.84827,66798.67586900567,1596458019713.1592,3528262503426.052,1515.7589391423496,-63189221989.319786,-40190287857.233116,66746.71017433821
1876,0.000938,-64467095167.05762,-38036102927.84887,66761.4841477165,1389630651229.9456,3546314562477.0947,1495.5001096141991,-64457296462.33786,-38038792499.52206,66688.71984501662
1877,0.0009385000000000002,-65660485528.47666,-35846939389.29735,66708.9385362746,1203968990491.598,3562931968934.5835,1476.9997703657455,-65653231247.27571,-35845588700.75811,66754.08245741614
1878,0.0009390000000000003,-66784356731.83784,-33611641594.187946,66788.12403814051,1037436939220.256,3578188711689.475,1460.1241976341687,-66776854663.159256,-33610703703.77515,66893.5684399049
1879,0.0009395000000000002,-67831774162.17806,-31342151156.489704,66824.4599660927,887728028640.4045,3592309803983.143,1444.6976218273248,-67825385366.46867,-31338993423.299603,66934.61716767655
1880,0.0009400000000000002,-68803185725.91888,-29037897388.398167,66874.40065579358,753545046281.3153,3605110899027.6606,1430.6648948310328,-68797348370.53104,-29033017558.047306,66899.1301556644
1881,0.0009405000000000001,-69697199994.52556,-26701762289.158836,66927.89728551025,633616595087.4277,3616627178699.9365,1417.9524342368818,-69689868375.42548,-26700366340.22977,66863.91531239853
1882,0.0009410000000000002,-70510322139.63118,-24342830504.515797,66904.66315457376,526880400350.40063,3626872408010.3096,1406.4911519104212,-70502413963.18408,-24343229490.423862,66892.70420969394
1883,0.0009415000000000002,-71245421298.65659,-21954230821.087536,66953.59740702256,432600375599.0531,3635788216189.1577,1396.241437908005,-71237275067.13359,-21955587627.852436,67069.24607334987
1884,0.0009420000000000001,-71898993769.20062,-19546056421.641396,66953.76073760034,349778227680.7055,3643505049003.0757,1387.1215085860742,-71892289559.50594,-19542639722.25598,67051.5317897768
1885,0.0009425000000000001,-72472161602.9541,-17115248311.578081,66995.70670497708,277820326179.929,3649954835954.609,1379.098813084144,-72465301964.42084,-17111891446.61665,67011.78475315197
1886,0.0009430000000000002,-72963736161.76689,-14665641337.24189,67047.68113052398,216059690394.53296,3655189061675.7324,1372.125392853314,-72956045606.67297,-14665910496.679403,67058.82125886115
1887,0.0009435000000000001,-73371864195.12128,-12206182733.21739,67031.47057708686,164008520771.94077,3659195764968.786,1366.16924192649,-73364218396.42526,-12206760972.115147,67004.56510666001
1888,0.0009440000000000001,-73697408784.55426,-9734451076.18268,67038.9213079915,121351944858.16876,3661937233660.607,1361.21447144426,-73689685121.58064,-9736276646.257431,67045.67166472317
1889,0.0009445000000000002,-73940169252.34648,-7251263185.315906,67082.89743168128,87712570756.16635,3663455106502.198,1357.2295493078507,-73932282620.10709,-7255138884.002923,67065.17807166168
1890,0.0009450000000000002,-74099034399.66565,-4766314079.67944,67065.57379465098,62800915548.15569,3663752926037.575,1354.1909754061048,-74091328944.9224,-4770148584.83936,67113.45408559486
1891,0.0009455000000000003,-74174356647.23866,-2281695615.3235188,67022.36957913164,46460881505.255356,3662799753455.42,1352.0905704456934,-74166923422.92696,-2284200108.40885,67037.28414843918
1892,0.0009460000000000002,-74166505368.21707,203513716.61990276,67008.64644261502,38540262581.9155,3660604574183.3745,1350.9155418413661,-74159209966.65437,204006771.23641342,67048.89274496467
1893,0.0009465000000000002,-74075495006.40938,2685478155.135934,66999.03974759513,38934106367.88894,3657170380259.295,1350.6548832031917,-74068166667.7139,2685949827.9861565,66886.15091367796
1894,0.0009470000000000001,-73901576112.70625,5160655844.939823,66982.69251767467,47618008449.08937,3652481647996.325,1351.3053174998859,-73894653109.374,5155275132.705684,66712.75806616156
1895,0.0009475000000000002,-73645830383.38934,7618160669.938419,66865.94512383034,64624677828.311775,3646524895921.8096,1352.8671562495392,-73639114550.4346,7613905780.025088,66747.511893212
1896,0.0009480000000000002,-73307981136.04865,10069019009.739529,66855.97491650954,89967626063.47308,3639314143691.913,1355.3357675186364,-73301285083.47858,10065618045.75477,66938.89482230337
1897,0.0009485000000000001,-72888603768.99202,12506263310.674282,66855.69979644357,123843932920.12964,3630799306332.721,1358.7246357616755,-72881351571.16592,12506517904.10387,66980.86557351841
1898,0.0009490000000000001,-72387668547.4779,14930063436.497381,66895.4998575659,166487320914.7485,3620957686289.9536,1363.0473467664865,-72379941275.5351,14932062572.517292,67036.53373852956
1899,0.0009495000000000001,-71805916282.34686,17335649509.92017,66933.49930728649,218242261002.35495,3609745828686.67,1368.3249876414245,-71797828790.54752,17338139365.90882,67043.63868210829
1900,0.0009500000000000001,-71143304500.80812,19722870280.994053,67001.47962279212,279478935202.48047,3597141950191.9653,1374.5770709784704,-71134958765.93233,19725567192.07133,67085.72418956336
1901,0.0009505000000000001,-70401596754.5669,22084430589.867966,67030.95037831277,350696455348.21747,3583091861091.835,1381.8341913527252,-70393480787.69986,22085725433.546112,66995.81752599974
1902,0.0009510000000000002,-69581111802.92679,24419859336.75555,67064.95921844637,432351331707.35443,3567595596657.51,1390.1174406302275,-69573282412.54031,24419890935.607166,67194.4748890185
1903,0.0009515000000000002,-68683999380.24578,26723034504.764137,67058.46653160261,525063826419.98566,3550596428413.2246,1399.463314667093,-68674864593.761314,26726334070.762775,67069.05945083608
1904,0.0009520000000000003,-67710918471.984276,28993141060.3883,67049.77371768757,629446142001.555,3532087027406.45,1409.9016560777216,-67701659620.253265,28996180840.410065,67066.98447965199
1905,0.0009525000000000002,-66661121028.82077,31232093635.262,67095.37427706923,746310383155.7979,3512002433325.09,1421.4789433083747,-66650744885.971375,31236855570.392498,67309.97697361236
1906,0.0009530000000000002,-65535060015.5478,33437992427.48932,67181.63364003605,876801388420.7654,3490213366107.544,1434.2694326984063,-65523901944.75226,33443268395.196194,67374.72570400313
1907,0.0009535000000000001,-64333824905.04212,35607703252.88863,67285.40329574374,1022236438820.8998,3466628472936.239,1448.349601104542,-64322056990.57842,35612994332.64433,67431.0496343904
1908,0.0009540000000000002,-63061232348.94652,37733689565.657135,67335.6824817685,1184064113893.2021,3441180138926.596,1463.7935090953206,-63047065541.8375,37742197085.27597,67550.47805009843
1909,0.0009545000000000002,-61715575815.09818,39819036335.5556,67426.19914652621,1363643579063.129,3413888763349.2744,1480.6520971725197,-61701810567.43725,39825712793.45425,67423.59937263733
1910,0.0009550000000000001,-60301367560.456726,41856029460.17365,67472.16427699968,1562966615474.1492,3384556420096.96,1499.0379382256517,-60288218110.273506,41860906968.88801,67407.74889163316
1911,0.0009555000000000001,-58819995471.62708,43842982721.83967,67499.54181193298,1783962705749.2024,3353180909422.091,1519.0330898841446,-58809950864.01405,43842972877.66808,67338.50065319233
1912,0.0009560000000000001,-57275882385.08555,45774252555.006195,67468.94203672031,2028993932713.8247,3319656442847.73,1540.7439395007725,-57265960919.35469,45773894781.55749,67467.35462532405
1913,0.0009565000000000001,-55669116468.0088,47650559206.741806,67440.23315706426,2300577820468.575,3283957930222.0146,1564.2673398679158,-55657960025.48271,47651388571.41187,67334.38510830459
1914,0.0009570000000000001,-54000742529.00461,49470946411.10294,67427.50645906934,2602046289352.491,3245883897201.5547,1589.7571530898724,-53991131569.91646,49469751816.47775,67380.45023922563
1915,0.0009575000000000002,-52276309034.07329,51229544729.708786,67368.9327845225,2937504119448.7134,3205228739209.359,1617.4001676215605,-52266301099.85275,51228662082.82524,67137.78348418434
1916,0.0009580000000000002,-50495361484.12917,52927608599.478966,67324.60415203657,3311344272943.632,3161964803696.4214,1647.3496391280887,-50490217390.26822,52921932890.46319,67053.72914465392
1917,0.0009585000000000003,-48663193276.56218,54560419450.256966,67244.93099385955,3729264449528.024,3115818636770.265,1679.8336487063023,-48660795390.03291,54552547861.913605,67025.06404514433
1918,0.0009590000000000002,-46783077460.17084,56125935102.80483,67133.67222259258,4197670851050.721,3066688571890.218,1715.0703784773532,-46777301967.06885,56121364609.08046,67202.40565721091
1919,0.0009595000000000002,-44847914915.17524,57630777325.68098,67126.1973447859,4724240845797.354,3014399040896.95,1753.3114662146859,-44839104242.44012,57628524994.198875,67261.13797502934
1920,0.0009600000000000001,-42867156194.00025,59067021705.146126,67089.21794232863,5320011453924.748,2958251576536.699,1795.0160742065987,-42852230146.2246,59069097374.04334,67211.1835554851
1921,0.0009605000000000002,-40836020447.815834,60438520036.57484,67118.68969104647,5997223844191.137,2898165219027.4653,1840.557671423377,-40819856053.326225,60440804820.58159,67279.18317448233
1922,0.0009610000000000002,-38761921510.5798,61739774074.056244,67128.99807506595,6772330994101.279,2833498168175.2886,1890.488781130478,-38743952690.113174,61742533075.03223,67116.53678019503
1923,0.0009615000000000001,-36643965799.58458,62971508262.98464,67162.95114326186,7664917741792.152,2763977044650.524,1945.3596833741485,-36626835535.66143,62972980967.41576,67323.16311690307
1924,0.0009620000000000001,-34487339987.51643,64130508780.54135,67181.97572507383,8700492562291.083,2688949983576.5796,2005.8965379328988,-34467040071.86945,64133017840.04873,67410.03694177575
1925,0.0009625000000000001,-32293953946.781387,65215895547.65234,67197.28965100284,9911301679575.117,2607868236659.0396,2072.935203591053,-32270176721.031345,65219344042.84022,67374.31755531247
1926,0.0009630000000000001,-30067387853.225693,66225989426.55832,67200.11474569672,11339605648641.73,2519941915112.7544,2147.527603016461,-30039454899.46615,66230483109.048744,67259.24407432505
1927,0.0009635000000000001,-27801455563.35593,67163643160.55419,67273.72356880138,13041276510641.086,2424258460032.356,2230.9808121908977,-27775391658.333237,67166241133.57977,67430.6024659602
1928,0.0009640000000000002,-25508834286.14962,68022901373.37038,67303.61002916485,15094673409276.596,2319129300679.79,2325.1683026138853,-25480663921.341858,68025309679.74637,67487.90387461844
1929,0.0009645000000000003,-23189748220.063026,68804038365.1091,67325.34126446726,17604865596834.87,2203456859198.7593,2432.2402855884066,-23158113927.150642,68806577039.73795,67421.90628900178
1930,0.0009650000000000003,-20850757756.459934,69504999906.40916,67311.07526679295,20719874864374.508,2075367244316.2942,2555.066769296559,-20813401935.63943,69508236771.07912,67501.22585914293
1931,0.0009655000000000002,-18482741113.120964,70128858538.60782,67361.67769748496,24650890807917.895,1932696293851.0618,2697.432690810023,-18443781258.209442,70131079678.77519,67576.06030764214
1932,0.0009660000000000002,-16100118274.441324,70671183579.96397,67371.10204517309,29715531389637.88,1771668846613.707,2864.931781459409,-16052722608.042194,70673992726.59372,67639.88101178744
1933,0.0009665000000000002,-13695337324.865108,71134050388.20117,67422.23536879692,36391537331042.0,1588772554004.9558,3065.0994157161895,-13644903082.494658,71135682679.507,67625.39872870679
1934,0.0009670000000000002,-11277457110.63926,71515190616.64503,67460.64627443618,45431339952964.17,1378567882356.1787,3309.086194163875,-11222783055.28615,71515702890.22873,67748.46816594768
1935,0.0009675000000000002,-8854167148.806229,71813549657.46312,67460.7157094828,58041244467627.1,1135569898835.6375,3613.028379498088,-8788887965.06924,71813532776.81474,67876.14017341635
1936,0.0009680000000000001,-6422048272.48704,72030058531.30518,67469.42435356873,76185550758839.83,855669203534.5458,4000.1309182376426,-6345070018.975686,72028824363.9681,67724.48293067102
1937,0.0009685000000000001,-3986467491.8247027,72164209198.99582,67470.38262197674,103026629434514.52,542010972129.80023,4501.878914483516,-3902661748.1870437,72160798231.8705,67626.63602470643
1938,0.0009690000000000001,-1555475979.1775327,72215822900.18468,67439.77213707149,143053764506874.5,228282824912.8116,5147.485490497123,-1463334237.2666876,72209948846.45425,67487.6442249574
1939,0.0009695000000000001,878747783.822844,72185665373.798,67435.02642399857,199341294958293.62,39181691219.08468,5904.333837627282,974331042.1659411,72176673044.34761,67594.40482038417
1940,0.0009700000000000003,3327966493.6882877,72072949635.22852,67507.19589138626,260142691749104.34,269897559275.61206,6500.273423703357,3412090636.112145,72061066134.1531,67679.23866945216
1941,0.0009705000000000002,5800366619.8315935,71875307422.09222,67677.94355840885,280982690788821.9,1158249424994.314,6360.6694227512635,5843862460.400819,71863159257.31664,67619.91716440782
1942,0.0009710000000000003,8267355173.18684,71592504151.02837,67832.77651941126,233829265201253.8,2219485030245.6006,5451.633468912525,8262922996.087119,71583656291.03949,67531.75410897292
1943,0.0009715000000000002,10719369879.82562,71225387743.14409,67955.70059175984,163133630966569.53,2806049915021.4,4554.361128618786,10666555666.958494,71223232138.35617,67451.32229779742
1944,0.0009720000000000002,13116251850.25883,70780934315.40338,67923.47802813977,108253689536834.83,2957512305057.1245,4037.3359298002933,13054880802.708733,70782380711.24141,67488.95737696934
1945,0.0009725000000000002,15492581351.40889,70256492365.86964,67882.3433420891,73319875480866.0,2925842730651.022,3796.3553303469944,15428547728.066603,70260843621.48418,67585.3441037454
1946,0.0009730000000000002,17839022017.925697,69654623640.59926,67800.22448508239,51977044831067.016,2863535048615.1294,3669.2787431038114,17780969727.85673,69660005045.90363,67483.52371262682
1947,0.0009735000000000002,20157247919.619473,68975977292.67328,67692.82909321302,38745288295311.83,2830612157981.1353,3551.5894057829037,20108884141.057827,68980951494.64421,67519.4742099363
1948,0.0009740000000000001,22450713925.425385,68220143266.88792,67596.05955125272,30203567029751.215,2839465553812.877,3395.151547369192,22413075528.148804,68223578502.49905,67578.79106895556
1949,0.0009745000000000001,24728466699.480255,67383965044.86115,67592.85521935164,24358715051153.285,2879052647916.2026,3195.389138534279,24691717133.031765,67388397464.578,67550.10508925735
1950,0.0009750000000000002,26961384621.37867,66477220591.73297,67487.34891077779,20089257556901.13,2931380916685.3203,2973.7850805384724,26934565968.558273,66479227142.92756,67419.89118498175
1951,0.0009755000000000001,29170970695.83326,65492571653.808075,67479.02876552593,16805631461717.842,2980680172973.2305,2758.6185188321138,29145888142.553585,65494725475.97628,67608.03749211271
1952,0.0009760000000000001,31345607941.1296,64434233157.22518,67478.94858807987,14194080800299.252,3021984974467.8257,2568.719529023829,31325357397.388397,64434961719.94013,67725.19364756397
1953,0.0009765000000000003,33482001530.14597,63303828902.49848,67478.21097172947,12082083206841.834,3055874029400.91,2410.7377008677586,33469544715.05487,63301145626.405685,67691.27015463993
1954,0.0009770000000000002,35580399944.028915,62101289062.68114,67501.33343715443,10359007395447.79,3085702129376.622,2282.5066642519364,35571143270.703575,62097141252.54148,67670.2897785146
1955,0.0009775000000000003,37638697795.07945,60827561884.33372,67546.48187510938,8941829558474.533,3114735840825.835,2177.9891872687567,37631527962.64975,60822223841.28277,67736.21857644965
1956,0.0009780000000000001,39658201626.2656,59481445168.69962,67647.02451502768,7764632676806.017,3144660795815.5806,2090.9349012888547,39650808712.444214,59476216969.453735,67863.14758965267
1957,0.0009785000000000002,41631391372.13388,58067176004.19182,67736.69027547451,6774748160581.844,3175870256203.553,2016.4308319579827,41623233932.765274,58062446570.58495,67942.80466842286
1958,0.0009790000000000003,43554260166.28696,56587534939.0027,67799.2714388875,5932791658480.522,3207601873606.952,1951.3018792294702,43544617242.73523,56584007567.42376,67891.09908766567
1959,0.0009795000000000001,45425714263.30203,55043479429.660835,67854.88588144057,5209566436116.1455,3239024157234.5283,1893.5975537802963,45418400482.24728,55038069609.91445,68192.43936917525
1960,0.0009800000000000002,47245437342.23213,53435171793.23221,67928.90782875076,4582994493307.063,3269633562683.371,1842.0300699450588,47237843113.4995,53429913617.92996,68011.14307453418
1961,0.0009805000000000003,49008061823.41173,51767042032.77731,67975.11563450939,4036013727041.379,3299197996741.2075,1795.6513054327172,48999321349.837845,51762777438.26224,68086.98074029051
1962,0.000981,50714199318.81,50038637916.410835,68037.68755168376,3555880959141.8174,3327433493059.9604,1753.7822309941514,50706537078.792046,50033220829.966,68265.22158754217
1963,0.0009815000000000002,52365172620.04328,48248157812.40635,68162.19723979715,3132183815574.117,3354351064976.876,1715.8287484292468,52357879485.18647,48242137840.50055,68486.49345128669
1964,0.000982,53957812405.64257,46397902264.43338,68317.53896528772,2756206024381.3857,3380047321553.784,1681.263370520203,53948048000.76707,46394424733.74466,68358.72488277961
1965,0.0009825,55478708696.75953,44502863384.33978,68312.2864336439,2421182848053.7153,3404440265262.5317,1649.697521408696,55469967115.901634,44498299201.878334,68304.96368616843
1966,0.0009830000000000004,56934251487.76074,42556736011.74959,68327.55874211086,2122914902757.7803,3427079822517.875,1620.961782334242,56922551659.9768,42556221872.0038,68172.79283497727
1967,0.0009835000000000002,58322139280.839096,40562459326.64877,68346.36660449883,1856742626487.1948,3448269437658.2944,1594.7463438082768,58306464948.210945,40567994385.011444,68247.09370695121
1968,0.0009840000000000003,59637565494.87226,38527113731.04217,68304.92210498867,1618738852241.657,3468074512833.8364,1570.7901309464155,59624904898.54983,38528998705.045685,68491.82522497188
1969,0.0009845000000000001,60885511606.007675,36443818546.05322,68350.55408640474,1405905383471.2686,3486394813737.9404,1548.927856103034,60874842869.92519,36442643662.95297,68586.61503797307
1970,0.0009850000000000002,62061436985.7052,34319107313.865475,68393.48468252746,1215047317519.8818,3503454853574.45,1528.9396738674523,62051556676.88755,34316563971.93635,68481.88132246563
1971,0.0009855000000000003,63164020944.02363,32155277404.810894,68436.90415277016,1043900791387.4974,3519166331639.332,1510.697516044466,63153154817.14502,32154710941.10874,68457.83513666349
1972,0.0009860000000000001,64188572274.13979,29961672730.731625,68393.79616956979,890588367280.7378,3533516357998.0684,1494.0934906134214,64177951014.15521,29961175126.375423,68187.6601383235
1973,0.0009865000000000002,65136921350.85328,27735987306.91563,68363.56419426875,753802165697.1677,3546412835530.5405,1479.0602790505473,65126174498.332184,27736283857.77812,68399.64533502348
1974,0.0009870000000000002,66009297311.467224,25477869093.98254,68378.67779175796,632061230431.9335,3557981593146.9663,1465.4845801954523,65999061318.23377,25477284620.59192,68497.69004953443
1975,0.0009875,66804845530.124855,23188851155.00568,68433.7375245438,524008719512.41846,3568292886285.87,1453.2606074494363,66795534310.52682,23185765904.969444,68541.42070750735
1976,0.0009880000000000002,67522777683.666374,20870107436.959797,68529.9113623309,428545228871.85547,3577347239886.377,1442.3131255728592,67513130193.46911,20867616563.06113,68741.30435397626
1977,0.0009885,68159926609.367645,18530584658.770824,68571.91558305698,344781961435.44196,3585138021397.506,1432.5843852444118,68150796497.808365,18525995579.246674,68706.17744910117
1978,0.000989,68716819774.990326,16169060880.556887,68631.6925707462,272166829456.6106,3591593072536.5444,1424.046977924553,68707590788.30608,16164147386.715094,68771.97794785765
1979,0.0009895000000000004,69192563169.06897,13788373314.75928,68700.5971154636,210083739301.3487,3596760534482.3237,1416.6514335150227,69182775908.95605,13785149864.353806,68750.5596377517
1980,0.0009900000000000002,69585973872.26588,11393595613.16752,68746.70262981382,158030777478.33127,3600646074060.271,1410.3571872256803,69575929165.45486,11391463282.40945,68920.52080064328
1981,0.0009905000000000003,69896458352.67004,8988825730.144,68764.24970441434,115629073963.84294,3603232043954.5483,1405.1377428735925,69886570394.48553,8985373724.903227,68937.9428582771
1982,0.0009910000000000001,70124553517.06319,6570584616.090257,68842.58314522431,82559414311.14545,3604515785239.2085,1400.9700782278387,70114463978.90154,6567251978.018389,68999.78138777941
1983,0.0009915000000000002,70269179535.43153,4145373374.524457,68911.11980234277,58506628172.88503,3604521544090.262,1397.8264630300057,70259012334.1389,4140294776.8697896,69072.31557783255
1984,0.0009920000000000003,70330168713.14479,1713690772.0097535,69002.97114828957,43305578613.86555,3603218768291.6416,1395.6962234185237,70319783025.96082,1707735931.3693132,69245.47395364864
1985,0.0009925000000000001,70307069297.07193,-720084720.7126213,69090.05161024284,36847559009.615875,3600595610266.3516,1394.5710619379672,70296344236.89444,-727410471.8404222,69321.03207796064
1986,0.0009930000000000002,70199661699.65541,-3155054530.7466526,69198.94025208974,39102460474.2628,3596632444180.0254,1394.4478894351128,70188471739.27675,-3163352376.3784137,69373.86896013714
1987,0.0009935000000000002,70007612708.81631,-5588951525.297633,69328.48083594003,50106683470.6103,3591309260663.5366,1395.3276452505906,69995904066.65926,-5597079275.097109,69552.90552750605
1988,0.000994,69730795757.9675,-8017426186.849711,69452.89967304569,69975981764.23189,3584597117880.153,1397.2174871247769,69718876430.79536,-8022812192.2929735,69492.0352208459
1989,0.0009945000000000002,69370160212.24046,-10430313605.784752,69486.05808198183,98884664622.74724,3576469507107.1006,1400.1282471027223,69358582987.58939,-10431359078.629131,69381.02189991513
1990,0.000995,68927185981.20175,-12821368652.955536,69425.3618330245,136977141509.96104,3566934197371.666,1404.0642508669532,68915660464.33246,-12822045947.459578,69286.8458208659
1991,0.0009955000000000003,68401762119.58486,-15195118875.303131,69401.12396400036,184391829854.34583,3556005708952.0024,1409.0275816774356,68390643050.68939,-15193380291.806509,69177.01300971136
1992,0.0009960000000000004,67795156487.415016,-17545978255.537457,69363.66632596325,241476493282.2378,3543622244682.2876,1415.043781358263,67783786213.385796,-17545363846.63663,69515.28324782295
1993,0.0009965000000000002,67107811672.67309,-19873314994.54089,69345.18403257677,308618620969.1034,3529761155162.5767,1422.1368224739838,67095799547.1111,-19874710368.379963,69273.19484511766
1994,0.0009970000000000003,66341034543.91321,-22172995432.70895,69320.43406709156,386352255615.9104,3514370302042.1997,1430.340239387432,66329613574.16975,-22172269463.29182,69303.5429732562
1995,0.0009975000000000001,65496872541.06583,-24439729801.93986,69259.0846296932,475267677627.0426,3497419541647.424,1439.6866367507864,65485932776.564964,-24437828182.93742,69186.97751035163
1996,0.0009980000000000002,64575196733.61677,-26675161702.700867,69230.24068326426,575973898356.5413,3478900224021.0137,1450.2041969154975,64564442333.49928,-26672709995.16893,69253.54192030456
1997,0.0009985000000000003,63577030523.031975,-28876844659.640923,69222.89702130316,689361946082.4163,3458713107890.532,1461.9492867986469,63564073741.19786,-28879006977.35516,69513.81556570085
1998,0.000999,62500947357.35908,-31047676637.8919,69300.07302697712,816462892584.6133,3436786047246.464,1474.9838373433047,62486523377.43494,-31052035892.38569,69468.60877077299
1999,0.0009995000000000002,61348930362.708336,-33182241341.80178,69392.921043551,958712922670.0967,3412956684465.7227,1489.4027110683119,61333742888.922104,-33186809362.238976,69566.73999626386
