,time,J_y_EKF,J_z_EKF,omega_EKF,P_J_y,P_J_z,P_omega,J_y,J_z,omega
0,0.0,0.0,219988098028.049,63460.17160251382,5.377777777777778e+17,6128437294348.446,43864.90844928605,691184692.0591005,219986272836.5323,62845.151877632816
1,5.000000000000001e-07,7641005295.219403,219729663931.54224,63463.178845151226,1.2035595172665616e+16,6060590218926.998,44613.498239124034,7601241607.805969,219729581033.78317,62924.545916087234
2,1.0000000000000002e-06,14544427217.727493,219253492768.1813,63433.59191761626,3127905350715808.5,5153337944503.642,42547.15833720716,14501035485.911158,219255684423.0219,62893.99972898174
3,1.5000000000000005e-06,21405729454.12049,218561689842.71832,63299.55814432545,1287397150225218.5,4699296955255.052,33556.99477018099,21375739792.19379,218565625549.86258,62906.79005133896
4,2.0000000000000003e-06,28214445284.90232,217658062858.33197,63046.12919929757,650278281294339.8,4655884660418.988,20681.322897242073,28223084148.109814,217660046675.06842,62945.20304413257
5,2.5e-06,34986748850.97489,216543667404.81857,62845.288495726374,369453383557877.0,4620895012766.534,11229.016244318307,35035921637.25804,216540048065.33743,62901.34248733495
6,3.000000000000001e-06,41761664838.775085,215211537783.95776,62895.706029059664,229012269391120.6,4478953702069.36,6223.84734453389,41800998634.44383,215208020273.35367,62892.45897873886
7,3.500000000000001e-06,48499829739.72781,213664822528.21036,62973.40264734899,152363724954569.72,4293839807074.197,3811.5350236991344,48515473574.04741,213665342338.748,62832.82802707023
8,4.000000000000001e-06,55159822486.64711,211913053033.42337,62931.13667494811,107859626801280.31,4124319643308.8594,2645.9775751246593,55168291105.66988,211914932117.3106,62795.90114499777
9,4.500000000000001e-06,61747570698.7138,209957009762.06238,62865.68498906884,80897471491412.94,4002589438384.3066,2060.320815238287,61759687559.97039,209957459717.1068,62802.90465631575
10,5e-06,68266432959.19536,207796570246.76028,62824.932637741746,63943284326545.28,3940242894642.1416,1744.7992348197172,68283171512.99934,207795052533.4805,62815.65137997263
11,5.500000000000001e-06,74714666171.98097,205432435758.65964,62818.65475020352,52733202170497.93,3930630389731.479,1556.1626713041326,74732179230.42299,205430077673.64688,62797.392450310006
12,6.000000000000002e-06,81087505857.79207,202866187598.5501,62840.233537697226,44764775460887.82,3956583949124.019,1429.4426341090546,81099976542.91292,202865285770.28915,62834.88135276977
13,6.500000000000001e-06,87372460359.66893,200102727976.91605,62850.197513385,38635664162027.15,4000627609508.8433,1336.0610829132672,87381137727.71468,200103050099.3868,62808.18105212336
14,7.000000000000002e-06,93562999573.72179,197145244413.74435,62851.393196626486,33636964725790.95,4051067232321.5,1263.012386707713,93565917948.471,197147994377.00433,62738.8614722181
15,7.500000000000001e-06,99652750391.70357,193997165099.6417,62845.60152600771,29436988071248.754,4102470317885.323,1203.3681914518804,99649869987.23285,194002873029.57034,62805.06771035776
16,8.000000000000001e-06,105624449420.62642,190668068436.52667,62776.918258598096,25873081938599.93,4152794563917.3936,1152.9246778934387,105629628967.2666,190669730084.7943,62763.369053784896
17,8.500000000000002e-06,111492362571.23033,187151576929.14105,62778.22049330664,22847026234570.05,4201022392462.1377,1109.165943130274,111497509648.2093,187153200181.6632,62765.625631208444
18,9.000000000000002e-06,117242159754.45709,183455739425.0673,62770.11544488697,20273288801315.914,4247268328379.9517,1070.440130397855,117244478486.00714,183459034494.6255,62706.53683314192
19,9.500000000000002e-06,122860712325.34296,179589656763.0046,62711.816562962245,18078359276887.816,4291116060643.7935,1035.8457223959304,122865155020.3798,179591693020.33267,62676.032576208876
20,1e-05,128350376616.31535,175553229599.25922,62672.26205546068,16198934461571.525,4332391665518.55,1004.7926070914078,128359774355.31053,175551646546.03833,62670.30876964373
21,1.0500000000000001e-05,133712448125.56253,171345916182.0981,62683.138248738534,14578831307995.389,4371365452308.9395,976.7531052067291,133719955085.52135,171345457815.53796,62670.14049801914
22,1.1000000000000001e-05,138937625176.9286,166974621197.74286,62692.16780795262,13171100114495.195,4408219055746.427,951.30284070987,138944715568.04697,166974267350.51733,62721.92194741868
23,1.1500000000000002e-05,144021680385.90958,162443091126.75342,62705.90766350191,11939861656432.467,4442912212246.715,928.1416370548109,144030724461.57544,162440631195.24142,62739.338934040825
24,1.2000000000000004e-05,148962292382.39468,157753422108.7361,62741.03665255469,10856956933513.617,4475554190861.872,906.997431477664,148969579644.55228,157752121539.81882,62763.90389771241
25,1.2500000000000002e-05,153753165411.45364,152911206149.21396,62776.00215254708,9899704866191.885,4506280563666.302,887.631704909516,153758884338.63358,152911040028.31436,62804.80651933998
26,1.3000000000000003e-05,158388030524.89136,147922672652.79147,62798.997978111685,9050176414651.385,4535139660183.285,869.8613252102467,158393926118.37473,147922044893.7518,62868.0965082815
27,1.3500000000000003e-05,162865692240.33972,142789197108.35608,62844.71202731129,8293882398757.871,4562194720306.353,853.5326830329932,162870448463.63528,142789443923.4631,62848.886984715515
28,1.4000000000000003e-05,167175914185.02744,137522059354.52695,62850.81527894796,7618323476059.805,4587583675798.365,838.4985904817005,167180672109.39746,137522100477.734,62886.815986602305
29,1.4500000000000003e-05,171319170441.4202,132121354423.97852,62881.582936316154,7013768282639.969,4611286681634.669,824.6627601813827,171322736770.41174,132122610854.75284,62894.10609717752
30,1.5000000000000002e-05,175286010227.4685,126599142838.29218,62871.414956991845,6471331795470.44,4633462845073.8,811.9095416052746,175292165740.13968,126596854227.1392,62938.88928628798
31,1.5500000000000004e-05,179079395878.49786,120952221806.32611,62911.29743014631,5984109533919.352,4654092475634.515,800.1686878915006,179087665406.2637,120946258424.63203,62960.823037765236
32,1.6000000000000003e-05,182693367773.0214,115188564981.58809,62950.487612077945,5545459450559.436,4673343510660.775,789.3442028216136,182701001948.43665,115182886150.27719,62967.06444705116
33,1.65e-05,186124448034.23575,109313440375.89577,62992.00262232442,5150177711938.576,4691214335299.276,779.3782633982968,186128499879.80325,109313094821.7608,62950.65225264076
34,1.7000000000000003e-05,189364105781.02234,103341317247.04137,62973.0133822008,4793853025245.025,4707757876506.564,770.2128144087973,189366705989.69458,103343572494.59395,62922.74366613786
35,1.7500000000000002e-05,192409539847.6472,97279215559.32745,62928.01823743072,4473075803965.456,4722962522333.819,761.8091126493225,192413104128.38553,97279861093.8408,62919.44033069909
36,1.8000000000000004e-05,195261824090.1517,91126769406.32603,62920.672112393106,4184610111791.1665,4736901749741.131,754.1188238280822,195264734488.45755,91128819218.15036,62880.8780646849
37,1.8500000000000002e-05,197912805693.50882,84902060572.90128,62844.19111382197,3925284706612.7393,4749664068144.9,747.0923243899316,197917323014.727,84900868466.26945,62827.71852383199
38,1.9000000000000004e-05,200366290894.0706,78599563847.29768,62827.817949113596,3692902791868.394,4761205605311.235,740.7092700047858,200370563215.15134,78598754647.47289,62822.772927955266
39,1.9500000000000003e-05,202620250458.86813,72224458419.06293,62838.296886911674,3484998309585.59,4771648143475.133,734.9219483956138,202622933680.84903,72227635351.65791,62780.71236679582
40,2e-05,204671479005.23407,65785787603.9666,62838.95396079781,3299629647051.556,4780997530558.517,729.7041274127859,204673350377.63113,65791786115.44881,62839.68574000692
41,2.0500000000000004e-05,206516132590.0382,59296886161.87757,62790.436798413095,3135295143553.9297,4789258727434.152,725.034600530302,206520168375.8562,59296442717.89302,62858.55907749118
42,2.1000000000000002e-05,208157290454.44275,52750157791.47588,62821.192684204725,2990792870935.1265,4796437658718.769,720.8954663985535,208161611835.85486,52747728305.82122,62863.720933988996
43,2.1500000000000004e-05,209591283662.79785,46158155834.71075,62835.60117223035,2864722101891.0625,4802609964361.738,717.257519831359,209595372410.50797,46156350529.976,62820.20814045638
44,2.2000000000000003e-05,210816430608.29202,39529692030.0805,62829.96876974086,2756161744036.4785,4807749221323.392,714.111355394607,210820253373.24142,39528835362.75327,62816.887816550356
45,2.25e-05,211832405436.92825,32868713499.906,62835.712597590995,2664335331054.9365,4811869648426.979,711.4436542618823,211836101867.74335,32868160336.615158,62819.280387026076
46,2.3000000000000003e-05,212637936196.1921,26184518391.043934,62827.15404526934,2588527781602.493,4814991431404.349,709.2411814940587,212641798850.0582,26182512049.11826,62831.28705535713
47,2.3500000000000002e-05,213232993638.7722,19480547053.80044,62835.243646772054,2528190944123.6177,4817114789537.681,707.4958372406498,213236482391.86707,19481918489.183994,62802.92009030692
48,2.4000000000000007e-05,213616990336.27603,12764162769.40654,62843.50366123071,2482859142690.878,4818250768960.703,706.1990823304365,213620440049.7888,12766025730.731157,62876.880071694104
49,2.4500000000000006e-05,213789513285.0944,6046204482.837255,62824.30003089406,2452207757372.6084,4818397390394.439,705.3458235746787,213793112421.7262,6044061894.30585,62872.02834970444
50,2.5000000000000005e-05,213751156154.2374,-677652565.634057,62868.688548565486,2436021600874.199,4817552754167.815,704.9324182195569,213754516702.5977,-680712116.4788918,62917.4206563277
51,2.5500000000000007e-05,213501381505.1264,-7399434342.107231,62923.39527565455,2434175821340.178,4815717216443.297,704.9561084244853,213504464026.64688,-7402581916.628096,62943.216062895706
52,2.6000000000000005e-05,213040075875.73517,-14112234944.539515,62979.608245981886,2446695926150.843,4812875485395.635,705.4180915088881,213043080885.57782,-14112774389.398775,63014.96206384795
53,2.6500000000000007e-05,212367818547.5279,-20803707615.40363,62998.98241819001,2473708858085.677,4809015872276.728,706.3204488458616,212370813173.41403,-20803875034.261044,62996.17450632406
54,2.7000000000000006e-05,211485591972.20593,-27466875684.82548,63004.955126465815,2515398550733.5205,4804130162854.039,707.6657792055388,211488476354.9318,-27467675722.32789,63000.88382125341
55,2.7500000000000004e-05,210394386367.4942,-34096197215.922176,63013.76563887283,2572046584369.811,4798204733838.97,709.4587931170363,210397288997.5824,-34096263478.515358,63007.07631509094
56,2.8000000000000006e-05,209095196244.38635,-40686381648.07994,63031.82851642313,2644065419866.0283,4791219482418.961,711.706564261595,209097954965.04785,-40687095328.58046,63068.87415794801
57,2.85e-05,207589501108.94025,-47229994130.86924,63046.71289857608,2732006328262.9844,4783149806316.843,714.4182265381859,207592044442.58994,-47231323948.40739,63047.20892065148
58,2.9000000000000007e-05,205880338279.37125,-53714646699.23011,63021.0035379515,2836527345812.561,4773972476066.807,717.603880188468,205882664847.3162,-53717002491.955925,62978.97388451296
59,2.9500000000000002e-05,203969314060.7303,-60137080058.52727,63003.151239899984,2958312052690.3574,4763675865508.366,721.2722845571043,203972619292.9662,-60136071446.68293,62927.73856574659
60,3.0000000000000004e-05,201859684167.5189,-66487795717.95206,62965.739465550745,3098296905582.787,4752216657580.021,725.4393574476827,201864276266.51108,-66483279361.20859,62894.10801891318
61,3.0500000000000003e-05,199554742671.63388,-72759292159.48492,62912.486885124854,3257504034896.681,4739572950226.016,730.118710352171,199557909056.95312,-72759689339.61528,62923.96996343454
62,3.100000000000001e-05,197053720875.07248,-78955856465.06783,62924.465026754835,3437122264369.7446,4725710862129.229,735.3270758189293,197056755697.3888,-78956573674.19867,62928.18497191014
63,3.15e-05,194359457632.63733,-85069703265.8588,62945.95850939162,3638888002543.3076,4710537327623.01,741.0953752933278,194363251857.30063,-85068633524.74065,62945.57905708835
64,3.2000000000000005e-05,191476363354.406,-91090851881.35439,62943.038682220336,3864605434122.323,4694019046306.769,747.4464980793713,191480708197.6976,-91088830891.35483,62869.813810592255
65,3.250000000000001e-05,188408801237.54498,-97011255892.87697,62916.35632432029,4116158396265.604,4676122761825.389,754.4037115943404,188413872449.75314,-97008277529.59981,62894.33163834434
66,3.3e-05,185159705483.5711,-102826669797.74902,62891.40491281733,4395702510616.023,4656796026275.613,761.9955324140847,185163251381.2779,-102826911464.32413,62922.94054043716
67,3.350000000000001e-05,181732674176.6208,-108531637700.28595,62867.42611994363,4705897226939.04,4635957709260.826,770.2588723087989,181734272099.17892,-108535405841.12308,62892.34361300478
68,3.4000000000000007e-05,178122629501.19403,-114135169994.88118,62948.99758732679,5049838605548.637,4613533852176.246,779.2327631065571,178126609258.98428,-114134575178.79889,62986.288192202104
69,3.450000000000001e-05,174343062161.348,-119614312710.13544,62941.899870257876,5431979300272.256,4589315981140.494,788.9886947907565,174345699810.4381,-119615833598.01224,62940.08403288159
70,3.5000000000000004e-05,170392467490.7396,-124972693278.55511,62969.02362540467,5855930442754.052,4563391069323.616,799.5444896749257,170397757428.28125,-124970501627.32014,62938.911362181985
71,3.550000000000001e-05,166281521475.31537,-130195580121.58467,62937.32335828446,6326874873163.371,4535537730417.936,810.976750209634,166286381365.33133,-130194375543.98088,62911.490491864264
72,3.600000000000001e-05,162012702564.97565,-135281357929.85484,62908.087829170196,6850049944876.942,4505751922085.215,823.3288932422646,162016394986.4351,-135281865975.73904,62918.72142989202
73,3.6500000000000006e-05,157587025009.5512,-140229527633.4983,62912.68212818498,7432195174134.068,4473851475509.646,836.6801887056351,157589498346.94254,-140231513484.12997,62955.40696046591
74,3.7000000000000005e-05,153004620103.5609,-145039744428.92706,62965.986308757,8081790942518.643,4439634183284.722,851.1266231187122,153009885986.88068,-145038633857.35895,62940.10705699427
75,3.750000000000001e-05,148281395386.5401,-149694600827.2007,62937.843559533496,8809265946110.467,4402877978553.312,866.779428615256,148285979537.3932,-149694461267.65393,62899.14316654543
76,3.800000000000001e-05,143418012228.03735,-154194985858.6354,62918.4228674449,9625048952457.998,4363616066886.3125,883.7027568452306,143424120463.21597,-154193672717.6983,62896.78544794272
77,3.850000000000001e-05,138420270561.54916,-158536045765.18756,62896.599189450586,10542880825431.166,4321522509290.396,902.0377542005366,138425238424.19232,-158535991537.65753,62882.98450637759
78,3.9000000000000006e-05,133287503291.26181,-162718884905.2758,62917.41873459843,11579463219817.086,4276374525996.086,921.9277833093769,133293383575.83696,-162718104855.8559,62958.13936871326
79,3.950000000000001e-05,128033767766.5636,-166731777671.8555,62889.91385552622,12756264380742.488,4227791381858.288,943.5655755208503,128035209321.33333,-166734686622.96545,62942.87557512629
80,4e-05,122652515675.93353,-170580705757.63177,62926.77042370748,14097663782344.422,4175662275639.836,967.1066738919397,122656429232.65146,-170581623069.54218,62964.9512523773
81,4.050000000000001e-05,117154486653.07265,-174257196767.9243,62951.60871273809,15636729403920.969,4119353095926.4795,992.8381155525014,117158681484.09439,-174257884587.2548,62981.8540251611
82,4.100000000000001e-05,111547127595.71906,-177756417816.36566,62959.271355948826,17413418662478.576,4058582440609.7173,1021.0181337840195,111550136459.2765,-177757916929.3943,62972.795916561685
83,4.1500000000000006e-05,105834121270.41432,-181076425994.59583,62972.0071691232,19477847839181.426,3992904081330.0947,1051.9627366866052,105836972204.55722,-181078022279.06113,62987.648339183295
84,4.2000000000000004e-05,100028296518.78421,-184209930341.09323,62945.59098699652,21895259522427.723,3921670590881.759,1086.0854244762172,100026785900.88365,-184214060482.42984,62958.73107703117
85,4.250000000000001e-05,94113583780.51242,-187166357907.8439,63025.81003974196,24748685218480.703,3844365905318.6216,1123.8351092211985,94121068019.10703,-187165469286.66055,63009.96860345877
86,4.300000000000001e-05,88121021513.69691,-189928571200.40558,63015.11300117832,28156048515482.95,3759543754546.6206,1165.9673410364455,88130198073.7446,-189927197859.6277,62986.22967270367
87,4.350000000000001e-05,82054601095.77188,-192496209466.19214,62975.70971558105,32265919795058.31,3666898926669.083,1213.1142253674152,82063021454.84412,-192495672482.35284,62892.866371128366
88,4.4000000000000006e-05,75922430338.33675,-194866927442.39288,62914.48588587616,37281805842920.97,3565145282803.1025,1266.2210885263612,75924512361.79382,-194869435783.61118,62920.99866742664
89,4.450000000000001e-05,69709281835.7246,-197047624740.20618,62945.371564105946,43488192861840.516,3452746445605.7104,1326.5449128690473,69715788744.42438,-197048483314.78006,62920.07764149577
90,4.5e-05,63435504568.218895,-199029950653.6105,62955.28141673677,51306223096505.64,3326977546576.425,1396.0003100922536,63445597866.82436,-199029800008.32608,62919.457459508165
91,4.550000000000001e-05,57108625799.32415,-200811971576.32718,62949.51260077541,61346831745633.94,3185711315735.493,1476.911154852666,57118524548.38706,-200812213744.42233,62945.76255279408
92,4.600000000000001e-05,50727483505.243996,-202394507820.79776,62966.97504672762,74530171562617.17,3025725493135.802,1572.5841834200237,50743815725.887566,-202393314350.42108,62920.444869126746
93,4.6500000000000005e-05,44299005459.515396,-203775542645.01007,62993.92206458108,92302110365264.92,2842262575906.5005,1688.0423081548943,44329022664.85203,-203771714913.16046,62894.685449988065
94,4.7000000000000004e-05,37852432646.02605,-204948637166.01807,62939.76090742909,117010448148836.22,2629373495203.259,1830.9288936264154,37877843653.468,-204946995261.462,62919.37990221368
95,4.750000000000001e-05,31371834430.960197,-205918908829.26953,62922.42811348885,152570439536651.9,2380653745459.6753,2012.9534053825566,31394545948.28336,-205918607626.5026,62935.66948640612
96,4.8000000000000015e-05,24866609361.8574,-206684708454.47522,62915.559080286745,205831285129293.47,2086829012283.2942,2254.10374629892,24886227984.796333,-206685553814.24564,62939.278885790794
97,4.8500000000000007e-05,18332067481.226284,-207246932144.41122,62952.82221930938,288925736901392.9,1742967957822.8162,2587.899087616031,18361872235.88775,-207246933410.78403,62893.97772972422
98,4.900000000000001e-05,11797117267.616268,-207601419319.845,62941.03007773799,422174918557302.1,1367652276896.985,3066.997111688724,11828475752.173555,-207602478152.73096,62929.86694600049
99,4.950000000000001e-05,5255186490.14845,-207750773241.9329,62948.42131131892,628291786380442.0,1076540530957.9529,3739.4981495866855,5287731433.057552,-207752411634.5223,62925.27634445665
100,5.000000000000001e-05,-1285075710.1812108,-207693797263.3998,62948.88221572607,874248521859832.4,1219033704139.0952,4480.795678744302,-1251438994.3378983,-207696445709.06818,62971.512370280754
101,5.050000000000001e-05,-7813491838.49057,-207431393760.4047,62945.64378407122,958880750771113.1,2124807851534.0173,4720.908846002851,-7784097897.886364,-207434868297.42395,62980.8499014182
102,5.100000000000001e-05,-14282074263.949596,-206967302828.21606,62877.2085875353,763720068713925.2,3143627707179.626,4204.188077766981,-14302557099.266092,-206968002221.84937,62956.06369876678
103,5.150000000000001e-05,-20776739861.136852,-206296748613.5368,62889.62531499343,508813861807101.6,3594696645898.2314,3567.507933084061,-20797243011.47861,-206296761816.2307,62965.23740991334
104,5.200000000000001e-05,-27234113157.235622,-205423761338.46198,62885.165361612795,328949340222097.44,3670849734208.1187,3126.3036154642177,-27262276115.941326,-205422176320.61096,62948.95086556706
105,5.250000000000001e-05,-33682890959.211098,-204345260123.23944,62932.03409292501,218644874240034.1,3645688290798.9365,2818.5473944508294,-33691618174.410618,-204345412227.82373,62919.76245631788
106,5.3000000000000014e-05,-40068073995.242386,-203068344168.127,62922.744639101045,150851957447730.97,3635005806794.568,2554.6039813774823,-40077099643.4703,-203068284581.56274,62889.19923976777
107,5.3500000000000006e-05,-46404734700.427,-201592486418.80298,62910.25422212351,107710703561274.84,3657781629705.133,2301.458364340922,-46417352884.81668,-201591448687.35947,62906.50926205761
108,5.400000000000001e-05,-52695866186.526855,-199917402455.23035,62923.63550201015,79305610682091.77,3700796763804.778,2064.7246798042183,-52703963634.577095,-199916990993.41357,62926.07105188565
109,5.450000000000001e-05,-58930431797.28979,-198045409327.1014,62943.70660085488,60136743444573.414,3749190887548.6875,1859.1256698382201,-58933971062.43087,-198045911832.0233,62937.37739319716
110,5.500000000000001e-05,-65103685199.666565,-195977840841.79807,62974.17625199162,46971436330624.62,3796921616505.6616,1691.303140578792,-65101265350.89912,-195980023653.45288,62962.00765336054
111,5.5500000000000014e-05,-71207011983.54085,-193717384214.57748,63001.921657536666,37767192125633.35,3844716274885.3047,1558.186412035234,-71197416319.74281,-193722152627.0755,62946.103944118644
112,5.600000000000001e-05,-77215719491.41998,-191273573848.57062,62945.814803940535,31174473992869.527,3894233040135.5093,1452.4656168533677,-77215050408.80797,-191275373640.06464,62988.282263625595
113,5.650000000000001e-05,-83138800987.72795,-188644771642.00705,62900.42768949835,26299158319509.766,3945160828875.4463,1367.1473893929083,-83149484412.91826,-188641769104.80173,62950.316952632405
114,5.7e-05,-88987291037.60378,-185826279257.77063,62943.27832802603,22550341183508.617,3996926406007.9893,1296.705358835061,-88991814900.50201,-185825717153.71246,62908.85911639372
115,5.7500000000000015e-05,-94732902459.54294,-182830618131.87476,62927.21041312731,19551151279439.48,4048642290744.5845,1237.2095358020713,-94739202683.45352,-182829069132.68173,62946.27532338874
116,5.8000000000000014e-05,-100377752777.4625,-179657841894.66373,62915.918257639605,17080326847272.371,4098657866984.5923,1186.187228072872,-100384523592.95894,-179655859446.87216,62887.16218235354
117,5.8500000000000006e-05,-105918614907.5385,-176310046052.38416,62919.69857774874,15003361316799.729,4146656503835.945,1141.734643717925,-105920805811.44432,-176310587984.80753,62849.69514419242
118,5.9000000000000004e-05,-111345797150.6137,-172793183506.12573,62907.061242836695,13234960988510.883,4192489509456.3096,1102.4628357894608,-111342626057.82512,-172797134814.7512,62827.676075847405
119,5.9500000000000016e-05,-116648671682.49255,-169114880069.15222,62851.943082065365,11717865120009.002,4235954878978.746,1067.4264869064723,-116648257012.3685,-169117333590.97302,62826.43619613485
120,6.000000000000001e-05,-121831292864.9994,-165273641373.0591,62829.86410475577,10409999540876.375,4276956605531.8716,1035.959320836002,-121833424303.57982,-165274366994.7411,62825.38820004969
121,6.050000000000001e-05,-126885865444.5273,-161275406723.61572,62806.07273730854,9275752961168.814,4315764599133.2764,1007.4937844190441,-126886950915.51453,-161276893281.9006,62767.32552773392
122,6.1000000000000005e-05,-131807424746.57306,-157124709685.17175,62779.56325297151,8286670727650.673,4352365229828.945,981.6416504131245,-131808174437.28331,-157126608215.0389,62742.48450968841
123,6.150000000000002e-05,-136588167697.9179,-152828860717.63815,62727.92420886965,7419616822906.936,4386830736806.2617,958.0883521115264,-136591887407.33919,-152828327019.88846,62730.77066591511
124,6.200000000000002e-05,-141231192757.16705,-148386200975.91165,62719.24443218404,6656078298830.988,4419205968673.024,936.5817694339145,-141234798349.6855,-148385724133.70395,62693.45203215201
125,6.250000000000001e-05,-145733938683.86996,-143799022711.88483,62746.23525339485,5979925891083.582,4449726424347.983,916.8676275853524,-145733633452.9811,-143802248836.27008,62697.73466937449
126,6.3e-05,-150081066811.87988,-139082727395.0652,62699.868224483725,5378220937530.848,4478466070946.833,898.7545056213048,-150081738413.5855,-139085214805.1929,62647.79793083488
127,6.350000000000001e-05,-154273066541.61514,-134238604178.71475,62655.39236080379,4841833291046.153,4505306837403.394,882.1292069090078,-154277162468.58762,-134237411988.88055,62687.131073491684
128,6.400000000000001e-05,-158311487151.12277,-129265687738.66692,62659.335652012116,4362264657922.589,4530455689312.59,866.8349059983925,-158314301462.12277,-129265840840.85857,62641.15056530952
129,6.450000000000001e-05,-162185833036.64874,-124176769872.00327,62621.515587636975,3931871220440.224,4554062491421.467,852.7339082484003,-162190480164.7605,-124174694398.07568,62624.97150248666
130,6.500000000000002e-05,-165901197265.6895,-118966419457.4657,62649.975608254616,3545147922765.347,4576060966085.9,839.7521951191454,-165904486036.62646,-118965928721.99756,62716.908321236566
131,6.550000000000002e-05,-169451652393.2978,-113642058180.4981,62684.83511418229,3196595947483.0684,4596658451230.952,827.7734868978456,-169454292943.8474,-113642140157.7087,62700.41375673823
132,6.6e-05,-172829718933.5853,-108214783409.39668,62678.154568095655,2882067378729.471,4615841620202.69,816.7310441565241,-172833587521.67346,-108212786800.32574,62687.636578450605
133,6.65e-05,-176037279077.72812,-102682517993.05643,62712.25524830225,2598368783809.924,4633607387300.995,806.5716027720049,-176040207729.44745,-102681606393.07932,62741.19674146347
134,6.700000000000002e-05,-179068552437.47726,-97054558860.61716,62732.15620660134,2342190298322.2827,4650093715522.044,797.2193892899596,-179071186097.0131,-97053870894.99681,62741.7382270716
135,6.750000000000001e-05,-181920914077.9321,-91336071567.48824,62749.99495691173,2111007142317.7551,4665289780645.17,788.6323528520121,-181922923775.5915,-91336384185.0894,62729.69205417712
136,6.800000000000001e-05,-184590404350.42047,-85535236495.18294,62749.136413377324,1902580205281.9692,4679245820876.219,780.7646707281765,-184593314658.8502,-85533527397.60573,62819.26308162574
137,6.850000000000001e-05,-187079062447.23352,-79648213984.47893,62810.2396167355,1715033003574.5066,4691985897359.2705,773.5792940914426,-187081717788.79614,-79646445673.06131,62831.398279012414
138,6.900000000000002e-05,-189381683847.35635,-73685485551.93196,62858.103739767634,1546415756758.173,4703602725481.037,767.0286416503383,-189382369200.85263,-73688217281.91866,62857.739621083696
139,6.950000000000001e-05,-191492389978.14017,-67662218007.069695,62836.295709456026,1395384206368.61,4714071146673.548,761.0907360954423,-191493523798.49228,-67664072951.63394,62811.647076386944
140,7.000000000000001e-05,-193411474631.863,-61580139611.11323,62822.00087390748,1260930463134.9402,4723384230576.2,755.746741919335,-193413323770.18967,-61579957790.88844,62863.75596921911
141,7.05e-05,-195137932350.22067,-55443411846.5776,62823.58171260216,1141877628368.493,4731612335900.78,750.9649596563949,-195139997425.6071,-55442293913.776115,62800.91027397794
142,7.100000000000002e-05,-196670708469.68445,-49256107852.1834,62844.28158808774,1037201070429.8069,4738777820511.512,746.7232429046223,-196671695172.70047,-49258835689.01598,62824.95029031008
143,7.150000000000002e-05,-198006145330.0962,-43033043283.90535,62811.523661810876,946051721990.337,4744897918042.076,743.0027427421106,-198007720356.45135,-43034025773.59767,62831.56612873059
144,7.200000000000002e-05,-199145094864.8888,-36774101971.21292,62805.16977990778,867856934022.7931,4749960178157.288,739.7928447597349,-199147365522.02615,-36771597205.435974,62784.74013864278
145,7.250000000000001e-05,-200086428252.47205,-30486218493.170425,62802.34115566693,801964588817.6788,4754007774610.103,737.0743503709069,-200087941212.54782,-30488087837.262417,62712.82068627975
146,7.300000000000001e-05,-200828090851.4651,-24185458835.835155,62733.842573673675,747883849225.8623,4757041190952.287,734.8367540345198,-200829657673.73428,-24188750948.877274,62659.879421736376
147,7.350000000000001e-05,-201370674080.14996,-17877792850.587994,62646.82848971399,705281761459.0951,4759053610734.478,733.0735511517273,-201372805197.34793,-17878048955.06957,62628.19014189426
148,7.400000000000001e-05,-201716044434.4366,-11552981471.008888,62665.89285485482,673806629364.4546,4760067011162.564,731.7741804571262,-201718076405.59448,-11554293658.30773,62654.57194036421
149,7.450000000000001e-05,-201862679792.92203,-5230478441.653357,62628.66017006278,653135049668.4867,4760098985411.236,730.9288731617576,-201864869771.5852,-5229294811.695773,62614.47378905089
150,7.500000000000002e-05,-201811509161.06805,1095614200.464135,62655.730999956875,643154544530.8206,4759126398659.218,730.5370354953975,-201813625438.1458,1092906924.984913,62636.3785110849
151,7.550000000000002e-05,-201562359110.83667,7408705025.178921,62632.667475026916,643779505690.4188,4757155449367.975,730.5944671499076,-201564567516.01233,7406380795.137516,62633.05021533562
152,7.600000000000002e-05,-201115905575.7887,13708977503.198725,62636.90125895463,655007297203.3997,4754175656896.01,731.101213901531,-201118162389.3817,13707010295.84084,62611.446025978046
153,7.65e-05,-200472874489.81583,19986987644.891247,62627.47285080421,676905220935.8416,4750178846468.798,732.0584127247974,-200475465818.73068,19983003403.35438,62615.0705235238
154,7.700000000000001e-05,-199635071741.08557,26229786060.529755,62567.0959431286,709602666189.0868,4745154524395.459,733.4687838193107,-199637322490.22275,26230614868.16277,62591.57615724523
155,7.750000000000001e-05,-198602289472.81842,32446036311.852295,62590.78075981206,753245243227.8391,4739100012259.122,735.3345091016316,-198604797940.962,32444726876.144917,62602.8933091896
156,7.800000000000001e-05,-197376414192.41586,38621786720.29208,62587.47831581443,808210531163.9343,4731973234793.015,737.6664052609858,-197378513066.4906,38622759115.336754,62594.31893455547
157,7.850000000000001e-05,-195957899540.12704,44756605822.783585,62613.827174386446,874842036533.9595,4723769488434.733,740.4701200837031,-195960268927.01382,44756262918.29736,62628.69343061766
158,7.900000000000002e-05,-194349340477.03885,50838649623.289955,62609.43672588853,953652425716.5157,4714449235648.358,743.7586737846275,-194351240764.6393,50840312814.78188,62607.25754332805
159,7.950000000000001e-05,-192552151908.9906,56864264129.41129,62610.51945765762,1045136826030.111,4704002642973.782,747.541284897592,-192554436961.15802,56864483414.440605,62611.73445435363
160,8e-05,-190568798501.44788,62825891604.54568,62601.37297294123,1149961973298.1794,4692388847792.802,751.8338685638411,-190570749695.20456,62827176704.86019,62583.347490995315
161,8.050000000000002e-05,-188402700553.88162,68714566715.74113,62566.003282273734,1268873604433.3926,4679579701506.503,756.6518271809147,-188402884196.08572,68720930527.21019,62575.8083459009
162,8.100000000000002e-05,-186052790051.3559,74534946946.04915,62594.51863170104,1402680649744.9048,4665550302478.254,762.0108412115086,-186053977964.71545,74538066419.33083,62585.50029010828
163,8.150000000000002e-05,-183522823774.9787,80276665245.34085,62611.566821101675,1552645295691.2947,4650202766859.111,767.9430727668583,-183523972968.64923,80279556933.2987,62654.09271622252
164,8.200000000000001e-05,-180814681096.62497,85935749791.91885,62636.41606223981,1719951648039.883,4633520685370.77,774.4684464134262,-180816528013.77087,85936763061.71513,62601.36463440226
165,8.250000000000003e-05,-177934584630.24277,91499269659.67642,62610.084327873126,1906031346607.4841,4615435889798.8125,781.6174005306426,-177937325645.19846,91498659249.13771,62553.55040910835
166,8.300000000000001e-05,-174885911227.90762,96962459602.42033,62568.92533840124,2112250716347.541,4595937954687.465,789.4114498457609,-174889468118.60992,96960726907.40413,62536.08813540081
167,8.350000000000001e-05,-171669355722.4306,102325405236.05629,62560.69183075883,2340359698072.2153,4574948965641.405,797.8859162912883,-171674450482.30493,102321325041.9983,62525.39627912995
168,8.400000000000001e-05,-168293824849.0307,107573649283.2869,62493.819076253014,2592681741965.6323,4552351237893.486,807.0889997689136,-168297021882.81372,107573196753.08777,62467.89510721568
169,8.450000000000002e-05,-164757851056.0879,112711582744.11703,62474.20777210305,2871304781093.779,4528157867524.721,817.0458789661083,-164763064055.83078,112708525240.5961,62430.06995049879
170,8.500000000000002e-05,-161067071652.58984,117731231145.80042,62447.82257878339,3179354384154.368,4502177966251.189,827.8237563253493,-161071799590.71234,117729332209.08688,62430.30372765374
171,8.550000000000002e-05,-157222511663.38965,122631987345.88847,62450.282349868314,3520097997839.472,4474357923462.687,839.4716158837539,-157228124119.0639,122629054471.83923,62455.81831608886
172,8.600000000000002e-05,-153231280794.71344,127404874762.90279,62429.63875487395,3897624379429.799,4444538364821.647,852.0619737344701,-153235535852.52866,127403924626.87598,62439.058374871754
173,8.650000000000002e-05,-149093917415.77014,132050064513.37694,62436.579768652075,4316253046174.849,4412657537547.063,865.6548433593209,-149094786137.78906,132053028719.79935,62522.072558045
174,8.700000000000001e-05,-144813451979.35904,136564058342.38997,62462.46777257278,4781574758930.858,4378504255521.1,880.3452275985965,-144811857440.03467,136569506061.2818,62530.70417748699
175,8.750000000000001e-05,-140392102630.58295,140944232257.8139,62511.3593565118,5300196446809.975,4341910649676.7266,896.2317338184813,-140392524693.30127,140947209038.96307,62462.39933326401
176,8.800000000000001e-05,-135838880135.81831,145181176604.0972,62527.685570897804,5880063708732.317,4302669784130.283,913.4297887214968,-135842744087.82271,145180785848.68283,62513.49896690449
177,8.850000000000002e-05,-131158838322.31238,149270642917.66455,62528.30839184449,6529907494078.411,4260676679772.731,932.0430130537414,-131162558653.67181,149270462347.03073,62531.585029933
178,8.900000000000002e-05,-126354344176.62715,153210974017.69562,62541.25776383393,7260411837454.752,4215695446261.294,952.2099687423266,-126357693636.36902,153211197065.65237,62574.95250188774
179,8.950000000000002e-05,-121431315178.24005,156997334970.83383,62550.21426275488,8085114501921.937,4167405204741.7397,974.1068678822633,-121433912966.47256,156998253248.61157,62562.91493835472
180,9e-05,-116392527925.54926,160627769177.22125,62572.57499067888,9020359728334.69,4115535387164.6235,997.9200648217935,-116394797642.8414,160628883078.3659,62605.88100014063
181,9.050000000000002e-05,-111240802376.31683,164100075119.93018,62614.33234845149,10086676535006.06,4059691756435.159,1023.8835080465825,-111245763073.42184,164099318034.73666,62646.07818370014
182,9.100000000000002e-05,-105985014861.42003,167407907381.718,62638.18622391215,11309935951226.08,3999422428053.2153,1052.2770087642857,-105991622767.3856,167406197636.73303,62612.86484131577
183,9.150000000000002e-05,-100636630151.90224,170544338771.93127,62615.43065842253,12721723858338.57,3934352773792.205,1083.3973788795302,-100643102862.90755,170543043858.53815,62581.5707916098
184,9.200000000000001e-05,-95198792348.21373,173508526926.07303,62587.35017512606,14360968621791.428,3864079152349.3315,1117.5797692274257,-95200440824.07779,173510199465.01532,62666.81037500356
185,9.250000000000003e-05,-89664592180.74205,176304683461.14008,62628.85182790903,16279021392900.236,3787863372638.7437,1155.2868869462002,-89667200059.9713,176305712879.19516,62624.69649834677
186,9.300000000000001e-05,-84051333554.57898,178923219136.25525,62634.396260149595,18546975025860.51,3704549410016.191,1197.1736816439607,-84055466421.22324,178923584122.4283,62619.14687399443
187,9.350000000000001e-05,-78359801915.86542,181364319294.3212,62649.316397560826,21255159307186.402,3613527205060.9185,1243.877452963445,-78366536842.44258,181363669990.01605,62629.96385260189
188,9.400000000000001e-05,-72603894459.8391,183622098885.7574,62626.329192633406,24526940593995.64,3513478370830.046,1296.2944919408635,-72607507001.97345,183622982571.8372,62645.52024761467
189,9.450000000000002e-05,-66777620883.257164,185699723629.055,62643.106846537514,28529347820804.043,3403161120658.7017,1355.4948021386863,-66780215559.15659,185700986914.99893,62678.88311884129
190,9.500000000000002e-05,-60895214109.87069,187591758323.09763,62639.349129395065,33503561397060.277,3280286014169.007,1423.0462710617242,-60899282056.611664,187592602430.6078,62595.96281167392
191,9.550000000000002e-05,-54960237176.60253,189297583956.09912,62635.634327095104,39794689740634.02,3142666473113.6064,1500.8943722563495,-54971061898.85358,189296623785.47638,62554.741206949235
192,9.600000000000003e-05,-48981466765.6315,190814979261.78262,62619.71625086756,47916776918769.32,2987044816542.679,1591.7622180899975,-48996371357.68991,190813340715.79556,62551.845363018125
193,9.650000000000001e-05,-42966410935.76112,192142632524.67386,62591.26827050991,58657852555630.984,2809216863699.7837,1699.4784952425491,-42982915034.94309,192141254077.04257,62529.62968821884
194,9.700000000000001e-05,-36919591087.5245,193280252898.48492,62561.93585958231,73272450403817.11,2603410077435.8345,1829.6571931528936,-36936377778.14351,193279535831.9502,62480.39919428732
195,9.750000000000001e-05,-30842847045.553123,194228005408.11438,62547.316643027436,93847292384043.03,2361487496881.063,1990.9248050467304,-30864684793.857838,194227111540.55722,62418.67107220821
196,9.800000000000002e-05,-24750432680.780243,194983845842.81427,62512.92693180806,124021718084624.47,2072121647820.6807,2197.1325142837195,-24774893245.487587,194983552325.89066,62425.684099925806
197,9.850000000000002e-05,-18642749447.103207,195548647387.75037,62485.317281028525,170411794720419.25,1721617820369.1094,2471.0244035110054,-18665973354.66867,195549409688.8582,62452.3538482886
198,9.900000000000002e-05,-12515802453.664099,195923140578.31024,62491.9404301438,245433030919792.12,1297782681610.4316,2850.8436255165875,-12543559298.643635,195924329571.34775,62437.13735606698
199,9.950000000000002e-05,-6378867858.8454685,196106232001.9639,62510.81671307609,371356123595285.6,819690120557.6359,3393.9036907429854,-6416697058.620287,196107734702.61758,62446.313306993274
200,0.00010000000000000002,-244853012.5449546,196097539218.37714,62523.64519964616,573484444045649.2,465496687679.29614,4125.613134245868,-291285473.70401204,196099762812.90103,62462.69132138602
201,0.00010050000000000002,5856261553.945758,195897936845.72208,62484.65045499742,795062417822297.6,830499965846.4185,4741.87631334116,5831086778.074098,195900545529.92432,62471.41169776382
202,0.00010100000000000002,11946641408.56154,195508145784.71753,62452.38936616765,784901576737460.8,2221523253399.804,4478.09310021501,11941296808.954483,195510381053.02008,62497.85537359123
203,0.00010150000000000001,18005658938.940594,194930180030.37598,62404.38332310889,544962088773662.25,3314994001466.9507,3663.21952919573,18033334887.471634,194929853947.53635,62509.12618162636
204,0.00010200000000000003,24080101387.44684,194160227833.52667,62431.76424799925,336395506540334.6,3612709695134.4224,3116.7558696190567,24103543830.724705,194159275184.44333,62531.51131854965
205,0.00010250000000000002,30141342186.565815,193198859115.82953,62490.991341011075,213043415176830.53,3593474521192.7227,2838.9669949943873,30145269797.204903,193199627815.6522,62540.54252457374
206,0.00010300000000000002,36134264926.82883,192053713113.9924,62474.36087324155,143334573022390.7,3547445465450.358,2644.7301079381396,36150371336.95462,192052216274.42795,62544.79090239069
207,0.00010350000000000001,42098109683.350815,190720376747.3278,62494.75658845168,102044115365843.22,3553863184119.2817,2438.7003657030327,42113414276.43414,190718341590.58224,62576.25249831962
208,0.00010400000000000002,48014026449.6573,189202001196.60162,62512.260126224566,75812909255853.64,3604472974917.608,2209.8475837733627,48034780003.47698,189197910879.1384,62645.616539235765
209,0.00010450000000000002,53884916394.0728,187498000393.85388,62556.615759549095,58112398548406.11,3667350053604.673,1987.615855435916,53905412867.31681,187492999108.92813,62659.365433514766
210,0.00010500000000000002,59710490799.90961,185607656528.85452,62643.4842866579,45697606541847.055,3724295712194.4863,1798.1182342021862,59717833447.783226,185605672582.0196,62662.182479788666
211,0.00010550000000000002,65462006951.96566,183539210207.24994,62667.55906268728,36789010673748.414,3774217304053.5137,1648.1415344437603,65470052022.69485,183536535542.6852,62728.67701037162
212,0.00010600000000000003,71152452737.37782,181289031660.57394,62726.69046496774,30282005272810.08,3821617132858.1426,1531.6819340086981,71155292427.53696,181287833210.06555,62763.22627067778
213,0.00010650000000000001,76761733967.65573,178864396318.05585,62743.007446065814,25413773685156.016,3870699518590.089,1439.2159925383705,76764176180.3049,178863226814.6225,62769.81172589291
214,0.00010700000000000001,82288395088.41808,176266685319.49374,62749.94214223161,21663989324400.18,3921383131852.635,1363.4078615240257,82291130379.5082,176265324396.33145,62744.48837970216
215,0.00010750000000000001,87730450511.01352,173497103361.6119,62768.167526704376,18684816228884.05,3972418118286.948,1299.5388233187725,87729625167.77045,173497362411.14145,62735.62071291215
216,0.00010800000000000002,93070841450.20824,170564433279.6445,62730.01596617171,16251481775665.523,4022556444037.426,1244.6699404547876,93073461825.64267,170563005967.86023,62749.19420891677
217,0.00010850000000000002,98316128426.11818,167466313298.4247,62722.687708126236,14224173172242.113,4070708350155.732,1196.9346513109476,98317183073.0637,167465692529.29498,62656.41823647962
218,0.00010900000000000002,103459486594.10094,164206702847.11603,62723.11174207508,12509289345122.23,4116858418158.5264,1154.850588051295,103455542456.26086,164209160755.4305,62642.86147537536
219,0.00010950000000000003,108483451926.42183,160797032913.66528,62650.513638860146,11043282246473.547,4160828296453.7407,1117.3694551472872,108484569019.18263,160796531143.04785,62620.692431057425
220,0.00011000000000000002,113402097594.56827,157229433568.51685,62656.17425847407,9782388685693.473,4202302304674.0176,1083.7963210676814,113401811090.74443,157229914022.9732,62650.5997248636
221,0.00011050000000000002,118200305153.35915,153514238540.03882,62635.28767037534,8689327222963.587,4241762055397.0195,1053.4473285747654,118203228474.34624,153512357509.83017,62666.552919095506
222,0.00011100000000000003,122879815616.64572,149650834167.8296,62643.72201685985,7736609647202.312,4278990863985.56,1025.9213040799013,122883582600.13448,149648127753.5405,62655.5228863439
223,0.00011150000000000001,127434993573.26616,145643706366.54495,62659.47972391559,6901293419562.2295,4314178269304.52,1000.8431585081719,127437667730.32375,145641719366.40543,62672.70200904694
224,0.00011200000000000003,131862084369.08502,141496157062.63675,62684.20647356141,6165128931934.946,4347365865493.7705,977.9269271755495,131863038126.80014,141495541937.1148,62689.77476724528
225,0.00011250000000000004,136152741209.25047,137215981365.60799,62681.19311593171,5513307517465.3125,4378635979291.38,956.9321269129649,136155016046.78128,137214048282.98552,62683.12768176825
226,0.00011300000000000002,140308141273.12933,132802580957.3936,62708.26189600018,4934212851405.227,4407996487121.206,937.6746026103858,140308638041.84146,132802264870.18788,62730.24688132624
227,0.00011350000000000002,144322628446.7557,128261587282.77356,62736.59639527987,4417547810527.109,4435635962795.596,919.9604785782395,144322722384.59647,128261555245.31711,62784.97271166206
228,0.000114,148194143268.26428,123595212340.0889,62783.412089175705,3955126567329.247,4461580373893.307,903.6509419894237,148193209414.1699,123596196627.80986,62800.49356483266
229,0.00011450000000000002,151914013017.8421,118813495674.23813,62793.08721713242,3540032796720.0903,4485923735347.58,888.6162341048295,151913589122.45795,118813963079.39307,62805.67657994182
230,0.00011500000000000003,155478983004.44055,113921318066.3546,62787.913031402175,3166976447769.5723,4508649091239.735,874.7665753514985,155480327971.4527,113919374354.05533,62819.01026843612
231,0.00011550000000000002,158888585968.1718,108919873922.52408,62806.478237781674,2831238160726.1963,4529848896417.482,862.0051667947073,158889957041.49942,108917789220.77774,62798.85874421923
232,0.00011600000000000003,162134777350.04523,103820905435.83902,62781.843707782195,2528479779536.87,4549631734401.173,850.2386175910095,162137851019.35468,103816201643.00615,62798.34962945914
233,0.00011650000000000003,165221350344.41684,98619613144.25014,62817.68897481268,2255478131324.137,4567967691996.215,839.4125378135212,165222767993.55136,98617143914.0159,62799.89204119324
234,0.00011700000000000001,168140353465.7498,93328528566.72223,62819.43667414725,2008844606931.8625,4585020939302.329,829.4408918316915,168141767178.37033,93325777739.17067,62863.523746405685
235,0.00011750000000000002,170891700600.48956,87948614003.36803,62841.38117871959,1786254058679.7332,4600739234540.457,820.2853196681255,170894065503.34167,87943763863.14043,62873.096045837985
236,0.00011800000000000001,173472936608.83252,82484383250.20062,62876.44120090934,1585424541300.72,4615214166495.137,811.8882185636919,173473454067.5113,82482871901.36908,62849.00401275487
237,0.00011850000000000002,175878226875.62924,76947951432.16574,62866.59157184354,1404429832050.024,4628477464052.175,804.2057516347363,175876993210.72302,76950325097.57486,62830.968253466664
238,0.00011900000000000003,178105331288.2481,71346048300.24583,62832.80899073689,1241841597197.4517,4640514954152.101,797.2101904502807,178104109559.2646,71348911560.708,62787.417559144145
239,0.00011950000000000002,180153544422.8794,65682220048.915726,62806.46499799089,1096284242015.0659,4651374794159.589,790.8663604393843,180152691127.11142,65684696720.81514,62804.992665780126
240,0.00012000000000000002,182021990789.38913,59959996900.50519,62798.53097618106,966436166034.8811,4661106109949.868,785.140217701628,182022471237.52225,59958816387.0578,62879.11597606964
241,0.00012050000000000003,183709803672.13834,54182471701.95743,62815.71162661846,851149373453.7007,4669738447332.055,780.0036587715315,183710799435.03067,54179331219.22642,62838.87862371651
242,0.00012100000000000001,185215041046.95776,48355962319.26781,62837.098008644585,749456161560.9149,4677295662857.587,775.4320707324902,185215477120.5934,48354366217.82205,62788.72837505189
243,0.00012150000000000003,186534138402.5149,42494656904.97284,62800.11581372208,660600193333.7893,4683785096252.39,771.4066699648911,186534594175.5143,42493203780.75348,62778.513824642476
244,0.00012200000000000001,187668300654.50632,36596996798.155205,62796.257337749295,584041794097.9071,4689197414982.72,767.9154696973857,187668530804.96478,36596653938.38896,62839.46699703691
245,0.00012250000000000002,188617765757.59845,30661519743.484573,62855.04071506736,519123554766.6796,4693582752962.368,764.9367628897503,188617468976.4482,30663091586.362495,62880.78437327737
246,0.00012300000000000004,189379490498.7583,24703488800.026268,62868.22113194205,465295218333.2596,4696954916106.3125,762.4558174962831,189379222942.7581,24704741383.53283,62894.53919619109
247,0.00012350000000000002,189953263840.67383,18727452666.12506,62875.733099749385,422270471253.19385,4699288180361.483,760.4684255973364,189953164775.79202,18728041996.85877,62874.13404859797
248,0.00012400000000000003,190338993460.35175,12735892336.636595,62905.46897811935,389752408501.3308,4700600345897.542,758.9644440870106,190338578478.24277,12740556819.871914,62841.6064308881
249,0.00012450000000000004,190535488218.3902,6746491183.797414,62860.14190339338,367497063091.4682,4700896672008.104,757.9367240983782,190535381944.56448,6749787297.730422,62860.64044440679
250,0.00012500000000000003,190543870186.0055,754417768.4679585,62865.393903911274,355372685981.79175,4700166290904.724,757.3830933494093,190543886812.3159,755228264.1145962,62889.97338132668
251,0.00012550000000000001,190364003622.48148,-5233036622.811725,62877.79134393689,353253027893.07,4698419976379.594,757.2983231354976,190363941065.90317,-5236286679.580706,62963.099091355456
252,0.000126,189995744486.76907,-11219193463.409113,62957.41287404749,361122117941.2915,4695644739223.731,757.6824707106925,189995451190.08218,-11221296905.39779,62972.94917123613
253,0.0001265,189439375577.97742,-17186742639.307545,62979.59753985213,379070783290.89374,4691823567407.928,758.5380266164916,189438871664.182,-17189343124.780888,63005.5087567182
254,0.00012700000000000002,188695451518.8072,-23133280888.27263,63007.33816937899,407210386420.9699,4686949043555.1455,759.8672406028375,188695242947.6535,-23132001797.398304,62951.36027020577
255,0.0001275,187765685464.14896,-29045288662.682762,62983.07587092052,445731461428.46436,4681004518711.437,761.6752782524179,187765518524.07867,-29044637756.681183,62997.73545152174
256,0.00012800000000000002,186650625446.88678,-34923641835.28459,62988.59781073074,494829764902.533,4673985820228.32,763.9661394536305,186650110732.91614,-34924837577.99651,63047.73641145665
257,0.00012850000000000003,185351194661.00754,-40763332738.36341,63009.86500470378,554867883837.9261,4665858728633.787,766.7504907500434,185350758474.1403,-40763566301.47641,62997.620324171316
258,0.00012900000000000002,183870174669.48535,-46551891477.67637,62988.6572553535,626293491833.0084,4656596445884.957,770.0395069124532,183869903307.60965,-46551657140.975365,62940.38299444029
259,0.00012950000000000003,182208967095.32812,-52286417824.14147,62972.529459914775,709523358494.4639,4646193151235.576,773.8411803316106,182209109906.59244,-52284771738.525795,62922.696764834785
260,0.00013000000000000004,180371516643.3403,-57954761477.5071,62910.570125518796,805148247666.9636,4634607018436.831,778.1713996392123,180371773485.02176,-57953386354.03922,62858.83382525893
261,0.00013050000000000003,178356819825.43677,-63563010364.80303,62916.0876796752,913730281368.5066,4621832544602.981,783.0407100222118,178357639822.36462,-63560284482.1765,62931.454874826646
262,0.00013100000000000004,176168115527.17584,-69101524435.03256,62915.03282650609,1036260089644.968,4607775763170.644,788.4784232660294,176167038909.50714,-69103990879.91656,63008.41059694361
263,0.00013150000000000003,173804293608.99127,-74573547762.95012,62975.61947117705,1173664539170.3315,4592421185543.55,794.5023350280225,173802400562.3003,-74577072498.69278,63052.98810802064
264,0.000132,171269219631.93295,-79968457904.72752,63020.69229395203,1327262420501.297,4575667856315.47,801.1482845429213,171266598271.96472,-79972930405.20596,63068.211073194194
265,0.00013250000000000002,168563647643.79803,-85284333705.36981,63086.58191428265,1498280671518.4807,4557498012827.138,808.4397747300586,168561993003.0755,-85286133065.6219,63094.37177536484
266,0.000133,165693346529.55527,-90508899858.29295,63108.2950268029,1688296160841.252,4537819940281.335,816.4157654595635,165692732801.58112,-90508463481.5861,63096.05384749962
267,0.00013350000000000002,162661149585.4027,-95637636192.88191,63118.501440486514,1898819639431.7356,4516618858921.428,825.1033223853625,162662057330.6614,-95634614741.79472,63069.054522716295
268,0.00013400000000000003,159473220736.53842,-100660643815.89647,63086.46939432828,2131763135949.3481,4493804919860.758,834.5450543950213,159475222414.8857,-100656259986.10458,63034.75452056772
269,0.00013450000000000002,156134272723.6274,-105572012273.15514,63028.65002221385,2389155866362.653,4469339007521.0205,844.7773143327462,156134687988.7537,-105570533436.8304,63046.83337115659
270,0.00013500000000000003,152640303129.5017,-110378966171.2948,63054.02514898765,2673427759407.3774,4443137163976.66,855.8470387000011,152639763198.25656,-110378826488.86246,63083.714046033856
271,0.00013550000000000001,149000252511.83392,-115068384546.63806,63045.310643703226,2988228296040.114,4414959785476.375,867.8409552068788,148998565504.76874,-115069815532.42416,63054.982035663794
272,0.00013600000000000003,145212878420.85834,-119642583725.54861,63078.52095053803,3336898150342.0376,4384817459774.0825,880.8033860877707,145211726882.18674,-119643169158.0081,63110.28070740318
273,0.00013650000000000004,141283724144.00613,-124094315121.08235,63107.12279580385,3723947646070.1274,4352482940735.609,894.8275850377122,141285096845.70844,-124091864855.58238,63054.716091335365
274,0.00013700000000000002,137225625378.1477,-128409256947.04155,63049.91985135895,4154305574003.2646,4317857408075.0684,909.9936084428732,137226497397.86574,-128407703234.48073,63018.71790299401
275,0.00013750000000000004,133036688502.47348,-132591271366.56223,63021.59434357711,4632836245633.916,4280948157777.319,926.3590904066838,133037006858.62479,-132590465540.56068,62994.664715879604
276,0.00013800000000000005,128719205538.55876,-136638373248.11102,63022.25858220567,5166625509553.078,4241418897786.0923,944.0598867367784,128722606833.60573,-136634646756.60509,62983.12572722651
277,0.00013850000000000003,124284270910.05054,-140540282287.90723,62978.34998138323,5764355329332.913,4199035149490.5166,963.2343463068789,124282211159.71574,-140541740473.79803,63083.41090691968
278,0.00013900000000000002,119724362542.62772,-144304656444.0413,63015.483383618084,6435329744253.983,4153727313380.4604,983.9925181881528,119718471413.59874,-144309072215.2973,63083.61898097383
279,0.0001395,115050199922.60327,-147921744185.46088,63035.47752177534,7192797740245.803,4104955601966.246,1006.5595103034585,115043989227.70532,-147926069474.93964,63036.40723211723
280,0.00014000000000000001,110265322863.91103,-151389008801.57422,63057.02549865799,8051480830749.67,4052584314813.134,1031.1077298620842,110262616747.54977,-151390389375.63293,63050.65513596019
281,0.00014050000000000003,105380892292.59407,-154698480810.77975,63034.45736584461,9029656205664.834,3996242810625.8467,1057.8679575292301,105377304425.50624,-154700418392.6743,62975.079044009595
282,0.000141,100392333670.93037,-157854081813.91864,63058.95848791588,10148987472684.287,3935675059597.0293,1087.0763078899051,100392644119.43707,-157853264480.81122,63065.01358231216
283,0.00014150000000000002,95313653795.08768,-160846570818.48065,63044.495590342856,11439051043836.336,3870150362431.051,1119.1095958221676,95310258785.2944,-160847993218.87476,63104.66552404211
284,0.00014200000000000004,90139663496.98878,-163679677689.87454,63078.04672879627,12935364887937.879,3799356944755.0757,1154.3095274317152,90134424653.29172,-163681911183.673,63186.394252593826
285,0.00014250000000000002,84877468272.40517,-166348889873.46545,63120.49107772126,14686276786726.982,3722348360882.98,1193.2047282501885,84872126664.68222,-166350782953.8934,63171.808777754566
286,0.00014300000000000003,79537964850.47119,-168848460516.01566,63134.03687224374,16754287650651.615,3638367453416.3237,1236.382494830808,79534148314.5519,-168849459503.83542,63113.84539635188
287,0.00014350000000000002,74127564416.48106,-171175842549.21692,63128.57391876387,19220288612142.508,3546624573164.6777,1284.51752758412,74125724120.72903,-171175860912.20132,63034.72626525713
288,0.00014400000000000003,68655465053.53152,-173327649799.75607,63094.748669609915,22193209341965.49,3445952707417.626,1338.4910497195665,68654311969.09664,-173327448659.7441,63019.87015428836
289,0.00014450000000000004,63119936810.94531,-175305390349.4153,63084.46639933109,25822001619323.145,3334973253184.885,1399.4169674517384,63120198399.89241,-175304654449.75818,63102.46410302334
290,0.00014500000000000003,57521922153.27082,-177108690656.65372,63108.226980444204,30319955841231.168,3211529024275.462,1468.8565438249748,57524563777.50047,-177107114942.04764,63112.80083035412
291,0.0001455,51878534204.53144,-178731710712.5406,63096.07363169584,35998079975586.06,3072933066433.543,1548.9114027935477,51877379711.12389,-178731374533.24246,63122.570284905945
292,0.00014600000000000003,46194121732.34451,-180174032310.0045,63071.37593765542,43311024433238.555,2916386068756.6147,1642.2501691269001,46182185792.08982,-180176535494.25165,63143.16667245969
293,0.0001465,40465755142.83041,-181436948134.10025,63076.205283211864,52954569264161.61,2737573898602.5034,1752.7107402615238,40449310679.987114,-181440055497.56567,63134.4897719921
294,0.00014700000000000002,34699660775.08835,-182518800967.78595,63095.00999207471,66043971775227.055,2530095537304.1494,1886.0868615542495,34683332973.28002,-182521258315.6539,63113.36352220587
295,0.00014750000000000003,28909158079.43326,-183416968941.8728,63093.38224039428,84434494116076.08,2285486090140.2544,2051.1347087839918,28891062752.270348,-183419136587.2396,63111.48361371759
296,0.00014800000000000002,23087864603.502155,-184132912541.4017,63122.55476361864,111345072805445.69,1992523004496.8784,2261.5296877824285,23078281247.206814,-184133306843.76538,63076.42759536247
297,0.00014850000000000003,17254673023.53203,-184663759199.48315,63126.68210208191,152669378935257.56,1635415221963.1,2540.1187892842563,17249445778.473633,-184663445864.61252,63137.32472729714
298,0.00014900000000000002,11416926937.315077,-185009518804.19208,63111.30014031506,219519510563689.5,1200101315096.2937,2924.5829655983875,11406038157.674086,-185009519930.83676,63122.00663601891
299,0.00014950000000000003,5571834955.146405,-185171116757.60452,63108.62062638602,332155977753102.25,700734254817.7643,3470.732813535462,5563185749.9322,-185170798983.2972,63052.10914474831
300,0.00015000000000000004,-275030924.5068191,-185148495517.57886,63117.14289396377,515520551245881.2,304648539108.16095,4203.174861815536,-278180900.0908882,-185147671089.31033,63110.178063040985
301,0.00015050000000000003,-6121228200.720536,-184941001126.07068,63131.12501194073,724513056462550.4,625440289190.5161,4814.573888130732,-6113954561.354707,-184940491510.78928,63063.333858440055
302,0.00015100000000000004,-11944196645.719145,-184549815805.57166,63123.996223399416,722683098358494.1,2076347568882.7505,4502.214935167242,-11933846252.632784,-184549730328.4398,63020.08000201208
303,0.00015150000000000005,-17749006387.853813,-183975458296.89944,63118.981641287115,497348831124125.1,3260290874049.4263,3627.42678363739,-17735297187.416286,-183976027325.50098,63061.28443982321
304,0.00015200000000000004,-23525865892.63533,-183219136285.89157,63108.08977450359,301956854190314.06,3580547119523.818,3077.215142586641,-23514279688.408234,-183220015431.19775,63082.785632431114
305,0.00015250000000000002,-29263079599.564358,-182283000811.02704,63078.36109122355,188902810144848.7,3552851920641.309,2826.707029628815,-29261408906.155285,-182282993511.54752,63017.20827999218
306,0.000153,-34967833917.20768,-181166912907.7356,63057.308503603665,126633916154040.48,3495617202539.5366,2663.6735920589867,-34970861788.91515,-181166257024.4334,63055.85256979895
307,0.00015350000000000002,-40633154567.31552,-179872169614.2148,63043.00664067669,90580875361993.16,3499094961259.1597,2478.710569825675,-40641157292.88425,-179870456111.75656,63064.08157035629
308,0.00015400000000000003,-46265117424.334076,-178397326766.06012,63075.88932814607,67980996823774.36,3553143609164.979,2257.6661014908314,-46264636936.14666,-178397350722.12543,63018.7848573791
309,0.00015450000000000001,-51833891946.94254,-176749162437.52853,63061.875265612245,52692052994370.45,3621736068717.7715,2034.0013177056112,-51835363276.37982,-176748676247.863,63073.546003104006
310,0.00015500000000000003,-57347597283.47637,-174926555544.7922,63063.05949441404,41827530097406.58,3681745623973.865,1840.4579052126066,-57351924933.87036,-174925126196.64725,63091.914922469114
311,0.00015550000000000004,-62809460758.067184,-172928217281.3587,63113.35372205025,33902789851968.99,3731655216361.5835,1687.4083407111102,-62804867527.16537,-172929647689.71323,63085.42608222807
312,0.00015600000000000002,-68194839250.3542,-170762331947.30667,63112.06909491765,28015176007899.28,3778186232590.0815,1569.1175988150642,-68187851608.1563,-170764924000.5088,63043.71501842123
313,0.00015650000000000004,-73499521483.2716,-168431730097.53427,63079.17419065101,23554704276950.926,3825505916698.9053,1475.8022762005153,-73495628102.10037,-168433362005.19113,63063.17144828194
314,0.00015700000000000002,-78727390277.28004,-165935587560.52917,63070.47806560053,20090923905219.688,3874576890258.4067,1399.4549604835759,-78724225644.70209,-165937036349.29144,63071.82322487677
315,0.00015750000000000003,-83871552370.30809,-163277157839.73303,63068.17165889757,17325540134150.77,3924487532995.9663,1334.96676283314,-83869857452.59448,-163277987280.36224,63070.40759096605
316,0.00015800000000000005,-88923733030.96657,-160460933804.86343,63051.62133806771,15062218711932.516,3973706743195.2065,1279.3932604233316,-88922875704.78625,-160461398290.4467,63026.67455816994
317,0.00015850000000000003,-93882335694.46382,-157488346903.5683,63045.35930380624,13174331915327.785,4021216196814.8613,1230.8871702838237,-93881442822.46097,-157488910118.7612,63005.00128034658
318,0.00015900000000000002,-98738361003.46658,-154365025018.27505,63019.45634243819,11577097153039.617,4066724001727.271,1188.0740148905024,-98739209824.62894,-154364571634.30566,63026.49822814252
319,0.00015950000000000003,-103494209058.18925,-151090069514.8899,63026.9464010851,10212337003394.96,4110008165151.5264,1149.9518538842317,-103497038739.87302,-151088220549.88617,63122.137983031214
320,0.00016,-108150305847.38466,-147662831593.21503,63088.07802290856,9036122232281.385,4151208558227.6567,1115.7075918648568,-108151470257.99867,-147661844862.7126,63152.27842272698
321,0.00016050000000000003,-112689467802.97946,-144095123962.64154,63092.56476443509,8014456301926.31,4190408604281.6953,1084.7270877382507,-112692478700.30054,-144092603428.6259,63114.5558935598
322,0.00016100000000000004,-117112983940.84523,-140386771201.37686,63107.29059881778,7123028829210.937,4227330012235.186,1056.636556566925,-117115833151.69495,-140384172316.23077,63127.39981219004
323,0.00016150000000000002,-121417255594.90154,-136540756669.91986,63133.41424362098,6341126348174.248,4262200896245.069,1031.051285335127,-121416785118.07571,-136540879606.95584,63126.37241742344
324,0.00016200000000000003,-125595253481.04291,-132563264330.75764,63143.59811074101,5651692904666.109,4295118604179.6025,1007.6658290324882,-125595505655.37126,-132562661721.04744,63175.5568897037
325,0.00016250000000000002,-129642283781.62923,-128459150266.10231,63140.07740055247,5041232747229.89,4326090900870.538,986.2528028045267,-129644085994.73727,-128456887353.24585,63161.924306020584
326,0.00016300000000000003,-133557581932.64204,-124229627430.24129,63156.825255145865,4498679005318.378,4355195622052.2188,966.6117932705513,-133558355325.14142,-124228331796.27269,63156.78259159538
327,0.00016350000000000004,-137334075719.96307,-119882262262.85416,63154.107386919066,4014514583102.8003,4382575501741.129,948.553717816961,-137334186866.03468,-119881668554.18063,63148.91042349501
328,0.00016400000000000003,-140972722779.18106,-115416428392.06575,63185.87891841151,3581311828734.603,4408231389878.293,931.9445001667306,-140970527295.52737,-115418459825.2798,63202.37085991807
329,0.00016450000000000004,-144464916597.37744,-110842295623.34969,63184.37154173821,3192416910322.8174,4432316391209.753,916.6388074573192,-144463785662.03076,-110843008618.45663,63187.08226742088
330,0.00016500000000000005,-147809731857.69522,-106161804051.81319,63192.02993059875,2842858723857.5986,4454792934303.941,902.5466548663381,-147809181763.5946,-106161778968.58951,63219.02899034392
331,0.00016550000000000004,-151001879709.86862,-101382552294.61397,63180.550188645924,2528095785309.2007,4475777524015.921,889.5629789820001,-151002900404.84998,-101380369763.4592,63178.93479453373
332,0.00016600000000000002,-154038805934.32224,-96509166082.1191,63164.175137852326,2244445535162.831,4495290965911.159,877.6108635381047,-154039764282.17044,-96506970488.61873,63146.0947313989
333,0.0001665,-156920139691.75473,-91542865087.49893,63175.814058435055,1988658083923.786,4513399731294.732,866.6154688590194,-156919753698.43408,-91542703476.2622,63152.11560137886
334,0.00016700000000000002,-159640209470.7718,-86493367816.71434,63161.52386378033,1757769422030.3833,4530188412153.299,856.5037004682918,-159640453419.45734,-86492150549.11443,63179.317812076915
335,0.00016750000000000003,-162200415443.30765,-81358963951.47037,63190.53190935852,1549555553039.526,4545643438943.54,847.2301239472068,-162199153007.10477,-81360501025.33395,63172.02156463849
336,0.00016800000000000002,-164593081975.05927,-76154572794.00786,63160.817775194395,1361773682469.8323,4559870197959.248,838.7315629768705,-164592868335.09464,-76154256263.89827,63158.996225154144
337,0.00016850000000000003,-166820144654.73615,-70877813255.48709,63168.28018696302,1192945233740.8384,4572815613125.537,830.9815057414945,-166820232187.4495,-70876876095.20103,63207.54044742828
338,0.00016900000000000004,-168880504095.63544,-65530913288.88411,63212.39714576971,1041374507395.8523,4584589646185.733,823.9270878121179,-168880802786.0895,-65529057807.91193,63281.83450016596
339,0.00016950000000000003,-170769378341.70837,-60125352864.80891,63223.46506943718,905637419423.1339,4595219700899.782,817.5316641535863,-170770198007.42188,-60121641015.63561,63212.34506264669
340,0.00017000000000000004,-172485148455.7323,-54666779611.4633,63221.171332895276,784756858969.9154,4604682142674.549,811.7751764745375,-172484957866.1021,-54665961088.56795,63163.30716582362
341,0.00017050000000000002,-174025565425.24362,-49163512657.50736,63193.483510638456,677795648898.7971,4613014123976.754,806.6298077870448,-174024881761.54068,-49164368179.47011,63154.328207211525
342,0.00017100000000000004,-175390154635.55185,-43619422128.05697,63169.61714630161,583946338588.1884,4620230639090.507,802.0738550772859,-175389119368.4991,-43622204699.92382,63135.73574491844
343,0.00017150000000000005,-176577082511.6134,-38043754222.22865,63120.595312243975,502436582735.81616,4626363479212.572,798.084717900281,-176576983669.14835,-38043315692.97084,63143.472992303694
344,0.00017200000000000003,-177587753441.96152,-32433157745.397163,63128.6600548541,432666784125.1265,4631415790223.907,794.6472102546883,-177587881315.8804,-32431195219.31244,63182.99068081139
345,0.00017250000000000002,-178421189561.98083,-26791714141.335453,63167.78060793203,374006283715.65186,4635429856322.6455,791.7398796424275,-178421182649.61325,-26789983926.956898,63155.685527481466
346,0.00017300000000000003,-179075486738.18658,-21130567960.13522,63177.49636820333,326019005200.83344,4638401030074.075,789.351323842993,-179075370036.62204,-21129370266.61757,63181.150205511774
347,0.00017350000000000002,-179550784123.6479,-15450709707.679996,63210.87452292609,288429129766.35126,4640318378216.528,787.4746776080553,-179550337762.9461,-15452039576.821547,63189.71309167859
348,0.00017400000000000003,-179845748161.68045,-9766634796.203419,63188.47703736829,260960587861.8644,4641197760629.484,786.0996672001274,-179845418335.36743,-9767718597.65027,63137.712533068654
349,0.0001745,-179960928405.6452,-4081482412.1779175,63165.215878326686,243452376120.15625,4641027808640.404,785.2228495206988,-179960648447.89902,-4084939581.7507133,63127.256431891714
350,0.00017500000000000003,-179896605381.09937,1597399236.4991739,63129.532411220345,235750617504.69138,4639818081530.468,784.8384442424175,-179896545726.87897,1596656080.3531249,63128.21096937607
351,0.00017550000000000004,-179653403495.0836,7265470668.022033,63097.575838967714,237772353800.68652,4637565145657.725,784.9438888432481,-179653386124.28284,7267272827.46913,63098.13512409008
352,0.00017600000000000002,-179231689843.61462,12923150361.051504,63110.77283891758,249501116661.91656,4634264173508.714,785.5381407178522,-179231846180.12006,12921201689.992208,63057.84515335803
353,0.00017650000000000003,-178632435558.19955,18556293625.387436,63077.72131094211,271019612223.09982,4629900229553.633,786.6233147954066,-178632507980.42526,18556498562.946644,63095.927762610074
354,0.00017700000000000005,-177855674283.2464,24170614213.31614,63110.65746629405,302431533808.6976,4624468439034.259,788.2010832033831,-177855743043.9562,24170524350.57079,63143.67772995684
355,0.00017750000000000003,-176902396156.06183,29755861487.798016,63132.78553520683,343994005869.52985,4617937029453.964,790.27965411271,-176902116047.14566,29757249846.80252,63206.29933276755
356,0.00017800000000000004,-175772842430.32715,35310811593.82997,63182.970696394215,395983321811.7495,4610293147307.989,792.8656170177422,-175772542707.7888,35311511591.50639,63210.44301383123
357,0.00017850000000000006,-174469029411.71677,40823923796.64971,63199.1962091584,458801986334.3997,4601502128305.416,795.9710389522028,-174468968831.33554,40823470912.10573,63192.86654257164
358,0.00017900000000000004,-172993368937.2379,46286380194.88357,63178.515056669814,532835848103.3912,4591554943374.817,799.604723115305,-172992550292.60333,46289060527.58245,63192.63742846641
359,0.00017950000000000003,-171347126277.545,51695707256.59368,63165.942741765284,618523841271.7639,4580433784678.653,803.7776698577991,-171346312232.37402,51698169055.471985,63178.36436603643
360,0.00018,-169531765704.63995,57047936296.7723,63166.34481173748,716492143003.574,4568093004393.865,808.5080013848827,-169531095849.57,57049623839.99711,63125.36150371083
361,0.00018050000000000002,-167549112975.61102,62338048435.27901,63173.4374488941,827498573518.4816,4554490335417.45,813.8155444953381,-167547915058.32877,62340836588.11166,63247.3264338809
362,0.00018100000000000004,-165399798367.4203,67564520509.97254,63211.23493065507,952405337693.4684,4539584186254.807,819.7217962992136,-165397637418.54,67569168890.10292,63284.16956593283
363,0.00018150000000000002,-163084910785.23465,72723820718.11075,63273.891038430644,1092295296189.39,4523305962572.521,826.2561073296192,-163083926452.87793,72725127383.5555,63269.46685862691
364,0.00018200000000000003,-160610940149.2393,77800604843.96742,63268.10699359878,1248411201709.6409,4505592947560.343,833.4500629722692,-160610197352.8347,77801340682.30612,63281.4282216775
365,0.00018250000000000004,-157978939024.52148,82794187411.3627,63269.485750551685,1421785742225.2024,4486460960402.13,841.3203997076188,-157978462683.6418,82794244541.14034,63262.53108824804
366,0.00018300000000000003,-155192797514.57513,87697561670.7295,63257.03294049671,1613944408905.9575,4465802025703.287,849.9092621792236,-155191509178.41248,87699178551.07634,63283.82516342473
367,0.00018350000000000004,-152251372643.7366,92513353129.51668,63298.10238026635,1826567821288.1853,4443564287182.316,859.2531844245957,-152251043549.2146,92512983214.84485,63297.06483089427
368,0.00018400000000000003,-149164316738.49286,97225091864.83044,63266.983146701445,2061981690049.0027,4419596618387.752,869.4121915403123,-149163455165.41336,97225646255.2645,63252.92695328015
369,0.00018450000000000004,-145929341505.02158,101837791565.53354,63284.06233877723,2322095845932.1514,4393943041287.6143,880.4108001543892,-145928788026.32938,101837885025.40253,63316.16137488365
370,0.00018500000000000005,-142550904160.8692,106344667651.76999,63302.81553072485,2609899552830.9536,4366384898115.617,892.3275561152246,-142550550714.30026,106344406770.92874,63335.95906017239
371,0.00018550000000000004,-139034292525.89212,110738780964.62341,63301.59622897349,2928598698645.4346,4336847721901.203,905.2238333680968,-139032269556.98038,110740723120.74466,63328.358039238636
372,0.00018600000000000002,-135381844944.3116,115017739432.00089,63307.85116776423,3281723790193.916,4305248620558.127,919.1633865508408,-135381138976.43195,115017947595.08656,63262.21927092244
373,0.00018650000000000003,-131600173032.71921,119174026003.45332,63288.39457774769,3673656222518.63,4271418819455.4126,934.234497018455,-131599635188.24072,119174066606.24,63325.19952045052
374,0.00018700000000000002,-127690340422.17087,123207226842.96165,63288.44644488536,4109249214012.5225,4235264957869.692,950.5185741155049,-127688258667.71994,123208770297.93103,63291.1844390806
375,0.00018750000000000003,-123655871395.43301,127113775905.4312,63300.33447128061,4594733750402.187,4196550882536.6665,968.1344578103859,-123652862248.88892,127116071799.06728,63336.47337478656
376,0.00018800000000000002,-119497868046.43803,130892552547.86479,63342.71446407051,5137513992731.019,4155081032282.8325,987.208134838366,-119496762198.67125,130892801623.12717,63319.30410282668
377,0.00018850000000000003,-115225395192.58755,134534885267.83435,63354.812711880164,5746750311390.118,4110580057272.3535,1007.8957081976254,-115225159244.57661,134534277111.29134,63351.96435625106
378,0.00018900000000000004,-110840247215.93735,138039644121.618,63375.713971188554,6432610149213.545,4062920733099.784,1030.3361861526907,-110841499430.13672,138037782515.85272,63366.210788907025
379,0.00018950000000000003,-106350348452.5501,141400500979.12976,63373.1704262924,7208017569412.674,4011749689083.08,1054.7301801522146,-106353550812.04984,141397229750.64343,63361.41451407874
380,0.00019000000000000004,-101765290905.43227,144610900158.14926,63324.77845770043,8088328909654.566,3956820637361.0396,1081.2825653948453,-101764404760.8565,144610909591.85162,63316.00647002899
381,0.00019050000000000005,-97080959531.65964,147674814139.2592,63321.62924814049,9091902012930.992,3897879032180.447,1110.216973602977,-97079203712.90584,147675379699.64566,63348.032959999095
382,0.00019100000000000003,-92300865810.47607,150589711597.84702,63346.42580645451,10243816470848.44,3834239303598.956,1141.89051859761,-92297845137.67245,150590918908.5235,63411.88271258609
383,0.00019150000000000005,-87434984901.88232,153349274751.42862,63349.423699574836,11575891436745.188,3765355319463.94,1176.6931181689372,-87431039394.87242,153350865248.68658,63324.49473169152
384,0.00019200000000000006,-82485938762.13788,155952425500.4207,63357.480623530995,13127235020253.191,3690784278469.375,1215.0325540093863,-82485830026.46642,155951869160.0897,63287.698429141055
385,0.00019250000000000004,-77460095554.64742,158395927619.65268,63359.74806564452,14949076991110.6,3609728072319.8525,1257.4563355117464,-77464739077.30452,158393011596.39618,63290.33199008284
386,0.00019300000000000003,-72364135428.06847,160676827353.42267,63350.34634818874,17108592000267.377,3521328668168.344,1304.6272834626234,-72371970864.04034,160672716010.96964,63300.29573137412
387,0.00019350000000000001,-67210072848.75828,162790296829.79437,63297.904173856325,19695242707042.14,3424555188932.188,1357.3631901275367,-67211454015.16543,162789337225.4852,63340.07153296413
388,0.00019400000000000003,-61993257232.313896,164739351085.71207,63277.988323817495,22828538855604.535,3318312533738.646,1416.6442192217091,-61987469309.40941,164741245087.8845,63325.239930981275
389,0.00019450000000000004,-56714680971.70347,166523556782.1184,63296.35452384011,26678901482102.61,3200570986191.0234,1483.8969595564483,-56709721501.12207,166524888334.72833,63290.68982577871
390,0.00019500000000000002,-51389365889.054405,168137504176.7918,63287.09876200101,31491820626821.73,3068932168142.649,1561.012391764844,-51383612730.24395,168138989731.68585,63274.54746603168
391,0.00019550000000000004,-46020587461.779236,169580848251.12836,63273.36259169095,37620696623448.45,2920937321168.3623,1650.351626586642,-46012331537.63551,169582833612.09756,63289.8271497881
392,0.00019600000000000005,-40611562411.41544,170853099678.91,63267.10381573379,45597569182327.76,2752801108029.369,1755.2622814863307,-40601083008.7704,170855355193.4614,63304.50629199048
393,0.00019650000000000003,-35162544699.93872,171954290971.14978,63286.5701461683,56254120706193.19,2559264664745.9663,1880.6091254417934,-35152735240.71888,171956031345.88956,63356.61134989261
394,0.00019700000000000005,-29681966187.439686,172882366363.6616,63308.566324117965,70946598672330.64,2332889635633.7666,2033.7148178125792,-29674345736.290207,172883277768.6089,63290.880879563105
395,0.00019750000000000003,-24175684780.20876,173636287848.04816,63330.49282351674,91976723764509.78,2063752921532.3613,2225.8117289198117,-24176130508.735348,173635716761.45047,63297.066008382455
396,0.00019800000000000004,-18659976223.711178,174213929101.72455,63315.1497715409,123442424007512.67,1738286635989.0693,2474.9691317160527,-18657249443.185616,174213792247.52658,63316.546565444325
397,0.00019850000000000005,-13128226137.814535,174616941058.49884,63317.02634127019,172936529528620.62,1341071099301.3662,2810.7770885057757,-13124808600.248997,174616770660.62402,63320.332360828215
398,0.00019900000000000004,-7610438317.413535,174843122267.23804,63255.82388668017,254729793531108.1,865071715836.4121,3280.7239411489513,-7590420297.773844,174844012275.06036,63249.708831726115
399,0.00019950000000000002,-2073870933.5664961,174895914689.77258,63263.36945070787,391988991238446.44,377247840895.4493,3936.5013609466905,-2056886138.6035123,174896045928.99905,63238.61610773479
400,0.00020000000000000004,3458837770.42364,174773427415.47614,63266.99274928864,591238455739473.0,239381304540.82486,4685.794718785488,3470034166.8014216,174773152800.9897,63197.46507256009
401,0.00020050000000000002,8975263048.512123,174476488942.81662,63258.22008514468,716039079917485.4,1206442081182.8164,4874.093593250917,8985162349.738167,174475975139.91428,63201.24561693477
402,0.00020100000000000003,14478290816.670301,174005485824.13757,63254.8749948944,577184622290346.8,2745250988082.461,4084.9042558643823,14485985506.945618,174004892599.06122,63199.976349849356
403,0.00020150000000000002,19975019971.32631,173359659636.94418,63279.067231180336,361057666286962.5,3455905374709.119,3317.2949121811507,19966767340.385113,173360500439.09766,63239.88613906205
404,0.00020200000000000003,25418894756.886097,172543843730.76172,63248.104364682986,219695951631407.44,3541465688417.6406,2953.070383400279,25422416712.752655,172543423686.90598,63257.63081029969
405,0.00020250000000000004,30845805453.854576,171554957275.19934,63252.07018029545,141908384039782.22,3473211685598.0903,2781.067872959357,30852675456.62491,171553728847.30396,63320.897244343396
406,0.00020300000000000003,36223358226.96698,170397931796.10226,63222.00752589076,98555015808153.5,3439571639192.106,2627.6366816026857,36243304591.176125,170393874093.70563,63252.03694082787
407,0.00020350000000000004,41572710444.547516,169069444174.44873,63240.862469488224,72696629265861.31,3470583030298.2935,2430.8913219192173,41590258351.70763,169065138744.34863,63259.3414573476
408,0.00020400000000000005,46873816692.68742,167573318080.50702,63254.40693848892,55882845755742.09,3537166808881.0386,2205.1025200782046,46888709226.845924,167569023179.1115,63202.84101883353
409,0.00020450000000000004,52134356967.469406,165907511080.5868,63314.706587325316,44133870923419.69,3604895443929.2744,1990.2812450097208,52127659469.1295,165909151634.6091,63139.915859905566
410,0.00020500000000000005,57315994419.982445,164083387199.15134,63268.84261305653,35566645734165.71,3661000211837.941,1811.7415948863566,57309232965.95673,164085464960.04468,63190.649449606535
411,0.00020550000000000003,62432834799.47073,162098326001.57953,63230.17360121698,29197487345602.105,3707635933075.9956,1673.0543543473498,62427167827.97508,162100461787.98914,63162.88665257241
412,0.00020600000000000005,67480253703.866455,159954492458.18192,63198.57332697621,24386523899914.285,3752396682712.258,1565.6460741772246,67475451808.01744,159956644896.5039,63146.376081730166
413,0.00020650000000000003,72449182883.11703,157656148989.70462,63150.542421118116,20677153682162.273,3799013750761.033,1479.6588488410953,72449660574.542,157656262913.62863,63132.97631064295
414,0.00020700000000000002,77339468974.14195,155204157161.63754,63116.17515374106,17746403154307.887,3847297402013.64,1408.1879423742062,77347121646.01442,155200766219.18167,63173.195004482426
415,0.00020750000000000003,82157295563.03337,152595543856.3594,63152.738592096226,15372426723284.15,3895880211745.836,1347.1320141288336,82161029614.02402,152593806008.73764,63171.875660028665
416,0.00020800000000000004,86883574949.16367,149839779145.99512,63150.17024198392,13405804442254.924,3943725231788.443,1294.0108930199353,86891498989.54062,149835515893.36575,63211.30128305897
417,0.00020850000000000003,91523726680.60927,146934327690.2443,63185.468209049934,11751452580241.818,3989677867610.349,1247.3474642320296,91529386216.29709,146931035823.63107,63184.312462578244
418,0.00020900000000000004,96065924345.02248,143886120505.1862,63197.2891607077,10342588187782.691,4033718622077.2935,1205.9204051710103,96067796321.86066,143885135131.02023,63149.5502690047
419,0.00020950000000000005,100505619241.46788,140698650721.81677,63194.41432429986,9132618787559.098,4075592208454.3623,1168.8650463900904,100503535877.10289,140700403389.56644,63126.00529283752
420,0.00021000000000000004,104832623887.96516,137379805613.2598,63140.767871094526,8086355289713.443,4115297059531.5093,1135.5031785871427,104833595088.32852,137379527256.5595,63097.35864662994
421,0.00021050000000000005,109048456579.69745,133929744082.4152,63098.51939034095,7176906326393.779,4152759262038.295,1105.3388131126108,109053087344.83902,133926601147.65623,63114.706418045134
422,0.00021100000000000003,113154742097.58733,130347563835.6383,63105.70399148535,6381532470962.822,4188195946194.115,1077.9230437040724,113158462422.71419,130344881748.74092,63100.58008117008
423,0.00021150000000000005,117149316027.11932,126634679525.63962,63155.52388395072,5681264607629.693,4221774971734.9653,1052.8873744528669,117145797189.50702,126638317366.79056,63049.163726091436
424,0.00021200000000000006,121010472591.96756,122810865280.06578,63077.98131207476,5061131486280.539,4253540380314.9004,1029.9553632536515,121008638135.38164,122813410545.12949,63023.99610471091
425,0.00021250000000000004,124749197934.21916,118867637096.88742,63059.41393453222,4511344389473.128,4283186533246.65,1008.9936902790769,124746446617.63025,118871374170.89917,63014.10361519888
426,0.00021300000000000003,128355599056.5521,114815351649.81474,63011.86390751977,4021530586640.966,4311159888130.49,989.7358123086233,128355511573.78091,114816548052.37074,63007.91936956762
427,0.00021350000000000004,131834763132.95482,110649298329.20792,63030.51886637911,3583896059099.589,4337388545736.4707,972.0369740819322,131835116653.43243,110649983024.59984,63075.70454129913
428,0.00021400000000000002,135179999382.74529,106376813373.49716,63049.75043542382,3191164438654.442,4362085609847.7075,955.7250125571151,135179717165.37538,106378246750.60669,63030.981311505224
429,0.00021450000000000004,138386040095.4848,102004750234.35928,63047.58070780804,2837947641310.211,4385213520410.5625,940.6949657093577,138386664464.07715,102005002579.35756,63051.48209800085
430,0.00021500000000000002,141451009718.4808,97536272624.75264,63047.5539655252,2519945956272.053,4406792739791.726,926.8533921928656,141452169619.28717,97535722766.88795,63062.386965430196
431,0.00021550000000000003,144371501055.67484,92976685998.66487,63042.198785283,2233287618030.7173,4426914812371.088,914.1022306774718,144373614681.14902,92974613831.92015,63039.594465367685
432,0.00021600000000000005,147145141070.11716,88330199068.22112,63038.36777836063,1974683410579.5427,4445621637048.131,902.3630303920677,147146387254.7697,88329317469.48573,63022.00101186511
433,0.00021650000000000003,149767912812.19513,83604027835.5249,63015.18726728071,1741272380575.8394,4462965993466.856,891.5653910345163,149769121907.1262,83603130951.30367,62970.15942311419
434,0.00021700000000000004,152240006313.24988,78798779617.8419,63018.431047810795,1530709185518.5193,4478968174603.09,881.6535615085604,152237566311.77484,78804743430.19919,62892.821036523026
435,0.00021750000000000006,154551018131.7426,73935098678.59734,62907.24110107671,1340748147982.1794,4493714416682.331,872.5638792246848,154550061439.33475,73939095729.19669,62857.06033968397
436,0.00021800000000000004,156707111806.3487,69003931767.5228,62864.532097370575,1170060436363.3833,4507110777380.204,864.2774595269224,156707040927.3392,69006546656.35788,62859.783037597525
437,0.00021850000000000003,158705765376.9378,64011261712.072876,62840.746228149284,1016680621099.738,4519350275925.687,856.7217961107405,158707006663.19162,64010921108.86227,62838.59215803593
438,0.00021900000000000006,160545768840.40448,58960760867.262924,62834.857020801,879159312790.2698,4530424468545.063,849.8624525861796,160547215338.7177,58959843243.311195,62852.34440292665
439,0.00021950000000000005,162224848191.09985,53859090179.11197,62823.39406163019,756306294327.4154,4540355534714.415,843.6670200156582,162226965611.57037,53856186798.17518,62814.43108970408
440,0.00022000000000000003,163743021718.51108,48707056199.017624,62842.82303081941,647177052545.7144,4549154091440.074,838.108497839946,163744307888.1115,48706426368.75718,62836.055017327875
441,0.00022050000000000005,165096666088.54785,43516685376.07505,62820.94213820641,550856878110.8661,4556862442507.054,833.156431976011,165097809887.52353,43516755067.44988,62748.14198463005
442,0.00022100000000000003,166285642008.2627,38290902933.48892,62801.204434252315,466724776489.95746,4563459912877.64,828.7963099971374,166286143418.1599,38294100072.0207,62743.334989351184
443,0.00022150000000000002,167308097982.4986,33039615594.722363,62746.922552502045,394126614150.8661,4568984004353.114,825.0056272479479,167308998222.7237,33042223239.872753,62694.04092306964
444,0.00022200000000000006,168164936276.45862,27762236207.77634,62724.25242508561,332558286186.58545,4573434306724.109,821.7706206800731,168165788571.02563,27765518849.779884,62679.150777642484
445,0.00022250000000000004,168854953257.93726,22467544319.586323,62686.54614445925,281491771833.9908,4576845280241.61,819.0725129970813,168856208392.76852,22469114947.037712,62703.16681153668
446,0.00022300000000000003,169378989427.73328,17152925680.936481,62702.45533081353,240569010347.4244,4579209742339.96,816.9018475044694,169380397936.34503,17153045045.718344,62737.59630151479
447,0.00022350000000000007,169736104406.0463,11825462519.501253,62723.920659632335,209447813363.17612,4580548072547.901,815.2456557354806,169737495010.233,11824698634.093143,62734.599831858046
448,0.00022400000000000005,169925700252.13443,6494599271.038798,62715.91307092184,187931514345.15662,4580848460975.83,814.0985950923857,169927080398.57144,6492903487.157618,62743.40030240924
449,0.00022450000000000004,169948171238.8743,1159560676.886284,62742.33314947729,175892394678.67093,4580106744380.714,813.456432927499,169949425242.57904,1158599104.6115415,62727.55676598853
450,0.00022500000000000008,169803303446.01456,-4169495601.7710075,62744.46591038328,173233669654.1379,4578325806154.956,813.3147845176162,169804614461.536,-4169568107.253884,62737.4929722428
451,0.00022550000000000006,169491386828.92886,-9491851581.866993,62771.68213238599,179935431126.0562,4575495186922.633,813.6733171223526,169492703145.4881,-9490521223.509245,62800.08294274098
452,0.00022600000000000005,169012954740.30356,-14796510690.465937,62764.79772975425,196041554498.25403,4571605559939.798,814.533021475293,169014187273.73727,-14797060368.937197,62787.60095631411
453,0.00022650000000000003,168368613625.65823,-20081394288.80179,62768.95553433963,221635173939.97842,4566649323232.467,815.8958294013003,168369861238.1458,-20082012589.665615,62756.85690501047
454,0.00022700000000000004,167559246935.77722,-25340129932.122326,62768.19027961332,256878436669.24594,4560610273101.821,817.7665508518428,167560632863.2307,-25339871492.27322,62749.388600292645
455,0.00022750000000000003,166585815880.78522,-30567941739.606377,62768.42535333579,301991098300.7316,4553473055439.806,820.1512767298956,166587191088.20102,-30567868243.199932,62772.86431577598
456,0.000228,165448196059.79663,-35766096624.96589,62817.60146405907,357266508242.08264,4545217066506.789,823.058393538912,165449879018.9491,-35763935423.765816,62828.87729335697
457,0.00022850000000000005,164150380858.77444,-40914814171.85547,62773.28976410809,423157982823.6213,4535798584501.042,826.502764405572,164151292229.21906,-40916576103.2777,62732.44683655601
458,0.00022900000000000004,162692517652.67633,-46017673875.093796,62759.31574266172,499941991692.4284,4525242882570.329,830.4867191274782,162693839895.27435,-46018013087.40653,62718.41356606562
459,0.00022950000000000002,161077596782.4559,-51064845467.47111,62718.99478362912,588192018094.298,4513484943902.323,835.030639711599,161078430722.21146,-51067152190.80131,62733.46702447681
460,0.00023000000000000006,159304584389.55212,-56061391040.00461,62745.423344224095,688461630922.8671,4500515536009.809,840.147158754844,159305640927.78445,-56062615430.56206,62785.44016747848
461,0.00023050000000000005,157374328782.63138,-61003573716.55559,62806.882775814076,801658430264.5724,4486245217689.524,845.8662580266704,157376764406.8642,-61000951606.271,62806.61255139188
462,0.00023100000000000003,155293051540.70392,-65874439516.63986,62787.373318534934,928760919627.5396,4470626912877.175,852.2139794969386,155294805436.94092,-65873879753.39783,62810.162899837786
463,0.00023150000000000007,153060160455.0408,-70677310452.51175,62799.64159077394,1070472749590.1521,4453694013182.861,859.1996604282828,153061409998.42868,-70677689998.52548,62811.42831640582
464,0.00023200000000000006,150679701461.29776,-75403346894.99438,62791.213152188066,1228027087718.4285,4435327355004.669,866.8642074596693,150680923698.37952,-75403759889.98735,62781.66241444867
465,0.00023250000000000004,148153686589.7386,-80049386786.33727,62785.64333731602,1402653697708.5962,4415504030677.143,875.2350262985891,148154025519.2617,-80051530659.22095,62814.33204197108
466,0.00023300000000000005,145480773249.0083,-84618155291.85883,62840.25530438758,1595867309804.0093,4394147208693.012,884.3507083722774,145482249973.27725,-84617959110.25829,62839.15791716755
467,0.00023350000000000004,142669493649.54587,-89094081042.65688,62828.94326830513,1809733563045.1047,4371114057396.8315,894.2696266254137,142670506181.85754,-89094722112.85822,62838.532297648155
468,0.00023400000000000002,139720255409.59464,-93477752353.72794,62830.77787849138,2045915426398.167,4346449440511.897,905.0148689328864,139721030084.56134,-93478873753.60983,62827.402978810314
469,0.0002345,136637174615.6555,-97763248523.64534,62823.784539617234,2306785942690.797,4319999640991.5146,916.6493535627897,136638743824.07571,-97763312641.73813,62795.74828370561
470,0.00023500000000000005,133422644839.30077,-101947738939.05478,62823.779099939355,2594992391159.106,4291687447300.8735,929.2301122636519,133425332041.7266,-101946341439.15747,62806.992070042696
471,0.00023550000000000003,130082401933.57503,-106024065060.91898,62799.2839750717,2913730481604.766,4261388198143.3984,942.8273430080187,130083898621.55188,-106024399295.94855,62799.45078521804
472,0.00023600000000000002,126617690716.42288,-109991522433.54886,62791.121593572934,3266465002312.5874,4229031290820.966,957.5058771819266,126618690927.1008,-109992490094.62483,62788.26737306799
473,0.00023650000000000006,123031590944.75166,-113846782320.84642,62794.115214674144,3657613921160.1104,4194428487712.6367,973.361301941781,123033958473.64731,-113846228505.22269,62726.53188746973
474,0.00023700000000000004,119331879105.37494,-117581710630.51784,62761.35657809232,4092378586112.7925,4157423124835.9683,990.494965446989,119334991486.87164,-117580576005.71709,62741.76671701581
475,0.00023750000000000003,115519498983.22633,-121196306785.91258,62743.1653821521,4576366216497.614,4117941659924.8496,1008.9962448770003,115522313386.29364,-121195656050.18001,62729.84867233773
476,0.00023800000000000007,111602669487.36389,-124683181037.01442,62693.02442877868,5116818230513.771,4075717251096.358,1029.004725799251,111602184606.22282,-124685770327.904,62700.13071821657
477,0.00023850000000000005,107578192278.88469,-128046155252.71313,62693.56701881101,5721835340386.904,4030636045608.2393,1050.644234624314,107576760227.89236,-128049438857.2328,62698.58036012963
478,0.00023900000000000004,103453322790.98903,-131278943456.48573,62688.42827210537,6402411882210.38,3982274905521.1445,1074.1202291402167,103450858752.58818,-131282960839.48514,62670.98399411368
479,0.00023950000000000005,99227205361.1805,-134382474528.67148,62720.44619794451,7171166334932.239,3930446108527.621,1099.615993774243,99232147059.08397,-134380735500.34137,62632.929901003496
480,0.00024000000000000003,94919259596.44127,-137342283822.5119,62653.01669017241,8044305395305.253,3874706772725.148,1127.3881083632698,94923598371.85893,-137341335548.49179,62598.70054922334
481,0.00024050000000000002,90523971185.05824,-140163924244.06723,62616.4352740472,9038956772611.35,3815096795774.472,1157.6096000390166,90526744039.69156,-140164266967.2984,62616.32599352007
482,0.00024100000000000006,86043107253.18852,-142846466404.50958,62612.7732767898,10179055914158.572,3750895453604.5547,1190.641457649977,86044790884.86574,-142847561287.7303,62615.26353073131
483,0.00024150000000000004,81481962018.29213,-145386654681.446,62618.53429089486,11495638583628.404,3681495438539.555,1226.90148165218,81482811007.40494,-145388217303.87152,62662.323981798574
484,0.00024200000000000003,76842513973.34041,-147783407290.73602,62644.970798770286,13027903699678.176,3606338050609.7803,1266.8484271938853,76845658982.54372,-147783687969.76657,62657.96102365959
485,0.00024250000000000007,72132704221.63522,-150032409556.20047,62660.10232358344,14826971677616.922,3524629830594.722,1311.0622406416253,72135584147.69559,-150032833003.73944,62681.61229974806
486,0.00024300000000000005,67359057023.26872,-152130770682.07394,62658.75264172293,16958878333815.107,3435596009361.242,1360.215765145095,67359623637.08475,-152132324997.67294,62677.80427266187
487,0.00024350000000000004,62526731080.30222,-154076637430.88724,62647.12965283803,19511209062679.426,3338228886931.4424,1415.149643479704,62521628955.44754,-154080534683.60358,62720.18768217376
488,0.00024400000000000002,57632125031.03109,-155871776390.7076,62676.15542849752,22603234245909.12,3231202549635.366,1476.9498403506147,57623949092.17638,-155876482967.81384,62783.35388027347
489,0.00024450000000000003,52680812791.37578,-157513591922.6599,62721.75279592634,26404606672877.22,3112487069297.9995,1547.1320760586814,52672016254.052155,-157518030845.50507,62786.35544482666
490,0.00024500000000000005,47682355065.2866,-158998553940.89767,62752.33613856448,31157074839165.176,2979863607468.982,1627.633662562179,47674272481.52958,-159002327950.5339,62789.635176973345
491,0.0002455,42641454298.31737,-160325387481.5452,62775.743675249185,37211091551612.52,2830666306594.626,1720.977270112814,42637229822.66911,-160327711333.79095,62762.24619608432
492,0.00024600000000000007,37568752506.46789,-161491446981.59723,62769.724286095,45094054489274.57,2661096490414.8687,1830.7001686873691,37563033151.57532,-161493961530.0798,62783.732749267474
493,0.00024650000000000003,32455681670.204647,-162499219337.033,62805.13472938831,55623820173003.5,2466247011160.1504,1961.8012780654037,32458138780.56505,-162499740354.02005,62794.87943617513
494,0.00024700000000000004,27316696088.697994,-163345194230.61224,62826.0343252696,70139691033468.02,2238311855248.542,2122.0224029389524,27325057521.439713,-163344760484.6975,62768.15684384993
495,0.00024750000000000005,22157633910.562584,-164028658229.1984,62835.527136528464,90907065210688.6,1967622038101.2583,2323.0821475641355,22172793922.30102,-164027515275.48428,62751.98762447821
496,0.00024800000000000007,16984269388.977453,-164549155859.08093,62835.878968197656,121944325721618.7,1640974702283.2463,2583.725803368524,17005557255.531868,-164547835595.89127,62771.09306333392
497,0.0002485,11800316458.356966,-164906657783.04648,62835.3625866247,170673796842114.22,1243252374656.1309,2934.637591085015,11823818969.366251,-164905828852.8451,62784.01953727064
498,0.0002490000000000001,6610501047.016892,-165101045550.40158,62835.54387904925,250854016689909.38,770880779550.5466,3423.502026768283,6639792466.363699,-165100716633.89273,62725.89000390469
499,0.00024950000000000005,1420467928.406313,-165132278805.06665,62834.6534428148,384038969503094.2,299382323934.4679,4097.17534676693,1462112485.5085356,-165132776476.53708,62643.3840931341
500,0.00025000000000000006,-3763466186.754846,-165000616877.68564,62831.33260687533,572043641098664.2,210827553277.28012,4835.828240166644,-3705335804.9396863,-165002812624.53033,62610.187206026974
501,0.00025050000000000007,-8904157445.383692,-164707891783.70245,62758.781441397085,678850134336020.1,1226639109307.3708,4955.830503196265,-8863063989.953436,-164711283533.76605,62599.64598514809
502,0.00025100000000000003,-14014906923.81653,-164256261637.8502,62671.6004968702,540962549551281.3,2732243256875.442,4124.617946731734,-14005900851.058044,-164258748219.0094,62596.43956139966
503,0.00025150000000000004,-19129477551.634407,-163643866889.18234,62644.915206239035,339213277193969.75,3409573038985.601,3360.6632856811875,-19128233392.70023,-163645922628.622,62590.030992707194
504,0.000252,-24200814606.82935,-162874883440.8598,62582.683903506346,207611021705469.94,3487641678782.0103,3005.296113920225,-24227557546.242214,-162873355152.7636,62638.64392334608
505,0.00025250000000000007,-29286064747.08993,-161941945432.07776,62625.89862567819,134834391548403.06,3417748234366.5225,2842.5538303363805,-29301170015.52888,-161941355059.95178,62721.2114167276
506,0.000253,-34325986500.0217,-160852439928.90036,62637.17531559219,94122059054954.1,3382494431555.3438,2698.251823899985,-34342559706.49523,-160850982393.0614,62670.66020088152
507,0.00025350000000000004,-39335767410.40012,-159604148548.21863,62678.72833284082,69806054712562.49,3411845134646.42,2507.9495292442357,-39339640694.08363,-159605025249.37057,62580.244265613976
508,0.00025400000000000005,-44289718273.12415,-158202881253.98938,62669.809491547465,53967455097455.33,3478127281262.71,2283.419888929438,-44286890743.578514,-158205606981.14948,62564.96528364328
509,0.00025450000000000006,-49179881240.87587,-156652357759.7143,62602.12056286609,42847696970726.55,3546477815613.087,2065.1660227943453,-49185383750.90196,-156653015419.01266,62572.134008420646
510,0.000255,-54025158906.3744,-154948126157.65436,62592.50511000236,34689077169155.508,3602201585649.0146,1881.3771879788621,-54028585293.122574,-154949415527.88998,62527.90453962633
511,0.0002555000000000001,-58808557541.34657,-153095496764.12888,62569.595102899366,28565997007291.215,3648619838483.5454,1737.2637727052938,-58811410565.02158,-153097024412.24167,62509.4747168496
512,0.00025600000000000004,-63524958735.91209,-151097050176.4246,62534.137260207055,23901427006428.934,3692293692312.953,1625.4659456127665,-63528252371.341354,-151098456660.52557,62457.85684993026
513,0.00025650000000000005,-68165866397.95871,-148957109027.02725,62468.37887611166,20285315732332.996,3737274648708.382,1536.2632417925333,-68173634382.16419,-148956683933.66116,62402.1305168703
514,0.00025700000000000007,-72738155261.22249,-146673494521.42346,62443.65715441569,17421739163771.562,3783947640201.854,1462.3701995060683,-72745977260.63737,-146672861269.0029,62383.401467562326
515,0.0002575,-77240141094.64714,-144246806041.58447,62462.15898287905,15100029780379.916,3831401573371.6577,1399.2617670632308,-77243642235.35127,-144248177123.22748,62459.917106872854
516,0.00025800000000000004,-81654044921.08495,-141686296176.068,62427.024090029794,13177167837238.977,3878331073449.795,1344.3412361462088,-81661474192.66249,-141685449509.16663,62407.55319393929
517,0.00025850000000000005,-85989028657.42511,-138987663740.7547,62442.289103260344,11560666986066.814,3923494428340.745,1296.0963050824953,-85994194539.05363,-138987910042.37866,62407.4074755322
518,0.00025900000000000006,-90230063376.49855,-136159866740.23409,62416.56216512917,10184116579632.629,3966929857008.7173,1253.2540359895504,-90236419927.99898,-136159241992.7998,62391.93746399298
519,0.0002595,-94382788956.58362,-133199954057.33617,62432.65383623104,9001815059612.492,4008253906126.9146,1214.949272396084,-94382738311.61707,-133203568016.29604,62349.44313236855
520,0.0002600000000000001,-98430246096.21666,-130119794313.78668,62379.04155772167,7977833384744.052,4047681835164.791,1180.4194681780348,-98431231072.56163,-130122930919.07675,62336.35086997686
521,0.00026050000000000004,-102379088108.75302,-126915727636.24619,62362.588633282474,7086498338889.003,4084906653248.388,1149.192334945396,-102380207564.85042,-126918831862.79782,62333.71185507349
522,0.00026100000000000006,-106219139355.30737,-123596066655.51476,62315.50589384444,6305583730962.436,4120241011968.3765,1120.7830000745407,-106222782968.16794,-123597125218.94464,62302.73793397568
523,0.0002615,-109953203124.85313,-120159334971.29459,62302.72828028531,5618161539097.224,4153586925302.3945,1094.8730204717017,-109957049339.90695,-120160093646.95941,62331.255152336125
524,0.0002620000000000001,-113576062101.47224,-116610328251.56746,62293.735704947314,5009667530654.694,4185144540534.93,1071.149670786486,-113583897949.07753,-116607074524.35948,62345.81460130567
525,0.00026250000000000004,-117088182924.81609,-112948804165.51631,62321.84923738887,4468667210200.377,4214920391281.389,1049.384263378325,-117094768736.89397,-112946338153.09842,62273.2205886184
526,0.00026300000000000005,-120480590543.20845,-109183761195.72519,62316.952354202134,3985518723029.3633,4243041701984.4956,1029.362448311028,-120484573692.6322,-109183990402.52534,62279.238351412554
527,0.00026350000000000006,-123749341569.23993,-105320329232.6459,62285.84481660128,3553058411049.6567,4269439297718.689,1010.9443379952091,-123753300957.7412,-105320581426.68617,62245.289268509274
528,0.000264,-126893729128.41501,-101360248586.60304,62263.429603228964,3165215171021.249,4294182285905.136,993.9900239667762,-126897413716.60089,-101360756910.69391,62210.10845672584
529,0.00026450000000000003,-129911303159.95927,-97307043520.8742,62249.29140240318,2816486655486.276,4317394728600.802,978.360235515856,-129915797581.52286,-97306383435.85905,62293.144418629374
530,0.00026500000000000004,-132800702935.20622,-93162871003.79198,62255.25447307047,2502227624123.497,4339131663169.619,963.9446165418268,-132803678700.11995,-93164169496.16135,62203.21954010889
531,0.00026550000000000006,-135554707310.06429,-88938220319.40756,62215.32098998295,2218473149298.2295,4359458806903.7754,950.6452306752346,-135557224611.92029,-88940393514.16753,62171.75773529629
532,0.000266,-138173954065.81424,-84633496485.59988,62189.58193941059,1962309726979.378,4378335979788.061,938.4003000288953,-138176143778.4598,-84636243146.37872,62170.151904066
533,0.0002665000000000001,-140656025651.71198,-80253197950.59492,62168.42050946647,1730843576044.0752,4395883682194.629,927.1239285110146,-140659297256.6877,-80254275318.45796,62176.39235634987
534,0.00026700000000000004,-143002088119.59586,-75795732558.47768,62198.44106631576,1521637574107.8218,4412136138630.909,916.7516771819988,-143006399244.10617,-75794686241.76367,62287.09037125453
535,0.00026750000000000005,-145210496169.91992,-71263327671.33505,62265.79994618353,1332405787477.5361,4427178192012.199,907.2159057081902,-145214255214.01404,-71262866859.50027,62274.4718848474
536,0.00026800000000000006,-147274871323.21518,-66667983737.28368,62285.17079063804,1161317811588.2075,4441029451856.602,898.467130236469,-147277704089.27783,-66669394906.04457,62255.21875277627
537,0.0002685000000000001,-149193921075.6628,-62013419210.55944,62291.676946349646,1007164076197.6365,4453641465198.839,890.4795970637418,-149196070161.82867,-62016530517.66848,62341.256206766324
538,0.00026900000000000003,-150964807617.8291,-57307177190.50613,62269.31970683549,868694845923.9093,4465073647715.063,883.2114652602908,-150969989573.70932,-57302665750.85531,62357.67463458152
539,0.00026950000000000005,-152592132873.0118,-52538006993.273445,62362.410533322036,744828975982.2794,4475341473278.345,876.6316159660811,-152595532808.83682,-52537708298.04513,62375.640489919475
540,0.00027000000000000006,-154067020316.77936,-47728712256.63752,62355.158044284326,634213354261.3468,4484563810830.71,870.6889053543549,-154071120829.8823,-47726017057.28179,62407.35553905545
541,0.00027050000000000007,-155393225845.9012,-42869430233.31862,62424.2637375485,536328833810.1239,4492620803529.3545,865.384842791343,-155396354709.08807,-42869398430.95891,62435.39103721835
542,0.00027100000000000003,-156564023618.25604,-37982487204.572784,62384.000350139264,450263902494.53516,4499629938280.221,860.6787227519709,-156568263928.6138,-37978292584.111626,62470.98414532223
543,0.00027150000000000004,-157583102507.1426,-33056680253.984947,62427.525160495716,375633096088.80914,4505514181658.735,856.5685328211296,-157587216832.49216,-33052059190.45108,62429.49424465341
544,0.00027200000000000005,-158448271852.346,-28099482499.7549,62481.85640343733,311711013480.3861,4510371887108.381,853.0214288523546,-158451524810.69577,-28098163492.85131,62470.28198255632
545,0.0002725,-159157328486.7027,-23122245167.20666,62489.37116629848,258059075200.73056,4514178749319.225,850.0274174649326,-159160674608.90677,-23120298782.00476,62507.9005037206
546,0.0002730000000000001,-159710920921.4603,-18122745309.034653,62534.21504052478,214389966360.38727,4516921489495.725,847.579656244501,-159714023751.06497,-18121871419.5198,62562.03106179763
547,0.00027350000000000003,-160107414674.6123,-13113007376.90878,62537.75097639741,180365755567.99295,4518629892805.527,845.6635390243042,-160110502760.76846,-13111626223.890202,62531.1641038248
548,0.00027400000000000005,-160346861994.12317,-8097403818.423946,62529.82378165522,155795229020.57297,4519287351670.708,844.274867550794,-160349871201.02716,-8096844125.668771,62485.499814936295
549,0.00027450000000000006,-160429198168.1867,-3084671722.7681866,62487.952844986234,140500625527.61102,4518902253046.818,843.4068746986334,-160432292406.51193,-3084067354.7393346,62459.31141125338
550,0.00027500000000000007,-160355066624.17773,1925303505.2704308,62472.055471991735,134359706591.24872,4517473985980.734,843.0553425633365,-160358165975.44318,1923809509.5682874,62396.769799524605
551,0.00027550000000000003,-160124802311.27472,6923084604.747402,62430.68123136916,137296539269.25003,4515003404765.376,843.2168729741286,-160128095703.92975,6920056373.438342,62381.83737822202
552,0.0002760000000000001,-159739170472.93857,11905581975.733835,62393.24988306933,149302322802.7762,4511483220969.23,843.8908693246341,-159742529120.77124,11903891343.712303,62390.530065851286
553,0.00027650000000000005,-159198358877.8518,16875007796.655739,62411.95027029189,170424845048.8338,4506906590346.978,845.077946961428,-159201877090.02457,16872155198.591883,62394.356044528104
554,0.00027700000000000007,-158503449915.33826,21819424947.62557,62396.69206812612,200823174229.84564,4501250607524.925,846.7833633011634,-158506892539.78204,21818082920.058434,62394.07374306473
555,0.0002775000000000001,-157655279455.91016,26736271914.618458,62385.67777947383,240659077021.34543,4494510112683.11,849.0105431212359,-157658516112.59113,26736691449.2938,62382.24640320645
556,0.00027800000000000004,-156654957635.80328,31620521705.123425,62374.02332783058,290177280429.107,4486664346336.469,851.7670291403288,-156658404676.21375,31620157172.107944,62310.13093222921
557,0.00027850000000000005,-155503823766.74625,36467007324.735596,62358.39449308123,349687382957.45624,4477693179091.168,855.0620693308899,-155507459047.22067,36466146845.6551,62400.33110456261
558,0.000279,-154202279497.24234,41275216008.20795,62373.943086403444,419564894426.7222,4467574797155.208,858.9066090225346,-154205488483.8326,41276011959.79175,62416.41203616822
559,0.00027950000000000007,-152751222015.5364,46041312066.30677,62408.30827511148,500337458661.09845,4456264697325.143,863.318041410284,-152754279971.44327,46042546360.50923,62433.66210312771
560,0.00028000000000000003,-151152558747.8638,50758452307.880196,62432.636479644934,592612674295.8822,4443727176898.994,868.3144434828653,-151155788599.3211,50759019670.206,62439.94948820085
561,0.00028050000000000004,-149408904005.03696,55419206135.359184,62430.069507475986,697024041484.7681,4429938056567.6875,873.9129217848736,-149410981578.52628,55422897582.54927,62473.476396235055
562,0.00028100000000000005,-147520275685.9204,60024382672.472626,62459.621237673404,814249157008.7546,4414873404896.436,880.1316032244133,-147522676685.82205,60026955931.42721,62475.61641510433
563,0.00028150000000000007,-145488849765.56317,64568079228.812325,62490.79383343819,945271160546.4576,4398451368261.014,887.0030790371858,-145492189492.26062,64568287877.22638,62490.864270529826
564,0.000282,-143317299760.22202,69044203504.8409,62509.10820009726,1091130329569.8934,4380634055107.311,894.5547444970225,-143321120656.21906,69043376480.88309,62503.35758790064
565,0.0002825000000000001,-141008941285.4292,73446263389.93137,62504.21215542844,1252956241896.7998,4361380058167.383,902.8155406286758,-141013264480.7491,73444732237.07558,62459.31743165172
566,0.00028300000000000005,-138566426229.85928,77769988351.29541,62488.935689062055,1431993905077.0928,4340645831208.123,911.8169286111938,-138571444222.23267,77767473573.06305,62469.22890399543
567,0.00028350000000000006,-135993637685.83209,82009291544.74704,62452.07272136724,1629735741206.8933,4318362978134.009,921.5982729209376,-135997570189.11739,82009090514.599,62442.720687529356
568,0.00028400000000000007,-133291081632.29025,86164385691.5505,62441.33531619815,1847839063664.8792,4294479988265.0405,932.1987606102725,-133296209708.77449,86162485684.58902,62356.600068210304
569,0.00028450000000000003,-130466453763.20804,90223782939.65257,62375.80641371562,2088496104115.9666,4268866705231.9478,943.6782331845799,-130471146475.50578,90222979945.57426,62335.22843965115
570,0.00028500000000000004,-127518898505.11636,94190379081.64043,62343.11808437208,2353712838405.9824,4241537983188.628,956.070447034009,-127523059158.09425,94190556712.1445,62294.51235272639
571,0.00028550000000000005,-124451378022.28786,98060521112.94655,62324.754189731895,2646395885573.1216,4212301536950.687,969.454527620799,-124455984852.95589,98060309395.1354,62308.90528147803
572,0.00028600000000000007,-121266142073.35123,101831693121.19008,62322.46723748581,2969839736490.4414,4181052469030.4004,983.9039823170585,-121270261116.30957,101832180021.91898,62388.23624530912
573,0.0002865,-117963443975.47171,105503643596.66188,62358.051336011005,3327899032113.347,4147658541483.2827,999.5024159288142,-117966432967.53836,105505398542.341,62405.76280508562
574,0.00028700000000000004,-114547802209.77089,109070845582.03809,62393.719559584686,3725325503826.279,4111923529200.793,1016.3572244178519,-114550934880.17198,109072342529.71346,62442.32408497448
575,0.00028750000000000005,-111022276069.97131,112529964284.67755,62431.33946685776,4167376491338.1704,4073733904483.1826,1034.5685903975343,-111025664343.59062,112531161811.33104,62455.50035968228
576,0.00028800000000000006,-107393946509.80434,115873962973.75165,62434.86464074275,4660294090760.17,4032910116299.958,1054.2579051078076,-107396016296.31804,115876432123.79132,62486.9013974812
577,0.0002885,-103663719605.28532,119102504085.3335,62449.28196840683,5211081106152.359,3989338349267.7124,1075.5435426828287,-103664813106.07971,119105757676.3065,62457.24708066154
578,0.0002890000000000001,-99836112652.86469,122211672364.51842,62460.92565491219,5828755671544.521,3942715917815.744,1098.5983555300961,-99836951575.98413,122215035494.27116,62439.999376180305
579,0.00028950000000000004,-95917188004.4957,125196728322.52156,62452.62280668165,6524137653071.848,3892805534761.2476,1123.605290200296,-95918140796.25966,125200059806.40878,62444.563989912116
580,0.00029000000000000006,-91908839840.36636,128056697764.72238,62452.268527219814,7310077060879.472,3839377895179.095,1150.7612524657561,-91909221552.81483,128060307870.59653,62476.88125428947
581,0.00029050000000000007,-87809953014.06439,130792427232.21902,62494.42124191628,8202848592829.122,3782036383891.945,1180.3259178531998,-87814699283.73239,130792914368.52832,62463.628490570016
582,0.000291,-83630336786.44206,133396851694.43059,62512.2786838819,9223602122553.69,3720240443858.76,1212.6363269853018,-83637335447.99454,133396001572.25179,62502.96960490493
583,0.00029150000000000004,-79376737531.60197,135866110236.50267,62500.521996696785,10397411393301.633,3653710423659.3457,1248.0110079339772,-79383358670.19273,135865725670.43362,62494.05834715338
584,0.00029200000000000005,-75049806186.33331,138200392351.83557,62499.649518213446,11755462783985.465,3581998786444.2236,1286.8355583576479,-75054470779.85526,138201259793.58582,62540.207387070106
585,0.00029250000000000006,-70649058056.29018,140399979514.5859,62535.0524950153,13338955713662.006,3504337341032.0117,1329.6408372570243,-70656225726.93619,140399596649.5291,62559.560839417456
586,0.000293,-66182140930.58191,142460589708.8753,62566.779010583836,15203020738145.086,3419774602996.043,1377.1079860213983,-66194315584.7566,142458038740.324,62510.17606050753
587,0.0002935000000000001,-61663565394.57988,144375635117.51962,62535.83127593972,17419409004806.584,3327476958072.4336,1430.0042731491183,-61674248936.53173,144374253270.81445,62498.27160995273
588,0.00029400000000000004,-57084932444.36233,146149678402.96985,62547.77504737017,20080816689486.668,3226685614562.3257,1489.186434534104,-57097462666.83906,146147871658.3756,62557.73141353623
589,0.00029450000000000006,-52463541708.35063,147775764457.9804,62511.54886869395,23319105810966.01,3115493766934.011,1555.9841441505464,-52469155986.42335,147776941822.92242,62546.07117907752
590,0.00029500000000000007,-47786318996.43272,149259348483.8239,62543.168978643596,27314144100394.203,2992512839959.798,1631.9164317537088,-47799315906.11404,149258166100.4062,62464.91869685725
591,0.0002955000000000001,-43076966591.86296,150592208955.21616,62515.21443972377,32332044564268.492,2854710104027.251,1719.2926231896286,-43090110439.95106,150591485469.26828,62479.799135378365
592,0.00029600000000000004,-38331964902.975685,151776450403.38562,62493.97561934612,38755231304810.586,2699709207509.0015,1820.886567105165,-38346329882.5623,151775888023.2348,62421.68779145982
593,0.00029650000000000005,-33554441714.605457,152811538995.16626,62483.749657764696,47167372357765.164,2523194336180.1997,1940.771387633997,-33572390843.28305,152810628185.99185,62416.59507245943
594,0.00029700000000000006,-28748229446.45082,153696738793.46756,62483.61720877354,58489663669128.49,2319390085114.3555,2084.89847863875,-28769252528.069305,153695803561.60333,62483.0466629219
595,0.0002975000000000001,-23917898985.525997,154431229586.12564,62489.938481561876,74233691254045.23,2080440145834.8083,2262.190742000522,-23941919160.055927,154430483613.2072,62453.37827338872
596,0.00029800000000000003,-19079879161.971306,155012658036.1976,62455.768176543024,96988998154734.66,1795655875611.7168,2486.518816807185,-19098934387.361828,155013509657.26953,62417.45305971811
597,0.00029850000000000005,-14205681051.945868,155445294069.78754,62515.116308993915,131367446218064.3,1452110187361.7368,2779.8320052370063,-14245729686.44741,155444483971.0945,62401.98965551854
598,0.00029900000000000006,-9333538126.985104,155723945082.97833,62521.00129722189,185939125462829.56,1035130028743.9196,3178.4875758292355,-9383455155.027721,155723809827.23743,62412.68811199569
599,0.0002995,-4465188566.560431,155849687304.52106,62502.56333128582,275976867959407.3,557754004351.7189,3733.2181874267535,-4519035620.43964,155851128340.3182,62386.83856684793
600,0.0003000000000000001,406667602.5035819,155823537309.03842,62503.203564912816,420807206457449.9,159880994387.0418,4464.185292544933,343357555.8787285,155826639976.8192,62348.366516549715
601,0.00030050000000000004,5258143363.147318,155645695565.00363,62471.93415306068,595148660489758.9,363987566737.20374,5101.679964779767,5197372947.120802,155650713205.93262,62325.41435098182
602,0.00030100000000000005,10062401998.399967,155318863880.016,62369.10044124284,626190520735457.2,1682347276203.1348,4862.986962559833,10036169310.561495,155324013753.61066,62292.29090894559
603,0.00030150000000000006,14831840165.754894,154845541090.30783,62247.90949630233,454029418024503.75,2979892341642.381,3930.4896528755226,14859076380.983032,154847241075.01166,62265.21223480493
604,0.0003020000000000001,19620181688.910313,154221666430.767,62223.97061126893,280148645879932.12,3417587689601.422,3288.9577174019805,19664076099.995026,154220605045.2506,62337.18275797302
605,0.00030250000000000003,24409600426.351845,153446277222.9789,62258.26866362251,174561950758799.3,3422751181402.758,3011.8953913437977,24447752600.52201,153444555484.2317,62343.138152371874
606,0.0003030000000000001,29169175596.0973,152522403155.7733,62289.92405512759,116061693094678.17,3353625988520.177,2870.5862062684087,29202895384.755432,152520149904.30606,62398.78292946314
607,0.00030350000000000006,33906329143.956486,151448706020.25024,62355.41893273296,82748712202197.89,3333550873081.058,2722.780499676947,33925198922.523582,151448249747.86343,62342.02192212826
608,0.00030400000000000007,38592690372.36685,150230851309.64832,62369.68661770937,62381880711224.17,3373975501550.0107,2524.8825897528545,38605250475.99608,150231308572.3279,62297.98140722835
609,0.0003045000000000001,43229510827.382774,148869921092.5259,62354.64090778369,48818086490573.29,3442169183150.716,2298.7342677528786,43240525003.07805,148870485630.46664,62318.80128156319
610,0.00030500000000000004,47820101688.15037,147365758883.98218,62347.96510159312,39125933206103.48,3508037967035.0737,2084.287383669981,47831266366.19722,147365976892.4954,62343.723524751695
611,0.00030550000000000005,52365221586.59121,145718111586.13947,62372.408937912856,31914037878159.957,3561484375714.434,1905.564556139989,52371491049.757324,145719621498.76773,62354.07510605068
612,0.000306,56841696081.55692,143935101523.84454,62327.5571405555,26439667115037.234,3606431685611.0303,1765.5096439523134,56856338704.05278,143933284008.49527,62355.203116177545
613,0.0003065000000000001,61262381437.470566,142013007508.61972,62320.57549616323,22231030222222.574,3648836460340.1523,1656.4281754271444,61279542546.54253,142009655839.51718,62305.29776627952
614,0.00030700000000000004,65634770397.83494,139948043973.03275,62405.71902535208,18939198082199.09,3692908544696.0894,1568.763258775559,65634574790.840775,139951992678.14346,62320.78840985307
615,0.00030750000000000005,69918486886.00705,137758046059.11462,62346.36700260921,16305570996538.9,3739301694848.9517,1495.4420586797403,69921879800.63454,137760484163.1733,62307.76194539343
616,0.00030800000000000006,74132153267.90186,135435824420.28056,62325.566610517446,14158802205976.207,3785537365578.735,1432.6874782491993,74137528888.95403,135437210411.05112,62319.291721054404
617,0.00030850000000000007,78277009906.61255,132980442385.09619,62363.78079573216,12375839456576.521,3831065147077.819,1377.9910668700593,78277887129.96555,132984211734.34386,62342.00758876902
618,0.00030900000000000003,82330336454.7586,130404785456.53796,62315.559701512444,10870637466155.465,3875385091870.4897,1329.689986042206,82337053066.59836,130405068155.1268,62316.833280725645
619,0.0003095000000000001,86304332909.62389,127702542401.85399,62323.29949698084,9587126801310.03,3917598831981.3594,1286.7921044326454,86309096950.05605,127703930752.77908,62289.51904873947
620,0.00031000000000000005,90188873236.43112,124880145748.81201,62319.7061470468,8481592518767.714,3958045855359.8467,1248.3277046921646,90191743902.3166,124882762454.01637,62302.0335762456
621,0.00031050000000000007,93977369946.04338,121942817852.90193,62286.65789235569,7522257331969.955,3996541894576.777,1213.6300336811912,93983166121.18034,121943292754.41138,62295.75974636005
622,0.0003110000000000001,97675452067.55183,118886891616.25565,62308.385505060425,6685042748765.139,4033005591934.7324,1182.1975869620383,97678992333.48756,118888941550.23785,62278.46633625386
623,0.00031150000000000004,101273072480.35413,115720159289.0039,62308.480177145095,5949433504471.677,4067706783896.043,1153.550679755117,101274842959.44652,115723678009.8822,62284.26721905585
624,0.00031200000000000005,104764755129.17825,112447973264.05984,62277.48034541047,5300109982707.556,4100507039340.0967,1127.3846496631688,104769455596.17401,112448927643.39479,62278.16784383681
625,0.00031250000000000006,108148092721.41878,109073477707.07112,62235.04612338092,4724856706825.379,4131415861814.3057,1103.4425506025957,108157695671.37872,109069626041.6485,62249.01526165257
626,0.00031300000000000007,111426131660.49973,105594291926.20728,62243.71722769841,4213307372405.9937,4160546087746.861,1081.4830535521294,111434891045.12178,105590890276.5492,62255.31913861238
627,0.00031350000000000003,114593886341.12265,102015296754.48369,62262.15553552258,3756161742229.611,4188096313216.2915,1061.2713275137187,114600448572.54729,102013911351.75426,62216.93305749356
628,0.00031400000000000004,117646009120.11005,98342539273.20624,62261.586088256445,3346237720336.1934,4214045000306.7754,1042.6514704338695,117650235777.40045,98343688925.32007,62225.69925514606
629,0.00031450000000000006,120580273224.67107,94579190760.86914,62257.120673884136,2977925742870.8765,4238386394735.4272,1025.4982666151614,120582202423.53345,94583231992.63048,62191.873403084566
630,0.00031500000000000007,123391057186.48103,90732927441.21866,62216.070675504554,2646369003943.2686,4261203490738.0776,1009.6843142063842,123392697312.0887,90737653053.1281,62165.65281213746
631,0.0003155,126072831606.75507,86812663349.44974,62115.73581891867,2347646067771.312,4282501019333.736,995.1136869452023,126080166512.69923,86809642712.95787,62129.21930766339
632,0.0003160000000000001,128636528343.31776,82804283075.08781,62150.536854032696,2078492032995.832,4302293096533.9355,981.7057328774902,128642363945.23244,82803110198.72469,62158.611110027414
633,0.00031650000000000005,131073318838.77141,78719882377.5483,62171.24726445167,1834872892365.4587,4320891293137.0815,969.3161821298149,131077540666.74074,78720982706.3897,62138.365090475054
634,0.00031700000000000006,133379994204.91025,74565121642.71327,62171.45385747263,1614357937831.2344,4338152975618.271,957.9035609122665,133384608201.32716,74565459171.81143,62193.625457543145
635,0.0003175000000000001,135554535624.78983,70344277285.3668,62161.567194347976,1414957662547.5212,4354097359156.3506,947.4147187298478,135560606180.77155,70341776412.55962,62182.754751899236
636,0.00031800000000000003,137597466229.17343,66056877549.81045,62186.712269895936,1234851180697.7087,4368779910751.886,937.7905541185836,137602328075.86023,66056469550.38948,62181.199359126316
637,0.00031850000000000004,139504455625.55594,61711583689.86644,62188.469245854576,1072239961167.3585,4382278746362.771,928.9704105515094,139509897967.48923,61709636332.63543,62232.25098121857
638,0.00031900000000000006,141276345112.6119,57307082346.37285,62226.96822920987,925814342355.1615,4394567452230.172,920.922076115852,141280265770.6536,57308438745.31958,62161.24935130741
639,0.00031950000000000007,142907338639.35715,52857182272.48783,62201.31031695927,794224179300.8108,4405720683819.084,913.5981014948629,142911341033.41714,52858364268.60175,62218.4916508289
640,0.00032,144398688423.84653,48360472443.21991,62197.638115750044,676625810813.5762,4415686617088.305,906.9807985998699,144403529793.92133,48359261598.690315,62244.806175934245
641,0.0003205000000000001,145749938387.44867,43818398532.04666,62226.96217322808,571995816533.332,4424546903264.8545,901.0299736205252,145754572264.8257,43817329934.6578,62233.96793679653
642,0.00032100000000000005,146957800972.04373,39241405262.93115,62220.2259862124,479444411130.0236,4432327080340.247,895.7158278414153,146962199965.69293,39240796926.87838,62211.88914421992
643,0.00032150000000000006,148022919644.14334,34628532452.23037,62243.20753607813,398385184619.0198,4439001131531.381,891.024497351288,148026913830.20224,34629264796.80779,62228.64078526611
644,0.0003220000000000001,148942407994.02625,29991890614.02154,62216.31780436236,328170978021.01697,4444616534085.046,886.9298952598323,148946768342.88477,29991042813.018654,62209.16805134529
645,0.0003225000000000001,149717127280.49677,25330200683.482895,62216.64463451068,268390495507.57013,4449150570977.722,883.4216529344035,149721145655.4697,25331268986.546005,62164.834153904645
646,0.00032300000000000004,150345760886.5277,20651649547.019238,62198.4026354179,218562793715.36157,4452642881034.945,880.4796434281842,150349358530.94623,20656341547.02274,62146.50836632712
647,0.00032350000000000006,150827699870.2894,15964115633.6972,62146.272386257886,178358000309.2778,4455084922402.064,878.0941392084519,150831638326.0704,15968300720.374245,62106.53515413248
648,0.00032400000000000007,151163610544.76138,11267864633.854849,62115.32272360924,147508776238.5212,4456480241056.874,876.2559553224245,151167912460.23523,11270333630.649654,62139.5194261535
649,0.0003245000000000001,151353263744.7346,6570168888.424377,62070.954718464796,125755850555.64056,4456845924859.691,874.9538987768017,151357989596.7925,6567275484.420204,62103.262626794785
650,0.00032500000000000004,151397334725.31204,1865413902.7642393,62102.55439785935,112936000728.70816,4456176381864.526,874.182546207345,151401912181.1123,1863697306.8195286,62097.956151579616
651,0.00032550000000000005,151295285286.97894,-2837800420.54461,62131.52622063753,108935308549.20253,4454474075323.593,873.9364257573739,151299782733.88626,-2836873219.371357,62095.901733841194
652,0.00032600000000000006,151047343864.92645,-7530322402.0688715,62122.49756244243,113746134682.11118,4451721526729.386,874.2157296139796,151051898760.0504,-7528261412.38959,62120.887334700434
653,0.0003265,150654026612.59665,-12210424144.605616,62120.80366030404,127388019879.86514,4447914507386.063,875.0201016088669,150658600196.68005,-12208559950.883257,62098.24980065645
654,0.0003270000000000001,150116213189.48413,-16869773511.560684,62091.174035902695,149931210318.0975,4443044342961.461,876.3512240638378,150120753018.93942,-16869250940.954395,62074.93244597077
655,0.00032750000000000005,149434834410.69373,-21504923286.683304,62058.476286146244,181479208406.61124,4437104257512.684,878.2117832970711,149438828227.8756,-21509185551.07091,62093.90356476703
656,0.00032800000000000006,148608878929.02237,-26124609814.169174,62130.88485025518,222203174130.63025,4430079867617.175,880.6071175156246,148613480259.9273,-26123951915.93993,62102.077284498366
657,0.00032850000000000007,147641124777.83124,-30708810229.77613,62119.52541210183,272490933771.97406,4421915537380.283,883.5531962137442,147646469831.18268,-30704760020.89699,62015.778511829856
658,0.0003290000000000001,146534506292.2009,-35247531232.76576,62028.45393063201,332559926630.1325,4412635885428.553,887.0514470905366,146539122670.69107,-35248288204.05916,62045.32998690066
659,0.00032950000000000004,145286886466.56262,-39754116194.44175,62048.647679979884,402627677122.37036,4402243563228.713,891.1061886667713,145291530841.91742,-39754541408.832596,62082.81382000066
660,0.0003300000000000001,143899633944.86264,-44221349078.760605,62090.52987935046,483357911485.56384,4390633120310.544,895.7475037337549,143903917885.9735,-44222635834.03366,62180.393188942915
661,0.00033050000000000006,142373610692.42847,-48645555168.76798,62146.89632489158,575372729841.0706,4377787737473.495,900.9921762964419,142377736810.35187,-48646917995.82048,62200.53804867673
662,0.0003310000000000001,140711670873.3176,-53017652583.53718,62169.714521475085,679366748154.9557,4363669115003.1045,906.8608570382667,140715395020.05603,-53019929534.47925,62210.02728500726
663,0.00033150000000000003,138914157511.16656,-57337204218.026726,62210.340309513085,795995131457.7683,4348265958829.2617,913.3705048295517,138917684514.11795,-57339603652.01665,62257.76559345758
664,0.00033200000000000005,136983794783.93463,-61597154981.061424,62234.47649796967,926182567391.8296,4331503216735.2744,920.5531764554933,136987541723.82425,-61598787672.603714,62248.25061235677
665,0.00033250000000000006,134922859617.33029,-65792738501.761734,62246.080991807336,1070886179175.9548,4313352913097.1934,928.4348811484257,134926298069.43571,-65794853390.90276,62279.923557535294
666,0.000333,132734285298.94458,-69918397801.03725,62239.03549235841,1231215815115.1306,4293765078846.816,937.0469411279761,132737096398.57135,-69921694040.2279,62216.195029341165
667,0.0003335000000000001,130418938982.11986,-73973135035.2971,62249.114913519516,1408416988172.4138,4272692520692.217,946.4229130835638,130423545201.98315,-73973036191.66074,62190.35706743678
668,0.00033400000000000004,127981840952.01709,-77948255471.38779,62224.25789708337,1604097775288.9192,4250036548367.7007,956.6108506725703,127986973622.15503,-77947578176.15991,62160.725476342224
669,0.00033450000000000005,125425825754.72763,-81840222459.1361,62184.92499674234,1819829853713.5198,4225782104295.1665,967.6448998752489,125433166632.70189,-81836416680.12106,62048.43749651584
670,0.00033500000000000007,122756766514.37904,-85641182991.95366,62099.820715783666,2057513649554.1753,4199846668265.593,979.5741344760345,122762521929.95969,-85640346398.18242,62066.28558390551
671,0.0003355000000000001,119970980421.12483,-89358009963.22937,62086.114140196114,2319131523114.9336,4172202401298.033,992.4405620890133,119977053924.15266,-89357013641.38812,62112.83797997176
672,0.00033600000000000004,117072642172.51012,-92984823436.18282,62082.89272984585,2607810593645.624,4142597904666.7764,1006.3410335318525,117077441429.65921,-92985657937.52348,62106.91763049406
673,0.0003365000000000001,114062813798.90164,-96520430766.9602,62105.2143652871,2926788980481.9556,4110973162172.624,1021.3450261591958,114068221516.4694,-96520644949.08075,62084.020017499824
674,0.00033700000000000006,110948032974.84851,-99956988543.76547,62097.31062886936,3279932894976.6484,4077176301143.184,1037.5427856167719,110951972218.86246,-99959088501.8052,62136.97666181052
675,0.00033750000000000007,107727467275.73856,-103295962041.64604,62119.68035090249,3671254502595.882,4041159931357.143,1055.0100182554527,107732170157.53838,-103297136645.13153,62129.04667340586
676,0.0003380000000000001,104408168677.32709,-106529829126.47838,62114.43277421126,4106084558645.437,4002669672920.844,1073.875119510039,104412778937.40268,-106531185551.07086,62083.30633989043
677,0.00033850000000000004,100989075142.0122,-109660093263.64566,62140.39684295607,4590176602225.374,3961632457035.5693,1094.2426577601527,100995158959.47528,-109660095297.90138,62154.50397613941
678,0.00033900000000000005,97477290588.64151,-112679987261.61967,62144.0196584683,5131090197567.547,3917741841547.546,1116.276963521537,97481887290.99095,-112681424567.19627,62179.579890957735
679,0.00033950000000000007,93873431802.57672,-115589333738.08937,62163.57157652234,5737263713380.885,3870877690158.966,1140.122289093088,93879427971.2374,-115589692349.00941,62107.0121092521
680,0.0003400000000000001,90187526702.05109,-118380030752.39943,62134.47769735633,6419405605201.052,3820713030373.8545,1165.9810174318006,90193558664.45792,-118380647559.25845,62084.18866875513
681,0.00034050000000000004,86420994797.7265,-121051919106.6041,62103.341692501446,7189496186887.16,3767138481341.7754,1194.0299262456936,86428721292.64671,-121051562330.63676,61996.479093461545
682,0.00034100000000000005,82574980223.16113,-123604638161.31648,62092.555186012374,8062913758109.271,3709756663422.352,1224.5275742745682,82588474128.04831,-123600745244.64062,61959.13275729629
683,0.00034150000000000006,78661300986.86409,-126030556319.54158,62030.951161196,9059379492712.746,3648096348783.6787,1257.7978326470736,78673637693.53006,-126028065644.84781,61997.164318498704
684,0.0003420000000000001,74675600631.9613,-128333479556.06708,62006.8408227629,10201888395969.4,3581970015286.6235,1294.1332538488662,74690084335.79326,-128330291690.2846,61934.318147177764
685,0.00034250000000000003,70626978807.07764,-130508227210.66704,61965.065079097636,11521533900676.113,3510606120382.4985,1334.0029290764785,70640612276.81343,-130506087500.87,61935.44004561365
686,0.0003430000000000001,66514834691.42241,-132555769603.12033,61946.235001411434,13056910454359.518,3433541548445.1177,1377.8906986315762,66529513624.91895,-132553573491.32014,61872.31260797908
687,0.00034350000000000006,62345656341.55012,-134472998716.27774,61923.29547619868,14859225808607.26,3349904428048.5,1426.4466848535183,62362252306.77478,-134470540747.33969,61838.42269436628
688,0.00034400000000000007,58123307936.76183,-136258542801.11087,61899.97279411569,16995148036382.717,3258876752825.772,1480.42968505457,58142433674.50617,-136255637669.93198,61826.57063341362
689,0.0003445000000000001,53854525533.42743,-137909953529.0233,61861.34705036048,19553816620156.14,3159370900599.531,1540.7973581336516,53872728080.21197,-137908198376.0194,61835.28405399354
690,0.00034500000000000004,49535826930.97898,-139429136394.8735,61858.48783083073,22655721363710.15,3050132041588.506,1608.7411176801838,49552907688.00156,-139428377657.82202,61892.60013626689
691,0.00034550000000000005,45172218082.02561,-140814108071.13657,61870.37982501801,26471849375961.676,2929127099668.864,1685.9305837284624,45189545424.15881,-140813735368.95062,61936.162996919455
692,0.00034600000000000006,40764832002.526634,-142064366300.2452,61906.11880926294,31246158566998.3,2794096747052.2344,1774.5254196529106,40784440542.79928,-142063712894.88803,61950.83679747222
693,0.0003465000000000001,36321341148.88317,-143177356838.5793,61937.8806301258,37337578859686.086,2641960942614.9727,1877.47600608096,36346963402.117516,-143175622179.7778,61896.85794175307
694,0.00034700000000000003,31859640544.702217,-144148728550.35352,61903.444341725095,45285997501675.414,2468922006271.697,1998.808646231192,31880767322.682888,-144148922785.73514,61897.774624724916
695,0.0003475000000000001,27365233083.09988,-144982803324.53156,61914.398157045325,55922089148509.04,2270468321811.3745,2144.0416984347835,27389890612.135033,-144982914304.32993,61932.941046677035
696,0.00034800000000000006,22850345748.028625,-145676797198.1988,61918.96505386885,70608190380115.16,2038589365580.7944,2321.892978550425,22875379772.384422,-145677552895.84503,61942.173106460745
697,0.00034850000000000007,18311493743.345142,-146231391009.3157,61950.375703630074,91648816510130.0,1763593822028.4805,2545.6282157418127,18344107163.396282,-146231753274.5227,61942.876536589974
698,0.000349,13766929711.562866,-146643946905.99612,61946.87852548414,123128398920446.98,1432427288685.9421,2836.509290051354,13796451137.585127,-146645678729.1465,62003.388651129644
699,0.0003495000000000001,9216320436.030382,-146915278774.30905,61937.893046960424,172468656934461.5,1033641489217.461,3228.0137088856736,9236637163.489622,-146918556369.0035,62062.26971198715
700,0.00035000000000000005,4650568908.634917,-147046176157.24585,61968.374969523094,252870728539189.47,574966468629.3363,3768.154984292623,4671421385.853428,-147049837533.97894,62071.97023101359
701,0.00035050000000000006,86420178.45109256,-147035355650.84357,61988.8068872672,382177224715806.2,166819989904.23764,4484.769832029222,106524196.4660716,-147039431159.48157,62082.15166947021
702,0.0003510000000000001,-4455024330.892724,-146883320387.54565,61960.00680501467,547491301060649.7,251045833794.55106,5169.651960974953,-4457361763.567809,-146887392016.2116,62153.42837811699
703,0.0003515000000000001,-8999035635.21953,-146590493345.55362,61963.59582728558,607834948596898.6,1407907519413.1914,5083.909230660282,-9014163562.052475,-146593721174.08524,62177.308402570576
704,0.00035200000000000005,-13482853691.166912,-146160905176.70926,61868.2967236401,464813564795822.9,2784040501357.504,4167.97796974923,-13558382986.581606,-146158749554.01224,62185.78308459356
705,0.00035250000000000006,-18021556441.88632,-145586485071.49124,61941.21650528417,291945203285273.0,3340899797862.219,3439.3673358439546,-18084263225.911278,-145582996102.05508,62155.25491714852
706,0.00035300000000000007,-22530057419.41832,-144872295434.177,61990.15579970141,181207914180257.56,3390871966805.761,3109.1513661363156,-22584972533.985165,-144867718664.37265,62130.79468510179
707,0.00035350000000000003,-27019773342.51868,-144017229459.68802,62058.34079393903,119162845345643.78,3321442313506.737,2957.4789095578126,-27060299229.64102,-144013108071.90222,62188.15219119184
708,0.0003540000000000001,-31475938333.363277,-143023554724.24878,62117.584020833165,84004779335692.42,3286285388215.8677,2821.624942785198,-31505327702.20086,-143020163461.86853,62198.89236917472
709,0.00035450000000000005,-35906783453.45342,-141889680425.30133,62208.94918724331,62843326552524.22,3312880122084.8354,2638.54069340712,-35917316134.46673,-141889604116.7157,62228.86577747547
710,0.00035500000000000006,-40278380784.15954,-140623676875.2418,62206.60832310432,48999748750772.15,3376703139876.2383,2416.637237541143,-40289667110.56521,-140623081681.9203,62209.33522028027
711,0.0003555000000000001,-44613400581.82774,-139220935836.08713,62237.9071716071,39228039204341.016,3444261218607.3276,2194.9419159245294,-44622651908.19989,-139220504923.9382,62319.429717623374
712,0.0003560000000000001,-48890390419.910034,-137687962734.7386,62213.88262295503,31978941754885.21,3500787117824.9575,2003.3668736504694,-48908374175.57916,-137684201376.21478,62259.66286023132
713,0.00035650000000000005,-53128909314.69322,-136018726922.92564,62266.46432906428,26473283258173.79,3546385554228.435,1850.9388400836551,-53142807816.46088,-136015828085.63596,62326.55290423569
714,0.0003570000000000001,-57313046141.99417,-134218251567.67046,62313.74474332789,22227133946393.41,3588315657609.3154,1732.0419878923717,-57321350146.549576,-134217095466.21817,62345.26142077254
715,0.00035750000000000007,-61427566371.781654,-132293206905.86577,62293.97624709979,18902119939898.867,3630920060607.088,1637.3664480080445,-61440116850.219345,-132289810179.21393,62316.14561662967
716,0.0003580000000000001,-65484586609.36344,-130238977948.55313,62321.30609663876,16252717690352.676,3675020298261.6,1559.313810115963,-65494179757.09158,-130236493940.71579,62358.70099696036
717,0.00035850000000000004,-69478679553.01697,-128057670211.40295,62372.25611218353,14097038198779.906,3720329521973.878,1492.7916200444301,-69482978611.13129,-128057480603.22832,62381.377089445436
718,0.00035900000000000005,-73396598563.27007,-125756170360.49593,62378.29599956238,12308553547971.85,3765524172210.045,1434.8894825730977,-73399016305.1808,-125756999668.79823,62378.73874901755
719,0.00035950000000000006,-77238103470.10799,-123335294049.97711,62378.37351790865,10802874775960.174,3809341226471.606,1383.9508113028198,-77238217677.26205,-123337458515.90056,62337.41056201452
720,0.00036,-80992189260.2531,-120802366940.94261,62321.66500069727,9520349827095.27,3851452135171.905,1338.7382912478374,-80997860763.9042,-120800975533.47446,62327.98336630641
721,0.0003605000000000001,-84669894799.96619,-118151036720.18288,62336.73660555863,8418787694894.717,3891545527573.4966,1298.3470676112981,-84672518070.53229,-118151579530.94115,62285.57916062849
722,0.00036100000000000005,-88258243050.82832,-115390028130.86282,62322.83393547969,7463717862309.632,3929999010628.946,1261.9218717239442,-88259896285.5014,-115391272122.61064,62298.225484210154
723,0.00036150000000000006,-91756580254.1258,-112520463263.12556,62312.960878484795,6630369295643.361,3966522993752.6997,1228.9341319739458,-91755089351.39084,-112524273877.39944,62206.70178601238
724,0.00036200000000000007,-95157130754.25656,-109549052464.22351,62266.64625687097,5898997134077.173,4001180750843.62,1198.9311414278,-95156533490.71564,-109552369245.15578,62217.638383658996
725,0.0003625000000000001,-98461971981.2735,-106474926012.16595,62244.01287711289,5254368136425.273,4033914893607.496,1171.57374517903,-98461822796.3941,-106477953663.02284,62220.70676820127
726,0.00036300000000000004,-101664919174.79582,-103304046606.8143,62205.358662574334,4683271030594.017,4064920469258.0938,1146.5289531548349,-101666137239.7336,-103305964175.49957,62176.7322778549
727,0.0003635000000000001,-104766571923.8509,-100036515655.69107,62190.92346662757,4175348458349.133,4094170999329.4272,1123.560958414377,-104766569083.9952,-100039796173.06325,62109.6704270404
728,0.00036400000000000007,-107756736740.05255,-96683332844.79921,62114.17471581165,3721695364115.7285,4121797237728.0825,1102.4438250008284,-107760293643.46753,-96682971824.78036,62121.518802271
729,0.0003645000000000001,-110640608748.75644,-93240222852.76607,62084.004857788124,3315811895549.4414,4147686810486.7046,1083.04011519913,-110645914586.44783,-93237804041.47003,62071.75247592502
730,0.0003650000000000001,-113416544126.93745,-89709116804.27359,62090.16958815662,2951267860361.089,4172090905116.8984,1065.1559919207998,-113420137006.64133,-89708616690.50003,62063.60159026336
731,0.00036550000000000005,-116079109949.62741,-86096756238.62595,62082.58100105613,2622782299724.61,4195059608739.7007,1048.6496647857998,-116082048141.6417,-86097001402.03633,62001.41871810933
732,0.00036600000000000006,-118623969862.15874,-82409613882.44687,62042.664371274856,2326393735307.614,4216550724229.5522,1033.4278492176652,-118627139345.34703,-82409642016.64572,62005.38444531173
733,0.0003665,-121050992090.73567,-78648971850.37054,62011.045941190845,2058871773990.7688,4236580312524.1733,1019.4037238853323,-121053781205.07951,-78649600732.38081,61960.80448582067
734,0.0003670000000000001,-123359599868.58797,-74816236849.86559,62004.57447647914,1817137057614.448,4255254706304.3384,1006.4779440179494,-123361020787.6245,-74819091689.74686,61983.83921768735
735,0.00036750000000000004,-125544424791.14972,-70920510522.58157,61961.98167933825,1598445636555.6914,4272639691431.105,994.5657949151262,-125547746690.75734,-70920275624.75426,61957.40616241047
736,0.00036800000000000005,-127607585090.95865,-66959247275.762184,61960.82857615798,1400784497876.6587,4288696121023.7285,983.6180698890972,-127611302437.38635,-66958117138.08465,62001.12001675377
737,0.00036850000000000007,-129547089388.29036,-62936027603.565956,61980.015874104465,1222043422539.4346,4303544060574.8096,973.5588421348886,-129551963948.18979,-62932294278.15232,62060.39922528635
738,0.0003690000000000001,-131360629177.99205,-58855427561.0362,62001.81401889454,1060529650014.399,4317197139977.4976,964.3363261427744,-131366052653.18718,-58850064731.19266,62030.72284523776
739,0.00036950000000000004,-133049085474.22331,-54715279790.1527,62077.022063166216,914880814526.2054,4329662776530.4937,955.9094752796472,-133052209571.91348,-54714394139.88238,62058.322840452325
740,0.0003700000000000001,-134604399463.61111,-50534004946.74927,62050.48977232451,783752460157.0927,4341009961208.1724,948.2277704041052,-134609034132.62288,-50529200845.24919,62116.3025271289
741,0.00037050000000000006,-136030563445.02377,-46303251391.845,62087.372278237264,666475654346.3989,4351138200027.9717,941.2833413762112,-136034388752.6142,-46299934381.18822,62072.30259507034
742,0.0003710000000000001,-137323838075.18709,-42032817053.94757,62102.12317681941,561922053565.0308,4360187786471.0835,935.0227915033882,-137327113349.18655,-42030639352.29383,62097.644239505855
743,0.0003715000000000001,-138483656449.80667,-37725191242.68602,62121.52518431171,469362213933.4401,4368122016125.1953,929.4275344884879,-138486598084.82104,-37723819762.43343,62128.752374733136
744,0.00037200000000000004,-139508199539.06076,-33387257186.986202,62120.082405942914,388103042603.7159,4374967667444.812,924.473183875157,-139511150278.77402,-33385507126.316902,62115.97530221676
745,0.00037250000000000006,-140397581319.12762,-29019638618.335987,62140.073901285374,317599070898.9376,4380726493849.6943,920.1417030529929,-140399547307.39426,-29022251998.86783,62093.27831651459
746,0.00037300000000000007,-141148963610.38733,-24636310469.536144,62087.73913698275,257306958080.54453,4385428790550.08,916.4112780748069,-141151943296.50195,-24634154002.538654,62143.036842015004
747,0.0003735000000000001,-141764698406.39856,-20228224698.615295,62116.60096880416,206903120616.15155,4389047616277.027,913.2745138500859,-141767705980.1511,-20224966985.611748,62126.93995048775
748,0.00037400000000000004,-142243158857.4159,-15803628950.525185,62145.511963619494,165911801217.39636,4391643142487.2183,910.7076089426303,-142245706634.03122,-15803166849.180994,62122.312463007205
749,0.0003745000000000001,-142583566550.80533,-11369710190.62873,62150.292072794,134077774318.49962,4393190116992.2554,908.7043429822988,-142586027011.75824,-11369634358.103642,62165.60755905958
750,0.00037500000000000006,-142786030787.69193,-6928186892.605977,62166.48158429066,111219201525.75815,4393684080771.35,907.2585330378882,-142788397350.5641,-6929546959.4666815,62125.86764386213
751,0.0003755000000000001,-142850214104.84616,-2487003583.785923,62157.136448068915,97174704273.6394,4393132816036.07,906.3624209761941,-142852546917.17398,-2489152091.2124767,62134.440452917086
752,0.00037600000000000003,-142776426983.11475,1950220911.5927458,62142.910784740816,91850361246.09341,4391529807901.136,906.0125874893051,-142778813686.2444,1948049107.5803392,62124.12990970209
753,0.0003765000000000001,-142565019289.30945,6379313143.711436,62127.546228017745,95189135741.64072,4388874136409.8203,906.2062046408688,-142567382456.02924,6379323831.383178,62130.25725237987
754,0.00037700000000000006,-142216369862.61603,10797576868.376047,62124.673907909506,107189603111.05324,4385159489413.4614,906.9426927383441,-142218715869.54205,10798071191.681465,62123.186554952874
755,0.00037750000000000007,-141730780946.44193,15202295633.781445,62139.661120915174,127916000320.09035,4380374375842.9453,908.2239670247712,-141732957005.5402,15203590920.506193,62166.591072852854
756,0.0003780000000000001,-141108724315.53262,19588815397.02341,62158.60719387358,157504026083.25015,4374502014264.923,910.0546097355823,-141110847988.51562,19589962592.779526,62173.355918013986
757,0.0003785000000000001,-140350524374.45578,23954763949.31629,62194.73660210198,196143445546.6972,4367525955446.996,912.4407739623412,-140353195319.22482,23951917644.654842,62162.937753959115
758,0.00037900000000000005,-139458801716.51385,28284720013.55969,62144.16498924737,244102229379.92847,4359421494574.925,915.3919808860597,-139461650619.01474,28281942552.36272,62090.421757419615
759,0.00037950000000000006,-138433321332.9638,32584259611.14343,62138.660085976626,301555658182.0914,4350205567505.0654,918.9100721303994,-138436493388.3337,32580370308.434284,62108.18659729981
760,0.0003800000000000001,-137276385565.12848,36843698341.94359,62104.85760285921,368926468433.62335,4339819689745.648,923.0133773451172,-137279292960.50592,36841768015.806526,62153.139014042965
761,0.00038050000000000003,-135987964731.53487,41064982893.86061,62109.73967025957,446598350783.80383,4328261736562.917,927.7118065477716,-135990604960.26398,41064148679.614426,62104.49359547124
762,0.0003810000000000001,-134569302876.07404,45243693585.7547,62127.811474508744,535169792512.628,4315471885920.175,933.0278380560441,-134572195436.6237,45242114600.913635,62103.73024612
763,0.00038150000000000006,-133023461260.68495,49370864034.335365,62108.88465488594,635289441887.9658,4301417654011.724,938.9818941250272,-133027132092.70811,49367706421.870026,62068.85676419848
764,0.00038200000000000007,-131353434009.81866,53440030883.77612,62051.461732871525,747555044680.2711,4286095656987.187,945.5886288184092,-131355918194.65346,53440451613.489456,62059.38452473829
765,0.0003825000000000001,-129558445753.3241,57454885431.00696,62042.009877339435,872633078564.8278,4269483418863.7573,952.8670228752409,-129561117185.5043,57454930845.11845,61990.803644988235
766,0.0003830000000000001,-127643099147.59593,61405145779.169655,61996.23257620149,1011607844973.0305,4251471752345.2744,960.8586389045972,-127644856334.76837,61407408999.80534,61982.92469965442
767,0.00038350000000000005,-125605838960.32597,65295361335.712654,62006.83180340195,1165412117424.0696,4232072908647.392,969.5833972949473,-125609609865.48955,65293611127.53304,61941.66278363872
768,0.0003840000000000001,-123453638639.64572,69111911002.07552,61953.49908221345,1335501627991.785,4211149813704.5674,979.0935269226907,-123457452038.57103,69110617701.21942,61921.6876943345
769,0.0003845000000000001,-121186273515.37224,72856911585.1004,61921.298872645086,1522990300659.6416,4188752439822.0303,989.406783467362,-121190217241.91287,72855623133.84428,61875.125144222446
770,0.0003850000000000001,-118806996093.3534,76525481953.3525,61885.178030269395,1729563015547.4802,4164745692839.7285,1000.5787315327632,-118810706070.89105,76524770359.15878,61845.55261196475
771,0.00038550000000000005,-116317300189.7328,80116051162.45114,61863.283429262396,1957053247786.0405,4139072475110.6924,1012.6580546078001,-116319854912.64183,80117170532.54668,61884.53887932353
772,0.00038600000000000006,-113716499874.03828,83629867335.45284,61890.67696721502,2207685953605.2637,4111628694881.7285,1025.7060090000102,-113720076774.4281,83629474860.28032,61888.23538281831
773,0.00038650000000000007,-111011534105.27469,87057108513.14594,61880.10130353695,2484301945129.711,4082251114536.3003,1039.805495378391,-111013897402.6651,87058431242.15773,61886.66467841269
774,0.00038700000000000003,-108202156139.57365,90398771817.37866,61891.18894044755,2789560700674.614,4050951089859.893,1055.006594706199,-108204609041.39232,90399926809.14087,61871.8814811509
775,0.0003875000000000001,-105293568172.84912,93648633595.22679,61882.652468014836,3127001188502.7275,4017536089687.9536,1071.4052218161971,-105295870503.64758,93650010819.53427,61857.1180485304
776,0.00038800000000000005,-102284040126.25337,96809032434.83682,61917.439966313206,3500454044035.5396,3981934377874.7827,1089.084562575509,-102290772347.20132,96805627252.87688,61817.74018571039
777,0.00038850000000000006,-99184417249.40248,99868212720.06462,61885.89449723717,3915051713175.0874,3943883619208.6807,1108.1778422897985,-99192145171.36897,99864192767.86404,61854.77103919655
778,0.0003890000000000001,-95997621850.77118,102824462121.50706,61829.828173992006,4375722093385.8237,3903430799005.133,1128.7610040826635,-95999702435.13185,102826148607.37726,61849.91886485775
779,0.0003895000000000001,-92716572791.5047,105685103377.39009,61864.16953678225,4888639364483.233,3860379486619.035,1150.9616476972233,-92720277200.02293,105685278661.85144,61871.28544422307
780,0.00039000000000000005,-89354680037.8133,108437651661.70567,61842.36327215339,5462850277243.254,3814224567358.353,1175.0116900701596,-89356556128.4005,108439628127.28783,61848.08242721167
781,0.0003905000000000001,-85910718560.6145,111083967152.5091,61836.8237557267,6107348330107.422,3765032702851.782,1201.0379741131053,-85912191337.75537,111086267256.83023,61815.72787846671
782,0.00039100000000000007,-82383292528.27116,113625120208.72511,61879.42053422392,6833865442903.574,3712419183261.802,1229.2656444693553,-82391052206.90073,113622819937.41959,61821.00944611884
783,0.0003915000000000001,-78786697739.59375,116050356840.27905,61854.163618578714,7657584798639.187,3655913755653.669,1259.9912592015903,-78794611371.97812,116048290041.10344,61827.72051374375
784,0.0003920000000000001,-75119840631.74547,118361406012.688,61834.307311585886,8595016492275.526,3595502036524.1343,1293.4308867125455,-75127672424.24481,118359739973.61145,61829.18975753054
785,0.00039250000000000005,-71386421370.73415,120556223099.2153,61816.7063117318,9667869270832.164,3530635869972.5557,1329.9394173380397,-71390578332.8568,120557035523.61421,61864.087655928146
786,0.00039300000000000007,-67585081716.18161,122635825830.4036,61836.9289213391,10903725678056.129,3460802031289.497,1369.9385685319357,-67588259290.61402,122637221430.66086,61873.96645559406
787,0.0003935,-63718364501.5036,124598436137.50171,61883.45123755552,12339014217735.045,3385249026752.611,1413.97697991315,-63725539909.750206,124597681493.50677,61881.331776637846
788,0.0003940000000000001,-59802764156.50735,126435401470.54753,61856.99678338483,14020954933894.807,3303227429760.331,1462.6982665283795,-59806643408.155426,126436480776.75354,61880.441642324324
789,0.00039450000000000005,-55825789275.65827,128153514158.59286,61898.40885553889,16007390904018.664,3214385792739.4775,1516.7238576067361,-55832133262.14123,128153481252.41711,61944.09493579332
790,0.00039500000000000006,-51800715367.90931,129746275627.71013,61916.545530663294,18380468639110.62,3117106070543.7197,1577.112623471881,-51807122632.025566,129746359730.30959,61924.10288716539
791,0.00039550000000000007,-47731501339.11576,131212413205.37605,61921.70266610107,21248912332651.71,3010373028715.5938,1645.0273838136181,-47739918387.02464,131211923102.40161,61863.66078556388
792,0.0003960000000000001,-43632606158.771095,132547126171.07208,61860.38161083731,24762591848821.355,2892643268199.416,1721.9706666943903,-43633402969.36332,132549621338.39066,61889.44035485301
793,0.00039650000000000004,-39481404487.9398,133758873081.74019,61906.6451741724,29128268357899.164,2762363970939.825,1809.7808659946866,-39489633103.76749,133759042728.74734,61854.21167246786
794,0.0003970000000000001,-35297907752.14525,134840476355.59734,61930.65083410856,34660017208065.652,2615690650332.4478,1911.4633555665746,-35312655208.80526,134839144896.76268,61917.11140361477
795,0.00039750000000000007,-31094798876.84455,135789030966.68724,61899.39010172625,41821082092407.05,2449528259781.3535,2030.7743069955836,-31103562579.8529,135789602779.96365,61906.967625433295
796,0.0003980000000000001,-26858378799.550556,136608573469.1652,61918.510055211504,51316660040131.26,2259772931063.7173,2172.829630600478,-26874745451.182564,136607892116.80733,61799.475672516506
797,0.0003985000000000001,-22607760578.497295,137294860047.24564,61901.57702923394,64288230260605.11,2039171366984.1638,2345.632573419738,-22629557509.34663,137293856908.74155,61781.86791513756
798,0.00039900000000000005,-18342855169.66816,137848695771.0199,61880.30435980889,82626770131237.28,1779539014762.1768,2560.9962610497055,-18367483710.506702,137848093373.68655,61754.06452170033
799,0.00039950000000000006,-14059103931.035809,138270971291.21863,61889.97321451429,109614702132781.47,1469570946295.0645,2837.5354342125415,-14096201527.356207,138269793270.182,61715.46724862679
800,0.0004000000000000001,-9770216289.243933,138559967877.47354,61884.333518125866,151160975975660.6,1096742564993.1962,3205.079867831916,-9817518322.885128,138559231915.8495,61703.45611262621
801,0.0004005000000000001,-5478398275.194929,138716004229.0488,61875.40363140684,217811181151966.88,661482196063.009,3707.541437434415,-5537425146.795436,138716321398.80557,61646.606354736876
802,0.00040100000000000004,-1181586428.7637389,138739416598.76666,61883.81860415874,325454638779490.25,232047447155.40372,4384.531118862238,-1261421096.410941,138741332166.9441,61566.29291800069
803,0.0004015000000000001,3107718287.1206264,138629914522.84958,61880.111162378234,476684877557635.3,121623998678.05435,5129.036462293908,3009357452.9282084,138634681875.45166,61608.83124485037
804,0.00040200000000000007,7367279384.108036,138388858274.74747,61824.91871032717,580272304665174.4,953876757596.1027,5337.970954792024,7274768892.829678,138396613470.1718,61625.8289742885
805,0.0004025000000000001,11583387301.327759,138019309331.06384,61710.956943588826,494049514787256.25,2399094963461.12,4562.011772020404,11528514916.187494,138027417857.05176,61633.22995296754
806,0.00040300000000000004,15783953041.255907,137521508968.9696,61618.12002346257,324321895179290.75,3197656110209.403,3699.3608502234565,15765069587.12294,137527838062.33032,61551.949743006
807,0.0004035000000000001,19961096827.498257,136896576725.18083,61527.92359633478,201426196137170.06,3351740786021.14,3258.9324517454866,19978565858.152615,136898787606.8793,61568.08278971966
808,0.00040400000000000006,24147060509.688354,136139797042.94879,61524.070355068674,130624393110968.44,3294179466174.7017,3073.5163765966477,24166748182.45118,136141090207.07442,61540.80707622331
809,0.0004045000000000001,28311858358.021793,135253937893.01172,61539.65944640824,90629540987458.72,3238046388513.453,2949.252604561659,28326959915.269753,135255468487.69641,61551.472750025925
810,0.0004050000000000001,32436983666.99657,134242599186.43388,61525.83521896105,66985497522612.05,3241401769336.376,2790.6725442101647,32458584487.859417,134242209396.53188,61573.943438210794
811,0.0004055000000000001,36531925161.94107,133104292721.75743,61534.94528184213,51911425181088.77,3292894022506.539,2582.857292837039,36553476623.006165,133103165653.93584,61550.45924684013
812,0.00040600000000000006,40593375393.81128,131839542911.81598,61568.25559377894,41463606133062.28,3360885800055.3735,2356.5209070225096,40607999693.596725,131839727599.4642,61522.34279012382
813,0.00040650000000000007,44609206472.93288,130451752185.58951,61581.67305658322,33752442763474.406,3422472798469.2954,2148.032252973154,44617213300.371796,130453737633.30942,61474.643215234275
814,0.0004070000000000001,48570104789.80216,128944639866.71432,61550.356403835445,27874274702512.324,3471785629429.7065,1976.005424228009,48577674036.19197,128946663637.23329,61470.18401981809
815,0.00040750000000000004,52476158669.505554,127319192200.80685,61504.67240162548,23330523591997.43,3513349153038.178,1840.9251539351849,52488672196.8554,127319165597.81215,61477.773375441226
816,0.0004080000000000001,56341347165.37532,125570013691.17352,61548.26009886599,19779899258440.65,3553337432249.008,1734.6545708333151,56344777489.93757,125573546629.20729,61489.42430095019
817,0.00040850000000000006,60129375882.51468,123712586859.28009,61461.66069400496,16959551658689.773,3595412025713.347,1648.188399709437,60142733041.860504,123711581905.2046,61473.81262436121
818,0.0004090000000000001,63867940233.57354,121735406795.94856,61477.29716299451,14682854040340.842,3638538796348.372,1575.559320387813,63879927497.96323,121734622309.01627,61514.064158188325
819,0.0004095000000000001,67543740968.16192,119644360665.36928,61499.84814323093,12807376293114.262,3682533438910.4873,1512.776068134829,67554019568.16878,119644088394.7594,61495.37242491533
820,0.0004100000000000001,71144995975.11377,117446208786.01283,61469.4284314158,11235554915645.4,3725991416325.4043,1457.6491355059675,71159200694.54063,117443313735.83197,61485.41851954448
821,0.00041050000000000006,74680684099.91307,115136327567.09267,61491.99825999946,9901783790395.596,3767884690006.2935,1408.8691137734027,74692866593.4843,115134145971.98994,61514.73428947117
822,0.00041100000000000007,78138925227.74947,112721986820.13069,61484.67013980169,8756911284869.847,3808297878256.998,1365.294275098405,78152363015.24246,112718492852.15637,61491.45148933148
823,0.0004115000000000001,81526089841.80443,110199175094.16055,61533.50464437159,7766261557115.686,3846892298309.5703,1326.135671045148,81534091451.62238,110199045509.2817,61463.52122366767
824,0.0004120000000000001,84825578733.05128,107579642241.82599,61507.82885736666,6901998857723.367,3883879503146.4297,1290.6773490710762,84834574773.45763,107578469850.96051,61502.2209985784
825,0.00041250000000000005,88045408153.49506,104858087270.64648,61530.18748004702,6144653090173.361,3918882225223.096,1258.495902844986,88051303206.68028,104859102321.9415,61514.170905040344
826,0.00041300000000000006,91175786287.34712,102042374640.48268,61521.10512610671,5476904843768.42,3952228601650.6567,1229.1192824768884,91180824172.821,102043990756.83429,61474.55154703854
827,0.0004135000000000001,94216264023.43236,99133499220.45012,61515.309969657814,4885717494309.575,3983783786073.553,1202.245347895245,94221237112.9507,99135009399.79063,61537.857384152456
828,0.00041400000000000003,97167452983.56454,96131021754.76306,61544.82789677574,4360071143343.0576,4013649089366.2935,1177.593773646233,97169882715.63748,96134830577.80858,61530.07370263633
829,0.0004145000000000001,100017740910.05281,93046499531.98926,61504.02775621941,3890520041531.448,4041956981123.544,1154.9101218688836,100022274441.07123,93048216636.39435,61490.91501098633
830,0.00041500000000000006,102770569960.23236,89877475456.96509,61485.320873578516,3470378983026.2197,4068531367089.3125,1134.055862801206,102775817232.71722,89878487105.36346,61426.40629229056
831,0.00041550000000000007,105421973046.94518,86628696660.80724,61461.66884938979,3093185961414.8955,4093591597239.1665,1114.8348657670072,105428027982.82204,86628631256.54271,61484.20510008951
832,0.0004160000000000001,107971317292.06383,83301416319.81726,61454.900749835055,2753699762948.6533,4117157225988.076,1097.1045181922402,107978681814.02463,83299465696.90619,61500.521385968335
833,0.0004165000000000001,110417649627.19301,79896946890.80878,61474.38787272777,2447378397876.372,4139303800693.1895,1080.7343800275953,110425253234.71274,79894291488.76515,61479.85796085592
834,0.00041700000000000005,112756335955.63249,76421535657.38608,61477.61937932404,2170365782503.2415,4160092373753.7827,1065.610537837649,112763894919.5542,76418464541.82037,61471.484929034596
835,0.0004175000000000001,114987668782.54785,72875100359.13089,61505.37339706682,1919707678518.1423,4179499862942.1245,1051.6538421822136,114994021803.82774,72873408379.34479,61522.584980522224
836,0.0004180000000000001,117105913190.76306,69266530340.95293,61493.15087034694,1692637920752.826,4197619876739.181,1038.7712257036735,117111684486.37936,69265557458.94812,61431.42698600718
837,0.0004185000000000001,119108467534.49605,65601274160.553955,61445.47189531907,1487118879999.9395,4214409427326.7354,1026.9081490997826,119114899717.32964,65599091778.20967,61446.617278518555
838,0.0004190000000000001,120997307318.724,61876972056.800125,61436.53067263589,1301312930326.0945,4229904363667.3706,1016.0057438743398,121003756496.87302,61874455259.77783,61418.883525159705
839,0.00041950000000000006,122772046944.33205,58094198230.73062,61471.87522427767,1133252658018.9856,4244223366780.0557,1005.9878399251245,122776007079.20998,58096394057.144005,61415.78377166952
840,0.00042000000000000007,124426186764.99951,54266242928.38091,61439.832685044006,981265808939.2036,4257401148951.562,996.7986062071783,124430432565.24051,54267978575.91278,61467.16185802647
841,0.00042050000000000003,125961194940.09715,50391494186.50801,61425.815756827506,844365237822.057,4269353267049.466,988.4199012393814,125966929738.63525,50389579895.45449,61481.41508665302
842,0.0004210000000000001,127378206869.95377,46467216892.696556,61476.56851887272,721358569739.88,4280178467304.946,980.8001281333177,127383665395.60605,46465367495.41804,61561.17566463977
843,0.00042150000000000005,128672816311.06606,42504186275.98628,61492.959649034645,611085404345.3851,4289939331771.9033,973.8915241554624,128678729113.83905,42500489250.01747,61529.97141390499
844,0.00042200000000000007,129844862089.23586,38503625678.38865,61516.66275555692,512858779880.1675,4298577149370.3022,967.6794462182322,129850091982.01004,38501648257.854805,61486.61945580297
845,0.0004225000000000001,130892399840.88763,34472126854.1452,61519.15615873643,425961647615.80566,4306133608920.6167,962.1344421619536,130896504830.24799,34473961279.41302,61477.07648707487
846,0.0004230000000000001,131814008438.55269,30416308096.590317,61488.65019814825,349824850807.6993,4312609275468.3228,957.2360356627573,131818486441.21251,30416955864.653202,61488.717637176684
847,0.00042350000000000005,132609754604.78014,26338182417.043755,61460.3913112228,283955673631.7544,4318011090533.1997,952.9664620569707,132614520155.78877,26337747844.021698,61416.97104082028
848,0.0004240000000000001,133280121638.622,22236600554.860714,61476.53652597014,227856009930.99475,4322367864722.268,949.3048126740258,133284313308.70981,22238994697.898636,61468.95820552946
849,0.00042450000000000007,133823307459.6451,18121684890.23722,61458.023830611324,181066178536.6613,4325702305968.521,946.2318834626035,133827633634.61508,18123347760.752277,61422.483531417216
850,0.0004250000000000001,134239453329.50694,13995772011.151676,61438.36166458363,143321458213.83936,4327990989533.581,943.7410062459983,134243924000.67079,13996803550.144138,61445.40733098942
851,0.0004255000000000001,134528628866.75526,9860690961.161419,61436.069377208994,114360581493.75256,4329249715289.9375,941.8201157327964,134533310044.20682,9858670770.135279,61486.18377877647
852,0.00042600000000000005,134690933907.52187,5715086074.796451,61486.12982769284,93970543907.81612,4329484517030.707,940.4594994895572,134695453725.96878,5712520413.04139,61544.799044333515
853,0.00042650000000000007,134725694799.16765,1564816198.2484298,61541.72226578649,82003821080.46362,4328693638956.755,939.6527656731522,134730036703.6904,1564145413.2955875,61555.03288072436
854,0.0004270000000000001,134632654756.13347,-2583217071.169795,61574.24361441038,78410684270.13785,4326860897527.8135,939.3987642914515,134636915772.10736,-2583149545.665655,61607.523534263564
855,0.0004275000000000001,134412129149.09251,-6720531389.193166,61558.031866839265,83182684851.33443,4323978880924.868,939.69673402733,134416346909.14404,-6721621821.102536,61527.10932368392
856,0.00042800000000000005,134064476358.82823,-10849109097.921091,61571.55065211917,96325176227.00587,4320046895475.8013,940.5457742726351,134068860924.00565,-10847810070.982985,61561.9854538306
857,0.00042850000000000006,133590442756.26953,-14959512089.9853,61550.22787378066,117910228335.31926,4315052701467.632,941.9485381823516,133594544867.9268,-14961577650.084642,61566.97956810663
858,0.0004290000000000001,132989838186.47461,-19056735531.318295,61590.2651950145,148034328829.22458,4308990654296.085,943.9078080056969,132994366556.00009,-19055174541.73209,61572.78559763766
859,0.0004295000000000001,132264133821.49648,-23128256311.42259,61582.142931140515,186931957433.83548,4301826091733.6147,946.4338402205086,132268777350.54112,-23126709260.316578,61594.71369740411
860,0.00043000000000000004,131413972797.79675,-27172994304.289093,61577.03761825724,234792337527.3811,4293562549423.0273,949.530732813356,131418294861.87273,-27173179505.37292,61600.703812931264
861,0.0004305000000000001,130440011772.12155,-31188533204.214165,61585.260328834265,291905242221.01843,4284173154294.823,953.2092930088343,130443912078.52939,-31190522290.41571,61581.6041060756
862,0.00043100000000000007,129342791613.72015,-35172646757.076035,61612.9357966933,358650127387.4758,4273627353636.476,957.4837930103607,129347303713.92522,-35172191883.39904,61589.555179969815
863,0.0004315000000000001,128124540201.57417,-39116915732.23562,61608.36746599131,435500463619.9576,4261889775978.804,962.3715673485201,128128674540.82031,-39118060724.09377,61631.49557267151
864,0.0004320000000000001,126785509386.84099,-43021604023.72518,61624.571643254305,522893736156.79846,4248956519760.0645,967.884492891502,126789655217.79874,-43022652451.04487,61635.26415264966
865,0.0004325000000000001,125327171692.29124,-46882209073.49689,61642.789784462206,621467378597.929,4234768683772.7886,974.0474304161667,125331681524.76738,-46881994684.254036,61624.00669125246
866,0.00043300000000000006,123753229157.0464,-50689181233.64727,61608.95933061553,731919030433.8528,4219293081161.295,980.8835755346428,123757090090.76958,-50690876597.9889,61622.58601838643
867,0.0004335000000000001,122062083406.13493,-54447864476.849945,61631.41152106042,854869493581.7297,4202536925496.3433,988.4073997050967,122067099234.07408,-54446823066.59178,61601.30126505017
868,0.0004340000000000001,120258337904.30205,-58147426594.52593,61613.211325637174,991410490640.5747,4184374984041.4634,996.6644431930299,120263771197.07315,-58145814788.36542,61592.37983623359
869,0.00043450000000000004,118342246935.15605,-61788393522.80597,61612.406458945006,1142440424665.6536,4164827664477.486,1005.6745830388666,118347313236.67064,-61787732233.66239,61629.73022263739
870,0.0004350000000000001,116315874396.20609,-65366949270.68337,61615.680970132504,1309212955506.9766,4143799551786.911,1015.4811459480113,116321048086.78064,-65366120024.81155,61581.53070093215
871,0.00043550000000000007,114181155423.51398,-68879876142.13017,61621.96537011117,1493122416037.5698,4121232038180.198,1026.1266825826608,114187935211.20676,-68876589873.29488,61613.00803698311
872,0.0004360000000000001,111941026298.56552,-72322543440.91779,61616.81934158327,1695763908116.623,4097057402943.976,1037.6581803796653,111947449247.17953,-72320180435.78526,61616.303853304
873,0.00043650000000000004,109597978174.03098,-75691586263.01926,61604.27964452187,1918889130112.6763,4071219700950.1396,1050.1235908948388,109603849370.563,-75690353875.78323,61621.9572526232
874,0.00043700000000000005,107151546276.27776,-78988052962.1687,61628.26444158734,2164536962123.1248,4043638661220.899,1063.5799178028726,107156064746.46184,-78988815901.212,61705.53895688293
875,0.0004375000000000001,104606818384.52243,-82204770889.0257,61630.37120232486,2435381064142.323,4014151853528.9844,1078.1104702972398,104609141330.10378,-82208348995.69264,61696.9658834065
876,0.00043800000000000013,101961542153.14908,-85344897178.46469,61682.97232894826,2734121136704.8896,3982731080884.734,1093.7762832511453,101964887624.57065,-85347046941.77493,61684.45288842798
877,0.0004385000000000001,99223421364.98358,-88398619435.90948,61692.95209475107,3064468311585.8335,3949142498810.9263,1110.6888217899107,99228024128.70709,-88399489169.7674,61685.51477915919
878,0.0004390000000000001,96393249445.91643,-91365561981.08754,61706.52327449337,3429996526304.282,3913397683881.36,1128.9170600797606,96399474812.62498,-91364817650.48337,61711.78583004533
879,0.00043950000000000006,93476417362.31497,-94240184612.57483,61692.92053996582,3835272142680.7505,3875301399105.2896,1148.5758944409542,93481138592.60507,-94241225465.68275,61737.16735432519
880,0.00044000000000000007,90472369893.86722,-97023551926.2862,61703.81638623946,4285409361278.1797,3834755288974.954,1169.7751267506235,90477748431.91003,-97023997173.59778,61678.23091481204
881,0.00044050000000000014,87385691957.74516,-99711314665.12921,61708.77981792457,4787082594850.301,3791479880168.0503,1192.6775727778108,87392448070.55704,-99710607506.30785,61668.61040413893
882,0.0004410000000000001,84219182206.10736,-102301240260.48053,61713.13814853656,5347975632984.026,3745317631587.4087,1217.4401085445272,84228369745.82112,-102298690195.14023,61706.91517734367
883,0.0004415000000000001,80975264806.90924,-104791491553.39378,61723.28539162318,5977362411183.219,3696036517227.321,1244.2485423845142,80984830363.42793,-104788970170.89131,61719.632820261184
884,0.00044200000000000006,77662230262.16753,-107175839169.05565,61690.88701432537,6686604081206.27,3643349077067.9585,1273.3263341805327,77669141158.86299,-107175646685.92761,61701.22519323889
885,0.0004425000000000001,74274683917.57896,-109458866125.24617,61712.311622730864,7488707058206.322,3587111959631.2446,1304.885251571184,74283151801.89728,-109457757757.42056,61705.07540992389
886,0.00044300000000000003,70821836126.12094,-111633944845.94606,61710.96923790535,8401509500299.175,3526695999775.527,1339.2851028517323,70830922948.3279,-111632738106.66986,61699.50556580772
887,0.00044350000000000005,67305272713.06098,-113700454624.50262,61712.428849762415,9445956098431.852,3461870700546.203,1376.851238166091,67315554339.31422,-113698872979.55038,61708.89294065768
888,0.0004440000000000001,63732693039.3532,-115654063123.50162,61683.20129017892,10648728599937.781,3392121800886.43,1418.0042567956673,63739267851.42241,-115654974829.30154,61706.317820447584
889,0.0004445000000000001,60100926424.16569,-117497097159.80997,61686.91133898641,12042832470283.977,3317027477107.743,1463.2084337926754,60108823746.683754,-117497509125.15768,61677.21220357706
890,0.0004450000000000001,56418630868.43601,-119225030511.81079,61671.953459621494,13672698534023.918,3235672618511.14,1513.131938521366,56424403140.762634,-119226723045.8486,61667.7974809786
891,0.0004455000000000001,52677474583.961266,-120842075258.70601,61726.425952068785,15595113489113.824,3147405917558.8213,1568.5040913009504,52687131581.847786,-120842048187.2161,61776.52944998471
892,0.00044600000000000005,48895158184.37599,-122339792073.29213,61727.306012982954,17889253549003.895,3050767209810.5264,1630.3999108037024,48901634841.96817,-122341297392.0556,61797.39835796075
893,0.00044650000000000007,45065661758.16549,-123721182623.60135,61758.08014295305,20657347230562.875,2945030219594.783,1699.9197021320153,45073185863.11846,-123722435003.44473,61800.42894057677
894,0.00044700000000000013,41192483781.42392,-124984580150.81215,61806.0666489509,24043502928791.0,2828310784606.072,1778.6704106896907,41203935585.12885,-124984591354.74495,61850.29270607887
895,0.0004475000000000001,37291118114.64087,-126124689149.09471,61797.55685407244,28251990893381.574,2698485648180.015,1868.7641811460815,37298459029.14123,-126126296760.25856,61839.13047551616
896,0.0004480000000000001,33355790251.129368,-127143985610.74796,61807.50346049948,33572083866813.727,2553512107258.3145,1972.7997697505666,33363044214.45647,-127145779327.21312,61794.06055757622
897,0.00044850000000000006,29395686660.94795,-128039997086.42844,61800.82498426178,40438509325385.6,2389637497238.604,2094.5967713654454,29403077518.075336,-128042032616.6493,61776.45488142607
898,0.00044900000000000007,25405143014.734673,-128814313731.87727,61829.765704439575,49516734539768.836,2202458831671.89,2239.4748394546014,25422818956.216114,-128814421850.37117,61698.403389078376
899,0.00044950000000000003,21396136744.167313,-129464142472.71281,61842.97732702048,61874651631899.74,1985293473249.4287,2415.442871660854,21423049933.62566,-129463189473.17314,61771.78911551555
900,0.00045000000000000015,17381732868.77309,-129987752891.26508,61807.22259751072,79275876161133.42,1730085027113.5364,2634.3866443331167,17404385659.935993,-129988382375.40906,61775.04649856065
901,0.0004505000000000001,13352921576.713982,-130387368857.37561,61792.80536864135,104741403307724.0,1426938674938.4878,2914.506629530279,13373125623.309896,-130388974934.33919,61808.17973407993
902,0.0004510000000000001,9307535800.110699,-130663035046.17719,61814.39227367534,143650839207352.03,1064418023542.8225,3284.8107943024374,9330032766.562117,-130665038371.659,61862.03398707225
903,0.0004515000000000001,5256845951.02891,-130813377342.91289,61833.235399101075,205527401610946.75,642532792042.2102,3788.086753761005,5278709374.578173,-130816019060.78694,61954.52602299149
904,0.0004520000000000001,1208576243.9190733,-130838192597.70673,61837.83579319232,304629986182878.9,225299197556.5966,4462.737509330228,1225674660.3792834,-130841497286.16205,61885.65498575282
905,0.00045250000000000005,-2834461536.686983,-130737880368.79265,61836.340503729916,444204180985272.6,100337913769.92873,5211.106179870678,-2821693381.2905583,-130741645435.99742,61901.14682831735
906,0.00045300000000000006,-6868623340.028281,-130512831187.11609,61831.200732326506,547007211444535.0,857038596457.2379,5466.519688368741,-6862434862.497674,-130516697557.66606,61905.68806892159
907,0.0004535000000000001,-10852986287.88802,-130166148440.64854,61736.80248886288,478445467460536.75,2271947854006.0215,4730.808586448989,-10890210678.22494,-130167115848.81631,61854.44713222512
908,0.0004540000000000001,-14868813227.092758,-129693404737.36217,61764.27403755363,320115359555149.75,3119860488936.577,3833.445806887839,-14900847122.821623,-129693637157.2089,61813.021703162696
909,0.0004545000000000001,-18859881439.155735,-129097665597.95346,61774.557239758855,199797735695252.03,3312049170584.8843,3350.8566946866085,-18890478101.97583,-129097059994.46964,61808.89594656195
910,0.00045500000000000006,-22827321448.74407,-128379412355.31175,61781.57744580594,129181075879050.84,3265620332875.582,3146.566633749461,-22857724731.050472,-128377875229.13362,61815.83583638404
911,0.00045550000000000007,-26772122172.57133,-127538658790.77797,61799.72530839485,89100548485611.25,3204413181613.5117,3022.7378773195583,-26797123018.225605,-127537144183.80469,61776.30562343778
912,0.000456,-30686240602.10557,-126576939746.53862,61815.00136728923,65486103593871.8,3197788256295.2173,2873.6478830359883,-30705971083.023285,-126575795363.225,61792.16871300252
913,0.00045650000000000015,-34560135817.533226,-125496860100.3221,61801.98245644077,50572468353260.81,3242192751446.526,2673.8532573295374,-34582729211.65964,-125494344252.29077,61808.30289313287
914,0.0004570000000000001,-38396413404.78867,-124298446045.2086,61790.40902612601,40354117738734.945,3307717657505.6416,2448.4347226745704,-38423733838.740105,-124293786973.56693,61873.871331313
915,0.0004575000000000001,-42207975950.91042,-122977648645.44513,61862.741486998355,32867956308027.785,3369798396209.728,2234.326193634787,-42227881163.9158,-122974367170.19946,61923.048382412846
916,0.0004580000000000001,-45975583425.0257,-121539674999.88553,61920.76138105364,27160553664658.38,3420788067622.846,2053.5227405083183,-45987472757.61048,-121538562951.64215,61887.5370436309
917,0.0004585000000000001,-49687756004.010376,-119989075525.23726,61923.31336888275,22730237716339.11,3463200105166.148,1909.8743015911916,-49694427832.812836,-119989758652.11916,61831.38953232992
918,0.00045900000000000004,-53342924450.99702,-118327453841.61037,61894.91898618997,19255796321035.348,3502520887499.625,1796.945756766269,-53349628401.296295,-118328027618.93338,61800.48736582469
919,0.00045950000000000006,-56942397714.23177,-116554912839.6155,61872.59456760782,16497303291381.715,3542572076983.419,1705.9889057298176,-56946839416.367744,-116556458242.17477,61796.9149826324
920,0.0004600000000000001,-60478993153.56969,-114675256402.9704,61829.61260297873,14270278238837.814,3584384805835.3867,1630.0331752170518,-60487613223.98777,-114674655355.50928,61853.73865205604
921,0.0004605000000000001,-63952670873.885254,-112689154720.44058,61793.64501066715,12439872624141.105,3626981458360.406,1564.7610913246249,-63968241286.70684,-112684472226.75975,61852.81975709635
922,0.0004610000000000001,-67369919301.285736,-110593051331.23976,61831.759079112584,10909673088355.889,3669287898923.3154,1507.63400326682,-67383551051.57454,-110588894210.53275,61812.279456342505
923,0.00046150000000000005,-70717713326.78723,-108394097017.11436,61847.5468579631,9610293889095.596,3710787490853.8228,1456.9904492764208,-70730266228.96915,-108390091473.54492,61891.07720594569
924,0.00046200000000000006,-73991505712.62413,-106095634488.79836,61837.49013405186,8494961204796.133,3750720071447.104,1411.8030526532295,-74007061198.63826,-106089115467.76295,61863.51388455244
925,0.0004625,-77198293735.45619,-103693130032.19429,61892.55391224249,7530029032516.66,3788858024443.621,1371.2559550480657,-77207678545.79617,-103690407980.72641,61817.41780511338
926,0.00046300000000000014,-80320416657.44753,-101199098464.4024,61865.572964052735,6688243915901.818,3825477206825.3906,1334.5728268729927,-80328515265.12933,-101197092143.30228,61819.53584631119
927,0.0004635000000000001,-83364551451.73564,-98609360095.45604,61871.06475342865,5950725335310.447,3860149088269.105,1301.30589926539,-83368545588.33344,-98610463559.52963,61773.59925287454
928,0.0004640000000000001,-86322436231.55066,-95930821092.91544,61846.19243149995,5300811395392.507,3893159021603.2153,1270.9718469079137,-86325850477.94466,-95932424385.34811,61865.69231052058
929,0.00046450000000000007,-89192387818.71388,-93165718373.56569,61811.71516805287,4725694965083.417,3924409499468.3286,1243.2425666724182,-89199547353.44388,-93163833076.9985,61871.25322216411
930,0.0004650000000000001,-91978523109.76994,-90310524110.47412,61839.4600659858,4214684531100.4985,3953965648374.7046,1217.8312173758525,-91987117654.63933,-90306777470.31209,61929.24619005014
931,0.00046550000000000004,-94674107267.22612,-87371492273.78459,61861.47055875217,3758187108729.6895,3982044753876.195,1194.449346239064,-94682933317.41599,-87367048559.68451,61877.59694773266
932,0.0004660000000000001,-97276732268.56088,-84351331780.27417,61881.80562653822,3349055673142.289,4008552611942.141,1172.9194871640657,-97283345649.39806,-84348861006.39272,61834.23640512283
933,0.0004665000000000001,-99782867492.96155,-81254223512.56908,61888.553869531745,2981427344788.056,4033522400161.654,1153.0791081783186,-99786873576.79256,-81254594013.84512,61830.39188283942
934,0.0004670000000000001,-102188522155.63812,-78085471298.90488,61866.28180045035,2650476423141.2344,4056983434480.384,1134.7862749158796,-102192346658.21255,-78086019076.35449,61847.28172853506
935,0.0004675000000000001,-104492164611.18073,-74847875180.61699,61834.075823435305,2352194802861.6626,4078954190850.5674,1117.9218726922743,-104495225274.40106,-74849432843.4955,61719.115269464615
936,0.00046800000000000005,-106693134075.66586,-71543011333.86612,61813.70339746841,2082985771054.8381,4099508386013.289,1102.369802124835,-106694708321.89473,-71546921483.84604,61809.370792508016
937,0.00046850000000000006,-108787726695.13254,-68176826194.925896,61773.52110820351,1839623209673.2783,4118722249200.604,1088.02323391408,-108791950328.6648,-68176855914.23541,61789.74087319489
938,0.000469,-110777841943.39943,-64747093165.04504,61777.57404869414,1619550591091.8193,4136588499462.1313,1074.807138773146,-110782626502.70639,-64745894865.22854,61813.37616437603
939,0.00046950000000000014,-112659166739.9422,-61260991986.90551,61765.82081675286,1420260716249.3591,4153223516586.632,1062.6280880583447,-112664573258.17476,-61258569929.44504,61748.62597904016
940,0.0004700000000000001,-114432550712.09013,-57717490023.62596,61788.36636234437,1239929023970.337,4168591438911.1416,1051.4326033864902,-114437029677.70935,-57716425413.68827,61805.39786332569
941,0.0004705000000000001,-116096080703.80295,-54119936798.28936,61826.83889049103,1076778481764.4093,4182773051925.21,1041.1519750333862,-116099383607.55426,-54121023149.38575,61826.432809425925
942,0.00047100000000000006,-117644752217.96283,-50478918780.19636,61806.51184800654,929372037219.2443,4195779699134.7295,1031.7355251821018,-117649314444.27391,-50477268813.74707,61875.445805357755
943,0.0004715000000000001,-119080388458.67242,-46791557225.10833,61818.670924013524,796728411102.5104,4207561819216.0923,1023.1568783412007,-119085829714.67201,-46787298251.23455,61849.26742069602
944,0.00047200000000000003,-120401627063.26627,-43060975790.77393,61849.20662234714,677646290454.3225,4218222298552.168,1015.3606296346449,-120406212726.78603,-43058490857.904106,61821.703800411036
945,0.0004725000000000001,-121606032113.98035,-39293703754.97817,61861.07264618804,571141017245.235,4227772754992.1763,1008.3101143466907,-121609350483.04231,-39294574372.11073,61801.387170862334
946,0.0004730000000000001,-122691246880.9584,-35497886056.909966,61824.039545602085,476474279921.04,4236198654117.5854,1001.9821781856581,-122694574507.01212,-35498898537.58749,61776.699648948386
947,0.00047350000000000007,-123658795629.06093,-31670270478.800285,61827.79630517975,393053148199.3194,4243497466901.706,996.3562277619492,-123661107427.62883,-31675228439.115364,61768.01954535482
948,0.0004740000000000001,-124505157198.24098,-27824749855.832672,61758.52184215253,320153662364.37775,4249738461938.374,991.396488556042,-124508628148.44966,-27825812586.230484,61747.1155403287
949,0.00047450000000000004,-125233021045.30327,-23953022113.503353,61764.53330806156,257371546937.5317,4254875878638.0537,987.0940125647674,-125236559497.27126,-23953667466.470016,61791.77452442819
950,0.00047500000000000005,-125840245132.56586,-20065043310.762688,61748.20612269869,204112814131.25067,4258986145955.865,983.4172185853538,-125844074232.27644,-20063856846.704613,61780.65658550721
951,0.0004755000000000001,-126327845375.12079,-16156073209.881857,61797.14394399218,160051257379.31482,4262036747169.88,980.3571170365979,-126331234371.97961,-16156996083.040062,61802.44684984381
952,0.00047600000000000013,-126693791403.45921,-12238961799.138636,61793.918897146425,124833363125.40694,4264056466627.854,977.8960326709224,-126697242012.21817,-12238974462.250732,61820.72424483363
953,0.0004765000000000001,-126938918656.005,-8308663100.566942,61845.553859618514,98298437169.24033,4265014515027.663,976.0303451492606,-126942154769.1243,-8310066973.910334,61850.66976077034
954,0.0004770000000000001,-127061955229.20251,-4379800175.655402,61825.21503460674,80243024458.40074,4264933159057.168,974.7481215406582,-127065332995.68713,-4378958808.70117,61846.44025949134
955,0.00047750000000000006,-127063552235.25949,-451322191.2794038,61815.81948444513,70584048709.88849,4263791456065.9126,974.0476402839682,-127066890835.15215,-449729163.565914,61824.98814779548
956,0.00047800000000000007,-126943869872.72592,3470229961.9763927,61786.57322193136,69228408494.40558,4261599293850.179,973.9231659151307,-126947164071.78673,3474429192.296794,61759.46666133395
957,0.00047850000000000003,-126703164765.02156,7387931226.49029,61808.80692459734,76139865969.94586,4258351057853.8574,974.3728023350855,-126706468431.68288,7389320428.624181,61845.80540674805
958,0.0004790000000000001,-126341448961.60605,11297123533.433348,61845.58317967211,91357748069.1711,4254033637695.654,975.3979999080839,-126344848899.4833,11296584601.987463,61827.728213459166
959,0.0004795000000000001,-125859506305.47922,15188287882.137154,61837.49444061165,114990477691.14012,4248629363883.271,977.0030277514455,-125862892932.72884,15188218266.633736,61818.90250854828
960,0.00048000000000000007,-125257721797.06528,19061569393.914192,61843.73127215004,147148289884.69244,4242135682774.7114,979.1903679795929,-125261190867.68085,19061056429.76312,61855.61845749858
961,0.0004805000000000001,-124537053171.2366,22911097502.848923,61836.818179794995,188028176417.43268,4234530295157.313,981.967879976242,-124540309759.8064,22912187584.010727,61819.732763985434
962,0.00048100000000000004,-123698413729.55519,26733370583.545364,61825.31423676488,237859610720.6797,4225800348717.2837,985.3435215694573,-123701945689.6686,26733326103.913322,61756.685340326745
963,0.00048150000000000005,-122743459601.15787,30522069512.478397,61787.28970515916,296937604086.8168,4215925237995.3496,989.3280792105965,-122746697505.45453,30523793178.06306,61778.58692516655
964,0.0004820000000000001,-121672317862.38548,34278572345.52962,61781.70549900349,365577378210.21124,4204894884525.7803,993.9314859667584,-121676123660.1906,34278494660.22537,61727.225770859695
965,0.00048250000000000013,-120487156419.18118,37995383290.8614,61754.779255956586,444274375253.92017,4192656754622.1406,999.1747003407968,-120491581904.87991,37993791367.21752,61661.7043043592
966,0.0004830000000000001,-119190114339.07983,41667246773.49434,61701.53832422338,533494932304.35986,4179204580568.912,1005.0714260063874,-119195041054.03328,41664762212.26131,61608.991264636694
967,0.0004835000000000001,-117782654607.93172,45291803147.72409,61645.228090495846,633752461533.3727,4164520605256.9697,1011.6375504149362,-117787269806.34698,45290653272.403175,61628.62289433953
968,0.00048400000000000006,-116263422350.25923,48873635534.40634,61660.53794329452,745703701141.0684,4148561293256.7905,1018.8969709742756,-116269523411.255,48869041870.08164,61614.51315868407
969,0.00048450000000000007,-114638313373.06586,52398218383.40531,61604.92991787323,870365782175.1438,4131216981939.061,1026.8932630523075,-114642700767.82884,52398169740.68473,61637.19794839657
970,0.00048500000000000013,-112906000194.22191,55870325338.94131,61590.72041567209,1008404286234.4203,4112551795654.645,1035.6343109823385,-112908990887.47801,55873235146.16748,61652.08540503574
971,0.00048550000000000015,-111065646125.05296,59291444089.75318,61640.9387551036,1160992230783.3157,4092435259482.3438,1045.1684260426346,-111069318874.47917,59292918880.18744,61645.98243579323
972,0.0004860000000000001,-109121743757.5207,62652219275.458786,61664.0449923497,1329625316375.7075,4070751477882.5767,1055.5533429176937,-109125768387.87756,62652993112.99351,61662.0858745031
973,0.0004865000000000001,-107076694861.58887,65948849374.70393,61668.022353881315,1515597708099.7527,4047518469416.804,1066.8187404281193,-107081093453.71349,65949218163.96392,61663.23193257727
974,0.0004870000000000001,-104932069791.23874,69179221956.98526,61672.05098749174,1720401686807.8354,4022677599740.4814,1079.0084873684114,-104936716005.45163,69179298162.52867,61672.89932709835
975,0.0004875000000000001,-102690127110.74185,72340144255.5775,61674.25672344876,1945876648237.7188,3996131688066.679,1092.1824884848652,-102695919824.70511,72338713104.86334,61598.309138540404
976,0.00048800000000000004,-100355686638.0032,75425138087.55472,61639.6897782955,2194158533779.989,3967796682551.9443,1106.4045192637634,-100361847473.64163,75423591149.88393,61598.22282057794
977,0.0004885000000000001,-97928446005.57149,78435473810.84814,61627.27437666624,2467474789542.3076,3937644534837.2847,1121.7283606930148,-97934678080.47005,78434144697.78006,61602.20428064413
978,0.0004890000000000001,-95408722649.0657,81370806806.43558,61651.09418792658,2768831222473.9434,3905494423045.0537,1138.2477470535644,-95415978441.05681,81368443217.72704,61674.05365711662
979,0.0004895000000000001,-92801663211.20358,84224840193.79868,61656.89119338878,3101910331180.0347,3871174484275.4727,1156.070910994143,-92810054398.17415,84221494599.90475,61623.48757863557
980,0.0004900000000000001,-90113873303.70787,86990769220.52454,61608.35658625015,3470552319462.895,3834640005821.63,1175.2832754719968,-90119723313.5554,86990608816.42729,61617.7225374832
981,0.0004905,-87342681347.51923,89672360974.43925,61597.06669907658,3878819663313.595,3795861115516.86,1195.9650761024168,-87347304252.5193,89673526775.69174,61608.455488583735
982,0.000491,-84491565955.10646,92266187366.11627,61594.7610425734,4332460864593.91,3754508484206.672,1218.2804117497903,-84496808458.34724,92266942093.9374,61561.06068632387
983,0.0004915000000000002,-81567364351.0828,94766224480.97049,61555.707909004515,4838151052125.341,3710415347279.822,1242.3852663610478,-81570816658.09227,94768760709.33769,61531.25994023818
984,0.0004920000000000001,-78567027441.01292,97175801538.88846,61558.61363845196,5403226811999.021,3663510941501.087,1268.4165797479923,-78572905024.6515,97176412276.52216,61529.34339162046
985,0.0004925000000000001,-75498745395.92511,99488187945.72429,61531.9273146293,6037570932614.804,3613377783826.3706,1296.6108784319695,-75502092327.69347,99491012162.36923,61561.058676091234
986,0.0004930000000000001,-72355399564.13293,101709227552.39076,61582.52953659774,6752221867443.796,3559906301831.4194,1327.168066623586,-72362359693.33157,101709368570.24788,61550.71358126002
987,0.0004935000000000001,-69148298021.14684,103830125107.90488,61597.935931685795,7562514552711.168,3502469172341.9907,1360.4364640296426,-69158439991.724,103828275159.03723,61561.36162240446
988,0.0004940000000000001,-65882208064.55665,105848145257.20865,61581.95558307735,8485567225447.494,3440970849759.424,1396.6901086503801,-65892666348.10428,105846528136.4717,61568.979703756326
989,0.0004945,-62561931588.33695,107760922282.07019,61537.68786662396,9542316721040.592,3375088813439.8545,1436.263028642385,-62568181759.47381,107762230353.68243,61565.88311311425
990,0.0004950000000000001,-59183919132.125374,109571143562.05272,61531.737530284,10759019599111.4,3304385498881.613,1479.572907342901,-59187044654.425575,109574331662.16519,61549.83992587979
991,0.0004955000000000001,-55746115830.11548,111279648682.95007,61584.802122999856,12171147306145.787,3228016169251.912,1527.225945632799,-55754660456.14443,111280047408.69409,61595.12138837546
992,0.0004960000000000001,-52262081667.35873,112879033556.158,61595.64209565941,13826160125202.898,3145033336810.932,1579.9868254042042,-52272498937.024155,112878774800.28793,61573.59615097855
993,0.0004965000000000001,-48739246531.82949,114366455405.5177,61556.074992500384,15783043715497.402,3054992728805.171,1638.5979250942817,-48744230643.297585,114368945011.60344,61631.97713385528
994,0.000497,-45167159048.53028,115747093542.91481,61579.567605718315,18118429006583.676,2957124319859.671,1703.9677907073528,-45170436420.74749,115750289442.66026,61680.85096486197
995,0.0004975,-41551987136.398834,117017901493.3134,61620.679792491435,20941435760003.004,2849551523446.931,1777.5333743021658,-41556059222.13833,117020762883.88214,61703.17846398815
996,0.0004980000000000002,-37898614069.77997,118176854908.54512,61662.75779953509,24403206826569.855,2730620250735.9595,1861.0583481224503,-37905353023.45782,118178788836.52097,61701.740486683004
997,0.0004985000000000001,-34215054818.677837,119221319998.41066,61679.2302639731,28717031565471.184,2598320489057.1167,1956.792786136963,-34222027540.241127,119223346452.9458,61684.42156308808
998,0.0004990000000000001,-30502845956.442287,120151180010.55789,61691.39197919727,34189796800621.113,2450195053325.083,2067.6821345412923,-30512052041.29334,120152798728.41393,61671.50344580831
999,0.0004995,-26758534340.757694,120967332105.13333,61736.96305737327,41280613626560.5,2282635982635.4897,2197.8833632375095,-26775448051.989204,120967358882.64511,61748.88234933231
1000,0.0005000000000000001,-22990168133.7293,121667465423.71732,61780.42396216142,50704610088551.375,2090417051085.711,2353.515150770394,-23016226130.162884,121666108017.75584,61699.72533769384
1001,0.0005005000000000001,-19218773061.413628,122247744224.22304,61741.965206105895,63605996960909.484,1867154119701.4175,2543.4475867014003,-19242407801.32037,122247711052.85841,61670.80472986418
1002,0.0005010000000000001,-15425230426.152729,122712476285.0376,61751.526601031146,81866046998111.9,1605497535725.8228,2780.6110157004955,-15456754470.717377,122712123621.40755,61634.16263371498
1003,0.0005015000000000001,-11622631785.452438,123059471659.10977,61752.846499479034,108750245649042.12,1294137686463.7642,3085.8191425068662,-11661264459.851444,123059447154.40535,61650.53907027256
1004,0.0005020000000000001,-7809707121.717904,123289063491.78316,61767.448096281725,150024228307240.06,924437287127.3324,3491.0303484347646,-7856975466.036126,123289621060.14722,61679.90989485222
1005,0.0005025000000000001,-3999448978.2968698,123400341072.95346,61757.62807461551,215570344731570.34,506217437195.87885,4040.0125505058704,-4050156243.916412,123402259590.86128,61643.881428490095
1006,0.0005030000000000001,-182978989.7086171,123394188417.55247,61773.34603613089,318275363191362.44,136098351944.06631,4755.312625495038,-244994274.64863735,123397538087.96909,61616.573594165806
1007,0.0005035,3619827077.7503476,123270263907.46336,61757.99410974343,450957051591569.56,169170358675.36148,5459.689369846135,3552940186.430555,123275688478.65747,61620.23094720202
1008,0.000504,7391023688.856753,123030390177.49771,61684.63131562321,518763588716453.06,1128566765551.2092,5495.912877330654,7345858911.175804,123036935588.57072,61654.812513959245
1009,0.0005045000000000002,11127988970.062706,122677068440.75749,61571.23591323107,425094444930321.25,2469366484170.356,4631.034470919063,11128184618.473703,122681571688.52458,61660.85307579865
1010,0.0005050000000000001,14893980944.765827,122205757693.23546,61580.00557050084,279424989316416.84,3144329284756.443,3797.566831452757,14895213971.108042,122210158882.90213,61637.31189813932
1011,0.0005055000000000001,18626557340.53235,121621023721.85136,61551.218493580636,176218430980247.34,3265370979769.9546,3378.042062759784,18643717074.557148,121623127291.30086,61670.70009840306
1012,0.000506,22342854528.41823,120921504740.09009,61539.12994938546,115900583316627.75,3207632016842.844,3197.964547518724,22372309369.778374,120920949168.1628,61646.251296113005
1013,0.0005065000000000001,26047386290.875767,120105866275.29103,61571.30283355777,81243743746767.19,3152577498677.921,3077.2748058967245,26072009386.714073,120105282845.15726,61618.97438435955
1014,0.0005070000000000001,29721918316.0697,119177067768.86673,61597.99116050125,60487494748971.19,3152901939877.563,2924.460656133561,29739380240.250126,119177382992.74785,61537.0631874678
1015,0.0005075000000000001,33353764828.617336,118138644916.06824,61576.88935025416,47153276590011.56,3199986153547.2236,2721.6500299393297,33371336587.381546,118138430228.35655,61508.54392191371
1016,0.0005080000000000001,36948784615.39679,116990035111.52328,61554.408471906485,37881358465094.75,3264625879697.595,2495.849890869161,36965576011.16874,116989607515.87956,61459.00286918546
1017,0.0005085000000000001,40505880365.951706,115731818760.9623,61543.101970626936,31013352206345.824,3324738429595.9624,2282.634421390281,40518584507.22839,115732336696.97253,61455.058616412316
1018,0.0005090000000000001,44011801620.65983,114368812612.56555,61486.40502227083,25740777355792.703,3373470180537.5312,2102.7483114095457,44031356305.85728,114366506040.27205,61495.152217176954
1019,0.0005095000000000001,47482700609.07565,112895619392.52368,61506.66644378079,21628709066199.28,3413733967209.532,1959.540539102798,47497410276.09249,112894685189.88647,61432.694565087404
1020,0.00051,50909664874.41811,111315020688.641,61551.47910509712,18383419730303.113,3451887504161.568,1846.2915684125114,50912485819.423225,111318887081.56236,61443.55163466097
1021,0.0005105000000000001,54265950415.53841,109639242955.34402,61463.346698840556,15787784814324.375,3491221309897.196,1754.5241574157437,54274468917.23888,109640519300.7716,61382.6542119715
1022,0.0005110000000000002,57573386408.23465,107859438291.11177,61444.9941735682,13683943139896.35,3531534824562.3057,1677.8902469347777,57578519224.25597,107862353826.18039,61346.40538829054
1023,0.0005115000000000001,60819666593.65806,105981734609.44981,61411.060708956036,11948178960943.99,3572926252762.5015,1611.9252346076698,60824287298.44951,105984923829.14935,61324.35967011006
1024,0.0005120000000000001,64001144516.58845,104008799311.71698,61360.65720445885,10493118367200.932,3614106948735.4004,1554.105320887121,64008296773.126595,104010534692.0772,61330.09879356315
1025,0.0005125,67123697252.804054,101937514531.26051,61366.389906585115,9257201090807.352,3654208920197.22,1502.8976800256537,67128569608.01252,101940600550.28278,61309.64539844115
1026,0.0005130000000000001,70178300609.26143,99773429500.09428,61360.39794406958,8194730713772.497,3693097545982.9785,1457.1220045279874,70183343203.88235,99776268025.6191,61353.806764237466
1027,0.0005135000000000001,73158139893.53876,97521775116.77547,61312.17053149431,7273464062652.007,3730393849794.27,1415.9631159154146,73168198423.3716,97520945203.1047,61334.849190933644
1028,0.0005140000000000001,76068588791.69193,95179320873.74774,61306.70427332869,6469783102947.527,3765894611517.393,1378.7960750802945,76080955138.47514,95176354143.48561,61313.734574829956
1029,0.0005145000000000001,78907534704.97818,92747482061.73877,61334.00311205648,5763877093113.114,3799851503856.236,1345.01073656862,78917813123.95497,92745689907.04842,61328.538187414386
1030,0.000515,81667716858.58221,90232178921.79941,61337.81325413376,5140045494721.145,3832279135075.7246,1314.1472578166993,81677333130.74834,90230596978.07814,61338.47836290778
1031,0.0005155000000000001,84347908308.44801,87634916810.88676,61339.82107008716,4586518803020.025,3863023261675.6133,1285.899135392918,84357145419.37112,87633335272.9979,61348.86940042411
1032,0.0005160000000000001,86946900422.99483,84957029301.00798,61353.77690941004,4093506827172.1436,3892147804540.62,1259.9819081742705,86954579490.36964,84956631399.43927,61314.88851079046
1033,0.0005165,89461539284.48767,82201729192.678,61366.81968348089,3652728743756.8735,3919737016643.1855,1236.1420260902034,89466435309.77727,82203905485.3859,61315.86097261615
1034,0.0005170000000000001,91888022107.37892,79373319456.30641,61361.936560097056,3257418114216.468,3945806006014.0137,1214.1801312592265,91892117721.46214,79376380801.64047,61318.60578403346
1035,0.0005175000000000002,94222942656.31436,76476250343.50745,61330.73924245852,2902078874965.438,3970355085348.276,1193.9366243767922,94228717428.29686,76477441592.56184,61356.56786151244
1036,0.0005180000000000001,96466411062.70367,73511112888.06853,61310.27864258096,2582128540422.724,3993407965122.0327,1175.2724294825205,96474322086.81935,73509414930.90997,61316.29675236563
1037,0.0005185000000000001,98618912269.25746,70477469293.0495,61329.05146918692,2293377226150.4424,4015074187652.9204,1158.043436710373,98625202648.64853,70477646463.39494,61303.24826346746
1038,0.000519,100673583205.7364,67384725255.787964,61301.56660648418,2032093436679.0625,4035445642266.9194,1142.119440547873,100680594958.89081,67383712133.38441,61304.38296132189
1039,0.0005195000000000001,102631538443.08583,64232185357.54357,61288.951324600865,1795683517976.3914,4054424307357.7153,1127.434458494756,102639269498.47379,64229831615.11407,61301.38008388702
1040,0.0005200000000000002,104492808100.07935,61019923189.00711,61312.711048369514,1581576568429.6353,4072124058796.726,1113.8902205573886,104499364850.04248,61019138282.25707,61308.52321044576
1041,0.0005205000000000001,106253813870.49385,57753713114.305626,61326.97267484832,1387454394924.784,4088617822354.4985,1101.3968141175612,106260042829.04164,57753315322.474655,61319.01454688974
1042,0.0005210000000000001,107912029511.54208,54438526927.908875,61318.694639776084,1211575659343.6704,4103875694244.0874,1089.8996881039748,107918919107.90404,54436683612.95701,61331.3763102267
1043,0.0005215,109468707424.09006,51072436039.31921,61348.795741690534,1052487540404.7452,4117905284115.835,1079.348610702106,109474204484.65605,51073104926.85112,61340.453157358876
1044,0.0005220000000000001,110919495886.7718,47664361729.732185,61342.03807084972,908671174502.341,4130799571561.5273,1069.6762973571895,110925336472.4172,47664113242.77412,61362.283477201214
1045,0.0005225000000000001,112266459753.40176,44210243257.79208,61387.315120616644,779087081882.0128,4142510608888.5474,1060.8516461142463,112270063412.72989,44215178239.1514,61306.485526455
1046,0.000523,113503783038.60367,40724143615.4901,61354.87408134772,662536649169.1814,4153133405487.9424,1052.8190172912234,113507226643.17787,40729847115.558426,61346.7777611555
1047,0.0005235000000000001,114631581718.74156,37208001527.6748,61300.177927680175,558368758813.3302,4162584495142.1606,1045.5652534621686,114637461978.57098,37207118493.28493,61374.18187483396
1048,0.0005240000000000002,115652291462.09406,33655719216.23498,61323.74821427294,465812909254.6725,4170920858541.77,1039.0550263785346,115658795330.76271,33652298289.581303,61398.1777480203
1049,0.0005245000000000001,116564300039.6036,30071274654.5594,61377.13088371356,383964548579.2736,4178230662396.2236,1033.241291740549,116570237516.70692,30069003628.877426,61426.69148096459
1050,0.0005250000000000001,117366123374.78969,26459187304.18824,61433.180663503925,312214804135.57275,4184490762556.1733,1028.103680619711,117371466278.29344,26458296700.99005,61458.0874815909
1051,0.0005255,118055505561.41273,22829037702.105602,61433.40266451783,250123920968.1685,4189688650454.778,1023.6270827893181,118060977222.19609,22827229501.773067,61442.79952217516
1052,0.0005260000000000001,118633011119.16634,19180017951.48569,61447.3134080484,197393204751.7406,4193807370319.411,1019.800847684214,118638055475.277,19180287852.643982,61371.41879012528
1053,0.0005265000000000002,119097383923.9402,15520229369.494392,61424.90547479554,153641945600.87836,4196885548943.8438,1016.6036204992695,119102207916.34958,15522282969.987535,61372.040376407356
1054,0.0005270000000000001,119448439846.81407,11854925297.174837,61369.892728198545,118605268180.21707,4198912442780.7134,1014.0255315494029,119453705023.79227,11854102612.266806,61404.456558823156
1055,0.0005275000000000001,119687527890.4316,8175101689.737904,61414.11033764062,92042845203.66129,4199895585967.3604,1012.0562123322673,119692485814.15086,8177044699.234977,61387.460518022075
1056,0.000528,119813095085.45303,4496293164.98047,61393.10826008589,73695743096.17392,4199861944586.0225,1010.6807836624266,119818101388.33655,4498805031.583214,61346.77945877684
1057,0.0005285000000000001,119825693428.97702,819459936.5864635,61365.507984921285,63485237125.760735,4198777597389.4424,1009.899461486985,119830811258.19576,821642755.9177942,61362.5101023202
1058,0.0005290000000000001,119725613066.27855,-2854263346.9923644,61356.13963644087,61324195571.50875,4196651764556.606,1009.7064567085894,119730752647.56993,-2854644694.6648974,61384.91639774587
1059,0.0005295000000000001,119513076167.34651,-6520139821.856486,61343.29111795558,67175816513.979034,4193481243101.0527,1010.0986815423332,119517995561.09001,-6524430429.442201,61401.38432974922
1060,0.0005300000000000001,119188063125.657,-10181134789.765278,61387.44753755651,81058536029.20746,4189256293380.249,1011.0764033623252,119193058517.0701,-10182329700.696905,61347.666852783215
1061,0.0005305000000000002,118751146772.08194,-13826761685.960293,61393.132183390255,103078814762.95076,4183955592568.072,1012.6443658688397,118756425870.78748,-13825592975.400368,61384.05043100271
1062,0.0005310000000000001,118203117572.19627,-17453098174.210434,61376.61615780117,133347927282.7805,4177574357847.962,1014.8055988220822,118208314081.59978,-17453320393.943054,61395.21491882378
1063,0.0005315000000000001,117544448647.47755,-21059148236.78185,61371.910761638836,172011546045.7211,4170103791000.988,1017.5647837640622,117549069761.65726,-21062749264.341988,61431.267357542885
1064,0.000532,116774786351.70778,-24647016354.28197,61423.340936001754,219301400357.06433,4161519619963.387,1020.9318333142664,116779408446.18913,-24649883075.67966,61490.22109261883
1065,0.0005325000000000001,115895645488.89244,-28207691858.364803,61448.72629699534,275591432824.6801,4151775469259.949,1024.9243614895736,115899921805.09692,-28211472681.66681,61501.04134787199
1066,0.0005330000000000002,114906657267.26796,-31742997974.806534,61510.491907087155,341204948982.3404,4140870884124.9473,1029.55189283194,114911806727.27628,-31742930334.023525,61461.91921393146
1067,0.0005335000000000001,113811407059.54662,-35239000969.37644,61490.25584305248,416638732559.96204,4128750233166.883,1034.8367668766002,113816512005.18239,-35239267339.00593,61456.783289364415
1068,0.0005340000000000001,112610343751.77838,-38696489282.72117,61469.38191976184,502209025703.477,4115448447113.151,1040.7836281948712,112615638986.43997,-38696658205.94817,61433.894958386816
1069,0.0005345,111303724180.08382,-42115373685.74338,61477.680775706256,598463424280.2336,4100907526436.0034,1047.416467735109,111309997861.53366,-42113031831.18638,61437.238254414144
1070,0.0005350000000000001,109895660190.30066,-45484900222.75594,61427.44255080947,706141376348.2195,4085062183444.8325,1054.7673021705973,109901098336.72456,-45485136998.69828,61425.77997735883
1071,0.0005355000000000001,108383761050.64255,-48812416624.37607,61449.24502006504,825819008213.9445,4067942079500.7793,1062.8478923823545,108390051225.6405,-48810687441.65719,61396.159554614766
1072,0.0005360000000000001,106772139639.84787,-52088062369.99708,61440.48550953086,958596838097.6118,4049402196638.5337,1071.7098807967598,106779037273.60228,-52085413157.35478,61442.040199282754
1073,0.0005365000000000001,105062468912.47456,-55309237342.17618,61420.78406641807,1105372605597.6355,4029462937043.41,1081.3762314772937,105067500222.45789,-55310507161.83551,61515.074805912045
1074,0.0005370000000000002,103253010948.79564,-58479690095.934,61462.00588353744,1267224184335.553,4008071477569.5425,1091.8824188857946,103258046524.82738,-58480792553.6905,61482.02140218864
1075,0.0005375000000000001,101348269825.38731,-61590726787.12398,61476.93156666042,1445736099916.983,3985075724015.126,1103.2950044448703,101353244591.20392,-61592039242.06208,61491.810240138395
1076,0.0005380000000000001,99349277573.24976,-64641019391.2741,61494.6857990278,1642318554164.553,3960488293878.4053,1115.6500647127991,99354627776.53232,-64641738716.98864,61491.96145407092
1077,0.0005385,97257474877.20451,-67628376758.62752,61520.82988795098,1858721475793.367,3934215837513.689,1129.0049307664635,97263497669.48436,-67628171013.80712,61539.31810318474
1078,0.0005390000000000001,95076334215.78967,-70547769813.81541,61528.465112322614,2097016839010.461,3906159004400.5464,1143.4278676639367,95081583849.60994,-70548820875.52719,61559.23700654903
1079,0.0005395000000000002,92806292001.27303,-73398901127.67686,61551.88673079822,2359433962157.851,3876266812021.5933,1158.9811209842162,92810948718.82152,-73400734250.67773,61595.83884455108
1080,0.0005400000000000001,90449773623.95247,-76178568877.99063,61578.312454276835,2648799867356.655,3844390325480.57,1175.7545933812714,90454680058.48273,-76180142209.68306,61597.7340800249
1081,0.0005405000000000001,88008685228.59775,-78884457944.69194,61609.95552372489,2968342508262.9507,3810422794723.695,1193.8402920760134,88014999460.39224,-78884460155.65704,61627.691607374945
1082,0.0005410000000000001,85485314040.1555,-81513910509.41364,61643.792794125846,3321858043757.561,3774231496517.8823,1213.343186686184,85493204598.94879,-81512358445.94173,61679.31483854213
1083,0.0005415000000000001,82887224666.13257,-84059053141.36897,61618.82523026561,3713789617778.5723,3735674424506.421,1234.38119983315,82890772331.98157,-84062121217.38243,61698.09897077215
1084,0.0005420000000000001,80208841395.76495,-86526111641.61113,61657.64995352492,4148724365193.013,3694746423969.6313,1257.0460387445075,80214535780.15666,-86527015127.19751,61628.33033078715
1085,0.0005425000000000001,77458216427.73853,-88907056342.59232,61667.196809704445,4633448935235.962,3651015822868.982,1281.5444510900827,77466214659.98952,-88906037478.97018,61620.52246553002
1086,0.0005430000000000001,74638572502.78825,-91199483355.47562,61657.38904768385,5175135137708.08,3604441180368.135,1308.0251862684936,74648490819.36761,-91197214316.53264,61588.85572966575
1087,0.0005435000000000001,71752755680.67448,-93401498494.5572,61637.87317611249,5782365902694.759,3554831587384.585,1336.669020159878,71762952731.27823,-93399423003.09335,61606.82092170917
1088,0.0005440000000000001,68803690866.54767,-95511261849.88252,61613.28682214638,6465651449595.112,3501921573621.68,1367.7019366961613,68813248969.17525,-95510098271.30472,61556.614940413354
1089,0.0005445000000000001,65792696585.75362,-97528179527.50847,61600.84370080586,7237932602158.437,3445410577701.149,1401.3914739287432,65803237682.421684,-97526672123.12436,61563.3018950025
1090,0.000545,62723835578.57813,-99449671965.6234,61585.04914536186,8115524814328.727,3384899631344.678,1438.0680358158183,62734468713.834045,-99448480452.18385,61547.58209508235
1091,0.0005455000000000002,59599935550.856125,-101274254576.1138,61569.18204270425,9118483042865.475,3320029496709.9326,1478.0984172277015,59610016997.41683,-101273786718.3516,61573.72853478192
1092,0.0005460000000000002,56423806468.99884,-103000535900.76476,61555.35088885604,10272020446803.854,3250337178425.711,1521.9233113673788,56430177300.87983,-103002427507.14946,61618.12775682325
1093,0.0005465000000000001,53197360314.39032,-104627675477.03877,61551.727845989466,11608249390592.574,3175262432921.533,1570.0785125137343,53198881184.63777,-104632249403.06973,61661.60825702398
1094,0.0005470000000000001,49914061865.184074,-106158901805.05,61624.45131250335,13168836421118.412,3094097480673.7593,1623.230107561442,49921142211.17035,-106160604792.1785,61564.02739728485
1095,0.0005475000000000001,46592056894.460945,-107584861514.3579,61631.87063364317,15011033174990.953,3005619631686.3247,1682.322304519198,46603150577.89403,-107584931945.93074,61576.245833737616
1096,0.0005480000000000001,43230589673.04074,-108906596990.376,61629.782092906404,17206043597137.35,2909431505380.865,1748.2426412530792,43244049519.42353,-108906060733.44563,61556.449625273955
1097,0.0005485,39831841254.36656,-110123488908.61845,61629.21769983885,19850573246573.06,2804279980151.1226,1822.224557867392,39849347410.16728,-110121876498.91208,61555.685619062584
1098,0.0005490000000000001,36397345690.76787,-111235089038.88066,61640.28443953185,23078489924811.754,2688558138426.4414,1905.9178953585545,36421007437.84381,-111231974875.52505,61566.098150549406
1099,0.0005495000000000001,32934613369.856995,-112238951786.47238,61633.03741288424,27079394088371.55,2560213626274.0977,2001.5205550101584,32959102523.627716,-112236357257.2213,61624.61413753614
1100,0.0005500000000000001,29442835561.459454,-113135655654.5205,61638.387542112614,32124729678411.855,2416941340976.4795,2111.876252466194,29467752512.64173,-113133655327.91132,61635.59667282035
1101,0.0005505000000000001,25930783034.880787,-113922955954.22633,61622.10801059977,38618621259692.5,2255310697837.738,2240.985984126034,25952223250.161133,-113922568242.37628,61652.677688755604
1102,0.0005510000000000001,22391586379.33672,-114602785547.11555,61644.93884664018,47175001940133.73,2071242311664.349,2394.374768580936,22416059078.33598,-114602426748.31218,61669.10224500483
1103,0.0005515,18838329572.420757,-115172198710.70323,61644.98721700376,58772214408491.75,1858417871315.3245,2580.3555535320024,18860165397.77722,-115173083317.44743,61682.63467894372
1104,0.0005520000000000002,15268104875.976484,-115632045718.30414,61659.337986267135,75008334227642.31,1609569593453.4539,2811.124994689805,15290874090.175087,-115633377958.48862,61682.46336661122
1105,0.0005525000000000001,11687048878.356865,-115981383613.6612,61671.01864695733,98605824575831.16,1315030048648.457,3105.591052261794,11710328982.387901,-115983312000.3131,61674.757742121015
1106,0.0005530000000000001,8095936578.107234,-116220203873.1651,61691.355259746015,134314333371467.28,966106537914.8162,3492.763224252165,8121244697.205255,-116222577129.8291,61744.37565794357
1107,0.0005535000000000001,4503458430.590292,-116347817246.3052,61697.70462266512,190290026118946.88,567095302579.4545,4013.5118779589475,4526595086.997971,-116350967001.97684,61756.922021285754
1108,0.0005540000000000001,907422493.319136,-116364617280.65259,61714.36138899524,278108050117001.1,185067240141.92352,4699.624688298756,928602766.7595417,-116368343838.75505,61857.42322236868
1109,0.0005545000000000001,-2679464636.2266254,-116270430734.2022,61708.771452728746,398905926131580.75,89564392556.5144,5444.396943423901,-2668450191.7819266,-116274575991.65883,61814.87136406609
1110,0.0005550000000000002,-6243583642.756374,-116066459691.2976,61660.35898687188,488491237800374.5,802362714621.928,5703.543431643033,-6255755187.771131,-116069894516.64447,61795.29814736971
1111,0.0005555000000000001,-9792964624.433895,-115753704961.29427,61610.00729089297,435899365494046.9,2137898994626.9497,4992.321091597786,-9832120375.620283,-115754720833.84795,61798.05554143854
1112,0.0005560000000000001,-13343436552.795351,-115331107690.22562,61604.03155800203,299549022646185.56,2995757912567.498,4065.0136907564442,-13394082886.738598,-115329635863.84634,61743.94393804092
1113,0.0005565000000000001,-16896501180.446135,-114797202870.26224,61647.04904923413,190082203688005.28,3220690611454.1665,3534.9857758887156,-16937606923.764914,-114795295481.71356,61736.97569884146
1114,0.0005570000000000001,-20440448253.672688,-114152137628.8606,61717.75803342776,123696347069710.0,3189399751431.2207,3305.1178324992625,-20460469509.77599,-114152205189.52896,61736.26245963565
1115,0.0005575,-23932006486.92196,-113403280002.20631,61695.47240485945,85322244578658.88,3125858332366.9077,3179.444978386011,-23959929609.868496,-113401229288.14719,61705.39482443249
1116,0.000558,-27399235459.622906,-112547241077.22636,61683.00185413947,62574827666482.11,3106233386847.854,3043.5743994219865,-27430868992.09563,-112543502588.234,61739.74531030542
1117,0.0005585000000000002,-30855865994.187637,-111580344145.95294,61756.28332198346,48271992699549.2,3137937902344.002,2858.3425358682653,-30873188739.23857,-111579176298.23177,61721.171641492
1118,0.0005590000000000001,-34268386389.23475,-110510398730.85933,61766.42623168677,38549542794456.59,3198387026268.198,2637.1288360540384,-34283049043.869247,-110509447352.70781,61761.01808804439
1119,0.0005595000000000001,-37650547293.21565,-109334172941.18652,61807.48643318301,31460756025388.027,3260891467172.1147,2415.2296974230226,-37657378225.455696,-109335291864.89648,61780.8297462842
1120,0.0005600000000000001,-40983370174.12478,-108057907195.8249,61785.32826181697,26050129646808.457,3313500724157.9326,2219.9366934947448,-40993209242.86597,-108057799485.94984,61802.309278367895
1121,0.0005605000000000001,-44277316132.636215,-106678626885.02866,61792.9953317976,21832206445047.78,3355715194740.461,2061.1382110137947,-44285359846.483955,-106678822797.52219,61767.77770055323
1122,0.0005610000000000001,-47522363643.13053,-105200292852.19017,61780.63497682015,18505313934476.684,3393254378301.3066,1935.4302216354733,-47530953269.856224,-105199995700.4772,61763.350192174796
1123,0.0005615000000000002,-50717604143.84613,-103623766330.8671,61766.887713258664,15853070758946.832,3430439368531.8057,1834.7980320481688,-50727436539.31189,-103622570481.03206,61747.5013749754
1124,0.0005620000000000001,-53863994811.672134,-101948749456.66406,61779.2948879301,13708877794650.402,3469165463445.237,1751.7042358098558,-53871300202.11881,-101948628110.2827,61759.124885878125
1125,0.0005625000000000001,-56951545783.29366,-100180412209.07097,61759.85575263361,11945889946694.293,3509357183001.3345,1680.8470211630083,-56961797976.78366,-100178490062.80417,61797.67422781807
1126,0.0005630000000000001,-59979788254.0252,-98319630511.96307,61735.48809428104,10473423644824.3,3549731394571.6504,1619.1207857241275,-59995919097.63501,-98313808415.78085,61839.611278100536
1127,0.0005635000000000001,-62958952480.74216,-96360257813.3637,61811.352009878196,9226395607888.857,3589416381770.473,1564.6283904587353,-62970335169.38863,-96356691246.27296,61823.67336135631
1128,0.000564,-65868565059.95161,-94314583773.5901,61810.848430252016,8155830039519.186,3628290377049.6157,1515.9618102169457,-65880790557.4736,-94309992346.36961,61824.8140487785
1129,0.0005645000000000001,-68719771796.54884,-92175567091.39761,61878.95174459497,7229548181874.736,3665482158721.598,1472.3267459086621,-68723713243.54182,-92176456443.79828,61792.8269847625
1130,0.0005650000000000002,-71492913978.91364,-89957211010.90219,61839.872982553185,6421264943003.3545,3701280309211.734,1432.900751323117,-71498508460.52202,-89956859607.78735,61841.02210935543
1131,0.0005655000000000001,-74197799391.07777,-87653058791.7336,61846.411798896086,5713227717697.581,3735170224448.673,1397.207547796088,-74204176062.73007,-87651818136.37514,61871.29014823019
1132,0.0005660000000000001,-76830939757.65858,-85265714644.81758,61873.40064289648,5089211936230.944,3767534693049.412,1364.6883653575112,-76838155452.52579,-85263480910.57292,61918.37077508699
1133,0.0005665000000000001,-79390414466.71909,-82796664644.02185,61920.05971053701,4536230664012.438,3798383614799.4854,1334.9315525866489,-79395079694.3215,-82796412232.38284,61913.950051976775
1134,0.0005670000000000001,-81865592405.1906,-80255967932.28036,61890.56040617664,4043850255840.3696,3827709802266.322,1307.6249963595894,-81874595120.0411,-80251175082.981,61993.17759746326
1135,0.0005675000000000001,-84266412426.60469,-77634389667.75462,61951.58211013046,3604610099679.0103,3855299939912.054,1282.5815655580193,-84273937977.7393,-77630611548.49095,61962.92789521828
1136,0.0005680000000000001,-86583524895.85544,-74941014727.55547,61986.66305493981,3210721239767.6606,3881546306711.1074,1259.500061283904,-86588039103.38736,-74940242325.01965,61907.34626245412
1137,0.0005685000000000001,-88811915097.71907,-72181958078.42436,61970.54900019244,2856690548195.682,3906286663697.031,1238.2259597284144,-88814437097.98318,-72183510264.21254,61896.14464489996
1138,0.0005690000000000001,-90949669787.82582,-69360513250.59796,61923.202732430276,2538177742429.5967,3929471743230.7485,1218.6350293505814,-90951637643.25899,-69362866408.08353,61819.93843579737
1139,0.0005695000000000001,-92995405673.13239,-66479476480.102554,61861.58866038628,2251284406372.341,3951180213738.6494,1200.5889380340288,-92998014535.2245,-66481184569.78409,61812.751419084845
1140,0.0005700000000000001,-94951846980.59021,-63535804877.41772,61855.25456441478,1992493293291.1636,3971490950817.8003,1183.957433785826,-94954975131.88347,-63536636995.06608,61876.052907111494
1141,0.0005705,-96815800271.19717,-60533960511.90862,61860.28325260466,1758382716582.7866,3990551797819.434,1168.6032470988046,-96818533522.24953,-60535408793.19437,61812.40725611528
1142,0.0005710000000000001,-98584623679.8705,-57478280227.977875,61856.59794332673,1546363240366.93,4008333723023.2974,1154.442857917658,-98586139153.08308,-57481759198.794464,61836.8660675548
1143,0.0005715000000000002,-100255176281.90948,-54374664729.23204,61819.5598943835,1354387079200.1526,4024829384610.36,1141.4079291813628,-100258435557.45026,-54375140022.35351,61839.1654700819
1144,0.0005720000000000001,-101828504997.76662,-51222179693.33227,61806.58764667197,1180797390458.6313,4040039201608.677,1129.4379412963342,-101833013925.31049,-51220138581.46534,61849.90369224607
1145,0.0005725000000000001,-103304319677.8457,-48021432593.036575,61829.72901255456,1023882198786.4911,4054061422547.076,1118.4539850518488,-103308593031.30876,-48019516463.40242,61839.52538091674
1146,0.000573,-104679260938.99072,-44779298894.52018,61832.809986089036,882128761294.954,4066938303131.9487,1108.3917568922132,-104683398486.42404,-44777401297.618256,61824.93137056865
1147,0.0005735000000000001,-105952287696.65173,-41498822827.69037,61827.26212758259,754455465840.7311,4078631403179.951,1099.2161649390875,-105956648569.46277,-41496081994.05419,61819.65369186334
1148,0.0005740000000000001,-107123837052.59091,-38179321282.7165,61855.08503396026,639874871026.3025,4089168437479.1777,1090.8857846983813,-107126794167.64752,-38180028319.15843,61780.585818079424
1149,0.0005745000000000001,-108190093844.79042,-34831200583.70482,61829.014017804955,537402761630.1962,4098606102546.6953,1083.3528726674815,-108192636224.498,-34833202890.42351,61747.43697179013
1150,0.0005750000000000001,-109151181999.96436,-31455908697.75563,61795.06479484185,446415233901.231,4106895020639.697,1076.5987820310274,-109153977551.83261,-31457337474.97488,61786.12930746561
1151,0.0005755000000000001,-110006589969.01288,-28056501282.58357,61759.76477598068,366229329576.62225,4114080180944.198,1070.590585045048,-110010332388.07059,-28054440734.719257,61792.54126922515
1152,0.0005760000000000001,-110756993172.52011,-24631363657.932247,61770.7060572578,296233177475.7093,4120183555341.3887,1065.2996013928275,-110760289547.61046,-24630438300.383705,61734.113843029954
1153,0.0005765000000000001,-111400871523.85258,-21186660681.8851,61775.92967286084,235835243836.43588,4125238896149.647,1060.6967689328374,-111403689995.49025,-21187693603.80901,61762.22257531311
1154,0.000577,-111937841924.78156,-17725112417.818485,61783.998964417326,184645921257.99985,4129226046030.908,1056.7680735187155,-111940515083.00455,-17727453331.875793,61760.853214109964
1155,0.0005775000000000001,-112366802551.25117,-14254580379.26317,61750.46578566803,142329093078.9824,4132152635605.219,1053.497734700591,-112369809345.63927,-14255100163.840565,61747.76794409287
1156,0.0005780000000000002,-112688576203.17406,-10772203112.428547,61756.03356946969,108643826847.23776,4134011207531.15,1050.8751627558283,-112691619521.96814,-10771596543.577072,61787.27249859537
1157,0.0005785000000000001,-112902710764.1887,-7281554046.653598,61777.515210331345,83316203053.75952,4134828140592.011,1048.8839512242653,-112905759895.058,-7279723441.153683,61809.973590142654
1158,0.0005790000000000001,-113008881348.02808,-3786824251.3588343,61798.314788618576,66174319728.89227,4134593665765.5986,1047.516574542544,-113011819526.59067,-3786580240.385646,61767.73852702951
1159,0.0005795,-113006902245.11528,-296673757.62800354,61768.64251742727,57114877719.990814,4133298808865.3003,1046.7686922403773,-113009877148.18613,-294696127.3456533,61753.027147633395
1160,0.0005800000000000001,-112897242248.96103,3193658423.053541,61791.63506383076,56076774580.744774,4130938985763.0156,1046.6369963163581,-112900228179.9494,3192751924.829659,61770.128297485375
1161,0.0005805000000000002,-112680158886.47762,6670422141.747378,61740.91900749652,63033795875.83625,4127513125114.6865,1047.1185463930892,-112683101264.01422,6671873747.5907345,61696.262770828005
1162,0.0005810000000000001,-112355985515.84908,10139475094.971462,61742.093462955294,77990871485.01732,4123016740901.2417,1048.2127053725758,-112359170779.84601,10137592058.984243,61665.98196069044
1163,0.0005815000000000001,-111925971653.95157,13586873152.944649,61666.71529472651,101033851304.03444,4117433418607.924,1049.9230943906744,-111928922122.21268,13588590594.871445,61672.92129241905
1164,0.000582,-111389954976.37877,17020539885.47188,61661.04016315741,132222222789.41801,4110771484948.087,1052.2494152668128,-111392697094.98523,17023098684.05986,61665.5294312429
1165,0.0005825000000000001,-110748165328.12978,20437472018.88015,61690.62919611294,171779032140.87933,4102990535798.104,1055.203195189313,-110751130878.40262,20438036791.71379,61714.75148679256
1166,0.0005830000000000001,-110000945188.30241,23834602074.27892,61738.807842738286,219991163180.5965,4094062850698.2104,1058.797001436884,-110004492851.4221,23832132157.367928,61715.961015505796
1167,0.0005835,-109150539835.25769,27201036201.248333,61722.48519214735,277195780102.28723,4083963147191.844,1063.044314589812,-109154040125.78578,27199385230.94193,61749.986867129395
1168,0.0005840000000000001,-108197220357.09698,30537835606.918633,61715.91994589184,343641031974.5228,4072707506698.639,1067.9499800497197,-108200104312.78368,30538720180.679916,61743.14009408319
1169,0.0005845000000000002,-107141111430.62201,33844815345.842537,61742.73198829691,419749844858.2804,4060247635597.782,1073.5339101179277,-107143746935.82417,33846308272.03154,61772.395222469735
1170,0.0005850000000000001,-105983333904.90738,37117825395.53976,61776.05604088893,506093919655.1948,4046528862013.5757,1079.8228717810944,-105987191336.08691,37115712982.88889,61714.25311181554
1171,0.0005855000000000001,-104727452444.16965,40346765923.09096,61744.000928668014,603283438252.7089,4031523139521.483,1086.8401252993406,-104731593637.89008,40344319995.061745,61688.14742430121
1172,0.000586,-103374113270.07954,43531714029.36119,61709.94177507192,711803168286.2231,4015255542705.2783,1094.5959979275224,-103378632192.00569,43528880030.75058,61645.81582133643
1173,0.0005865000000000001,-101926035443.40575,46667149652.0628,61648.78969427705,832389227454.3771,3997658428009.3047,1103.1221153282306,-101929784350.42462,46666529360.74774,61622.08951499919
1174,0.0005870000000000002,-100382198901.62372,49756534175.83578,61637.15096068282,965809726422.9255,3978712378644.5005,1112.4450150712873,-100385229347.72159,49757487327.4649,61656.25992291361
1175,0.0005875000000000001,-98744447295.37311,52795967177.764626,61639.8454910068,1113242562104.2617,3958297514123.5264,1122.6171393605982,-98747119991.55447,52797639755.421234,61654.1960257256
1176,0.0005880000000000001,-97013455819.292,55784202931.24482,61666.19991934297,1275914842072.529,3936370426666.1836,1133.6810915997203,-97017482697.26143,55783442372.00739,61622.38769023168
1177,0.0005885,-95194944438.17522,58711233164.69661,61630.28831530168,1455269002082.1978,3912851922444.1787,1145.688700442251,-95198854361.59239,58710896377.1164,61584.05449319283
1178,0.0005890000000000001,-93288313163.64352,61579211848.884705,61612.108052993535,1652514236515.474,3887785130939.2793,1158.6654592335726,-93291802864.39917,61579759704.01121,61629.97951078543
1179,0.0005895000000000001,-91295857523.35913,64384897173.01204,61596.422359389784,1869449983920.684,3861020622962.3174,1172.681809687281,-91297378435.06204,64388402337.23206,61637.408149317314
1180,0.0005900000000000001,-89216840403.36229,67129564480.73413,61623.231613714175,2108109391842.1436,3832479635547.963,1187.8062219667427,-89219178016.47481,67131825818.35856,61628.12828448181
1181,0.0005905000000000001,-87055380677.30794,69807373739.6934,61637.68273988084,2371125846273.286,3801998752046.1484,1204.1327626176621,-87058141617.28032,69809069169.1454,61662.80894126343
1182,0.0005910000000000002,-84813056550.90135,72416552055.99692,61653.61523862897,2661190813290.845,3769543222712.8755,1221.7340367577408,-84817216433.72649,72416576480.89185,61623.95500911027
1183,0.0005915000000000001,-82493785492.19461,74952629349.78206,61647.64427442917,2981508997239.377,3734989451350.3486,1240.7046676837986,-82498229766.9234,74952365324.58711,61658.213698461965
1184,0.0005920000000000001,-80097889162.63011,77415644500.80066,61656.25893648837,3335634614417.2275,3698258093356.9536,1261.1398007396888,-80102422770.77405,77415443277.3254,61665.32279185394
1185,0.0005925,-77628898840.25162,79801964964.57895,61657.46893171172,3728083949519.197,3659144787570.697,1283.174777973869,-77633396170.66512,79801877119.2441,61621.580306979624
1186,0.0005930000000000001,-75092624133.52872,82106276589.87979,61617.22402916401,4164027485447.0356,3617523431924.6626,1306.94424920729,-75095349243.95267,82108053268.90633,61609.00695201709
1187,0.0005935000000000002,-72485576569.20926,84332465340.11263,61623.27177446435,4649174524292.33,3573328440290.925,1332.573618482656,-72490155601.32066,84332730231.51059,61585.23757645362
1188,0.0005940000000000001,-69811475429.09071,86477066938.94879,61639.31366406863,5191402004562.762,3526159011482.8105,1360.2889016602217,-69818532871.00075,86475452190.46063,61584.5177283961
1189,0.0005945000000000001,-67078556344.46885,88533532418.01956,61603.94337115388,5799921591698.123,3475809864697.4473,1390.3097425625888,-67085497133.13351,88532310367.7544,61555.5284760873
1190,0.0005950000000000002,-64283054029.95531,90505445172.55722,61605.400636615974,6484873242222.781,3422232180333.425,1422.822210458291,-64292588684.46168,90502602996.39992,61554.27074146405
1191,0.0005955000000000001,-61433249758.72009,92386852888.92691,61574.485548268574,7259940695159.1875,3364907555420.4434,1458.1524331713183,-61440433847.55831,92386033800.87224,61563.76939933882
1192,0.0005960000000000001,-58523874372.23357,94181750921.09978,61598.52023967456,8140975164638.942,3303661684742.3687,1496.6000244877303,-58532426948.43326,94180271905.85977,61633.53465902879
1193,0.0005965000000000001,-55564974464.87533,95883527171.78542,61589.48412031834,9149428891509.875,3237808276595.3755,1538.6314592450287,-55571260731.625626,95883702637.94466,61615.28295891213
1194,0.0005970000000000001,-52555869416.04703,97493030121.75626,61591.96793157783,10310661280335.342,3167116742463.887,1584.6759185849191,-52560802217.5125,97494104997.52657,61628.541019381984
1195,0.0005975000000000002,-49499502004.07544,99008697262.35141,61600.34394690809,11657722657064.799,3090925514641.276,1635.3166983869942,-49504840931.160645,99009693722.47876,61608.89229693634
1196,0.0005980000000000001,-46396633796.45123,100430147527.17043,61628.22757712906,13233353777373.268,3008530103729.338,1691.266589378095,-46406482147.75336,100429155416.47505,61572.97723106607
1197,0.0005985000000000001,-43259567887.927216,101751640802.5702,61599.38421130041,15094191783628.438,2919005620948.3223,1753.4299428955142,-43268331173.469124,101751512834.75294,61540.058114467334
1198,0.000599,-40080616444.724495,102977158321.62738,61612.988328672334,17312522124001.0,2821758181485.413,1822.7727069406237,-40093851066.69763,102975604468.58708,61583.05144895575
1199,0.0005995000000000002,-36866502586.106514,104103758687.17802,61626.482570472115,19989711573782.246,2715129555490.9956,1900.7479230588426,-36882098660.60194,104101780874.44946,61635.69877420799
1200,0.0006000000000000002,-33626693964.023254,105128252193.97461,61599.3254764957,23265036273895.945,2597608198622.847,1989.1517558240587,-33638375215.89529,105128078645.7944,61612.115331076035
1201,0.0006005000000000001,-30356061822.679646,106052900756.67339,61598.298094533384,27331726516429.63,2467571437389.8164,2090.2001904360736,-30367794737.693695,106053077002.76941,61605.254522263036
1202,0.0006010000000000001,-27060846673.125244,106875805160.45404,61595.06571874563,32472650564643.69,2322124413215.327,2207.0816910722406,-27069291787.54336,106877134837.93274,61677.892428833184
1203,0.0006015000000000001,-23747693589.67575,107595516247.14053,61571.377414629154,39107522289590.16,2157954379644.2117,2344.1309923501285,-23746766401.68853,107599204977.1118,61680.099670748314
1204,0.0006020000000000001,-20412849188.12238,108213292656.19269,61571.263023941436,47876477622447.44,1970863778064.3503,2507.3828911972832,-20406338826.94172,108217981583.94948,61701.487176024406
1205,0.0006025000000000001,-17054352407.889767,108729249568.23615,61611.19670293295,59798882941538.875,1754644966684.1138,2705.841625389178,-17048132853.64171,108733508789.39383,61736.25667945805
1206,0.0006030000000000001,-13682900540.286139,109141141151.78453,61641.49765544631,76558652568318.0,1501150737802.067,2953.201148121175,-13678348642.476482,109144867737.2182,61668.175390152974
1207,0.0006035000000000001,-10296851034.989634,109449193843.91211,61686.36742204052,101013612432582.52,1201653209867.7395,3270.1521361571795,-10300415624.976404,109451845330.99484,61660.53622543919
1208,0.0006040000000000002,-6911534982.1430855,109651738106.73642,61691.30246066416,138116620264693.86,849370050330.8102,3688.0259174542784,-6917542326.753367,109654308098.2107,61669.50216686949
1209,0.0006045000000000001,-3523078763.6123137,109749714235.72186,61696.59526520171,196086607032451.03,457495478536.84076,4247.545596124023,-3530705881.957975,109752395799.38019,61686.67256423777
1210,0.0006050000000000001,-132897000.1458275,109743165999.3827,61708.89949232685,285193706013238.44,117626432740.58482,4966.210419996181,-144864146.1854623,109745921636.63579,61659.043030270346
1211,0.0006055,3249072984.358951,109632049340.5128,61703.851035692605,399361152644843.44,145934221246.41217,5674.025355405418,3235686819.6644764,109635202545.8778,61641.425696817816
1212,0.0006060000000000002,6606370854.926444,109417671018.40533,61650.4153367925,463887489920091.94,1010858755992.7467,5758.581019463259,6608582913.482029,109420559773.53348,61621.478706190384
1213,0.0006065000000000002,9962786481.377007,109099903261.04018,61632.03307166284,393213899120065.9,2296506311103.756,4931.330396152121,9969971841.856695,109102316153.72836,61602.48171216517
1214,0.0006070000000000001,13289642589.148848,108681055148.84778,61575.36469579407,265970909296006.78,3018746786024.788,4045.445475618676,13317483902.285025,108681075709.46997,61601.405055254574
1215,0.0006075000000000001,16633521847.389732,108156318867.04732,61612.60413259336,170035599149597.25,3181303979080.84,3567.027802685414,16646359252.532907,108157563724.58093,61556.803542488866
1216,0.0006080000000000001,19941738472.765438,107531487909.73831,61601.63327765561,112138809871997.83,3138072771738.6147,3358.800345404361,19954475939.28327,107532450821.07143,61499.96182643478
1217,0.0006085000000000001,23229676025.731007,106805116903.37962,61598.9971158235,78372457135384.61,3076877370587.7036,3238.093873583134,23239380709.9401,106806374152.69093,61538.612923026034
1218,0.0006090000000000002,26503352880.626312,105975664930.36398,61642.21759913342,58095464574737.125,3061971803550.895,3100.9181241069355,26498758980.79669,105980019639.73865,61563.70158314043
1219,0.0006095000000000001,29727328118.30993,105051408869.9023,61586.87297824794,45165726114173.46,3096222240336.7603,2913.6723170679684,29731710720.292957,105053621964.78172,61557.29302189083
1220,0.0006100000000000001,32927379227.56511,104026930719.97656,61580.21297798498,36288647361259.34,3154916563785.4746,2692.522102052703,32932174466.765728,104028900135.20697,61590.054956781736
1221,0.0006105000000000001,36090127501.57598,102905913098.30644,61561.53257005761,29762015018184.418,3215458583434.051,2471.219676381526,36097396177.52473,102906956776.29317,61541.1972285516
1222,0.0006110000000000001,39216017744.31205,101688549650.79523,61552.784997227536,24748607343343.195,3266281787762.982,2276.022934512646,39223875069.02528,101689178324.93979,61507.14334493947
1223,0.0006115000000000001,42300175921.99531,100376783977.2757,61540.00118200117,20813461853226.027,3307553925270.9326,2116.3720320045118,42308946955.13079,100376789585.40445,61540.727229927295
1224,0.000612,45342198938.60993,98970999756.54024,61540.04069342365,17690693413001.945,3344043016912.4097,1989.4025010942748,45351046759.95692,98970729869.10869,61542.65800606721
1225,0.0006125000000000002,48341072579.56162,97471600499.31166,61562.4224150897,15186995233545.24,3380139194016.8745,1887.445945228409,48347361961.81925,97472313882.48662,61567.09928062465
1226,0.0006130000000000002,51283639688.43853,95885050611.03702,61527.36802685544,13152625034332.035,3417796036508.932,1803.1083270147878,51294926546.43546,95882936368.51831,61547.35444120877
1227,0.0006135000000000001,54178795692.96825,94207402853.20645,61536.84797990931,11476050300534.613,3456518585338.903,1731.2781835129267,54189798157.23798,94205099698.59998,61550.463047983845
1228,0.0006140000000000001,57019259591.20425,92442502658.663,61542.627075741635,10072185517115.445,3495790262092.865,1668.6232217343284,57027776794.700935,92441407278.48186,61467.87558911526
1229,0.0006145000000000001,59801365327.12351,90592795001.22119,61537.232633862004,8880453434928.88,3534579537030.283,1613.2066829959158,59807396430.03385,90593120002.36717,61458.43813701669
1230,0.0006150000000000001,62522539723.7022,88660290120.60764,61523.774372628664,7857606969232.229,3572227904912.865,1563.7891899686326,62526137311.03289,88662142701.32928,61469.61453839026
1231,0.0006155000000000002,65179476536.078125,86647662569.71156,61497.12219445854,6971925075263.3545,3608454261233.791,1519.4420552069153,65183469310.61522,86649215046.79965,61480.484592922876
1232,0.0006160000000000001,67769626102.1675,84557298054.19608,61459.667082193366,6199521102946.198,3643137788336.585,1479.4244638070218,67777073248.60543,84556058997.48378,61514.29991902857
1233,0.0006165000000000001,70298262586.04297,82385298833.67708,61489.622598871814,5521800737572.839,3676249634084.81,1443.1324239972328,70303752235.53654,82385376172.48695,61432.03397948781
1234,0.0006170000000000001,72755337765.22119,80139678400.0596,61485.48585261719,4922957830012.26,3708014823846.0874,1410.0066639724616,72758181839.39906,80142027799.76242,61430.6693200457
1235,0.0006175000000000001,75135062457.65144,77826356557.70683,61420.0604164159,4391627883006.592,3738174838752.406,1379.7135422181022,75140913013.17877,77825877822.78998,61412.787032191656
1236,0.0006180000000000001,77446089580.33577,75437961305.91507,61434.86250695328,3919009855800.4087,3766626573472.253,1351.990550788921,77450660341.65515,75438471552.66039,61393.913018409425
1237,0.0006185,79680307725.7836,72982202993.30414,61430.85114915733,3496326093273.0806,3793746073219.0522,1326.48502105167,79683669882.92188,72983915052.03229,61398.3251674591
1238,0.0006190000000000002,81835465646.54373,70461971930.7501,61411.60402232464,3117182564699.2026,3819385374916.535,1302.9994078902448,81839273928.56635,70463194038.86633,61419.16885850814
1239,0.0006195000000000002,83915422117.18391,67873099109.28856,61457.852983724726,2776313411998.995,3843544608453.616,1281.3637881658801,83916093890.47337,67878036614.349594,61439.51347302879
1240,0.0006200000000000001,85908621477.05173,65229325297.61074,61414.52011562154,2468680187333.5977,3866422729202.4087,1261.3739131903515,85911759029.08167,65231364581.9751,61422.05204197174
1241,0.0006205000000000001,87817496867.98367,62528875775.45324,61373.18436468861,2191146166709.0496,3887784231734.401,1242.9546865609248,87824074044.4098,62526143675.71461,61462.962616310455
1242,0.0006210000000000001,89645155260.1698,59767727789.63629,61404.54884026537,1940414136948.0347,3907791181208.408,1225.968868799677,89652525496.31342,59763321015.321434,61464.50612299923
1243,0.0006215000000000001,91389737503.08322,56947750229.08084,61480.1949045457,1713204787227.3345,3926616533485.4336,1210.266414952781,91393954608.37767,56947585631.84961,61471.437209241805
1244,0.0006220000000000002,93041492421.37021,54083989869.11705,61447.66470099371,1506956434143.5469,3944249855298.427,1195.753356232621,93047053187.76634,54081539701.5836,61427.94739537941
1245,0.0006225000000000001,94605892099.28546,51168614229.31729,61471.35784659479,1320289519260.3599,3960492031538.086,1182.411424645032,94610001293.85579,51168451704.56306,61472.504288990836
1246,0.0006230000000000001,96077198319.81929,48211771223.25882,61447.19227211557,1151197649100.7388,3975571674377.527,1170.1316663832608,96082332734.604,48209606962.361435,61432.51436652797
1247,0.0006235000000000001,97457422307.12138,45210445049.42853,61459.50231021326,998352571590.0284,3989415839433.969,1158.8674061490326,97461792458.33824,45209494029.03778,61451.501776685924
1248,0.0006240000000000001,98743858187.94199,42170204047.42186,61462.3556500485,860267557881.7227,4002125696280.1807,1148.547584821914,98747265931.96562,42171354391.66647,61409.22977166941
1249,0.0006245000000000001,99934075426.41385,39097300475.02861,61427.001643298536,735831773740.6649,4013682109913.1816,1139.1299236555944,99937348200.3431,39099084787.592415,61365.53305769399
1250,0.0006250000000000001,101028366693.01535,35992326276.3081,61397.06137888693,624165890397.7365,4024072560824.1616,1130.5817981105017,101031502759.4186,35994677200.77172,61322.730126788345
1251,0.0006255000000000002,102025350120.56161,32859952792.503067,61353.2500146414,524356998061.4749,4033354501348.564,1122.8573333667737,102028831566.69452,32861387113.624416,61308.94258489331
1252,0.0006260000000000001,102924764456.80035,29702318270.47703,61311.68221163843,435659368350.635,4041533684688.501,1115.9234573391636,102929047826.006,29701344817.668884,61300.84865124437
1253,0.0006265000000000001,103726706053.306,26520105104.64907,61294.54921256837,357389034689.5985,4048634297934.0796,1109.7479942200582,103730920155.16982,26519197036.6773,61277.98090704821
1254,0.0006270000000000001,104430607723.45882,23315788274.520897,61294.70892630475,288924622412.7995,4054682600706.183,1104.300112154031,104434753066.82303,23315012198.664043,61278.24108513954
1255,0.0006275000000000001,105036063229.56277,20091240811.012165,61314.554956003696,229770400119.03946,4059682402564.587,1099.5568190293009,105039891678.06,20091472413.324623,61319.13812723556
1256,0.0006280000000000001,105541917828.88004,16852280413.046164,61316.666280290236,179519289267.61377,4063639046030.021,1095.4984023413501,105545875857.5372,16851522128.510029,61327.72259126175
1257,0.0006285000000000002,105948144829.6866,13600280482.863714,61326.70138838563,137882423164.8577,4066541464503.5044,1092.112095512201,105952103230.31465,13599408847.910114,61377.77846526794
1258,0.0006290000000000001,106254336021.97997,10338727886.611439,61336.43240494957,104583656666.04826,4068402851406.3926,1089.3824196885412,106258381537.87773,10336392551.34957,61346.282086041894
1259,0.0006295000000000001,106460432114.18388,7068779373.402056,61364.665211968444,79409344580.81602,4069222473055.267,1087.298363632814,106464238831.18135,7068033847.117603,61363.080259886156
1260,0.0006300000000000001,106566010191.4966,3795509862.533142,61382.34618027103,62188715064.811806,4069001546970.887,1085.8508885430333,106569762306.74678,3794278751.019812,61425.355287794155
1261,0.0006305000000000001,106571026093.06725,523449860.1926239,61380.879865044895,52820560219.93017,4067730711727.9404,1085.035430053547,106574805419.52667,520547291.09738433,61386.21302071556
1262,0.000631,106475657645.69414,-2749201646.332242,61417.73396112888,51240013598.35644,4065406762395.4917,1084.848238357287,106479372959.97119,-2748329073.321383,61375.41553472337
1263,0.0006315000000000001,106279996228.40967,-6012443336.500823,61405.665832193496,57428683316.08904,4062023969046.701,1085.2874083771603,106283700484.4249,-6012070992.349372,61421.19383038257
1264,0.0006320000000000002,105984449156.72919,-9266296575.78937,61400.097895797975,71405072510.70015,4057574805265.5474,1086.3532408753344,105987967135.55145,-9268115755.760117,61418.23618588485
1265,0.0006325000000000001,105589339769.87663,-12508315113.440681,61403.609479696395,93233260628.35136,4052050407707.8037,1088.0478725831592,105592708496.61522,-12511091351.309313,61449.460140190386
1266,0.0006330000000000001,105094712037.12968,-15738287920.556631,61439.3290725625,123035966050.6583,4045435304657.8203,1090.3766208175741,105098391991.49002,-15738256280.21976,61396.24457587701
1267,0.0006335000000000001,104501690334.1027,-18947705943.137016,61437.06134630446,161020072907.2457,4037702539346.265,1093.3495335410214,104505563065.75302,-18946799481.713474,61416.74716297019
1268,0.0006340000000000001,103810750097.82974,-22135706196.771988,61437.36895318861,207371219476.57333,4028852236721.196,1096.9722019817914,103814489057.33153,-22135763190.550087,61508.41411115451
1269,0.0006345000000000002,103022121542.30797,-25301578676.240555,61461.51494689053,262362691560.85538,4018858246027.1416,1101.2568018287711,103025424199.42384,-25303405827.598034,61512.20274480165
1270,0.0006350000000000001,102136349164.03397,-28442569286.985104,61499.7997929328,326370953037.3729,4007682639639.5386,1106.2215175874906,102139647925.35645,-28444090922.874634,61524.36003626752
1271,0.0006355000000000001,101155253171.28763,-31551825291.66459,61506.347630938515,399835506786.7313,3995294471171.0176,1111.8856415524167,101158752106.35411,-31552523384.55584,61481.234273524875
1272,0.0006360000000000001,100080711489.793,-34624336401.26503,61475.87269934571,483165918105.2996,3981691572669.7646,1118.2627410030527,100083738801.46487,-34626525476.31984,61469.799860403255
1273,0.0006365000000000001,98911587637.60503,-37664532091.33702,61500.39358800136,576807119433.1423,3966861496075.2954,1125.3686846250907,98915648815.3594,-37663892839.30125,61496.23785602996
1274,0.0006370000000000001,97651452487.38596,-40662476514.266396,61480.48739072735,681534112452.3054,3950702106885.2627,1133.2444839741042,97654625122.3195,-40664118456.56782,61515.74501988394
1275,0.0006375,96299745482.08788,-43620548187.92926,61490.824890537646,797952245220.5718,3933239942429.308,1141.9064855293639,96302111836.16151,-43623969224.89033,61562.12476308149
1276,0.0006380000000000001,94856265020.59776,-46538844011.60768,61546.54625120655,926989730980.5737,3914380860351.871,1151.396911760709,94858967049.26231,-46541172070.55238,61599.10722842599
1277,0.0006385000000000002,93323737877.87628,-49410995992.00897,61588.69532024722,1069794977299.3329,3894033698966.91,1161.7671184526346,93328249886.73833,-49409682318.76836,61548.94925487098
1278,0.0006390000000000001,91706441566.84787,-52229092976.99574,61569.17494302801,1227451433805.7659,3872189807466.562,1173.0519000889412,91711641653.69754,-52226830326.14803,61493.80611189752
1279,0.0006395000000000001,90006207063.33781,-54991087485.08015,61522.61554116079,1400952435377.6929,3848868991038.657,1185.2758148834373,90010762684.50887,-54990305068.86088,61509.186440049394
1280,0.00064,88222116678.41882,-57699319225.258865,61513.356490038284,1591580330838.604,3823999422694.723,1198.4865247044224,88226528376.19876,-57698967015.09151,61512.46784243597
1281,0.0006405000000000001,86355226481.6091,-60352050198.88052,61532.25874101955,1801183233377.1963,3797420856980.3257,1212.764712125114,86360331921.98022,-60350837949.65467,61556.32748480803
1282,0.0006410000000000002,84409685345.3896,-62943205838.659454,61526.75248995668,2031888059278.8489,3769034746506.569,1228.1882157766156,84414540857.66985,-62942530627.60455,61511.191276557955
1283,0.0006415000000000001,82386391715.70473,-65472041004.75437,61526.0561028686,2285805720853.514,3738831720233.4517,1244.8139195506412,82392026527.50314,-65470561457.74868,61490.745538945754
1284,0.0006420000000000001,80288937168.31995,-67934251661.63197,61505.344244734675,2565540958961.334,3706684946001.4653,1262.7282303388142,80293007257.941,-67934905245.96624,61554.77073656786
1285,0.0006425000000000001,78114828655.57307,-70333174185.98787,61537.4388408875,2873947709487.0483,3672527846350.873,1282.0153666169776,78119861075.21304,-70332777040.61401,61529.75410885416
1286,0.0006430000000000001,75871797054.99782,-72659847005.54419,61521.15844583367,3214976328839.394,3636095796448.5425,1302.8188731035943,75875510741.13501,-72661052253.2927,61528.27104332897
1287,0.0006435000000000001,73558435833.47356,-74916380553.73906,61526.94239109634,3592418300259.888,3597430119203.663,1325.223922489577,73562650427.85912,-74917122746.9728,61550.597795195856
1288,0.0006440000000000001,71175798395.79504,-77101637722.88647,61557.159042410036,4011337877305.9214,3556273574934.907,1349.386002273114,71181879330.87558,-77100729926.30862,61543.28447064634
1289,0.0006445000000000001,68731236961.32353,-79208704444.81902,61541.89392730077,4477888484481.039,3512399322761.1255,1375.4862233395531,68736855368.44032,-79208462713.86086,61541.742055869814
1290,0.0006450000000000002,66220008696.59623,-81242198529.5683,61581.37965031926,4998595346058.21,3465789939338.536,1403.664690700064,66229561055.83472,-81238842950.58247,61542.78835756512
1291,0.0006455000000000001,63653401762.721695,-83192537125.3263,61555.81873882754,5582522774146.338,3415986643948.69,1434.185661906843,63662530814.0776,-83189960830.01973,61521.14056906993
1292,0.0006460000000000001,61032009115.916725,-85060129688.15604,61516.96383209564,6239097617606.509,3363029858697.8096,1467.228648532778,61039708672.6353,-85059038068.38316,61491.737841357935
1293,0.0006465,58356458807.9626,-86844995686.64009,61490.59462926375,6980304655923.602,3306596077611.08,1503.0620860716913,58364364859.574425,-86844139952.19377,61417.813655844475
1294,0.0006470000000000001,55625390564.07673,-88548161836.98245,61507.56005201394,7821459493618.38,3246255920422.796,1542.0408163417546,55636861608.9337,-88545315305.48091,61431.79915951934
1295,0.0006475000000000002,52853124559.71999,-90160510937.74544,61444.466522552684,8782477677885.048,3181451436329.7744,1584.6191405147526,52862588242.97438,-90159409520.82541,61425.19406365145
1296,0.0006480000000000001,50031583302.79567,-91687825928.64677,61430.46382682479,9885679934007.988,3112195725965.5166,1631.1465739074868,50038855116.05979,-91688196178.62273,61466.45172773929
1297,0.0006485000000000001,47165329359.422676,-93127411416.24799,61428.60461700271,11161912354611.252,3037584956059.6797,1682.2491039350966,47171320074.01814,-93128604810.2918,61449.126604865756
1298,0.0006490000000000002,44251385877.16572,-94480705712.40512,61478.23495231213,12650613121308.441,2956972556678.331,1738.6424876318272,44262152988.79935,-94479731312.83398,61482.7441966126
1299,0.0006495000000000001,41299311690.544106,-95742703969.37885,61505.41881325777,14404769098396.324,2869335148899.185,1801.2685264194665,41313619770.411095,-95740463667.84445,61465.37437233855
1300,0.0006500000000000001,38316242629.02893,-96910606022.05626,61488.40493283768,16492373214397.742,2773990347386.7114,1871.1455658474229,38330517027.922745,-96908877830.13478,61463.33001699795
1301,0.0006505000000000001,35301352561.49892,-97985356536.62811,61471.33023060174,19002903649308.94,2670058607458.948,1949.496085468179,35314087399.61302,-97984722908.64548,61464.392264237744
1302,0.0006510000000000001,32257793903.72277,-98966050252.20773,61452.690193264454,22060254768155.715,2555964474182.3955,2038.0191938785724,32267657757.391342,-98966846688.44579,61493.17676278336
1303,0.0006515000000000002,29181078634.091625,-99854282794.15536,61479.92972043379,25838414011315.914,2429831825394.8755,2138.9606179797584,29192674849.41854,-99854838284.95456,61525.00283586916
1304,0.0006520000000000001,26082141416.733315,-100646443650.23982,61486.67406833743,30591352381899.26,2288862857168.823,2255.4802153624005,26090610900.07148,-100648120027.51253,61580.59792867749
1305,0.0006525000000000001,22954373138.609383,-101344430009.63715,61535.39656439269,36690016287002.61,2130270212175.478,2391.6753693533674,22966914264.342896,-101345248865.05342,61591.62146574834
1306,0.000653,19813667848.86903,-101944172246.76497,61539.77714735227,44703368005623.95,1949506426006.7146,2553.529193545284,19824772532.183697,-101945566598.98694,61567.94544138192
1307,0.0006535000000000001,16656746708.315948,-102446886906.19403,61548.24426178789,55515373346474.43,1741788951722.1265,2749.335326803675,16667991778.500736,-102448569705.44264,61617.0336732559
1308,0.0006540000000000002,13484550096.105911,-102852412155.463,61569.23827546191,70562829194152.16,1500051910166.3574,2991.5934688461016,13495253852.843285,-102854466137.66252,61671.75384918401
1309,0.0006545000000000001,10305111267.05075,-103159585445.16237,61575.380697403416,92259211217530.48,1215870257458.954,3299.3887942632664,10310353698.399317,-103162490388.1803,61702.103960066204
1310,0.0006550000000000001,7110723340.491082,-103369348537.87962,61617.295730570055,124729509218263.2,882829502197.4069,3701.2621831058455,7118000545.975832,-103372106809.01987,61757.995207564025
1311,0.0006555000000000002,3915810818.741041,-103480133862.6094,61637.60065350487,174867959398512.56,507750171520.6561,4236.135141519615,3919577063.948241,-103483093618.27434,61758.25857808795
1312,0.0006560000000000001,722641281.2627536,-103492229591.7727,61646.1319300904,251989309070187.6,158112071095.85413,4930.169110971557,721786414.698001,-103495288181.66185,61771.94531220973
1313,0.0006565000000000001,-2464286883.293072,-103405930740.59192,61641.931648422746,356131553642884.4,81113943919.4027,5673.346252758809,-2474458121.4063396,-103408735580.63939,61808.39301682479
1314,0.0006570000000000001,-5649605352.872243,-103221406056.01979,61651.251947674325,435404083050829.06,736022280798.0549,5952.5466362166135,-5665471247.220975,-103223544706.62413,61817.23397503414
1315,0.0006575000000000001,-8818418343.018063,-102939409406.88994,61637.99696311454,397693866454826.0,1992806089514.596,5280.9924651777255,-8847174547.886026,-102939991699.75696,61766.52252054527
1316,0.0006580000000000002,-11977794345.410456,-102559992107.20323,61633.91074577675,281250580843506.2,2865689382705.9595,4324.038351656077,-12016325017.537302,-102558559770.73206,61821.662636710316
1317,0.0006585000000000001,-15143830985.756304,-102080859516.82578,61688.52594895993,181560877622987.62,3129971218379.508,3736.878773115247,-15170410603.819345,-102079724988.72588,61767.59165421893
1318,0.0006590000000000001,-18284407499.602337,-101505264314.19652,61718.0963706187,118911330685067.38,3117561426727.407,3472.4562328623297,-18304668067.06236,-101504273820.662,61771.29796551548
1319,0.0006595,-21405270745.81499,-100832873565.48102,61751.49258580966,82027563350132.05,3052298107658.8125,3340.0279825330267,-21417567429.88035,-100832809348.75972,61779.44431731727
1320,0.0006600000000000002,-24502375754.674397,-100064545870.85478,61785.222341524466,59974150755538.7,3021292195448.002,3215.1286732485496,-24507620282.68947,-100065688181.45679,61781.21831150508
1321,0.0006605000000000002,-27559237001.703365,-99204597004.11539,61756.201591153964,46123401006193.35,3040395773010.7476,3045.4407455934343,-27569020922.63216,-99204474095.27878,61740.27807002632
1322,0.0006610000000000001,-30586866302.76548,-98251272261.20316,61733.56566967988,36809499163566.66,3091936808610.616,2833.213965526473,-30600239992.35693,-98249798781.32153,61716.42197843148
1323,0.0006615000000000001,-33580664834.66338,-97206104762.89117,61708.10817955216,30086740792601.82,3152176972430.973,2608.316305152859,-33598249447.349194,-97202824658.24294,61727.045522718974
1324,0.0006620000000000002,-36554059765.369865,-96064465181.40378,61777.9408358754,24973610019018.51,3205705399260.2915,2400.894975922685,-36561872821.753624,-96064083394.47594,61730.922974953566
1325,0.0006625000000000001,-39473131681.24448,-94838222476.12758,61729.45113948334,20965499052927.598,3249755734621.26,2226.1832532346893,-39485610823.864235,-94835798520.65643,61696.87384349459
1326,0.0006630000000000001,-42362758159.64023,-93518517701.80719,61770.04049843973,17785240068696.08,3286478868036.907,2085.9255739737496,-42366973084.17789,-93519273932.66394,61657.005862194426
1327,0.0006635000000000001,-45202722500.26131,-92113602388.40977,61758.06353930205,15234986292715.25,3321526893079.2085,1973.7243056091265,-45202923941.78584,-92116276146.269,61619.11184306893
1328,0.0006640000000000001,-47991820064.31289,-90624896154.4174,61716.15632328029,13168192825983.549,3357204138115.782,1882.0834834388702,-47989437958.37869,-90629101101.73186,61575.881039764834
1329,0.0006645000000000002,-50724220195.65331,-89056254306.00974,61626.046916470994,11471009818381.375,3394156751744.492,1804.9537418645955,-50727058581.34556,-89057907776.62535,61508.38787601377
1330,0.0006650000000000001,-53407512384.0826,-87404307389.48262,61580.79089022689,10057753755754.744,3431715849688.3184,1738.3618073235855,-53411574027.57055,-87405307334.23062,61541.3795312862
1331,0.0006655000000000001,-56039483264.575424,-85670263090.65175,61569.87228265715,8863102667631.56,3469372287540.889,1679.7458067051075,-56044322811.730446,-85670700358.87648,61593.21236016289
1332,0.000666,-58614894184.692566,-83857426183.6438,61558.53261552951,7839773621227.98,3506427847091.144,1627.538703753482,-58622526338.47961,-83855836397.78087,61604.563755975265
1333,0.0006665000000000002,-61133943452.481285,-81965815906.1195,61570.548825750986,6954311967119.671,3542299714979.72,1580.7323035435957,-61141730269.2671,-81963843894.26134,61594.2492130501
1334,0.0006670000000000002,-63594313123.91885,-79996991054.63965,61599.240660123476,6181739713430.223,3576842169838.299,1538.518010404215,-63599033758.990944,-79997087925.81203,61562.87138246547
1335,0.0006675000000000001,-65988551607.921486,-77956807871.25484,61587.530693784065,5503127589394.485,3609976045857.462,1500.2419988570916,-65995010302.89319,-77955273109.9287,61634.54898287072
1336,0.0006680000000000001,-68319586204.91779,-75843322207.57462,61602.308380874514,4904449120992.0205,3641500619843.3086,1465.4292775317504,-68326931747.1256,-75840633828.3382,61649.963868106046
1337,0.0006685000000000001,-70587052219.37695,-73656604367.75577,61655.24463871842,4373620360384.023,3671582039900.0527,1433.6156773030439,-70592054827.67073,-73655724416.57008,61700.50669324303
1338,0.0006690000000000001,-72782302724.2488,-71404545626.81778,61659.106747187696,3900586406735.9844,3700292106422.8135,1404.4208457122174,-72787378526.36713,-71403349627.41031,61709.34685148862
1339,0.0006695000000000002,-74910202008.22318,-69082660932.94167,61714.42967528794,3478012847755.3433,3727424109115.2607,1377.6184993322472,-74912375107.3348,-69084259587.15483,61681.85309350764
1340,0.0006700000000000001,-76958627660.68384,-66703658307.56128,61675.54662673677,3098926262012.9556,3753202106703.3394,1352.929986352855,-76963247877.51747,-66702485087.17094,61704.53389959443
1341,0.0006705000000000001,-78934878329.46004,-64260302567.854805,61696.45894316782,2758673491984.665,3777372956522.702,1330.2254422512701,-78937831400.57268,-64260977613.196526,61665.34625038803
1342,0.0006710000000000002,-80830788352.53894,-61762226504.049736,61667.11586247516,2452130129436.501,3800242795452.3164,1309.2751765597484,-80834408258.41638,-61761972458.92124,61656.558450665936
1343,0.0006715000000000001,-82648821704.41968,-59207036288.944954,61665.90660793981,2175691590351.5178,3821678105444.337,1289.9616208775126,-82653163796.66551,-59205637557.83262,61724.07069894349
1344,0.0006720000000000001,-84389087319.3268,-56594394563.65768,61710.456024692685,1925818584782.0542,3841818547614.0654,1272.1358235085856,-84392172604.5763,-56594523093.755714,61725.86895727898
1345,0.0006725,-86046642368.97362,-53931124286.44795,61731.053544570495,1699424401694.195,3860739622735.5806,1255.6662779183694,-86049044648.581,-53932072913.133354,61722.249111515885
1346,0.0006730000000000002,-87619384017.6332,-51220952681.72403,61726.58935865682,1494315229641.8145,3878359229411.0615,1240.4805520096927,-87621790074.85448,-51221863439.711426,61739.829276963996
1347,0.0006735000000000002,-89106364800.16557,-48466076081.763985,61714.087755899985,1308617866409.9114,3894690343593.8467,1226.504313498338,-89109835415.55557,-48464941108.769714,61746.63621473074
1348,0.0006740000000000001,-90508364271.366,-45665410278.760445,61737.56805127574,1140597767677.7705,3909788481076.9233,1213.6569846505483,-90511592932.7046,-45664452403.50028,61775.73008502847
1349,0.0006745000000000001,-91821721451.6875,-42825903941.851814,61734.334038759145,988559597418.5594,3923736154139.7104,1201.8544347915636,-91824794325.52904,-42825210189.22265,61690.85881675275
1350,0.0006750000000000001,-93045785816.29454,-39949625052.071106,61724.80111867154,851292008195.187,3936485026355.893,1191.0527055254101,-93048604372.40152,-39949541574.76603,61715.9945369949
1351,0.0006755000000000001,-94180615973.83672,-37036850041.623474,61738.26361759714,727666449795.9291,3948068789532.9653,1181.2008415356297,-94182656002.17897,-37038682984.527756,61705.91758210392
1352,0.0006760000000000002,-95223875455.01968,-34093438933.44831,61731.60984077464,616610032125.7982,3958538591099.5894,1172.244155558155,-95225206866.04356,-34097502540.60988,61656.43071052255
1353,0.0006765000000000001,-96173176537.98999,-31127068294.187717,61665.378557859534,517324033328.3609,3967874218021.1846,1164.1496342257346,-96175480264.53752,-31128879352.404137,61622.39326952489
1354,0.0006770000000000001,-97030261566.19917,-28134549547.123363,61632.1195121123,429189983811.8905,3976058117252.1855,1156.892866352818,-97033084846.67114,-28134816475.34123,61625.89767537927
1355,0.0006775000000000002,-97794071882.06117,-25119904697.972546,61603.940961198365,351431851073.9972,3983174111056.743,1150.4268228524813,-97797498146.44684,-25117966555.218166,61611.3086317456
1356,0.0006780000000000001,-98465156299.74422,-22081629088.155262,61623.117538130406,283457355763.0559,3989220089888.5264,1144.7232135152126,-98467995499.52301,-22081612792.51168,61604.561816240566
1357,0.0006785000000000001,-99041374952.94743,-19028595675.85074,61605.21590643307,224711016145.54153,3994222529960.961,1139.7529051679091,-99044209096.31073,-19028533734.980007,61601.409151508815
1358,0.0006790000000000001,-99523244277.19066,-15959992479.352585,61606.74277423764,174870259916.56488,3998145287797.7275,1135.5048049616164,-99526212428.92442,-15959147312.052763,61668.966847119314
1359,0.0006795000000000002,-99910569532.48392,-12876903379.673954,61636.41463348214,133577540070.98732,4001017693793.836,1131.9571531115448,-99913763473.37827,-12874037944.748238,61700.26081893303
1360,0.0006800000000000002,-100202708053.15546,-9783057435.885153,61671.89097984573,100541933711.15227,4002846054197.468,1129.0929336211684,-100205603999.2393,-9781645212.968502,61643.02262648333
1361,0.0006805000000000001,-100398805206.74751,-6687274108.656547,61651.13117276729,75564303361.21645,4003619589568.8115,1126.9026057611447,-100401533622.5867,-6688851659.123278,61532.70651549871
1362,0.0006810000000000001,-100499155212.79451,-3593109606.149825,61596.54316447553,58519780069.43501,4003325099336.0146,1125.3809893364762,-100502032519.17822,-3594326833.5414667,61555.932537075554
1363,0.0006815000000000001,-100504321536.94148,-498277408.609521,61577.7751474228,49275370844.9663,4001974251938.4585,1124.5190375007069,-100507282034.59492,-499290938.13707054,61558.68095747134
1364,0.0006820000000000001,-100414294448.85464,2595165927.837523,61585.529278485585,47724948737.62494,3999573610888.763,1124.3090075998757,-100417232946.4001,2593439365.38039,61578.07303711013
1365,0.0006825000000000002,-100229145731.05588,5682892671.900202,61592.35906627294,53844110928.91426,3996108983779.477,1124.749831844009,-100232252918.69763,5678738528.626852,61524.929406435294
1366,0.0006830000000000001,-99949427055.16806,8757837368.876574,61556.954514509416,67664567955.934875,3991567478918.1387,1125.8428490579654,-99952598933.76775,8754643510.851074,61544.5689346811
1367,0.0006835000000000001,-99575759706.0337,11818528690.415358,61514.809791605425,89231732192.79532,3985947818573.305,1127.5882040116578,-99578636345.93774,11819054019.057138,61556.57507721959
1368,0.0006840000000000001,-99107841174.87112,14869585561.590157,61545.056312231995,118635876359.90738,3979241736194.631,1129.9886646234588,-99110708258.03882,14869407125.90696,61560.322671423615
1369,0.0006845000000000001,-98546816858.17319,17901256692.401863,61541.849084821755,156103575915.56732,3971408455706.5415,1133.057201891812,-98549493148.22675,17902206827.586006,61528.989897581996
1370,0.0006850000000000001,-97892796237.28268,20914400574.997665,61559.635909212026,201824694144.88226,3962449844771.5703,1136.799774687974,-97895397237.18384,20915239531.202496,61602.431625296325
1371,0.0006855000000000001,-97146207568.96516,23906609315.46897,61592.553066846296,256097535604.3972,3952331992111.3784,1141.2307828494518,-97148911154.68695,23906700368.85337,61582.58690626356
1372,0.0006860000000000002,-96308475688.19331,26871800754.54487,61599.83110414955,319284014280.81964,3941024771841.7236,1146.367468760584,-96311463364.01193,26870911825.99353,61556.05561821789
1373,0.0006865000000000002,-95380713816.14967,29806841105.240593,61590.47251278576,391734398950.3367,3928522419019.6797,1152.2228375569496,-95383848189.69405,29805577001.433975,61587.747098962805
1374,0.0006870000000000001,-94363745810.76424,32709898964.680504,61582.001893639426,473867465106.0408,3914801325190.3916,1158.8146232307693,-94366586448.3848,32709702878.828583,61599.48198688427
1375,0.0006875000000000001,-93258169469.74324,35579653210.781044,61588.48311406415,566214446417.5468,3899821453103.298,1166.1675473762018,-93260758289.64702,35580098753.37257,61620.29487636122
1376,0.0006880000000000001,-92065031272.67519,38413376177.428955,61602.36659781415,669436786936.4617,3883532686997.3247,1174.3124088588258,-92068140643.1043,38412662797.054405,61595.58668646672
1377,0.0006885000000000002,-90785696749.34972,41207848389.026794,61614.27912593893,784280063793.838,3865894536003.043,1183.2809005370148,-90788226443.28148,41208589907.278885,61669.303714768896
1378,0.0006890000000000002,-89421574271.34024,43960156468.353294,61622.09795119535,911567041731.9165,3846869699040.4004,1193.1060071312293,-89422869287.49393,43963329440.21519,61692.55710363921
1379,0.0006895000000000001,-87972689044.04572,46670391264.14512,61656.7129555115,1052229226618.1295,3826413316430.246,1203.8251410500804,-87973240039.6221,46674724282.37371,61745.68664325233
1380,0.0006900000000000001,-86438977415.52844,49338173365.65627,61730.05193745078,1207465354797.7275,3804432500442.29,1215.4922060169952,-86440640341.1296,49340052777.11288,61760.236538625606
1381,0.0006905000000000001,-84826698616.96053,51951922020.02607,61725.58191808669,1378728545228.2153,3780827477915.158,1228.170890662415,-84828055414.91405,51954182592.636536,61734.104160595954
1382,0.0006910000000000001,-83134440381.85004,54514907473.14995,61742.284417777846,1567118253306.7021,3755680342309.2246,1241.881452940837,-83136447794.39128,54516072911.731766,61742.6309926463
1383,0.0006915000000000001,-81366070890.22408,57021182691.68453,61730.76274569469,1774373054271.088,3728825821997.015,1256.700191354945,-81367108401.165,57023772428.01231,61749.99218771385
1384,0.0006920000000000001,-79518321032.48964,59475786518.46125,61787.65771208596,2002258265457.525,3700237540615.731,1272.6867516801021,-79521568266.6343,59475083966.46249,61806.64690487254
1385,0.0006925000000000002,-77600297402.00592,61865902641.11691,61762.38188243438,2253428578841.013,3669673722901.766,1289.9582456310193,-77600665084.4309,61869120569.99825,61826.008609895354
1386,0.0006930000000000001,-75609686141.13722,64195457735.57444,61761.76464826272,2529975236218.408,3637264545300.826,1308.5523924020513,-75608814758.78897,64200065872.45807,61784.942392524215
1387,0.0006935000000000001,-73546750913.42189,66464035494.66874,61796.174395324524,2835015753602.2124,3602775651309.2646,1328.5859707366794,-73548422364.46622,66465581460.836716,61777.774759242166
1388,0.0006940000000000001,-71416266044.35448,68666047762.97378,61809.8012886466,3172382639441.6875,3566009619316.782,1350.199201012375,-71420304508.96043,68665026989.70638,61757.011449825026
1389,0.0006945000000000001,-69223304710.38535,70796575367.53723,61775.76428472969,3546117140028.598,3526926916105.881,1373.502284696146,-69225969363.71,70797076590.38469,61783.18101068293
1390,0.0006950000000000002,-66961515690.30333,72862414299.48872,61822.17204692428,3960625051506.6235,3485486950728.9146,1398.6018324691233,-66966739832.98199,72860495555.6029,61859.01336822728
1391,0.0006955000000000002,-64641721459.21307,74852980829.81418,61807.7611494371,4422498341517.861,3441215055042.8525,1425.7377840841787,-64644828341.68285,74853160181.56218,61826.8725366371
1392,0.0006960000000000001,-62260226508.82756,76772109482.83876,61829.368202984035,4938174706955.534,3394196232221.408,1455.04739352278,-62263925921.74321,76771933925.32707,61857.863514572724
1393,0.0006965000000000001,-59820931814.382355,78616371738.4601,61852.125137463576,5516424806212.953,3344028107217.0034,1486.7838764683254,-59826094321.96047,78615134212.18031,61879.91530515723
1394,0.0006970000000000001,-57329953006.6809,80381200099.6998,61836.95655571939,6167589098203.864,3290483131582.689,1521.2095732547907,-57334252705.85795,80380815697.24829,61806.295821310625
1395,0.0006975000000000001,-54784389021.60502,82069121540.71994,61854.56188044411,6903608043755.051,3233424026834.895,1558.5797099139866,-54791257694.69919,82067129578.15945,61809.93459414033
1396,0.000698,-52195635675.28959,83672457943.22626,61805.51228138959,7740314004471.853,3172314543094.9077,1599.289339665795,-52198079838.592995,83673593465.94603,61839.05196889796
1397,0.0006985000000000001,-49553214372.443504,85198505787.41476,61839.05750958084,8695637112383.761,3107090104107.3677,1643.670744655726,-49560032959.049545,85197095875.34448,61787.5831408968
1398,0.0006990000000000002,-46868043007.06442,86640267860.61168,61844.82839336373,9795093470791.877,3036792426456.993,1692.3412534528982,-46876959293.384026,86637935359.00098,61792.499179910796
1399,0.0006995000000000001,-44142403196.07727,87996863511.433,61837.81074649034,11069286936150.932,2961134301053.226,1745.8726652271698,-44151881775.94873,87994548464.2634,61825.987084503366
1400,0.0007000000000000001,-41382323154.42594,89265619132.88036,61796.64490607677,12557482276280.793,2879520343140.565,1804.96451095215,-41387336680.0526,89265795013.4651,61796.60434464735
1401,0.0007005000000000001,-38579585361.57758,90450831632.01634,61820.3789853088,14309967877437.908,2791326875178.9507,1870.4469565467834,-38586339441.464096,90450372956.7438,61857.75416225941
1402,0.0007010000000000001,-35741831479.56525,91548688576.06628,61845.22821606275,16397003006100.328,2695086545165.7075,1943.5812732808151,-35749546194.70293,91547988564.95016,61850.911589697964
1403,0.0007015000000000002,-32875600613.74895,92556682529.30458,61843.60959534576,18912383337892.74,2589702751035.874,2025.833800527479,-32882757326.0661,92556412211.38545,61861.263204108975
1404,0.0007020000000000001,-29979343066.579903,93475701601.96799,61855.39286763304,21983302399962.504,2473923074993.6235,2118.984293153694,-29985510313.31755,93475930080.68771,61890.34240827422
1405,0.0007025000000000001,-27057759831.901028,94304185184.03642,61862.908988499126,25789974143707.95,2345681789167.319,2225.4859609309165,-27062526039.3832,94305014975.76065,61915.88225565981
1406,0.0007030000000000002,-24109572004.584686,95042566093.12518,61892.972958312486,30591368198311.3,2202565314662.4375,2348.6045310324216,-24117618581.150776,95042642320.82307,61867.68638765615
1407,0.0007035000000000001,-21146532734.88545,95687698136.13483,61884.62906192755,36773080602607.695,2041138701244.3728,2492.931947774238,-21154705374.771843,95688020395.8633,61837.97916516367
1408,0.0007040000000000001,-18165340350.614975,96240848322.3736,61886.29952825942,44917113603658.375,1857668713385.668,2664.6979202067964,-18175818995.295677,96241023587.37253,61835.87893085201
1409,0.0007045000000000002,-15177556640.235281,96699944135.87857,61848.71560061574,55941548108085.32,1646508368235.969,2873.110649562819,-15184012027.691399,96701186202.05415,61796.009029400186
1410,0.0007050000000000001,-12170884872.067596,97067547452.89478,61861.14137370462,71330335347575.66,1401295989806.9248,3131.61658410298,-12181319565.714241,97068458012.09982,61827.05742708081
1411,0.0007055000000000002,-9161271841.432587,97341178497.99947,61845.57756068299,93581911780184.67,1113613489036.8677,3461.0086723632508,-9169923351.741272,97342667946.00407,61776.86336807597
1412,0.0007060000000000001,-6152912195.329696,97521088150.16661,61805.86931949565,126919738496591.48,779512299259.8765,3891.539235284136,-6154784591.297867,97523433492.17308,61778.23438320726
1413,0.0007065000000000001,-3128042859.485395,97608879751.78152,61834.02548673067,178149780982044.88,413963229097.54926,4461.120568271339,-3139738785.1761336,97610816564.22928,61725.20044614155
1414,0.0007070000000000001,-107891405.41414072,97602852909.09505,61839.133157075004,255416012233449.1,103254496143.04633,5182.940400461028,-126382937.56329027,97605088552.92935,61719.47312753459
1415,0.0007075000000000001,2904760262.2831554,97503557849.62856,61829.47296461346,353474661745091.25,129779281265.12648,5893.751603681468,2884086583.4532537,97506428300.59586,61751.593159996344
1416,0.0007080000000000002,5895263784.150513,97312132659.50671,61773.32683413862,413470093195827.06,910180224831.3583,6023.882304983643,5887817325.417532,97315059141.69156,61690.69689787889
1417,0.0007085000000000001,8875542006.938482,97029200938.74838,61724.86119947003,361506197765872.4,2131634653791.9731,5243.723089075755,8882076712.008566,97031287068.8991,61731.99375899827
1418,0.0007090000000000001,11835200961.216364,96656075417.01968,61660.30230072071,252093825212765.75,2886831142500.8857,4318.113649424483,11864759690.164238,96655548866.86075,61711.2846872354
1419,0.0007095000000000002,14822981398.822481,96186913761.75455,61723.43550433564,163875833075219.7,3092504126306.602,3778.3232181870912,14832242513.28477,96188255951.01744,61734.89692278777
1420,0.0007100000000000001,17766215803.739662,95630017553.7841,61700.47392702729,108688568244928.72,3067937422079.648,3534.6459780847504,17785357770.433517,95629440058.75555,61763.37813180345
1421,0.0007105000000000001,20691839388.64313,94982660831.32785,61687.24725369152,75904126812621.56,3004581633358.7544,3407.0676236677273,20717695610.740517,94980095382.65169,61768.65986245209
1422,0.0007110000000000002,23603240668.283424,94243879809.98811,61710.576815410685,56070723673476.79,2976871874768.4927,3281.528902586109,23626609972.73038,94241014277.03896,61753.42332226197
1423,0.0007115000000000001,26489351366.56446,93415795880.50362,61734.92719549763,43460902213544.586,2997263774401.1865,3110.732366153655,26511124506.715714,93412527330.53159,61793.26090387032
1424,0.0007120000000000002,29350248697.884235,92498405187.66876,61774.14527722425,34876616511558.766,3048675074198.5806,2897.931856371298,29367248334.45261,92495794905.08838,61795.84350113709
1425,0.0007125000000000001,32182109367.550224,91492696043.45969,61819.63759579693,28613311910323.62,3108254001304.4883,2672.3628920786996,32191454244.89087,91492062858.79984,61781.97901728993
1426,0.0007130000000000001,34967110769.31153,90405042414.39221,61775.47340835431,23807747874343.348,3161321023274.9497,2463.462371164015,34981414634.740005,90402309018.36794,61738.10842829244
1427,0.0007135,37730070505.896996,89226966620.87378,61837.091684301,20026347658684.9,3203768048247.8105,2287.097204761265,37735333496.72701,89227373043.55608,61783.42184646627
1428,0.0007140000000000002,40443346324.555595,87969035723.42332,61810.97727691037,17009389948371.547,3240050624722.3687,2144.5552457421472,40450395749.86595,87968470574.2905,61769.754980995334
1429,0.0007145000000000002,43118018951.29015,86627275410.56248,61814.473960648655,14584366823369.734,3273782987557.848,2030.3001435582048,43122487311.026596,86627724747.15758,61779.09716645028
1430,0.0007150000000000001,45749185660.78824,85203918743.62474,61822.707977074286,12614615644959.28,3308243456908.3804,1936.8498846415146,45751603550.741394,85205310021.21002,61791.19248226779
1431,0.0007155000000000001,48334153448.563736,83700452661.07207,61832.8283270996,10993278733033.031,3344206864194.0786,1858.0895528266049,48335077413.14618,83702618489.57364,61817.39353406261
1432,0.0007160000000000002,50864688224.12551,82121812002.80882,61795.504481647105,9639146947583.82,3381125394224.337,1789.9444587171809,50870110338.625435,82121342396.86337,61827.31325414398
1433,0.0007165000000000001,53347846988.36447,80464281028.25804,61805.464503242256,8493531010917.224,3417878209179.819,1730.0112669879347,53353346049.706696,80463566212.99022,61825.96967765138
1434,0.0007170000000000001,55775650134.74273,78732839136.04456,61797.7823317387,7511885228074.743,3454085698447.6816,1676.652592524914,55782378627.31073,78731067912.09073,61813.95258562796
1435,0.0007175000000000001,58148201825.32747,76927731545.53355,61800.03325036058,6662585564008.826,3489146827217.4463,1628.8261940697623,58154562977.947105,76925997527.31,61811.97494887867
1436,0.0007180000000000001,60462567798.6876,75051218850.79318,61801.98067676296,5921769308001.881,3522904783297.7905,1585.7072390069889,60468612967.235405,75049516216.363,61806.15520307375
1437,0.0007185000000000002,62715458864.79407,73106118568.4217,61791.634867144516,5271319884105.478,3555255919760.48,1546.6379896891692,62721601368.92977,73104142705.57469,61776.767242080445
1438,0.0007190000000000001,64906478423.24063,71093067608.56078,61791.07123024316,4697217761204.914,3586127486898.0796,1511.0943534142416,64911192332.83582,71092215976.8047,61762.92768663344
1439,0.0007195000000000001,67032627905.21312,69014885070.87045,61785.87195735279,4187994738784.8716,3615568092328.9385,1478.6254551904815,67037244991.50266,69013909235.79718,61745.098907039945
1440,0.00072,69093470536.50891,66872192127.90992,61795.7579545767,3734481264617.1685,3643552579662.022,1448.8799367805275,69096760866.38005,66872469087.119255,61789.90535808304
1441,0.0007205000000000002,71085569765.02307,64668528397.15375,61796.56034644633,3328981287370.287,3670134140136.8184,1421.5546560326338,71089134815.68903,64668438765.47849,61804.357968438184
1442,0.0007210000000000002,73010706764.5401,62402082021.63271,61839.49087086872,2965349579854.335,3695281035482.746,1396.4183981880553,73011570819.7081,62404903984.31697,61781.148627736795
1443,0.0007215000000000001,74858036703.0753,60085283568.89483,61784.851525898,2638075256554.8364,3719119378266.3213,1373.2383990989242,74860796793.01387,60086090698.48213,61748.795881039536
1444,0.0007220000000000001,76633984777.61142,57711470332.049545,61782.418296533695,2343563687939.7285,3741406301454.7393,1351.9119051919795,76637060229.69914,57711837340.1931,61802.73474250443
1445,0.0007225000000000002,78335875363.25264,55283857267.683105,61797.902260975156,2077726976145.342,3762421496304.042,1332.2370308447325,78338663512.97198,55284478218.302475,61819.52844511766
1446,0.0007230000000000001,79962465148.93385,52804065521.21209,61831.03502937054,1837275161263.7158,3782176421690.22,1314.0711404174456,79964892296.01129,52805031933.74414,61860.48302280398
1447,0.0007235000000000002,81510059172.82254,50277528335.173874,61839.018423156056,1619469216584.1167,3800680747078.3906,1297.3024932698136,81512056383.45708,50279242902.32502,61771.740308174514
1448,0.0007240000000000001,82974614682.39354,47711399242.56349,61781.648979438934,1422225400233.6968,3817889640605.6523,1281.852927850603,82977234060.55655,47712228193.14144,61689.01472975406
1449,0.0007245000000000001,84358047631.43364,45103729539.02421,61740.260948779964,1243911959701.0737,3833767595294.497,1267.6595305788412,84360995411.10255,45104038950.76109,61725.54368978958
1450,0.0007250000000000002,85659334216.60612,42456841641.164246,61710.40766582171,1082697764754.2909,3848450510545.579,1254.6215231580304,85663081887.70479,42455547449.4657,61681.285628087586
1451,0.0007255000000000001,86878256702.67241,39771502257.0479,61706.62064353993,937007769060.2754,3861970661157.0347,1242.6617033483967,86882346723.29425,39769246764.18323,61732.98787074435
1452,0.0007260000000000001,88014112170.51047,37049147782.03071,61728.880143638795,805459693187.7131,3874358566342.922,1231.7151569919365,88017427291.41321,37048396382.51887,61695.434702280945
1453,0.0007265,89064295702.26671,34295752701.402386,61728.44036087275,686901044837.219,3885629737463.609,1221.7279797471406,89067057925.27574,34296339544.74406,61675.95540976319
1454,0.0007270000000000002,90027429233.48721,31515650133.28703,61698.55557837915,580501851871.3613,3895752439377.508,1212.6660305901732,90030379410.3576,31515827686.762756,61649.34480084991
1455,0.0007275000000000002,90903844201.16347,28709022002.41215,61680.45397065215,485536708458.63086,3904735316531.475,1204.4933538906573,90906672193.54655,28709664998.23761,61657.45263777866
1456,0.0007280000000000001,91693942109.00386,25874829894.196495,61707.981224713236,401249290237.9857,3912629742748.7246,1197.1648072719504,91695804768.24405,25878871421.274265,61669.50238053494
1457,0.0007285000000000001,92394911549.98045,23022434448.02016,61688.789884820726,326925978454.13086,3919472653078.755,1190.6390679017318,92397355348.98207,23024551798.712444,61732.46742242851
1458,0.0007290000000000002,93008119212.80272,20147826586.004036,61716.611047740014,262147772577.0382,3925211937504.2915,1184.9026974782396,93010988065.36595,20147972724.01266,61823.92728240675
1459,0.0007295000000000001,93532722681.83563,17253627260.92554,61769.47667990819,206388969491.6226,3929904026200.5293,1179.9224354666785,93535624389.5638,17253365820.300037,61795.16325108429
1460,0.0007300000000000002,93966761387.9627,14349614768.792797,61761.78573605697,159264973588.8807,3933544308640.287,1175.6774194457137,93969958053.31174,14347503898.21899,61768.13879514013
1461,0.0007305000000000001,94311315317.55487,11431166186.378994,61800.404869093,120557801368.32814,3936097531419.7446,1172.1608795020663,94313987691.13507,11432161944.542889,61786.908540544246
1462,0.0007310000000000001,94565286435.93294,8505293031.989074,61818.57271872956,89963301642.49939,3937604280688.9746,1169.351093708624,94567810149.39598,8507628254.760518,61774.351235943235
1463,0.0007315000000000002,94728373445.48376,5577354004.32125,61799.81331887151,67306825794.73734,3938045769986.4478,1167.2396520964642,94730951705.312,5579499393.337553,61774.630186409166
1464,0.0007320000000000001,94800800820.13823,2650256534.334051,61761.256636356935,52450171349.81723,3937418516538.406,1165.8194595764655,94803693332.86288,2648453912.1793222,61814.21642501126
1465,0.0007325000000000001,94782961767.46837,-279274283.8695316,61775.61215306884,45270615016.09987,3935729487737.464,1165.082202377311,94785758175.12122,-280942633.9354035,61755.97042341189
1466,0.000733,94674700118.56332,-3204465668.473293,61775.55539071057,45689242657.20875,3932978901352.8022,1165.0219081185787,94677419028.42746,-3206899947.4707847,61806.59970424187
1467,0.0007335000000000002,94476154805.42819,-6125555101.119735,61799.59081831973,53700299671.58917,3929151410517.4487,1165.638518161538,94478719019.01802,-6128240668.177086,61857.96293260239
1468,0.0007340000000000002,94187316589.89334,-9040619746.400005,61844.94514302688,69351636446.61723,3924234209976.63,1166.933912308724,94189754253.0762,-9042984180.664175,61885.50327922512
1469,0.0007345000000000001,93808500157.99277,-11944616571.063725,61877.764962187546,92752476027.34549,3918208645164.869,1168.9132713002755,93811135171.12854,-11944689267.172644,61875.21652288074
1470,0.0007350000000000001,93340888285.80115,-14829169005.04283,61845.5951676816,124039637050.89803,3911062901321.3516,1171.582271258326,93343204779.12288,-14831642263.177149,61873.71549625848
1471,0.0007355000000000002,92784070198.50027,-17699930849.28994,61867.91728164058,163323929019.97903,3902804832563.2954,1174.94286994901,92786373225.616,-17701872873.11593,61853.14204239875
1472,0.0007360000000000001,92138951362.4023,-20550922277.321854,61884.29384183596,210887746767.59488,3893384461200.265,1179.0123586867933,92141985290.04501,-20549311097.113388,61823.80741669801
1473,0.0007365000000000002,91407356590.63254,-23374616607.507042,61846.64774485998,267017867912.5946,3882788815767.606,1183.8039304896963,91410492897.97871,-23372930659.711548,61796.160183624124
1474,0.0007370000000000001,90590056583.37973,-26170193193.544037,61800.08030907662,331962486946.13104,3871028315738.712,1189.3243585619941,90592691958.0063,-26170597464.8227,61810.82114803332
1475,0.0007375000000000001,89686819300.44145,-28939533173.909634,61796.637124866356,406086846961.8738,3858070502701.5405,1195.5910900364331,89689891254.9648,-28938715256.515484,61740.57468771631
1476,0.0007380000000000002,88700260706.79672,-31674451797.231335,61755.78318111015,489949007378.86694,3843847280933.658,1202.635585044332,88702792846.41965,-31675529430.745632,61754.66854820351
1477,0.0007385000000000001,87629614044.50035,-34378308773.3948,61758.79160802619,584006391772.3651,3828374661664.7593,1210.4723043857227,87631909579.28395,-34379872626.54041,61778.28336662724
1478,0.0007390000000000001,86475851904.86554,-37048246239.95063,61781.81363176549,689000950015.2563,3811563197756.5107,1219.140419208476,86478025004.7184,-37050046113.05136,61822.15297951504
1479,0.0007395000000000001,85240992694.42073,-39679388763.35582,61789.92599417555,805735300131.7655,3793367911421.333,1228.6768570258387,85242368718.58228,-39682697614.01,61834.822056664394
1480,0.0007400000000000002,83924865281.27321,-42272366114.348206,61824.577762845416,935008160546.7072,3773774782860.3896,1239.1114053669296,83927236079.17868,-42273381767.0794,61809.71487963859
1481,0.0007405000000000002,82530483653.4229,-44820903244.625984,61831.34315483649,1077884967872.4241,3752692849730.259,1250.4948793261822,82533936997.9521,-44819914121.86944,61775.28795959878
1482,0.0007410000000000001,81061635401.6146,-47318666627.063126,61778.096204793306,1235377193248.4724,3730117938445.552,1262.8634799691938,81064199985.5152,-47319404450.79958,61754.56371531874
1483,0.0007415000000000001,79516457947.88824,-49770006741.42946,61766.69658390342,1408473148031.3816,3706062515781.345,1276.2459994420822,79519766525.12428,-49769669551.30388,61691.78157644637
1484,0.0007420000000000001,77898274089.19449,-52169558624.194664,61742.71442871827,1598799334855.1768,3680346278378.4253,1290.7245336539538,77901401179.61763,-52169683496.8483,61751.62712296288
1485,0.0007425000000000001,76206328889.6172,-54518858800.891815,61755.11391590944,1807988490762.0623,3652943114505.602,1306.3590619480647,76209795318.3812,-54518515036.141884,61749.4565911629
1486,0.0007430000000000002,74444198644.80176,-56812721228.97065,61752.962988843385,2038196426495.2146,3623704014538.2324,1323.2399376739738,74448441375.94444,-56811581514.51114,61692.83291672444
1487,0.0007435000000000001,72613807583.74474,-59048971423.048164,61741.69511975249,2291615579168.2915,3592600149081.41,1341.4386606740354,72619276392.9922,-59046574471.01523,61692.9420131504
1488,0.0007440000000000001,70718709785.80322,-61223640864.485954,61701.38671568739,2570788740188.0996,3559544061509.8525,1361.0412097858473,70722615503.74506,-61223453138.8855,61689.1265799172
1489,0.0007445000000000002,68759427864.10847,-63336790363.40488,61668.04468530034,2878513391620.787,3524478419528.84,1382.1349177299762,68762540349.74017,-63337660692.9664,61608.656033643216
1490,0.0007450000000000001,66736326808.191826,-65388290640.52624,61660.49382962741,3218341756825.326,3487229994777.79,1404.8462455658764,66740196140.83296,-65388440634.30479,61669.40934273359
1491,0.0007455000000000001,64651417952.579926,-67376062653.76094,61665.73014684272,3594679218868.799,3447597408314.6787,1429.331105842534,64654718154.60782,-67376831160.267456,61706.47214463088
1492,0.0007460000000000001,62508200787.06469,-69296795444.70207,61659.44850459442,4012661382066.1187,3405427400925.2847,1455.7507253193828,62508877854.06342,-69300050517.27832,61748.194013609405
1493,0.0007465000000000002,60301975954.613556,-71154841935.23706,61727.344235129916,4478115786956.472,3360607002206.345,1484.2660266474581,60304817771.0837,-71156049019.57741,61759.25474567252
1494,0.0007470000000000002,58040946467.39796,-72942495527.44606,61763.26310914573,4999040839354.465,3312689384435.967,1515.1499133657724,58044720104.82817,-72942870850.64563,61822.164091406754
1495,0.0007475000000000001,55729525297.0411,-74656514049.91037,61757.69456479253,5583907545395.568,3261654417457.2314,1548.6053148887297,55730812565.45333,-74658858968.97394,61814.42722432812
1496,0.0007480000000000001,53364440163.71805,-76299751417.07254,61787.769939991704,6242595739358.709,3207368419295.3306,1584.8554657314846,53365998897.24982,-76301795806.10657,61823.350448930796
1497,0.0007485000000000001,50951023504.166214,-77868199324.54765,61806.11923114911,6988357653459.399,3149307727682.49,1624.2710500129,50953406569.45819,-77869659798.81407,61806.01752079107
1498,0.0007490000000000002,48492521292.59151,-79359889735.90645,61809.13841047727,7837056207406.886,3087203029944.34,1667.2286613009949,48495999343.043564,-79360706776.73798,61769.534917530735
1499,0.0007495000000000002,45993228342.51404,-80772486199.57788,61786.15816736912,8808298281067.137,3020708284292.7373,1714.15836452023,45994302071.93816,-80774841238.634,61848.466924682274
1500,0.0007500000000000001,43449353195.26743,-82108510892.43835,61804.18550444943,9926423879959.19,2949438426063.992,1765.5593079312612,43449535542.40997,-82111256874.18231,61846.844656823516
1501,0.0007505000000000001,40862405376.913445,-83366804867.38765,61853.423569857216,11224123336393.66,2872551971889.5884,1822.1545554286893,40866113559.02037,-83367644702.25703,61820.680188658065
1502,0.0007510000000000001,38242410479.1215,-84542169293.9345,61858.4845033983,12744119014030.182,2789249276885.029,1884.8170837479067,38247979616.14294,-84542312187.68286,61806.849249786355
1503,0.0007515000000000001,35589034244.14406,-85635220627.11221,61860.19484728999,14540131846512.053,2699054288631.019,1954.4540496830693,35596370394.68155,-85634851826.172,61828.1460586611
1504,0.0007520000000000001,32905292671.79847,-86644856516.1026,61856.58505652556,16684219847822.93,2600909104477.3447,2032.2807982581485,32913658968.670715,-86644445803.83426,61839.93813831841
1505,0.0007525000000000001,30195014297.87114,-87569832350.78706,61840.99225750948,19274049460997.16,2493553693194.303,2119.865359945592,30202214058.830597,-87570142989.49423,61841.13458137297
1506,0.0007530000000000002,27454380219.51471,-88411678429.79552,61862.64995250638,22444189873577.76,2375482285526.4604,2219.219882746635,27464443124.766293,-88411339471.2558,61847.9641883413
1507,0.0007535000000000002,24695098636.77293,-89166514571.17987,61847.52198003327,26387792199360.773,2244348454766.8384,2333.1558938212493,24703323610.787205,-89167078786.43565,61835.71404057024
1508,0.0007540000000000001,21916748991.489872,-89835003841.24626,61828.84989740685,31380449442968.13,2097989544547.2249,2465.2242053747073,21922779062.90516,-89836386454.70715,61825.06136894301
1509,0.0007545000000000001,19106922190.202156,-90420192227.12962,61898.02112580737,37832071559822.82,1933069759435.7266,2620.3985798969934,19124744606.486137,-90419070830.36792,61805.459011880994
1510,0.0007550000000000001,16298420379.238443,-90914303559.2259,61852.93129294007,46382235080237.94,1744226895417.7024,2806.2096862572084,16311125168.956482,-90914819822.3121,61818.89290562972
1511,0.0007555000000000002,13468518838.086082,-91322822063.80623,61869.76689599584,58020851918385.125,1527404539969.0535,3032.658785506606,13484352968.837347,-91323191591.9341,61837.99694461632
1512,0.0007560000000000002,10627830830.257746,-91643495523.39558,61887.474570221864,74377148948913.73,1274864038006.093,3315.362320370517,10649632837.074526,-91643623916.42929,61811.443234800565
1513,0.0007565000000000001,7782986164.234978,-91875613257.72714,61887.20552240512,98172865304632.67,979972831436.8015,3677.5326404418533,7808545959.990816,-91876069970.99985,61816.22360621368
1514,0.0007570000000000002,4930833968.159364,-92019747323.47934,61900.80658319268,133941075496491.36,642668883492.6628,4151.9030891499615,4963694451.430169,-92020519882.47345,61781.028380035496
1515,0.0007575000000000001,2075813161.8628995,-92075496520.86392,61916.839747482794,188568162525484.3,291292207960.62354,4773.83288790402,2117961287.8211608,-92077043148.22363,61775.83981645074
1516,0.0007580000000000001,-775121218.0251763,-92042727835.59781,61918.28276597027,268048918002572.4,52136833210.714264,5525.63620951829,-726525943.3155029,-92045627945.43994,61739.20594445845
1517,0.0007585000000000002,-3614340951.1075125,-91922004358.10767,61893.92841100021,357250016346658.9,261240924354.22678,6142.483510316484,-3565249893.6080604,-91926495394.77972,61758.363915916685
1518,0.0007590000000000001,-6428050778.107805,-91714864524.78676,61816.01898810856,387806093474986.94,1219507720280.5835,6006.561525769161,-6398115994.198454,-91719906178.84123,61754.055683853905
1519,0.0007595000000000002,-9226505260.192595,-91422243368.07211,61735.43028737798,316820624005460.06,2351836746490.035,5093.794034399559,-9221352832.593168,-91426100848.78943,61751.28417957612
1520,0.0007600000000000002,-12009971012.685137,-91044739365.67967,61658.590093750834,216114268386671.84,2931392451099.925,4244.072023723158,-12032367772.872355,-91045567483.88269,61742.92400110452
1521,0.0007605000000000001,-14818301315.19667,-90576815371.01765,61706.413731825465,141564155676113.53,3054617220152.056,3786.5847171065952,-14828064142.94936,-90578777151.64967,61755.523421397746
1522,0.0007610000000000001,-17589309145.089783,-90025902285.88031,61686.97051358713,95481710347321.81,3011743749406.0737,3580.0976826026126,-17608103982.040924,-90025957894.4431,61786.93941173465
1523,0.0007615000000000001,-20344843570.44939,-89389408507.61348,61684.429156975544,67835378162021.11,2953392085591.995,3460.286731815543,-20370522720.248524,-89387324532.99649,61849.97110520846
1524,0.0007620000000000002,-23090440401.921574,-88665635271.48158,61737.231484904325,50838464076116.164,2934684959822.586,3329.906294602798,-23110584362.274677,-88663918443.00906,61827.76933836873
1525,0.0007625000000000002,-25808741665.181347,-87858146412.31157,61775.55617126422,39828820576189.51,2960921630699.546,3152.3699494921825,-25825938944.193516,-87856498331.066,61844.2336409781
1526,0.0007630000000000001,-28504114097.73344,-86965880511.17087,61836.17279870702,32198313907484.29,3013546359579.4907,2936.20795377124,-28512758171.715534,-86966270372.05101,61797.0104641733
1527,0.0007635000000000002,-31159326677.93714,-85994291473.54314,61826.12901915669,26550972470373.035,3071628061007.619,2710.9944781795148,-31168291752.504154,-85994323142.48706,61810.38371346976
1528,0.0007640000000000001,-33783682178.665783,-84941018502.07823,61830.95626605368,22181244243307.69,3121991101601.639,2504.5023331043562,-33791842551.984165,-84941005007.82877,61828.21328447836
1529,0.0007645000000000001,-36371469767.04548,-83808281933.89714,61825.90283015079,18719134642221.703,3162806695249.0693,2330.335949569486,-36380427240.8761,-83807641529.49736,61833.369616782584
1530,0.0007650000000000002,-38921020261.46135,-82597059657.4472,61818.32096212618,15945614542309.984,3197431413145.0337,2189.379734959925,-38932952080.87129,-82594747618.83173,61870.66265116175
1531,0.0007655000000000001,-41432353171.245026,-81307481559.29724,61827.023719250334,13705764003824.4,3230117587100.8438,2075.8639403012808,-41443541542.53269,-81305081231.27328,61816.01373195117
1532,0.0007660000000000002,-43903207884.767746,-79940588118.99913,61849.337695097,11878228014485.88,3263583441930.1963,1982.6076920371474,-43910045433.550514,-79940076289.6931,61788.24131574846
1533,0.0007665000000000001,-46324211154.493004,-78501534337.33986,61823.178266563926,10367601080088.324,3298524301067.42,1903.7513055609024,-46330417638.856514,-78501235763.5739,61734.82590936831
1534,0.0007670000000000001,-48697630286.1036,-76989679158.89209,61799.630253722855,9102596178270.56,3334150300706.209,1835.4633068977446,-48702579879.45143,-76990008252.5171,61719.45952644262
1535,0.0007675000000000001,-51023154409.738525,-75405387504.08542,61795.15367199745,8029294866898.809,3369789272954.012,1775.2941451936751,-51025471782.633446,-75407326013.76549,61729.55873400531
1536,0.0007680000000000002,-53291260040.75467,-73755210866.54933,61733.622140480285,7107674258443.417,3404868404094.923,1721.6700194115144,-53297745541.12859,-73754270648.60252,61722.94880678999
1537,0.0007685000000000002,-55507906101.01404,-72035699504.18639,61710.55467033609,6309551999551.377,3438699444254.072,1673.6168085847094,-55515832434.736115,-72033430219.42326,61701.8631610043
1538,0.0007690000000000002,-57673000351.33236,-70246728710.41083,61735.2775715649,5612450853307.38,3471355560422.449,1630.2628187374255,-57678301517.91022,-70246228023.59491,61721.399861496946
1539,0.0007695000000000001,-59781671439.40204,-68391883068.336975,61762.960253914825,4998854726814.465,3502842299848.9883,1590.898897536474,-59784598353.36806,-68393258253.44878,61752.973269695554
1540,0.0007700000000000002,-61828020366.58542,-66476384966.98899,61747.79953447691,4455712414334.102,3532980034812.199,1555.020400893205,-61831339476.213646,-66477396534.93468,61768.93061591785
1541,0.0007705000000000001,-63814413377.675705,-64498593747.884415,61753.664095278946,3973272647372.1577,3561587017756.204,1522.259858912789,-63817539598.188995,-64499665810.733864,61748.51783430953
1542,0.0007710000000000001,-65736281934.46745,-62463008196.484,61739.44681081256,3542964737831.241,3588816637631.751,1492.236355781021,-65740684201.204926,-62462727708.46724,61744.28527428415
1543,0.0007715000000000002,-67596497242.7847,-60366915452.18726,61772.541486468464,3158022204783.9907,3614615294496.274,1464.6679714613063,-67599828258.27258,-60367516593.54029,61837.374772696676
1544,0.0007720000000000001,-69390519337.53532,-58214948895.43426,61799.690708253336,2812253069959.224,3639138885317.7114,1439.2717710005186,-69393674915.31155,-58215549672.43241,61838.55874398249
1545,0.0007725000000000002,-71116969556.02126,-56008799777.39391,61827.8205041445,2500907809151.53,3662310560801.1143,1415.8597680581977,-71119644594.39781,-56009871216.357216,61837.8137312015
1546,0.0007730000000000001,-72772273097.2368,-53753058692.4591,61826.93583821074,2219993346019.6313,3684143904372.853,1394.2666113521555,-72774591665.56418,-53754457838.68779,61809.346108341684
1547,0.0007735000000000001,-74354933344.09663,-51450263738.676216,61806.41806181106,1966316170849.7207,3704610705804.1367,1374.3611701945458,-74357683131.32828,-51451134941.10604,61778.70189153063
1548,0.0007740000000000001,-75865039477.6623,-49100781860.79027,61797.69983088021,1737062792412.9634,3723750828948.621,1356.0155358270993,-75866973687.40979,-49102930968.67921,61728.60791673237
1549,0.0007745000000000002,-77300667546.0131,-46707739693.73367,61786.019788708065,1529618570144.056,3741648505547.6914,1339.0999226737486,-77301822437.48634,-46711296439.8538,61740.87895219232
1550,0.0007750000000000002,-78658997037.14679,-44276228170.39445,61741.58521079472,1341815390730.033,3758311599988.4043,1323.5154218783227,-78661904400.86603,-44276936557.64382,61764.26997742662
1551,0.0007755000000000001,-79941185712.479,-41805060367.945465,61720.77516998163,1171930782614.564,3773715650556.783,1309.1898989519707,-79945394801.8264,-41803282968.49154,61715.99522423012
1552,0.0007760000000000001,-81147567364.06912,-39293605435.484566,61746.9850723659,1018236620357.4868,3787954359774.368,1296.0307887423521,-81149911912.29181,-39295240175.56035,61661.3619392074
1553,0.0007765000000000002,-82273692793.494,-36750651846.879,61726.82386854587,879179279944.2728,3801085918026.2764,1283.953993032361,-82275536174.405,-36753500801.94658,61670.662549517096
1554,0.0007770000000000001,-83317973373.68529,-34180964117.277897,61656.99621005685,753774830113.0983,3813021672290.9106,1272.9252606244706,-83321120312.47623,-34181008066.800457,61596.926851193006
1555,0.0007775000000000001,-84283189132.75764,-31579228260.084187,61647.961187774876,641147403169.9222,3823766786737.3115,1262.9033537491168,-84285266903.66762,-31582123321.25769,61575.04729240184
1556,0.0007780000000000002,-85166531434.82729,-28952573904.27456,61620.34232990789,540189311096.75494,3833450581472.836,1253.8127070572282,-85168905191.66032,-28955019305.47359,61610.804571163615
1557,0.0007785000000000001,-85967613551.4249,-26303124074.268017,61587.73491841441,450171142915.1281,3842027758074.9116,1245.6200544363828,-85971023707.77032,-26302506085.85879,61611.26207002976
1558,0.0007790000000000002,-86687209754.48515,-23629040839.309284,61600.45718674111,370429682881.75024,3849510934246.423,1238.2917428419394,-86690624996.64581,-23628098914.7404,61610.68965265193
1559,0.0007795000000000001,-87324918457.16127,-20930953847.86735,61657.58623380877,300297900680.3302,3855947848115.312,1231.7858774544534,-87327348826.83942,-20933604474.738323,61607.21898096292
1560,0.0007800000000000001,-87877710333.53403,-18220479345.256084,61639.895085306045,239242489786.2673,3861343915833.4883,1226.071824271617,-87879986228.41063,-18223991695.256767,61585.384619207434
1561,0.0007805,-88345977355.56305,-15498476018.221722,61602.08273052278,187004733183.89993,3865635983840.472,1221.1439416061119,-88348656949.79822,-15500440888.13183,61601.776347251085
1562,0.0007810000000000002,-88730254911.95407,-12763711895.010054,61595.18933873755,143243837089.88794,3868858792331.2017,1216.9791941224664,-88733213429.43309,-12763865675.007496,61638.07935128878
1563,0.0007815000000000002,-89030191169.76637,-10018379126.52786,61608.84114919371,107607499054.86954,3871044518775.0728,1213.5517698732092,-89033226018.99895,-10017417054.493868,61640.665832626466
1564,0.0007820000000000001,-89245519499.82599,-7264207258.138691,61642.58722083327,79838664478.49721,3872187306481.9053,1210.8471083890622,-89248250566.83357,-7266194039.14368,61596.889527145424
1565,0.0007825000000000001,-89375511221.77943,-4509411784.806556,61626.82220012698,59754337159.74456,3872279244988.127,1208.855713365182,-89378328459.41364,-4511327770.447501,61594.115051354966
1566,0.0007830000000000002,-89420561227.56168,-1754011707.4258075,61613.15762442417,47253331221.82922,3871304542174.6187,1207.5731281303956,-89423460755.03433,-1756026827.634353,61588.8210713962
1567,0.0007835000000000001,-89380756219.89372,996904721.5694146,61574.10964189681,42233193893.041954,3869272712513.3267,1206.9908049198455,-89383763840.04318,997252401.3767155,61591.959948162636
1568,0.0007840000000000002,-89256456032.27827,3743469716.836646,61551.1179708482,44634656570.70968,3866180961862.575,1207.1037569223486,-89259254972.0442,3749441801.8975263,61641.33059034061
1569,0.0007845000000000001,-89047440482.3881,6491027016.389956,61621.69530519322,54440703360.680336,3862024390336.417,1207.9097039833612,-89050133633.91275,6494306667.783372,61618.594031589964
1570,0.0007850000000000001,-88753916559.54965,9228995183.183298,61655.68606208903,71739953109.42621,3856774474218.0024,1209.4143628374588,-88756823885.75887,9228678709.605787,61631.74816821526
1571,0.0007855000000000002,-88376514343.95712,11953067386.917725,61652.13282819028,96634172303.74573,3850421476688.384,1211.6220593956157,-88379718438.61638,11950555380.588484,61554.08571019915
1572,0.0007860000000000001,-87916145922.03435,14659044989.653448,61611.20125585969,129233448395.87437,3842963255582.853,1214.5358885804974,-87919581309.76627,14655913835.169851,61556.18291240926
1573,0.0007865000000000001,-87373546063.96196,17345308796.434273,61560.291941687785,169666096961.0426,3834397191426.99,1218.1601052374942,-87376999276.17854,17342907991.16814,61494.580039412765
1574,0.000787,-86748935667.2597,20012411245.93953,61537.15887697097,218126747913.99365,3824706151628.0938,1222.5043499319381,-86752707229.94731,20009057843.194584,61463.08690254527
1575,0.0007875000000000002,-86044074246.26486,22653266569.535587,61478.362076711666,274925532684.2836,3813851966502.6484,1227.5865513648928,-86047811159.53835,22650775924.35566,61384.58768767288
1576,0.0007880000000000002,-85259110360.1787,25269202821.928345,61441.56406701543,340332194575.62506,3801841499815.5347,1233.4159534951168,-85262774265.5664,25267556360.419262,61420.96057458507
1577,0.0007885000000000001,-84395684165.39868,27855310273.189865,61388.75063931383,414771059019.45374,3788626961011.722,1240.0150839957612,-84398454693.15117,27856945720.93728,61390.43447609043
1578,0.0007890000000000001,-83451814338.55016,30418454629.07543,61429.8182415175,498659953162.30695,3774199407311.448,1247.401447680642,-83455690799.97337,30416884354.615654,61395.21929329658
1579,0.0007895000000000002,-82431581367.50859,32946219690.264927,61410.07865320926,592768484121.7125,3758437587701.7354,1255.6232922876507,-82435446900.5426,32945021947.9575,61368.22620189458
1580,0.0007900000000000001,-81334469310.70518,35441087506.5119,61411.259719034046,697571133001.9265,3741404198348.253,1264.6900372257637,-81339081087.97751,35438392945.06694,61412.52813529876
1581,0.0007905000000000002,-80162435438.91031,37898613584.38514,61399.699687616434,813831683317.6396,3723016630825.678,1274.6403674037379,-80166656951.68494,37897046406.441284,61397.61905579789
1582,0.0007910000000000001,-78914912152.6704,40320377897.115395,61425.14909128658,942327865587.389,3703250229569.273,1285.508677635773,-78919699087.63788,40317949765.49213,61432.333954392576
1583,0.0007915000000000001,-77595056902.87558,42699895302.07202,61422.59972219511,1084142172805.1082,3682002392561.8604,1297.3515708470188,-77598772196.83737,42699725446.54768,61494.819253153175
1584,0.0007920000000000002,-76203257013.16092,45036959502.93839,61427.52241658824,1240265611258.9348,3659280235203.3286,1310.2047585975815,-76205458506.47348,45039463602.236206,61492.92635284461
1585,0.0007925000000000001,-74738935214.99498,47332527434.99955,61473.73227518157,1411974010370.6768,3634998649770.786,1324.1252209188042,-74741474100.2264,47334275104.77782,61533.81320730287
1586,0.0007930000000000001,-73205620410.75652,49580542107.59062,61497.66162204154,1600922383716.1582,3609024172316.8716,1339.1941337131054,-73208291086.76392,49581987009.14668,61498.83969442363
1587,0.0007935000000000002,-71606046015.2324,51777257675.18655,61488.990327187705,1808699997465.2468,3581355217599.29,1355.4668928857434,-71608723138.56317,51778798599.73164,61492.37269519312
1588,0.0007940000000000002,-69938595263.39342,53925336940.39997,61518.55456039292,2037039301315.3706,3551959958861.189,1373.0017536413,-69941835714.90523,53926116834.58611,61533.70121968187
1589,0.0007945000000000002,-68207882079.383484,56018516251.9866,61518.17967725051,2288389834521.5933,3520635258167.4375,1391.9115053007301,-68211256526.405045,56019196257.020836,61488.98534060151
1590,0.0007950000000000001,-66415661533.56852,58055105480.41605,61502.738182584755,2565182275092.1226,3487374804312.1616,1412.276167964067,-66420481317.95547,58054218850.12959,61394.78002402082
1591,0.0007955000000000001,-64566295415.30874,60030591112.606964,61443.48374136801,2870306261810.446,3452081359882.3896,1434.1948352960137,-64570156459.55348,60031021631.366295,61368.96786884299
1592,0.0007960000000000002,-62655110395.2392,61950705237.856224,61453.66021799715,3206886367720.7744,3414718431298.5923,1457.761242410631,-62661403298.3495,61948745509.05292,61393.595817104324
1593,0.0007965000000000001,-60689487627.984215,63807615987.51342,61426.30399151615,3579597726579.9106,3374911050718.0796,1483.1744158799634,-60694347394.73501,63807325752.133026,61462.21958318011
1594,0.0007970000000000002,-58667306225.79197,65603858952.150276,61431.42047032968,3993075836481.273,3332687278071.1274,1510.5618984721525,-58671443485.61478,65604259556.71507,61434.27152234008
1595,0.0007975000000000001,-56592903217.764114,67335446071.30716,61424.73334793192,4453447802817.634,3287753793287.477,1540.129450969999,-56596625175.50709,67336351765.18415,61411.40692360887
1596,0.0007980000000000001,-54465598601.25879,69003157404.42241,61443.19203728361,4967615726924.933,3239987677037.904,1572.0743147339724,-54470750831.08984,69002996932.39803,61426.05809691067
1597,0.0007985000000000002,-52290755557.97338,70602653970.02417,61437.957999830054,5544322566222.544,3189072663596.9336,1606.6632711140128,-52296899037.50399,70601947953.34071,61381.29972334355
1598,0.0007990000000000001,-50069907842.88098,72133146942.7882,61426.16738298553,6193563928660.495,3134874074891.717,1644.1514681890424,-50076248473.50818,72132565073.7586,61424.34340119269
1599,0.0007995000000000001,-47802558123.66926,73595168768.14403,61438.17080020257,6927694780642.152,3077096429470.577,1684.8577616878717,-47810875125.763374,73593436996.38513,61380.3957873384
1600,0.0008000000000000001,-45496918468.39466,74983364798.50542,61403.83308439853,7762556517731.556,3015275686448.649,1729.206071898597,-45504872881.39337,74982252944.03455,61337.99087482446
1601,0.0008005000000000002,-43149604678.955345,76300373656.74774,61397.16762706953,8716646842373.666,2949260474069.4546,1777.5927217579278,-43158894442.79701,76298760300.94719,61356.08762104948
1602,0.0008010000000000002,-40766334385.74955,77542934861.87186,61374.96287573081,9814541468183.541,2878382431202.7603,1830.6049309534574,-40775611699.86988,77541627969.43594,61265.37670573905
1603,0.0008015000000000001,-38350813201.515396,78709488401.96516,61331.75420030214,11086844970119.67,2802197985529.566,1888.8878798244693,-38359779739.054474,78708711114.27888,61276.13291745611
1604,0.0008020000000000001,-35899070005.88255,79802368712.37657,61329.716747884704,12572595058242.506,2720155243650.4854,1953.2035795884394,-35910198893.88638,79800854750.08603,61285.8086870161
1605,0.0008025000000000002,-33421545061.153873,80816761225.18658,61286.9108463515,14324724457725.781,2631166044239.66,2024.6286873252245,-33429467306.63621,80817005142.65529,61291.892071115886
1606,0.0008030000000000002,-30914380623.14179,81754853784.54868,61268.23477549685,16411180733886.797,2534600119268.205,2104.330290648603,-30918333621.209797,81756865199.03712,61362.918092739244
1607,0.0008035000000000002,-28376559708.561974,82616939143.53328,61289.77423805018,18925538978218.98,2429044069962.351,2193.9268798415683,-28379232027.760693,82619412634.93576,61375.44273012994
1608,0.0008040000000000001,-25814058658.07777,83400629517.14078,61310.670797122766,21998545686310.45,2312717803159.167,2295.5927083095066,-25814808195.823505,83403673718.02267,61466.918339521995
1609,0.0008045000000000001,-23225165271.68942,84106406975.59207,61359.030857213664,25813117144842.715,2183817806484.6467,2412.069303619001,-23226114024.073036,84109258133.45152,61470.90377010452
1610,0.0008050000000000002,-20621424622.951233,84730808874.38768,61365.60241532484,30634813053998.223,2039672421089.2588,2547.124373775856,-20619396713.3143,84734367393.51094,61433.759905982835
1611,0.0008055000000000001,-17995111983.477486,85276102091.78627,61407.938056744555,36851569874151.48,1877576168539.1555,2705.6875255881887,-17998548079.674133,85278228556.49005,61347.52187843396
1612,0.0008060000000000001,-15353458666.153217,85740318156.19087,61445.48341893178,45059575215495.0,1692945615269.523,2895.026970289339,-15364864098.130812,85741026151.50826,61417.79815321158
1613,0.0008065000000000001,-12706111902.285557,86121814210.39067,61440.15697683231,56193984977907.81,1480591690580.432,3125.564827989794,-12716852773.593746,86122907551.415,61416.288677557444
1614,0.0008070000000000002,-10047651182.316282,86421960893.07558,61447.62051752223,71759489206318.25,1234783903461.1108,3412.3979460053997,-10060888278.63654,86423032736.34131,61385.6424859281
1615,0.0008075000000000002,-7380208237.683816,86640397033.43146,61465.498090389345,94249316189126.14,949322740205.5245,3778.1279089160716,-7399358738.387185,86641330592.37283,61451.26766145162
1616,0.0008080000000000001,-4707862222.427846,86776657081.53647,61483.21292613895,127775206818280.22,624277349299.555,4254.551745300262,-4731057165.095995,86777880684.6573,61486.49610907366
1617,0.0008085000000000001,-2033599361.8684497,86830601325.11232,61498.81723679646,178506949301760.56,286850801600.05835,4875.482123894816,-2058688422.434428,86832365607.37076,61529.57541951331
1618,0.0008090000000000001,637296054.5992453,86802198361.32425,61502.064642585385,251891665921994.53,52606709474.132484,5625.396452844414,612150122.4071883,86804713836.61026,61504.176231163816
1619,0.0008095000000000002,3305002905.6527762,86691698067.95685,61505.71676542924,335629190500237.1,226548425836.75208,6261.985556284024,3278498936.685674,86694997998.56328,61481.073568049105
1620,0.0008100000000000002,5949980259.315537,86500230511.17056,61455.11381420027,370454394402697.2,1110592999056.576,6193.277834076368,5939086865.041514,86503491482.08588,61505.51704411138
1621,0.0008105000000000001,8571142548.903919,86229473164.46619,61367.46073236145,310912475905640.7,2229561506004.5767,5314.056337163565,8591490387.534811,86230368149.28981,61525.9571346328
1622,0.0008110000000000002,11212031857.952976,85875875302.98483,61385.17155006706,216214873532830.66,2851588567642.531,4424.180234328376,11233964979.6804,85875862446.59314,61561.4910886345
1623,0.0008115000000000002,13836286668.780993,85441924078.01945,61391.733810686346,142699666573393.75,3009438905644.194,3917.6609861689562,13861956054.454037,85440636537.05867,61526.41357807081
1624,0.0008120000000000001,16453617546.438232,84926253003.85715,61428.297487271244,96307987514183.28,2977868728383.923,3684.892332802716,16473778728.68323,84925091750.63164,61506.522399436944
1625,0.0008125000000000001,19046975748.087402,84331596677.44261,61443.6654045306,68201130478994.04,2918133013901.5312,3559.0104048973317,19065348237.19141,84330134353.364,61481.09441506853
1626,0.0008130000000000001,21619547559.05078,83657785112.14967,61459.52678480883,50873096421149.31,2891474493622.4966,3435.329692030859,21636644300.950516,83656000046.16357,61543.93289480408
1627,0.0008135000000000002,24170635404.2449,82905057527.47987,61484.1339188133,39698265254411.35,2908547331221.5854,3268.8190476135433,24187036737.473515,82902765035.64896,61553.462593105054
1628,0.0008140000000000002,26690996060.19308,82076113561.79942,61477.56088647256,32025026596507.18,2955366804830.4175,3059.9627422853127,26710077425.890465,82072437247.62364,61494.82978747099
1629,0.0008145000000000001,29186581640.102154,81169525170.95157,61492.88877708949,26403723639317.285,3011314885946.7603,2834.7578941691722,29202363700.152744,81166335161.57922,61394.91854048712
1630,0.0008150000000000001,31653517620.948483,80186453810.19711,61517.26819760168,22074158686633.77,3062642772004.7456,2621.5444729166234,31662157730.309643,80185449062.2877,61398.67175818526
1631,0.0008155000000000001,34078704716.613075,79132152669.13782,61472.83412754276,18642285705333.36,3104911946676.425,2437.3788475483834,34087778526.7928,79130812122.88445,61403.84571595771
1632,0.0008160000000000002,36478727940.732254,78000298912.37524,61511.759219941654,15887685973726.94,3139680027693.926,2286.527611987491,36480659778.64769,78001855481.45004,61452.42487136332
1633,0.0008165000000000002,38833366454.675896,76799626496.74698,61477.58518305495,13656001538126.521,3171780288372.071,2164.6379944035025,38837460257.7659,76800129687.60042,61470.73472310925
1634,0.0008170000000000001,41148945332.23827,75527880407.02003,61454.81691220611,11833778476370.883,3203599150536.13,2065.089493946661,41154746660.228836,75527373106.34964,61420.258868612
1635,0.0008175000000000002,43419507543.008675,74188459740.05359,61407.81966221566,10329071471246.49,3236628434059.701,1981.6494144871122,43429925105.76789,74185205120.77068,61425.427401117704
1636,0.0008180000000000002,45650448141.30579,72778635334.03798,61409.00054763877,9070767195071.072,3270659935639.893,1909.8588340853125,45661912093.66103,72774298261.42566,61473.26095216002
1637,0.0008185000000000001,47844738904.94075,71296036943.41165,61494.29305086304,8003580219779.556,3305267568730.924,1846.756785839507,47850915218.14688,71294687877.36801,61562.77039747057
1638,0.0008190000000000002,49983976574.23572,69752225466.9579,61482.256185138554,7085901802820.11,3339909162224.5977,1790.4624596439203,49994166818.45237,69747758639.0906,61581.373205040414
1639,0.0008195000000000001,52077595334.88453,68141374097.60125,61515.84993450989,6290433442375.53,3373383079415.766,1740.0197932753997,52088188434.82026,68136087276.29108,61601.82963607175
1640,0.0008200000000000002,54124542984.53239,66463767696.26012,61593.071769445494,5595118612746.591,3405768388871.1963,1694.5273758077005,54130729176.34857,66461392922.8893,61586.65013824686
1641,0.0008205000000000002,56112586808.97015,64728929042.02823,61586.686694722164,4982863363763.674,3437047439847.268,1653.240592855852,56118898587.22592,64726183048.981926,61564.25299383545
1642,0.0008210000000000001,58046548458.56348,62933524885.21208,61598.86732703363,4441848567718.676,3466781375310.283,1615.7067918423413,58050836111.352806,62932346083.83702,61577.41719784616
1643,0.0008215000000000001,59924061183.91183,61079640346.63163,61617.244108577695,3961534823137.718,3495169186993.999,1581.4335216899258,59926133027.877205,61080422402.00546,61551.858901020474
1644,0.0008220000000000001,61739658656.59809,59172726307.62113,61591.81715262237,3533303254764.27,3522233778727.354,1550.021966469496,61741620977.61722,59173617797.39303,61547.01261054019
1645,0.0008225000000000002,63496923569.709595,57209622102.00393,61606.17498160072,3150504368907.183,3547846558918.3784,1521.199485829035,63496784597.79512,57212818571.607765,61589.04714049281
1646,0.0008230000000000002,65189396887.19007,55197311545.564705,61579.18803666479,2806922599124.637,3572190354927.8584,1494.668370608602,65189398684.38528,55200456313.98343,61532.85523665004
1647,0.0008235000000000001,66817792019.264755,53135626082.817955,61556.14312007044,2497968252822.658,3595134594654.9985,1470.2449050003831,66818292920.54744,53138300334.32514,61525.26261038088
1648,0.0008240000000000002,68378988255.30384,51028816651.22495,61508.51591949316,2219490642482.7964,3616763208902.2275,1447.7370399330553,68380605389.81793,51030221680.01307,61406.177160268126
1649,0.0008245000000000001,69872418893.16197,48878354994.34257,61455.44214851269,1968144509164.4185,3637061592757.017,1426.9948659921793,69874941335.54695,48878656723.57448,61407.66395638626
1650,0.0008250000000000001,71301774855.34517,46679338491.55519,61484.53254843921,1740966667986.7366,3656082826805.6475,1407.8750598529416,71301574043.74065,46683666775.255714,61397.845338310384
1651,0.0008255000000000002,72656758140.96898,44446970074.731544,61402.89355772168,1534974829418.0217,3674003693497.688,1390.2085567022477,72659045386.96477,44447688265.033035,61385.156866504425
1652,0.0008260000000000001,73943095198.49883,42173635435.42133,61377.30606743492,1348618227788.896,3690559186787.459,1373.9610534716169,73946294676.8998,42172840874.00947,61373.83561847888
1653,0.0008265000000000002,75159677708.15524,39860992836.18987,61389.12235270337,1179789530484.3027,3705973945363.071,1359.0035133313866,75162508487.40408,39860795735.38999,61404.87489570547
1654,0.0008270000000000002,76303009186.58607,37515431968.69412,61372.741917171545,1026758368521.8773,3720283185641.5815,1345.2370364423568,76306650626.29126,37513498192.062355,61413.99111272119
1655,0.0008275000000000001,77374179033.38966,35135334621.963875,61385.88632588124,888316863543.3866,3733413785657.7305,1332.6116741472492,77378258556.47766,35132139213.34773,61423.48213152355
1656,0.0008280000000000001,78373180117.22356,32720334107.794865,61445.05380103815,763220533925.3191,3745437517659.886,1321.055311269803,78375927080.8126,32719743502.00152,61473.45094034935
1657,0.0008285000000000002,79296607746.57884,30277787840.857082,61470.70561540797,650358464154.4401,3756396493978.624,1310.5009141532703,79298800083.0948,30278257106.176193,61496.63036953899
1658,0.0008290000000000002,80142809725.63757,27812659979.593834,61448.2390293626,549015979817.35626,3766224044334.75,1300.9190516168617,80145905294.16873,27810683104.821827,61442.810618083975
1659,0.0008295000000000002,80913683210.62495,25320550075.244125,61476.35176633078,458575942634.66437,3774912586983.708,1292.2791038964017,80915807597.86626,25321251349.43206,61462.163163683465
1660,0.0008300000000000001,81606952299.9426,22807989547.116543,61484.65031209258,378241709434.7368,3782558825741.0327,1284.5228209078214,81608826397.5155,22809333943.56964,61500.87698588959
1661,0.0008305000000000002,82222588560.71288,20275635485.712025,61501.72200901543,307486894865.3213,3789127586767.8613,1277.6238498303896,82224282001.08311,20277968694.47604,61485.59109030363
1662,0.0008310000000000001,82758999576.21782,17730151409.31349,61475.994398957846,245803621112.83606,3794636498103.5483,1271.553237446429,82761406466.38884,17729493507.6964,61527.98042007603
1663,0.0008315000000000001,83217095364.01337,15168982639.655184,61482.96475567972,192835254986.92538,3799065924773.0806,1266.2936210748053,83219564270.4901,15167772926.454777,61504.96593853664
1664,0.0008320000000000002,83596782818.24883,12591869287.53073,61537.17748516936,148162607499.9076,3802459218713.5557,1261.8151387094717,83598660310.63074,12593821307.417747,61514.445339924154
1665,0.0008325000000000001,83896057435.12892,10010613384.605595,61512.75486232002,111447177492.92946,3804823984843.375,1258.0954694436787,83898020647.49197,10012701215.077692,61475.44193156002
1666,0.0008330000000000002,84115807188.4509,7422230709.582034,61506.67138867664,82539610415.70317,3806113328374.337,1255.1319055252327,84117749392.10223,7425746845.64647,61485.347620889675
1667,0.0008335000000000001,84255670133.62056,4831522352.828812,61484.44853204498,61219456766.29397,3806358712781.984,1252.9072029262225,84257826436.7727,4833307870.972969,61509.02838417087
1668,0.0008340000000000001,84315922432.08731,2237539167.2010155,61491.24086274018,47340136405.059074,3805555873549.8926,1251.4110364484766,84318077228.7286,2239002350.1530538,61468.09187243798
1669,0.0008345000000000001,84296343280.50438,-350860941.2434282,61442.72456829344,40786039283.7856,3803706258606.83,1250.6349031315976,84298535881.07372,-352961504.8980116,61455.10020656411
1670,0.0008350000000000002,84197302008.53716,-2942897780.6395216,61493.611707052594,41501967413.25216,3800799112156.4873,1250.5755743657755,84199410727.56555,-2942382701.0816226,61500.03730761867
1671,0.0008355000000000002,84018781795.62004,-5525778755.634161,61483.18676961523,49482240629.62512,3796827259059.8647,1251.231161174252,84020853893.64621,-5526099476.419853,61511.12818296794
1672,0.0008360000000000002,83760996914.77023,-8102104284.011372,61495.71755767348,64758976009.126625,3791780074012.6016,1252.6026107514706,83763001744.47285,-8102838893.692558,61483.99022782176
1673,0.0008365000000000001,83424425420.38628,-10666645663.877295,61489.46368230775,87416961232.86642,3785643617856.9697,1254.6936930914126,83426563475.93896,-10666629827.005161,61436.09053528849
1674,0.0008370000000000002,83009466995.57082,-13217913667.672438,61483.32980548174,117563407250.55202,3778410298882.128,1257.5086917164606,83011925309.86021,-13216132387.985947,61407.61966311025
1675,0.0008375000000000001,82517473954.22513,-15748642045.014397,61422.66887539766,155358349193.49744,3770063933984.6055,1261.0555834551706,82519690660.21964,-15748773339.859241,61379.36681512532
1676,0.0008380000000000002,81948656766.57802,-18260695820.227898,61379.45611203965,200936325382.4275,3760613347814.8906,1265.3377921893652,81950586957.80284,-18262210855.03643,61345.95647653982
1677,0.0008385000000000002,81302371018.3555,-20757400687.886036,61409.363905981896,254558270573.06424,3750023014186.843,1270.3705413180774,81305061152.51717,-20755582565.74023,61369.28469046725
1678,0.0008390000000000001,80580760388.28636,-23229181181.70715,61397.41941659551,316659641091.8399,3738225304496.0005,1276.1829259609124,80583488991.94006,-23227272419.106674,61416.81413106024
1679,0.0008395000000000002,79783803126.72502,-25677241052.68228,61402.31634103902,387551940411.9891,3725243816042.8765,1282.7844318342343,79786571217.61433,-25675506023.501064,61412.07028353225
1680,0.0008400000000000001,78912683772.17603,-28097938029.190674,61400.93516582004,467704073641.6263,3711029103162.7656,1290.199925245198,78915443203.04202,-28096323710.04594,61388.593978628756
1681,0.0008405000000000001,77968481843.00989,-30488666333.818985,61391.92040297939,557611420854.5586,3695557876982.9907,1298.453818742056,77971655515.17474,-30486311505.342648,61338.57793119513
1682,0.0008410000000000001,76953195453.17247,-32844893488.66504,61351.50925278263,657838636588.3862,3678801352361.1016,1307.5734019582528,76955636281.30026,-32844669483.714138,61358.57074835355
1683,0.0008415000000000002,75866102427.01537,-35169206179.8051,61348.643509097375,768958850314.8357,3660752236611.471,1317.5824501819236,75868491235.24318,-35169204287.38499,61334.88568517542
1684,0.0008420000000000002,74708980084.03688,-37457618702.74508,61345.25767425859,891855239139.0321,3641307890088.789,1328.5322532879559,74711736462.64124,-37456876135.200745,61318.459939971464
1685,0.0008425000000000001,73483419923.64285,-39707240597.07808,61332.183361860174,1027426252050.6543,3620440231267.2744,1340.4644306886883,73486532912.80672,-39706023555.74981,61304.472649544026
1686,0.0008430000000000001,72190769850.91986,-41916004661.51867,61313.27552163965,1176654581855.4585,3598117031909.959,1353.4205496673578,72193133515.37236,-41916294629.96506,61330.01044286613
1687,0.0008435000000000002,70830510726.51015,-44085107319.53459,61329.89113252216,1340673869472.1204,3574285026866.3506,1367.4507522021072,70833864989.4634,-44083847166.8942,61268.36413854255
1688,0.0008440000000000001,69407076112.57498,-46207278457.22718,61302.58742983538,1520987617162.3838,3548818116986.6562,1382.632126874093,69410132040.72542,-46206687041.68458,61277.29102789902
1689,0.0008445000000000002,67918865974.6293,-48285587823.63427,61311.183563522485,1718932800053.6924,3521751089829.852,1399.00778648812,67922810878.3163,-48283863531.66031,61292.38431382234
1690,0.0008450000000000002,66370031834.202484,-50314073536.78267,61290.0578775445,1936460477465.6912,3492911401528.077,1416.6723110396058,66373719571.84347,-50312937888.13248,61283.556542786326
1691,0.0008455000000000001,64758204485.08332,-52296287501.00731,61319.65995484615,2175466188260.909,3462297929026.306,1435.6930416463563,64763617046.73586,-52293127966.37297,61309.607888774866
1692,0.0008460000000000002,63089798222.176414,-54223967843.01843,61297.097114608776,2438656141403.0083,3429687621664.8135,1456.1971323444827,63093686021.54326,-54222922037.57417,61331.82624318594
1693,0.0008465000000000001,61363148566.170296,-56099694443.2695,61298.870897917564,2728491960919.9707,3395141278819.627,1478.2552152882258,61366372965.784676,-56099500458.99732,61339.740431216786
1694,0.0008470000000000001,59581540876.840645,-57919843581.64845,61290.034595515615,3048363280680.478,3358440641675.7666,1502.005219958891,59582437552.627594,-57922178533.46069,61364.156022714786
1695,0.0008475000000000001,57744966623.72238,-59684655281.26648,61299.95976990207,3402018250394.46,3319497342429.6777,1527.5791927755104,57744678971.07888,-59688065725.93253,61368.230421371234
1696,0.0008480000000000002,55851633473.05132,-61395687671.84406,61366.16371247521,3794139609683.922,3278107249411.8247,1555.149724862984,55852955342.10591,-61397322140.26683,61441.1063411581
1697,0.0008485000000000002,53909998424.470695,-63044721456.1706,61376.72499577147,4230752565380.906,3233958347828.949,1584.949594802182,53908868644.49023,-63048411470.289566,61480.4054028188
1698,0.0008490000000000001,51918001870.93174,-64633966286.1644,61404.80420725842,4717884873217.684,3187121150958.513,1617.1285447549221,51916727604.13319,-64637522500.51901,61422.76775057262
1699,0.0008495000000000001,49878177295.13046,-66161237445.836006,61434.60712384048,5263452942783.774,3137265941305.763,1651.939429556331,49878378597.03364,-66163468013.24563,61425.01017985565
1700,0.0008500000000000002,47792250021.256996,-67625189433.051865,61467.365970051345,5876968408334.983,3084141090045.6274,1689.6704138618884,47795088966.75545,-67625450720.353294,61432.84786173502
1701,0.0008505000000000001,45665170600.87496,-69022321897.66347,61469.65185347234,6570097130668.436,3027455928431.318,1730.655663265989,45670460243.03608,-69021011894.63774,61373.28900414254
1702,0.0008510000000000002,43497612808.90895,-70352525498.93678,61468.93596022566,7356641098780.352,2967016193379.05,1775.23975665547,43505908160.72927,-70349523942.70128,61379.12784282841
1703,0.0008515000000000002,41294798693.03354,-71612777160.7722,61435.62848707208,8254083808672.679,2902406522805.46,1823.8706544421607,41304881824.257515,-71609127940.18085,61328.908187771136
1704,0.0008520000000000001,39057374820.01442,-72803223151.45293,61398.12960365778,9283776916970.46,2833317846756.834,1877.0402601203289,39068303148.63157,-72799547411.11131,61293.92063560168
1705,0.0008525000000000002,36789449163.704994,-73922013880.36455,61340.98481423268,10473237163052.139,2759191742267.754,1935.3848356494775,36799248231.85285,-73919457868.2166,61267.921665074624
1706,0.0008530000000000001,34491659808.97749,-74969343967.62146,61286.571511524715,11857425463658.64,2679498582055.5845,1999.6508511751633,34498959477.22827,-74968405899.91614,61248.69023610774
1707,0.0008535000000000001,32162742618.87191,-75946060032.65614,61263.74700612922,13482294739513.451,2593452897818.0767,2070.793979760116,32169369151.10713,-75945679493.38646,61192.92896827325
1708,0.0008540000000000002,29801596108.216496,-76852489588.2418,61287.32082814825,15409739436047.148,2499963074551.4727,2150.075372167583,29814433550.50073,-76849892479.76498,61148.71606868161
1709,0.0008545000000000002,27421785155.221077,-77683123021.80045,61251.58187391513,17724285459610.957,2397679553721.428,2239.1349771385344,27435712750.309616,-77680667101.44049,61120.06962823577
1710,0.0008550000000000002,25022170611.65933,-78439140347.79564,61204.41694242143,20537201916211.508,2285804902084.552,2339.770183936693,25035388309.221825,-78437497361.64833,61098.452638258466
1711,0.0008555000000000001,22601996827.551815,-79121157228.9171,61172.02584041922,24003695442181.734,2162652060917.0261,2454.4182831592675,22614276922.762295,-79120311883.7717,61151.82324530819
1712,0.0008560000000000001,20165075600.293945,-79728199443.10738,61139.12153639529,28346432743107.914,2025856472548.4634,2586.4661521365047,20173257505.356266,-79728853051.71149,61168.78238504672
1713,0.0008565000000000002,17706158233.788166,-80261730506.71898,61154.839451182845,33890479305494.25,1872644398773.522,2740.503506513746,17717733243.678978,-80261857002.28499,61103.577727535216
1714,0.0008570000000000001,15243503813.015106,-80717446251.57967,61104.67462016261,41129216677885.516,1698924087314.7468,2923.154307479213,15248784238.968798,-80719225810.28932,61081.8786615741
1715,0.0008575000000000002,12764363069.380362,-81098626721.26999,61098.68110609856,50814582615189.586,1500985962713.1372,3143.3421674586807,12770272256.452244,-81100461999.48322,61052.59094423056
1716,0.0008580000000000001,10267614509.40645,-81404982561.86774,61141.183220821615,64150802074946.62,1272702211825.501,3414.5381902972795,10283720036.862585,-81405569314.18222,61046.00500916828
1717,0.0008585000000000001,7771012178.142398,-81633757126.77037,61136.68473515366,83110050307051.27,1007774953954.0176,3756.800258843428,7790829467.8667965,-81634471686.8561,61005.62748161896
1718,0.0008590000000000002,5265326983.787401,-81786441564.48,61156.05605079463,110911323682706.05,704845395030.4186,4198.107440064593,5294567216.877516,-81787114345.23148,60988.89039931206
1719,0.0008595000000000001,2758247372.066894,-81862260608.60481,61167.64102022665,152560044993797.25,378270363468.84015,4772.423707153392,2797090276.957316,-81863515267.65218,60971.772619947464
1720,0.0008600000000000001,251190273.37692463,-81861327679.28993,61177.90490555055,213860079772611.7,100661953212.7134,5490.410455170335,300753093.0128646,-81863636214.96916,60929.4987040784
1721,0.0008605000000000002,-2250657062.5238323,-81783714254.61224,61175.66754893969,292125252482592.5,90524917358.32602,6219.281914466754,-2192271815.966303,-81787826934.53601,60953.99280255063
1722,0.0008610000000000002,-4736475857.533946,-81630231290.841,61135.814257689235,349874613245812.3,695357084745.3937,6479.540807868056,-4680464108.007903,-81636161816.31287,60968.203175567694
1723,0.0008615000000000002,-7199712950.798809,-81402434411.04686,61053.835989857194,326694506629283.7,1795818224777.34,5845.32881983958,-7163243046.101484,-81408653246.96791,60995.98834334052
1724,0.0008620000000000001,-9658087684.74415,-81099948636.75745,60999.96985500036,242460865138261.12,2626264243379.117,4865.930063264321,-9638361581.488003,-81105547145.80684,61063.08062244134
1725,0.0008625000000000001,-12099349557.400091,-80724060755.1276,60936.2751945575,162911278838325.47,2933041739923.373,4192.99573754184,-12101368206.145845,-80727340981.4416,61041.59261877969
1726,0.0008630000000000002,-14542682678.320896,-80272162640.6212,60930.27038364233,109279215869320.58,2954454140041.358,3861.3406709893334,-14550667220.86409,-80274321746.27156,61029.50563986957
1727,0.0008635000000000002,-16969658045.712841,-79746416417.82425,60924.20429466497,76210191371523.38,2896242860818.6973,3703.606591846821,-16981996041.500675,-79747465230.61911,60976.87000475377
1728,0.0008640000000000002,-19384177262.299324,-79146006812.22467,60944.1244846794,55873572392111.22,2850691694576.3765,3589.193341049321,-19393106692.960953,-79147419332.63727,60927.29323887593
1729,0.0008645000000000001,-21771092796.367165,-78474328553.0272,60929.58249658297,42954017858043.85,2846548456451.168,3447.9901483440262,-21781574970.19216,-78475125741.70354,60832.57618473424
1730,0.0008650000000000002,-24138265556.74519,-77729842411.8053,60934.1739910625,34300665378010.92,2879065618907.879,3260.2838854745105,-24144709145.25185,-77731528268.70724,60871.92087235416
1731,0.0008655000000000002,-26469102417.94329,-76917681871.24333,60868.54234567713,28119470891288.26,2930788470868.8765,3040.6330681472823,-26484761920.960625,-76916196765.56346,60906.879985276086
1732,0.0008660000000000001,-28780941069.559288,-76032884261.09003,60869.0067804571,23445164817494.02,2983815457177.8306,2817.7348295695974,-28797518366.781437,-76030488690.06142,60871.51339908975
1733,0.0008665000000000001,-31072887534.465168,-75074981492.11879,60936.27631901724,19767453187541.51,3029853505175.582,2614.9437454449608,-31081365392.007336,-75075251744.4119,60925.96140245651
1734,0.0008670000000000001,-33328613808.348824,-74050006198.93698,60953.237814824075,16810815132069.363,3068026855171.342,2443.134168737696,-33336401207.193462,-74050311556.97115,60984.48937349099
1735,0.0008675000000000002,-35552410877.24924,-72956564724.17476,60978.92639914111,14412019797425.62,3100663084218.0576,2302.863214775526,-35559542586.91877,-72956819419.9898,61043.64755026239
1736,0.0008680000000000002,-37736882828.006096,-71798269029.85754,60967.605282238605,12452343338343.113,3131504003576.2344,2188.873567804123,-37748409726.22292,-71795973908.11243,61087.707569880455
1737,0.0008685000000000001,-39888917076.427826,-70571895543.04568,61003.546179442805,10838880385033.18,3162665585302.8984,2094.7100845593086,-39901344695.68787,-70568592500.94139,61092.159174412256
1738,0.0008690000000000001,-42003225871.132645,-69279955575.87663,61046.88152848558,9494855996513.545,3195236609253.502,2014.7662256348076,-42014374744.86284,-69276883053.56187,61127.89989930661
1739,0.0008695000000000002,-44073322722.36383,-67926335030.86854,61053.20058019054,8360982393324.479,3228785261506.883,1945.21456835296,-44085455820.284325,-67922209869.777565,61058.05162664298
1740,0.0008700000000000002,-46103019200.24957,-66508912055.849724,61087.99678273593,7393459478807.131,3262356226783.1577,1883.7368748313672,-46110433930.839066,-66507535499.44959,60992.86586928873
1741,0.0008705000000000002,-48085801863.316,-65031982700.07466,61096.30577669111,6558678634338.162,3295509424283.754,1828.7816801009842,-48090192032.03874,-65032618038.14007,61043.10261703257
1742,0.0008710000000000001,-50019206695.34303,-63497732369.80987,61077.74784193618,5832313336674.721,3327679597998.22,1779.3556620196287,-50024472153.38664,-63497544372.41173,61066.96229404442
1743,0.0008715000000000002,-51903757663.61673,-61906165437.48156,61064.80386779492,5196024262752.503,3358609388879.3027,1734.706754540033,-51909329393.024826,-61905589741.662,61036.40743834377
1744,0.0008720000000000002,-53738331450.7319,-60258337052.91953,61062.51089883008,4635148517141.19,3388309806371.0654,1694.1740118483435,-53742127250.73841,-60259134457.28827,60970.49842781707
1745,0.0008725000000000001,-55519469263.39011,-58557411767.53882,61045.31886458221,4137964053044.3164,3416781659086.3066,1657.208607110223,-55522241097.588135,-58559137072.48762,60980.198372397164
1746,0.0008730000000000001,-57244787390.56907,-56806033617.33399,61006.593205397614,3695337178574.4116,3443933571842.6885,1623.3958129883565,-57248965810.91331,-56806378610.34559,60984.38808453995
1747,0.0008735000000000001,-58917722011.91378,-55001138385.31297,61019.35804388973,3299933410308.944,3469722619585.7505,1592.400911590346,-58921179430.36061,-55002121153.36915,61039.20107925418
1748,0.0008740000000000001,-60534074674.05423,-53146863514.248764,61030.346117285284,2945085904790.993,3494330579030.526,1563.8785695935185,-60537363128.6511,-53147903068.1371,61052.45242493709
1749,0.0008745000000000001,-62090558928.96261,-51247114802.17876,61012.64315950151,2625694913903.724,3517673677728.9243,1537.5944742027625,-62095670768.46359,-51245884652.564354,61056.09869222504
1750,0.0008750000000000002,-63590384392.500496,-49298383054.77751,61046.80026825033,2337751872830.3765,3539678972543.149,1513.374188471848,-63594391745.43329,-49298334348.784676,61094.953263813004
1751,0.0008755000000000002,-65028216431.4869,-47307111697.30445,61052.06786211366,2077349949536.402,3560518691750.5015,1491.0024581449666,-65033638231.05233,-47305006573.39283,61124.63059421167
1752,0.0008760000000000003,-66404730616.92209,-45272728020.42991,61071.6394537767,1841667004590.0754,3580087641546.3853,1470.3518073771152,-66411145396.07293,-45268807796.15437,61171.18156332059
1753,0.0008765000000000002,-67720572999.61832,-43194081956.5825,61136.98275295427,1628068549582.6401,3598455704947.1235,1451.283719355281,-67725431447.56308,-43192075277.03221,61181.30652011129
1754,0.0008770000000000002,-68970945415.10759,-41078087156.92136,61166.38130652818,1434141245773.1904,3615706850319.43,1433.660506475744,-68974775165.73497,-41077533107.76041,61142.136197878564
1755,0.0008775000000000001,-70155313435.75453,-38926005645.93669,61184.20335191733,1258220686820.9392,3631737762617.5547,1417.4115709479233,-70157824005.37262,-38927702910.98857,61186.64388435484
1756,0.0008780000000000002,-71271706291.33324,-36741647936.22058,61174.092864995066,1098753845966.2098,3646581569075.828,1402.455106832922,-71274765335.34375,-36742335340.36145,61196.82497494191
1757,0.0008785000000000002,-72319657438.08044,-34526529920.250885,61155.398212897606,954424445551.7151,3660245040778.849,1388.7193127014168,-72323200701.3905,-34526447428.32455,61119.167435402574
1758,0.0008790000000000001,-73298631493.64368,-32282239736.475643,61138.43129636957,823986829018.266,3672770902559.153,1376.1307563121018,-73301884962.21289,-32282714396.861664,61063.349662458626
1759,0.0008795000000000001,-74209480133.08185,-30007056942.41303,61168.07311049713,706313240204.9948,3684191536964.558,1364.6231752050912,-74210716159.50952,-30012408554.232376,61096.552838146585
1760,0.0008800000000000001,-75047159263.50302,-27713149628.50698,61105.67504177133,600308043316.8765,3694567275892.8037,1354.1278795795224,-75049119446.35255,-27717154137.245274,61099.86574432452
1761,0.0008805000000000001,-75814461863.51688,-25394973342.09136,61083.49911142248,505414260915.176,3703780402341.696,1344.6315918576943,-75817026835.79163,-25397456808.760433,61114.43100623861
1762,0.0008810000000000003,-76511418636.57368,-23052187547.781826,61113.004566671145,420789149265.2238,3711947324651.6025,1336.0731240749335,-76513570408.95229,-23056096667.12831,61124.51621591389
1763,0.0008815000000000002,-77134556264.84834,-20695774755.650726,61069.06825544797,345704559159.5979,3719103089601.1494,1328.4012681827683,-77138089667.11693,-20695217227.02404,61126.3180288628
1764,0.0008820000000000002,-77685953214.29333,-18320003094.377895,61077.022510796174,279796778766.29724,3725162506621.499,1321.606397379436,-77689444547.56194,-18319179348.44634,61078.40152693536
1765,0.0008825000000000003,-78164594899.29149,-15928357472.027609,61098.85612485173,222514312394.1488,3730204551217.0024,1315.6466223133066,-78167848165.2648,-15928374939.695984,61128.854457392044
1766,0.0008830000000000002,-78569835777.23413,-13523767646.675833,61120.278453954095,173468402232.83878,3734221035517.0415,1310.496410318923,-78572720126.48984,-13525465751.909575,61066.0760595642
1767,0.0008835000000000002,-78900865077.8194,-11111285935.465824,61109.400151061025,132358722118.23607,3737201745701.573,1306.1383283514026,-78903652031.91946,-11114210387.933077,61035.70648905139
1768,0.0008840000000000001,-79157549391.05156,-8694095419.586674,61070.47521174793,98961545933.72295,3739135950095.8784,1302.5595343595012,-79160662811.37451,-8695456820.390877,61085.49943127185
1769,0.0008845000000000002,-79340424444.43907,-6270226575.015692,61064.68775316385,73067182721.37593,3740031915556.931,1299.745004923512,-79343488787.29434,-6271714524.778179,61024.61848009607
1770,0.0008850000000000002,-79449031164.79678,-3845428838.623147,61037.24496485429,54462685888.25178,3739909201837.7754,1297.677173189815,-79452214725.62459,-3845710936.967644,61061.91344482991
1771,0.0008855000000000001,-79483664460.88684,-1418999212.5129526,61031.826920085834,43024362905.25624,3738753733698.057,1296.3486660830854,-79486880633.57803,-1418408393.2869098,61038.448619126575
1772,0.0008860000000000001,-79444284381.56352,1006462954.924981,61034.562747938944,38655276767.26309,3736566176558.7207,1295.7522118047436,-79447508667.66528,1005736025.2300816,60987.734182007385
1773,0.0008865000000000001,-79330991273.54887,3427593047.548547,61029.104839463784,41317012169.07106,3733336816700.5757,1295.8845593944145,-79334268911.5978,3425722120.5437937,60947.38865507074
1774,0.0008870000000000001,-79144043351.48038,5842025050.464144,61017.80972979491,51011516454.69095,3729057141614.2153,1296.7446214476895,-79147694234.70485,5837029856.8501835,60921.491063416295
1775,0.0008875000000000003,-78884263941.76244,8241905640.287892,60938.915965435386,67774760914.42275,3723719914406.8584,1298.3328659337917,-78887834106.13472,8240340571.361242,60922.44282677827
1776,0.0008880000000000002,-78551523054.25061,10634154190.653505,60927.413220836665,91631054393.71092,3717333586783.554,1300.6471812112331,-78555203066.39775,10632704121.510834,60893.97135216203
1777,0.0008885000000000002,-78146463646.49475,13012887691.837378,60910.68331859885,122730356601.17926,3709863791650.8833,1303.6976083319607,-78150387187.57239,13010506504.254362,60864.30413403075
1778,0.0008890000000000003,-77669728099.80948,15375389557.418905,60884.850900144564,161234676503.0619,3701300359587.0093,1307.4925152360283,-77673626339.11183,15373960678.14099,60875.45672115527
1779,0.0008895000000000002,-77121644421.763,17721082479.649208,60872.249067010045,207339372962.7762,3691632154962.488,1312.0409336655202,-77125532848.18216,17719943728.908764,60841.26636534128
1780,0.0008900000000000002,-76502894821.14555,20047346598.82525,60861.45606924926,261315593700.79312,3680831380093.8994,1317.3580825034107,-76507060498.07213,20045345431.47915,60800.94102768351
1781,0.0008905000000000001,-75814108765.3496,22352251734.269566,60853.91642513348,323474473587.76746,3668877419647.024,1323.4605438018355,-75818819389.92064,22348642322.189503,60780.96290333834
1782,0.0008910000000000002,-75057223152.23683,24629796275.897434,60802.18403734655,394186053706.59247,3655744609416.139,1330.3681178461918,-75061532881.92534,24628104429.608562,60759.33880208709
1783,0.0008915000000000001,-74231781310.31386,26882767562.755264,60782.44361935548,473772865558.0043,3641444874093.622,1338.0923443791307,-74236061896.2497,26881600005.35257,60777.9886775571
1784,0.0008920000000000001,-73338486366.52333,29109217292.377464,60781.85305801045,562785918333.7677,3625904012872.134,1346.667926409403,-73343233335.80698,29107149107.059566,60742.19342424149
1785,0.0008925000000000001,-72379270612.09892,31304376490.29742,60759.172601991966,661847791899.1072,3609078482567.1953,1356.1304138888115,-72383635764.94687,31303513373.15885,60820.712815185725
1786,0.0008930000000000001,-71353201951.92595,33470949157.822006,60780.343053680816,771549832350.9575,3590968856303.9785,1366.5044878621648,-71357528833.89124,33470226492.54021,60793.48459949252
1787,0.0008935000000000001,-70262393425.34349,35604028700.88813,60791.36088336505,892779327230.0453,3571472396433.951,1377.8429032673278,-70266472785.0968,35603808913.947174,60828.51870332863
1788,0.0008940000000000003,-69107654897.95285,37702230768.736824,60803.43855330926,1026377327184.3407,3550578357333.2573,1390.184023869035,-69111648866.02412,37702363391.88406,60814.73411795709
1789,0.0008945000000000002,-67890508134.329254,39762879363.07748,60806.70171485442,1173337300246.138,3528234319317.693,1403.575378582063,-67894590480.834114,39762964673.18613,60790.5753543168
1790,0.0008950000000000002,-66612899830.04362,41782941426.820045,60790.02699528859,1334755468229.996,3504397275665.858,1418.0676893488421,-66615870952.155945,41784951406.39128,60812.607682458656
1791,0.0008955000000000002,-65273272631.68612,43765246741.1311,60820.32397417109,1511831242890.361,3479032487852.101,1433.7129234557117,-65276748709.139305,43766491781.07081,60848.556762086904
1792,0.0008960000000000002,-63874260008.94211,45705442064.1658,60846.658707632094,1706287812735.2095,3451971689802.6104,1450.606204711847,-63878717119.07161,45705281577.22931,60836.692986137525
1793,0.0008965000000000002,-62415913490.823555,47603433848.98209,60892.9413451529,1919873415732.0408,3423182471971.9116,1468.8221631111624,-62422276835.117584,47600775942.8788,60842.17606376891
1794,0.0008970000000000001,-60904653178.67764,49450686467.08488,60862.3575827671,2154734843829.1257,3392547445323.3843,1488.4572149689968,-60910056654.34405,49449594524.64778,60882.77377143542
1795,0.0008975000000000002,-59336160602.33352,51253322986.1752,60887.66092927094,2412719390154.0044,3360160198910.059,1509.5567889882425,-59343321323.91386,51250264130.7034,60831.46247084572
1796,0.0008980000000000001,-57719021267.38341,53001145828.039345,60831.6873309342,2696842516774.6274,3325714459826.233,1532.2727519610578,-57724833988.231155,52999965870.829285,60779.24904894769
1797,0.0008985000000000001,-56048753857.54549,54699983475.66514,60824.68986872086,3009663125304.321,3289336716816.8696,1556.672040356922,-56055151819.51438,54698446767.08134,60793.959772368544
1798,0.0008990000000000001,-54327716911.91134,56347194039.19772,60832.97021497826,3355153190478.495,3250697084286.124,1582.9338701454678,-54335523745.11225,56344437530.23982,60811.13050848623
1799,0.0008995000000000001,-52560178793.0622,57938690328.38617,60813.74986638293,3737841757307.5757,3209647499538.496,1611.2357226268525,-52566845048.455696,57937345707.923134,60850.61539236655
1800,0.0009000000000000003,-50746443491.16055,59474606701.81788,60798.27380904763,4162652112206.396,3166149655606.2817,1641.7282815580822,-50749991129.57252,59476205696.51066,60909.2470391198
1801,0.0009005000000000003,-48885779508.01134,60955671100.37919,60815.85904338508,4635687966877.443,3119988863421.082,1674.6173026236504,-48887335779.93141,60959006855.4514,60924.45696722553
1802,0.0009010000000000002,-46978920433.014725,62381034632.01612,60863.59065094624,5164682923853.872,3070844258394.4805,1710.1798478344308,-46980489550.34017,62384154000.53943,60947.37328890141
1803,0.0009015000000000002,-45030261140.23422,63747091265.68874,60897.36265578409,5759098015471.271,3018420238742.001,1748.7324981127372,-45030918719.79271,63750778533.88073,60970.66188013044
1804,0.0009020000000000002,-43039635501.2277,65053988732.0264,60944.69175802794,6429874803999.164,2962564378821.65,1790.5811475875491,-43041891381.55858,65056389743.06573,60997.2923119794
1805,0.0009025000000000002,-41011051140.61072,66298904807.8725,60976.330066590526,7190773608640.733,2902902761927.4673,1836.1227632704083,-41013718095.0882,66300991497.60725,61021.52836856441
1806,0.0009030000000000002,-38944278331.256935,67482038003.625565,61020.21009526516,8058413577416.183,2839153176979.334,1885.7928653762042,-38948820299.6297,67483042309.1746,61057.543557421726
1807,0.0009035000000000001,-36845281842.405846,68599833693.19449,61031.238824451415,9054096233455.084,2770802870184.538,1940.1569626468756,-36849124102.30241,68601320070.47565,61091.730488847155
1808,0.0009040000000000002,-34711850349.79188,69653738050.84583,61062.14029612395,10203912663468.18,2697522003920.8096,1999.8205377518138,-34716512525.26012,69654795727.36205,61069.071457579965
1809,0.0009045000000000001,-32548351593.39221,70641415524.64952,61083.29793318025,11542387020059.361,2618542497070.49,2065.61488086498,-32554938241.135246,70641673437.26451,61076.308653851556
1810,0.0009050000000000001,-30359590491.457962,71560796502.37112,61074.24759305859,13113918165333.396,2533209179066.056,2138.5138069103496,-30365860869.1457,71561315289.20073,61057.47127927169
1811,0.0009055000000000001,-28143191965.624947,72413221183.13145,61083.79248342683,14976121721188.71,2440826915096.1753,2219.6645352861024,-28149845376.413353,72413741811.83073,61109.1662887878
1812,0.0009060000000000001,-25902691527.148354,73197226815.38675,61093.321922364994,17207572077668.31,2340132504575.931,2310.63467791529,-25910897159.989895,73197371176.45273,61078.89279357472
1813,0.0009065000000000003,-23644615284.372963,73910631852.16722,61068.931088282574,19915268913277.594,2229803864134.213,2413.4069385719495,-23649926061.74529,73912080126.21437,61098.527189778106
1814,0.0009070000000000003,-21360578833.60954,74556478872.49219,61100.17315187339,23246034471187.414,2108458446152.5957,2530.4401234417605,-21369022420.604717,74557026838.15573,61099.26586553401
1815,0.0009075000000000002,-19061840589.0192,75131089118.95631,61103.39199474016,27413191445280.605,1973442069842.2148,2665.3045552303493,-19069591915.90408,75132077997.31375,61159.39354068073
1816,0.0009080000000000002,-16746561089.077013,75635241131.37704,61114.93090034331,32724032883019.754,1822397925115.3118,2822.599242086462,-16753458255.201454,75636583748.83131,61194.34604120596
1817,0.0009085000000000002,-14415922040.843016,76068612817.44167,61138.18615310918,39639332623692.31,1651780251862.049,3008.8005690623945,-14423223101.22712,76070038529.16324,61220.24629211311
1818,0.0009090000000000002,-12075080337.534182,76430130105.68141,61151.26210770965,48869012933079.2,1457110988512.4404,3233.1833525415946,-12081935428.918985,76431791739.8113,61213.07429967099
1819,0.0009095000000000002,-9723360930.216038,76720016176.5096,61173.66504787148,61533618682273.79,1233333431172.0164,3509.093483257796,-9733022666.888794,76721435905.19579,61150.082316357984
1820,0.0009100000000000001,-7364554239.167498,76937687810.39963,61193.79234075076,79447073845771.27,975135806915.518,3856.090380024175,-7378198572.916404,76938928505.49402,61205.319619972426
1821,0.0009105000000000002,-5006124160.626439,77082530737.86305,61185.857331412364,105552155500728.86,681059428931.0585,4301.704928679457,-5017413143.721843,77084392879.16252,61196.06460002095
1822,0.0009110000000000001,-2644046690.954766,77155256410.23735,61187.75322254044,144352111968480.6,366260949831.39624,4878.3469695847025,-2656384241.904226,77157412396.47888,61127.47851586552
1823,0.0009115000000000001,-278120000.1042019,77155799927.35808,61207.76424115597,201014287288359.88,99167261506.12527,5595.750144982558,-297634614.9384434,77158173970.79457,61084.60298449566
1824,0.000912,2080448499.8783092,77083897008.73775,61203.150533438835,273335250442016.12,81959803514.54926,6328.4411054937755,2057203858.1861517,77087000152.05623,61083.34266117921
1825,0.0009125000000000001,4428935884.589975,76940216977.8235,61179.790588125856,328966863163291.1,640741103680.4062,6622.197779018256,4407918304.370359,76944005244.85884,61084.043583293744
1826,0.0009130000000000003,6754720795.370928,76726255517.12138,61107.02067293477,312632786357612.44,1698559590519.7114,6035.450092548172,6750893889.5265045,76729422415.31508,61062.966372509276
1827,0.0009135000000000002,9076623701.097158,76441575422.08334,61062.77477674132,236497544376327.16,2542647293112.934,5048.789926279858,9083748388.015217,76443713797.16826,61027.30360704763
1828,0.0009140000000000002,11397705900.184643,76085352435.70476,61057.46901716687,160721820443162.38,2879647789261.7974,4335.166889199613,11406174025.047031,76087092607.28271,61089.70285081417
1829,0.0009145000000000002,13711013226.837513,75657828726.19849,61071.30610308023,108244218024623.38,2919431158565.2314,3970.618669957753,13717327815.524069,75659630292.78972,61124.23090469426
1830,0.0009150000000000002,16006709003.1074,75160468859.40305,61076.54050715772,75451901683119.5,2866020182332.1064,3797.6107222164637,16014395802.212439,75161753445.96104,61176.93506368777
1831,0.0009155000000000002,18278434093.429752,74594987750.4369,61053.87146530799,55157481421735.63,2816917371318.4624,3682.2711938701523,18294613841.4654,74594083591.85892,61138.80260867415
1832,0.0009160000000000001,20535276505.646626,73959723747.95605,61055.689296132026,42258668768098.21,2805081438855.4688,3548.8590872764603,20554697736.32812,73957371545.51721,61192.794057967585
1833,0.0009165000000000001,22777944802.83003,73254057811.49937,61100.70321759015,33654124186944.938,2830864688152.709,3370.3572895827688,22794577584.62258,73251769161.77092,61244.21973310443
1834,0.0009170000000000002,24992687661.60189,72481741476.15088,61114.37411178795,27548238258742.426,2879124834832.1733,3155.4750703800632,25012447236.42452,72477813330.63069,61226.07933709453
1835,0.0009175000000000001,27190198143.998737,71639420602.85783,61185.34894740558,22953847113951.887,2932079066838.208,2930.6724420300125,27203348107.204082,71637152290.671,61196.63132855216
1836,0.0009180000000000001,29352936324.25419,70733135731.75673,61192.934063526445,19344872140445.594,2979596190371.805,2720.8381028784943,29364545721.369316,70731023555.25478,61190.676181380266
1837,0.0009185,31490336094.900333,69759643166.79199,61234.605914680025,16446278130714.867,3018329323124.356,2540.2037782617845,31496220077.320557,69759632682.71144,61172.85638955009
1838,0.0009190000000000001,33592442013.39535,68723134505.03241,61239.944297918126,14092080076143.807,3050991169598.107,2391.3458460452266,33595521563.962315,68724329178.49467,61215.014271533226
1839,0.0009195000000000003,35656537265.06669,67625445980.38415,61209.00824986917,12167933520772.42,3080881017749.235,2270.233699941431,35662320694.430565,67625182552.28073,61248.18219962158
1840,0.0009200000000000002,37692366306.001144,66461827674.84573,61252.56822343148,10584300419817.408,3110558349358.9917,2170.622069530754,37695080670.24064,66463015027.44656,61293.177468526745
1841,0.0009205000000000002,39690029167.224335,65237202857.35528,61280.630557670665,9265953262022.92,3141666989956.7905,2086.546815299886,39691247370.82784,65239168655.02243,61273.58962012055
1842,0.0009210000000000002,41645035705.160805,63954519296.81254,61270.824063947184,8155216413662.434,3173838711199.552,2013.8148772455127,41647312663.50463,63955797201.74431,61278.194905202196
1843,0.0009215000000000002,43557054608.35319,62614492640.17476,61246.4900269143,7208757798832.501,3206244817425.4067,1949.777001037309,43562842765.20213,62613345021.44696,61331.6203651296
1844,0.0009220000000000002,45427065279.57844,61216732530.748474,61239.9083442783,6393806220551.123,3238276041125.449,1892.7280529189031,45435641390.25711,61213288051.996086,61321.88151463738
1845,0.0009225000000000001,47256295896.5021,59760223425.197815,61279.65758000463,5685291342905.632,3269607161734.066,1841.4749283146703,47263134368.76281,59757712757.857574,61280.57967306679
1846,0.0009230000000000001,49038682304.718994,58249358935.53162,61303.232584607336,5063835661378.542,3300095918054.178,1795.1106834734003,49043154391.35775,58248594421.00559,61266.81582880164
1847,0.0009235000000000002,50769314460.280396,56688527294.455315,61274.826910897384,4515373439140.048,3329414019207.67,1753.012043029889,50774245675.16337,56687315521.863365,61208.69116013892
1848,0.0009240000000000001,52452492147.06409,55074476766.97388,61283.06990591272,4029411556059.05,3357337710970.856,1714.7065032678236,52455460147.62098,55075018309.01721,61251.34751978952
1849,0.0009245000000000001,54084805924.77661,53410235021.4199,61292.876890898144,3596640393769.615,3384075269189.179,1679.6866858667097,54085619041.571945,53412904104.08112,61221.063651787284
1850,0.000925,55662524878.83248,51699711810.140915,61272.146088724396,3209708318084.801,3409583147715.4326,1647.5663487525583,55663507634.383064,51702336253.34852,61234.113549868554
1851,0.0009255000000000002,57186620123.1115,49942323248.70423,61264.14047940626,2862859278259.698,3433758775225.11,1618.06644383625,57186855529.23516,49945862262.948685,61170.58658716077
1852,0.0009260000000000003,58652929317.391846,48142979948.05948,61221.29391328709,2550979249757.01,3456688195965.634,1590.9143901896139,58653961145.230255,48145760515.028145,61192.32215419149
1853,0.0009265000000000002,60063513877.27483,46299773526.62268,61207.04741064733,2270085657662.4214,3478299335606.762,1565.9148714390406,60065079961.795494,46301990330.18671,61232.44839225008
1854,0.0009270000000000002,61416700396.255615,44414821372.449234,61205.37433003557,2016403649765.599,3498720629354.5234,1542.8542943879427,61418989052.844086,44416051551.831406,61253.507536455145
1855,0.0009275000000000002,62709907921.11033,42491780036.35339,61187.35456321086,1786830966062.9263,3517960521824.4414,1521.5655721485475,62714741134.95305,42489331804.76235,61295.05211875437
1856,0.0009280000000000002,63946140165.09447,40526471457.02979,61236.882179539185,1578916718658.7258,3535975691448.2505,1501.9279834261963,63950655951.17725,40524060402.29362,61298.54465514768
1857,0.0009285000000000002,65122280165.63996,38523004489.563614,61296.05144800148,1390173329832.2407,3552912895530.198,1483.786472795959,65125017387.92754,38523208489.11204,61254.502558662105
1858,0.0009290000000000001,66233178158.902214,36489974042.733925,61276.147121895505,1218777414955.319,3568718491061.289,1467.04488825486,66236021570.87277,36489837841.9393,61250.663814083164
1859,0.0009295000000000001,67281420151.809845,34423750378.43862,61280.72480531326,1063546124055.8137,3583261830435.7725,1451.6605412742497,67283868760.42631,34424333801.68886,61275.407408233106
1860,0.0009300000000000002,68266028585.77489,32326098400.944817,61301.703376007725,923006003431.4927,3596685279578.578,1437.5309053494293,68267744875.3325,32327971245.271698,61298.32743516627
1861,0.0009305000000000001,69184183535.71922,30202947846.08044,61283.620817996474,795889682064.0382,3609022427469.262,1424.5713060493867,69186830912.68404,30202713750.3199,61332.545675244786
1862,0.0009310000000000001,70037017051.0089,28052463054.01691,61290.70130114253,681276653531.8384,3620219433568.865,1412.7360578511755,70040089743.8335,28050924539.205933,61327.55477846479
1863,0.0009315,70823412027.21323,25877267018.9178,61304.89185863132,578167806831.4666,3630346775194.2227,1401.9589805007163,70826548106.56189,25875313413.700455,61354.556715609404
1864,0.0009320000000000002,71543136400.88152,23677937221.053417,61340.83076229856,485756482311.62006,3639408132733.797,1392.1899331144966,71545930393.53593,23676694689.145187,61347.76457007343
1865,0.0009325000000000003,72194259272.67291,21459998341.57111,61347.44020910232,403324471498.9195,3647420829110.6685,1383.3832570924947,72196946144.15796,21458963693.819363,61322.87929697663
1866,0.0009330000000000002,72777216764.34218,19222601003.40533,61372.85054721889,330368391581.2641,3654352175534.3027,1375.5125256782405,72779182365.27618,19223995303.58367,61330.184386073415
1867,0.0009335000000000002,73289656451.06554,16974667000.549004,61327.76961894555,266351869252.5151,3660240125104.887,1368.5392568631546,73292257727.10358,16973752395.851744,61338.60148333454
1868,0.0009340000000000002,73732806398.06006,14713252046.75853,61303.891499925,210952822132.4273,3665042005988.172,1362.4474422793855,73735844509.52538,14709922225.295399,61308.246675340095
1869,0.0009345000000000002,74106580615.15236,12438991448.37816,61309.777834654844,163731657181.3088,3668813916413.68,1357.2017152005255,74109506719.07318,12435511657.889416,61343.72110441142
1870,0.0009350000000000002,74410815486.95024,10152199912.433105,61353.85288926885,124322039149.6715,3671568713413.4673,1352.7744577811045,74413219587.75298,10151049531.132204,61357.979713625864
1871,0.0009355000000000001,74644566354.53098,7858247181.144361,61381.18953822819,92439448376.00237,3673303061352.829,1349.1468903579441,74646685142.37439,7859257949.572809,61361.93930369399
1872,0.0009360000000000001,74807381432.28523,5562632946.122933,61359.88550840055,67917647531.53036,3673991575821.298,1346.3110395613276,74809588545.0137,5563479169.566081,61316.36768971216
1873,0.0009365000000000002,74899500944.81929,3267623629.389477,61310.33368732805,50630876233.16337,3673627060506.3257,1344.258867821511,74901880319.0097,3266963742.90307,61254.663638570426
1874,0.0009370000000000001,74921328172.80598,972071398.0092707,61283.99628999382,40449164112.58097,3672221837216.867,1342.9782681997988,74923733997.68199,971644747.8366035,61238.67630858749
1875,0.0009375000000000001,74872895082.80435,-1324291459.0594358,61299.156205547035,37264484217.16124,3669783498316.8506,1342.458530763892,74875307871.54115,-1321679317.03503,61242.20378276825
1876,0.000938,74754212510.64323,-3614816153.1103635,61284.55916910463,41037570220.55151,3666299593727.9663,1342.69631112914,74756845987.24919,-3610522670.7983923,61215.52655333735
1877,0.0009385000000000002,74565690257.93729,-5897050869.635988,61249.6263691233,51775502752.01854,3661757595646.724,1343.69188546404,74568402060.85344,-5893920718.034303,61254.407455955174
1878,0.0009390000000000003,74307378551.70529,-8173455512.931709,61257.494816515864,69507083586.13521,3656154727794.47,1345.4449707371966,74310090673.19821,-8170760431.71526,61304.82871905699
1879,0.0009395000000000002,73980084498.95804,-10436065590.40097,61220.213312827465,94337517688.58252,3649469490230.344,1347.961611914202,73982381485.97537,-10437263570.277157,61242.65021568893
1880,0.0009400000000000002,73583526768.65863,-12689357468.687456,61235.573951778075,126358292380.61786,3641704922377.0186,1351.2442941827412,73585664113.01587,-12691080978.768635,61279.39131739327
1881,0.0009405000000000001,73117996429.45601,-14930376206.457767,61270.646548867975,165787873559.2421,3632820357299.979,1355.3079238688879,73120128830.24222,-14931783195.131214,61343.17318431473
1882,0.0009410000000000002,72583977364.29425,-17156155479.366098,61306.68514653772,212883836509.84283,3622790795752.7754,1360.168526501545,72585964227.04582,-17157926832.67107,61402.75702370589
1883,0.0009415000000000002,71982054796.25565,-19364072135.00224,61336.99727095182,267932717216.63824,3611598375645.0312,1365.8417325545013,71983852798.77412,-19366296900.036617,61386.83010996356
1884,0.0009420000000000001,71312146262.94856,-21554348011.63874,61391.973382904755,331258746870.24,3599223577489.926,1372.3450371365434,71314190015.51698,-21555375349.266064,61465.957652081655
1885,0.0009425000000000001,70576294696.50903,-23719704066.26257,61397.98175376522,403303294310.64716,3585617275873.844,1379.7067955145487,70577572467.21333,-23723092361.919033,61497.69098163866
1886,0.0009430000000000002,69774211885.62589,-25861818066.263714,61421.00546960455,484420029029.89716,3570798106782.541,1387.9410058609685,69774532240.43608,-25867457374.192883,61529.19442696786
1887,0.0009435000000000001,68905498969.33737,-27981417401.602932,61487.909740280964,575165486379.9536,3554700368678.1865,1397.0826593622742,68906752481.72124,-27984101075.08739,61501.319075362066
1888,0.0009440000000000001,67973970670.70883,-30068448719.18446,61481.01292802589,676276478207.3527,3537241485473.4346,1407.1811199842587,67974831249.51416,-30071871886.76085,61491.02056481322
1889,0.0009445000000000002,66977632928.968216,-32128361612.32551,61523.233323572014,788249284422.496,3518487525725.124,1418.248821542455,66979524749.170876,-32129266117.188877,61494.28422700047
1890,0.0009450000000000002,65919153993.59192,-34155013396.290783,61541.868273280954,912030272969.8002,3498299207693.7974,1430.3473190499783,65922816579.86957,-34152447677.37185,61463.071871794564
1891,0.0009455000000000003,64801459000.59238,-36143196846.54527,61504.22459179423,1048471530135.9539,3476676227525.053,1443.5175674439606,64805320978.63111,-36140688455.86411,61459.708443374795
1892,0.0009460000000000002,63623610758.999626,-38095512290.410965,61489.198748537216,1198390992511.208,3453640436330.7036,1457.787971842176,63627988890.251144,-38092511559.92797,61468.30700520239
1893,0.0009465000000000002,62386855956.15817,-40009920595.04966,61484.47009789444,1363046551171.9448,3429057000166.5396,1473.2317044636138,62391147392.39689,-40007283037.3254,61500.486107976445
1894,0.0009470000000000001,61093341986.390335,-41883208313.71432,61466.77756782644,1543860266810.9329,3402850296600.971,1489.9241581509543,61096783917.93308,-41882064473.74042,61496.85819391185
1895,0.0009475000000000002,59742690819.58775,-43716238747.31476,61475.2157583658,1742349138308.6895,3374987451325.442,1507.9316174651597,59745715366.501526,-43715813226.52076,61535.329659147035
1896,0.0009480000000000002,58336894380.79917,-45506174396.248405,61484.540513341904,1960467189684.8257,3345333088369.3823,1527.3520949051353,58339810644.418175,-45505861329.530235,61509.347645195936
1897,0.0009485000000000001,56876461622.632545,-47252412256.41198,61508.98751937096,2200346049265.9634,3313819872389.8423,1548.2800175108298,56879544941.546776,-47252012919.81244,61569.11426093324
1898,0.0009490000000000001,55364287443.51913,-48951390188.43921,61516.42314702123,2464546356059.4624,3280324589668.0825,1570.8307728462635,55366675401.90753,-48951777591.48438,61538.5358409078
1899,0.0009495000000000001,53800567853.70885,-50603084671.097755,61534.8709737241,2755830856163.9688,3244796330521.604,1595.111580973703,53803719943.426094,-50602638385.81676,61532.474549058585
1900,0.0009500000000000001,52187476636.41499,-52205144826.70413,61548.958979232506,3077626637555.467,3207071788609.047,1621.2680423924537,52192189608.74787,-52203237225.21943,61523.47348275405
1901,0.0009505000000000001,50528703452.03552,-53754032690.937874,61530.16210924343,3433868905907.8247,3167033849826.0767,1649.4548560633516,50532931130.761566,-53752872036.1299,61513.013030112226
1902,0.0009510000000000002,48822685610.217224,-55251613218.8407,61537.73300506038,3828925666555.285,3124624573635.715,1679.819596680869,48827246576.61247,-55250320191.63259,61573.331809889445
1903,0.0009515000000000002,47071325065.71647,-56696077104.486244,61556.48162606239,4268546330874.796,3079549246607.273,1712.5931006461863,47076394606.682755,-56694530632.443855,61516.292822115705
1904,0.0009520000000000003,45279896369.49266,-58083067968.61569,61536.02870549022,4759571925106.121,3031597924438.8228,1748.027875972218,45284427453.13107,-58082147868.76155,61517.01248950911
1905,0.0009525000000000002,43447819407.09894,-59413504548.95591,61522.13177314842,5309624011654.694,2980715686706.0337,1786.3483396841984,43452268895.643135,-59412813126.24617,61472.699948186586
1906,0.0009530000000000002,41577611478.661316,-60685677579.95194,61503.74662942723,5928403353742.475,2926579874348.09,1827.8714339644657,41581709306.632904,-60685421544.26272,61532.77101124141
1907,0.0009535000000000001,39668901497.10408,-61900016135.82962,61507.576585810806,6627701878043.061,2868911906041.681,1872.96252313695,39671460798.37551,-61900839301.00072,61613.970907938994
1908,0.0009540000000000002,37724459056.29795,-63054669838.435425,61514.42006821745,7422543991794.099,2807275998742.7017,1922.0885433083765,37723992182.10934,-63057260723.11285,61631.644255545434
1909,0.0009545000000000002,35745007206.780304,-64149231756.33596,61534.85324612138,8331471651977.595,2741303876308.4,1975.7734900292055,35741433503.98272,-64153418738.42619,61687.708185715186
1910,0.0009550000000000001,33729483816.635406,-65184140657.20174,61592.57605440913,9378060618731.43,2670488342540.873,2034.657217328693,33726040763.292168,-65187987840.60317,61748.15662792638
1911,0.0009555000000000001,31684226200.600857,-66155745681.73446,61630.1002371257,10593093576420.19,2594109703530.9727,2099.565335671971,31679597936.387497,-66159873269.32513,61702.124283677775
1912,0.0009560000000000001,29612180871.642113,-67062771012.33113,61645.753265263345,12015167185604.416,2511691635909.04,2171.3942787490587,29605707182.98648,-67067511402.59407,61737.721551505514
1913,0.0009565000000000001,27510581665.367138,-67906580163.66035,61689.49668294555,13694305712163.287,2422552933180.811,2251.2313925104945,27506559487.263966,-67910006137.967674,61724.1958328939
1914,0.0009570000000000001,25384689865.132824,-68684764185.330635,61723.06700368643,15698545528083.324,2325470149564.0215,2340.5795335756234,25382591873.856052,-68687301750.11052,61733.40231758775
1915,0.0009575000000000002,23238575800.002716,-69395904344.20084,61733.45193641345,18119240740333.137,2219318799714.865,2441.280880894093,23237534062.36974,-69397965540.2258,61729.20332752042
1916,0.0009580000000000002,21072239222.1406,-70040237088.78423,61744.797727569545,21081442294249.977,2102748099765.83,2555.657431181126,21070979656.906425,-70042339146.86583,61850.2002114848
1917,0.0009585000000000003,18884251691.878662,-70618173717.22603,61782.599396546495,24761906429415.44,1973788299308.7266,2686.8453753303606,18886126301.78486,-70619273538.56166,61750.950853751005
1918,0.0009590000000000002,16686521706.735994,-71126351827.96985,61768.442282686505,29417628400209.62,1829745165653.3464,2839.200080230916,16686260364.739471,-71128072545.97676,61778.16844742344
1919,0.0009595000000000002,14463344926.937485,-71568879300.18132,61839.186821580864,35423415670610.36,1668072729610.096,3018.4047340394527,14474457125.117249,-71568137518.12886,61714.694146493464
1920,0.0009600000000000001,12232124124.73416,-71941333199.19232,61869.330391672134,43359032985645.96,1483896134989.5623,3233.050529214879,12250655022.148674,-71939555255.6345,61790.85203121094
1921,0.0009605000000000002,10002599006.105715,-72242597760.99069,61826.060888337386,54122474116723.07,1273036745460.311,3495.0054694059163,10014956959.452442,-72242394647.54391,61851.1603148585
1922,0.0009610000000000002,7758183808.623226,-72475864528.84743,61839.05978645155,69136114613012.875,1031380792351.663,3821.043714721205,7771029135.81577,-72475930696.54988,61888.64938189247
1923,0.0009615000000000001,5505541632.123641,-72639792553.26978,61866.80277183334,90707852323383.9,755183959914.6866,4235.7693360453995,5521770666.128405,-72639923814.44751,61928.28783612976
1924,0.0009620000000000001,3254569840.093056,-72733495996.19435,61865.949092912415,122449088478476.56,451858825110.7297,4770.594345649018,3268381772.028277,-72734208799.11064,61906.90257506136
1925,0.0009625000000000001,1002850514.3430353,-72757534948.8971,61866.33449760385,169085389331435.72,165565597948.02106,5447.635582179508,1014999862.7863946,-72758733347.41248,61904.24990192835
1926,0.0009630000000000001,-1246976316.9753716,-72711955532.96095,61865.78596276102,232294371137189.44,38566693813.529465,6206.359546238767,-1236330275.2622678,-72713527360.92273,61866.879070626885
1927,0.0009635000000000001,-3489620173.789513,-72597003413.76466,61852.11139862058,294591994409454.0,364300178725.3412,6721.7772927145315,-3481762317.7882495,-72598830132.99576,61817.25045611398
1928,0.0009640000000000002,-5721732892.167974,-72413263881.03328,61824.29464079528,306896115713948.2,1284745127126.9827,6450.523310416922,-5720334187.749424,-72414933535.86261,61850.94219344147
1929,0.0009645000000000003,-7928998102.461898,-72162594657.0733,61743.45318964382,250649287058231.06,2260168936295.701,5507.984947713562,-7951852521.693555,-72161975383.86172,61830.04890805838
1930,0.0009650000000000003,-10147069371.00019,-71842134288.20586,61744.30348489072,175856197913240.7,2766204432669.3286,4648.62376804588,-10171912428.689579,-71840522541.2651,61795.077024104896
1931,0.0009655000000000002,-12361878787.733654,-71452170157.54146,61776.033514974384,118615849249604.31,2890278568915.1577,4158.249821765248,-12381391001.123219,-71450592072.36139,61891.59887647512
1932,0.0009660000000000002,-14551753461.654566,-70995976487.93283,61766.5502181365,81693869244267.92,2858926853367.5215,3924.202956137877,-14577743543.215523,-70992505499.57869,61846.775700559214
1933,0.0009665000000000002,-16722272710.521988,-70473410330.3209,61744.53430820881,58736797933052.51,2801866507303.0776,3796.5613173315282,-16756078167.40566,-70467356013.30466,61837.83613322258
1934,0.0009670000000000002,-18895816587.397163,-69879189690.42967,61828.59281156726,44264351248174.49,2772141770220.831,3677.7910671777677,-18916285382.18081,-69875319978.33167,61867.53857423655
1935,0.0009675000000000002,-21040158277.433304,-69220370719.30959,61859.995251469445,34770271955900.668,2782440868352.134,3520.899441639062,-21056671006.438526,-69216958592.56664,61907.64565423222
1936,0.0009680000000000001,-23165798794.778812,-68494550370.552284,61913.23440727444,28191103281135.848,2821657008286.961,3320.647604293247,-23175644111.931877,-68492715779.180405,61920.51277004058
1937,0.0009685000000000001,-25272796487.830666,-67701341151.6866,62000.838521812635,23348150557337.984,2873067628109.7456,3097.034404418481,-25270176524.962513,-67703585111.919075,61902.52842377022
1938,0.0009690000000000001,-27337033645.131,-66849505088.74131,61953.617582149185,19599197525695.562,2923156013680.48,2876.7736663359715,-27337773245.064617,-66850569736.66002,61890.022162353074
1939,0.0009695000000000001,-29373019745.606632,-65934751594.47433,61918.38763727464,16611753867697.979,2964658588824.62,2680.02563956129,-29375700500.001884,-65935032246.72493,61886.24422075575
1940,0.0009700000000000003,-31377230577.29317,-64958738902.20127,61879.9033955228,14194898967853.232,2998502018355.298,2514.6244780619845,-31383561979.990463,-64957366102.527885,61887.593702615784
1941,0.0009705000000000002,-33356183227.551254,-63918421157.21116,61911.67844691694,12223838299632.688,3028002419514.397,2379.339735051653,-33359127911.381065,-63918534651.257034,61874.78245235258
1942,0.0009710000000000003,-35295814787.376625,-62820594510.98919,61889.464206031604,10602721943412.047,3056729841894.5913,2268.5171057100074,-35300463365.90872,-62819718370.11413,61873.43481677455
1943,0.0009715000000000002,-37199790328.74523,-61663837805.61077,61876.06066726047,9258166320420.309,3085969075849.29,2176.1969926121187,-37204935742.130684,-61662470173.005646,61828.498010695344
1944,0.0009720000000000002,-39065655696.5512,-60449702070.27751,61862.70413337835,8130650590143.95,3116310698960.109,2097.4023874176273,-39070142173.009445,-60448578974.34459,61816.577668738464
1945,0.0009725000000000002,-40888722734.38553,-59181430777.94158,61818.10445659407,7173853832282.247,3147404440368.023,2028.656526986129,-40895287250.7178,-59178824958.62861,61800.48328632644
1946,0.0009730000000000002,-42678570725.44713,-57852734417.50987,61872.85425066384,6353140333271.802,3178485453928.5015,1967.7741496985382,-42679972916.23219,-57853495005.39592,61833.465653098705
1947,0.0009735000000000002,-44419825551.19746,-56474193716.911644,61846.76092540656,5640673528068.848,3209440165867.7544,1913.1669150754526,-44422470169.32133,-56474008618.92549,61836.778603662584
1948,0.0009740000000000001,-46118615735.95291,-55041798825.21189,61852.13790122209,5017864799490.987,3239355833402.5186,1863.983271383382,-46120235175.66392,-55042399022.52702,61834.59282627343
1949,0.0009745000000000001,-47769048841.28524,-53560381924.68667,61826.72097982602,4469525048241.409,3268243283195.6035,1819.4520796458708,-47772178853.27927,-53559703098.769714,61843.94511370836
1950,0.0009750000000000002,-49373989114.65,-52027791254.24773,61835.731854781196,3984389597920.916,3295889517356.142,1778.9965213805613,-49377549934.79847,-52026555990.912415,61863.413408626155
1951,0.0009755000000000001,-50930068190.166985,-50447021928.70097,61844.37970652279,3552868979352.25,3322410829657.3647,1742.0681540132896,-50932759465.8488,-50446479121.1297,61797.31365154691
1952,0.0009760000000000001,-52437031963.28102,-48818380696.85232,61870.204914573944,3167479700757.6084,3347729325990.264,1708.2521380238147,-52437345748.44235,-48820182207.05841,61837.584719903905
1953,0.0009765000000000003,-53891207739.27893,-47145719533.58315,61874.55792011209,2821993419030.6406,3371855021120.1245,1677.1995870123608,-53891228444.41147,-47147944286.71415,61902.90354258846
1954,0.0009770000000000002,-55290685071.2877,-45431563524.60993,61854.02050995478,2511562253625.619,3394696395510.0234,1648.6548332115187,-55292943479.119865,-45431229328.16293,61939.68033201632
1955,0.0009775000000000003,-56637648510.98738,-43673617868.122375,61873.06362109682,2232156304509.547,3416233744261.6865,1622.3995986454136,-56640208339.422485,-43672809441.07051,61870.950157882755
1956,0.0009780000000000001,-57929760591.84976,-41874588358.008026,61901.99403601925,1979940017726.7788,3436614123902.2363,1598.1937687932816,-57930752088.65662,-41875721813.740105,61855.87158821225
1957,0.0009785000000000002,-59163403831.50697,-40039463969.406685,61893.4473590029,1751835334031.7668,3455818693570.569,1575.8606891186967,-59163874719.98705,-40041338211.75892,61858.39676315646
1958,0.0009790000000000003,-60338156248.96163,-38169443689.34188,61870.994535906655,1545501514410.3074,3473760111162.885,1555.2845486280978,-60339382008.97425,-38170284838.84024,61873.27512110996
1959,0.0009795000000000001,-61454335968.69777,-36264406394.15107,61866.243784159065,1358807688917.3174,3490478513268.5977,1536.341340110658,-61456247364.68557,-36264093397.420044,61883.39999527012
1960,0.0009800000000000002,-62510237466.135796,-34327276223.094864,61858.219644054385,1189757573084.2603,3506053179799.8926,1518.8999957257286,-62512191817.88598,-34326892417.765728,61832.133254255416
1961,0.0009805000000000003,-63504289155.056984,-32361226919.678295,61832.052087975295,1036721875170.6791,3520479345700.3774,1502.862008968482,-63506431543.75924,-32360509169.130234,61748.56472170197
1962,0.000981,-64436552587.90821,-30366677700.354126,61814.81910132494,898356295787.089,3533744661780.599,1488.150245175198,-64437578877.66791,-30368268316.554985,61700.900136303855
1963,0.0009815000000000002,-65305300484.72273,-28347583493.443882,61777.61054961402,773401441729.7042,3545895011029.798,1474.6822957332959,-65306412975.43972,-28349239625.36322,61762.298066155425
1964,0.000982,-66111583834.9494,-26302160056.494164,61776.34090854998,660857021677.1562,3556918095697.8315,1462.396844661852,-66112940094.19084,-26303271488.160973,61780.46824094843
1965,0.0009825,-66854547737.55928,-24232273927.356895,61797.106491614795,559697361413.0753,3566881606882.2617,1451.2195473546944,-66855263777.27944,-24234959978.905457,61782.36020406958
1966,0.0009830000000000004,-67531456917.090744,-22145427486.36033,61762.036682261794,469096104575.52905,3575788734429.1255,1441.09479370176,-67532881876.65048,-22146367761.5019,61760.1978261078
1967,0.0009835000000000002,-68143162438.23253,-20040442312.596054,61734.86907055501,388525997673.4082,3583575410488.054,1431.9980362126848,-68145373058.25515,-20039064259.403748,61795.4406560696
1968,0.0009840000000000003,-68690413099.51056,-17915008763.002384,61765.79839908559,317370135190.45624,3590296329395.1523,1423.8822864035262,-68692436928.24484,-17913872710.79637,61796.15358840434
1969,0.0009845000000000001,-69171424877.95598,-15774943301.268738,61783.33701265428,255013359611.274,3596003522993.3813,1416.6957351737994,-69173295213.43445,-15774297550.784613,61770.6919751736
1970,0.0009850000000000002,-69585450319.17017,-13624070409.591228,61771.53484335454,201072495130.38965,3600654868783.693,1410.4161920820875,-69587329286.1345,-13623201128.020275,61742.88282441995
1971,0.0009855000000000003,-69933273756.93239,-11459414148.183466,61804.58012297792,155234863717.57257,3604237836159.6465,1405.0252674567428,-69934695456.72847,-11461041086.173763,61802.23078820085
1972,0.0009860000000000001,-70213086957.25223,-9291198144.786898,61763.83007160487,117142561822.59386,3606791627549.7554,1400.4919052120026,-70215174253.75465,-9289008255.560907,61816.42809796596
1973,0.0009865000000000002,-70426314157.20486,-7112097644.278198,61795.55312990466,86618598388.54091,3608275034270.2705,1396.807030764243,-70428156892.225,-7110407381.118854,61821.27543952829
1974,0.0009870000000000002,-70571985737.8554,-4928544652.258411,61815.63669214669,63389352786.22407,3608733044894.295,1393.944995694786,-70573717403.31659,-4927438691.914147,61846.060726833246
1975,0.0009875,-70650041863.14987,-2742459352.0883174,61831.11867649053,47320303271.699524,3608140073486.074,1391.8969244038801,-70651755264.46902,-2741812372.3393173,61868.10141765022
1976,0.0009880000000000002,-70660515874.20833,-553559985.3927414,61872.78410899516,38310215015.8924,3606489239276.807,1390.6557291358483,-70662196376.12372,-554481075.1982623,61878.32022043039
1977,0.0009885,-70603244260.47694,1630677081.2269983,61864.00111820357,36296244880.20326,3603776322213.1807,1390.2153352159373,-70604962627.47183,1630052057.3771267,61844.37290999788
1978,0.000989,-70478466733.08025,3812736930.811288,61882.004926242815,41257900189.28969,3599991608802.276,1390.5732610599266,-70480268004.59052,3810981550.3673124,61865.01354747602
1979,0.0009895000000000004,-70286471550.44745,5986403508.727694,61865.02702603259,53208924001.47798,3595128677917.89,1391.7285279259586,-70288307397.44777,5985530904.154932,61875.51016253397
1980,0.0009900000000000002,-70027628023.29776,8150819744.804998,61842.74331507011,72187344826.9172,3589182493375.027,1393.6817171692633,-70029237745.66165,8152188739.845926,61862.93866457659
1981,0.0009905000000000003,-69702362666.41199,10303909682.48097,61817.082076848244,98272665165.50954,3582143374069.4814,1396.4364483615832,-69703569034.42366,10307645291.542442,61812.16685675359
1982,0.0009910000000000001,-69310139999.95378,12449932564.260647,61866.796611290934,131588645241.20581,3573998309565.839,1399.9995441042424,-69311530843.71503,12451412657.336252,61908.38747975049
1983,0.0009915000000000002,-68852333678.71385,14579299822.736555,61867.393035414854,172401528349.37558,3564694308038.7197,1404.391777562071,-68853291137.14354,14582754713.243097,61924.68020990724
1984,0.0009920000000000003,-68328332091.590836,16696044650.706142,61914.47530191504,220899340187.6725,3554246324341.3213,1409.620190774587,-68329537835.22063,16697799949.172077,61925.56869433972
1985,0.0009925000000000001,-67739884990.99894,18792104280.325138,61913.77700673805,277438119273.42487,3542597216886.5386,1415.7094722139675,-67741016477.551414,18793871814.539467,61889.51807079723
1986,0.0009930000000000002,-67087308331.1578,20867449287.797916,61909.56897905774,342285422434.7509,3529763565863.353,1422.6706124882762,-67088704093.3533,20868148077.567204,61867.93412225003
1987,0.0009935000000000002,-66370877375.30496,22921512223.256615,61920.845614307844,415823421763.60944,3515710661706.4565,1430.526213769805,-66372616478.386475,22921089512.54892,61896.60718681181
1988,0.000994,-65591560747.7137,24951433267.94903,61929.819800172765,498547595481.37787,3500388987653.62,1439.309222940167,-65593753265.621605,24949861628.345028,61886.770699202505
1989,0.0009945000000000002,-64751131479.77874,26952843157.00176,61906.232437215294,590996224459.6366,3483771629780.418,1449.0511873525095,-64752815381.27613,26952705264.729893,61932.694517188014
1990,0.000995,-63850176759.17197,28925135264.24534,61879.22180000697,693698831454.099,3465858535188.136,1459.7766924716673,-63850223694.156685,28928762881.078125,61966.60416836049
1991,0.0009955000000000003,-62887318993.869576,30871614041.737843,61916.68067451133,807339495456.544,3446598707344.112,1471.5248667487776,-62887289448.66016,30875097205.81028,61942.467341671
1992,0.0009960000000000004,-61864044623.02688,32788468264.68775,61968.04950475223,932946628235.245,3425856692174.0103,1484.3681582198276,-61865131003.62571,32789468697.757202,61940.014092805424
1993,0.0009965000000000002,-60782533305.63728,34671331073.16273,61995.06496121,1071548567017.2491,3403598182962.7886,1498.3636538315077,-60784723570.46991,34670231921.601494,62007.24051047103
1994,0.0009970000000000003,-59643860848.43854,36518560233.39212,62009.39595773765,1224157145813.6145,3379823928146.574,1513.5545073788942,-59645794682.50698,36517880627.12884,62071.128358563496
1995,0.0009975000000000001,-58448862485.228264,38328972588.99438,62023.6549778444,1391959273342.0173,3354479170921.36,1529.9986374932062,-58450226574.568504,38329200815.66185,62097.02976935718
1996,0.0009980000000000002,-57199251149.89533,40100048097.618515,62026.9713443374,1576380979114.3718,3327479788924.061,1547.772189048709,-57199594905.28108,40101725261.8809,62095.35304803887
1997,0.0009985000000000003,-55895663662.28659,41831080078.34666,62036.66636845211,1779020483636.2065,3298766814766.3086,1566.9541432372444,-55895348521.365204,41833630238.056465,62092.51064782141
1998,0.000999,-54539070172.78363,43520787320.65276,62055.44559018003,2001823017081.9043,3268235065798.7793,1587.6429390675914,-54539791774.64688,43521879968.77124,61995.04802796037
1999,0.0009995000000000002,-53134367563.87306,45163117282.94289,62016.78444331814,2247078555222.164,3235776333827.902,1609.9507565257584,-53134338947.96558,45165185061.736374,61987.61341404313
