,time,J_y_EKF,J_z_EKF,omega_EKF,P_J_y,P_J_z,P_omega,J_y,J_z,omega
0,0.0,0.0,219988098028.049,63460.17160251382,5.377777777777778e+17,6128437294348.446,43864.90844928605,691184692.0591005,219986272836.5323,62845.151877632816
1,5.000000000000001e-07,7641004515.44145,219729663931.72235,63463.16331845693,1.2034465627422674e+16,6060590167850.288,43930.24035147751,7601241607.805969,219729581033.78317,62924.545916087234
2,1.0000000000000002e-06,14544445918.036676,219253492257.65417,63434.11527230514,3126677225409611.5,5152393109252.668,41284.942950468285,14501035485.911158,219255684423.0219,62893.99972898174
3,1.5000000000000005e-06,21405845041.35189,218561678309.2825,63303.474727602355,1286315308743526.2,4690528786234.644,32173.039187985025,21375739792.19379,218565625549.86258,62906.79005133896
4,2.0000000000000003e-06,28214682809.528934,217658007359.62888,63055.85703881276,649573114773954.9,4634475006691.499,19582.348220958702,28223084148.109814,217660046675.06842,62945.20304413257
5,2.5e-06,34987003546.44876,216543557565.1121,62857.40979139285,368756846557207.25,4589246665074.208,10337.284284868421,35035921637.25804,216540048065.33743,62901.34248733495
6,3.000000000000001e-06,41761606053.33547,215211459730.58804,62899.619418080656,227830771208602.97,4431339144157.984,5376.529464597593,41800998634.44383,215208020273.35367,62892.45897873886
7,3.500000000000001e-06,48499241194.89944,213664852076.74866,62968.47397674019,150205589010259.62,4212342882414.1245,2931.362851375582,48515473574.04741,213665342338.748,62832.82802707023
8,4.000000000000001e-06,55159650170.56455,211913019424.072,62934.143628852435,104242049448655.16,3980147626039.1562,1710.7226050218426,55168291105.66988,211914932117.3106,62795.90114499777
9,4.500000000000001e-06,61748865506.78238,209956665759.24066,62883.078750846886,75470813772234.47,3759762487687.2397,1075.0484523215948,61759687559.97039,209957459717.1068,62802.90465631575
10,5e-06,68269290131.78101,207795844925.41132,62850.15925119888,56671857980581.9,3564133339494.1143,728.2996751153498,68283171512.99934,207795052533.4805,62815.65137997263
11,5.500000000000001e-06,74717935316.54446,205431580418.7458,62838.57791118053,43983481571546.984,3399416965005.4062,531.0834657837596,74732179230.42299,205430077673.64688,62797.392450310006
12,6.000000000000002e-06,81089403223.71135,202865702523.9008,62843.36001693156,35207945097176.64,3268356891996.3945,414.78065263060506,81099976542.91292,202865285770.28915,62834.88135276977
13,6.500000000000001e-06,87373285686.33995,200102593476.7758,62845.91986644782,29018410385334.215,3171543768856.497,343.8656906365703,87381137727.71468,200103050099.3868,62808.18105212336
14,7.000000000000002e-06,93563356585.46255,197145291186.56406,62846.593156157265,24567863539741.812,3107459124012.8203,299.0699136227189,93565917948.471,197147994377.00433,62738.8614722181
15,7.500000000000001e-06,99653276957.49588,193997155629.06113,62844.84536415609,21288812139808.168,3072536111338.4375,269.55355426073686,99649869987.23285,194002873029.57034,62805.06771035776
16,8.000000000000001e-06,105629323354.61192,190666201310.91595,62815.359705072195,18790718108851.98,3061409513198.0537,249.09731951677273,105629628967.2666,190669730084.7943,62763.369053784896
17,8.500000000000002e-06,111497348976.32137,187149536222.0027,62804.5866117766,16806784009301.668,3067679220052.88,234.13072857301748,111497509648.2093,187153200181.6632,62765.625631208444
18,9.000000000000002e-06,117247081109.83575,183453639018.47623,62791.217138736836,15160230583580.508,3085461821643.18,222.60872377184137,117244478486.00714,183459034494.6255,62706.53683314192
19,9.500000000000002e-06,122867887840.27193,179586105493.4797,62757.455557931215,13741740774787.115,3109818008328.585,213.36476543850355,122865155020.3798,179591693020.33267,62676.032576208876
20,1e-05,128358653358.40872,175548703975.85687,62723.56591298454,12488800014526.117,3137263318369.74,205.7146406507106,128359774355.31053,175551646546.03833,62670.30876964373
21,1.0500000000000001e-05,133718980916.9997,171342299659.69348,62707.20110042481,11367375768678.215,3165806499742.3696,199.22571250423576,133719955085.52135,171345457815.53796,62670.14049801914
22,1.1000000000000001e-05,138942161886.44275,166972291605.26874,62697.14820990066,10358783486147.2,3194431141940.2305,193.60404625988224,138944715568.04697,166974267350.51733,62721.92194741868
23,1.1500000000000002e-05,144024276590.9015,162442211942.15396,62695.87424658625,9451773744934.066,3222558820942.083,188.6459290548656,144030724461.57544,162440631195.24142,62739.338934040825
24,1.2000000000000004e-05,148962605621.56607,157754521163.8735,62710.223655883354,8637781700518.179,3249887769767.25,184.2091032466083,148969579644.55228,157752121539.81882,62763.90389771241
25,1.2500000000000002e-05,153751777628.21564,152914025060.14313,62733.59678975927,7908779321232.455,3276257969005.335,180.19480553250793,153758884338.63358,152911040028.31436,62804.80651933998
26,1.3000000000000003e-05,158386018693.1141,147926346883.7367,62758.617284409745,7256786804371.279,3301541028878.2163,176.5360663348899,158393926118.37473,147922044893.7518,62868.0965082815
27,1.3500000000000003e-05,162862854264.80066,142794030209.5104,62795.24694316623,6673909657924.015,3325643620965.439,173.18694316663732,162870448463.63528,142789443923.4631,62848.886984715515
28,1.4000000000000003e-05,167173824286.6177,137526384187.4137,62819.753844329985,6152426080561.038,3348548547112.218,170.11292853716384,167180672109.39746,137522100477.734,62886.815986602305
29,1.4500000000000003e-05,171317337204.90216,132125640810.60143,62849.94046820269,5685327334537.531,3370195611370.169,167.28885107364155,171322736770.41174,132122610854.75284,62894.10609717752
30,1.5000000000000002e-05,175285520507.33682,126601948414.19852,62862.569417691055,5266174350657.572,3390613897757.098,164.69241887161274,175292165740.13968,126596854227.1392,62938.88928628798
31,1.5500000000000004e-05,179078811099.81656,120955295117.0412,62888.42477145606,4889455866603.343,3409776102566.9536,162.30583566082035,179087665406.2637,120946258424.63203,62960.823037765236
32,1.6000000000000003e-05,182692478430.3566,115192304942.37631,62917.701875278224,4550244044990.36,3427743621534.843,160.11143079692437,182701001948.43665,115182886150.27719,62967.06444705116
33,1.65e-05,186123246626.39517,109317981507.80205,62951.844609259715,4244393088940.1953,3444523588008.243,158.09439641660072,186128499879.80325,109313094821.7608,62950.65225264076
34,1.7000000000000003e-05,189364059996.2053,103344247326.26428,62963.2559251958,3968402898321.1743,3460126950704.664,156.24186365306522,189366705989.69458,103343572494.59395,62922.74366613786
35,1.7500000000000002e-05,192411176413.10208,97279180164.02592,62952.6520759137,3719445405181.7554,3474525792674.8765,154.54375548848654,192413104128.38553,97279861093.8408,62919.44033069909
36,1.8000000000000004e-05,195264030791.5247,91125414773.6012,62943.61943815587,3495109283098.8765,3487730096044.5557,152.9906263337343,195264734488.45755,91128819218.15036,62880.8780646849
37,1.8500000000000002e-05,197916338494.8646,84897535596.29999,62901.47648044067,3293224177762.055,3499787333518.022,151.57282506752202,197917323014.727,84900868466.26945,62827.71852383199
38,1.9000000000000004e-05,200369756660.16507,78594501324.70718,62870.223336177536,3112024211622.193,3510678182279.668,150.2833349463909,200370563215.15134,78598754647.47289,62822.772927955266
39,1.9500000000000003e-05,202622896089.6058,72220838660.98582,62852.94178923225,2949836595084.434,3520456604777.6206,149.11442881512414,202622933680.84903,72227635351.65791,62780.71236679582
40,2e-05,204673466734.25186,65783608675.16205,62841.23391119013,2805206490853.235,3529143361550.437,148.05957388462062,204673350377.63113,65791786115.44881,62839.68574000692
41,2.0500000000000004e-05,206518272879.39862,59293939893.34076,62814.124538035154,2676911769974.0903,3536737912775.8364,147.11368884481237,206520168375.8562,59296442717.89302,62858.55907749118
42,2.1000000000000002e-05,208158770587.45947,52749056561.64264,62815.12438306085,2563953468892.078,3543229110243.4917,146.27283025303765,208161611835.85486,52747728305.82122,62863.720933988996
43,2.1500000000000004e-05,209592379708.4653,46158508972.59399,62820.324014817576,2465393083076.1235,3548652580854.626,145.5323660016816,209595372410.50797,46156350529.976,62820.20814045638
44,2.2000000000000003e-05,210817509680.30566,39530279858.11561,62822.25100333005,2380482366713.123,3553000923779.408,144.88896603996307,210820253373.24142,39528835362.75327,62816.887816550356
45,2.25e-05,211833471505.41376,32869516527.808556,62827.931621247444,2308605062418.464,3556269535664.4487,144.33993780235787,211836101867.74335,32868160336.615158,62819.280387026076
46,2.3000000000000003e-05,212639102990.68048,26184847643.938484,62827.78878070054,2249239127514.151,3558462795181.5254,143.88278290102582,212641798850.0582,26182512049.11826,62831.28705535713
47,2.3500000000000002e-05,213234153722.76703,19480963217.160183,62831.88683969111,2201965919306.44,3559578064063.0215,143.51549372364,213236482391.86707,19481918489.183994,62802.92009030692
48,2.4000000000000007e-05,213618147141.881,12764801374.163813,62837.23239609757,2166443846758.1597,3559617003630.5117,143.23632579319195,213620440049.7888,12766025730.731157,62876.880071694104
49,2.4500000000000006e-05,213790740232.8953,6045971236.524835,62831.62404157364,2142417972743.1885,3558575433970.232,143.04398234268646,213793112421.7262,6044061894.30585,62872.02834970444
50,2.5000000000000005e-05,213752333816.2302,-676321233.0833992,62848.88825744648,2129713494602.4717,3556446872626.036,142.93754880916256,213754516702.5977,-680712116.4788918,62917.4206563277
51,2.5500000000000007e-05,213502669816.3937,-7395815212.090286,62880.896198558105,2128230685995.676,3553226795772.902,142.91638198555418,213504464026.64688,-7402581916.628096,62943.216062895706
52,2.6000000000000005e-05,213041649349.36078,-14106576027.801605,62924.2783236137,2137962857385.0645,3548900665919.7773,142.98036672241298,213043080885.57782,-14112774389.398775,63014.96206384795
53,2.6500000000000007e-05,212369667677.26703,-20798090766.137314,62959.065156698154,2158990089826.2854,3543451844099.6113,143.1297731014796,212370813173.41403,-20803875034.261044,62996.17450632406
54,2.7000000000000006e-05,211487555155.7705,-27462503681.984943,62984.04234901385,2191459056030.518,3536867253485.331,143.36502300191717,211488476354.9318,-27467675722.32789,63000.88382125341
55,2.7500000000000004e-05,210396350045.00296,-34093085713.597923,63002.814717953064,2235582740608.0293,3529134516887.2437,143.68672823913448,210397288997.5824,-34096263478.515358,63007.07631509094
56,2.8000000000000006e-05,209097178868.67593,-40683876341.046364,63020.38059806641,2291650133729.7773,3520237930144.2593,144.095836570187,209097954965.04785,-40687095328.58046,63068.87415794801
57,2.85e-05,207591518718.15656,-47227850020.41712,63035.257757689455,2360039350401.7114,3510156917573.861,144.59372618735597,207592044442.58994,-47231323948.40739,63047.20892065148
58,2.9000000000000007e-05,205882031018.20618,-53714273328.28436,63031.43173560006,2441218444418.0107,3498869735738.337,145.18211345151843,205882664847.3162,-53717002491.955925,62978.97388451296
59,2.9500000000000002e-05,203970625050.7241,-60138110812.8621,63021.88187019327,2535718058071.113,3486363579674.0557,145.86269293188184,203972619292.9662,-60136071446.68293,62927.73856574659
60,3.0000000000000004e-05,201860400592.48157,-66490564060.6249,62998.65940702203,2644189862482.4844,3472611174283.428,146.63776118514886,201864276266.51108,-66483279361.20859,62894.10801891318
61,3.0500000000000003e-05,199554630771.854,-72764047398.18596,62961.34015789976,2767378961311.3774,3457591670736.9487,147.50979684109834,199557909056.95312,-72759689339.61528,62923.96996343454
62,3.100000000000001e-05,197053753732.52573,-78959575291.20322,62944.427746067064,2906146164982.254,3441281370415.2017,148.48159666551084,197056755697.3888,-78956573674.19867,62928.18497191014
63,3.15e-05,194360194136.3573,-85071353345.389,62940.65221053712,3061603521811.4243,3423616394555.197,149.55754832539824,194363251857.30063,-85068633524.74065,62945.57905708835
64,3.2000000000000005e-05,191477530511.497,-91091483569.79907,62936.675636448665,3235039112919.2236,3404549119162.623,150.7423553290232,191480708197.6976,-91088830891.35483,62869.813810592255
65,3.250000000000001e-05,188409760626.57928,-97012329428.7377,62924.96392463343,3427896876679.0474,3384045051095.1274,152.04064729817685,188413872449.75314,-97008277529.59981,62894.33163834434
66,3.3e-05,185160224814.75714,-102828498476.70854,62909.74354793659,3641801806992.83,3362068511462.789,153.45731665344505,185163251381.2779,-102826911464.32413,62922.94054043716
67,3.350000000000001e-05,181732702801.68716,-108534164503.43146,62891.17629130819,3878637660867.6196,3338566361334.663,154.99820945429835,181734272099.17892,-108535405841.12308,62892.34361300478
68,3.4000000000000007e-05,178124708337.0652,-114134156062.2939,62915.20941884868,4140580522633.3745,3313480786738.6265,156.67002546492213,178126609258.98428,-114134575178.79889,62986.288192202104
69,3.450000000000001e-05,174345633994.78754,-119612779760.87932,62921.39548620772,4430425588189.686,3286668748979.1147,158.48297415012095,174345699810.4381,-119615833598.01224,62940.08403288159
70,3.5000000000000004e-05,170395899132.78937,-124970161515.61357,62940.54279609297,4751109506428.151,3258121341989.845,160.44477764713372,170397757428.28125,-124970501627.32014,62938.911362181985
71,3.550000000000001e-05,166284072587.00464,-130194514488.26556,62938.53820301197,5106213645414.602,3227726693296.814,162.5659515271302,166286381365.33133,-130194375543.98088,62911.490491864264
72,3.600000000000001e-05,162013941335.42242,-135282034265.48067,62928.321411779376,5499691714181.67,3195446173207.8696,164.8563362672476,162016394986.4351,-135281865975.73904,62918.72142989202
73,3.6500000000000006e-05,157587990972.33072,-140230473875.07324,62924.68998854682,5936231962743.997,3161180069713.178,167.3280881028811,157589498346.94254,-140231513484.12997,62955.40696046591
74,3.7000000000000005e-05,153007382450.96512,-145038696773.96057,62942.39921708428,6421491355573.467,3124785602340.323,169.99654868771532,153009885986.88068,-145038633857.35895,62940.10705699427
75,3.750000000000001e-05,148283614416.19217,-149694290768.73346,62937.27576641608,6962365574777.649,3086084658466.5957,172.88056781689644,148285979537.3932,-149694461267.65393,62899.14316654543
76,3.800000000000001e-05,143419399302.5549,-154195552109.94345,62929.92265093026,7566664490008.265,3045025177149.4043,175.9972706325886,143424120463.21597,-154193672717.6983,62896.78544794272
77,3.850000000000001e-05,138420607792.8083,-158537550062.66333,62917.485061140374,8243869612371.777,3001438381571.979,179.36816401558593,138425238424.19232,-158535991537.65753,62882.98450637759
78,3.9000000000000006e-05,133288618353.54082,-162719645928.28558,62918.82600266704,9005379658275.861,2955150858273.3794,183.0183923661045,133293383575.83696,-162718104855.8559,62958.13936871326
79,3.950000000000001e-05,128034033989.94415,-166733214217.97845,62905.43934739121,9865301829479.33,2905904108690.7944,186.97959372997937,128035209321.33333,-166734686622.96545,62942.87557512629
80,4e-05,122654638512.54555,-170580700347.64517,62914.34453768803,10840536394672.928,2853535643595.0503,191.28523587239357,122656429232.65146,-170581623069.54218,62964.9512523773
81,4.050000000000001e-05,117158496990.17694,-174255979382.8277,62925.985898541694,11952471171453.473,2797682859493.5103,195.9796340317749,117158681484.09439,-174257884587.2548,62981.8540251611
82,4.100000000000001e-05,111552144133.79803,-177754764071.4698,62935.405913551134,13227559154781.05,2738054418883.744,201.113396431935,111550136459.2765,-177757916929.3943,62972.795916561685
83,4.1500000000000006e-05,105840100311.16736,-181074446188.24014,62947.44837417658,14698921403573.662,2674319531494.6406,206.74609811324174,105836972204.55722,-181078022279.06113,62987.648339183295
84,4.2000000000000004e-05,100032792651.77042,-184209064508.76114,62944.81711321038,16408682949881.172,2606051899025.229,212.95116299933022,100026785900.88365,-184214060482.42984,62958.73107703117
85,4.250000000000001e-05,94122626847.4882,-187163320495.50873,62977.90998471993,18410465165417.152,2532840183400.5273,219.81595610022416,94121068019.10703,-187165469286.66055,63009.96860345877
86,4.300000000000001e-05,88130054059.14333,-189925995949.10284,62986.36112189883,20775394167035.277,2453898006939.917,227.46021055735312,88130198073.7446,-189927197859.6277,62986.22967270367
87,4.350000000000001e-05,82060734416.66014,-192495303737.67868,62980.38888337966,23595754061765.273,2368731169476.3477,236.02324900606638,82063021454.84412,-192495672482.35284,62892.866371128366
88,4.4000000000000006e-05,75922979609.26451,-194868445893.0849,62958.79091656358,26994496541003.867,2276602562204.1733,245.68354136106666,75924512361.79382,-194869435783.61118,62920.99866742664
89,4.450000000000001e-05,69710773274.06262,-197048698457.0094,62962.184821212344,31137801481472.645,2176626433138.061,256.67425808715944,69715788744.42438,-197048483314.78006,62920.07764149577
90,4.5e-05,63437737420.95585,-199030761940.89194,62961.47518898458,36256511943914.11,2067471243832.8838,269.31900899645314,63445597866.82436,-199029800008.32608,62919.457459508165
91,4.550000000000001e-05,57110688191.78407,-200812852781.8775,62956.64990643271,42673327998134.82,1947905572249.3538,284.04956248152865,57118524548.38706,-200812213744.42233,62945.76255279408
92,4.600000000000001e-05,50731781280.059425,-202394834863.9664,62959.843910518604,50847221154602.28,1816557248605.0798,301.4588139538395,50743815725.887566,-202393314350.42108,62920.444869126746
93,4.6500000000000005e-05,44307495985.897835,-203775078052.5158,62968.23970234566,61441626717001.58,1671974802153.8398,322.3830437484505,44329022664.85203,-203771714913.16046,62894.685449988065
94,4.7000000000000004e-05,37855717183.0769,-204949424558.131,62952.168047600964,75423441621021.86,1513218601670.5386,348.0084984220828,37877843653.468,-204946995261.462,62919.37990221368
95,4.750000000000001e-05,31372259824.581757,-205920143274.8005,62944.196659067326,94192267053513.5,1341217101775.2466,379.9938382809607,31394545948.28336,-205918607626.5026,62935.66948640612
96,4.8000000000000015e-05,24864853311.855003,-206686077199.24664,62938.92955172002,119713840062389.88,1160851971362.3801,420.60687210764195,24886227984.796333,-206685553814.24564,62939.278885790794
97,4.8500000000000007e-05,18336413948.54527,-207247560872.44025,62945.7418428612,154451644872000.22,987447879336.4236,472.55759514486584,18361872235.88775,-207246933410.78403,62893.97772972422
98,4.900000000000001e-05,11799480672.394272,-207602205352.72388,62942.425365519106,200431171693804.72,858657801254.952,537.7473635946775,11828475752.173555,-207602478152.73096,62929.86694600049
99,4.950000000000001e-05,5258893260.000069,-207751436816.9076,62942.82114458786,255799060193490.56,850345431807.1951,613.0175941613617,5287731433.057552,-207752411634.5223,62925.27634445665
100,5.000000000000001e-05,-1281836208.3584683,-207694451435.3469,62943.87367814395,307742722400644.0,1066913482107.567,681.9452371102682,-1251438994.3378983,-207696445709.06818,62971.512370280754
101,5.050000000000001e-05,-7813093914.224195,-207431932332.15164,62944.66437707516,330337964472297.9,1541548759152.5698,713.4900238379585,-7784097897.886364,-207434868297.42395,62980.8499014182
102,5.100000000000001e-05,-14306843771.53022,-206966522728.3319,62924.23722910617,306493965062221.25,2110493897303.8577,689.193676803691,-14302557099.266092,-206968002221.84937,62956.06369876678
103,5.150000000000001e-05,-20795583329.042725,-206295770513.9013,62921.47205100302,251362342020073.3,2539741303198.8457,629.0717256512196,-20797243011.47861,-206296761816.2307,62965.23740991334
104,5.200000000000001e-05,-27250360708.963627,-205422584813.65848,62912.59702917281,192289698778555.06,2758283316890.1,565.2688797382502,-27262276115.941326,-205422176320.61096,62948.95086556706
105,5.250000000000001e-05,-33688508261.550335,-204344847461.031,62924.118548505074,143656250788510.1,2829086641462.146,512.9692595849637,-33691618174.410618,-204345412227.82373,62919.76245631788
106,5.3000000000000014e-05,-40072795905.419205,-203067964854.2642,62919.14395367685,107500244419556.27,2831142891579.6724,472.6700903465989,-40077099643.4703,-203068284581.56274,62889.19923976777
107,5.3500000000000006e-05,-46409177319.98444,-201592035713.80148,62913.039498695056,81433992543143.89,2814113435674.9834,440.26363059019377,-46417352884.81668,-201591448687.35947,62906.50926205761
108,5.400000000000001e-05,-52698268155.09535,-199917287003.60434,62916.09223864403,62626275314808.016,2802161836431.215,411.89764860814336,-52703963634.577095,-199916990993.41357,62926.07105188565
109,5.450000000000001e-05,-58930885943.93519,-198045822593.53012,62923.92170337059,48878647705317.805,2803306717676.429,385.2916971099284,-58933971062.43087,-198045911832.0233,62937.37739319716
110,5.500000000000001e-05,-65102162537.66842,-195979046527.44763,62939.05862448513,38673521473239.68,2816772361592.252,359.6827977366437,-65101265350.89912,-195980023653.45288,62962.00765336054
111,5.5500000000000014e-05,-71204223062.34523,-193719346136.1855,62957.6429083287,30994274413250.285,2838384575753.807,335.28851128222516,-71197416319.74281,-193722152627.0755,62946.103944118644
112,5.600000000000001e-05,-77216413757.25526,-191274260324.6054,62945.74988063012,25154862252576.26,2863831697073.263,312.7027711861461,-77215050408.80797,-191275373640.06464,62988.282263625595
113,5.650000000000001e-05,-83142595467.27383,-188644008758.91095,62929.01655277266,20680939138710.574,2890083239171.0854,292.4537527808272,-83149484412.91826,-188641769104.80173,62950.316952632405
114,5.7e-05,-88989229666.4917,-185826251754.0125,62940.59286433583,17230382149166.846,2916204466926.759,274.7671009186364,-88991814900.50201,-185825717153.71246,62908.85911639372
115,5.7500000000000015e-05,-94735461058.51335,-182830207600.8749,62934.066085116276,14548499352574.19,2942516912432.9077,259.56487327258213,-94739202683.45352,-182829069132.68173,62946.27532338874
116,5.8000000000000014e-05,-100380739575.14421,-179657097188.6444,62927.11761007087,12444555929090.582,2969272167270.7993,246.5951468650926,-100384523592.95894,-179655859446.87216,62887.16218235354
117,5.8500000000000006e-05,-105921170288.48967,-176309423755.71533,62924.8270704508,10773441194085.963,2996821524179.1025,235.52584157415535,-105920805811.44432,-176310587984.80753,62849.69514419242
118,5.9000000000000004e-05,-111348615281.95277,-172792308312.22247,62916.970367170536,9425140022375.629,3025224221653.874,226.0256699209964,-111342626057.82512,-172797134814.7512,62827.676075847405
119,5.9500000000000016e-05,-116653754127.056,-169112427173.61896,62890.061985817105,8317504404562.863,3054200715556.67,217.8083594897148,-116648257012.3685,-169117333590.97302,62826.43619613485
120,6.000000000000001e-05,-121836990987.857,-165270501895.3895,62868.08136736944,7390382423942.508,3083304456756.613,210.64307153983052,-121833424303.57982,-165274366994.7411,62825.38820004969
121,6.050000000000001e-05,-126891766674.73819,-161271824005.74713,62843.41590499658,6600062966616.897,3112219712146.965,204.34232834918598,-126886950915.51453,-161276893281.9006,62767.32552773392
122,6.1000000000000005e-05,-131813323090.7076,-157120814386.22028,62816.48449313072,5915579605375.497,3140614704218.0693,198.75814141730012,-131808174437.28331,-157126608215.0389,62742.48450968841
123,6.150000000000002e-05,-136594844885.82137,-152823969543.68335,62778.17840826046,5315186640121.203,3168241589038.393,193.7728050801812,-136591887407.33919,-152828327019.88846,62730.77066591511
124,6.200000000000002e-05,-141236887126.82632,-148381772273.33395,62752.866052321515,4783685953005.306,3194902141953.0234,189.29317318377107,-141234798349.6855,-148385724133.70395,62693.45203215201
125,6.250000000000001e-05,-145737191539.43726,-143796593782.5722,62746.698802469524,4309969274836.748,3220549731683.0405,185.24190721990072,-145733633452.9811,-143802248836.27008,62697.73466937449
126,6.3e-05,-150084519702.33362,-139079924837.26605,62720.74742398785,3885735520899.96,3245145586337.1113,181.55692362793758,-150081738413.5855,-139085214805.1929,62647.79793083488
127,6.350000000000001e-05,-154277071354.0464,-134234945670.5584,62690.772342899545,3504894228174.1357,3268547830168.958,178.19324631909373,-154277162468.58762,-134237411988.88055,62687.131073491684
128,6.400000000000001e-05,-158314561906.85303,-129262779588.16829,62676.37237883755,3162427090749.5215,3290744584592.162,175.11367065663975,-158314301462.12277,-129265840840.85857,62641.15056530952
129,6.450000000000001e-05,-162189071674.32544,-124173409015.51141,62649.577814843455,2853960846965.998,3311777899814.458,172.2862308510837,-162190480164.7605,-124174694398.07568,62624.97150248666
130,6.500000000000002e-05,-165902898398.6572,-118964801549.46169,62647.766207412016,2575891194148.315,3331599552193.4385,169.68725156071528,-165904486036.62646,-118965928721.99756,62716.908321236566
131,6.550000000000002e-05,-169451727897.73932,-113642650274.5493,62659.15860306209,2324865032283.7544,3350273998837.4224,167.29479960564257,-169454292943.8474,-113642140157.7087,62700.41375673823
132,6.6e-05,-172829584697.1198,-108215804050.71259,62663.01347379746,2098021424747.0208,3367799958744.767,165.09151776628661,-172833587521.67346,-108212786800.32574,62687.636578450605
133,6.65e-05,-176036420286.85144,-102684829492.42577,62683.344149895885,1892982419330.623,3384145799334.7637,163.0641911861511,-176040207729.44745,-102681606393.07932,62741.19674146347
134,6.700000000000002e-05,-179067483041.33643,-97057490194.45535,62703.65432385541,1707580387823.919,3399352719876.2573,161.19980913080573,-179071186097.0131,-97053870894.99681,62741.7382270716
135,6.750000000000001e-05,-181919901750.41412,-91339198465.69162,62724.53974865265,1540005931300.255,3413415937255.895,159.48778993861274,-181922923775.5915,-91336384185.0894,62729.69205417712
136,6.800000000000001e-05,-184589905974.50476,-85537631341.80948,62737.16526073108,1388693774464.0674,3426343673568.1943,157.91881871420836,-184593314658.8502,-85533527397.60573,62819.26308162574
137,6.850000000000001e-05,-187078006414.1845,-79652071488.23128,62772.035950748264,1252317278737.3184,3438136380202.098,156.48495121602298,-187081717788.79614,-79646445673.06131,62831.398279012414
138,6.900000000000002e-05,-189380316887.9408,-73690584700.0875,62810.4960812755,1129635065447.0342,3448838388246.5327,155.17790035917204,-189382369200.85263,-73688217281.91866,62857.739621083696
139,6.950000000000001e-05,-191491922145.09943,-67665609543.270256,62823.68406526796,1019636412091.9889,3458443299521.456,153.9913512975608,-191493523798.49228,-67664072951.63394,62811.647076386944
140,7.000000000000001e-05,-193411792328.16986,-61581599069.48282,62828.23806708165,921521128307.3441,3466926454613.894,152.9207519815087,-193413323770.18967,-61579957790.88844,62863.75596921911
141,7.05e-05,-195138593586.03455,-55443836208.567604,62830.88590593285,834546189132.2048,3474307682833.3374,151.96116792382506,-195139997425.6071,-55442293913.776115,62800.91027397794
142,7.100000000000002e-05,-196671297060.1681,-49256771222.43319,62839.21364888238,758048208083.6733,3480604525970.875,151.10792150409856,-196671695172.70047,-49258835689.01598,62824.95029031008
143,7.150000000000002e-05,-198007100376.26276,-43032268039.753845,62827.52355924028,691443631871.6268,3485829009941.9883,150.35690996213754,-198007720356.45135,-43034025773.59767,62831.56612873059
144,7.200000000000002e-05,-199146093779.48346,-36772822812.20523,62819.17671736965,634274113052.8582,3489969388587.1685,149.70524736489546,-199147365522.02615,-36771597205.435974,62784.74013864278
145,7.250000000000001e-05,-200087356770.76385,-30484942697.99107,62811.65662665998,586115239303.1263,3493040131194.7153,149.1499046640406,-200087941212.54782,-30488087837.262417,62712.82068627975
146,7.300000000000001e-05,-200829291351.75186,-24181821860.23082,62776.41199454957,546618112595.0788,3495043840355.455,148.68836149053485,-200829657673.73428,-24188750948.877274,62659.879421736376
147,7.350000000000001e-05,-201372030584.20944,-17870970540.573017,62719.812059549724,515518596315.03064,3495971312556.8076,148.3188457937964,-201372805197.34793,-17878048955.06957,62628.19014189426
148,7.400000000000001e-05,-201716950106.2016,-11547620558.855473,62695.3196169538,492585846809.8326,3495828182360.481,148.03958600408274,-201718076405.59448,-11554293658.30773,62654.57194036421
149,7.450000000000001e-05,-201863357640.35938,-5225427345.993192,62659.672761157584,477614926951.87695,3494627418002.645,147.84874553326478,-201864869771.5852,-5229294811.695773,62614.47378905089
150,7.500000000000002e-05,-201811943661.99063,1098076586.9314036,62652.62097536952,470484888869.9095,3492356514473.897,147.74539048659375,-201813625438.1458,1092906924.984913,62636.3785110849
151,7.550000000000002e-05,-201562736713.44995,7410541713.460743,62637.51109864494,471123707550.18494,3489009653361.412,147.72885156744027,-201564567516.01233,7406380795.137516,62633.05021533562
152,7.600000000000002e-05,-201116268391.621,13709817808.631712,62633.97515550338,479517926992.9002,3484574974124.1484,147.79886962887036,-201118162389.3817,13707010295.84084,62611.446025978046
153,7.65e-05,-200473236378.19333,19987599346.110847,62628.55425609514,495704877943.10785,3479041150743.915,147.95546469681048,-200475465818.73068,19983003403.35438,62615.0705235238
154,7.700000000000001e-05,-199635181984.38763,26232475855.767853,62600.426318630445,519767208931.7325,3472396362887.221,148.19892313112257,-199637322490.22275,26230614868.16277,62591.57615724523
155,7.750000000000001e-05,-198602404411.33014,32447713893.075905,62596.893442629174,551813336290.641,3464635171978.423,148.52958145350286,-198604797940.962,32444726876.144917,62602.8933091896
156,7.800000000000001e-05,-197376565278.96655,38622911859.46109,62590.159097556796,592039878861.5072,3455730893374.586,148.9486006658994,-197378513066.4906,38622759115.336754,62594.31893455547
157,7.850000000000001e-05,-195958335279.7806,44756181833.34408,62598.42726945794,640678946260.4447,3445668232827.2905,149.45724201409237,-195960268927.01382,44756262918.29736,62628.69343061766
158,7.900000000000002e-05,-194349878646.40906,50837983457.25097,62600.9457869319,698045669438.0652,3434417575177.3237,150.05738398183155,-194351240764.6393,50840312814.78188,62607.25754332805
159,7.950000000000001e-05,-192552736518.34848,56863574340.29047,62604.83048920684,764490289567.6978,3421961990869.4526,150.7508979436357,-192554436961.15802,56864483414.440605,62611.73445435363
160,8e-05,-190569262816.39423,62825709955.14472,62603.68862644469,840438504806.6587,3408273707984.6396,151.54014564674716,-190570749695.20456,62827176704.86019,62583.347490995315
161,8.050000000000002e-05,-188402627841.0504,68715965541.21329,62588.24289793987,926376029482.5016,3393327917406.4507,152.42775643379676,-188402884196.08572,68720930527.21019,62575.8083459009
162,8.100000000000002e-05,-186052991495.4787,74535395820.8321,62592.45579628694,1022841868611.0575,3377104869252.949,153.41647546453012,-186053977964.71545,74538066419.33083,62585.50029010828
163,8.150000000000002e-05,-183523428147.39496,80276125826.83415,62599.18609862641,1130550735388.287,3359541953743.9907,154.5106238719226,-183523972968.64923,80279556933.2987,62654.09271622252
164,8.200000000000001e-05,-180815860564.08267,85934046371.10754,62613.738277983066,1250289762349.0605,3340603340650.956,155.7145117271176,-180816528013.77087,85936763061.71513,62601.36463440226
165,8.250000000000003e-05,-177935373921.0739,91498593287.88364,62611.13709225952,1382983008560.8928,3320239067255.883,157.03310758769308,-177937325645.19846,91498659249.13771,62553.55040910835
166,8.300000000000001e-05,-174885675081.50977,96963775123.22026,62594.85190939556,1529602796470.6365,3298429782178.7715,158.4709237739422,-174889468118.60992,96960726907.40413,62536.08813540081
167,8.350000000000001e-05,-171668655574.71338,102327363108.14337,62582.94457266353,1691265572810.5806,3275134538843.0435,160.03323154008004,-171674450482.30493,102321325041.9983,62525.39627912995
168,8.400000000000001e-05,-168291556843.1701,107577969283.65399,62545.43691997558,1869330532936.0796,3250276326787.724,161.72706382601433,-168297021882.81372,107573196753.08777,62467.89510721568
169,8.450000000000002e-05,-164755004249.09113,112716348491.76889,62516.788827888886,2065229076764.1418,3223836312460.6694,163.55861819275495,-164763064055.83078,112708525240.5961,62430.06995049879
170,8.500000000000002e-05,-161063857534.4524,117736095814.50977,62486.185095600624,2280771555576.3257,3195710975802.1353,165.53682081231113,-161071799590.71234,117729332209.08688,62430.30372765374
171,8.550000000000002e-05,-157219890456.3005,122635654388.89934,62468.46094508632,2518012217737.09,3165829725749.0786,167.67110759871684,-157228124119.0639,122629054471.83923,62455.81831608886
172,8.600000000000002e-05,-153228821923.2981,127408068024.5307,62447.76545563573,2779426667075.5576,3134081298303.722,169.97293642985179,-153235535852.52866,127403924626.87598,62439.058374871754
173,8.650000000000002e-05,-149092315027.6783,132052015773.06343,62439.795285782515,3067809746806.503,3100391146132.4683,172.45399209677078,-149094786137.78906,132053028719.79935,62522.072558045
174,8.700000000000001e-05,-144813399483.99704,136564181967.02571,62445.3275293478,3386534077326.1597,3064625157464.736,175.12868292386028,-144811857440.03467,136569506061.2818,62530.70417748699
175,8.750000000000001e-05,-140394445368.5785,140941920438.90027,62468.17706855603,3739594625427.082,3026642974273.822,178.01362355520112,-140392524693.30127,140947209038.96307,62462.39933326401
176,8.800000000000001e-05,-135842428729.87741,145177942360.12488,62487.644565109294,4131769923956.344,2986281716901.13,181.1280990205972,-135842744087.82271,145180785848.68283,62513.49896690449
177,8.850000000000002e-05,-131162463565.97934,149267634617.3531,62502.15294197447,4568572502006.289,2943424982405.377,184.49207700407433,-131162558653.67181,149270462347.03073,62531.585029933
178,8.900000000000002e-05,-126358079200.32877,153208124670.39417,62518.74810082082,5056548087282.974,2897919692714.481,188.12829002816034,-126357693636.36902,153211197065.65237,62574.95250188774
179,8.950000000000002e-05,-121434913880.60208,156994832896.16342,62532.636524156755,5603642782502.71,2849555104830.818,192.06421182754568,-121433912966.47256,156998253248.61157,62562.91493835472
180,9e-05,-116396561133.51888,160625150503.5323,62550.210280083316,6219456509400.641,2798114979439.3184,196.33148520877953,-116394797642.8414,160628883078.3659,62605.88100014063
181,9.050000000000002e-05,-111246381926.51486,164096601429.1874,62576.32992454703,6915814546183.363,2743323431262.678,200.9679741804959,-111245763073.42184,164099318034.73666,62646.07818370014
182,9.100000000000002e-05,-105991555118.91014,167404129028.49445,62599.31229197471,7707413393846.196,2684851230356.704,206.01914137499622,-105991622767.3856,167406197636.73303,62612.86484131577
183,9.150000000000002e-05,-100641529103.75134,170541924345.57022,62604.53445981793,8612405134266.692,2622379142041.418,211.53709078222542,-100643102862.90755,170543043858.53815,62581.5707916098
184,9.200000000000001e-05,-95201092465.66666,173507814549.67514,62600.74500184849,9653278275735.916,2555585245197.449,217.58126281182066,-95200440824.07779,173510199465.01532,62666.81037500356
185,9.250000000000003e-05,-89668190767.73048,176303343520.83237,62616.89342664117,10858619117196.545,2484010889087.1816,224.22491898856487,-89667200059.9713,176305712879.19516,62624.69649834677
186,9.300000000000001e-05,-84055014311.21492,178921996978.30264,62623.523843561925,12265854875623.254,2406960466810.158,231.564321812851,-84055466421.22324,178923584122.4283,62619.14687399443
187,9.350000000000001e-05,-78364233714.459,181362913860.2854,62633.19714887756,13923262405427.24,2323836142820.7324,239.71297081201925,-78366536842.44258,181363669990.01605,62629.96385260189
188,9.400000000000001e-05,-72606574198.13397,183621607143.0688,62629.44255875203,15894842640659.49,2233806281800.085,248.81451885033195,-72607507001.97345,183622982571.8372,62645.52024761467
189,9.450000000000002e-05,-66781039683.90563,185699039246.56332,62636.46503683229,18265926693034.9,2135978998723.2598,259.0475125264707,-66780215559.15659,185700986914.99893,62678.88311884129
190,9.500000000000002e-05,-60898219466.64856,187591343239.09116,62637.15415145336,21153663827494.14,2029059238075.2996,270.64914410413746,-60899282056.611664,187592602430.6078,62595.96281167392
191,9.550000000000002e-05,-54962748864.122215,189297423245.18698,62636.82580314756,24720453949257.67,1911631313359.1511,283.9276861809469,-54971061898.85358,189296623785.47638,62554.741206949235
192,9.600000000000003e-05,-48982270395.37749,190815360479.747,62631.32953062083,29196629304201.113,1781897382374.6458,299.29702331892884,-48996371357.68991,190813340715.79556,62551.845363018125
193,9.650000000000001e-05,-42963780124.49028,192143829402.4861,62619.7407111876,34915362669132.996,1637717932427.4543,317.32152659743855,-42982915034.94309,192141254077.04257,62529.62968821884
194,9.700000000000001e-05,-36912571001.74218,193282198679.36014,62605.5699103719,42368976957319.91,1476589887903.937,338.7865112154167,-36936377778.14351,193279535831.9502,62480.39919428732
195,9.750000000000001e-05,-30832353252.938427,194230223740.8015,62594.71204256474,52299850643584.98,1295805422980.9412,364.8045105218649,-30864684793.857838,194227111540.55722,62418.67107220821
196,9.800000000000002e-05,-24732988774.511047,194986589302.6358,62577.93980650224,65843458250844.836,1093184948838.3728,396.96149632819174,-24774893245.487587,194983552325.89066,62425.684099925806
197,9.850000000000002e-05,-18617226086.185997,195551559430.72406,62563.552308475635,84729145662148.8,869532572111.8257,437.4573705382117,-18665973354.66867,195549409688.8582,62452.3538482886
198,9.900000000000002e-05,-12486271191.073338,195925369294.7777,62560.43459256158,111467034540664.67,634760464313.137,489.05565343830466,-12543559298.643635,195924329571.34775,62437.13735606698
199,9.950000000000002e-05,-6347812178.990356,196107428081.80154,62562.879710898014,149056231692178.16,423914572052.23615,553.9949985327033,-6416697058.620287,196107734702.61758,62446.313306993274
200,0.00010000000000000002,-211530980.05313212,196097617758.83133,62564.649480438864,198466997259449.34,329580714654.714,629.3723010627355,-291285473.70401204,196099762812.90103,62462.69132138602
201,0.00010050000000000002,5907133361.971208,195896512663.30075,62553.03383517461,250434214390367.53,524693940370.64514,695.8187354604896,5831086778.074098,195900545529.92432,62471.41169776382
202,0.00010100000000000002,12007157225.00792,195504801475.6557,62534.635342476344,276791830931821.34,1133339220662.8545,712.4058485174501,11941296808.954483,195510381053.02008,62497.85537359123
203,0.00010150000000000001,18068326180.97038,194925085088.77008,62495.115428637015,253555005291603.9,1927826985369.5522,659.0807778711954,18033334887.471634,194929853947.53635,62509.12618162636
204,0.00010200000000000003,24117754185.783386,194155938793.38132,62474.70848818248,198729620113494.34,2497375618953.3677,576.3482134485693,24103543830.724705,194159275184.44333,62531.51131854965
205,0.00010250000000000002,30155583584.859177,193196468400.22424,62478.212140102056,144612451817912.1,2741848237135.931,508.3851493073474,30145269797.204903,193199627815.6522,62540.54252457374
206,0.00010300000000000002,36142074168.3834,192052041362.84097,62463.00813950397,104010901978711.14,2789344228318.662,464.3881346941381,36150371336.95462,192052216274.42795,62544.79090239069
207,0.00010350000000000001,42099225615.51883,190719780659.81223,62465.54605774464,76185282540501.6,2762475416835.6304,436.61281560771505,42113414276.43414,190718341590.58224,62576.25249831962
208,0.00010400000000000002,48011156829.33191,189202347681.04993,62472.10221220913,57379189508784.31,2728082844423.2114,416.10768895009056,48034780003.47698,189197910879.1384,62645.616539235765
209,0.00010450000000000002,53877799314.79957,187499707379.67514,62492.829536256584,44439529638452.81,2712927616541.977,396.93529966129086,53905412867.31681,187492999108.92813,62659.365433514766
210,0.00010500000000000002,59697793637.45297,185611609245.77234,62537.147763666304,35253997541061.41,2721871856524.3296,376.3344982283601,59717833447.783226,185605672582.0196,62662.182479788666
211,0.00010550000000000002,65449044388.20939,183544059058.46375,62569.895600610245,28503185479922.03,2748847782402.5522,354.0202126288084,65470052022.69485,183536535542.6852,62728.67701037162
212,0.00010600000000000003,71138440898.08319,181295156504.0783,62619.6741860368,23387722440660.453,2784133365733.083,331.1774279232814,71155292427.53696,181287833210.06555,62763.22627067778
213,0.00010650000000000001,76749744729.90244,178870543628.43887,62657.65793758095,19421035207839.33,2820217173796.882,309.3455723146547,76764176180.3049,178863226814.6225,62769.81172589291
214,0.00010700000000000001,82279336408.9672,176272217063.47284,62689.4675107688,16299187884116.02,2853132667471.306,289.68728027669704,82291130379.5082,176265324396.33145,62744.48837970216
215,0.00010750000000000001,87723663502.00473,173502057062.051,62720.958771854705,13818752649812.46,2882411143415.6245,272.7131188011979,87729625167.77045,173497362411.14145,62735.62071291215
216,0.00010800000000000002,93068796501.08957,170567272630.4531,62725.71913532444,11832699165755.336,2909405338038.9507,258.38337462629863,93073461825.64267,170563005967.86023,62749.19420891677
217,0.00010850000000000002,98316809228.46652,167467730313.85516,62731.214210748345,10229472873534.934,2935608349292.2524,246.35726613547703,98317183073.0637,167465692529.29498,62656.41823647962
218,0.00010900000000000002,103461646006.5431,164207207455.75525,62733.956260395935,8921317076019.252,2962216286718.9746,236.1933089954827,103455542456.26086,164209160755.4305,62642.86147537536
219,0.00010950000000000003,108489735853.95947,160794807719.89426,62703.667704416854,7839744855656.653,2989625652298.1704,227.48611580238008,108484569019.18263,160796531143.04785,62620.692431057425
220,0.00011000000000000002,113408416092.59196,157226846959.27,62691.7129723333,6932714732169.9795,3017545593048.727,219.92251490290258,113401811090.74443,157229914022.9732,62650.5997248636
221,0.00011050000000000002,118206907419.93784,153511135473.90067,62670.36768684819,6160439363041.063,3045716986166.6636,213.26646681997295,118203228474.34624,153512357509.83017,62666.552919095506
222,0.00011100000000000003,122885164834.91867,149648378129.057,62659.77177648869,5493857476938.317,3073638876561.9683,207.3527453864065,122883582600.13448,149648127753.5405,62655.5228863439
223,0.00011150000000000001,127438652492.82338,145642413203.1075,62656.99909868275,4911606739229.52,3100998023906.377,202.05865024197803,127437667730.32375,145641719366.40543,62672.70200904694
224,0.00011200000000000003,131863915516.1509,141496356574.94077,62664.15233674832,4398159628482.55,3127554259478.4663,197.29052132024896,131863038126.80014,141495541937.1148,62689.77476724528
225,0.00011250000000000004,136154111752.06648,137216613152.99629,62666.692320628164,3942088058911.681,3153163922882.451,192.97372469224334,136155016046.78128,137214048282.98552,62683.12768176825
226,0.00011300000000000002,140308483044.5311,132804263893.67152,62682.06672537374,3534939199585.847,3177701075439.2583,189.04917315969863,140308638041.84146,132802264870.18788,62730.24688132624
227,0.00011350000000000002,144322157281.95752,128264252516.27208,62702.84987920497,3170041562979.093,3201152587342.966,185.46671327357177,144322722384.59647,128261555245.31711,62784.97271166206
228,0.000114,148192618606.99704,123599278611.84958,62735.415958265075,2842105635102.0825,3223482076858.4844,182.1860119580104,148193209414.1699,123596196627.80986,62800.49356483266
229,0.00011450000000000002,151912812736.30594,118817481737.71303,62758.602574566066,2546741345153.9976,3244683230256.934,179.17389912598114,151913589122.45795,118813963079.39307,62805.67657994182
230,0.00011500000000000003,155478789601.43994,113924267169.59558,62772.82077193682,2280385403428.2803,3264703600414.042,176.4049876506851,155480327971.4527,113919374354.05533,62819.01026843612
231,0.00011550000000000002,158888771655.29224,108922459503.82066,62790.83739274286,2039981627227.6243,3283532942725.5923,173.85803127432808,158889957041.49942,108917789220.77774,62798.85874421923
232,0.00011600000000000003,162136195520.02817,103821797830.23875,62789.667497547394,1822805567263.441,3301201159440.365,171.5139152187617,162137851019.35468,103816201643.00615,62798.34962945914
233,0.00011650000000000003,165222441747.71744,98620997939.87776,62805.47105004512,1626589419394.7683,3317682859506.556,169.35777322055395,165222767993.55136,98617143914.0159,62799.89204119324
234,0.00011700000000000001,168141625496.17462,93329675964.62636,62811.94181430701,1449197675601.247,3333039306659.569,167.3746721680445,168141767178.37033,93325777739.17067,62863.523746405685
235,0.00011750000000000002,170892755428.0811,87950209475.0042,62825.55096616468,1288886600188.1968,3347251824060.2783,165.55328874198614,170894065503.34167,87943763863.14043,62873.096045837985
236,0.00011800000000000001,173473540097.16064,82486999146.04749,62847.64280850746,1144092045423.538,3360345260810.875,163.88306939880852,173473454067.5113,82482871901.36908,62849.00401275487
237,0.00011850000000000002,175879262249.96848,76949892275.47528,62855.62257087088,1013465724092.3967,3372334260913.0967,162.35473105565592,175876993210.72302,76950325097.57486,62830.968253466664
238,0.00011900000000000003,178107236127.82758,71346081918.42528,62847.90046815931,895918453891.9407,3383200932274.3813,160.96113958300347,178104109559.2646,71348911560.708,62787.417559144145
239,0.00011950000000000002,180156031142.071,65680615753.0055,62833.23135550548,790506409605.1542,3392948855530.063,159.69580012512878,180152691127.11142,65684696720.81514,62804.992665780126
240,0.00012000000000000002,182024536904.2587,59957866907.039474,62820.06014787171,696379685581.6283,3401598483431.898,158.55235417974825,182022471237.52225,59958816387.0578,62879.11597606964
241,0.00012050000000000003,183711929496.18973,54181263201.33849,62817.62379838695,612779271521.5527,3409169440525.8003,157.5249247678632,183710799435.03067,54179331219.22642,62838.87862371651
242,0.00012100000000000001,185216718708.96036,48356130401.34886,62823.47966164326,539036003782.12756,3415676835952.0454,156.60831620186804,185215477120.5934,48354366217.82205,62788.72837505189
243,0.00012150000000000003,186536069314.77032,42493862773.17955,62810.68596983978,474589606812.73016,3421122597077.088,155.798312399117,186534594175.5143,42493203780.75348,62778.513824642476
244,0.00012200000000000001,187670210644.65256,36596035573.08299,62804.67531413677,419006861408.78326,3425491274256.7217,155.09189367047856,187668530804.96478,36596653938.38896,62839.46699703691
245,0.00012250000000000002,188619179493.80173,30662968658.287167,62825.969585507955,371880207959.393,3428798980754.994,154.4857264464388,188617468976.4482,30663091586.362495,62880.78437327737
246,0.00012300000000000004,189380856281.01193,24705823185.56482,62841.437781505185,332852849920.77966,3431058193243.7236,153.97668442718577,189379222942.7581,24704741383.53283,62894.53919619109
247,0.00012350000000000002,189954729196.73862,18729867419.590057,62856.019008934716,301674052295.9533,3432252297165.179,153.56285849628873,189953164775.79202,18728041996.85877,62874.13404859797
248,0.00012400000000000003,190340507671.3298,12738902845.920687,62878.87980223494,278138364138.6378,3432377667448.4023,153.24258842142044,190338578478.24277,12740556819.871914,62841.6064308881
249,0.00012450000000000004,190537261920.16318,6747161980.121944,62872.007371232794,262084837707.7966,3431432740674.579,153.01441866457577,190535381944.56448,6749787297.730422,62860.64044440679
250,0.00012500000000000003,190545656832.05228,754393061.7229966,62873.08503815692,253409599685.80344,3429407306899.45,152.877427374569,190543886812.3159,755228264.1145962,62889.97338132668
251,0.00012550000000000001,190365776201.0979,-5232916460.711951,62876.57494542641,252033219639.7595,3426302062009.831,152.83072067000649,190363941065.90317,-5236286679.580706,62963.099091355456
252,0.000126,189997643114.47235,-11216039028.585003,62911.59838986266,257926779619.30408,3422108313809.516,152.87386182055786,189995451190.08218,-11221296905.39779,62972.94917123613
253,0.0001265,189441520383.18423,-17182597763.99099,62938.61687597473,271122553646.7973,3416809366575.6772,153.00697620805653,189438871664.182,-17189343124.780888,63005.5087567182
254,0.00012700000000000002,188697842596.42026,-23128688274.419594,62969.23927531077,291695255423.7119,3410390399104.89,153.2304801211211,188695242947.6535,-23132001797.398304,62951.36027020577
255,0.0001275,187768027823.07373,-29042627452.039394,62977.66975687477,319767375324.032,3402835002588.7134,153.54508868818644,187765518524.07867,-29044637756.681183,62997.73545152174
256,0.00012800000000000002,186652888701.06995,-34922050543.69805,62987.304826739346,355482511087.83734,3394135460092.8457,153.95151209069266,186650110732.91614,-34924837577.99651,63047.73641145665
257,0.00012850000000000003,185353512641.8532,-40761779815.19776,63000.34915582592,399046441541.0431,3384271095562.536,154.45101666947218,185350758474.1403,-40763566301.47641,62997.620324171316
258,0.00012900000000000002,183872265772.24133,-46551649456.89478,62996.721531353156,450723414812.8811,3373217831243.101,155.04534523038726,183869903307.60965,-46551657140.975365,62940.38299444029
259,0.00012950000000000003,182210770174.67902,-52287289542.45168,62988.45155836013,510803644905.975,3360963664063.2188,155.7361901220519,182209109906.59244,-52284771738.525795,62922.696764834785
260,0.00013000000000000004,180372506808.11838,-57958208641.06057,62956.20690446404,579649144281.253,3347483094964.879,156.52579700107734,180371773485.02176,-57953386354.03922,62858.83382525893
261,0.00013050000000000003,178357705730.40897,-63566241066.99122,62940.746763728435,657644556121.2687,3332766448717.0737,157.41628802349058,178357639822.36462,-63560284482.1765,62931.454874826646
262,0.00013100000000000004,176169127563.6619,-69104054633.2061,62927.44023222045,745327491213.7595,3316758878159.4595,158.41133107280143,176167038909.50714,-69103990879.91656,63008.41059694361
263,0.00013150000000000003,173806500164.08966,-74572923982.58083,62944.71886333802,843296028089.2313,3299427473160.7275,159.51470346378838,173802400562.3003,-74577072498.69278,63052.98810802064
264,0.000132,171272672004.24786,-79965263642.44104,62971.566311699,952324880333.2207,3280701279686.3164,160.731639871523,171266598271.96472,-79972930405.20596,63068.211073194194
265,0.00013250000000000002,168568627918.2336,-85278467410.82086,63016.843022556226,1073254895480.5468,3260540097607.8203,162.06723123726994,168561993003.0755,-85286133065.6219,63094.37177536484
266,0.000133,165698906491.34537,-90502670680.50546,63053.53761418203,1207083548020.2495,3238879922752.3994,163.5275446741714,165692732801.58112,-90508463481.5861,63096.05384749962
267,0.00013350000000000002,162666618632.55035,-95632263520.62498,63083.06904175757,1354861430273.1343,3215691870996.245,165.11822592447297,162662057330.6614,-95634614741.79472,63069.054522716295
268,0.00013400000000000003,159477377337.6279,-100657991705.17078,63088.88155354786,1517792072376.3176,3190925384264.567,166.8457627825371,159475222414.8857,-100656259986.10458,63034.75452056772
269,0.00013450000000000002,156136207146.3814,-105573025407.88535,63070.21499315758,1697183346120.395,3164548807248.2593,168.71672047202546,156134687988.7537,-105570533436.8304,63046.83337115659
270,0.00013500000000000003,152642074408.4906,-110380105081.47864,63070.54004406746,1894525778714.7751,3136516274214.976,170.73850244516385,152639763198.25656,-110378826488.86246,63083.714046033856
271,0.00013550000000000001,149001715230.46332,-115069898292.28854,63061.000544557835,2111769877533.8176,3106686063248.4287,172.92245658749368,148998565504.76874,-115069815532.42416,63054.982035663794
272,0.00013600000000000003,145215386822.10632,-119642721887.02553,63068.20188686779,2351050484172.288,3075000834696.7656,175.27932829065605,145211726882.18674,-119643169158.0081,63110.28070740318
273,0.00013650000000000004,141287522310.82782,-124093026463.04977,63081.29233039073,2615010959310.868,3041323414541.095,177.82280982958315,141285096845.70844,-124091864855.58238,63054.716091335365
274,0.00013700000000000002,137227969962.96863,-128409803976.69858,63064.98458805555,2906695971479.943,3005546708663.872,180.56758803120422,137226497397.86574,-128407703234.48073,63018.71790299401
275,0.00013750000000000004,133037806474.94984,-132593112215.83997,63049.352863792075,3229412687127.7954,2967638590461.606,183.5269562689125,133037006858.62479,-132590465540.56068,62994.664715879604
276,0.00013800000000000005,128720185803.81346,-136640261944.39316,63040.50943032164,3587244124081.544,2927436360078.3984,186.71886903390157,128722606833.60573,-136634646756.60509,62983.12572722651
277,0.00013850000000000003,124283812619.57751,-140543424577.4068,63015.057737842624,3985114248826.079,2884758874704.9243,190.16512827380132,124282211159.71574,-140541740473.79803,63083.41090691968
278,0.00013900000000000002,119725513163.04826,-144306234724.08026,63016.65961228079,4428699485935.838,2839494329539.9995,193.8880612339018,119718471413.59874,-144309072215.2973,63083.61898097383
279,0.0001395,115053005675.20433,-147921979026.72537,63020.433402934366,4925243704106.47,2791344451373.86,197.91825698578526,115043989227.70532,-147926069474.93964,63036.40723211723
280,0.00014000000000000001,110269915009.92268,-151388004614.55475,63030.31173097597,5483338055118.456,2740109161778.4937,202.28860166711914,110262616747.54977,-151390389375.63293,63050.65513596019
281,0.00014050000000000003,105385114091.07855,-154697956221.97192,63027.16072612071,6113500051613.52,2685527874609.118,207.03735779733873,105377304425.50624,-154700418392.6743,62975.079044009595
282,0.000141,100397864385.18367,-157852848014.81757,63038.74402181145,6828399321385.915,2627373715876.0728,212.2067264131895,100392644119.43707,-157853264480.81122,63065.01358231216
283,0.00014150000000000002,95318714309.2515,-160845861081.82443,63038.316734669235,7644119805277.607,2565228339641.3687,217.85111617688568,95310258785.2944,-160847993218.87476,63104.66552404211
284,0.00014200000000000004,90146511822.05411,-163678124678.63785,63053.46590840591,8580472495313.144,2498761014806.103,224.0318308380906,90134424653.29172,-163681911183.673,63186.394252593826
285,0.00014250000000000002,84887116256.01965,-166346133098.48978,63075.98230820098,9663016667632.4,2427413121479.7866,230.82740030906982,84872126664.68222,-166350782953.8934,63171.808777754566
286,0.00014300000000000003,79549004088.09972,-168845446066.65546,63092.21055145502,10924551566376.768,2350602365588.9053,238.33299295565558,79534148314.5519,-168849459503.83542,63113.84539635188
287,0.00014350000000000002,74138476522.67952,-171173351211.07462,63101.25801128329,12407429268990.725,2267710676831.664,246.66250352546217,74125724120.72903,-171175860912.20132,63034.72626525713
288,0.00014400000000000003,68663809876.1232,-173326648944.4858,63096.801209053454,14167318863619.78,2177966723580.7095,255.95722248257076,68654311969.09664,-173327448659.7441,63019.87015428836
289,0.00014450000000000004,63126753474.62217,-175305238558.96487,63094.79600748496,16278380177325.445,2080456077880.474,266.394437523007,63120198399.89241,-175304654449.75818,63102.46410302334
290,0.00014500000000000003,57530071671.3913,-177108279428.5298,63102.48121105342,18841915647929.797,1973925157214.9067,278.2069526864727,57524563777.50047,-177107114942.04764,63112.80083035412
291,0.0001455,51885850687.70701,-178731824022.1517,63098.93174354645,21998913903946.734,1856804158746.0361,291.7036217390935,51877379711.12389,-178731374533.24246,63122.570284905945
292,0.00014600000000000003,46199259273.48461,-180174961577.01434,63089.139517194155,25948094470236.48,1727360327147.6382,307.2893542576878,46182185792.08982,-180176535494.25165,63143.16667245969
293,0.0001465,40471277080.10921,-181437904393.4854,63086.97619447414,30976374019111.945,1583392911907.108,325.5137298320671,40449310679.987114,-181440055497.56567,63134.4897719921
294,0.00014700000000000002,34707738217.35685,-182519372716.30304,63089.87716188422,37508297829328.57,1422133324231.546,347.14440825536695,34683332973.28002,-182521258315.6539,63113.36352220587
295,0.00014750000000000003,28918316402.171406,-183417603961.44733,63087.432142601814,46184746837929.95,1240534626745.0686,373.26301732014826,28891062752.270348,-183419136587.2396,63111.48361371759
296,0.00014800000000000002,23102670466.34454,-184133036754.80032,63094.494173004845,57987821503424.07,1035940618635.9501,405.3951775328717,23078281247.206814,-184133306843.76538,63076.42759536247
297,0.00014850000000000003,17273105539.1338,-184663988431.15012,63094.93373133673,74428990494612.56,807743505855.4202,445.6668580399296,17249445778.473633,-184663445864.61252,63137.32472729714
298,0.00014900000000000002,11435939097.225208,-185010317743.8298,63089.52028587767,97749872328283.61,563373128270.2269,496.7642185700646,11406038157.674086,-185009519930.83676,63122.00663601891
299,0.00014950000000000003,5593115225.96828,-185172409799.38934,63087.074943911815,130802924060628.53,332973508731.1838,560.9883146541438,5563185749.9322,-185170798983.2972,63052.10914474831
300,0.00015000000000000004,-249715760.79203954,-185150326160.283,63087.88995347053,175197418991251.2,202080830823.92313,636.0569037224507,-278180900.0908882,-185147671089.31033,63110.178063040985
301,0.00015050000000000003,-6090902521.5655575,-184943699911.09705,63094.26980240133,224302603248696.78,346918824649.76227,703.9041813516434,-6113954561.354707,-184940491510.78928,63063.333858440055
302,0.00015100000000000004,-11921669047.729185,-184552974131.45547,63103.30061301029,253247460359625.38,934012758718.6302,722.5715332919676,-11933846252.632784,-184549730328.4398,63020.08000201208
303,0.00015150000000000005,-17738895845.41044,-183978223987.6992,63117.37725054028,235720444093110.62,1777924692521.4775,666.5059085301588,-17735297187.416286,-183976027325.50098,63061.28443982321
304,0.00015200000000000004,-23528138687.825706,-183220793992.51968,63125.237506577185,184934032914497.75,2418775590912.5317,577.0605076834169,-23514279688.408234,-183220015431.19775,63082.785632431114
305,0.00015250000000000002,-29274857075.379574,-182283250324.77078,63117.004643289074,133244761578259.72,2702224934863.0073,504.8117753944225,-29261408906.155285,-182282993511.54752,63017.20827999218
306,0.000153,-34983082151.56434,-181166159315.15256,63105.784583639994,94600484502436.17,2758727975551.2573,460.51086193396446,-34970861788.91515,-181166257024.4334,63055.85256979895
307,0.00015350000000000002,-40649074713.72591,-179870717164.44376,63093.72210074036,68509464536939.61,2727842765907.4365,434.8690093520396,-40641157292.88425,-179870456111.75656,63064.08157035629
308,0.00015400000000000003,-46277301387.64663,-178396138448.14618,63096.310587007516,51213157096935.75,2686046377022.5938,417.4431645188489,-46264636936.14666,-178397350722.12543,63018.7848573791
309,0.00015450000000000001,-51845388155.85599,-176747705325.22418,63085.14694865593,39552336259290.836,2665082690783.9087,401.26984153345563,-51835363276.37982,-176748676247.863,63073.546003104006
310,0.00015500000000000003,-57357397244.64297,-174925178388.3308,63078.27047181381,31429198069665.42,2671322809834.942,382.9703022523516,-57351924933.87036,-174925126196.64725,63091.914922469114
311,0.00015550000000000004,-62814645921.570915,-172928118255.21948,63091.446428574374,25540065407467.05,2698625166722.7397,361.99420694798516,-62804867527.16537,-172929647689.71323,63085.42608222807
312,0.00015600000000000002,-68198799446.47704,-170762570704.42337,63092.37409316805,21099738617265.19,2736460563517.8164,339.5700619069624,-68187851608.1563,-170764924000.5088,63043.71501842123
313,0.00015650000000000004,-73504526417.07185,-168431408784.70206,63081.39653028123,17646055351950.316,2775397264683.4023,317.53543016939756,-73495628102.10037,-168433362005.19113,63063.17144828194
314,0.00015700000000000002,-78732438560.75688,-165935067768.6782,63076.16935341171,14903860407989.176,2810372334637.1562,297.3901838508244,-78724225644.70209,-165937036349.29144,63071.82322487677
315,0.00015750000000000003,-83876292746.24219,-163276607193.62112,63072.59818608881,12699206077759.375,2840539820139.165,279.8935853983022,-83869857452.59448,-163277987280.36224,63070.40759096605
316,0.00015800000000000005,-88928830727.6807,-160460019884.8356,63063.29086697597,10912054635873.242,2867307184386.666,265.13701126268,-88922875704.78625,-160461398290.4467,63026.67455816994
317,0.00015850000000000003,-93887285036.11548,-157487319526.3904,63056.255058922834,9452473923753.41,2892615467272.908,252.80952428140344,-93881442822.46097,-157488910118.7612,63005.00128034658
318,0.00015900000000000002,-98743985741.1748,-154363392193.9568,63040.981651608105,8249594627014.856,2917985674963.326,242.45050906435284,-98739209824.62894,-154364571634.30566,63026.49822814252
319,0.00015950000000000003,-103498953821.05992,-151088768825.6724,63036.21533049199,7247359688170.718,2944058344803.4277,233.61897643365285,-103497038739.87302,-151088220549.88617,63122.137983031214
320,0.00016,-108151747906.02098,-147663648487.85144,63056.118792751244,6401614507276.771,2970895759985.216,225.9598684951578,-108151470257.99867,-147661844862.7126,63152.27842272698
321,0.00016050000000000003,-112690106308.88483,-144096574006.32104,63064.71268903464,5678319384903.944,2998194134973.089,219.21491833652286,-112692478700.30054,-144092603428.6259,63114.5558935598
322,0.00016100000000000004,-117113004624.92624,-140388777710.60495,63078.74111574755,5052372920250.871,3025366937009.355,213.2114461936421,-117115833151.69495,-140384172316.23077,63127.39981219004
323,0.00016150000000000002,-121416577891.73935,-136543458554.74124,63099.18086445819,4505041926665.319,3052032453469.1772,207.82696649439058,-121416785118.07571,-136540879606.95584,63126.37241742344
324,0.00016200000000000003,-125594695686.59372,-132566015734.75769,63115.876349900784,4022399800118.5244,3077929759951.0215,202.96991335530637,-125595505655.37126,-132562661721.04744,63175.5568897037
325,0.00016250000000000002,-129642514044.72232,-128461288205.56773,63126.020775173034,3594072427886.2837,3102869800873.7305,198.5692617564943,-129644085994.73727,-128456887353.24585,63161.924306020584
326,0.00016300000000000003,-133557973360.41304,-124231683249.34044,63140.752901818145,3212131422777.7134,3126748214562.124,194.56723463435475,-133558355325.14142,-124228331796.27269,63156.78259159538
327,0.00016350000000000004,-137335108502.26678,-119883699982.08926,63147.518200507155,2870248463531.5312,3149543320469.35,190.91470142415372,-137334186866.03468,-119881668554.18063,63148.91042349501
328,0.00016400000000000003,-140973321309.46716,-115418405561.52422,63165.50024584193,2563393756463.5244,3171204701497.1724,187.57221618394638,-140970527295.52737,-115418459825.2798,63202.37085991807
329,0.00016450000000000004,-144465905768.75494,-110843886791.67877,63173.38690523705,2287298642378.162,3191752069516.32,184.5058057267396,-144463785662.03076,-110843008618.45663,63187.08226742088
330,0.00016500000000000005,-147810912446.17966,-106163196999.39354,63182.4748025898,2038505971621.7188,3211139437559.163,181.68923572731944,-147809181763.5946,-106161778968.58951,63219.02899034392
331,0.00016550000000000004,-151003659760.0402,-101383133676.28734,63182.73667641453,1814022968305.5474,3229375427383.556,179.09993823853915,-151002900404.84998,-101380369763.4592,63178.93479453373
332,0.00016600000000000002,-154041207268.9428,-96508757377.44891,63176.6783043289,1611331597989.5664,3246447751182.3887,176.71942486443984,-154039764282.17044,-96506970488.61873,63146.0947313989
333,0.0001665,-156922373702.88184,-91542592730.61072,63178.03876490469,1428247340844.5283,3262363710927.245,174.53166844157977,-156919753698.43408,-91542703476.2622,63152.11560137886
334,0.00016700000000000002,-159642661642.35666,-86492615195.59749,63170.698687260745,1262823278982.5608,3277154823538.8345,172.52197389678648,-159640453419.45734,-86492150549.11443,63179.317812076915
335,0.00016750000000000003,-162202223793.78278,-81359279087.05035,63179.240236931866,1113441027809.8176,3290810548969.755,170.67861287410747,-162199153007.10477,-81360501025.33395,63172.02156463849
336,0.00016800000000000002,-164595300855.44632,-76154044150.52655,63169.42946785642,978621162505.9326,3303368277886.7935,168.9902276210644,-164592868335.09464,-76154256263.89827,63158.996225154144
337,0.00016850000000000003,-166822211299.46915,-70877480633.37166,63169.447559442095,857200859059.6855,3314798824186.8125,167.44854131368965,-166820232187.4495,-70876876095.20103,63207.54044742828
338,0.00016900000000000004,-168881823246.81152,-65532301704.92474,63187.14014397551,748092095157.7368,3325135893799.544,166.04498363105424,-168880802786.0895,-65529057807.91193,63281.83450016596
339,0.00016950000000000003,-170770535021.0493,-60127356684.16717,63200.2766317381,650341622483.79,3334401500728.4253,164.77173773411207,-170770198007.42188,-60121641015.63561,63212.34506264669
340,0.00017000000000000004,-172486487441.92865,-54668497241.965576,63208.77283618487,563189914823.8812,3342580290526.8022,163.62299588595624,-172484957866.1021,-54665961088.56795,63163.30716582362
341,0.00017050000000000002,-174027416703.0555,-49163732956.871185,63203.44446170653,485982210365.1728,3349672680346.6123,162.59362734086378,-174024881761.54068,-49164368179.47011,63154.328207211525
342,0.00017100000000000004,-175392363785.5382,-43618210862.13447,63191.484967607794,418166070354.6966,3355677612340.69,161.67916519337194,-175389119368.4991,-43622204699.92382,63135.73574491844
343,0.00017150000000000005,-176579689102.28778,-38040471776.21057,63162.75176921089,359245606254.13763,3360606219663.7324,160.87532974211567,-176576983669.14835,-38043315692.97084,63143.472992303694
344,0.00017200000000000003,-177590096181.32956,-32430255917.67052,63149.35423493756,308804142737.27167,3364459303769.199,160.17854948472296,-177587881315.8804,-32431195219.31244,63182.99068081139
345,0.00017250000000000002,-178423022151.98962,-26791013646.81462,63154.781536229406,266444952788.7784,3367257203180.672,159.58514715751832,-178421182649.61325,-26789983926.956898,63155.685527481466
346,0.00017300000000000003,-179077137615.96194,-21131117005.002136,63159.93238964292,231845438653.76016,3369001943842.731,159.09220685016078,-179075370036.62204,-21129370266.61757,63181.150205511774
347,0.00017350000000000002,-179552299080.5563,-15452903093.671282,63179.23195181631,204769418060.1052,3369680827758.6426,158.69778379686457,-179550337762.9461,-15452039576.821547,63189.71309167859
348,0.00017400000000000003,-179847433898.99164,-9768033853.291864,63181.380006659805,185026196369.70282,3369291415114.0874,158.40015522097488,-179845418335.36743,-9767718597.65027,63137.712533068654
349,0.0001745,-179962722065.55978,-4081494917.651507,63176.04218409703,172490432159.66537,3367821896838.2505,158.19816625098986,-179960648447.89902,-4084939581.7507133,63127.256431891714
350,0.00017500000000000003,-179898398558.7198,1599210604.1997108,63158.25404787689,167066486309.2786,3365270358161.9277,158.09074959697787,-179896545726.87897,1596656080.3531249,63128.21096937607
351,0.00017550000000000004,-179655065416.2442,7268689860.690541,63133.96928097524,168695336526.75098,3361633206075.483,158.07710247493944,-179653386124.28284,7267272827.46913,63098.13512409008
352,0.00017600000000000002,-179233237327.62122,12925602694.03709,63124.20411101291,177354362570.1427,3356905488490.922,158.1567334281922,-179231846180.12006,12921201689.992208,63057.84515335803
353,0.00017650000000000003,-178633849557.72314,18559223517.33139,63101.22823559724,193072064151.45172,3351075162160.3643,158.3296440638541,-178632507980.42526,18556498562.946644,63095.927762610074
354,0.00017700000000000005,-177857183741.86026,24171664783.742527,63103.40111456928,215912459419.24725,3344132425729.9966,158.59609707593418,-177855743043.9562,24170524350.57079,63143.67772995684
355,0.00017750000000000003,-176904140676.69266,29755230191.982216,63111.82658000137,246010019583.24463,3336053961853.6494,158.95701894913608,-176902116047.14566,29757249846.80252,63206.29933276755
356,0.00017800000000000004,-175775078061.7582,35307806022.69315,63139.09329081367,283542600837.6218,3326820484275.7783,159.4136145350525,-175772542707.7888,35311511591.50639,63210.44301383123
357,0.00017850000000000006,-174471593307.33234,40820208554.36749,63162.10295005453,328755925423.14404,3316403139869.666,159.967651285728,-174468968831.33554,40823470912.10573,63192.86654257164
358,0.00017900000000000004,-172995792488.51736,46284010084.96229,63169.52459990803,381923652834.8896,3304784891089.869,160.6209083188729,-172992550292.60333,46289060527.58245,63192.63742846641
359,0.00017950000000000003,-171349255274.71954,51694764130.00904,63171.44934423004,443349296068.7888,3291952519725.3306,161.3752154189014,-171346312232.37402,51698169055.471985,63178.36436603643
360,0.00018,-169533700498.9338,57047731332.54727,63172.59500706532,513404191558.87,3277879537565.907,162.23302908456432,-169531095849.57,57049623839.99711,63125.36150371083
361,0.00018050000000000002,-167551021970.22174,62337960117.08473,63174.704087722224,592534196101.5607,3262533384999.0337,163.19743951380084,-167547915058.32877,62340836588.11166,63247.3264338809
362,0.00018100000000000004,-165402227210.95175,67563143319.54978,63190.567501781756,681264971513.9065,3245878595069.4443,164.2720721561455,-165397637418.54,67569168890.10292,63284.16956593283
363,0.00018150000000000002,-163088451034.88745,72720073214.76547,63224.27708069457,780242308164.9469,3227863103929.593,165.46151042965107,-163083926452.87793,72725127383.5555,63269.46685862691
364,0.00018200000000000003,-160614577260.5216,77797190798.57098,63240.17724603341,890231981000.2976,3208429847018.563,166.7711283920796,-160610197352.8347,77801340682.30612,63281.4282216775
365,0.00018250000000000004,-157982423410.1365,82791496316.90399,63254.045756465166,1012006552505.9001,3187567290044.508,168.20538519996765,-157978462683.6418,82794244541.14034,63262.53108824804
366,0.00018300000000000003,-155195733498.4891,87696194217.1155,63257.96020165745,1146494808146.9077,3165222113694.11,169.76998835677477,-155191509178.41248,87699178551.07634,63283.82516342473
367,0.00018350000000000004,-152254821268.07394,92511262460.75537,63278.085977330426,1294735263779.3005,3141350117674.7637,171.4711839755931,-152251043549.2146,92512983214.84485,63297.06483089427
368,0.00018400000000000003,-149166983088.60117,97224518893.72905,63273.55684616211,1458030922347.839,3115855502045.45,173.31748903486013,-149163455165.41336,97225646255.2645,63252.92695328015
369,0.00018450000000000004,-145932100333.30035,101837168639.67352,63280.684150271954,1637713842691.4883,3088723924977.293,175.31604870929957,-145928788026.32938,101837885025.40253,63316.16137488365
370,0.00018500000000000005,-142554064785.88083,106343604022.67793,63290.36373918422,1835480603029.4272,3059844999486.122,177.47701588849876,-142550550714.30026,106344406770.92874,63335.95906017239
371,0.00018550000000000004,-139037444410.64288,110737900012.97343,63294.365436813605,2053268311525.9153,3029134813326.645,179.81148495859418,-139032269556.98038,110740723120.74466,63328.358039238636
372,0.00018600000000000002,-135385109219.87672,115016868443.83536,63300.0799363089,2293282912429.9995,2996519257034.8306,182.33115602394136,-135381138976.43195,115017947595.08656,63262.21927092244
373,0.00018650000000000003,-131602785765.8817,119174050927.86598,63295.286818994,2558137135568.4688,2961889821852.764,185.0497914778184,-131599635188.24072,119174066606.24,63325.19952045052
374,0.00018700000000000002,-127692770410.1507,123207511238.071,63293.941709570754,2850811788893.179,2925160121526.904,187.9820363053873,-127688258667.71994,123208770297.93103,63291.1844390806
375,0.00018750000000000003,-123658676213.02098,127113735090.1276,63297.00939056546,3174905395570.2583,2886184747986.588,191.14580042243603,-123652862248.88892,127116071799.06728,63336.47337478656
376,0.00018800000000000002,-119502348827.22528,130891018894.8447,63314.499374350446,3534701082822.4385,2844809103841.7373,194.5618263573463,-119496762198.67125,130892801623.12717,63319.30410282668
377,0.00018850000000000003,-115230724841.5547,134532837279.41003,63326.987597515064,3935403561543.1753,2800834649910.4053,198.2549232730149,-115225159244.57661,134534277111.29134,63351.96435625106
378,0.00018900000000000004,-110846550130.92545,138037060259.46436,63344.026890921996,4383092281461.8105,2754114346620.3574,202.25137605054653,-110841499430.13672,138037782515.85272,63366.210788907025
379,0.00018950000000000003,-106356555886.00334,141398313231.9847,63353.40675829472,4885173476412.035,2704426178343.7646,206.58249135786576,-106353550812.04984,141397229750.64343,63361.41451407874
380,0.00019000000000000004,-101769046784.47969,144610784685.19925,63342.00533543958,5450515247930.964,2651564287285.89,211.28339901663065,-101764404760.8565,144610909591.85162,63316.00647002899
381,0.00019050000000000005,-97083815479.27284,147675399871.50137,63338.60377842118,6089762452626.355,2595327248149.7188,216.39318320356833,-97079203712.90584,147675379699.64566,63348.032959999095
382,0.00019100000000000003,-92304606438.97643,150589778647.8928,63344.46855517079,6816388718997.643,2535333392021.158,221.96249174001122,-92297845137.67245,150590918908.5235,63411.88271258609
383,0.00019150000000000005,-87439095249.0168,153349240541.22772,63345.366239563264,7647315879586.592,2471169733959.342,228.05280277425985,-87431039394.87242,153350865248.68658,63324.49473169152
384,0.00019200000000000006,-82490760440.02676,155952134470.80566,63348.64054818851,8603688791227.118,2402441077667.1445,234.7350471351596,-82485830026.46642,155951869160.0897,63287.698429141055
385,0.00019250000000000004,-77465397836.89273,158395561341.5613,63350.76741453658,9712539736934.85,2328624127363.441,242.09584621651285,-77464739077.30452,158393011596.39618,63290.33199008284
386,0.00019300000000000003,-72369168753.64688,160676773886.21475,63348.61298522266,11008678826710.7,2249117587005.367,250.24080470052527,-72371970864.04034,160672716010.96964,63300.29573137412
387,0.00019350000000000001,-67211784782.547455,162791841015.5319,63328.9491962486,12537503684775.348,2163211717637.5134,259.3000009110439,-67211454015.16543,162789337225.4852,63340.07153296413
388,0.00019400000000000003,-61993123436.45005,164741606106.8055,63314.788526598255,14358741316616.686,2070120525338.3042,269.4330425230068,-61987469309.40941,164741245087.8845,63325.239930981275
389,0.00019450000000000004,-56715743431.56452,166525288627.49826,63312.67290152081,16553334160947.936,1968696569792.9124,280.84918629517534,-56709721501.12207,166524888334.72833,63290.68982577871
390,0.00019500000000000002,-51390274703.19344,168139270855.1744,63303.510271647334,19232771111427.562,1857518944544.5083,293.8236653177581,-51383612730.24395,168138989731.68585,63274.54746603168
391,0.00019550000000000004,-46020942004.83737,169582756123.56314,63292.85623283306,22552391636023.41,1735018900446.1753,308.7133544542449,-46012331537.63551,169582833612.09756,63289.8271497881
392,0.00019600000000000005,-40611930370.90118,170854962623.77377,63284.535163324035,26733821035222.35,1599190264919.29,325.99711500060096,-40601083008.7704,170855355193.4614,63304.50629199048
393,0.00019650000000000003,-35165702860.28018,171955500403.71207,63285.40090916285,32100322557845.65,1447557242194.02,346.3316480508904,-35152735240.71888,171956031345.88956,63356.61134989261
394,0.00019700000000000005,-29689157165.683132,172882903916.85388,63289.32523916508,39134224018288.35,1277169803121.9373,370.63490764742795,-29674345736.290207,172883277768.6089,63290.880879563105
395,0.00019750000000000003,-24187986025.419453,173636278487.00833,63294.981725332116,48568296404996.03,1085021427205.285,400.1966439409383,-24176130508.735348,173635716761.45047,63297.066008382455
396,0.00019800000000000004,-18673117560.846684,174214252443.71478,63290.206684809986,61528184173690.36,869067709046.3397,436.8200010997313,-18657249443.185616,174213792247.52658,63316.546565444325
397,0.00019850000000000005,-13144428689.242989,174617427046.50583,63289.539115543805,79721307635366.97,631613272605.4872,482.8980941138475,-13124808600.248997,174616770660.62402,63320.332360828215
398,0.00019900000000000004,-7617367274.962001,174844707208.68338,63272.2318213136,105551801601807.19,388087506321.13275,541.0671591795125,-7590420297.773844,174844012275.06036,63249.708831726115
399,0.00019950000000000002,-2081841950.6236882,174897619690.00882,63272.29911156302,141497543801892.16,189855588164.7286,612.0226806616796,-2056886138.6035123,174896045928.99905,63238.61610773479
400,0.00020000000000000004,3451030142.8175864,174775350863.86514,63273.990540155406,186568052237118.0,163931755876.16144,687.1810914456364,3470034166.8014216,174773152800.9897,63197.46507256009
401,0.00020050000000000002,8974277824.262535,174478332179.83063,63276.26951718296,227095111130425.1,512656527442.7793,735.5507785152573,8985162349.738167,174475975139.91428,63201.24561693477
402,0.00020100000000000003,14484605217.462185,174006796314.54807,63281.446430647375,234549272113008.16,1278887660345.2812,713.905575865462,14485985506.945618,174004892599.06122,63199.976349849356
403,0.00020150000000000002,19980829220.35908,173360737725.05963,63294.58423178415,199305579217765.94,2081287866626.1978,629.9464430183426,19966767340.385113,173360500439.09766,63239.88613906205
404,0.00020200000000000003,25432953508.04093,172543681737.14746,63283.44535791194,148251840885996.6,2552356157539.122,542.4552210878646,25422416712.752655,172543423686.90598,63257.63081029969
405,0.00020250000000000004,30859369208.552433,171554375875.77075,63281.12367269686,105140439446570.38,2709856434098.548,483.51825664273196,30852675456.62491,171553728847.30396,63320.897244343396
406,0.00020300000000000003,36238323753.03542,170396633303.75223,63264.55575278988,74966104946514.03,2711192771298.65,450.19799132465,36243304591.176125,170393874093.70563,63252.03694082787
407,0.00020350000000000004,41584725191.67858,169068245421.04688,63263.48256612325,54969385695786.195,2666661446103.219,430.8725052427232,41590258351.70763,169065138744.34863,63259.3414573476
408,0.00020400000000000005,46883226961.5258,167572358261.99075,63262.13340599751,41713079646138.195,2629790646979.2876,416.2078805149586,46888709226.845924,167569023179.1115,63202.84101883353
409,0.00020450000000000004,52138250071.20254,165907875077.89536,63279.65948776577,32707515965652.79,2619351526955.0293,400.6876019235379,52127659469.1295,165909151634.6091,63139.915859905566
410,0.00020500000000000005,57321520500.4281,164083119169.72098,63266.02799261381,26355735673095.133,2635573381061.635,382.1056208395282,57309232965.95673,164085464960.04468,63190.649449606535
411,0.00020550000000000003,62439940711.49843,162097264492.91858,63249.754125451735,21681525106687.34,2669035872388.712,360.7790282329712,62427167827.97508,162100461787.98914,63162.88665257241
412,0.00020600000000000005,67488448335.5126,159952680215.26346,63231.16440034132,18102388707802.023,2708924303518.764,338.3857772276302,67475451808.01744,159956644896.5039,63146.376081730166
413,0.00020650000000000003,72459035949.1656,157653217525.43726,63201.88303951717,15277507962744.637,2747281493160.5176,316.81666378340066,72449660574.542,157656262913.62863,63132.97631064295
414,0.00020700000000000002,77349933216.31267,155200460674.04825,63172.54793484088,13004913339722.041,2780566314132.4277,297.41380053565905,77347121646.01442,155200766219.18167,63173.195004482426
415,0.00020750000000000003,82164524845.04129,152593039227.34558,63169.39391456123,11156180262750.2,2808916559144.7026,280.7432047965433,82161029614.02402,152593806008.73764,63171.875660028665
416,0.00020800000000000004,86889222112.40808,149837855105.73346,63158.64556297223,9640427820281.377,2834311009833.358,266.7506188214046,86891498989.54062,149835515893.36575,63211.30128305897
417,0.00020850000000000003,91526389744.50128,146933961799.5714,63166.16422366171,8388793893723.555,2858613672174.654,255.06132776329804,91529386216.29709,146931035823.63107,63184.312462578244
418,0.00020900000000000004,96067012514.0352,143886705510.40887,63172.28064069495,7346004609474.224,2883226496118.6245,245.2028741148402,96067796321.86066,143885135131.02023,63149.5502690047
419,0.00020950000000000005,100506326689.66098,140699517023.69147,63175.96817639798,6468136798053.211,2908601040473.1875,236.75196658353488,100503535877.10289,140700403389.56644,63126.00529283752
420,0.00021000000000000004,104835436243.12077,137379163318.0281,63158.88097644264,5720682986038.744,2934612579444.9307,229.38307005368756,104833595088.32852,137379527256.5595,63097.35864662994
421,0.00021050000000000005,109053043952.43692,133927580972.27806,63137.06322502378,5077288589278.57,2960791166612.4253,222.86904982919276,109053087344.83902,133926601147.65623,63114.706418045134
422,0.00021100000000000003,113158905005.03307,130345484917.49457,63128.27886741667,4517795418773.456,2986731117030.011,217.05191282379832,113158462422.71419,130344881748.74092,63100.58008117008
423,0.00021150000000000005,117151146137.11047,126634442717.01639,63139.60622561087,4026793652453.6826,3012147615276.953,211.81780709581753,117145797189.50702,126638317366.79056,63049.163726091436
424,0.00021200000000000006,121014267483.59683,122808739168.25945,63109.354245428476,3592541768347.339,3036838190002.7075,207.08141242086464,121008638135.38164,122813410545.12949,63023.99610471091
425,0.00021250000000000004,124753316380.8854,118864936015.4788,63090.92433087164,3206583531773.5195,3060487153287.979,202.78318837753113,124746446617.63025,118871374170.89917,63014.10361519888
426,0.00021300000000000003,128360627429.66808,114811388990.74745,63058.87091671848,2861955867465.621,3083109858728.8237,198.8686111896501,128355511573.78091,114816548052.37074,63007.91936956762
427,0.00021350000000000004,131838553512.44955,110646354623.09578,63048.36937414586,2553241084908.484,3104636911497.9287,195.29365739405299,131835116653.43243,110649983024.59984,63075.70454129913
428,0.00021400000000000002,135182345837.87868,106375365210.75864,63045.64569210675,2275800298348.459,3125118184221.979,192.0187050929198,135179717165.37538,106378246750.60669,63030.981311505224
429,0.00021450000000000004,138387701378.19193,102004074909.42699,63041.642806202166,2025873726737.693,3144526140751.156,189.0123506919326,138386664464.07715,102005002579.35756,63051.48209800085
430,0.00021500000000000002,141452245894.0425,97536123166.5606,63040.86642478965,1800378091641.2554,3162823725142.6035,186.2498336696077,141452169619.28717,97535722766.88795,63062.386965430196
431,0.00021550000000000003,144372646035.59012,92976643463.00255,63039.350022593135,1596689172070.0496,3180007777870.316,183.71008279637408,144373614681.14902,92974613831.92015,63039.594465367685
432,0.00021600000000000005,147146283523.75854,88330128876.22127,63038.0627619713,1412584514299.5916,3196073919420.0645,181.37527286650845,147146387254.7697,88329317469.48573,63022.00101186511
433,0.00021650000000000003,149769486718.91364,83603177881.60524,63028.08910414655,1246148573363.97,3211027654673.3027,179.22994355069403,149769121907.1262,83603130951.30367,62970.15942311419
434,0.00021700000000000004,152241465001.39273,78798002761.49014,63024.843370876166,1095759100053.8651,3224862714389.2295,177.2611572694122,152237566311.77484,78804743430.19919,62892.821036523026
435,0.00021750000000000006,154554319561.21637,73930536520.07571,62974.59159916152,959954077096.6256,3237606544747.08,175.45676825824117,154550061439.33475,73939095729.19669,62857.06033968397
436,0.00021800000000000004,156710871286.10623,68997739615.95003,62932.26118864412,837632433117.4462,3249202067494.047,173.8086924546417,156707040927.3392,69006546656.35788,62859.783037597525
437,0.00021850000000000003,158709232286.06964,64004942097.5895,62893.76827633276,727656283662.6016,3259714576646.154,172.30695764344108,158707006663.19162,64010921108.86227,62838.59215803593
438,0.00021900000000000006,160548480264.8159,58955566585.56609,62865.363572014954,629047534055.032,3269164077257.836,170.94289229621018,160547215338.7177,58959843243.311195,62852.34440292665
439,0.00021950000000000005,162226909855.0802,53855070527.94544,62841.73500788349,540952670611.07544,3277563557142.073,169.70910433532973,162226965611.57037,53856186798.17518,62814.43108970408
440,0.00022000000000000003,163744232328.24597,48705173051.158585,62836.52857014531,462658145847.68964,3284912324213.5547,168.5995901493116,163744307888.1115,48706426368.75718,62836.055017327875
441,0.00022050000000000005,165097695028.66098,43515238374.90334,62823.82786447684,393533942781.3536,3291223356758.9087,167.6087840544018,165097809887.52353,43516755067.44988,62748.14198463005
442,0.00022100000000000003,166286631999.80615,38289385823.588425,62811.273868360644,333093722772.8799,3296481175405.183,166.7325653794203,166286143418.1599,38294100072.0207,62743.334989351184
443,0.00022150000000000002,167309363344.9543,33036517619.68079,62782.36031652548,280907972887.32404,3300690774452.937,165.96701397276658,167308998222.7237,33042223239.872753,62694.04092306964
444,0.00022200000000000006,168166149130.78326,27758582384.32592,62758.003583142665,236628430839.49344,3303847579523.1475,165.3088884722661,168165788571.02563,27765518849.779884,62679.150777642484
445,0.00022250000000000004,168856113349.8887,22463139795.27711,62726.21844720701,199930850459.38232,3305964642762.957,164.75489746962478,168856208392.76852,22469114947.037712,62703.16681153668
446,0.00022300000000000003,169379782741.7701,17149925771.152632,62714.343516676425,170556511591.0456,3307039867048.424,164.3024648288745,169380397936.34503,17153045045.718344,62737.59630151479
447,0.00022350000000000007,169736614361.25,11824403434.497591,62713.870626960794,148277268475.40936,3307079872275.688,163.94921618270624,169737495010.233,11824698634.093143,62734.599831858046
448,0.00022400000000000005,169926154425.17377,6494200374.543489,62709.92132210116,132931101257.79353,3306076514150.6465,163.69351831586124,169927080398.57144,6492903487.157618,62743.40030240924
449,0.00022450000000000004,169948584630.25174,1160587965.8936846,62721.44305107518,124410741625.87051,3304018824918.3027,163.5342983565341,169949425242.57904,1158599104.6115415,62727.55676598853
450,0.00022500000000000008,169803780760.90793,-4168130388.0227985,62729.020071528095,122647929221.22606,3300900409836.987,163.47071424763521,169804614461.536,-4169568107.253884,62737.4929722428
451,0.00022550000000000006,169491960984.0767,-9489609749.76212,62746.99997841721,127620410639.58702,3296710305920.815,163.50232978825107,169492703145.4881,-9490521223.509245,62800.08294274098
452,0.00022600000000000005,169013600013.21152,-14794773211.423279,62754.36874813701,139347376253.1849,3291436807105.568,163.62905612337255,169014187273.73727,-14797060368.937197,62787.60095631411
453,0.00022650000000000003,168369290612.42728,-20080036181.960888,62762.35046486167,157881451291.769,3285069347686.698,163.85106931135365,168369861238.1458,-20082012589.665615,62756.85690501047
454,0.00022700000000000004,167559910176.05362,-25339279774.79295,62766.54942831388,183316401557.5175,3277594366255.9614,164.16890324642605,167560632863.2307,-25339871492.27322,62749.388600292645
455,0.00022750000000000003,166586445984.94733,-30567482676.583683,62768.963621303614,215784273667.91696,3268997618989.2373,164.58341245237972,166587191088.20102,-30567868243.199932,62772.86431577598
456,0.000228,165449147346.51285,-35764084658.4008,62790.81358605012,255461289201.33908,3259261967835.233,165.09582342671462,165449879018.9491,-35763935423.765816,62828.87729335697
457,0.00022850000000000005,164151052507.30005,-40914494624.984604,62782.0458858612,302599491579.4472,3248355337713.497,165.70815056539615,164151292229.21906,-40916576103.2777,62732.44683655601
458,0.00022900000000000004,162692919188.89935,-46018386921.122986,62775.12639463262,357435340380.5959,3236278614402.491,166.42180712471765,162693839895.27435,-46018013087.40653,62718.41356606562
459,0.00022950000000000002,161077444166.12967,-51067283185.52164,62753.24853881598,420294519791.44586,3223001386563.711,167.23913130241897,161078430722.21146,-51067152190.80131,62733.46702447681
460,0.00023000000000000006,159304617793.26556,-56062874495.930275,62751.953299029374,491530665667.15533,3208508122860.099,168.16253315849934,159305640927.78445,-56062615430.56206,62785.44016747848
461,0.00023050000000000005,157375326788.1012,-61002270431.578575,62773.02765492429,571632191699.1836,3192744739138.2964,169.19589006325603,157376764406.8642,-61000951606.271,62806.61255139188
462,0.00023100000000000003,155294099412.15378,-65873275803.20449,62774.276980609124,661183470140.4291,3175659416985.4585,170.34382330837934,155294805436.94092,-65873879753.39783,62810.162899837786
463,0.00023150000000000007,153061418283.02072,-70675828784.59471,62784.606060766906,760751453060.9431,3157249477086.016,171.60983750739496,153061409998.42868,-70677689998.52548,62811.42831640582
464,0.00023200000000000006,150680793026.39102,-75402397568.83055,62787.34819792413,871060077922.3046,3137458148553.3003,172.99898314963244,150680923698.37952,-75403759889.98735,62781.66241444867
465,0.00023250000000000004,148154540551.2219,-80048998554.26744,62787.95559999678,992892524367.9761,3116252589138.6543,174.51645039058667,148154025519.2617,-80051530659.22095,62814.33204197108
466,0.00023300000000000005,145482582768.65118,-84616090705.80734,62811.16006375227,1127162823137.8943,3093583266713.8096,176.16831240945405,145482249973.27725,-84617959110.25829,62839.15791716755
467,0.00023350000000000004,142671189853.63773,-89092449668.91394,62816.49426330555,1275020061819.3218,3069356514360.963,177.96283787582072,142670506181.85754,-89094722112.85822,62838.532297648155
468,0.00023400000000000002,139721841330.66293,-93476455602.7596,62823.28311057684,1437632424708.1675,3043556126800.514,179.9069806177987,139721030084.56134,-93478873753.60983,62827.402978810314
469,0.0002345,136638398069.33644,-97762603884.6549,62824.74758697788,1616416097632.127,3016106063274.9277,182.00950149618689,136638743824.07571,-97763312641.73813,62795.74828370561
470,0.00023500000000000005,133423643316.6728,-101947461651.2988,62826.08895642342,1812977998957.0579,2986940651824.2007,184.28006444834418,133425332041.7266,-101946341439.15747,62806.992070042696
471,0.00023550000000000003,130082576723.54999,-106024872625.37938,62816.30364486465,2029205215453.2495,2955973706853.254,186.72992486324597,130083898621.55188,-106024399295.94855,62799.45078521804
472,0.00023600000000000002,126617423642.66563,-109992794208.27594,62808.25116377243,2267229243350.0723,2923138469125.544,189.37092744829368,126618690927.1008,-109992490094.62483,62788.26737306799
473,0.00023650000000000006,123031377700.74469,-113847903573.91553,62803.65122599495,2529606864081.5947,2888320830352.1475,192.21745826249892,123033958473.64731,-113846228505.22269,62726.53188746973
474,0.00023700000000000004,119330753474.40439,-117583728821.71318,62786.17467187761,2819355696300.4614,2851398411965.6113,195.28612803364152,119334991486.87164,-117580576005.71709,62741.76671701581
475,0.00023750000000000003,115517774390.56445,-121198769680.78874,62770.214340456434,3139910954439.914,2812285516072.93,198.59410982037474,115522313386.29364,-121195656050.18001,62729.84867233773
476,0.00023800000000000007,111599286405.11479,-124687005762.62056,62740.19307014514,3495426950224.015,2770827202294.4204,202.16227982794183,111602184606.22282,-124685770327.904,62700.13071821657
477,0.00023850000000000005,107574894717.88446,-128049607260.57076,62724.43587314197,3890714331842.71,2726907328581.867,206.01303186109712,107576760227.89236,-128049438857.2328,62698.58036012963
478,0.00023900000000000004,103450338757.5154,-131281892279.44775,62709.71688414468,4331775246101.447,2680285866528.11,210.17538909068872,103450858752.58818,-131282960839.48514,62670.98399411368
479,0.00023950000000000005,99226247779.9205,-134383669052.20668,62712.237661464475,4825759386435.055,2630768054483.6655,214.68168268828728,99232147059.08397,-134380735500.34137,62632.929901003496
480,0.00024000000000000003,94916283313.23657,-137344885319.51889,62683.85900268542,5381536418860.995,2578066032633.883,219.5713978486672,94923598371.85893,-137341335548.49179,62598.70054922334
481,0.00024050000000000002,90519435873.51378,-140167371853.6647,62659.48483558753,6009387910611.6875,2522061095051.42,224.8835645100352,90526744039.69156,-140164266967.2984,62616.32599352007
482,0.00024100000000000006,86038523964.44426,-142849663085.22226,62644.58553387211,6722307079871.545,2462399981494.909,230.66869621023955,86044790884.86574,-142847561287.7303,62615.26353073131
483,0.00024150000000000004,81478190867.51129,-145389123905.23547,62635.36622662552,7536618624116.91,2398671792485.3906,236.9893189708835,81482811007.40494,-145388217303.87152,62662.323981798574
484,0.00024200000000000003,76840989074.85014,-147784471712.69498,62637.50145597493,8472881536244.114,2330438222011.522,243.9200610084657,76845658982.54372,-147783687969.76657,62657.96102365959
485,0.00024250000000000007,72133140593.83716,-150032436444.61664,62641.22370211443,9557412056338.025,2257156677064.3096,251.55217089413878,72135584147.69559,-150032833003.73944,62681.61229974806
486,0.00024300000000000005,67360387696.3615,-152130425768.19406,62642.30580191575,10823984101541.217,2178245224330.8125,259.9952380810543,67359623637.08475,-152132324997.67294,62677.80427266187
487,0.00024350000000000004,62527915935.50332,-154076425874.13748,62640.19428453167,12316545417403.416,2093013937077.1436,269.383401787314,62521628955.44754,-154080534683.60358,62720.18768217376
488,0.00024400000000000002,57635585566.26972,-155870729837.18878,62651.808688603676,14093198495452.367,2000612761517.4275,279.8846593079182,57623949092.17638,-155876482967.81384,62783.35388027347
489,0.00024450000000000003,52688273569.50372,-157511289922.82303,62672.51531734712,16232636435006.734,1899880174344.6755,291.71838806853003,52672016254.052155,-157518030845.50507,62786.35544482666
490,0.00024500000000000005,47693309696.36777,-158995472483.19748,62692.11234357327,18842800669151.2,1789456748037.404,305.16897449773194,47674272481.52958,-159002327950.5339,62789.635176973345
491,0.0002455,42655538840.51732,-160321881118.13242,62711.090414555416,22074122799041.457,1667754370265.2302,320.6070757711773,42637229822.66911,-160327711333.79095,62762.24619608432
492,0.00024600000000000007,37583336588.8204,-161488383678.89563,62720.41122773441,26140790748609.035,1532797173774.9565,338.5282973171052,37563033151.57532,-161493961530.0798,62783.732749267474
493,0.00024650000000000003,32474555243.32093,-162495783216.36914,62741.28420601216,31353695064467.285,1382266738824.8923,359.6041870069112,32458138780.56505,-162499740354.02005,62794.87943617513
494,0.00024700000000000004,27339367998.723175,-163341772397.69406,62757.692613441075,38175724891095.85,1213262296311.603,384.7743747563423,27325057521.439713,-163344760484.6975,62768.15684384993
495,0.00024750000000000005,22183516893.383953,-164025585885.38446,62769.29276491124,47306511957962.25,1023002704190.479,415.347313680615,22172793922.30102,-164027515275.48428,62751.98762447821
496,0.00024800000000000007,17012748725.628523,-164546702380.69754,62775.952638858456,59813780236830.89,809787498799.5215,453.13205402060646,17005557255.531868,-164547835595.89127,62771.09306333392
497,0.0002485,11831823236.521433,-164904933978.94037,62779.73478957408,77303231353799.36,576350309139.1072,500.49264093030143,11823818969.366251,-164905828852.8451,62784.01953727064
498,0.0002490000000000001,6645931259.695484,-165100176615.25665,62781.24513986775,101998872726115.22,338961611566.3122,559.9147881712787,6639792466.363699,-165100716633.89273,62725.89000390469
499,0.00024950000000000005,1460246170.4346316,-165132484511.2357,62780.87971304258,136102032052654.95,149537276645.75473,631.6834926485474,1462112485.5085356,-165132776476.53708,62643.3840931341
500,0.00025000000000000006,-3720961380.484834,-165002114193.18283,62780.75379244886,178406962941318.28,133750829858.38788,706.4061899267897,-3705335804.9396863,-165002812624.53033,62610.187206026974
501,0.00025050000000000007,-8885416136.606407,-164709744718.64777,62770.408828449814,215913920399969.7,486120699106.42975,752.5167829013145,-8863063989.953436,-164711283533.76605,62599.64598514809
502,0.00025100000000000003,-14028818907.227682,-164256373307.37573,62752.64099975046,222420072621251.44,1242068610060.9407,727.899441438226,-14005900851.058044,-164258748219.0094,62596.43956139966
503,0.00025150000000000004,-19152455583.009533,-163642560353.12167,62737.327203290755,189368543507766.12,2032447833673.4353,641.6829913040921,-19128233392.70023,-163645922628.622,62590.030992707194
504,0.000252,-24230912387.302563,-162871891242.41278,62696.70453867801,141415640172539.66,2501688557247.9136,552.5359464511996,-24227557546.242214,-162873355152.7636,62638.64392334608
505,0.00025250000000000007,-29306294224.14411,-161939430776.8323,62695.6306168558,100623455334526.05,2662421276544.603,492.54423055666354,-29301170015.52888,-161941355059.95178,62721.2114167276
506,0.000253,-34341217468.301632,-160850148975.76727,62686.23909484317,71882633027119.8,2666510356643.696,458.8950228761335,-34342559706.49523,-160850982393.0614,62670.66020088152
507,0.00025350000000000004,-39344869656.61555,-159602660352.03595,62690.05973109925,52756956562054.66,2622266829252.3413,439.9148233797043,-39339640694.08363,-159605025249.37057,62580.244265613976
508,0.00025400000000000005,-44296970959.04411,-158201554953.54382,62681.05686048938,40060676821896.79,2583407049388.3584,426.0884457016361,-44286890743.578514,-158205606981.14948,62564.96528364328
509,0.00025450000000000006,-49189736491.83533,-156649979830.44388,62651.542615006365,31447273724323.035,2569704043434.1084,411.64114811490487,-49185383750.90196,-156653015419.01266,62572.134008420646
510,0.000255,-54034145977.42044,-154945599801.0595,62636.01492125023,25394766674869.777,2582443258736.4043,394.075431927919,-54028585293.122574,-154949415527.88998,62527.90453962633
511,0.0002555000000000001,-58817280961.755104,-153092653522.12695,62614.81573576216,20955838981858.35,2613854528236.801,373.40198244364984,-58811410565.02158,-153097024412.24167,62509.4747168496
512,0.00025600000000000004,-63533966449.12591,-151093670437.98822,62586.88608315777,17560633865960.48,2653218282219.897,351.15828379447174,-63528252371.341354,-151098456660.52557,62457.85684993026
513,0.00025650000000000005,-68176561174.02032,-148952523714.895,62543.800494471834,14875184608106.082,2692032008851.551,329.2826208776125,-68173634382.16419,-148956683933.66116,62402.1305168703
514,0.00025700000000000007,-72748247543.05014,-146668651118.90628,62511.11977640473,12704230406885.879,2725988172000.766,309.28236449108294,-72745977260.63737,-146672861269.0029,62383.401467562326
515,0.0002575,-77247258781.65004,-144242993053.2573,62496.209658728396,10926726543698.883,2754713477859.7983,291.90284634373955,-77243642235.35127,-144248177123.22748,62459.917106872854
516,0.00025800000000000004,-81660631929.25029,-141682432160.5884,62466.502817105655,9459905837639.908,2779852767219.55,277.2279992088214,-81661474192.66249,-141685449509.16663,62407.55319393929
517,0.00025850000000000005,-85993133044.67416,-138984942160.7965,62456.5941440027,8242067448145.681,2803290153058.461,264.955734370392,-85994194539.05363,-138987910042.37866,62407.4074755322
518,0.00025900000000000006,-90233646258.77998,-136157280775.77483,62436.5509201072,7223331110533.858,2826672559201.7354,254.6292223112227,-90236419927.99898,-136159241992.7998,62391.93746399298
519,0.0002595,-94384483873.61073,-133198461091.21529,62433.178181614014,6363649349913.663,2850662046823.0767,245.81099117381163,-94382738311.61707,-133203568016.29604,62349.44313236855
520,0.0002600000000000001,-98433055728.05898,-130117414550.1925,62407.20022777596,5630593957779.511,2875416101948.418,238.14517065513834,-98431231072.56163,-130122930919.07675,62336.35086997686
521,0.00026050000000000004,-102381870356.1198,-126913185281.628,62390.09829422767,4999180581486.605,2900508551089.361,231.38055437228383,-102380207564.85042,-126918831862.79782,62333.71185507349
522,0.00026100000000000006,-106222913388.35422,-123592516209.62003,62360.11051661462,4449866193223.719,2925582820429.82,225.34103303555645,-106222782968.16794,-123597125218.94464,62302.73793397568
523,0.0002615,-109956668117.8243,-120155772413.77368,62338.84309793361,3967933607854.2075,2950211653074.9062,219.90759405838764,-109957049339.90695,-120160093646.95941,62331.255152336125
524,0.0002620000000000001,-113578877508.55202,-116607106232.81448,62320.26326126022,3541976026411.4033,2974171644272.1245,214.9918593642828,-113583897949.07753,-116607074524.35948,62345.81460130567
525,0.00026250000000000004,-117089138742.07274,-112947206885.05743,62319.22076403167,3163242393921.5757,2997291055714.6484,210.5260435878822,-117094768736.89397,-112946338153.09842,62273.2205886184
526,0.00026300000000000005,-120480823087.15387,-109182860677.78326,62313.43086175457,2824784334562.9087,3019509510096.325,206.45378264953024,-120484573692.6322,-109183990402.52534,62279.238351412554
527,0.00026350000000000006,-123749949031.78398,-105318976920.18607,62298.83780154777,2521229563480.413,3040724681692.1025,202.73064464080647,-123753300957.7412,-105320581426.68617,62245.289268509274
528,0.000264,-126894655893.17155,-101358417685.55003,62283.98500335311,2248262938175.3335,3060880823781.0684,199.31993361820275,-126897413716.60089,-101360756910.69391,62210.10845672584
529,0.00026450000000000003,-129912292786.35193,-97304988217.84578,62270.037597029725,2002267690783.6465,3079976111401.7104,196.18968541017614,-129915797581.52286,-97306383435.85905,62293.144418629374
530,0.00026500000000000004,-132801178347.11629,-93161358238.86497,62263.785664230236,1780196455394.6853,3098010378178.874,193.31269839808724,-132803678700.11995,-93164169496.16135,62203.21954010889
531,0.00026550000000000006,-135555706254.72226,-88935841417.2454,62241.880599572745,1579431039644.8147,3114994046604.0645,190.66569576911903,-135557224611.92029,-88940393514.16753,62171.75773529629
532,0.000266,-138175183510.247,-84630547641.59729,62220.53536232419,1397843613387.428,3130885740504.8003,188.23080651785287,-138176143778.4598,-84636243146.37872,62170.151904066
533,0.0002665000000000001,-140657266528.2723,-80249962074.61221,62198.83333873192,1233535349231.05,3145704853931.9336,185.9916869918559,-140659297256.6877,-80254275318.45796,62176.39235634987
534,0.00026700000000000004,-143002258854.37146,-75794129048.6009,62197.880834749936,1084867507917.8981,3159461226214.5454,183.93409902030805,-143006399244.10617,-75794686241.76367,62287.09037125453
535,0.00026750000000000005,-145208979750.95505,-71264909385.91353,62222.25299931847,950352565838.9739,3172192212563.488,182.04465397375233,-145214255214.01404,-71262866859.50027,62274.4718848474
536,0.00026800000000000006,-147272819202.90955,-66670982681.62255,62242.31746957718,828706538601.5354,3183913828990.271,180.31185776152552,-147277704089.27783,-66669394906.04457,62255.21875277627
537,0.0002685000000000001,-149191954485.9946,-62016642808.95212,62260.44933657075,718926619686.6615,3194590844776.081,178.7275072201671,-149196070161.82867,-62016530517.66848,62341.256206766324
538,0.00026900000000000003,-150963540273.4403,-57309078253.04094,62264.870926391195,620142716506.587,3204220389398.399,177.28421305826572,-150969989573.70932,-57302665750.85531,62357.67463458152
539,0.00026950000000000005,-152590035092.89606,-52542393781.95747,62309.709486082334,531624047352.906,3212796566296.9365,175.97551061799183,-152595532808.83682,-52537708298.04513,62375.640489919475
540,0.00027000000000000006,-154065355343.83707,-47732490633.80907,62327.43475765491,452614289236.9901,3220375937868.9136,174.79358490612185,-154071120829.8823,-47726017057.28179,62407.35553905545
541,0.00027050000000000007,-155391278395.9107,-42874734773.1683,62371.22406713859,382604065515.40466,3226911370625.2876,173.73405374932148,-155396354709.08807,-42869398430.95891,62435.39103721835
542,0.00027100000000000003,-156562921412.80206,-37985535707.802155,62377.351845701596,321054516687.1416,3232434637453.4106,172.79162320437266,-156568263928.6138,-37978292584.111626,62470.98414532223
543,0.00027150000000000004,-157582058834.83206,-33059949118.16478,62404.5334671847,267604615698.98892,3236909369153.0083,171.9632455200145,-157587216832.49216,-33052059190.45108,62429.49424465341
544,0.00027200000000000005,-158447147947.18192,-28103859037.515877,62439.97046858184,221853995246.12057,3240367226240.3657,171.24476771076684,-158451524810.69577,-28098163492.85131,62470.28198255632
545,0.0002725,-159156477828.26,-23126162098.069637,62461.924441881856,183488342890.54517,3242806111883.5947,170.63295061361788,-159160674608.90677,-23120298782.00476,62507.9005037206
546,0.0002730000000000001,-159710151653.2433,-18127259738.053867,62495.7827478759,152270015970.7476,3244211698777.469,170.12558980167518,-159714023751.06497,-18121871419.5198,62562.03106179763
547,0.00027350000000000003,-160106919741.29382,-13116717276.354174,62515.70610793576,127984180216.96692,3244588275774.7637,169.72047344442052,-160110502760.76846,-13111626223.890202,62531.1641038248
548,0.00027400000000000005,-160346609430.20956,-8099698351.853022,62525.62753948393,110480338149.31982,3243925058800.56,169.41607786679805,-160349871201.02716,-8096844125.668771,62485.499814936295
549,0.00027450000000000006,-160429119243.38333,-3084385245.1268516,62514.26065440269,99638996936.12163,3242218843109.277,169.21109148428138,-160432292406.51193,-3084067354.7393346,62459.31141125338
550,0.00027500000000000007,-160354951753.9209,1927012355.9483247,62501.73809363522,95374646981.17749,3239466142550.5264,169.10447107504257,-160358165975.44318,1923809509.5682874,62396.769799524605
551,0.00027550000000000003,-160124552227.16162,6926522857.972968,62474.34914688747,97630482631.07344,3235665407737.5205,169.09537589743854,-160128095703.92975,6920056373.438342,62381.83737822202
552,0.0002760000000000001,-159738688745.25565,11910219998.616156,62441.78001606193,106385697866.43077,3230811069736.368,169.18333261601308,-159742529120.77124,11903891343.712303,62390.530065851286
553,0.00027650000000000005,-159197781595.7211,16878342243.270216,62429.16673100581,121655280085.84691,3224896193983.6973,169.36819993956195,-159201877090.02457,16872155198.591883,62394.356044528104
554,0.00027700000000000007,-158502812283.25354,21822204047.539238,62411.393560362085,143509933861.8219,3217903968520.3677,169.65042803730236,-158506892539.78204,21818082920.058434,62394.07374306473
555,0.0002775000000000001,-157654611906.54932,26738538803.522976,62397.25691793543,172053039903.00018,3209822063162.242,170.0306956507039,-157658516112.59113,26736691449.2938,62382.24640320645
556,0.00027800000000000004,-156654263467.1938,31622452176.881535,62384.70099023566,207434405174.96384,3200633532873.6133,170.51005999011858,-156658404676.21375,31620157172.107944,62310.13093222921
557,0.00027850000000000005,-155503062559.09073,36468889054.31391,62371.47331884028,249845934262.56464,3190320519948.014,171.0899146197353,-155507459047.22067,36466146845.6551,62400.33110456261
558,0.000279,-154201702072.43274,41276028969.326065,62371.0495488548,299521736672.9654,3178864392295.6333,171.77197387991998,-154205488483.8326,41276011959.79175,62416.41203616822
559,0.00027950000000000007,-152751121033.35944,46040341331.063644,62384.08497545541,356766050599.58673,3166233832957.4106,172.5586733171181,-152754279971.44327,46042546360.50923,62433.66210312771
560,0.00028000000000000003,-151152922794.60895,50756209582.538826,62401.119394728266,421946325563.3285,3152395410202.2695,173.45300013894516,-151155788599.3211,50759019670.206,62439.94948820085
561,0.00028050000000000004,-149409352235.11722,55417061785.32133,62411.241642420406,495477287735.69385,3137321973322.977,174.45814645132103,-149410981578.52628,55422897582.54927,62473.476396235055
562,0.00028100000000000005,-147521071307.78375,60021592419.5436,62432.188567420264,577814191026.0557,3120992383586.9253,175.57738116378258,-147522676685.82205,60026955931.42721,62475.61641510433
563,0.00028150000000000007,-145490067519.03238,64564611598.36079,62456.84638111416,669524073541.3986,3103358244640.571,176.81513977830446,-145492189492.26062,64568287877.22638,62490.864270529826
564,0.000282,-143318736656.8079,69040638517.9615,62478.86145754423,771246371161.7397,3084379822774.438,178.17630827573709,-143321120656.21906,69043376480.88309,62503.35758790064
565,0.0002825000000000001,-141010100217.4457,73443613093.2987,62490.75323160276,883697594163.3394,3064021153696.1514,179.6660776279742,-141013264480.7491,73444732237.07558,62459.31743165172
566,0.00028300000000000005,-138566949881.9793,77768745303.31668,62493.193526744246,1007672893086.6915,3042249812232.08,181.28990965257,-138571444222.23267,77767473573.06305,62469.22890399543
567,0.00028350000000000006,-135993005407.65472,82010117072.55867,62480.314459155576,1144081982680.0208,3019023476285.9077,183.05400609375835,-135997570189.11739,82009090514.599,62442.720687529356
568,0.00028400000000000007,-133289791886.9499,86166136644.189,62469.22280178005,1293942984354.4822,2994304052066.8657,184.9650565204365,-133296209708.77449,86162485684.58902,62356.600068210304
569,0.00028450000000000003,-130463473557.25378,90227888167.68004,62433.57933988409,1458494275377.8882,2968014962711.76,187.03164216381214,-130471146475.50578,90222979945.57426,62335.22843965115
570,0.00028500000000000004,-127514900046.97203,94195513689.46169,62400.993715347875,1639046023071.5713,2940134062893.9385,189.26167543967617,-127523059158.09425,94190556712.1445,62294.51235272639
571,0.00028550000000000005,-124447019201.94502,98065672106.34322,62371.92272425973,1837230632681.8823,2910564726050.145,191.6657729854416,-124455984852.95589,98060309395.1354,62308.90528147803
572,0.00028600000000000007,-121262164822.47939,101835943718.90735,62351.17306973016,2054953127756.6807,2879215325193.044,194.25615230105453,-121270261116.30957,101832180021.91898,62388.23624530912
573,0.0002865,-117961200576.74841,105505551589.4352,62350.83544011132,2294462491084.504,2845981106793.0864,197.04682211045017,-117966432967.53836,105505398542.341,62405.76280508562
574,0.00028700000000000004,-114547597376.3316,109070416373.66646,62361.56256689215,2558471142295.3813,2810722267664.971,200.0546013214733,-114550934880.17198,109072342529.71346,62442.32408497448
575,0.00028750000000000005,-111024134534.53442,112527495074.58455,62382.27548188647,2850118076059.1074,2773321601542.5625,203.2976696327396,-111025664343.59062,112531161811.33104,62455.50035968228
576,0.00028800000000000006,-107396496162.29341,115871052920.81937,62396.58385342817,3173097080783.7163,2733645296828.5684,206.79641117256048,-107396016296.31804,115876432123.79132,62486.9013974812
577,0.0002885,-103666811231.30702,119099334750.96652,62414.66188640211,3531651185869.709,2691586589035.157,210.57236866326699,-103664813106.07971,119105757676.3065,62457.24708066154
578,0.0002890000000000001,-99839407593.07379,122208570710.86928,62431.63441687171,3930899853673.183,2646969449598.849,214.65147672482107,-99836951575.98413,122215035494.27116,62439.999376180305
579,0.00028950000000000004,-95919722443.97148,125194459532.7707,62439.785617907655,4376947668622.1743,2599613622144.855,219.06354550034268,-95918140796.25966,125200059806.40878,62444.563989912116
580,0.00029000000000000006,-91910695185.59749,128055086964.01778,62446.87923429323,4877080948667.469,2549337693896.858,223.8421246561892,-91909221552.81483,128060307870.59653,62476.88125428947
581,0.00029050000000000007,-87813042305.35526,130790057345.27823,62467.88603719915,5440229454536.126,2495891566736.2383,229.02741545227155,-87814699283.73239,130792914368.52832,62463.628490570016
582,0.000291,-83634038018.8059,133394269638.10205,62483.64187808193,6077561276731.194,2438932012669.4995,234.66940253973607,-83637335447.99454,133396001572.25179,62502.96960490493
583,0.00029150000000000004,-79379576122.87566,135864261326.22516,62488.65188297152,6802710200037.62,2378171336986.917,240.8243262738656,-79383358670.19273,135865725670.43362,62494.05834715338
584,0.00029200000000000005,-75052001851.64365,138199046278.16364,62494.1635811277,7632572893531.935,2313280131540.859,247.55730356342042,-75054470779.85526,138201259793.58582,62540.207387070106
585,0.00029250000000000006,-70652613343.58618,140398018597.61136,62511.399639693285,8588599212144.76,2243794996291.458,254.9486904801439,-70656225726.93619,140399596649.5291,62559.560839417456
586,0.000293,-66187381539.01791,142457986580.42017,62530.26747525093,9698438871559.17,2169118486533.9885,263.09941278745526,-66194315584.7566,142458038740.324,62510.17606050753
587,0.0002935000000000001,-61666876233.73908,144374148793.95438,62528.38561708954,10997763580957.38,2088621590856.9004,272.1318548258546,-61674248936.53173,144374253270.81445,62498.27160995273
588,0.00029400000000000004,-57088353553.27868,146148280532.31757,62537.04240646219,12532733650003.805,2001675675947.1716,282.19146365255983,-57097462666.83906,146147871658.3756,62557.73141353623
589,0.00029450000000000006,-52463926792.637,147775640586.25247,62528.17558348248,14365309379644.357,1907267744712.9414,293.46866157764504,-52469155986.42335,147776941822.92242,62546.07117907752
590,0.00029500000000000007,-47788112037.32351,149258738457.18243,62538.696638323825,16578504708456.744,1804393678834.721,306.2005567170032,-47799315906.11404,149258166100.4062,62464.91869685725
591,0.0002955000000000001,-43076243798.86961,150592431898.6325,62530.60698223592,19287536275870.938,1691514605770.3242,320.70582816170287,-43090110439.95106,150591485469.26828,62479.799135378365
592,0.00029600000000000004,-38328657409.44739,151777325453.31546,62521.92699186272,22652738009839.086,1567102557197.2073,337.39456369201974,-38346329882.5623,151775888023.2348,62421.68779145982
593,0.00029650000000000005,-33549202288.369263,152812722633.20898,62515.16015077557,26903543568911.695,1429099724547.0095,356.8206983765679,-33572390843.28305,152810628185.99185,62416.59507245943
594,0.00029700000000000006,-28742015627.638054,153697905977.48804,62511.26842470878,32374859002762.062,1275054283929.5337,379.743268293566,-28769252528.069305,153695803561.60333,62483.0466629219
595,0.0002975000000000001,-23911608976.077938,154432170477.95178,62509.98385455033,39565137662066.21,1102253451945.1543,407.21355456635376,-23941919160.055927,154430483613.2072,62453.37827338872
596,0.00029800000000000003,-19068456380.970295,155014083926.19614,62497.14788676407,49227284281689.266,908256547454.9741,440.68957597906115,-19098934387.361828,155013509657.26953,62417.45305971811
597,0.00029850000000000005,-14201350055.414024,155445536550.9567,62511.51134317929,62499060037134.805,692675875364.7845,482.136910708525,-14245729686.44741,155444483971.0945,62401.98965551854
598,0.00029900000000000006,-9330597790.330982,155723949624.497,62512.94331154611,81051523783544.1,461225129569.4335,533.9964825785404,-9383455155.027721,155723809827.23743,62412.68811199569
599,0.0002995,-4459023753.471356,155849760482.6968,62508.563811711196,107025007558827.11,238541599106.37247,598.2899730514058,-4519035620.43964,155851128340.3182,62386.83856684793
600,0.0003000000000000001,413170441.36617523,155823415260.97556,62508.74491947495,141888502236850.12,93992650819.31026,673.0755383746033,343357555.8787285,155826639976.8192,62348.366516549715
601,0.00030050000000000004,5274289014.847522,155645143383.58698,62501.34380098513,181968226538602.12,175614374533.32257,742.977115627417,5197372947.120802,155650713205.93262,62325.41435098182
602,0.00030100000000000005,10110005760.613834,155316205435.9286,62472.80630794645,210616977307404.34,656884579017.7537,769.7630865621138,10036169310.561495,155324013753.61066,62292.29090894559
603,0.00030150000000000006,14905927916.931488,154839264819.38126,62413.366207457,204837341819874.94,1456239205869.1907,720.9688883964521,14859076380.983032,154847241075.01166,62265.21223480493
604,0.0003020000000000001,19680322077.202374,154214568467.94376,62360.00175694484,167101146359157.97,2159287734920.6335,626.7687533599321,19664076099.995026,154220605045.2506,62337.18275797302
605,0.00030250000000000003,24445520748.157883,153440611492.02295,62334.00067113547,122811965939997.1,2524518995356.3447,543.5892090359454,24447752600.52201,153444555484.2317,62343.138152371874
606,0.0003030000000000001,29188622252.24666,152518361052.04,62320.16118148824,87536482209594.42,2629265347495.0425,491.15329178810975,29202895384.755432,152520149904.30606,62398.78292946314
607,0.00030350000000000006,33912484806.75361,151446685335.71356,62328.97653658247,63106792197249.39,2614074153751.099,462.35117114788454,33925198922.523582,151448249747.86343,62342.02192212826
608,0.00030400000000000007,38592831099.85874,150230087565.64053,62328.98487776517,46829837356483.89,2568293587993.164,445.70683015325966,38605250475.99608,150231308572.3279,62297.98140722835
609,0.0003045000000000001,43227752787.963036,148869721428.54694,62324.08392975895,35945252149116.37,2533753995248.467,432.68296530712706,43240525003.07805,148870485630.46664,62318.80128156319
610,0.00030500000000000004,47817305346.333824,147365973481.19504,62323.42443936444,28490532094334.418,2524984849817.222,418.2772104597581,47831266366.19722,147365976892.4954,62343.723524751695
611,0.00030550000000000005,52360349814.624664,145719172293.9532,62335.38155691169,23196068202521.76,2541272494018.0464,400.4959776895521,52371491049.757324,145719621498.76773,62354.07510605068
612,0.000306,56839272680.64795,143935442375.10327,62324.7657788515,19270506863826.668,2574256210841.3086,379.6390501674126,56856338704.05278,143933284008.49527,62355.203116177545
613,0.0003065000000000001,61260665024.9987,142013139352.32672,62323.49056903609,16237621188905.504,2613554242333.2036,357.34798966705984,61279542546.54253,142009655839.51718,62305.29776627952
614,0.00030700000000000004,65629101680.49097,139950046823.2059,62358.31992978096,13816911921160.953,2651601976102.6226,335.52615080366974,65634574790.840775,139951992678.14346,62320.78840985307
615,0.00030750000000000005,69915920610.04135,137758797628.9819,62345.51054703321,11842776227203.861,2684940791599.0713,315.59444185304466,69921879800.63454,137760484163.1733,62307.76194539343
616,0.00030800000000000006,74131239053.31667,135435796709.836,62339.56338148819,10214808665659.674,2712893200808.1514,298.2696908469721,74137528888.95403,135437210411.05112,62319.291721054404
617,0.00030850000000000007,78274895693.70287,132981106341.0542,62353.48658953221,8863308370624.486,2737178502175.547,283.6247629622055,78277887129.96555,132984211734.34386,62342.00758876902
618,0.00030900000000000003,82330500491.51956,130404158177.9404,62337.243494450566,7734746224445.029,2759894006954.6255,271.3492976215363,82337053066.59836,130405068155.1268,62316.833280725645
619,0.0003095000000000001,86304450886.7932,127701895230.72017,62336.020553446855,6786610724839.021,2782349277146.2827,261.00472975350266,86309096950.05605,127703930752.77908,62289.51904873947
620,0.00031000000000000005,90189107348.69144,124879382618.37604,62331.21935263437,5983417720299.403,2805414544838.001,252.1565894159753,90191743902.3166,124882762454.01637,62302.0335762456
621,0.00031050000000000007,93978740004.69894,121941174574.33255,62314.3242237854,5296597848103.25,2829169391681.4272,244.45596829166155,93983166121.18034,121943292754.41138,62295.75974636005
622,0.0003110000000000001,97675840468.43077,118885899162.45529,62314.95780673487,4703631665790.593,2853294970787.2607,237.65174192359592,97678992333.48756,118888941550.23785,62278.46633625386
623,0.00031150000000000004,101273066936.47636,115719453211.6251,62311.43573653123,4186718417716.218,2877472956525.947,231.56726328241552,101274842959.44652,115723678009.8822,62284.26721905585
624,0.00031200000000000005,104765483555.00969,112446588951.34973,62296.571240875695,3732364081990.686,2901286383311.9414,226.08392353267902,104769455596.17401,112448927643.39479,62278.16784383681
625,0.00031250000000000006,108149966344.7566,109070908119.18864,62272.89326873435,3330307225995.3643,2924419710820.843,221.11830128759087,108157695671.37872,109069626041.6485,62249.01526165257
626,0.00031300000000000007,111427431051.767,105592102683.39066,62264.07372425365,2972594386665.984,2946696830999.7466,216.60578382305903,111434891045.12178,105590890276.5492,62255.31913861238
627,0.00031350000000000003,114594108647.83469,102014125049.65396,62262.80666087956,2652790306153.525,2968086456265.061,212.49058693197767,114600448572.54729,102013911351.75426,62216.93305749356
628,0.00031400000000000004,117645730542.02588,98341898329.77826,62259.43533578748,2365781237423.254,2988536828158.7246,208.72664996664466,117650235777.40045,98343688925.32007,62225.69925514606
629,0.00031450000000000006,120579790478.76164,94578791769.58131,62256.31178133757,2107478841480.3784,3007989890566.603,205.2766607370036,120582202423.53345,94583231992.63048,62191.873403084566
630,0.00031500000000000007,123391419135.65523,90731426222.7724,62238.5572725849,1874505069014.4287,3026421840109.831,202.10921358086614,123392697312.0887,90737653053.1281,62165.65281213746
631,0.0003155,126075441548.33002,86807901042.36348,62189.7070645887,1664109045548.7175,3043790295188.2627,199.198904404976,126080166512.69923,86809642712.95787,62129.21930766339
632,0.0003160000000000001,128638083305.81795,82800629323.61563,62179.77729467564,1474028145842.326,3060052309512.412,196.52517684893633,128642363945.23244,82803110198.72469,62158.611110027414
633,0.00031650000000000005,131073721924.37141,78717775957.50113,62174.182957121055,1302006220396.4739,3075327329529.5283,194.06519730776174,131077540666.74074,78720982706.3897,62138.365090475054
634,0.00031700000000000006,133379759958.79584,74563981899.16687,62168.452080878385,1146248368743.4138,3089589789268.0986,191.8019114912108,133384608201.32716,74565459171.81143,62193.625457543145
635,0.0003175000000000001,135554088822.68445,70343484491.70123,62162.016346909535,1005242698177.58,3102819144038.9893,189.72184686665025,135560606180.77155,70341776412.55962,62182.754751899236
636,0.00031800000000000003,137596372981.36316,66057336811.2235,62170.46403580928,877694125372.8994,3115010669321.727,187.81340478284937,137602328075.86023,66056469550.38948,62181.199359126316
637,0.00031850000000000004,139503231706.37964,61712440556.75547,62175.24860837573,762438125008.5767,3126188727807.785,186.0654658805786,139509897967.48923,61709636332.63543,62232.25098121857
638,0.00031900000000000006,141274599844.7216,57309302763.929085,62195.86628344998,658524611914.2095,3136339749881.455,184.46913677563649,141280265770.6536,57308438745.31958,62161.24935130741
639,0.00031950000000000007,142906086909.35806,52858480281.594246,62196.28236683755,565082560445.3025,3145484869847.312,183.0158220806025,142911341033.41714,52858364268.60175,62218.4916508289
640,0.00032,144397711070.33426,48361168997.26429,62198.946879889765,481443815387.76105,3153594288184.76,181.6993712501991,144403529793.92133,48359261598.690315,62244.806175934245
641,0.0003205000000000001,145748786408.63306,43819730355.38019,62212.789286920444,406972957459.7536,3160686551815.684,180.51342132391147,145754572264.8257,43817329934.6578,62233.96793679653
642,0.00032100000000000005,146956835720.9981,39242332079.93376,62215.89709999807,341102811863.22534,3166777499116.578,179.45197808637639,146962199965.69293,39240796926.87838,62211.88914421992
643,0.00032150000000000006,148021869570.96527,34629958714.08942,62228.680131091984,283383581126.2967,3171854035358.957,178.51057804380386,148026913830.20224,34629264796.80779,62228.64078526611
644,0.0003220000000000001,148941683314.00293,29992162478.23872,62223.62719334423,233397057284.85056,3175927630796.6387,177.68485640866592,148946768342.88477,29991042813.018654,62209.16805134529
645,0.0003225000000000001,149716477770.55756,25330090487.409054,62223.14363588211,190823016200.0969,3178984744547.958,176.97162440847035,149721145655.4697,25331268986.546005,62164.834153904645
646,0.00032300000000000004,150345231051.7483,20650722327.67728,62214.06021881802,155360993342.04306,3181035276453.594,176.36762324368533,150349358530.94623,20656341547.02274,62146.50836632712
647,0.00032350000000000006,150827365862.67346,15961251743.297932,62187.02975815811,126773519064.01913,3182075211244.7734,175.8702607269361,150831638326.0704,15968300720.374245,62106.53515413248
648,0.00032400000000000007,151163240509.2541,11263907568.852547,62159.507139924346,104868265597.61473,3182100670440.7056,175.4774355130245,151167912460.23523,11270333630.649654,62139.5194261535
649,0.0003245000000000001,151352789039.22003,6565077880.230639,62123.04041076527,89477577520.95294,3181116260320.9644,175.18714452751925,151357989596.7925,6567275484.420204,62103.262626794785
650,0.00032500000000000004,151396581587.26044,1862207883.2622137,62114.28324182776,80477509480.12871,3179119107354.2847,174.9978529263074,151401912181.1123,1863697306.8195286,62097.956151579616
651,0.00032550000000000005,151294421610.62506,-2838720801.713966,62116.51466467239,77779335566.71791,3176107080359.851,174.90834593645755,151299782733.88626,-2836873219.371357,62095.901733841194
652,0.00032600000000000006,151046494838.07016,-7530529937.5833435,62113.31252851061,81350099798.52034,3172066197421.333,174.91809249648753,151051898760.0504,-7528261412.38959,62120.887334700434
653,0.0003265,150653207303.26337,-12210238024.595058,62113.85082507438,91194790057.51437,3166984400633.514,175.02693051714343,150658600196.68005,-12208559950.883257,62098.24980065645
654,0.0003270000000000001,150115323534.56714,-16870481367.494745,62103.217514417716,107354540941.28528,3160850372282.6924,175.23497248219618,150120753018.93942,-16869250940.954395,62074.93244597077
655,0.00032750000000000005,149433751078.68408,-21506862389.801758,62085.65038888937,129897483537.52022,3153655531390.676,175.5425109954812,149438828227.8756,-21509185551.07091,62093.90356476703
656,0.00032800000000000006,148608107706.95044,-26123924746.297462,62106.35554293309,158924578053.76282,3145389491848.709,175.9501309184678,148613480259.9273,-26123951915.93993,62102.077284498366
657,0.00032850000000000007,147640429550.2141,-30707986777.72301,62107.780636640884,194621133622.50284,3136017525426.8135,176.45952093802177,147646469831.18268,-30704760020.89699,62015.778511829856
658,0.0003290000000000001,146533130784.97284,-35249950941.58454,62073.930854088,237165832581.3909,3125534624226.6733,177.07199110011126,146539122670.69107,-35248288204.05916,62045.32998690066
659,0.00032950000000000004,145285454998.1351,-39756188700.26967,62068.40108707179,286741861521.1436,3113943909784.0205,177.78854626339253,145291530841.91742,-39754541408.832596,62082.81382000066
660,0.0003300000000000001,143898635793.19476,-44221560661.31296,62077.35812325047,343662187878.7153,3101196007256.6665,178.61201445461944,143903917885.9735,-44222635834.03366,62180.393188942915
661,0.00033050000000000006,142373446699.14978,-48643177303.91522,62102.653420430295,408288197953.973,3087256908250.5586,179.54567746963437,142377736810.35187,-48646917995.82048,62200.53804867673
662,0.0003310000000000001,140712055324.79227,-53014104776.68964,62125.68048465241,481052081288.61926,3072089073495.3667,180.59329692400618,140715395020.05603,-53019929534.47925,62210.02728500726
663,0.00033150000000000003,138915182347.44165,-57332465201.1455,62158.801322938576,562416320101.0122,3055671284044.851,181.7584743980389,138917684514.11795,-57339603652.01665,62257.76559345758
664,0.00033200000000000005,136985162106.61714,-61592154298.82244,62189.17493163993,652941278799.0983,3037959411835.6626,183.045744038502,136987541723.82425,-61598787672.603714,62248.25061235677
665,0.00033250000000000006,134924216880.1374,-65788268005.53632,62213.85101903566,753238862883.8335,3018922595689.1953,184.45984113467256,134926298069.43571,-65794853390.90276,62279.923557535294
666,0.000333,132735159024.20045,-69915292015.37137,62227.293491462086,863999138780.2999,2998526381796.937,186.00595907517874,132737096398.57135,-69921694040.2279,62216.195029341165
667,0.0003335000000000001,130419515150.09492,-73970809523.7615,62241.01410453736,985992085939.0156,2976737692174.1943,187.68971456687188,130423545201.98315,-73973036191.66074,62190.35706743678
668,0.00033400000000000004,127981504289.08989,-77947651823.16895,62237.91696734971,1120138428180.8726,2953497853803.514,189.51810384427375,127986973622.15503,-77947578176.15991,62160.725476342224
669,0.00033450000000000005,125424174883.51971,-81841701400.7147,62221.27190193235,1267432037144.3022,2928777183579.219,191.49804645331434,125433166632.70189,-81836416680.12106,62048.43749651584
670,0.00033500000000000007,122752730326.1793,-85646015965.37538,62177.48072834977,1429018967601.0347,2902528961734.222,193.63734808418596,122762521929.95969,-85640346398.18242,62066.28558390551
671,0.0003355000000000001,119966155152.62016,-89363445258.08502,62148.28835533036,1606149085884.3489,2874727211249.9175,195.94384546074318,119977053924.15266,-89357013641.38812,62112.83797997176
672,0.00033600000000000004,117067859391.38367,-92989710351.04321,62124.38868166092,1800456491754.6062,2845246204299.322,198.42939529345438,117077441429.65921,-92985657937.52348,62106.91763049406
673,0.0003365000000000001,114059159171.69221,-96523523539.19223,62115.31262917294,2013809972127.6492,2813998131098.4917,201.10693876649316,114068221516.4694,-96520644949.08075,62084.020017499824
674,0.00033700000000000006,110944952306.54376,-99959182618.61572,62103.12392208544,2248442511554.357,2780868989523.7944,203.99146889059506,110951972218.86246,-99959088501.8052,62136.97666181052
675,0.00033750000000000007,107725704014.9206,-103296555503.78098,62105.87599312583,2506857613382.475,2745786559977.006,207.09812635635208,107732170157.53838,-103297136645.13153,62129.04667340586
676,0.0003380000000000001,104406876028.41458,-106529898435.18265,62104.2613371032,2792095876730.761,2708606645958.7627,210.44558035814313,104412778937.40268,-106531185551.07086,62083.30633989043
677,0.00033850000000000004,100988996283.7049,-109658981197.541,62115.774941224816,3107611737184.593,2669233657431.6323,214.05338586192815,100995158959.47528,-109660095297.90138,62154.50397613941
678,0.00033900000000000005,97477653712.7638,-112678549916.21849,62123.194766718916,3457616702833.3267,2627490860009.944,217.9456698027152,97481887290.99095,-112681424567.19627,62179.579890957735
679,0.00033950000000000007,93874571232.92577,-115587326349.66106,62137.0964965055,3847000530375.7896,2583246461544.3423,222.1484625772476,93879427971.2374,-115589692349.00941,62107.0121092521
680,0.0003400000000000001,90187483586.74611,-118379084640.2889,62134.03895687067,4281704785174.7026,2536299728514.975,226.6928978938889,90193558664.45792,-118380647559.25845,62084.18866875513
681,0.00034050000000000004,86419182039.326,-121052304949.02957,62124.52246733793,4768666795502.369,2486512727883.0815,231.61206086861444,86428721292.64671,-121051562330.63676,61996.479093461545
682,0.00034100000000000005,82572066185.04257,-123605691677.2283,62117.20120693896,5316367760282.243,2433658137712.2114,236.94558477318049,82588474128.04831,-123600745244.64062,61959.13275729629
683,0.00034150000000000006,78655117240.81105,-126033582929.80934,62088.54448101189,5935295586189.713,2377440258047.8945,242.74190896010865,78673637693.53006,-126028065644.84781,61997.164318498704
684,0.0003420000000000001,74667578924.67209,-128337287850.87444,62066.15139447428,6638098895164.801,2317634562358.9814,249.05440767150725,74690084335.79326,-128330291690.2846,61934.318147177764
685,0.00034250000000000003,70616524335.22937,-130513009004.75017,62035.33064897694,7440852282667.902,2253823226354.6978,255.95086228027472,70640612276.81343,-130506087500.87,61935.44004561365
686,0.0003430000000000001,66503197837.04441,-132560672840.14618,62010.10031415911,8363615309524.287,2185619332460.8977,263.510710297303,66529513624.91895,-132553573491.32014,61872.31260797908
687,0.00034350000000000006,62332919507.58504,-134477915416.09482,61984.04218624372,9432127694866.467,2112484374078.234,271.83257905145604,62362252306.77478,-134470540747.33969,61838.42269436628
688,0.00034400000000000007,58109545342.77269,-136263375296.51393,61958.52897322357,10679474405164.611,2033833224292.0894,281.03625447878,58142433674.50617,-136255637669.93198,61826.57063341362
689,0.0003445000000000001,53838728506.76814,-137915056660.0553,61928.31572357117,12148840424746.072,1948954293875.4055,291.27001246528147,53872728080.21197,-137908198376.0194,61835.28405399354
690,0.00034500000000000004,49520099430.955574,-139433578738.10983,61910.314456516135,13897221093403.107,1857021943259.9463,302.7182884895992,49552907688.00156,-139428377657.82202,61892.60013626689
691,0.00034550000000000005,45157926974.04545,-140817463122.00552,61900.66769448122,16001681193658.078,1756907361973.5813,315.62083685331265,45189545424.15881,-140813735368.95062,61936.162996919455
692,0.00034600000000000006,40754246569.99483,-142066078562.6754,61903.65394078885,18567738925881.375,1647289307073.7632,330.2882374078721,40784440542.79928,-142063712894.88803,61950.83679747222
693,0.0003465000000000001,36314845699.520966,-143177621177.45383,61911.001659674395,21742762288368.33,1526528485660.9338,347.1305885903023,36346963402.117516,-143175622179.7778,61896.85794175307
694,0.00034700000000000003,31851512518.60528,-144149213536.19354,61900.3303759181,25736019544546.535,1392717338166.425,366.6932702999207,31880767322.682888,-144148922785.73514,61897.774624724916
695,0.0003475000000000001,27358635785.649208,-144982724097.97583,61903.448907366685,30849316678009.766,1243788309395.5076,389.70441345919426,27389890612.135033,-144982914304.32993,61932.941046677035
696,0.00034800000000000006,22844666698.7165,-145676370621.65613,61905.95645607505,37529292166541.65,1077126942631.5457,417.1757577768312,22875379772.384422,-145677552895.84503,61942.173106460745
697,0.00034850000000000007,18310072756.23238,-146230207613.80695,61917.41920339063,46444443681287.84,890500207687.1553,450.4978763857679,18344107163.396282,-146231753274.5227,61942.876536589974
698,0.000349,13766037476.748096,-146642711785.13748,61919.658910811275,58599483211577.63,683232897814.6823,491.5492929294552,13796451137.585127,-146645678729.1465,62003.388651129644
699,0.0003495000000000001,9214733776.368917,-146914115116.8429,61919.88101241558,75459791105337.05,460432916079.88556,542.6398201152285,9236637163.489622,-146918556369.0035,62062.26971198715
700,0.00035000000000000005,4655480609.392796,-147044682053.84677,61929.22844607492,98928992242373.31,242758080885.61862,605.8014780140932,4671421385.853428,-147049837533.97894,62071.97023101359
701,0.00035050000000000006,98475009.412618,-147033932803.11816,61934.32020955921,130510452676429.88,88820927608.22864,679.8231571611458,106524196.4660716,-147039431159.48157,62082.15166947021
702,0.0003510000000000001,-4446805466.950322,-146882242648.99857,61927.11939805777,167853097781275.1,127355372826.3857,752.0537617381369,-4457361763.567809,-146887392016.2116,62153.42837811699
703,0.0003515000000000001,-8986271320.087381,-146589927118.18848,61926.32522963583,197861039746388.75,528842318889.6105,788.2082249019298,-9014163562.052475,-146593721174.08524,62177.308402570576
704,0.00035200000000000005,-13492846735.844896,-146159049619.9014,61896.87340917749,198896587275858.2,1276010322043.204,751.52504289163,-13558382986.581606,-146158749554.01224,62185.78308459356
705,0.00035250000000000006,-18011999779.771885,-145586367530.16196,61916.245086756346,167576150902165.7,2007801493719.6965,659.9896568934154,-18084263225.911278,-145582996102.05508,62155.25491714852
706,0.00035300000000000007,-22513521840.222862,-144873430361.4328,61940.25540731896,125499093965525.8,2433349471173.612,570.4573671338894,-22584972533.985165,-144867718664.37265,62130.79468510179
707,0.00035350000000000003,-26999208289.33898,-144019571578.48355,61978.14594621463,89993507231876.31,2580179047082.33,510.6882318548388,-27060299229.64102,-144013108071.90222,62188.15219119184
708,0.0003540000000000001,-31454309446.514225,-143026831152.21313,62014.91016878172,64767524073592.99,2583651296435.3774,477.1136503215441,-31505327702.20086,-143020163461.86853,62198.89236917472
709,0.00035450000000000005,-35882306689.90636,-141894436075.08957,62064.9841945609,47796076211232.4,2540946730091.988,458.4110323809929,-35917316134.46673,-141889604116.7157,62228.86577747547
710,0.00035500000000000006,-40257017538.25833,-140628613850.40375,62088.83308113405,36428263545447.43,2501543681418.938,445.28831603664355,-40289667110.56521,-140623081681.9203,62209.33522028027
711,0.0003555000000000001,-44593264402.236046,-139226409092.68588,62124.03214694645,28675073579383.375,2484675682879.077,431.9238864812518,-44622651908.19989,-139220504923.9382,62319.429717623374
712,0.0003560000000000001,-48874875472.35524,-137692743549.51895,62141.76181633987,23217025052331.73,2493328797537.914,415.5185862230337,-48908374175.57916,-137684201376.21478,62259.66286023132
713,0.00035650000000000005,-53113770239.64583,-136024060356.57161,62183.64998874581,19218572759189.535,2521021208274.022,395.72378891965633,-53142807816.46088,-136015828085.63596,62326.55290423569
714,0.0003570000000000001,-57298514663.53473,-134224042399.1016,62227.28404818256,16163320637481.33,2558403356520.126,373.78139533038024,-57321350146.549576,-134217095466.21817,62345.26142077254
715,0.00035750000000000007,-61417023936.10524,-132297888365.41386,62246.32827466898,13743031619619.54,2596959594618.5835,351.5576695363698,-61440116850.219345,-132289810179.21393,62316.14561662967
716,0.0003580000000000001,-65475687708.50405,-130243352832.85567,62277.12620479608,11777304778030.396,2631510198342.1484,330.7051904925395,-65494179757.09158,-130236493940.71579,62358.70099696036
717,0.00035850000000000004,-69469961445.18832,-128062378548.18706,62316.052843214486,10156433420321.629,2660796659321.591,312.2081498632002,-69482978611.13129,-128057480603.22832,62381.377089445436
718,0.00035900000000000005,-73389735185.61908,-125760271958.37439,62338.90534379349,8808361722333.191,2685813330524.821,296.3748532613157,-73399016305.1808,-125756999668.79823,62378.73874901755
719,0.00035950000000000006,-77233211654.55817,-123338550880.38039,62355.563965810805,7680907663803.714,2708296484585.767,283.0490776414445,-77238217677.26205,-123337458515.90056,62337.41056201452
720,0.00036,-80991308757.27592,-120803281968.65477,62344.92078253885,6732590468786.572,2729942756947.688,271.84196275684906,-80997860763.9042,-120800975533.47446,62327.98336630641
721,0.0003605000000000001,-84669799321.58276,-118151419175.89877,62350.854652974165,5929647202616.251,2751731197246.5493,262.3200597280839,-84672518070.53229,-118151579530.94115,62285.57916062849
722,0.00036100000000000005,-88259352182.37383,-115389513681.59732,62344.6175119825,5243823072083.457,2774199563936.4824,254.09451212541268,-88259896285.5014,-115391272122.61064,62298.225484210154
723,0.00036150000000000006,-91758360308.37059,-112519342934.80138,62336.443506438955,4652645591525.27,2797197884866.775,246.87128663430246,-91755089351.39084,-112524273877.39944,62206.70178601238
724,0.00036200000000000007,-95160508034.831,-109546480712.70564,62311.61433232523,4138337645928.354,2820398968683.617,240.44225780279362,-95156533490.71564,-109552369245.15578,62217.638383658996
725,0.0003625000000000001,-98465877435.4844,-106471641981.44211,62289.41210446535,3687251728864.1016,2843376065898.738,234.66710641158133,-98461822796.3941,-106477953663.02284,62220.70676820127
726,0.00036300000000000004,-101669482397.46005,-103299854715.16562,62258.61784920947,3288714904719.004,2865857141535.8965,229.44578117780185,-101666137239.7336,-103305964175.49957,62176.7322778549
727,0.0003635000000000001,-104770792549.55025,-100032314167.86931,62233.983453573106,2934536465723.3784,2887608305836.3115,224.70528031452136,-104766569083.9952,-100039796173.06325,62109.6704270404
728,0.00036400000000000007,-107762176195.20738,-96677486676.0306,62185.36951860019,2618200678685.6274,2908530470032.769,220.38650682995365,-107760293643.46753,-96682971824.78036,62121.518802271
729,0.0003645000000000001,-110645863988.83354,-93234092070.67477,62147.13804010238,2334712428021.9907,2928484217555.5127,216.44365306044853,-110645914586.44783,-93237804041.47003,62071.75247592502
730,0.0003650000000000001,-113420397749.18268,-89704188565.36119,62124.04142790588,2079825637511.6523,2947490966433.0474,212.83475676878822,-113420137006.64133,-89708616690.50003,62063.60159026336
731,0.00036550000000000005,-116081849742.41881,-86092898178.23007,62102.83454555094,1850009646138.4607,2965558957096.2583,209.52353079505306,-116082048141.6417,-86097001402.03633,62001.41871810933
732,0.00036600000000000006,-118626548387.16774,-82405695373.16634,62073.264696616265,1642400258224.611,2982649873083.274,206.48102246671147,-118627139345.34703,-82409642016.64572,62005.38444531173
733,0.0003665,-121053416993.59645,-78644962849.1529,62045.3144122828,1454647542469.4717,2998722780610.202,203.68406661730214,-121053781205.07951,-78649600732.38081,61960.80448582067
734,0.0003670000000000001,-123361398172.29184,-74812877788.75858,62026.850776985644,1284714049559.5442,3013782217112.6743,201.11218888503,-123361020787.6245,-74819091689.74686,61983.83921768735
735,0.00036750000000000004,-125546339914.4683,-70916675701.84409,61997.08130221962,1130822906819.036,3027844456737.309,198.7471340677945,-125547746690.75734,-70920275624.75426,61957.40616241047
736,0.00036800000000000005,-127608916255.70377,-66956120877.84528,61981.07382425902,991521913284.904,3040881745050.043,196.57454546710827,-127611302437.38635,-66958117138.08465,62001.12001675377
737,0.00036850000000000007,-129547505172.12132,-62934421888.667786,61977.69522868388,865471175747.8278,3052925209711.5283,194.5806209757377,-129551963948.18979,-62932294278.15232,62060.39922528635
738,0.0003690000000000001,-131360239469.83177,-58855427441.97789,61983.025233203225,751519467522.6082,3063983919785.035,192.75343602517765,-131366052653.18718,-58850064731.19266,62030.72284523776
739,0.00036950000000000004,-133047353770.76454,-54718449769.034424,62017.35262299422,648689809106.8054,3074054480963.861,191.08307926114347,-133052209571.91348,-54714394139.88238,62058.322840452325
740,0.0003700000000000001,-134603052850.14494,-50536699378.957245,62024.48138695666,556095020027.9988,3083158492797.652,189.56019824059211,-134609034132.62288,-50529200845.24919,62116.3025271289
741,0.00037050000000000006,-136029059665.55345,-46306741865.60179,62051.05356556591,473107058925.1903,3091240873431.6626,188.17900334055537,-136034388752.6142,-46299934381.18822,62072.30259507034
742,0.0003710000000000001,-137322503349.24179,-42036302979.82581,62072.223842942796,399076005262.2785,3098335991698.4375,186.93248528370097,-137327113349.18655,-42030639352.29383,62097.644239505855
743,0.0003715000000000001,-138482494086.97357,-37728619685.44465,62094.22735389105,333488698856.8303,3104433635973.3257,185.81508029413703,-138486598084.82104,-37723819762.43343,62128.752374733136
744,0.00037200000000000004,-139507400945.22507,-33389850180.777477,62106.967322743534,275888114098.8523,3109536678327.1675,184.82177774534068,-139511150278.77402,-33385507126.316902,62115.97530221676
745,0.00037250000000000006,-140396919150.02933,-29022071346.276665,62124.07320806418,225893247388.4258,3113639642796.7607,183.94843350876687,-140399547307.39426,-29022251998.86783,62093.27831651459
746,0.00037300000000000007,-141148881824.9376,-24636249189.89084,62111.141944803865,183157111923.76074,3116750225940.542,183.19109897366206,-141151943296.50195,-24634154002.538654,62143.036842015004
747,0.0003735000000000001,-141764549321.6977,-20228387908.114235,62118.918818984646,147419995549.83636,3118852501490.8696,182.54701247189107,-141767705980.1511,-20224966985.611748,62126.93995048775
748,0.00037400000000000004,-142242902054.7915,-15804641022.019096,62130.98023731966,118410650779.27109,3119966959743.9253,182.0128639188064,-142245706634.03122,-15803166849.180994,62122.312463007205
749,0.0003745000000000001,-142583343070.93893,-11370886382.006191,62138.055573648504,95929128058.08806,3120087057203.808,181.5862489936272,-142586027011.75824,-11369634358.103642,62165.60755905958
750,0.00037500000000000006,-142785831511.78973,-6929764169.083699,62149.88675493924,79825902065.5972,3119203091846.765,181.26546297254185,-142788397350.5641,-6929546959.4666815,62125.86764386213
751,0.0003755000000000001,-142850102873.4974,-2488034911.1934514,62152.82767566235,69986304971.34969,3117310410838.2607,181.04909296683937,-142852546917.17398,-2489152091.2124767,62134.440452917086
752,0.00037600000000000003,-142776356448.67603,1950061397.7466333,62150.21213962418,66337238059.18644,3114400869042.3384,180.9361385971179,-142778813686.2444,1948049107.5803392,62124.12990970209
753,0.0003765000000000001,-142564921513.65686,6380030415.305318,62142.92464418049,68836318678.82692,3110468723888.2295,180.92585687657228,-142567382456.02924,6379323831.383178,62130.25725237987
754,0.00037700000000000006,-142216215527.85693,10798569282.408241,62137.26426365879,77473653020.06955,3105507117181.0537,181.01781317089737,-142218715869.54205,10798071191.681465,62123.186554952874
755,0.00037750000000000007,-141730633072.3172,15202696874.250114,62138.856815467196,92275591707.54507,3099506147916.947,181.21196421027204,-141732957005.5402,15203590920.506193,62166.591072852854
756,0.0003780000000000001,-141108672822.4878,19588317186.323803,62145.89390254379,113310092492.5647,3092451351112.7075,181.50874125936093,-141110847988.51562,19589962592.779526,62173.355918013986
757,0.0003785000000000001,-140350725487.68668,23952802925.621777,62164.342290932094,140685442495.34518,3084326109534.5493,181.90900070609436,-140353195319.22482,23951917644.654842,62162.937753959115
758,0.00037900000000000005,-139458787805.2251,28284466782.48208,62153.445010837306,174557543251.58438,3075108890290.452,182.4140993831924,-139461650619.01474,28281942552.36272,62090.421757419615
759,0.00037950000000000006,-138433164839.2292,32584647058.800365,62150.19996494444,215078508175.55948,3064799182998.5337,183.0250364901265,-138436493388.3337,32580370308.434284,62108.18659729981
760,0.0003800000000000001,-137275857126.13481,36845470714.87479,62133.299019159094,262474523864.58783,3053370119800.928,183.74371941832953,-137279292960.50592,36841768015.806526,62153.139014042965
761,0.00038050000000000003,-135987365891.21059,41066670436.81462,62126.15239989715,316988957095.1777,3040810004978.712,184.572104126428,-135990604960.26398,41064148679.614426,62104.49359547124
762,0.0003810000000000001,-134568915193.38397,45244466400.438446,62126.7098618187,378947924372.24536,3027084363815.3325,185.5131200477458,-134572195436.6237,45242114600.913635,62103.73024612
763,0.00038150000000000006,-133022965804.6624,49371870937.70228,62117.205638625506,448735701149.4033,3012160849106.9966,186.57023865866677,-133027132092.70811,49367706421.870026,62068.85676419848
764,0.00038200000000000007,-131352209877.7546,53442805754.91406,62089.7717526098,526761713179.9568,2996023894852.9507,187.74676201805136,-131355918194.65346,53440451613.489456,62059.38452473829
765,0.0003825000000000001,-129556973568.2023,57457892401.71027,62072.84757863001,613472737207.1013,2978660371411.053,189.04601327322337,-129561117185.5043,57454930845.11845,61990.803644988235
766,0.0003830000000000001,-127640963502.82362,61409266961.78816,62041.768339733964,709451940353.2833,2960015045315.7627,190.47303186683808,-127644856334.76837,61407408999.80534,61982.92469965442
767,0.00038350000000000005,-125603926608.35432,65298593595.45471,62028.73093495511,815303896019.727,2940070331303.4834,192.03254746675032,-125609609865.48955,65293611127.53304,61941.66278363872
768,0.0003840000000000001,-123451056711.38344,69116096893.19672,61995.631104681044,931818043088.4797,2918753408194.008,193.73135334212466,-123457452038.57103,69110617701.21942,61921.6876943345
769,0.0003845000000000001,-121183221574.07014,72861513445.61978,61965.75493990492,1059777894561.6022,2896057390450.7646,195.575127889681,-121190217241.91287,72855623133.84428,61875.125144222446
770,0.0003850000000000001,-118803430072.34915,76530496114.81822,61933.04605753663,1200154194476.9702,2871919827196.503,197.57130168544165,-118810706070.89105,76524770359.15878,61845.55261196475
771,0.00038550000000000005,-116313551988.1605,80120899729.07062,61904.70322886182,1354040915938.4915,2846289707638.208,199.7280834424916,-116319854912.64183,80117170532.54668,61884.53887932353
772,0.00038600000000000006,-113713834747.08557,83632779308.19167,61897.686537199086,1522726364876.9475,2819096712547.111,202.05513401252506,-113720076774.4281,83629474860.28032,61888.23538281831
773,0.00038650000000000007,-111009322309.91165,87059209977.36314,61885.23230077909,1707782891534.4797,2790233201889.625,204.56464607062117,-111013897402.6651,87058431242.15773,61886.66467841269
774,0.00038700000000000003,-108200783012.60382,90399676636.51169,61883.7452875949,1910908334470.3293,2759654244159.1294,207.26824302490115,-108204609041.39232,90399926809.14087,61871.8814811509
775,0.0003875000000000001,-105292458278.07205,93649172313.65195,61879.1408278076,2134150143952.7974,2727255235160.3843,210.18004250125946,-105295870503.64758,93650010819.53427,61857.1180485304
776,0.00038800000000000005,-102284241435.98564,96808090358.96246,61892.09237310093,2379817465300.1206,2692960693973.62,213.31499228036685,-102290772347.20132,96805627252.87688,61817.74018571039
777,0.00038850000000000006,-99184006019.52582,99867980804.14615,61885.31835910678,2650738988172.1396,2656621438884.587,216.69201426391498,-99192145171.36897,99864192767.86404,61854.77103919655
778,0.0003890000000000001,-95995289601.09662,102826083661.53268,61863.995619917645,2949999013700.3604,2618190927781.3257,220.32900992440375,-95999702435.13185,102826148607.37726,61849.91886485775
779,0.0003895000000000001,-92715025348.21909,105685840528.91579,61869.25468912569,3281230625848.0454,2577569064419.139,224.24631064514355,-92720277200.02293,105685278661.85144,61871.28544422307
780,0.00039000000000000005,-89352488122.96268,108438865186.23628,61858.369779863824,3649074728608.3896,2534503121687.968,228.47268041660047,-89356556128.4005,108439628127.28783,61848.08242721167
781,0.0003905000000000001,-85908320827.44943,111085224988.8841,61851.40732975075,4058768016316.478,2488896740962.5283,233.03662143363235,-85912191337.75537,111086267256.83023,61815.72787846671
782,0.00039100000000000007,-82382690178.13419,113624904170.48529,61863.09929983282,4516750265523.4375,2440538676141.3867,237.97261459206524,-82391052206.90073,113622819937.41959,61821.00944611884
783,0.0003915000000000001,-78785493461.53099,116050575331.18614,61855.757747157324,5031006737056.669,2389141222498.402,243.32355332959727,-78794611371.97812,116048290041.10344,61827.72051374375
784,0.0003920000000000001,-75117790159.9164,118362139075.24461,61847.56356512034,5610902122290.319,2334550234433.9585,249.13390701590995,-75127672424.24481,118359739973.61145,61829.18975753054
785,0.00039250000000000005,-71383414154.22102,120557450363.60815,61837.861050088584,6268085357305.056,2276467506886.7124,255.4577629323214,-71390578332.8568,120557035523.61421,61864.087655928146
786,0.00039300000000000007,-67582911370.08252,122636430690.8147,61840.4928611142,7017012009463.39,2214553603343.4165,262.35999842859735,-67588259290.61402,122637221430.66086,61873.96645559406
787,0.0003935,-63718820646.30179,124597559683.02005,61856.0663564973,7876036949978.6455,2148348127424.3076,269.9214376059154,-63725539909.750206,124597681493.50677,61881.331776637846
788,0.0003940000000000001,-59802358248.06788,126435014565.69286,61850.832350975434,8868554076910.02,2077330543435.2117,278.2407845004244,-59806643408.155426,126436480776.75354,61880.441642324324
789,0.00039450000000000005,-55827812908.95084,128152021194.78955,61867.54009903717,10023975448348.545,2001079650617.1848,287.4302879343035,-55832133262.14123,128153481252.41711,61944.09493579332
790,0.00039500000000000006,-51804250831.47985,129744271180.31592,61880.16406384093,11381215321363.254,1918789132320.4922,297.6373707512247,-51807122632.025566,129746359730.30959,61924.10288716539
791,0.00039550000000000007,-47735671774.260994,131210345139.21002,61889.518098342436,12991172266184.363,1829696516165.3286,309.0422682365006,-47739918387.02464,131211923102.40161,61863.66078556388
792,0.0003960000000000001,-43632467562.545044,132546746937.17807,61874.955589252204,14921822802603.81,1732850676680.1528,321.87206737998,-43633402969.36332,132549621338.39066,61889.44035485301
793,0.00039650000000000004,-39483751579.82341,133757698449.90385,61891.39033600807,17264706485722.11,1627227523866.8884,336.41104376800905,-39489633103.76749,133759042728.74734,61854.21167246786
794,0.0003970000000000001,-35302087750.666466,134838892408.36372,61903.35348151828,20148004983637.99,1511123217775.802,353.04890595113176,-35312655208.80526,134839144896.76268,61917.11140361477
795,0.00039750000000000007,-31096369625.833218,135788264448.47935,61897.81126004588,23751719679119.97,1382844013922.5068,372.295906907067,-31103562579.8529,135789602779.96365,61906.967625433295
796,0.0003980000000000001,-26861254762.65893,136607585761.5235,61906.078778145165,28333349830471.113,1240480601188.5085,394.8294644567053,-26874745451.182564,136607892116.80733,61799.475672516506
797,0.0003985000000000001,-22608687646.02208,137294336156.47783,61903.30055432403,34270624210826.098,1081596003596.9166,421.5848677860926,-22629557509.34663,137293856908.74155,61781.86791513756
798,0.00039900000000000005,-18340645821.317394,137848670443.0082,61897.87372168852,42123094861163.164,904114479673.3146,453.8340920541457,-18367483710.506702,137848093373.68655,61754.06452170033
799,0.00039950000000000006,-14057032910.770344,138270842279.165,61900.671978911385,52725532611180.984,707066652168.0748,493.2917587544697,-14096201527.356207,138269793270.182,61715.46724862679
800,0.0004000000000000001,-9766401119.665018,138559915154.9029,61899.38603036883,67300818546420.17,493534355552.23303,542.126128342423,-9817518322.885128,138559231915.8495,61703.45611262621
801,0.0004005000000000001,-5471821477.9498825,138715971938.27747,61897.31293228802,87491273907149.98,278458745011.6503,602.4815071917316,-5537425146.795436,138716321398.80557,61646.606354736876
802,0.00040100000000000004,-1175196090.1264122,138739149529.85803,61899.37448847804,114885700540729.47,105790585371.69902,674.3785799663377,-1261421096.410941,138741332166.9441,61566.29291800069
803,0.0004015000000000001,3116088151.4260154,138629414770.98825,61898.287200879415,148765707996066.94,77570753052.7716,749.4352286005086,3009357452.9282084,138634681875.45166,61608.83124485037
804,0.00040200000000000007,7391595784.337663,138387462054.67096,61884.21699601229,180552581408701.78,355510436320.3395,800.2659430789231,7274768892.829678,138396613470.1718,61625.8289742885
805,0.0004025000000000001,11636955958.027319,138015127626.6113,61843.233441550314,191328731190741.38,1005486161717.7001,786.571400842593,11528514916.187494,138027417857.05176,61633.22995296754
806,0.00040300000000000004,15847149919.007664,137514685359.5342,61778.70399753708,170267019313846.88,1766508270149.9705,705.9087707183464,15765069587.12294,137527838062.33032,61551.949743006
807,0.0004035000000000001,20019277524.990307,136888414204.97652,61695.08799468538,132059860658317.53,2288147401909.421,610.0455747376839,19978565858.152615,136898787606.8793,61568.08278971966
808,0.00040400000000000006,24186745952.939648,136132670887.89119,61648.37375546116,96060557865353.58,2508798431680.08,539.2483971021006,24166748182.45118,136141090207.07442,61540.80707622331
809,0.0004045000000000001,28336889756.67909,135248248793.4501,61620.8840724354,69245325710567.516,2547406893777.836,497.5986067142729,28326959915.269753,135255468487.69641,61551.472750025925
810,0.0004050000000000001,32454006446.179497,134237820055.02847,61591.86766199107,50868337755007.875,2513788174575.6245,474.8823037566989,32458584487.859417,134242209396.53188,61573.943438210794
811,0.0004055000000000001,36542385684.86634,133100552500.1391,61575.77414194062,38505650070781.45,2469273979696.8765,460.91471485475284,36553476623.006165,133103165653.93584,61550.45924684013
812,0.00040600000000000006,40597614783.77552,131837189383.42749,61572.89671464295,30101974634202.22,2441625509915.31,448.67682030822385,40607999693.596725,131839727599.4642,61522.34279012382
813,0.00040650000000000007,44609677202.86957,130450453816.48561,61569.98224377116,24238847584075.72,2439021001698.5264,434.23431533244684,44617213300.371796,130453737633.30942,61474.643215234275
814,0.0004070000000000001,48570378460.52494,128943386520.12875,61555.18055166441,19996271911529.574,2458418655885.6616,416.2437007483185,48577674036.19197,128946663637.23329,61470.18401981809
815,0.00040750000000000004,52477666612.24036,127317403710.03044,61533.20141201102,16795723713952.18,2491428132834.7217,395.3015005510683,52488672196.8554,127319165597.81215,61477.773375441226
816,0.0004080000000000001,56339874877.61078,125569410788.82683,61542.46911784494,14284178763398.32,2529096877494.4595,373.0592523354358,56344777489.93757,125573546629.20729,61489.42430095019
817,0.00040850000000000006,60131250447.21117,123710436691.01457,61506.397517983234,12251112711096.889,2565159130134.7715,351.30691654185625,60142733041.860504,123711581905.2046,61473.81262436121
818,0.0004090000000000001,63868703179.82753,121733670294.27934,61501.80826645695,10573809445757.32,2596224894721.7466,331.3997290671349,63879927497.96323,121734622309.01627,61514.064158188325
819,0.0004095000000000001,67542901246.00979,119643414427.21715,61503.27275650924,9174546914082.25,2622431846770.2334,313.99633491466346,67554019568.16878,119644088394.7594,61495.37242491533
820,0.0004100000000000001,71144827561.78256,117444873682.16592,61488.025625985916,7999972380128.058,2645186613879.2427,299.18362071347826,71159200694.54063,117443313735.83197,61485.41851954448
821,0.00041050000000000006,74679229451.24405,115135754023.75389,61491.29168147803,7009630306473.571,2666148338672.6685,286.70166302460575,74692866593.4843,115134145971.98994,61514.73428947117
822,0.00041100000000000007,78137372338.11128,112721515254.24937,61486.95280208989,6169936129159.366,2686831178515.5073,276.1381296394792,78152363015.24246,112718492852.15637,61491.45148933148
823,0.0004115000000000001,81522500074.45103,110200189990.48494,61505.02355427593,5453216108467.5,2707939260367.335,267.08303963173364,81534091451.62238,110199045509.2817,61463.52122366767
824,0.0004120000000000001,84822777174.3361,107580234006.24048,61501.18594002923,4836324890889.189,2729751249801.971,259.1901152810519,84834574773.45763,107578469850.96051,61502.2209985784
825,0.00041250000000000005,88042042021.01047,104859245406.2228,61512.77892448385,4301031193303.3774,2751954841154.286,252.20793858256937,88051303206.68028,104859102321.9415,61514.170905040344
826,0.00041300000000000006,91172944963.03064,102043240589.59206,61514.703679125756,3832586843714.674,2774285284429.3477,245.95629947617766,91180824172.821,102043990756.83429,61474.55154703854
827,0.0004135000000000001,94213939169.34497,99134013418.10439,61515.75018904391,3419649789123.052,2796347005010.3613,240.31372065156046,94221237112.9507,99135009399.79063,61537.857384152456
828,0.00041400000000000003,97164541369.32237,96132193145.41333,61529.13193892502,3053326223667.0645,2817873572439.858,235.19362657860586,97169882715.63748,96134830577.80858,61530.07370263633
829,0.0004145000000000001,100016221110.70078,93046381749.09988,61518.117467885546,2726541350825.6875,2838720984594.303,230.52897110112957,100022274441.07123,93048216636.39435,61490.91501098633
830,0.00041500000000000006,102769859104.21854,89876486753.92137,61508.46089950696,2433922739737.737,2858694504088.037,226.2699449387642,102775817232.71722,89878487105.36346,61426.40629229056
831,0.00041550000000000007,105421980386.33414,86626814874.05824,61493.143486292705,2170995470427.8896,2877768221903.0205,222.37237706880694,105428027982.82204,86628631256.54271,61484.20510008951
832,0.0004160000000000001,107971397103.29176,83299319302.27222,61481.03613105182,1934121061606.7136,2895907923146.321,218.79865768667415,107978681814.02463,83299465696.90619,61500.521385968335
833,0.0004165000000000001,110416992572.44588,79895697815.88936,61479.73458252566,1720230749422.801,2913112385396.8965,215.51599093597042,110425253234.71274,79894291488.76515,61479.85796085592
834,0.00041700000000000005,112755261126.84831,76420839360.26964,61477.084896328466,1526715244477.1128,2929387914312.4927,212.49605892614358,112763894919.5542,76418464541.82037,61471.484929034596
835,0.0004175000000000001,114985772488.64708,72875654902.49414,61486.77022049619,1351430230390.9756,2944704311074.8135,209.71615622166732,114994021803.82774,72873408379.34479,61522.584980522224
836,0.0004180000000000001,117104137229.1427,69267018245.23451,61486.15667528206,1192504040163.2554,2959070331076.8843,207.1563181046411,117111684486.37936,69265557458.94812,61431.42698600718
837,0.0004185000000000001,119107630649.87758,65600226491.29793,61469.108316174235,1048425722934.0697,2972448328291.033,204.80097321112927,119114899717.32964,65599091778.20967,61446.617278518555
838,0.0004190000000000001,120996691199.34506,61875423740.244865,61459.17873253488,917913213329.7384,2984818715353.914,202.63698697419318,121003756496.87302,61874455259.77783,61418.883525159705
839,0.00041950000000000006,122770763971.62306,58093865367.157,61466.242758049615,799772702751.3318,2996215435022.7764,200.65117887389468,122776007079.20998,58096394057.144005,61415.78377166952
840,0.00042000000000000007,124425239035.94112,54265215239.301704,61453.22364173078,692939759835.2617,3006664344851.4824,198.8314101879476,124430432565.24051,54267978575.91278,61467.16185802647
841,0.00042050000000000003,125960370523.8243,50390094302.72936,61442.78985171175,596594668172.6329,3016125788657.7197,197.1691870449452,125966929738.63525,50389579895.45449,61481.41508665302
842,0.0004210000000000001,127376617664.33444,46467666461.051956,61457.48095512948,509965178836.4089,3024616415827.3525,195.65613882260678,127383665395.60605,46465367495.41804,61561.17566463977
843,0.00042150000000000005,128670941695.92697,42505607554.57809,61468.594333036795,432333977913.37854,3032166989359.815,194.2838582833399,128678729113.83905,42500489250.01747,61529.97141390499
844,0.00042200000000000007,129842788112.02173,38505965859.09766,61486.08110020936,363147501509.4007,3038756532125.4697,193.04626181838495,129850091982.01004,38501648257.854805,61486.61945580297
845,0.0004225000000000001,130890463123.69995,34474426840.92031,61498.18449140829,301911693435.3039,3044386547829.5576,191.9378676104816,130896504830.24799,34473961279.41302,61477.07648707487
846,0.0004230000000000001,131812545389.86267,30417152267.95786,61494.971580788704,248221071855.56747,3049048838134.2285,190.9541336856222,131818486441.21251,30416955864.653202,61488.717637176684
847,0.00042350000000000005,132608661917.29819,26337456197.347916,61484.467239519945,201736075271.5388,3052736418854.672,190.09119985695415,132614520155.78877,26337747844.021698,61416.97104082028
848,0.0004240000000000001,133278963008.24245,22236000118.412,61485.39185298485,162148254913.1772,3055455592203.243,189.34530268084305,133284313308.70981,22238994697.898636,61468.95820552946
849,0.00042450000000000007,133822221802.52533,18120471763.98661,61474.84013711886,129175388309.87434,3057218081310.2363,188.71276716446104,133827633634.61508,18123347760.752277,61422.483531417216
850,0.0004250000000000001,134238393170.24048,13993941817.215626,61460.93789036982,102604893371.29884,3058013949096.7637,188.19097144134832,134243924000.67079,13996803550.144138,61445.40733098942
851,0.0004255000000000001,134527484021.73395,9858951594.201996,61451.709391532866,82254306119.78848,3057842181682.6553,187.7776472463842,134533310044.20682,9858670770.135279,61486.18377877647
852,0.00042600000000000005,134689595981.2747,5715427247.10005,61465.53742708125,67976009999.822044,3056702018350.0225,187.47084522661234,134695453725.96878,5712520413.04139,61544.799044333515
853,0.00042650000000000007,134724319666.70537,1567618525.6111615,61492.94621751419,59660683044.671844,3054589790415.6714,187.2690182291908,134730036703.6904,1564145413.2955875,61555.03288072436
854,0.0004270000000000001,134631422329.3597,-2579020562.324744,61521.67903683503,57250336618.13912,3051491932005.0127,187.1713064566848,134636915772.10736,-2583149545.665655,61607.523534263564
855,0.0004275000000000001,134411055996.48503,-6717187919.156631,61534.35217795942,60726750314.92676,3047394468892.8374,187.1773254837944,134416346909.14404,-6721621821.102536,61527.10932368392
856,0.00042800000000000005,134063505940.3369,-10846144775.997107,61552.316940812234,70097450713.58917,3042288445029.0522,187.28688177737664,134068860924.00565,-10847810070.982985,61561.9854538306
857,0.00042850000000000006,133589437224.35315,-14958090164.05597,61554.191863771426,85401865536.60306,3036163705550.365,187.5000637456621,133594544867.9268,-14961577650.084642,61566.97956810663
858,0.0004290000000000001,132988937493.21599,-19054754288.96806,61573.67032743775,106700775850.80515,3029012995302.514,187.81714762170827,132994366556.00009,-19055174541.73209,61572.78559763766
859,0.0004295000000000001,132263201304.86443,-23126961988.669857,61578.08331816901,134108336585.49373,3020815613525.3154,188.2391184848705,132268777350.54112,-23126709260.316578,61594.71369740411
860,0.00043000000000000004,131412955049.72176,-27172362150.658237,61579.95560198985,167752347294.03427,3011562844070.108,188.7670098611084,131418294861.87273,-27173179505.37292,61600.703812931264
861,0.0004305000000000001,130438979821.67368,-31188009514.688198,61584.518589694955,207803814443.37573,3001237944785.1255,189.40229841248882,130443912078.52939,-31190522290.41571,61581.6041060756
862,0.00043100000000000007,129341954705.87595,-35171388586.31032,61597.390210593774,254480422342.87457,2989818964175.617,190.1469992419629,129347303713.92522,-35172191883.39904,61589.555179969815
863,0.0004315000000000001,128123683972.09863,-39115900535.04034,61601.23617864203,308054647108.07794,2977278060208.404,191.00373709916104,128128674540.82031,-39118060724.09377,61631.49557267151
864,0.0004320000000000001,126784783447.35242,-43020279880.82335,61611.61817294784,368820376910.10175,2963600837582.6733,191.97509468875623,126789655217.79874,-43022652451.04487,61635.26415264966
865,0.0004325000000000001,125326641206.27177,-46880469642.536415,61624.488923200865,437147206563.15753,2948753738217.9985,193.06448812527066,125331681524.76738,-46881994684.254036,61624.00669125246
866,0.00043300000000000006,123752230701.2649,-50688824475.39823,61617.97415159145,513457727890.1241,2932706385523.6436,194.27580009518846,123757090090.76958,-50690876597.9889,61622.58601838643
867,0.0004335000000000001,122061207074.6333,-54447190521.06829,61626.697022219785,598185692027.2004,2915450787947.066,195.61251352245372,122067099234.07408,-54446823066.59178,61601.30126505017
868,0.0004340000000000001,120257121798.59793,-58147521094.61748,61621.798441241,691912135457.585,2896926913566.9604,197.08001712234125,120263771197.07315,-58145814788.36542,61592.37983623359
869,0.00043450000000000004,118340883477.85161,-61788720312.858154,61620.0391188114,795229059943.195,2877118430627.9087,198.6832596682123,118347313236.67064,-61787732233.66239,61629.73022263739
870,0.0004350000000000001,116314495272.20319,-65367228871.327705,61619.51016945841,908859266632.2292,2855975149248.068,200.428447015539,116321048086.78064,-65366120024.81155,61581.53070093215
871,0.00043550000000000007,114179880524.93192,-68879912257.55118,61620.88144591986,1033627526140.5212,2833449334135.6577,202.32258916056804,114187935211.20676,-68876589873.29488,61613.00803698311
872,0.0004360000000000001,111939667026.89626,-72322678869.23997,61618.97704213077,1170482622167.6777,2809488735997.6777,204.3735583104835,111947449247.17953,-72320180435.78526,61616.303853304
873,0.00043650000000000004,109596325002.46626,-75692113559.81604,61613.41170389766,1320493151934.8914,2784046068127.319,206.58980523523658,109603849370.563,-75690353875.78323,61621.9572526232
874,0.00043700000000000005,107150382739.59723,-78987801354.56761,61620.509272756324,1484882124382.326,2757066726560.8467,208.98071691263388,107156064746.46184,-78988815901.212,61705.53895688293
875,0.0004375000000000001,104605799907.11891,-82204318276.27773,61623.1329397195,1665133473219.2053,2728454833201.5527,211.55814411866342,104609141330.10378,-82208348995.69264,61696.9658834065
876,0.00043800000000000013,101961908983.92993,-85342728442.43698,61646.19643905477,1862888283516.9316,2698153865210.858,214.33419341197038,101964887624.57065,-85347046941.77493,61684.45288842798
877,0.0004385000000000001,99224261385.73444,-88396052638.94592,61660.45913131994,2080179614910.8362,2666034400182.432,217.32445236760373,99228024128.70709,-88399489169.7674,61685.51477915919
878,0.0004390000000000001,96394427883.99321,-91362791172.05968,61676.47806696058,2319224813185.28,2632042134323.8237,220.54408621087467,96399474812.62498,-91364817650.48337,61711.78583004533
879,0.00043950000000000006,93476971333.21048,-94238226989.67442,61681.94406297519,2582662911673.4077,2596069360169.0137,224.01082842964988,93481138592.60507,-94241225465.68275,61737.16735432519
880,0.00044000000000000007,90472811339.2604,-97021795183.94559,61692.57496688303,2873508660932.9497,2558030062181.9307,227.74377139159347,90477748431.91003,-97023997173.59778,61678.23091481204
881,0.00044050000000000014,87385902797.76251,-99709846968.66528,61700.37251312699,3195420166777.6675,2517769029940.1567,231.76644434572145,87392448070.55704,-99710607506.30785,61668.61040413893
882,0.0004410000000000001,84219162551.69345,-102300026764.88222,61706.84327621522,3552692255234.7256,2475148525108.643,236.10524500130492,84228369745.82112,-102298690195.14023,61706.91517734367
883,0.0004415000000000001,80975264263.7182,-104790301465.24913,61714.63299667,3950461318219.6484,2430005131003.701,240.7905191850854,80984830363.42793,-104788970170.89131,61719.632820261184
884,0.00044200000000000006,77660662938.83472,-107175866234.59816,61706.295187364085,4394925286658.252,2382143855926.3203,245.85771131131614,77669141158.86299,-107175646685.92761,61701.22519323889
885,0.0004425000000000001,74273460882.19557,-109458581913.78525,61712.97253465816,4893402271439.218,2331410679242.046,251.34531977629652,74283151801.89728,-109457757757.42056,61705.07540992389
886,0.00044300000000000003,70820359106.02974,-111633796063.86871,61713.26392504075,5455116174832.944,2277483141477.413,257.30296666076885,70830922948.3279,-111632738106.66986,61699.50556580772
887,0.00044350000000000005,67303669554.537445,-113700338728.70975,61714.12644385822,6091216467506.34,2220111766806.2246,263.78650995576936,67315554339.31422,-113698872979.55038,61708.89294065768
888,0.0004440000000000001,63729510800.178894,-115654804203.01447,61703.5260507365,6815587274964.747,2158962025918.886,270.86261042501445,63739267851.42241,-115654974829.30154,61706.317820447584
889,0.0004445000000000001,60097524716.36041,-117497820776.76573,61701.50835637681,7645423482781.746,2093701888225.8225,278.6085771438683,60108823746.683754,-117497509125.15768,61677.21220357706
890,0.0004450000000000001,56414219455.84097,-119226120348.33528,61693.22044830729,8602742100342.053,2023821320428.7021,287.12161390848036,56424403140.762634,-119226723045.8486,61667.7974809786
891,0.0004455000000000001,52675929544.64313,-120841681833.361,61708.93341909053,9715519013047.418,1948819406887.9663,296.51788350090465,52687131581.847786,-120842048187.2161,61776.52944998471
892,0.00044600000000000005,48894118888.74384,-122339165951.06306,61711.617606777654,11020612145106.273,1867913964292.64,306.94791387383816,48901634841.96817,-122341297392.0556,61797.39835796075
893,0.00044650000000000007,45066842842.507256,-123719700484.53209,61725.3554695676,12565835607703.387,1780437049063.3442,318.5912599339217,45073185863.11846,-123722435003.44473,61800.42894057677
894,0.00044700000000000013,41197407687.312706,-124981887107.26794,61748.05067402787,14415363490313.352,1685383151022.5864,331.679434415972,41203935585.12885,-124984591354.74495,61850.29270607887
895,0.0004475000000000001,37296172223.945015,-126122201699.5616,61754.935596916795,16656281373027.062,1581566346165.9568,346.5109183400862,37298459029.14123,-126126296760.25856,61839.13047551616
896,0.0004480000000000001,33361829722.854446,-127141450692.8165,61766.56619557534,19407829521399.355,1467738257517.5115,363.46544588067957,33363044214.45647,-127145779327.21312,61794.06055757622
897,0.00044850000000000006,29401232870.56172,-128037838350.40848,61772.21811182834,22837682113732.207,1342195555399.436,383.0500577155277,29403077518.075336,-128042032616.6493,61776.45488142607
898,0.00044900000000000007,25413207994.440395,-128811837124.56744,61787.9364227108,27185034930382.496,1203041985062.5603,405.9423621171742,25422818956.216114,-128814421850.37117,61698.403389078376
899,0.00044950000000000003,21405877733.930676,-129461675032.24689,61799.0349102075,32798445941918.68,1048040071460.7151,433.06865164345254,21423049933.62566,-129463189473.17314,61771.78911551555
900,0.00045000000000000015,17387823104.251972,-129986197601.00034,61794.238020460514,40191438116437.22,875244869086.3961,465.68425072243275,17404385659.935993,-129988382375.40906,61775.04649856065
901,0.0004505000000000001,13356660894.319662,-130386304319.91026,61793.301156870744,50123095828826.375,684002444417.7477,505.4578036960874,13373125623.309896,-130388974934.33919,61808.17973407993
902,0.0004510000000000001,9313746095.498413,-130661877552.15187,61801.201426763066,63695943647857.875,477417610973.9126,554.4801126550122,9330032766.562117,-130665038371.659,61862.03398707225
903,0.0004515000000000001,5266578517.221481,-130812234488.3221,61807.56667149132,82381608475208.8,269481379374.1544,614.8118801271052,5278709374.578173,-130816019060.78694,61954.52602299149
904,0.0004520000000000001,1220634482.732779,-130837324462.91435,61809.313188024295,107611134508484.14,100908449832.89969,686.504216529411,1225674660.3792834,-130841497286.16205,61885.65498575282
905,0.00045250000000000005,-2820835791.7794404,-130737424335.9686,61808.80822691695,138865436692337.48,65301361589.90627,761.8040230430614,-2821693381.2905583,-130741645435.99742,61901.14682831735
906,0.00045300000000000006,-6854670901.308016,-130512833699.1892,61807.77784549434,168926573968987.2,313198087220.6268,815.1789134593618,-6862434862.497674,-130516697557.66606,61905.68806892159
907,0.0004535000000000001,-10863419127.908941,-130164945405.22467,61783.69868255866,181122377521398.1,920844644980.946,807.1661792765374,-10890210678.22494,-130167115848.81631,61854.44713222512
908,0.0004540000000000001,-14871444975.130661,-129692607079.71405,61785.88060173232,164103341290559.3,1667347581505.724,730.4908587760931,-14900847122.821623,-129693637157.2089,61813.021703162696
909,0.0004545000000000001,-18859411817.278694,-129097165543.269,61785.81174532121,129249158433533.27,2210124937034.404,632.8167732728091,-18890478101.97583,-129097059994.46964,61808.89594656195
910,0.00045500000000000006,-22825350621.914288,-128379152867.65538,61786.60282693591,94809383882382.69,2458317863833.7334,557.3392006258449,-22857724731.050472,-128377875229.13362,61815.83583638404
911,0.00045550000000000007,-26768572820.062325,-127538748607.74016,61793.18215431946,68516704325127.68,2514258598666.9033,511.6240331216097,-26797123018.225605,-127537144183.80469,61776.30562343778
912,0.000456,-30681863105.164894,-126577328068.20218,61799.79941696812,50272708965023.19,2487543775508.9395,486.4917353806741,-30705971083.023285,-126575795363.225,61792.16871300252
913,0.00045650000000000015,-34556819397.69289,-125497134901.60602,61797.61836738769,37927397082630.266,2443032061216.905,471.6146342774034,-34582729211.65964,-125494344252.29077,61808.30289313287
914,0.0004570000000000001,-38394141864.917915,-124298528629.34517,61795.006774890346,29523542353217.844,2411290873870.4336,459.5752872774456,-38423733838.740105,-124293786973.56693,61873.871331313
915,0.0004575000000000001,-42201940927.86689,-122979032042.92781,61820.664899565614,23674704003724.938,2402935901191.0996,445.9768500372514,-42227881163.9158,-122974367170.19946,61923.048382412846
916,0.0004580000000000001,-45966682545.08072,-121542364422.08003,61849.704733066166,19465930911448.42,2417219868025.1694,428.9728456462824,-45987472757.61048,-121538562951.64215,61887.5370436309
917,0.0004585000000000001,-49679369572.130455,-119991967923.36671,61865.19602966821,16313869234555.643,2446985819037.91,408.7376367774241,-49694427832.812836,-119989758652.11916,61831.38953232992
918,0.00045900000000000004,-53337019228.064354,-118329643913.86072,61868.47294723662,13857511287815.75,2483399281880.388,386.6979129781267,-53349628401.296295,-118328027618.93338,61800.48736582469
919,0.00045950000000000006,-56938803382.29072,-116556265031.41681,61869.10355979278,11879801144447.953,2519409707509.278,364.65095734875257,-56946839416.367744,-116556458242.17477,61796.9149826324
920,0.0004600000000000001,-60478414858.80472,-114675208021.2115,61856.53134286199,10251574845470.945,2551237098511.2075,344.0765503967486,-60487613223.98777,-114674655355.50928,61853.73865205604
921,0.0004605000000000001,-63954430793.58087,-112687807615.19086,61839.39081745878,8893772916421.021,2577999952353.8013,325.83343876972606,-63968241286.70684,-112684472226.75975,61852.81975709635
922,0.0004610000000000001,-67370494092.76594,-110592267353.48196,61846.05475578754,7753394765803.289,2600751079319.7627,310.1738596953904,-67383551051.57454,-110588894210.53275,61812.279456342505
923,0.00046150000000000005,-70717532618.70146,-108393738100.99022,61848.59445687373,6790480336617.014,2621320327752.179,296.92722568789003,-70730266228.96915,-108390091473.54492,61891.07720594569
924,0.00046200000000000006,-73991499406.6056,-106095156455.98093,61843.47216746769,5973243698172.723,2641145486459.122,285.72722148266115,-74007061198.63826,-106089115467.76295,61863.51388455244
925,0.0004625,-77196150722.32262,-103694164795.9572,61863.39783858406,5275400803203.748,2661134958749.603,276.16633477096207,-77207678545.79617,-103690407980.72641,61817.41780511338
926,0.00046300000000000014,-80319069619.08403,-101199654893.74399,61858.974414994256,4674801308578.492,2681769017120.8237,267.87716292493315,-80328515265.12933,-101197092143.30228,61819.53584631119
927,0.0004635000000000001,-83363182984.63687,-98609997699.98665,61863.56529297455,4153890493340.188,2702855060106.645,260.5812018277948,-83368545588.33344,-98610463559.52963,61773.59925287454
928,0.0004640000000000001,-86322039738.47012,-95930686154.42688,61856.38919100831,3698384253602.345,2724171550399.271,254.07453082583967,-86325850477.94466,-95932424385.34811,61865.69231052058
929,0.00046450000000000007,-89193243249.29097,-93164423657.51154,61841.052534567454,3297187903440.851,2745341708647.2236,248.2176363254277,-89199547353.44388,-93163833076.9985,61871.25322216411
930,0.0004650000000000001,-91978628339.42018,-90309857626.38904,61844.95548017117,2941601821027.887,2766068566873.3457,242.91294849885296,-91987117654.63933,-90306777470.31209,61929.24619005014
931,0.00046550000000000004,-94673414014.89719,-87371627699.50374,61851.28705437617,2624599054237.375,2786215353709.219,238.08547812411956,-94682933317.41599,-87367048559.68451,61877.59694773266
932,0.0004660000000000001,-97275340247.85963,-84352286532.89471,61861.19149383096,2340709450503.2285,2805625465586.8735,233.67840071032668,-97283345649.39806,-84348861006.39272,61834.23640512283
933,0.0004665000000000001,-99781283218.34798,-81255517444.62984,61869.27811952087,2085552706648.5107,2824207855723.7544,229.64568638307253,-99786873576.79256,-81254594013.84512,61830.39188283942
934,0.0004670000000000001,-102187614160.06187,-78086044635.29031,61866.44188455585,1855600323006.6824,2841898582727.438,225.9490957833702,-102192346658.21255,-78086019076.35449,61847.28172853506
935,0.0004675000000000001,-104492219403.4734,-74847205902.28108,61854.994270654126,1647986068478.321,2858645849948.119,222.55669448706422,-104495225274.40106,-74849432843.4955,61719.115269464615
936,0.00046800000000000005,-106693773825.17456,-71541433459.3466,61842.07944612241,1460294492623.4946,2874432570658.1987,219.4406950652828,-106694708321.89473,-71546921483.84604,61809.370792508016
937,0.00046850000000000006,-108789140646.1522,-68173913936.27248,61817.61514272867,1290440164947.9675,2889264655727.806,216.57647065747415,-108791950328.6648,-68176855914.23541,61789.74087319489
938,0.000469,-110778964867.9659,-64744381157.07691,61805.24616458687,1136675102518.962,2903123729977.9746,213.9436410864594,-110782626502.70639,-64745894865.22854,61813.37616437603
939,0.00046950000000000014,-112660107559.2537,-61258364138.627914,61789.331324736035,997408592332.5225,2916040650382.4604,211.52332479028038,-112664573258.17476,-61258569929.44504,61748.62597904016
940,0.0004700000000000001,-114432705395.7299,-57716121214.323746,61788.186275479966,871325034118.809,2927998376900.936,209.3003935956056,-114437029677.70935,-57716425413.68827,61805.39786332569
941,0.0004705000000000001,-116095266306.41666,-54120464694.88321,61800.36092168151,757237390829.4052,2939014812731.652,207.2610792240526,-116099383607.55426,-54121023149.38575,61826.432809425925
942,0.00047100000000000006,-117644038446.68796,-50479355974.085396,61797.48175599001,654133787785.0629,2949091073066.4395,205.39366025848386,-117649314444.27391,-50477268813.74707,61875.445805357755
943,0.0004715000000000001,-119079511890.99567,-46792468219.70735,61804.99927228125,561219257123.4161,2958190803174.281,203.6894851891058,-119085829714.67201,-46787298251.23455,61849.26742069602
944,0.00047200000000000003,-120400427692.76239,-43062882603.20664,61821.98070780821,477742994454.4021,2966333848959.6904,202.1397366644797,-120406212726.78603,-43058490857.904106,61821.703800411036
945,0.0004725000000000001,-121604819604.79802,-39295945594.2258,61836.005579622426,403059513085.8979,2973526702015.709,200.73649379068203,-121609350483.04231,-39294574372.11073,61801.387170862334
946,0.0004730000000000001,-122690607460.53316,-35498623565.638306,61830.54135399453,336636825944.8913,2979758630847.884,199.4733599890001,-122694574507.01212,-35498898537.58749,61776.699648948386
947,0.00047350000000000007,-123658295524.39027,-31670576811.28123,61832.981382665115,278038788267.96277,2985013676163.5537,198.34524916291144,-123661107427.62883,-31675228439.115364,61768.01954535482
948,0.0004740000000000001,-124505298358.78049,-27822444899.590076,61804.568157223934,226839318460.62384,2989311173773.491,197.34669608865988,-124508628148.44966,-27825812586.230484,61747.1155403287
949,0.00047450000000000004,-125233072691.6091,-23950566989.74501,61793.89165208823,182720433417.57877,2992632548323.569,196.47379146788313,-125236559497.27126,-23953667466.470016,61791.77452442819
950,0.00047500000000000005,-125840242753.46979,-20062297592.419228,61776.31085670984,145345618753.74054,2995003365288.0195,195.72198279495427,-125844074232.27644,-20063856846.704613,61780.65658550721
951,0.0004755000000000001,-126327425362.39185,-16155406166.29951,61784.98497230725,114460734274.15851,2996415729186.558,195.08789820243967,-126331234371.97961,-16156996083.040062,61802.44684984381
952,0.00047600000000000013,-126693295789.01544,-12238913072.054342,61783.955896031126,89832438893.87643,2996876810355.1416,194.5683672462313,-126697242012.21817,-12238974462.250732,61820.72424483363
953,0.0004765000000000001,-126938258579.39186,-8310708545.633337,61806.666774492674,71304910798.66806,2996369283942.1978,194.16140550565723,-126942154769.1243,-8310066973.910334,61850.66976077034
954,0.0004770000000000001,-127061422695.83296,-4381432483.518462,61809.75200953429,58744609345.8693,2994891853380.1187,193.86515593611827,-127065332995.68713,-4378958808.70117,61846.44025949134
955,0.00047750000000000006,-127063099616.34663,-452350416.18705225,61812.52483588008,52074278501.64859,2992429542758.681,193.6784975767445,-127066890835.15215,-449729163.565914,61824.98814779548
956,0.00047800000000000007,-126943439471.84306,3470577962.117969,61803.67766118968,51237317437.70001,2988978336425.4766,193.6004195982281,-126947164071.78673,3474429192.296794,61759.46666133395
957,0.00047850000000000003,-126702719926.4013,7387906839.0995455,61809.22067391991,56206752584.30409,2984532491093.7905,193.63019732999777,-126706468431.68288,7389320428.624181,61845.80540674805
958,0.0004790000000000001,-126341090840.52948,11295873705.898874,61824.32188843621,66990963274.7069,2979082384478.1343,193.76753926683537,-126344848899.4833,11296584601.987463,61827.728213459166
959,0.0004795000000000001,-125859189482.40875,15187223749.411112,61827.5600304905,83638333581.16087,2972612887838.5044,194.01271046987645,-125862892932.72884,15188218266.633736,61818.90250854828
960,0.00048000000000000007,-125257449884.37589,19060483732.90115,61834.38820636506,106220820834.35936,2965113737013.067,194.36620647500982,-125261190867.68085,19061056429.76312,61855.61845749858
961,0.0004805000000000001,-124536748528.2594,22910464123.075222,61835.790455001916,134850547737.5148,2956569032105.1323,194.82897670800577,-124540309759.8064,22912187584.010727,61819.732763985434
962,0.00048100000000000004,-123697998680.05927,26733392148.485924,61832.87660688814,169667984917.57037,2946965432688.5967,195.4022427939197,-123701945689.6686,26733326103.913322,61756.685340326745
963,0.00048150000000000005,-122742687599.41486,30523595999.742237,61816.17579445381,210849161059.06842,2936287439203.8936,196.08758273889015,-122746697505.45453,30523793178.06306,61778.58692516655
964,0.0004820000000000001,-121671366110.68619,34280463462.614174,61805.65298260875,258593989707.7691,2924524500659.3203,196.88671696989826,-121676123660.1906,34278494660.22537,61727.225770859695
965,0.00048250000000000013,-120485892483.32843,37998019525.11263,61786.33445522129,313169659065.35913,2911648013002.444,197.80224900375748,-120491581904.87991,37993791367.21752,61661.7043043592
966,0.0004830000000000001,-119188227995.61086,41671386363.12689,61753.36479594195,374868271239.01135,2897642322983.9736,198.8368945828117,-119195041054.03328,41664762212.26131,61608.991264636694
967,0.0004835000000000001,-117780013316.63768,45297456696.0239,61712.42555124566,444017234705.67413,2882493628748.0444,199.99351473546716,-117787269806.34698,45290653272.403175,61628.62289433953
968,0.00048400000000000006,-116260949046.72974,48878169127.160774,61694.49687490868,521003481154.737,2866178503591.4204,201.27557125284395,-116269523411.255,48869041870.08164,61614.51315868407
969,0.00048450000000000007,-114635313728.70647,52403484213.21101,61655.73105971166,606348157839.4261,2848635272429.8516,202.6884301569965,-114642700767.82884,52398169740.68473,61637.19794839657
970,0.00048500000000000013,-112902963156.14198,55875119103.77286,61629.47037677115,700544584128.5045,2829864410558.0815,204.23628749743452,-112908990887.47801,55873235146.16748,61652.08540503574
971,0.00048550000000000015,-111063768938.11125,59293503392.74328,61632.10794001897,804242544713.3125,2809807979147.675,205.92515115696222,-111069318874.47917,59292918880.18744,61645.98243579323
972,0.0004860000000000001,-109120878773.59607,62652291547.68695,61637.472013291386,918247026737.5922,2788386105462.086,207.76303744853473,-109125768387.87756,62652993112.99351,61662.0858745031
973,0.0004865000000000001,-107076412267.73369,65947964462.60631,61642.60487396338,1043405142846.3983,2765566015275.206,209.7574901083231,-107081093453.71349,65949218163.96392,61663.23193257727
974,0.0004870000000000001,-104932142949.15184,69177861372.50879,61649.95265104401,1180671487225.5781,2741307611978.6343,211.91640757963404,-104936716005.45163,69179298162.52867,61672.89932709835
975,0.0004875000000000001,-102690338334.1256,72338685902.31407,61657.27241179899,1331146810068.3848,2715554626021.436,214.2488624961378,-102695919824.70511,72338713104.86334,61598.309138540404
976,0.00048800000000000004,-100355051025.65103,75424947901.7755,61649.55189739556,1496087293322.8933,2688247482865.2793,216.7650727748437,-100361847473.64163,75423591149.88393,61598.22282057794
977,0.0004885000000000001,-97927218400.99802,78436021631.32175,61643.93993551471,1676869378398.136,2659349940732.617,219.47538625191257,-97934678080.47005,78434144697.78006,61602.20428064413
978,0.0004890000000000001,-95407878865.00803,81370803333.52791,61649.90776082486,1875157925988.6238,2628771540899.743,222.39281495898837,-95415978441.05681,81368443217.72704,61674.05365711662
979,0.0004895000000000001,-92800997142.65947,84224610855.6882,61652.400873506915,2092946482109.9167,2596397982801.495,225.53330314426623,-92810054398.17415,84221494599.90475,61623.48757863557
980,0.0004900000000000001,-90111836786.4943,86992005156.10678,61634.63934567949,2332486571822.0723,2562153431048.137,228.9134969822994,-90119723313.5554,86990608816.42729,61617.7225374832
981,0.0004905,-87340038399.92967,89674069960.86829,61624.14147684785,2596294644114.5034,2525990412965.0225,232.54999832781664,-87347304252.5193,89673526775.69174,61608.455488583735
982,0.000491,-84488738966.54768,92267902524.71205,61615.93128961097,2887484423018.4688,2487756481421.465,236.46445655492576,-84496808458.34724,92266942093.9374,61561.06068632387
983,0.0004915000000000002,-81563290234.2202,94768889875.36588,61594.28162154842,3209719755116.1885,2447313548824.897,240.68175838127758,-81570816658.09227,94768760709.33769,61531.25994023818
984,0.0004920000000000001,-78563006904.54993,97178177980.02982,61584.6146714568,3567228133488.9453,2404561219650.6377,245.22819111797347,-78572905024.6515,97176412276.52216,61529.34339162046
985,0.0004925000000000001,-75493955957.20757,99490956009.00441,61565.80479173178,3965250037228.485,2359284140632.938,250.13698855236711,-75502092327.69347,99491012162.36923,61561.058676091234
986,0.0004930000000000001,-72352755330.85165,101710161193.07784,61574.710988975115,4409921953154.752,2311334763755.031,255.44418020052245,-72362359693.33157,101709368570.24788,61550.71358126002
987,0.0004935000000000001,-69146978424.99849,103830053556.58649,61578.962345713946,4909030950760.919,2260390428600.9395,261.1969175499341,-69158439991.724,103828275159.03723,61561.36162240446
988,0.0004940000000000001,-65880792583.583755,105848121134.10324,61574.957552082866,5471818203471.475,2206250040341.427,267.4461760672536,-65892666348.10428,105846528136.4717,61568.979703756326
989,0.0004945,-62558707778.96142,107761955776.34264,61559.23921280213,6109556709355.358,2148672504579.442,274.2498740194792,-62568181759.47381,107762230353.68243,61565.88311311425
990,0.0004950000000000001,-59180152956.54984,109572340514.00009,61552.77243405452,6836123835941.569,2087372362889.1646,281.67566260643395,-59187044654.425575,109574331662.16519,61549.83992587979
991,0.0004955000000000001,-55744897408.18395,111279356482.23376,61567.72449991711,7669162812749.558,2021899626173.869,289.8091448600052,-55754660456.14443,111280047408.69409,61595.12138837546
992,0.0004960000000000001,-52261908677.53392,112878223170.53072,61573.79051745739,8631335808334.609,1951688678722.5332,298.75845987670874,-52272498937.024155,112878774800.28793,61573.59615097855
993,0.0004965000000000001,-48737169128.68963,114366525578.55656,61563.18680833787,9751301192223.299,1876267542734.8865,308.6492815122382,-48744230643.297585,114368945011.60344,61631.97713385528
994,0.000497,-45166210734.571014,115746629572.27058,61571.13141821064,11065930389450.748,1795084697134.9941,319.63198663778434,-45170436420.74749,115750289442.66026,61680.85096486197
995,0.0004975,-41553699684.81068,117016429203.07303,61587.505319164375,12624354126886.531,1707229585637.8918,331.90378983401536,-41556059222.13833,117020762883.88214,61703.17846398815
996,0.0004980000000000002,-37903643187.56231,118174363851.14488,61607.808395228545,14492204287292.648,1611713977130.3496,345.71526577758965,-37905353023.45782,118178788836.52097,61701.740486683004
997,0.0004985000000000001,-34222013021.979847,119218480124.9012,61622.40193754832,16758518060439.39,1507383270615.0886,361.38694045379725,-34222027540.241127,119223346452.9458,61684.42156308808
998,0.0004990000000000001,-30511355469.536808,120148220337.17473,61635.96368842092,19545820467991.957,1392912272090.3647,379.3322170142225,-30512052041.29334,120152798728.41393,61671.50344580831
999,0.0004995,-26771467436.316322,120963664692.45995,61660.31915815502,23026115773460.125,1266668876416.4705,400.0980588444315,-26775448051.989204,120967358882.64511,61748.88234933231
1000,0.0005000000000000001,-23008316187.028824,121663232810.79315,61685.33177659579,27445746751489.0,1126677328361.3523,424.4236252956428,-23016226130.162884,121666108017.75584,61699.72533769384
1001,0.0005005000000000001,-19234675143.956356,122244587586.01915,61684.81676107079,33162330857104.6,970950066552.0378,453.3059658445199,-19242407801.32037,122247711052.85841,61670.80472986418
1002,0.0005010000000000001,-15443046507.363,122709617567.43112,61695.23381964736,40698991879154.09,798101877246.5035,488.0727724833315,-15456754470.717377,122712123621.40755,61634.16263371498
1003,0.0005015000000000001,-11641866179.490152,123057079923.90457,61701.463382034926,50823896559134.23,608073798072.7651,530.478216593858,-11661264459.851444,123059447154.40535,61650.53907027256
1004,0.0005020000000000001,-7832823330.597859,123287022402.69897,61709.23593830627,64626881037338.914,406008599824.637,582.6081461235934,-7856975466.036126,123289621060.14722,61679.90989485222
1005,0.0005025000000000001,-4023596070.5443935,123399032485.1872,61708.8069993884,83482930541826.16,210127770873.9934,646.192952481747,-4050156243.916412,123402259590.86128,61643.881428490095
1006,0.0005030000000000001,-213171828.02574536,123393562417.30226,61712.576427915534,108468997597269.22,68901351269.23065,720.0381717352602,-244994274.64863735,123397538087.96909,61616.573594165806
1007,0.0005035,3589967196.408075,123270602347.17932,61709.468855335355,138145211066672.45,84884757991.95589,793.3466286273789,3552940186.430555,123275688478.65747,61620.23094720202
1008,0.000504,7379394042.738863,123030846796.22421,61696.02787768915,164018643453955.78,400757840148.79083,836.7911101321589,7345858911.175804,123036935588.57072,61654.812513959245
1009,0.0005045000000000002,11146570273.337254,122675592583.85515,61665.7856320263,170346089696462.9,1042310552376.086,813.8187895762403,11128184618.473703,122681571688.52458,61660.85307579865
1010,0.0005050000000000001,14909395523.958998,122203969900.60486,61657.24757952729,150349692786847.03,1750639610064.7134,728.812938042803,14895213971.108042,122210158882.90213,61637.31189813932
1011,0.0005055000000000001,18642676040.081047,121618613771.09708,61631.7964494264,117088388260337.12,2229173793620.489,632.432838558443,18643717074.557148,121623127291.30086,61670.70009840306
1012,0.000506,22355961524.004375,120919033780.5577,61611.942674624406,85959172013827.1,2435071244596.1885,561.1772242359536,22372309369.778374,120920949168.1628,61646.251296113005
1013,0.0005065000000000001,26054881710.58901,120104015068.33644,61612.05511944963,62523496430538.836,2473640651451.506,518.5946395744878,26072009386.714073,120105282845.15726,61618.97438435955
1014,0.0005070000000000001,29725553450.595177,119175816452.57527,61613.47334040707,46241169450993.03,2443057187101.5938,495.08843988739915,29739380240.250126,119177382992.74785,61537.0631874678
1015,0.0005075000000000001,33357088785.330395,118137341012.7899,61601.33848281859,35151807063751.383,2399698630770.0522,480.8800566710437,33371336587.381546,118138430228.35655,61508.54392191371
1016,0.0005080000000000001,36952348246.0588,116988517779.06506,61588.14997758822,27544147773874.816,2369905516016.544,469.05693646061104,36965576011.16874,116989607515.87956,61459.00286918546
1017,0.0005085000000000001,40509270387.48202,115730191714.56503,61577.26136866724,22208731326329.516,2362645637541.6333,455.5346178840995,40518584507.22839,115732336696.97253,61455.058616412316
1018,0.0005090000000000001,44017446170.983315,114366182351.28726,61548.90237464118,18343903159370.215,2376643913643.9155,438.6274394371601,44031356305.85728,114366506040.27205,61495.152217176954
1019,0.0005095000000000001,47486558249.661385,112893429001.14699,61543.42233897624,15434444068835.156,2405084816959.465,418.53933498410777,47497410276.09249,112894685189.88647,61432.694565087404
1020,0.00051,50910419251.19099,111314007596.22481,61550.98796714667,13156704447529.455,2440095967443.2646,396.6221332062231,50912485819.423225,111318887081.56236,61443.55163466097
1021,0.0005105000000000001,54269701907.970505,109636743529.04037,61512.64163522831,11314223153101.367,2475110338856.043,374.594485169182,54274468917.23888,109640519300.7716,61382.6542119715
1022,0.0005110000000000002,57577273388.49418,107856651583.48419,61492.96888389809,9791043100336.062,2506071549700.7104,353.9270815434774,57578519224.25597,107862353826.18039,61346.40538829054
1023,0.0005115000000000001,60824121992.9785,105978405829.61612,61466.24418357776,8515027869800.777,2532242199907.3574,335.49030896649657,60824287298.44951,105984923829.14935,61324.35967011006
1024,0.0005120000000000001,64006669034.66842,104004571920.6283,61430.64122668513,7438430126189.854,2554439734683.122,319.5778730179767,64008296773.126595,104010534692.0772,61330.09879356315
1025,0.0005125,67127982356.65916,101933743042.66786,61413.31132312807,6525962684329.225,2574196223488.0215,306.07099976838157,67128569608.01252,101940600550.28278,61309.64539844115
1026,0.0005130000000000001,70181576587.85616,99770081546.6427,61395.029489766246,5748850921134.163,2593086525191.288,294.62894616773065,70183343203.88235,99776268025.6191,61353.806764237466
1027,0.0005135000000000001,73161938427.69676,97517840517.25458,61362.57330259855,5083278314981.474,2612059376336.8716,284.8557563882929,73168198423.3716,97520945203.1047,61334.849190933644
1028,0.0005140000000000001,76071540722.12839,95175774758.62265,61343.69048105784,4509511116945.836,2631485470326.622,276.3931487347115,76080955138.47514,95176354143.48561,61313.734574829956
1029,0.0005145000000000001,78908527760.8507,92745322523.87175,61340.35924148421,4011040797043.326,2651451321620.159,268.95103352812384,78917813123.95497,92745689907.04842,61328.538187414386
1030,0.000515,81667594584.56499,90230902366.3205,61335.12421410083,3574498681260.9375,2671760444253.9487,262.31569046943497,81677333130.74834,90230596978.07814,61338.47836290778
1031,0.0005155000000000001,84347024074.95924,87634323105.0487,61332.751461193424,3189421259352.6357,2692050422017.6504,256.3403631381343,84357145419.37112,87633335272.9979,61348.86940042411
1032,0.0005160000000000001,86945184536.8172,84957278132.50627,61337.59988791739,2847567480701.1724,2712020225366.773,250.92314549303208,86954579490.36964,84956631399.43927,61314.88851079046
1033,0.0005165,89459245563.40256,82202669862.86339,61345.56883011801,2542428719798.5386,2731455493384.056,245.9898360763281,89466435309.77727,82203905485.3859,61315.86097261615
1034,0.0005170000000000001,91885837763.10919,79374273034.93228,61348.96239285689,2268869254526.854,2750199952020.8906,241.483709816915,91892117721.46214,79376380801.64047,61318.60578403346
1035,0.0005175000000000002,94221681262.1619,76476230126.32892,61340.85178140877,2022810000973.402,2768142005989.6753,237.35935840866293,94228717428.29686,76477441592.56184,61356.56786151244
1036,0.0005180000000000001,96465833912.96945,73510250313.56673,61331.40619230952,1800959045047.509,2785208550761.284,233.57893263708758,96474322086.81935,73509414930.90997,61316.29675236563
1037,0.0005185000000000001,98617999340.60645,70477007949.32074,61333.9368058177,1600532156766.0532,2801388110625.837,230.10867373908843,98625202648.64853,70477646463.39494,61303.24826346746
1038,0.000519,100673184195.21791,67383526855.816666,61321.09885387251,1419124451810.9094,2816697507760.485,226.9181551664316,100680594958.89081,67383712133.38441,61304.38296132189
1039,0.0005195000000000001,102631326276.73026,64230623333.88207,61310.26606548684,1254812187549.8064,2831082490217.643,223.9836800178153,102639269498.47379,64229831615.11407,61301.38008388702
1040,0.0005200000000000002,104492003655.7354,61019225441.04688,61312.84894429405,1105887233237.938,2844549449683.33,221.2841077300914,104499364850.04248,61019138282.25707,61308.52321044576
1041,0.0005205000000000001,106252562934.37514,57753792930.155174,61316.8293567653,970842985799.5125,2857116383093.4355,218.80043743100282,106260042829.04164,57753315322.474655,61319.01454688974
1042,0.0005210000000000001,107910806145.60857,54438622011.16556,61315.21694782162,848427347348.7585,2868765787738.6606,216.5172919099517,107918919107.90404,54436683612.95701,61331.3763102267
1043,0.0005215,109467010111.89586,51073554692.988144,61328.23737085791,737584305684.9674,2879478555954.6084,214.4220674213321,109474204484.65605,51073104926.85112,61340.453157358876
1044,0.0005220000000000001,110917930073.44475,47665368444.33458,61331.48410631789,637344999451.7307,2889275191916.065,212.5026815527909,110925336472.4172,47664113242.77412,61362.283477201214
1045,0.0005225000000000001,112264415872.81044,44212553441.882744,61354.1027138181,546934461125.85626,2898131910386.137,210.74970112275017,112270063412.72989,44215178239.1514,61306.485526455
1046,0.000523,113502290821.94788,40725341980.11672,61351.90713236568,465612981396.2136,2906073900392.9897,209.153616175536,113507226643.17787,40729847115.558426,61346.7777611555
1047,0.0005235000000000001,114630909185.41833,37206982296.7586,61333.31946665351,392833647933.6344,2913063073019.4717,207.70784016769684,114637461978.57098,37207118493.28493,61374.18187483396
1048,0.0005240000000000002,115651481092.20015,33654955255.777077,61335.417727847875,328093746887.1533,2919099227192.8496,206.4061695268459,115658795330.76271,33652298289.581303,61398.1777480203
1049,0.0005245000000000001,116562975447.98029,30072265994.001934,61353.50032362286,270888152869.7937,2924217878093.5737,205.2415610339131,116570237516.70692,30069003628.877426,61426.69148096459
1050,0.0005250000000000001,117364351265.99886,26462275965.607796,61382.50911619012,220797103884.7482,2928422762747.5605,204.2081269703714,117371466278.29344,26458296700.99005,61458.0874815909
1051,0.0005255,118053866664.13658,22832242958.701073,61398.278032498565,177477573362.34482,2931704796918.6567,203.3013311170109,118060977222.19609,22827229501.773067,61442.79952217516
1052,0.0005260000000000001,118631508818.34656,19183255212.745815,61417.57444337578,140669777649.8182,2934042722286.8115,202.51800611225988,118638055475.277,19180287852.643982,61371.41879012528
1053,0.0005265000000000002,119096216469.81926,15522124450.946022,61421.33218324776,110135416969.88129,2935438441271.4014,201.8549798456935,119102207916.34958,15522282969.987535,61372.040376407356
1054,0.0005270000000000001,119447641997.98174,11854229161.305838,61404.37508604121,85690552825.96294,2935883734348.271,201.3096796183072,119453705023.79227,11854102612.266806,61404.456558823156
1055,0.0005275000000000001,119686613494.72887,8175136197.086467,61415.42743473579,67179969645.21258,2935376085578.2954,200.87982536993164,119692485814.15086,8177044699.234977,61387.460518022075
1056,0.000528,119812223901.99368,4495590487.592482,61406.82809279727,54456164740.14376,2933925918518.4644,200.56297467283545,119818101388.33655,4498805031.583214,61346.77945877684
1057,0.0005285000000000001,119824813559.77252,817765631.5584719,61391.773216649075,47431827713.09022,2931519458749.9897,200.35770621367774,119830811258.19576,821642755.9177942,61362.5101023202
1058,0.0005290000000000001,119724654842.95613,-2856264425.7032733,61379.71727066947,46040918407.83104,2928152168618.7256,200.26290312687922,119730752647.56993,-2854644694.6648974,61384.91639774587
1059,0.0005295000000000001,119512027152.7444,-6522332200.270326,61365.889020239716,50248155731.964355,2923818294824.436,200.2777834158917,119517995561.09001,-6524430429.442201,61401.38432974922
1060,0.0005300000000000001,119187046637.89618,-10181507228.269423,61374.93045335386,60051038151.51049,2918509263676.4316,200.4019741756853,119193058517.0701,-10182329700.696905,61347.666852783215
1061,0.0005305000000000002,118750205794.11156,-13826362201.284134,61378.26553307247,75491263526.00786,2912209176601.5425,200.63570340309968,118756425870.78748,-13825592975.400368,61384.05043100271
1062,0.0005310000000000001,118202167644.7176,-17452957825.549553,61374.88548154759,96636866289.34705,2904905826938.2383,200.97949176409998,118208314081.59978,-17453320393.943054,61395.21491882378
1063,0.0005315000000000001,117543476415.07503,-21059160978.161198,61373.666988110774,123582774450.93747,2896588413768.392,201.43408577140605,117549069761.65726,-21062749264.341988,61431.267357542885
1064,0.000532,116774127701.71715,-24645361975.562428,61394.294590540245,156461742272.60376,2887240970530.6763,202.00068117555597,116779408446.18913,-24649883075.67966,61490.22109261883
1065,0.0005325000000000001,115895279424.89276,-28205073602.78609,61413.13722374585,195466903633.3678,2876833636412.0615,202.68136169497998,115899921805.09692,-28211472681.66681,61501.04134787199
1066,0.0005330000000000002,114906894223.69087,-31738476442.532146,61450.0434420876,240809821637.911,2865350463765.1177,203.47828047631484,114911806727.27628,-31742930334.023525,61461.91921393146
1067,0.0005335000000000001,113811574725.00899,-35235416902.047966,61462.20749018975,292771443607.6466,2852757023626.329,204.39447149331747,113816512005.18239,-35239267339.00593,61456.783289364415
1068,0.0005340000000000001,112610165077.98047,-38694406829.34746,61466.995335690444,351612622708.0762,2839054548851.972,205.43224149356442,112615638986.43997,-38696658205.94817,61433.894958386816
1069,0.0005345,111303389054.32181,-42113906288.59863,61476.024414621235,417658026199.7383,2824220604760.5137,206.5946016363077,111309997861.53366,-42113031831.18638,61437.238254414144
1070,0.0005350000000000001,109894481038.54453,-45485687595.10284,61459.87428502532,491306849462.4077,2808218158417.8726,207.88566419050056,109901098336.72456,-45485136998.69828,61425.77997735883
1071,0.0005355000000000001,108382563309.12407,-48813074772.27186,61462.159796130574,572952797230.0944,2791044960355.0947,209.30896583518228,108390051225.6405,-48810687441.65719,61396.159554614766
1072,0.0005360000000000001,106770732068.16441,-52089062920.15551,61455.27922672946,663150364616.7219,2772635835988.744,210.8703411618952,106779037273.60228,-52085413157.35478,61442.040199282754
1073,0.0005365000000000001,105060697549.83342,-55310826079.05197,61442.94060816278,762470021347.7356,2752969933597.79,212.57532904612415,105067500222.45789,-55310507161.83551,61515.074805912045
1074,0.0005370000000000002,103251912108.86794,-58479853397.99227,61452.42222505916,871570467192.8427,2732014027787.9194,214.4300163268939,103258046524.82738,-58480792553.6905,61482.02140218864
1075,0.0005375000000000001,101347647418.2237,-61590052598.316956,61459.272461640605,991294263494.1365,2709686842166.8867,216.4429063628988,101353244591.20392,-61592039242.06208,61491.810240138395
1076,0.0005380000000000001,99349167127.22849,-64639575268.306366,61470.38384033616,1122533048087.487,2685954506143.4097,218.62223444766613,99354627776.53232,-64641738716.98864,61491.96145407092
1077,0.0005385,97258015367.54454,-67626066926.06613,61487.55476615769,1266330317702.1619,2660759929550.142,220.97733685830596,97263497669.48436,-67628171013.80712,61539.31810318474
1078,0.0005390000000000001,95077095955.07036,-70545322893.87935,61500.679503921565,1423893730759.3474,2634036329072.838,223.51891494445007,95081583849.60994,-70548820875.52719,61559.23700654903
1079,0.0005395000000000002,92807495958.86087,-73396041285.35106,61519.58983416016,1596571214593.1438,2605731955698.8823,226.25824570826325,92810948718.82152,-73400734250.67773,61595.83884455108
1080,0.0005400000000000001,90451490222.18771,-76175273390.57278,61541.16869582484,1785961712745.0295,2575761063845.6865,229.2087651325531,90454680058.48273,-76180142209.68306,61597.7340800249
1081,0.0005405000000000001,88011048194.12363,-78880640600.44951,61566.33888346736,1993908752231.799,2544039990774.721,232.3855714600093,88014999460.39224,-78884460155.65704,61627.691607374945
1082,0.0005410000000000001,85488394404.85246,-81509576868.09482,61594.28479080261,2222565257158.295,2510473266591.072,235.80579926228117,85493204598.94879,-81512358445.94173,61679.31483854213
1083,0.0005415000000000001,82889290576.36928,-84056054579.2352,61601.298017249326,2474446355882.747,2474957070833.355,239.48880170537083,82890772331.98157,-84062121217.38243,61698.09897077215
1084,0.0005420000000000001,80211447814.22542,-86522769607.35133,61625.90875699268,2752348170693.4775,2437440628113.677,243.4538192207123,80214535780.15666,-86527015127.19751,61628.33033078715
1085,0.0005425000000000001,77460694981.88069,-88904044046.75262,61641.539805863846,3059808809180.4307,2397729162694.7593,247.72699927089516,77466214659.98952,-88906037478.97018,61620.52246553002
1086,0.0005430000000000001,74640207719.8168,-91197373202.44083,61648.211834971,3400864984482.945,2355714347948.557,252.33599127008057,74648490819.36761,-91197214316.53264,61588.85572966575
1087,0.0005435000000000001,71753046495.02536,-93400571491.46884,61647.21477249564,3780308896878.512,2311260360838.1157,257.3117946298733,71762952731.27823,-93399423003.09335,61606.82092170917
1088,0.0005440000000000001,68802336655.93462,-95511582009.29045,61639.53776214087,4203883716905.358,2264200264093.3657,262.6902813176765,68813248969.17525,-95510098271.30472,61556.614940413354
1089,0.0005445000000000001,65790148244.93532,-97529255851.24352,61631.78035254192,4678524450377.957,2214337556120.5684,268.51337754914545,65803237682.421684,-97526672123.12436,61563.3018950025
1090,0.000545,62720116998.698166,-99451379180.16104,61620.552110347104,5212734823100.544,2161421801547.6973,274.83131320817375,62734468713.834045,-99448480452.18385,61547.58209508235
1091,0.0005455000000000002,59595159735.72379,-101276422423.07759,61607.46295976102,5816923229251.323,2105188123594.5273,281.7028254328312,59610016997.41683,-101273786718.3516,61573.72853478192
1092,0.0005460000000000002,56418170431.570244,-103002967584.3568,61593.91646302987,6503984699220.082,2045323087478.2544,289.1975643767374,56430177300.87983,-103002427507.14946,61618.12775682325
1093,0.0005465000000000001,53191465243.03751,-104629990357.09853,61583.61791248841,7290046653320.628,1981456718887.9426,297.39895860378107,53198881184.63777,-104632249403.06973,61661.60825702398
1094,0.0005470000000000001,49912050896.99391,-106159059800.7457,61601.982794167176,8195528274426.335,1913139376973.004,306.40845556108275,49921142211.17035,-106160604792.1785,61564.02739728485
1095,0.0005475000000000001,46591376511.47292,-107584377353.0809,61605.82528936095,9247001821793.635,1839713492802.517,316.35643810090403,46603150577.89403,-107584931945.93074,61576.245833737616
1096,0.0005480000000000001,43230484159.40802,-108905886903.12982,61608.01378189738,10478213404316.72,1760682048256.96,327.39388725272386,43244049519.42353,-108906060733.44563,61556.449625273955
1097,0.0005485,39832097851.03679,-110122669439.92456,61610.962466324934,11933413753391.732,1675326629971.3838,339.70878960349097,39849347410.16728,-110121876498.91208,61555.685619062584
1098,0.0005490000000000001,36398523721.985,-111233987420.11096,61617.95282504278,13671386476411.049,1582760713887.6028,353.53948637083045,36421007437.84381,-111231974875.52505,61566.098150549406
1099,0.0005495000000000001,32935450386.059803,-112238026682.02246,61619.37089484329,15771504909369.69,1481896146990.84,369.19275056683745,32959102523.627716,-112236357257.2213,61624.61413753614
1100,0.0005500000000000001,29443999948.090866,-113134688194.82292,61624.16430939017,18342294936966.97,1371502902828.7893,387.06358507173235,29467752512.64173,-113133655327.91132,61635.59667282035
1101,0.0005505000000000001,25930505138.65812,-113922399642.63095,61621.739916359205,21535211800168.87,1250045834049.4219,407.6739376442864,25952223250.161133,-113922568242.37628,61652.677688755604
1102,0.0005510000000000001,22392937728.51097,-114601880707.71313,61630.66201299636,25564536426397.223,1115856110499.664,431.7148987212733,22416059078.33598,-114602426748.31218,61669.10224500483
1103,0.0005515,18839668896.499607,-115171358358.30641,61633.22457884957,30739492208907.574,967004924651.4979,460.12219956991066,18860165397.77722,-115173083317.44743,61682.63467894372
1104,0.0005520000000000002,15270977875.10338,-115631036751.81958,61639.776691356084,37509738631347.62,802009714793.1018,494.1451883452184,15290874090.175087,-115633377958.48862,61682.46336661122
1105,0.0005525000000000001,11691680515.332575,-115980283064.91331,61645.51843774246,46530710884102.73,620638519312.1512,535.424456270336,11710328982.387901,-115983312000.3131,61674.757742121015
1106,0.0005530000000000001,8104182163.711176,-116218967395.5894,61653.18546613551,58732951666361.61,426752125246.38715,585.9430847004816,8121244697.205255,-116222577129.8291,61744.37565794357
1107,0.0005535000000000001,4514348692.075309,-116346732979.24661,61656.39085215353,75318108239214.05,234676584266.29684,647.5156948527598,4526595086.997971,-116350967001.97684,61756.922021285754
1108,0.0005540000000000001,923677267.5405977,-116363779695.65416,61660.72027415131,97380541093010.56,83071447045.41675,719.8118557345018,928602766.7595417,-116368343838.75505,61857.42322236868
1109,0.0005545000000000001,-2661395201.2227554,-116270149386.0765,61659.32340231024,124343487866196.89,56507222370.7696,794.9569196162615,-2668450191.7819266,-116274575991.65883,61814.87136406609
1110,0.0005550000000000002,-6235299161.816946,-116066386299.97234,61649.4541107254,150302550836113.4,286751130512.5745,848.7444272557394,-6255755187.771131,-116069894516.64447,61795.29814736971
1111,0.0005555000000000001,-9796805078.303352,-115753057218.50114,61636.68261073424,161924538016158.84,843636373191.675,844.0945234447722,-9832120375.620283,-115754720833.84795,61798.05554143854
1112,0.0005560000000000001,-13347692444.844692,-115330283471.28702,61630.517941687074,149259834475801.7,1547434796093.4258,771.2511992003996,-13394082886.738598,-115329635863.84634,61743.94393804092
1113,0.0005565000000000001,-16893017974.133734,-114797221357.4104,61644.0769676387,120086833591427.56,2089314737332.0747,672.4249701908506,-16937606923.764914,-114795295481.71356,61736.97569884146
1114,0.0005570000000000001,-20430243027.586445,-114153321458.99127,61676.55643583274,89592928588471.17,2359862867349.3003,591.7298775673062,-20460469509.77599,-114152205189.52896,61736.26245963565
1115,0.0005575,-23925162290.50432,-113404180987.5564,61674.22630418713,65419008355266.95,2436936103940.208,540.5698666154999,-23959929609.868496,-113401229288.14719,61705.39482443249
1116,0.000558,-27394424866.49009,-112547924969.55469,61674.00988272737,48236401057625.65,2421469179616.577,511.7358360354663,-27430868992.09563,-112543502588.234,61739.74531030542
1117,0.0005585000000000002,-30847943241.737183,-111581983914.82613,61702.63257291231,36431522256414.19,2379111342427.3545,495.1855190902777,-30873188739.23857,-111579176298.23177,61721.171641492
1118,0.0005590000000000001,-34260691361.78927,-110512290759.6125,61714.42688985152,28320291078027.832,2343413948714.9644,483.14588503250377,-34283049043.869247,-110509447352.70781,61761.01808804439
1119,0.0005595000000000001,-37641518126.057076,-109336821821.49776,61737.90554677155,22653457990582.875,2327511860680.6304,470.68004761218214,-37657378225.455696,-109335291864.89648,61780.8297462842
1120,0.0005600000000000001,-40976448567.342255,-108060182336.94635,61743.163553925726,18582928786874.78,2333370110809.795,455.2850238669322,-40993209242.86597,-108057799485.94984,61802.309278367895
1121,0.0005605000000000001,-44271189270.21913,-106680883798.57886,61756.58515800833,15554257896669.242,2356074915099.7183,436.4770029160923,-44285359846.483955,-106678822797.52219,61767.77770055323
1122,0.0005610000000000001,-47517974450.40786,-105202059714.79399,61762.090085474534,13212674955521.648,2388276347060.24,415.1787334419249,-47530953269.856224,-105199995700.4772,61763.350192174796
1123,0.0005615000000000002,-50714923550.01475,-103624912252.1033,61764.02420520796,11338479238797.943,2422843237442.212,392.9964574161753,-50727436539.31189,-103622570481.03206,61747.5013749754
1124,0.0005620000000000001,-53861721840.83393,-101949797283.40598,61773.0095005784,9798600263392.82,2454981935138.0815,371.5199456666427,-53871300202.11881,-101948628110.2827,61759.124885878125
1125,0.0005625000000000001,-56950730296.7619,-100180755112.53377,61769.17478397739,8511895391026.191,2482699046886.8184,351.8808764203584,-56961797976.78366,-100178490062.80417,61797.67422781807
1126,0.0005630000000000001,-59980439885.242386,-98319129925.13414,61759.71000166429,7426659288812.765,2506008602252.0474,334.6374138986402,-59995919097.63501,-98313808415.78085,61839.611278100536
1127,0.0005635000000000001,-62957103108.22264,-96361278454.04292,61786.09531728416,6506381050196.782,2526146260492.9644,319.8616550573856,-62970335169.38863,-96356691246.27296,61823.67336135631
1128,0.000564,-65866750361.708725,-94315687631.8621,61791.44100805415,5722114169974.086,2544783569319.5312,307.3119657327557,-65880790557.4736,-94309992346.36961,61824.8140487785
1129,0.0005645000000000001,-68715805169.17167,-92178317580.79604,61823.58779845876,5050671414808.126,2562956260498.5967,296.6283480360141,-68723713243.54182,-92176456443.79828,61792.8269847625
1130,0.0005650000000000002,-71490499437.24823,-89959023781.00461,61821.9148855922,4472151136981.344,2581473403667.8696,287.43208381682246,-71498508460.52202,-89956859607.78735,61841.02210935543
1131,0.0005655000000000001,-74195767610.17558,-87654697862.52582,61831.66058702958,3970553641532.493,2600394086990.8057,279.4070714965557,-74204176062.73007,-87651818136.37514,61871.29014823019
1132,0.0005660000000000001,-76828615328.08769,-85267728932.00014,61848.62837106814,3532422975906.4834,2619707204106.404,272.3035944056001,-76838155452.52579,-85263480910.57292,61918.37077508699
1133,0.0005665000000000001,-79387184054.96019,-82799672429.0505,61875.548802259604,3146928208212.518,2639179051018.0024,265.94022352353744,-79395079694.3215,-82796412232.38284,61913.950051976775
1134,0.0005670000000000001,-81863659052.58492,-80257946591.17273,61877.40821096772,2805444628987.262,2658528874825.2563,260.18956067985954,-81874595120.0411,-80251175082.981,61993.17759746326
1135,0.0005675000000000001,-84263479713.91565,-77637550642.16193,61908.6668560793,2501399797056.9893,2677406050259.1167,254.96635028228957,-84273937977.7393,-77630611548.49095,61962.92789521828
1136,0.0005680000000000001,-86580200804.95155,-74944867015.4278,61936.459297673566,2229268788989.677,2695728804840.4263,250.20208835280246,-86588039103.38736,-74940242325.01965,61907.34626245412
1137,0.0005685000000000001,-88809588621.53107,-72184940637.03165,61946.7517130724,1984798380676.249,2713333992942.943,245.84555273626992,-88814437097.98318,-72183510264.21254,61896.14464489996
1138,0.0005690000000000001,-90949150545.4995,-69361433351.72437,61939.01389612413,1764627577687.973,2730096829311.658,241.85659356496208,-90951637643.25899,-69362866408.08353,61819.93843579737
1139,0.0005695000000000001,-92996847517.2094,-66477781852.3361,61914.97672766888,1565993121608.5522,2745958732229.071,238.20089053173803,-92998014535.2245,-66481184569.78409,61812.751419084845
1140,0.0005700000000000001,-94953728497.00035,-63533269916.25654,61901.056452743105,1386565749370.2432,2760899857357.301,234.84797718693667,-94954975131.88347,-63536636995.06608,61876.052907111494
1141,0.0005705,-96817479876.26448,-60531479943.642914,61890.298455821445,1224254801468.8503,2774961151506.311,231.76895420414195,-96818533522.24953,-60535408793.19437,61812.40725611528
1142,0.0005710000000000001,-98586051871.37576,-57475983829.94552,61878.21089203577,1077302322922.7069,2788137737643.1,228.93953778666662,-98586139153.08308,-57481759198.794464,61836.8660675548
1143,0.0005715000000000002,-100256875901.18936,-54371681555.10518,61854.33020106931,944225677844.5791,2800410791967.1006,226.33992591380382,-100258435557.45026,-54375140022.35351,61839.1654700819
1144,0.0005720000000000001,-101830056905.85545,-51219183359.45409,61836.490182901754,823789016134.8964,2811751920634.054,223.9541949463141,-101833013925.31049,-51220138581.46534,61849.90369224607
1145,0.0005725000000000001,-103305124622.79109,-48019671789.35977,61833.768776221485,714874489387.8827,2822175655798.1704,221.767569795663,-103308593031.30876,-48019516463.40242,61839.52538091674
1146,0.000573,-104679646053.23448,-44778321111.795265,61829.79028477313,616495915911.0602,2831697497480.115,219.76661158558449,-104683398486.42404,-44777401297.618256,61824.93137056865
1147,0.0005735000000000001,-105952493379.20682,-41498205110.944435,61825.39309635563,527848499943.8421,2840298875204.764,217.94063418130938,-105956648569.46277,-41496081994.05419,61819.65369186334
1148,0.0005740000000000001,-107123567521.97546,-38179913973.9988,61835.2498531893,448236482972.51624,2847972714726.759,216.28045577968248,-107126794167.64752,-38180028319.15843,61780.585818079424
1149,0.0005745000000000001,-108190043596.78703,-34831272533.5806,61829.07622469283,377029873890.57135,2854731357295.5903,214.7773593513038,-108192636224.498,-34833202890.42351,61747.43697179013
1150,0.0005750000000000001,-109151476037.4018,-31454870838.700264,61815.54805599765,313741845506.00916,2860549378983.149,213.42481323296917,-109153977551.83261,-31457337474.97488,61786.12930746561
1151,0.0005755000000000001,-110007170418.06693,-28054221951.81182,61795.66033705694,257929876649.7681,2865427894945.383,212.21672318542906,-110010332388.07059,-28054440734.719257,61792.54126922515
1152,0.0005760000000000001,-110757380300.67726,-24629435367.0111,61789.01325461945,209204803212.66437,2869370664775.8843,211.1474596524025,-110760289547.61046,-24630438300.383705,61734.113843029954
1153,0.0005765000000000001,-111401070696.79796,-21185256407.17591,61783.490048521475,167205776218.7552,2872391965083.0522,210.21153096268165,-111403689995.49025,-21187693603.80901,61762.22257531311
1154,0.000577,-111937868273.5079,-17724398835.72857,61782.030358528384,131644003470.6982,2874485274236.786,209.40461516025192,-111940515083.00455,-17727453331.875793,61760.853214109964
1155,0.0005775000000000001,-112366909243.12662,-14253180405.231003,61766.90963144917,102276004003.71599,2875646142555.912,208.72313658034548,-112369809345.63927,-14255100163.840565,61747.76794409287
1156,0.0005780000000000002,-112688585344.87823,-10771147082.041216,61763.17002704772,78913858185.52837,2875863238498.5537,208.16437553375582,-112691619521.96814,-10771596543.577072,61787.27249859537
1157,0.0005785000000000001,-112902600517.08093,-7281474610.595288,61768.11128121149,61388033232.8945,2875139993027.957,207.72565816693728,-112905759895.058,-7279723441.153683,61809.973590142654
1158,0.0005790000000000001,-113008726744.02242,-3787739672.907888,61777.696023896926,49573514190.44992,2873470653064.7583,207.4048750322574,-113011819526.59067,-3786580240.385646,61767.73852702951
1159,0.0005795,-113006811372.92383,-296819716.8808793,61771.052072666964,43385425603.61102,2870845495408.231,207.2005285570834,-113009877148.18613,-294696127.3456533,61753.027147633395
1160,0.0005800000000000001,-112897159648.23273,3192905734.2552085,61780.37933533005,42772542574.86004,2867254475056.3706,207.11161096510864,-112900228179.9494,3192751924.829659,61770.128297485375
1161,0.0005805000000000002,-112680041642.67162,6671328379.056241,61763.45480078739,47711297903.457954,2862690529338.6763,207.13739791571302,-112683101264.01422,6671873747.5907345,61696.262770828005
1162,0.0005810000000000001,-112355803620.93968,10140594064.419825,61758.359622615324,58202767338.841576,2857146838609.0063,207.2774682029686,-112359170779.84601,10137592058.984243,61665.98196069044
1163,0.0005815000000000001,-111925491410.37744,13590401311.884882,61722.746857507474,74283262791.01358,2850612347428.704,207.53186076421613,-111928922122.21268,13588590594.871445,61672.92129241905
1164,0.000582,-111389284153.96304,17024278401.952473,61703.41285335583,95998359369.59529,2843085411859.0435,207.90064679130847,-111392697094.98523,17023098684.05986,61665.5294312429
1165,0.0005825000000000001,-110747576490.2524,20439770397.969257,61699.74137541405,123448667099.97371,2834546978764.4736,208.38471447960964,-110751130878.40262,20438036791.71379,61714.75148679256
1166,0.0005830000000000001,-110000741662.50569,23834540707.09478,61711.97135324859,156779488255.74005,2824973890665.067,208.9856614662829,-110004492851.4221,23832132157.367928,61715.961015505796
1167,0.0005835,-109150418794.25766,27200735075.99991,61709.35960942135,196181974788.7519,2814340288866.4487,209.70567836745337,-109154040125.78578,27199385230.94193,61749.986867129395
1168,0.0005840000000000001,-108197130615.52946,30537496720.030144,61709.34138370239,241851133225.05704,2802639847448.594,210.54665369852165,-108200104312.78368,30538720180.679916,61743.14009408319
1169,0.0005845000000000002,-107141304976.86131,33843574717.133408,61721.87553509121,294038648502.478,2789849163724.423,211.51113779544184,-107143746935.82417,33846308272.03154,61772.395222469735
1170,0.0005850000000000001,-105983953957.03386,37115476713.64262,61741.25114182492,353059237870.2049,2775933854110.1787,212.60262102039087,-105987191336.08691,37115712982.88889,61714.25311181554
1171,0.0005855000000000001,-104727786809.64876,40345511213.65034,61739.18959588372,419273384933.9177,2760864023792.3228,213.82508455870746,-104731593637.89008,40344319995.061745,61688.14742430121
1172,0.000586,-103373887365.91655,43531976268.8669,61729.48007063524,493038213162.0701,2744637620194.442,215.18187497708973,-103378632192.00569,43528880030.75058,61645.81582133643
1173,0.0005865000000000001,-101924741865.66797,46669786150.79266,61701.90585392145,574786095410.2443,2727227907144.5493,216.67717342198347,-101929784350.42462,46666529360.74774,61622.08951499919
1174,0.0005870000000000002,-100380435433.37941,49759837432.85731,61683.60559400255,664984910179.6276,2708618835052.0513,218.31540041371025,-100385229347.72159,49757487327.4649,61656.25992291361
1175,0.0005875000000000001,-98742650279.89023,52798991217.79442,61670.23926139294,764240857555.1086,2688752014834.9766,220.10298238587558,-98747119991.55447,52797639755.421234,61654.1960257256
1176,0.0005880000000000001,-97012245052.31973,55785884568.35835,61669.05957058121,873244054847.6191,2667580225130.5146,222.04721036686212,-97017482697.26143,55783442372.00739,61622.38769023168
1177,0.0005885,-95193392871.59944,58713363072.89503,61650.25297923939,992812705299.9237,2645043637921.15,224.15660117663347,-95198854361.59239,58710896377.1164,61584.05449319283
1178,0.0005890000000000001,-93286545960.71373,61581498236.67237,61635.21115683292,1123783802864.8992,2621132879080.59,226.4386279507334,-93291802864.39917,61579759704.01121,61629.97951078543
1179,0.0005895000000000001,-91293897978.9071,64387273071.934555,61620.430985103354,1267184293791.8005,2595783213921.254,228.90275927856243,-91297378435.06204,64388402337.23206,61637.408149317314
1180,0.0005900000000000001,-89215629935.01617,67130710528.239174,61621.987619034764,1424183637399.7554,2568935125288.8945,231.55973981819395,-89219178016.47481,67131825818.35856,61628.12828448181
1181,0.0005905000000000001,-87054857348.37875,69807551999.63974,61624.83241249337,1596202093826.0889,2540490400681.129,234.42302629375243,-87058141617.28032,69809069169.1454,61662.80894126343
1182,0.0005910000000000002,-84813259082.38649,72415846337.6699,61632.030758264176,1784823274892.0903,2510385825029.027,237.50665773758948,-84817216433.72649,72416576480.89185,61623.95500911027
1183,0.0005915000000000001,-82494096998.13754,74951861186.96786,61633.94263929001,1991895882960.2144,2478538448763.677,240.82638807435217,-82498229766.9234,74952365324.58711,61658.213698461965
1184,0.0005920000000000001,-80098504561.06769,77414604397.48618,61640.74210857695,2219518289855.7256,2444878638967.5166,244.39905104929872,-80102422770.77405,77415443277.3254,61665.32279185394
1185,0.0005925,-77629565296.68004,79800944969.75075,61645.5408725429,2470194254015.5537,2409292470462.4263,248.24470956046918,-77633396170.66512,79801877119.2441,61621.580306979624
1186,0.0005930000000000001,-75091986355.5669,82106556722.11409,61634.03731899198,2746826511087.8457,2371676297248.4824,252.38572822831756,-75095349243.95267,82108053268.90633,61609.00695201709
1187,0.0005935000000000002,-72484789264.59947,84332830630.1592,61634.00094365708,3052732568660.4067,2331952462370.995,256.84567778781786,-72490155601.32066,84332730231.51059,61585.23757645362
1188,0.0005940000000000001,-69811077580.66583,86477060383.11336,61638.14747149391,3392030172875.443,2289929459478.8633,261.65491732474715,-69818532871.00075,86475452190.46063,61584.5177283961
1189,0.0005945000000000001,-67076923265.519806,88534485155.34647,61624.976314733234,3769611555606.717,2245436092917.0576,266.84837728417807,-67085497133.13351,88532310367.7544,61555.5284760873
1190,0.0005950000000000002,-64281266080.886856,90506416581.62764,61621.24357636558,4191167288874.7056,2198357711151.641,272.4628591407515,-64292588684.46168,90502602996.39992,61554.27074146405
1191,0.0005955000000000001,-61430196915.335,92388604131.18204,61605.905584828324,4663785968277.709,2148439705341.873,278.5445309986487,-61440433847.55831,92386033800.87224,61563.76939933882
1192,0.0005960000000000001,-58521655335.730446,94182801887.60689,61607.78630277129,5195918811332.29,2095491963296.4978,285.1448003192176,-58532426948.43326,94180271905.85977,61633.53465902879
1193,0.0005965000000000001,-55562571810.58559,95884591772.71904,61601.06931045524,5798240251815.556,2039159617952.11,292.3288879267412,-55571260731.625626,95883702637.94466,61615.28295891213
1194,0.0005970000000000001,-52553732094.667366,97493842009.05017,61598.42879306817,6483735581264.712,1979174284958.0964,300.17039748338783,-52560802217.5125,97494104997.52657,61628.541019381984
1195,0.0005975000000000002,-49497972841.403275,99009107298.02122,61598.98188214534,7268768293028.082,1915144212671.394,308.75872818535424,-49504840931.160645,99009693722.47876,61608.89229693634
1196,0.0005980000000000001,-46396802376.31938,100429687141.55061,61608.113950803425,8174034356143.106,1846619561438.056,318.2022238970454,-46406482147.75336,100429155416.47505,61572.97723106607
1197,0.0005985000000000001,-43258624066.33603,101751707257.82028,61600.26695579732,9226108689903.094,1773042740228.7483,328.6346492062505,-43268331173.469124,101751512834.75294,61540.058114467334
1198,0.000599,-40080450041.33843,102976876912.6815,61604.9265659741,10458929688894.861,1693902384015.418,340.2142401614381,-40093851066.69763,102975604468.58708,61583.05144895575
1199,0.0005995000000000002,-36867289525.14302,104103128268.5817,61610.845898079286,11917422358509.889,1608377914406.369,353.14483177395243,-36882098660.60194,104101780874.44946,61635.69877420799
1200,0.0006000000000000002,-33625899548.690556,105128202285.3012,61603.84068771007,13661213522085.828,1515583293078.9348,367.68319912504774,-33638375215.89529,105128078645.7944,61612.115331076035
1201,0.0006005000000000001,-30354953424.442024,106052918351.71085,61603.5060809057,15770350497749.89,1414549864434.96,384.1522873776201,-30367794737.693695,106053077002.76941,61605.254522263036
1202,0.0006010000000000001,-27059256718.287075,106875914166.12901,61602.27503955956,18354935774662.273,1303962952940.1555,402.9762887631346,-27069291787.54336,106877134837.93274,61677.892428833184
1203,0.0006015000000000001,-23743873849.237473,107596098648.68634,61594.083689480896,21568275877625.258,1182358541091.6797,424.7120341208483,-23746766401.68853,107599204977.1118,61680.099670748314
1204,0.0006020000000000001,-20408352996.61296,108213871727.00279,61592.22702110737,25627093558116.004,1048145771112.9279,450.0958654025719,-20406338826.94172,108217981583.94948,61701.487176024406
1205,0.0006025000000000001,-17053204281.0542,108729088259.31674,61603.15448866496,30842942083949.594,899615405114.6627,480.1169541438909,-17048132853.64171,108733508789.39383,61736.25667945805
1206,0.0006030000000000001,-13685356610.955982,109140443143.89714,61612.89505755982,37667661271134.1,735491881582.394,516.096246425969,-13678348642.476482,109144867737.2182,61668.175390152974
1207,0.0006035000000000001,-10305907269.275427,109447874392.9277,61627.47294866176,46752054458681.84,556391119912.1329,559.7260879003051,-10300415624.976404,109451845330.99484,61660.53622543919
1208,0.0006040000000000002,-6923669484.083971,109650513883.50252,61631.12100809233,58999925355250.43,367773859404.8403,612.958925333976,-6917542326.753367,109654308098.2107,61669.50216686949
1209,0.0006045000000000001,-3538899333.480344,109748745572.57521,61633.72101768133,75515834135274.77,187334795058.12012,677.2848135540404,-3530705881.957975,109752395799.38019,61686.67256423777
1210,0.0006050000000000001,-154395165.7715078,109742639929.96141,61636.66546085438,97114922997792.45,59256742088.691475,751.311695399275,-144864146.1854623,109745921636.63579,61659.043030270346
1211,0.0006055,3224878552.3703575,109632279385.84648,61635.71118045924,122592494082037.23,73716871148.99492,824.7609541685875,3235686819.6644764,109635202545.8778,61641.425696817816
1212,0.0006060000000000002,6592827788.961913,109418205788.08817,61626.30781259683,145296854141915.7,355232904667.7582,870.6007931516397,6608582913.482029,109420559773.53348,61621.478706190384
1213,0.0006065000000000002,9954248876.974606,109100490347.46518,61624.97135247705,152658530623802.75,937445594732.4266,853.8681571864564,9969971841.856695,109102316153.72836,61602.48171216517
1214,0.0006070000000000001,13293492165.596214,108680601698.89491,61607.81303055922,137830427549679.39,1612757595673.7034,773.574501050169,13317483902.285025,108681075709.46997,61601.405055254574
1215,0.0006075000000000001,16632102824.992212,108156430965.80846,61620.51593967675,109881299280056.88,2103565589866.2256,675.011920734875,16646359252.532907,108157563724.58093,61556.803542488866
1216,0.0006080000000000001,19941915508.6161,107531372379.07141,61615.89779999225,82029999088179.33,2338892818262.4287,597.3713515993988,19954475939.28327,107532450821.07143,61499.96182643478
1217,0.0006085000000000001,23230230523.046085,106804908177.27357,61613.79322931248,60225349659615.09,2400399925753.2236,548.6488108071914,23239380709.9401,106806374152.69093,61538.612923026034
1218,0.0006090000000000002,26501512319.3316,105975968430.43317,61628.67236326681,44707521866663.12,2381070716979.1313,521.0848859420848,26498758980.79669,105980019639.73865,61563.70158314043
1219,0.0006095000000000001,29728578909.31696,105050974149.45047,61611.09651704875,33980818901743.566,2339500411928.8945,505.0333402050427,29731710720.292957,105053621964.78172,61557.29302189083
1220,0.0006100000000000001,32929124777.505333,104026282062.62933,61606.23129796281,26560873748927.824,2304838137095.1763,493.1860650533701,32932174466.765728,104028900135.20697,61590.054956781736
1221,0.0006105000000000001,36092835759.57883,102904855670.90611,61596.27916026004,21342683248259.035,2289330861819.4595,480.8504482133403,36097396177.52473,102906956776.29317,61541.1972285516
1222,0.0006110000000000001,39219027218.400604,101687247779.37372,61587.59611343163,17573304639361.76,2294497173006.0884,465.63728380060826,39223875069.02528,101689178324.93979,61507.14334493947
1223,0.0006115000000000001,42303488733.06526,100375210279.93881,61576.23377803888,14755466438378.19,2315941078846.7236,447.04677831815326,42308946955.13079,100376789585.40445,61540.727229927295
1224,0.000612,45345061110.552864,98969460660.50163,61568.44858436308,12568971364375.557,2346685604615.3037,425.9346999943686,45351046759.95692,98970729869.10869,61542.65800606721
1225,0.0006125000000000002,48342418624.20496,97470646378.38962,61570.03508841238,10813309167041.75,2380067268612.4756,403.82853593635804,48347361961.81925,97472313882.48662,61567.09928062465
1226,0.0006130000000000002,51285826962.33199,95883591335.35796,61552.38615387868,9365932172858.73,2411466602050.6035,382.27638002523776,51294926546.43546,95882936368.51831,61547.35444120877
1227,0.0006135000000000001,54180160924.7355,94206281385.45424,61549.41108522675,8152578363549.33,2438610779816.6406,362.43149708332476,54189798157.23798,94205099698.59998,61550.463047983845
1228,0.0006140000000000001,57019926349.63465,92441721392.511,61547.1179540952,7125333468286.826,2461520697852.9307,344.89027281462376,57027776794.700935,92441407278.48186,61467.87558911526
1229,0.0006145000000000001,59801810136.34704,90592114812.61705,61542.19877745227,6250797679767.043,2481248174858.9683,329.77522047329376,59807396430.03385,90593120002.36717,61458.43813701669
1230,0.0006150000000000001,62523142460.76683,88659470067.63074,61534.39941215826,5503268178705.614,2499168094515.479,316.8982416240914,62526137311.03289,88662142701.32928,61469.61453839026
1231,0.0006155000000000002,65180737717.04747,86646318014.13034,61520.4835920078,4861584288701.462,2516460827499.9766,305.92306002784187,65183469310.61522,86649215046.79965,61480.484592922876
1232,0.0006160000000000001,67771882026.39131,84555090991.90508,61499.549985753656,4307913780857.646,2533863153703.739,296.48559757995133,67777073248.60543,84556058997.48378,61514.29991902857
1233,0.0006165000000000001,70299312508.72491,82383916123.07039,61500.90995403994,3827259881236.825,2551672867156.8926,288.2621427561271,70303752235.53654,82385376172.48695,61432.03397948781
1234,0.0006170000000000001,72756050330.92006,80138511709.11588,61494.16311841753,3406951699368.748,2569955416666.424,280.9914836117985,72758181839.39906,80142027799.76242,61430.6693200457
1235,0.0006175000000000001,75137255431.3365,77823750898.40343,61464.21815488796,3036915850330.6196,2588434845165.064,274.4854222793792,75140913013.17877,77825877822.78998,61412.787032191656
1236,0.0006180000000000001,77447591646.13544,75435842437.86089,61457.91435735519,2709221660595.077,2606763319608.987,268.61442199161837,77450660341.65515,75438471552.66039,61393.913018409425
1237,0.0006185,79681441755.7504,72980331918.59186,61447.84968993305,2417268896072.037,2624790197276.909,263.2816522165417,79683669882.92188,72983915052.03229,61398.3251674591
1238,0.0006190000000000002,81836620486.90793,70459960319.35944,61433.13326796075,2155944140036.167,2642290533749.347,258.41834322169814,81839273928.56635,70463194038.86633,61419.16885850814
1239,0.0006195000000000002,83915087357.97382,67872726866.24257,61443.38280212902,1921165907394.482,2659113867529.2676,253.9722435852877,83916093890.47337,67878036614.349594,61439.51347302879
1240,0.0006200000000000001,85908862002.56203,65228242401.275696,61426.93315728446,1709480828851.1802,2675237261928.3926,249.89775758002062,85911759029.08167,65231364581.9751,61422.05204197174
1241,0.0006205000000000001,87818440714.09271,62526773490.55031,61406.132638904346,1518293988667.5442,2690521503584.1543,246.16098509917563,87824074044.4098,62526143675.71461,61462.962616310455
1242,0.0006210000000000001,89645290545.26741,59766622097.724556,61408.8858875129,1345357757348.7007,2704949375318.1724,242.73126709099324,89652525496.31342,59763321015.321434,61464.50612299923
1243,0.0006215000000000001,91388153326.01851,56949235279.853035,61435.45526800656,1188662441014.5078,2718563612358.6455,239.57909079735416,91393954608.37767,56947585631.84961,61471.437209241805
1244,0.0006220000000000002,93040297710.97047,54085033180.73389,61432.1555446884,1046505889917.4562,2731370380058.6807,236.67895816824318,93047053187.76634,54081539701.5836,61427.94739537941
1245,0.0006225000000000001,94604392118.82909,51170320061.95084,61446.42234936685,917628161565.424,2743271207694.824,234.01349538408635,94610001293.85579,51168451704.56306,61472.504288990836
1246,0.0006230000000000001,96076222513.31079,48212670198.22366,61444.60279932355,800799716344.4802,2754299411257.313,231.5651409268247,96082332734.604,48209606962.361435,61432.51436652797
1247,0.0006235000000000001,97456466115.91603,45211395140.002884,61452.30937182228,695054577720.2045,2764418175842.183,229.3201613276899,97461792458.33824,45209494029.03778,61451.501776685924
1248,0.0006240000000000001,98743010971.32002,42171020724.87234,61456.96995871792,599483383081.3937,2773647683311.1196,227.26526846427248,98747265931.96562,42171354391.66647,61409.22977166941
1249,0.0006245000000000001,99933800490.67947,39096827116.226974,61445.746204029594,513326293213.297,2781978507492.4194,225.38934792000623,99937348200.3431,39099084787.592415,61365.53305769399
1250,0.0006250000000000001,101028520584.42862,35990637715.694496,61430.04628520699,435947247906.2622,2789392117016.392,223.6833992054514,101031502759.4186,35994677200.77172,61322.730126788345
1251,0.0006255000000000002,102025933340.66039,32856765542.76766,61403.6386141031,366762505803.9175,2795895860203.359,222.13895674357278,102028831566.69452,32861387113.624416,61308.94258489331
1252,0.0006260000000000001,102925584385.93808,29697883311.9074,61371.80045806425,305270666525.0832,2801488336644.2676,220.7486309618323,102929047826.006,29701344817.668884,61300.84865124437
1253,0.0006265000000000001,103727387304.6818,26515465968.91135,61345.137462802006,251022900047.8708,2806175043848.1304,219.50569755539246,103730920155.16982,26519197036.6773,61277.98090704821
1254,0.0006270000000000001,104430931484.83687,23311842179.998367,61326.165515777415,203614969935.38873,2809965829154.4224,218.4039354516308,104434753066.82303,23315012198.664043,61278.24108513954
1255,0.0006275000000000001,105035916232.3417,20088831356.60016,61319.535393985265,162700689304.07,2812862864602.438,217.43798382903105,105039891678.06,20091472413.324623,61319.13812723556
1256,0.0006280000000000001,105541511672.65901,16850905735.906487,61313.4474221937,127986881041.9699,2814864948814.7485,216.60330832024943,105545875857.5372,16851522128.510029,61327.72259126175
1257,0.0006285000000000002,105947549507.14624,13599953578.73084,61314.38477547661,99244125966.63834,2815960769923.543,215.89642285907522,105952103230.31465,13599408847.910114,61377.77846526794
1258,0.0006290000000000001,106253650172.4698,10339222459.566504,61319.193475785796,76280265729.09163,2816145764186.5913,215.31430805833475,106258381537.87773,10336392551.34957,61346.282086041894
1259,0.0006295000000000001,106459680077.75572,7070447872.120933,61334.25556392334,58945502988.31523,2815413046927.381,214.8544688936463,106464238831.18135,7068033847.117603,61363.080259886156
1260,0.0006300000000000001,106565301059.07724,3797860922.6774254,61349.945919271326,47123955369.5271,2813756758049.8013,214.51482569738883,106569762306.74678,3794278751.019812,61425.355287794155
1261,0.0006305000000000001,106570421965.74998,525620893.1182948,61359.98191758032,40738173892.68313,2811166689416.372,214.2938681176657,106574805419.52667,520547291.09738433,61386.21302071556
1262,0.000631,106475144224.85246,-2746242517.311917,61383.33211204145,39739882403.29524,2807633846509.639,214.19050741482357,106479372959.97119,-2748329073.321383,61375.41553472337
1263,0.0006315000000000001,106279574090.74443,-6010222531.183482,61390.934161439225,44109619834.90261,2803149374973.0728,214.20402920179623,106283700484.4249,-6012070992.349372,61421.19383038257
1264,0.0006320000000000002,105984053686.88425,-9264836547.137194,61396.511007815236,53854018846.2672,2797703889947.2666,214.3341020107721,105987967135.55145,-9268115755.760117,61418.23618588485
1265,0.0006325000000000001,105588945952.20494,-12507299552.289186,61402.2227985429,69005824934.66283,2791288170259.3916,214.58073806957825,105592708496.61522,-12511091351.309313,61449.460140190386
1266,0.0006330000000000001,105094443419.90443,-15736553103.20981,61419.37537549506,89627962084.93959,2783890356168.0215,214.94438196422118,105098391991.49002,-15738256280.21976,61396.24457587701
1267,0.0006335000000000001,104501444958.03845,-18946254832.25022,61425.69324988111,115824178558.40218,2775491659583.4673,215.42611431550375,104505563065.75302,-18946799481.713474,61416.74716297019
1268,0.0006340000000000001,103810495777.82793,-22134573247.921043,61431.13246008957,147715012552.726,2766081881216.3813,216.02715168920653,103814489057.33153,-22135763190.550087,61508.41411115451
1269,0.0006345000000000002,103022004376.03513,-25300010447.38488,61444.56479040745,185459624635.31317,2755644228539.0566,216.74918045989097,103025424199.42384,-25303405827.598034,61512.20274480165
1270,0.0006350000000000001,102136550208.54828,-28440014735.219074,61466.15886411271,229264887407.6339,2744154025109.0996,217.59459037461505,102139647925.35645,-28444090922.874634,61524.36003626752
1271,0.0006355000000000001,101155566591.2597,-31549264779.06257,61479.823301000455,279382025095.9837,2731584754128.3022,218.56636331287,101158752106.35411,-31552523384.55584,61481.234273524875
1272,0.0006360000000000001,100080686266.26027,-34623137591.36601,61477.816279069906,336081905209.1273,2717922160606.8154,219.66746968040187,100083738801.46487,-34626525476.31984,61469.799860403255
1273,0.0006365000000000001,98911663636.55472,-37663147576.719986,61490.42015532009,399660700290.3479,2703155817213.32,220.90089738274904,98915648815.3594,-37663892839.30125,61496.23785602996
1274,0.0006370000000000001,97651202072.87717,-40662049500.60265,61487.41953242331,470517897436.24194,2687238540496.639,222.27128867477222,97654625122.3195,-40664118456.56782,61515.74501988394
1275,0.0006375,96299477161.49768,-43620169835.23294,61491.767916046454,549052294993.0699,2670160298650.433,223.78288592905164,96302111836.16151,-43623969224.89033,61562.12476308149
1276,0.0006380000000000001,94856726487.19264,-46536923749.07845,61514.638603997344,635771366248.429,2651875524329.5405,225.4413374836612,94858967049.26231,-46541172070.55238,61599.10722842599
1277,0.0006385000000000002,93324963671.29936,-49407760380.30303,61540.136595343545,731292294167.5273,2632323724320.0967,227.25388047851752,93328249886.73833,-49409682318.76836,61548.94925487098
1278,0.0006390000000000001,91707439946.77826,-52226580944.25311,61546.7395923684,836284198806.8807,2611469475989.175,229.22785547547628,91711641653.69754,-52226830326.14803,61493.80611189752
1279,0.0006395000000000001,90006196060.24515,-54990494039.35816,61537.705772775094,951442067495.8486,2589304592999.7925,231.3698366966461,90010762684.50887,-54990305068.86088,61509.186440049394
1280,0.00064,88221530920.92352,-57699642310.849884,61533.89808413565,1077558418364.233,2565801247678.037,233.68708958207728,88226528376.19876,-57698967015.09151,61512.46784243597
1281,0.0006405000000000001,86354728690.91594,-60352177874.78432,61538.1038506248,1215611218737.079,2540885686564.8735,236.18948674641334,86360331921.98022,-60350837949.65467,61556.32748480803
1282,0.0006410000000000002,84408987837.06961,-62943582388.24859,61535.012908765275,1366743862559.976,2514481979453.6006,238.88881889847866,84414540857.66985,-62942530627.60455,61511.191276557955
1283,0.0006415000000000001,82385613828.08693,-65472474709.7117,61532.89401441181,1532214745522.8877,2486546251618.6104,241.79703681969497,82392026527.50314,-65470561457.74868,61490.745538945754
1284,0.0006420000000000001,80287640170.54977,-67935272173.698456,61523.07860131355,1713507573334.0989,2457005320562.051,244.92788345530562,80293007257.941,-67934905245.96624,61554.77073656786
1285,0.0006425000000000001,78114270723.18697,-70333245941.08598,61530.94595832035,1912298193630.0742,2425800055632.416,248.29608358681966,78119861075.21304,-70332777040.61401,61529.75410885416
1286,0.0006430000000000001,75870967610.18411,-72660201901.41512,61525.22359960068,2130664147936.6367,2392796501047.6143,251.92074469601317,75875510741.13501,-72661052253.2927,61528.27104332897
1287,0.0006435000000000001,73557788929.5004,-74916508974.93845,61526.14389596794,2370871854158.3037,2357945090823.8813,255.82063937036557,73562650427.85912,-74917122746.9728,61550.597795195856
1288,0.0006440000000000001,71176108799.18283,-77100829132.10086,61537.4117865794,2635680811793.924,2321116868523.7544,260.01860842995166,71181879330.87558,-77100729926.30862,61543.28447064634
1289,0.0006445000000000001,68731263244.45537,-79208206367.37523,61535.629022862086,2928381129610.4224,2282164582384.167,264.5417167030351,68736855368.44032,-79208462713.86086,61541.742055869814
1290,0.0006450000000000002,66221297644.52887,-81240655755.71947,61552.41216744093,3252714781715.296,2241003501610.8555,269.4179487752102,66229561055.83472,-81238842950.58247,61542.78835756512
1291,0.0006455000000000001,63653959531.87624,-83191683188.91576,61549.42102997709,3613359014205.823,2197414661184.3132,274.68321554064136,63662530814.0776,-83189960830.01973,61521.14056906993
1292,0.0006460000000000001,61030964053.05172,-85060511090.52591,61537.742267351525,4015637560831.5386,2151304512720.028,280.3742364136534,61039708672.6353,-85059038068.38316,61491.737841357935
1293,0.0006465,58353963312.470474,-86846325847.78418,61525.34913849913,4466010023907.083,2102495527985.5386,286.53392536753967,58364364859.574425,-86844139952.19377,61417.813655844475
1294,0.0006470000000000001,55623141177.585106,-88549192968.26305,61525.52237365039,4972386207535.656,2050748683234.1868,293.21420989449643,55636861608.9337,-88545315305.48091,61431.79915951934
1295,0.0006475000000000002,52848132079.1865,-90163106754.12836,61498.45040898199,5544619876870.147,1995743164321.574,300.4794441434195,52862588242.97438,-90159409520.82541,61425.19406365145
1296,0.0006480000000000001,50025530310.67106,-91690772716.63582,61482.910537357035,6194457091806.692,1937302383729.4102,308.3984920696987,50038855116.05979,-91688196178.62273,61466.45172773929
1297,0.0006485000000000001,47158982001.55461,-93130230046.25381,61471.21294923323,6936913939331.812,1875003168632.8296,317.0593922568905,47171320074.01814,-93128604810.2918,61449.126604865756
1298,0.0006490000000000002,44247567946.19451,-94482010442.20537,61479.16890141318,7790880076815.529,1808416575045.783,326.5686977774745,44262152988.79935,-94479731312.83398,61482.7441966126
1299,0.0006495000000000001,41297601971.51715,-95742921713.78716,61485.505620188516,8780710525549.959,1736964123297.284,337.06016503178444,41313619770.411095,-95740463667.84445,61465.37437233855
1300,0.0006500000000000001,38314400960.46179,-96910842260.22496,61480.10763092807,9937561543774.729,1660102847813.996,348.69369746148993,38330517027.922745,-96908877830.13478,61463.33001699795
1301,0.0006505000000000001,35298919602.73948,-97985765537.0519,61474.060512198674,11301808219879.85,1577226687507.9775,361.66280411858907,35314087399.61302,-97984722908.64548,61464.392264237744
1302,0.0006510000000000001,32254299566.28301,-98966743250.48772,61466.593122374215,12926909768676.598,1487516544627.6143,376.21247005214946,32267657757.391342,-98966846688.44579,61493.17676278336
1303,0.0006515000000000002,29179300526.845722,-99854317947.76862,61473.70261822383,14884532720727.69,1390001001637.738,392.65550633851956,29192674849.41854,-99854838284.95456,61525.00283586916
1304,0.0006520000000000001,26081095235.904026,-100646227535.408,61476.23582380013,17272772109439.883,1283420176864.7905,411.40253055261195,26090610900.07148,-100648120027.51253,61580.59792867749
1305,0.0006525000000000001,22957442226.52951,-101343191344.71487,61493.25155638994,20227027519479.03,1166467876117.297,432.9852562987659,22966914264.342896,-101345248865.05342,61591.62146574834
1306,0.000653,19818054991.324844,-101942795866.7281,61498.756800910625,23938245870783.156,1037528595309.7406,458.11262610658235,19824772532.183697,-101945566598.98694,61567.94544138192
1307,0.0006535000000000001,16662800844.540636,-102445391955.42697,61505.427346401855,28677697637900.047,895177379395.4999,487.71678539449516,16667991778.500736,-102448569705.44264,61617.0336732559
1308,0.0006540000000000002,13493783296.862963,-102850681369.67351,61515.630681979004,34835376850972.793,738268917291.099,523.0321866340266,13495253852.843285,-102854466137.66252,61671.75384918401
1309,0.0006545000000000001,10316546350.318758,-103157938645.51663,61521.22940007209,42970181082307.47,567088961569.6289,565.6474385938795,10310353698.399317,-103162490388.1803,61702.103960066204
1310,0.0006550000000000001,7129628082.707167,-103367474803.26578,61535.48691593997,53858018559652.99,385993227674.88837,617.4212767366267,7118000545.975832,-103372106809.01987,61757.995207564025
1311,0.0006555000000000002,3941341569.679877,-103478561579.91524,61542.68900032842,68470948933996.79,209049893381.52597,679.9446570534227,3919577063.948241,-103483093618.27434,61758.25857808795
1312,0.0006560000000000001,754394953.3844249,-103491381985.12733,61545.202639970405,87644063832092.5,72155387491.80998,752.617990432313,721786414.698001,-103495288181.66185,61771.94531220973
1313,0.0006565000000000001,-2428314412.5434036,-103406169625.15121,61544.34606496708,110829655182254.5,50478031671.29753,827.7289362128892,-2474458121.4063396,-103408735580.63939,61808.39301682479
1314,0.0006570000000000001,-5607898392.572068,-103223045367.08897,61549.30320464051,133323352890537.92,258453442257.81607,882.758332777712,-5665471247.220975,-103223544706.62413,61817.23397503414
1315,0.0006575000000000001,-8780212862.135733,-102942148008.11278,61556.91458888344,144570481840838.5,762330113557.2502,882.948996881147,-8847174547.886026,-102939991699.75696,61766.52252054527
1316,0.0006580000000000002,-11946178114.076889,-102563289536.40323,61574.12612272293,135803082036893.14,1421999125803.3975,815.582753340422,-12016325017.537302,-102558559770.73206,61821.662636710316
1317,0.0006585000000000001,-15112868646.110561,-102085070077.80579,61618.12140140933,111791989648695.23,1962836502527.738,716.5174157552001,-15170410603.819345,-102079724988.72588,61767.59165421893
1318,0.0006590000000000001,-18260174260.17348,-101509386857.55794,61655.18055567499,84949916185855.4,2257966701030.674,630.3312687477094,-18304668067.06236,-101504273820.662,61771.29796551548
1319,0.0006595,-21386605470.66708,-100836722046.67113,61689.74707778208,62743543042696.05,2358818348439.877,572.8270129988501,-21417567429.88035,-100832809348.75972,61779.44431731727
1320,0.0006600000000000002,-24487623307.640663,-100068157432.71835,61719.986259163314,46518266512853.62,2357790946137.317,539.242276257269,-24507620282.68947,-100065688181.45679,61781.21831150508
1321,0.0006605000000000002,-27550138919.68151,-99207290027.89616,61725.08262462047,35173136996868.164,2320383195409.556,520.0698287884522,-27569020922.63216,-99204474095.27878,61740.27807002632
1322,0.0006610000000000001,-30581881802.415684,-98253098042.88829,61727.7724802318,27296569417869.152,2281994994467.691,507.3420945567856,-30600239992.35693,-98249798781.32153,61716.42197843148
1323,0.0006615000000000001,-33579087694.546646,-97206994704.30865,61725.34514498283,21766687841191.95,2258964131313.871,495.6226128029358,-33598249447.349194,-97202824658.24294,61727.045522718974
1324,0.0006620000000000002,-36550568436.56321,-96066106435.82585,61751.73418713741,17797332352424.207,2255918758061.4497,481.7844938730263,-36561872821.753624,-96064083394.47594,61730.922974953566
1325,0.0006625000000000001,-39472851378.39033,-94838732504.16563,61741.0160871708,14859164925213.283,2270801946430.1396,464.6325835005009,-39485610823.864235,-94835798520.65643,61696.87384349459
1326,0.0006630000000000001,-42361466735.675835,-93519482500.04228,61757.26981453661,12606936561759.297,2297380645406.115,444.51909955410014,-42366973084.17789,-93519273932.66394,61657.005862194426
1327,0.0006635000000000001,-45202426236.3801,-92114163226.79054,61756.66679706905,10818650767980.158,2329245345459.445,422.70293068370887,-45202923941.78584,-92116276146.269,61619.11184306893
1328,0.0006640000000000001,-47993606754.49021,-90624407007.03456,61741.98307822028,9356905556361.639,2360883380161.028,400.7421853906043,-47989437958.37869,-90629101101.73186,61575.881039764834
1329,0.0006645000000000002,-50729711658.395226,-89053629085.51222,61702.43319279215,8137482603176.769,2389129379024.2007,379.9708637761507,-50727058581.34556,-89057907776.62535,61508.38787601377
1330,0.0006650000000000001,-53414674404.28798,-87400401095.9661,61669.663167232335,7107758729100.618,2412984590968.459,361.2401569605655,-53411574027.57055,-87405307334.23062,61541.3795312862
1331,0.0006655000000000001,-56046550201.099556,-85666032859.48973,61645.412412667414,6231921003797.34,2433137019039.4106,344.88633300225973,-56044322811.730446,-85670700358.87648,61593.21236016289
1332,0.000666,-58621436487.842285,-83853171666.76596,61621.182910063064,5483377165979.065,2450884082103.712,330.8614118417327,-58622526338.47961,-83855836397.78087,61604.563755975265
1333,0.0006665000000000002,-61138971733.592575,-81962295564.34352,61607.26903253342,4840912747282.568,2467478683907.9023,318.899620443492,-61141730269.2671,-81963843894.26134,61594.2492130501
1334,0.0006670000000000002,-63597243832.84886,-79994806730.15648,61604.519475281566,4286717172042.712,2483891559207.102,308.65079177110107,-63599033758.990944,-79997087925.81203,61562.87138246547
1335,0.0006675000000000001,-65990757156.53688,-77955069840.81348,61592.93459536213,3805781351744.1855,2500646365399.9556,299.7721295991513,-65995010302.89319,-77955273109.9287,61634.54898287072
1336,0.0006680000000000001,-68320574545.79317,-75842524209.79066,61593.074241644645,3385773333774.893,2517813970060.96,291.97790090569714,-68326931747.1256,-75840633828.3382,61649.963868106046
1337,0.0006685000000000001,-70585972617.53517,-73657674548.44334,61612.38009825923,3016445432743.5635,2535315361983.6714,285.04573738340775,-70592054827.67073,-73655724416.57008,61700.50669324303
1338,0.0006690000000000001,-72780745858.7898,-71406200079.56444,61621.338368231576,2689467671612.603,2552950389068.412,278.8123063806872,-72787378526.36713,-71403349627.41031,61709.34685148862
1339,0.0006695000000000002,-74907225979.7334,-69085942912.82399,61651.693178390946,2398380951088.701,2570390068868.3506,273.16564691592043,-74912375107.3348,-69084259587.15483,61681.85309350764
1340,0.0006700000000000001,-76956792930.71263,-66705950101.74076,61652.41827131943,2137879860779.2446,2587463186614.8325,268.022833761515,-76963247877.51747,-66702485087.17094,61704.53389959443
1341,0.0006705000000000001,-78933053589.18495,-64262749011.11506,61669.60334323516,1903993377756.8093,2603901314702.3813,263.32711376668857,-78937831400.57268,-64260977613.196526,61665.34625038803
1342,0.0006710000000000002,-80830066126.78233,-61763466592.15975,61667.868515550086,1693295819605.01,2619661807072.8633,259.0295443642553,-80834408258.41638,-61761972458.92124,61656.558450665936
1343,0.0006715000000000001,-82648577569.69237,-59207703608.233086,61670.74436156901,1503128314691.8967,2634631286462.111,255.0918497435354,-82653163796.66551,-59205637557.83262,61724.07069894349
1344,0.0006720000000000001,-84388263135.28786,-56595922220.312874,61689.60211644184,1331180265867.4458,2648800510785.773,251.47945124752968,-84392172604.5763,-56594523093.755714,61725.86895727898
1345,0.0006725,-86045610706.43344,-53933097843.89455,61704.36343472756,1175459077671.3376,2662178522121.11,248.16119141618015,-86049044648.581,-53932072913.133354,61722.249111515885
1346,0.0006730000000000002,-87618648681.7087,-51222611905.962364,61711.14714961278,1034350906031.2635,2674721584617.94,245.11203042794605,-87621790074.85448,-51221863439.711426,61739.829276963996
1347,0.0006735000000000002,-89106099787.3944,-48467042718.09389,61712.556606634535,906494425468.0063,2686397724116.579,242.31126458186498,-89109835415.55557,-48464941108.769714,61746.63621473074
1348,0.0006740000000000001,-90507972726.47266,-45666682182.53468,61724.66038177907,790710185699.1448,2697195103085.6167,239.74089358589163,-90511592932.7046,-45664452403.50028,61775.73008502847
1349,0.0006745000000000001,-91821542467.21779,-42826855416.38968,61728.38452963643,685932597523.6454,2707129822850.7764,237.38420427053507,-91824794325.52904,-42825210189.22265,61690.85881675275
1350,0.0006750000000000001,-93045890215.47357,-39950028323.14805,61727.88067807541,591290333020.7776,2716178442404.7314,235.2277660063903,-93048604372.40152,-39949541574.76603,61715.9945369949
1351,0.0006755000000000001,-94180669775.45262,-37037393755.43872,61733.910448312396,506015897433.2707,2724335078186.493,233.259887229015,-94182656002.17897,-37038682984.527756,61705.91758210392
1352,0.0006760000000000002,-95224073012.98302,-34093654003.17554,61733.24770354835,429418574464.7487,2731608595311.2827,231.46978903181602,-95225206866.04356,-34097502540.60988,61656.43071052255
1353,0.0006765000000000001,-96174113061.13493,-31125139751.26976,61707.21674707731,360926124877.5109,2737986370306.256,229.84861580242642,-96175480264.53752,-31128879352.404137,61622.39326952489
1354,0.0006770000000000001,-97031490116.17418,-28131339084.965366,61683.439421778436,300070072560.2919,2743446680030.8037,228.38937024793483,-97033084846.67114,-28134816475.34123,61625.89767537927
1355,0.0006775000000000002,-97795374928.10678,-25115871857.616627,61657.0339275355,246391129799.41327,2748008721970.383,227.08472309095475,-97797498146.44684,-25117966555.218166,61611.3086317456
1356,0.0006780000000000001,-98466053636.01913,-22078533555.022594,61647.08904759026,199498647111.72992,2751675759470.2153,225.92819248992555,-98467995499.52301,-22081612792.51168,61604.561816240566
1357,0.0006785000000000001,-99042115829.6731,-19025674931.016575,61628.623629910064,159035817028.28433,2754458996138.325,224.91373475052748,-99044209096.31073,-19028533734.980007,61601.409151508815
1358,0.0006790000000000001,-99523746262.65933,-15957780580.777298,61618.452275548436,124731622624.99582,2756342588019.9775,224.03692617202455,-99526212428.92442,-15959147312.052763,61668.966847119314
1359,0.0006795000000000002,-99910759663.16995,-12876273679.965294,61622.92213708235,96342720306.29144,2757326869907.424,223.29376179578327,-99913763473.37827,-12874037944.748238,61700.26081893303
1360,0.0006800000000000002,-100202687466.63188,-9784177757.063814,61637.18798703047,73668760525.57014,2757409539875.3247,222.68077099599932,-100205603999.2393,-9781645212.968502,61643.02262648333
1361,0.0006805000000000001,-100398864257.2441,-6688205127.694222,61636.3996040571,56558322732.65548,2756581000488.2437,222.19525872317368,-100401533622.5867,-6688851659.123278,61532.70651549871
1362,0.0006810000000000001,-100499346221.82857,-3592333178.894089,61618.988021103556,44906414417.35733,2754826564039.874,221.83533798868888,-100502032519.17822,-3594326833.5414667,61555.932537075554
1363,0.0006815000000000001,-100504489251.8793,-496642047.9060335,61606.506010665296,38629303713.093956,2752141134273.606,221.5993454811655,-100507282034.59492,-499290938.13707054,61558.68095747134
1364,0.0006820000000000001,-100414389717.88208,2596624076.1632514,61601.53693798853,37663620064.952255,2748523846826.8765,221.485746253127,-100417232946.4001,2593439365.38039,61578.07303711013
1365,0.0006825000000000002,-100229199815.0979,5683929168.31062,61598.34256667471,41979384289.78344,2743967216030.897,221.4935170926101,-100232252918.69763,5678738528.626852,61524.929406435294
1366,0.0006830000000000001,-99949388896.1469,8759678638.421555,61580.74804018322,51578690915.18561,2738460197925.5107,221.62220881105875,-99952598933.76775,8754643510.851074,61544.5689346811
1367,0.0006835000000000001,-99575530365.70605,11821515717.709036,61556.06839027975,66485547795.64282,2731994855452.7324,221.87170238191314,-99578636345.93774,11819054019.057138,61556.57507721959
1368,0.0006840000000000001,-99107635702.7664,14871433671.09304,61554.95487293687,86749691036.88873,2724563033515.1465,222.24220700072192,-99110708258.03882,14869407125.90696,61560.322671423615
1369,0.0006845000000000001,-98546620176.99881,17902652377.502567,61547.58724324266,112472925115.73961,2716142430381.2505,222.73481128561428,-98549493148.22675,17902206827.586006,61528.989897581996
1370,0.0006850000000000001,-97892749586.82375,20914780353.62581,61550.27349449051,143773462376.2581,2706721426125.5625,223.35078581570644,-97895397237.18384,20915239531.202496,61602.431625296325
1371,0.0006855000000000001,-97146485219.0431,23905546179.794796,61563.521660673716,180816994513.83746,2696277867402.6274,224.09205742068957,-97148911154.68695,23906700368.85337,61582.58690626356
1372,0.0006860000000000002,-96308953329.59221,26870198124.486134,61572.83377998279,223810711058.77597,2684787093916.229,224.96115506010753,-96311463364.01193,26870911825.99353,61556.05561821789
1373,0.0006865000000000002,-95381188543.14389,29805509175.021877,61576.68079778233,272983465480.7771,2672233749332.8945,225.96071567593526,-95383848189.69405,29805577001.433975,61587.747098962805
1374,0.0006870000000000001,-94364121010.01772,32709046143.056114,61578.50752801228,328598721887.12897,2658600869148.596,227.09367154283902,-94366586448.3848,32709702878.828583,61599.48198688427
1375,0.0006875000000000001,-93258547390.30481,35578883880.812775,61583.701822141615,390966958274.5128,2643865076736.6006,228.36355898453337,-93260758289.64702,35580098753.37257,61620.29487636122
1376,0.0006880000000000001,-92065525783.0995,38412393653.41182,61591.73699432643,460457959836.95184,2627994884960.4453,229.7747621104617,-92068140643.1043,38412662797.054405,61595.58668646672
1377,0.0006885000000000002,-90786328822.2304,41206654012.809364,61600.23687525794,537498448412.2002,2610957897352.935,231.33236252580056,-90788226443.28148,41208589907.278885,61669.303714768896
1378,0.0006890000000000002,-89422303066.75664,43958879970.65675,61608.06182523345,622573804699.3488,2592722433252.2007,233.04200707168485,-89422869287.49393,43963329440.21519,61692.55710363921
1379,0.0006895000000000001,-87973914491.61195,46668261429.11474,61626.54407152179,716236995254.4819,2573254871291.4346,234.9099671799854,-87973240039.6221,46674724282.37371,61745.68664325233
1380,0.0006900000000000001,-86441441093.96597,49333990406.17974,61664.14674160688,819153400023.5283,2552500747998.786,236.94397940035853,-86440640341.1296,49340052777.11288,61760.236538625606
1381,0.0006905000000000001,-84829240915.90097,51948005664.75554,61680.73927535833,932117571786.2522,2530391237612.058,239.15348462855903,-84828055414.91405,51954182592.636536,61734.104160595954
1382,0.0006910000000000001,-83137161396.37747,54511044465.9628,61702.392370838556,1055913318947.579,2506925346451.0786,241.54637337958565,-83136447794.39128,54516072911.731766,61742.6309926463
1383,0.0006915000000000001,-81368336494.60403,57018310742.59726,61712.33885869224,1191517075230.9468,2482036709432.0903,244.1327590482407,-81367108401.165,57023772428.01231,61749.99218771385
1384,0.0006920000000000001,-79521399868.74768,59472003332.109634,61743.732760192506,1339989419278.6929,2455689058692.1714,246.92315586974493,-79521568266.6343,59475083966.46249,61806.64690487254
1385,0.0006925000000000002,-77602637513.67969,61863383643.07383,61748.45584933399,1502684686222.589,2427767279138.0356,249.93210297869135,-77600665084.4309,61869120569.99825,61826.008609895354
1386,0.0006930000000000001,-75611579061.49048,64193667406.03805,61756.200997721215,1680969129183.13,2398267617131.497,253.17219666392134,-75608814758.78897,64200065872.45807,61784.942392524215
1387,0.0006935000000000001,-73549087289.49051,66461864095.135315,61774.556959486115,1876542639512.9138,2367093428014.3765,256.65945426046153,-73548422364.46622,66465581460.836716,61777.774759242166
1388,0.0006940000000000001,-71418750956.59933,68663885400.02298,61787.4907016932,2091431988323.0374,2334127193823.2056,260.4134779010098,-71420304508.96043,68665026989.70638,61757.011449825026
1389,0.0006945000000000001,-69224639293.64998,70795746072.02625,61782.31579431355,2327929500556.0303,2299291654072.057,264.4549791947799,-69225969363.71,70797076590.38469,61783.18101068293
1390,0.0006950000000000002,-66963769362.666756,72860767694.82166,61801.38217075784,2588635200022.5864,2262528181629.243,268.8053472875936,-66966739832.98199,72860495555.6029,61859.01336822728
1391,0.0006955000000000002,-64643445557.12094,74851944551.70859,61802.07932059596,2876867952470.5117,2223631382895.0747,273.4939707062821,-64644828341.68285,74853160181.56218,61826.8725366371
1392,0.0006960000000000001,-62262404464.797905,76770777345.25832,61813.32934351499,3196307523625.4385,2182532447321.247,278.55014092430247,-62263925921.74321,76771933925.32707,61857.863514572724
1393,0.0006965000000000001,-59823778929.94794,78614627709.93582,61826.5761248442,3551521244502.97,2139035447775.6536,284.01029198432656,-59826094321.96047,78615134212.18031,61879.91530515723
1394,0.0006970000000000001,-57332231835.87564,80380029045.40251,61827.500592357355,3947947957188.0967,2092962532697.9253,289.91618540369,-57334252705.85795,80380815697.24829,61806.295821310625
1395,0.0006975000000000001,-54787095884.09516,82067758220.39192,61837.7257111129,4392027140257.291,2044162716576.9646,296.31367081473593,-54791257694.69919,82067129578.15945,61809.93459414033
1396,0.000698,-52196283020.06886,83672554451.91576,61824.48350146635,4891766572383.952,1992362680952.6726,303.2594550324758,-52198079838.592995,83673593465.94603,61839.05196889796
1397,0.0006985000000000001,-49554753969.19917,85198062614.46294,61835.081768273914,5456664643249.047,1937396000298.961,310.8150112169581,-49560032959.049545,85197095875.34448,61787.5831408968
1398,0.0006990000000000002,-46869753990.251335,86639786687.9802,61838.52114208141,6098932044288.572,1878836047738.982,319.06135363684996,-46876959293.384026,86637935359.00098,61792.499179910796
1399,0.0006995000000000001,-44143757939.21251,87996634466.07428,61837.57158578053,6833549066077.883,1816369162817.2385,328.09149773678126,-44151881775.94873,87994548464.2634,61825.987084503366
1400,0.0007000000000000001,-41381565336.34943,89266457230.2783,61823.43085557542,7679391349222.851,1749599471786.6926,338.0164893235495,-41387336680.0526,89265795013.4651,61796.60434464735
1401,0.0007005000000000001,-38579638327.68022,90451248751.12006,61828.12661133995,8660330094139.013,1678098514304.1663,348.9687127218384,-38586339441.464096,90450372956.7438,61857.75416225941
1402,0.0007010000000000001,-35743239485.98127,91548539852.23596,61835.28234744594,9807616167477.137,1601170753508.904,361.11923560783725,-35749546194.70293,91547988564.95016,61850.911589697964
1403,0.0007015000000000002,-32877199324.734165,92556515934.17577,61835.46468282977,11161947783901.205,1518120485287.6577,374.6795478233638,-32882757326.0661,92556412211.38545,61861.263204108975
1404,0.0007020000000000001,-29981898855.65167,93475268461.95776,61840.157506752,12776994481041.021,1428175733913.6694,389.9118673258869,-29985510313.31755,93475930080.68771,61890.34240827422
1405,0.0007025000000000001,-27061150881.208374,94303593293.05145,61844.22858586627,14724992359062.385,1330331302916.377,407.15281530458464,-27062526039.3832,94305014975.76065,61915.88225565981
1406,0.0007030000000000002,-24115517436.923107,95041407445.07443,61856.149606897925,17104311440521.787,1223446373443.772,426.8361658618253,-24117618581.150776,95042642320.82307,61867.68638765615
1407,0.0007035000000000001,-21152586124.269142,95686736740.39421,61857.06495055743,20051346359004.37,1106148346136.0505,449.53194402039674,-21154705374.771843,95688020395.8633,61837.97916516367
1408,0.0007040000000000001,-18172097777.603073,96239958496.52065,61860.26402900191,23757025486323.363,977090750869.3975,475.9842070797059,-18175818995.295677,96241023587.37253,61835.87893085201
1409,0.0007045000000000002,-15181362505.393171,96699800039.41985,61850.82802727541,28492824883175.066,834891723173.6727,507.17967042415796,-15184012027.691399,96701186202.05415,61796.009029400186
1410,0.0007050000000000001,-12175884159.318079,97067350974.9865,61854.56904789051,34645864290913.67,678871381210.0624,544.4031541409794,-12181319565.714241,97068458012.09982,61827.05742708081
1411,0.0007055000000000002,-9164697394.491209,97341314953.72453,61850.29654041814,42765431606610.32,509963566367.7226,589.2819452084826,-9169923351.741272,97342667946.00407,61776.86336807597
1412,0.0007060000000000001,-6150913269.674759,97521752646.54076,61839.2375701524,53596259632989.2,334033650972.53485,643.6232166362748,-6154784591.297867,97523433492.17308,61778.23438320726
1413,0.0007065000000000001,-3129080204.3646245,97609305865.05522,61845.25970895205,68020238794288.83,168070458309.82108,708.6886445991488,-3139738785.1761336,97610816564.22928,61725.20044614155
1414,0.0007070000000000001,-109353947.25192209,97603290037.10437,61846.114897152635,86644986466755.36,52405752002.41316,782.9058739740485,-126382937.56329027,97605088552.92935,61719.47312753459
1415,0.0007075000000000001,2905850085.6123905,97503988697.74268,61844.25087614515,108450777226276.44,66704662896.084,856.4430787862126,2884086583.4532537,97506428300.59586,61751.593159996344
1416,0.0007080000000000002,5910051170.315892,97311888633.96213,61832.4726615027,128205554073657.45,319664356112.7775,904.295902265807,5887817325.417532,97315059141.69156,61690.69689787889
1417,0.0007085000000000001,8901999195.029295,97027577825.77002,61815.86527045705,135929715172040.64,848361825662.1528,893.280446111461,8882076712.008566,97031287068.8991,61731.99375899827
1418,0.0007090000000000001,11871036561.19931,96652596226.26402,61779.887049796205,125227986084812.67,1486428696723.912,818.3393592176952,11864759690.164238,96655548866.86075,61711.2846872354
1419,0.0007095000000000002,14843555540.094357,96184331439.1196,61782.94017281769,102128593639475.78,1980969677154.9485,719.0368678056708,14832242513.28477,96188255951.01744,61734.89692278777
1420,0.0007100000000000001,17783634962.45843,95627299817.29836,61757.442178803045,77617672107113.28,2240642323669.3193,635.8858217556913,17785357770.433517,95629440058.75555,61763.37813180345
1421,0.0007105000000000001,20705544186.882576,94980105046.44138,61737.857499926555,57635834853382.51,2324278587006.3813,581.0773924629541,20717695610.740517,94980095382.65169,61768.65986245209
1422,0.0007110000000000002,23612174147.791885,94241949265.47964,61734.992818043786,43039302486405.06,2317725403057.893,549.0478398368739,23626609972.73038,94241014277.03896,61753.42332226197
1423,0.0007115000000000001,26494579133.38987,93414532396.0786,61735.732580968914,32778830592088.043,2280037064111.5312,530.5963277775314,26511124506.715714,93412527330.53159,61793.26090387032
1424,0.0007120000000000002,29351761789.490696,92498072705.7719,61744.67481133546,25603639787733.188,2243018842013.6855,518.1488792900617,29367248334.45261,92495794905.08838,61795.84350113709
1425,0.0007125000000000001,32180144918.780632,91493496708.24776,61760.38849966703,20527539325342.516,2221184585671.982,506.5435996585115,32191454244.89087,91492062858.79984,61781.97901728993
1426,0.0007130000000000001,34966468708.26194,90405475559.63177,61750.75395513145,16856389280369.402,2218574168548.6978,492.79595172197344,34981414634.740005,90402309018.36794,61738.10842829244
1427,0.0007135,37726368718.64051,89228694420.61618,61776.01994535408,14121938658831.725,2232720247067.6484,475.7839622484266,37735333496.72701,89227373043.55608,61783.42184646627
1428,0.0007140000000000002,40440732532.15564,87970475472.2926,61775.829959409086,12013165259568.303,2258428053486.0366,455.7976364546823,40450395749.86595,87968470574.2905,61769.754980995334
1429,0.0007145000000000002,43115577459.74875,86628770579.64589,61784.37985312474,10330983821207.72,2289214030964.2476,434.0481703820064,43122487311.026596,86627724747.15758,61779.09716645028
1430,0.0007150000000000001,45746855897.88122,85205487447.48488,61794.7362918916,8950233411304.37,2320041051156.679,412.03784530849623,45751603550.741394,85205310021.21002,61791.19248226779
1431,0.0007155000000000001,48331932446.169174,83702089497.94997,61805.975441608025,7793705212422.514,2347841742786.6978,391.08124933071025,48335077413.14618,83702618489.57364,61817.39353406261
1432,0.0007160000000000002,50864281616.09043,82122484813.03343,61798.54521139613,6812884563199.704,2371575392854.094,372.04627724764583,50870110338.625435,82121342396.86337,61827.31325414398
1433,0.0007165000000000001,53347614785.503654,80464865974.23022,61804.31060584813,5975540809214.091,2391560644151.258,355.32291606498353,53353346049.706696,80463566212.99022,61825.96967765138
1434,0.0007170000000000001,55776000478.39932,78733045447.0237,61803.15544775773,5257575027227.403,2409009650447.863,340.9119296822576,55782378627.31073,78731067912.09073,61813.95258562796
1435,0.0007175000000000001,58148714906.38741,76927807039.67871,61804.15235530309,4639840178063.627,2425102078600.789,328.58489733488466,58154562977.947105,76925997527.31,61811.97494887867
1436,0.0007180000000000001,60463144776.03014,75051225852.14066,61804.72372904471,4106157560533.107,2440811052736.022,318.0129764289205,60468612967.235405,75049516216.363,61806.15520307375
1437,0.0007185000000000002,62716392207.38414,73105809796.36934,61800.41002183273,3642768748774.2915,2456701018472.8633,308.86086381149585,62721601368.92977,73104142705.57469,61776.767242080445
1438,0.0007190000000000001,64907445403.772995,71092682609.25119,61798.41223801249,3238096025263.1904,2472957435202.336,300.8379062220107,64911192332.83582,71092215976.8047,61762.92768663344
1439,0.0007195000000000001,67033690650.02182,69014361631.00372,61794.5122247999,2882476014397.6562,2489535722633.7,293.71426403607285,67037244991.50266,69013909235.79718,61745.098907039945
1440,0.00072,69094201062.50404,66871941173.532234,61795.960699458636,2568043956318.8677,2506228928580.2305,287.3205307171984,69096760866.38005,66872469087.119255,61789.90535808304
1441,0.0007205000000000002,71086170212.63454,64668384328.41984,61795.48839513733,2288416888672.7583,2522809855374.918,281.5348901835993,71089134815.68903,64668438765.47849,61804.357968438184
1442,0.0007210000000000002,73010215310.8883,62403145961.58732,61811.92023284692,2038519929641.044,2539042754718.709,276.27114488236884,73011570819.7081,62404903984.31697,61781.148627736795
1443,0.0007215000000000001,74858700276.55081,60085048785.2042,61796.393116220715,1814190937841.7761,2554791892438.8877,271.4639175894907,74860796793.01387,60086090698.48213,61748.795881039536
1444,0.0007220000000000001,76634797616.72066,57710999409.73459,61793.51649458564,1612302108127.191,2569840445176.8643,267.0673437912792,76637060229.69914,57711837340.1931,61802.73474250443
1445,0.0007225000000000002,78336381735.81802,55283744248.61029,61797.032884925095,1430111766010.6992,2584169337696.253,263.0401148367835,78338663512.97198,55284478218.302475,61819.52844511766
1446,0.0007230000000000001,79962286387.24495,52804930319.36635,61809.78332486662,1265369723361.9507,2597745210398.0396,259.34662260395993,79964892296.01129,52805031933.74414,61860.48302280398
1447,0.0007235000000000002,81509702025.3836,50278748118.44484,61817.65149638234,1116187122494.9993,2610546965338.013,255.95603953614975,81512056383.45708,50279242902.32502,61771.740308174514
1448,0.0007240000000000001,82975296900.14844,47710988946.69073,61800.827171185134,981024539872.9828,2622530530819.4893,252.84307424651314,82977234060.55655,47712228193.14144,61689.01472975406
1449,0.0007245000000000001,84359510671.15729,45101843502.78533,61781.1689567576,858636121760.3439,2633640137296.311,249.98753963175702,84360995411.10255,45104038950.76109,61725.54368978958
1450,0.0007250000000000002,85661230875.20724,42453891536.22169,61759.4615879672,747880764463.4739,2643886996334.8457,247.3703242791493,85663081887.70479,42455547449.4657,61681.285628087586
1451,0.0007255000000000001,86880027066.46895,39768480127.56313,61744.13953906777,647765014269.646,2653276083035.5527,244.97428310606546,86882346723.29425,39769246764.18323,61732.98787074435
1452,0.0007260000000000001,88015293233.13881,37047122952.78891,61740.243890869104,557405890425.54,2661816855025.131,242.78409531432018,88017427291.41321,37048396382.51887,61695.434702280945
1453,0.0007265,89065162204.12935,34294292007.144154,61733.19804519663,476030483598.80756,2669513224630.038,240.78645828087062,89067057925.27574,34296339544.74406,61675.95540976319
1454,0.0007270000000000002,90028377262.26653,31513812677.358845,61716.833160533744,403004986897.4159,2676344368800.5093,238.97087258386844,90030379410.3576,31515827686.762756,61649.34480084991
1455,0.0007275000000000002,90904783238.01765,28706970610.122528,61702.47765285455,337791934952.7738,2682293589243.939,237.32869094940625,90906672193.54655,28709664998.23761,61657.45263777866
1456,0.0007280000000000001,91694449285.26192,25873914375.245094,61705.15460398013,279903886934.89734,2687365275806.0444,235.85179739496172,91695804768.24405,25878871421.274265,61669.50238053494
1457,0.0007285000000000001,92395417632.64275,23021413085.68406,61695.42586097056,228899119784.03317,2691571662963.049,234.5324231222813,92397355348.98207,23024551798.712444,61732.46742242851
1458,0.0007290000000000002,93008325725.55687,20147907023.797283,61702.881836791414,184441314830.14145,2694891391018.6035,233.3647766061319,93010988065.36595,20147972724.01266,61823.92728240675
1459,0.0007295000000000001,93532553568.95224,17255617746.360985,61725.73614213233,146206720379.33932,2697333892335.966,232.3431382388343,93535624389.5638,17253365820.300037,61795.16325108429
1460,0.0007300000000000002,93966681578.58289,14351648530.66517,61733.40936636389,113930533347.80139,2698895488790.7153,231.4626552597828,93969958053.31174,14347503898.21899,61768.13879514013
1461,0.0007305000000000001,94311177955.39284,11434220680.069366,61757.64329313041,87420680443.67642,2699554550226.4663,230.7199513087694,94313987691.13507,11432161944.542889,61786.908540544246
1462,0.0007310000000000001,94565240043.74219,8508684640.719236,61778.26850161936,66494820320.62281,2699313677970.5317,230.1116505889996,94567810149.39598,8507628254.760518,61774.351235943235
1463,0.0007315000000000002,94728538497.93697,5579750200.405896,61784.82865430709,51022498813.05303,2698161294254.093,229.63518728650132,94730951705.312,5579499393.337553,61774.630186409166
1464,0.0007320000000000001,94801133596.90395,2650819809.623306,61777.729293467535,40904666423.478615,2696087879414.296,229.28855469046937,94803693332.86288,2648453912.1793222,61814.21642501126
1465,0.0007325000000000001,94783301472.47873,-278965265.17641205,61782.8144433174,36063432023.367386,2693089444360.202,229.0700149403695,94785758175.12122,-280942633.9354035,61755.97042341189
1466,0.000733,94675037768.38416,-3204491377.722802,61782.6792232778,36444525971.81112,2689162991553.161,228.97811410304703,94677419028.42746,-3206899947.4707847,61806.59970424187
1467,0.0007335000000000002,94476511769.34486,-6125032039.554398,61791.20942911966,42026757700.77672,2684299012057.2827,229.01199538751226,94478719019.01802,-6128240668.177086,61857.96293260239
1468,0.0007340000000000002,94187803386.84315,-9038727370.201889,61811.53970962028,52820768654.82304,2678485572737.357,229.171373101674,94189754253.0762,-9042984180.664175,61885.50327922512
1469,0.0007345000000000001,93809187247.38786,-11941675061.531807,61833.59401337064,68873614886.54614,2671706298149.4756,229.45659392972703,93811135171.12854,-11944689267.172644,61875.21652288074
1470,0.0007350000000000001,93341547389.18478,-14827333936.655197,61834.0306799707,90261707097.76237,2663945650007.1294,229.86845279885503,93343204779.12288,-14831642263.177149,61873.71549625848
1471,0.0007355000000000002,92784827656.91528,-17697920456.84072,61849.04000233996,117072017455.76987,2655198256273.718,230.40772101934752,92786373225.616,-17701872873.11593,61853.14204239875
1472,0.0007360000000000001,92139811979.04034,-20548802506.896984,61863.03491531338,149446662718.92578,2645440524202.881,231.07605585732523,92141985290.04501,-20549311097.113388,61823.80741669801
1473,0.0007365000000000002,91407945817.43784,-23374012146.68416,61856.31386902154,187551763099.98712,2634655588123.5293,231.87548209498175,91410492897.97871,-23372930659.711548,61796.160183624124
1474,0.0007370000000000001,90590139976.94861,-26171517711.39443,61838.400416030854,231561460476.41458,2622839183276.172,232.8078670204927,90592691958.0063,-26170597464.8227,61810.82114803332
1475,0.0007375000000000001,89686670977.16049,-28941384798.073044,61828.98743854806,281689568416.5303,2609977383213.249,233.87555792220334,89689891254.9648,-28938715256.515484,61740.57468771631
1476,0.0007380000000000002,88699599338.57007,-31677571952.306305,61804.281990650816,338218651008.84125,2596036786295.713,235.08214212142101,88702792846.41965,-31675529430.745632,61754.66854820351
1477,0.0007385000000000001,87628879006.18187,-34381240935.2788,61791.60077788679,401438837370.9849,2581007977154.677,236.43106881238745,87631909579.28395,-34379872626.54041,61778.28336662724
1478,0.0007390000000000001,86475440936.17468,-37050072936.645996,61789.097926986906,471736702685.99036,2564848102437.19,237.9272754949283,86478025004.7184,-37050046113.05136,61822.15297951504
1479,0.0007395000000000001,85240881990.99329,-39680387461.399155,61786.61135718658,549560289958.8782,2547517473827.247,239.57659345951723,85242368718.58228,-39682697614.01,61834.822056664394
1480,0.0007400000000000002,83925459254.10156,-42271841187.38384,61797.81086817573,635402974533.364,2528988443643.6235,241.38506267454346,83927236079.17868,-42273381767.0794,61809.71487963859
1481,0.0007405000000000002,82531452539.45235,-44819752512.18055,61804.73619800703,729864934899.2303,2509209222606.8145,243.36010088745897,82533936997.9521,-44819914121.86944,61775.28795959878
1482,0.0007410000000000001,81061890859.34053,-47318923466.482735,61789.99632858645,833586508716.9403,2488153538370.5044,245.50910572786444,81064199985.5152,-47319404450.79958,61754.56371531874
1483,0.0007415000000000001,79516388022.56258,-49770780158.2165,61783.61720869875,947240207907.0803,2465814875606.1587,247.83892284736388,79519766525.12428,-49769669551.30388,61691.78157644637
1484,0.0007420000000000001,77897658937.81825,-52171113885.811455,61770.54126678683,1071683726982.4081,2442122408365.8022,250.3591617767352,77901401179.61763,-52169683496.8483,61751.62712296288
1485,0.0007425000000000001,76205861473.01619,-54520073153.65766,61768.32530162603,1207854068438.9604,2417035247766.787,253.080102851752,76209795318.3812,-54518515036.141884,61749.4565911629
1486,0.0007430000000000002,74443760221.26935,-56813813790.1001,61762.945158226816,1356893482359.359,2390471676145.087,256.01457684621266,74448441375.94444,-56811581514.51114,61692.83291672444
1487,0.0007435000000000001,72613227066.775,-59050176282.20045,61754.75170901054,1520069143102.062,2362379936700.0303,259.1760579134443,72619276392.9922,-59046574471.01523,61692.9420131504
1488,0.0007440000000000001,70717270221.98744,-61225795609.614746,61734.94947425565,1698842579748.3247,2332697999280.1816,262.57936268795066,70722615503.74506,-61223453138.8855,61689.1265799172
1489,0.0007445000000000002,68757125400.46237,-63339757491.09479,61713.45054036323,1894860783413.1245,2301375043741.465,266.24019147799436,68762540349.74017,-63337660692.9664,61608.656033643216
1490,0.0007450000000000001,66733801254.5607,-65391275849.20042,61698.60600562817,2110078655859.4575,2268321878949.925,270.177144646707,66740196140.83296,-65388440634.30479,61669.40934273359
1491,0.0007455000000000001,64649184422.538734,-67378548259.42419,61689.2990524571,2346828616614.7354,2233420635477.289,274.4126383948385,64654718154.60782,-67376831160.267456,61706.47214463088
1492,0.0007460000000000001,62506106457.241516,-69298986912.69409,61678.33112152859,2607853860585.4775,2196552244872.0022,278.97237492688384,62508877854.06342,-69300050517.27832,61748.194013609405
1493,0.0007465000000000002,60302296832.361855,-71154771394.99525,61696.30047245525,2896350120394.423,2157608727644.7732,283.88462341139626,60304817771.0837,-71156049019.57741,61759.25474567252
1494,0.0007470000000000002,58043148907.51897,-72940917229.95673,61712.29247305299,3216321711755.381,2116368675507.6064,289.18581688931914,58044720104.82817,-72942870850.64563,61822.164091406754
1495,0.0007475000000000001,55732206154.53056,-74654720780.57803,61718.29718655855,3572369159545.4155,2072709226793.7852,294.91444512917155,55730812565.45333,-74658858968.97394,61814.42722432812
1496,0.0007480000000000001,53368482089.721725,-76297131287.969,61736.98180875099,3969927486162.009,2026501591494.3235,301.11235487813116,53365998897.24982,-76301795806.10657,61823.350448930796
1497,0.0007485000000000001,50956001540.85124,-77865170238.17363,61754.170426340745,4415735924891.662,1977495538453.7512,307.8315672680097,50953406569.45819,-77869659798.81407,61806.01752079107
1498,0.0007490000000000002,48497719313.66589,-79356980857.06465,61766.719742069,4917906726940.171,1925472031068.077,315.13183108166896,48495999343.043564,-79360706776.73798,61769.534917530735
1499,0.0007495000000000002,45997353827.548294,-80770462720.4845,61768.73997083242,5486356243679.0625,1870183597644.0022,323.08256033161473,45994302071.93816,-80774841238.634,61848.466924682274
1500,0.0007500000000000001,43453817313.658775,-82106477606.08351,61781.532864101195,6133271594293.948,1811359867675.0654,331.7646354373831,43449535542.40997,-82111256874.18231,61846.844656823516
1501,0.0007505000000000001,40868820932.350914,-83363963906.8501,61805.646941248575,6874119197023.912,1748576516886.6453,341.27951647771386,40866113559.02037,-83367644702.25703,61820.680188658065
1502,0.0007510000000000001,38249109492.73925,-84539474483.67476,61817.32992869063,7728533657826.587,1681354705507.702,351.75204903214177,38247979616.14294,-84542312187.68286,61806.849249786355
1503,0.0007515000000000001,35595718635.30386,-85632809734.30423,61826.882707763754,8721296995752.965,1609265294646.7756,363.3288576504218,35596370394.68155,-85634851826.172,61828.1460586611
1504,0.0007520000000000001,32911567476.460056,-86642872591.14711,61833.26924772175,9884494922928.445,1531720652479.7185,376.1911675394114,32913658968.670715,-86644445803.83426,61839.93813831841
1505,0.0007525000000000001,30200065025.574734,-87568527929.9677,61833.83996416706,11260067868738.607,1448028423471.0552,390.5649969597159,30202214058.830597,-87570142989.49423,61841.13458137297
1506,0.0007530000000000002,27460293995.91174,-88410265967.023,61844.619071862755,12903528361391.1,1357382530971.6892,406.7346295453089,27464443124.766293,-88411339471.2558,61847.9641883413
1507,0.0007535000000000002,24699832117.28982,-89165659510.14687,61843.523527570505,14889869556757.2,1258727937672.6487,425.0688241906927,24703323610.787205,-89167078786.43565,61835.71404057024
1508,0.0007540000000000001,21919796348.4141,-89834744984.65509,61839.40997018813,17320959100081.258,1151006365450.8184,446.0376630943297,21922779062.90516,-89836386454.70715,61825.06136894301
1509,0.0007545000000000001,19114875182.997875,-90418902722.12727,61861.88130870655,20337808431457.12,1032955514045.7434,470.2550699198093,19124744606.486137,-90419070830.36792,61805.459011880994
1510,0.0007550000000000001,16303181016.417355,-90913920215.82823,61851.134650303204,24139308763348.3,903052393126.9304,498.5429393449076,16311125168.956482,-90914819822.3121,61818.89290562972
1511,0.0007555000000000002,13474777692.711967,-91322344130.71667,61856.88247455969,29005220051635.92,760456738126.0647,531.9564450720474,13484352968.837347,-91323191591.9341,61837.99694461632
1512,0.0007560000000000002,10636301279.485836,-91642931123.58229,61862.886749786514,35333338631900.31,604803576955.9622,571.8695318136665,10649632837.074526,-91643623916.42929,61811.443234800565
1513,0.0007565000000000001,7792290335.961453,-91875247239.57793,61863.62872682849,43677401985165.914,438326009037.60944,619.949508658928,7808545959.990816,-91876069970.99985,61816.22360621368
1514,0.0007570000000000002,4942993950.312817,-92019488643.79405,61867.389651354206,54760489282606.41,269298832367.55563,677.8822556358746,4963694451.430169,-92020519882.47345,61781.028380035496
1515,0.0007575000000000001,2092039241.6754992,-92075480268.5945,61871.09583267401,69356147673946.63,119357848294.68573,746.3295392370068,2117961287.8211608,-92077043148.22363,61775.83981645074
1516,0.0007580000000000001,-756529948.5189698,-92043224557.9907,61871.271509915896,87731941707145.4,36546299679.26023,821.967469674028,-726525943.3155029,-92045627945.43994,61739.20594445845
1517,0.0007585000000000002,-3599232847.173841,-91923010179.26892,61867.20029641574,108112674296797.39,106881708394.23444,891.4576161101644,-3565249893.6080604,-91926495394.77972,61758.363915916685
1518,0.0007590000000000001,-6430431673.4278145,-91715382595.45728,61853.137164663065,124416662761868.16,427016274331.8783,926.4958331553805,-6398115994.198454,-91719906178.84123,61754.055683853905
1519,0.0007595000000000002,-9247333947.192522,-91421088686.64258,61830.67170169326,127469787791085.78,988121881749.5411,898.0145591706095,-9221352832.593168,-91426100848.78943,61751.28417957612
1520,0.0007600000000000002,-12042416578.900375,-91041549681.82417,61791.2571981206,114015146425347.53,1591845588029.0337,812.8786363985529,-12032367772.872355,-91045567483.88269,61742.92400110452
1521,0.0007605000000000001,-14839645157.49043,-90574158522.75534,61789.60739925448,91550320646399.6,2021737375523.3855,714.3855459858231,-14828064142.94936,-90578777151.64967,61755.523421397746
1522,0.0007610000000000001,-17607733096.43085,-90023054498.51738,61764.774912226436,69397886825371.33,2232331472838.3477,636.509071975219,-17608103982.040924,-90025957894.4431,61786.93941173465
1523,0.0007615000000000001,-20359377511.017143,-89386744183.10776,61748.62143766517,51773183151725.75,2291731711053.3794,586.2828959935196,-20370522720.248524,-89387324532.99649,61849.97110520846
1524,0.0007620000000000002,-23099098102.682922,-88663866695.92413,61755.91423130307,38950713143214.18,2277148215036.27,556.9701572217153,-23110584362.274677,-88663918443.00906,61827.76933836873
1525,0.0007625000000000002,-25813270628.7518,-87857210490.18446,61762.23937687539,29898870028028.273,2239144821250.2896,539.7655083751553,-25825938944.193516,-87856498331.066,61844.2336409781
1526,0.0007630000000000001,-28504100790.9365,-86966203611.73584,61779.9915606056,23522347425857.695,2204437438138.6733,527.6874606355602,-28512758171.715534,-86966270372.05101,61797.0104641733
1527,0.0007635000000000002,-31158628422.476448,-85994900324.0654,61780.22338605639,18973359003993.918,2185080533257.3667,516.0240245728944,-31168291752.504154,-85994323142.48706,61810.38371346976
1528,0.0007640000000000001,-33782162405.49133,-84942006979.2193,61786.2264570361,15656380418552.592,2183858001173.6125,502.10238866381127,-33791842551.984165,-84941005007.82877,61828.21328447836
1529,0.0007645000000000001,-36369936846.31766,-83809374267.13327,61790.15623710247,13166049314621.066,2198395592057.886,484.95055892027113,-36380427240.8761,-83807641529.49736,61833.369616782584
1530,0.0007650000000000002,-38919843450.327446,-82598084622.36253,61793.0924767616,11233045083591.283,2223432148920.675,464.9261814368372,-38932952080.87129,-82594747618.83173,61870.66265116175
1531,0.0007655000000000001,-41431037825.064926,-81308651507.80591,61801.48260639869,9682811752891.79,2253151006554.98,443.2085419598638,-41443541542.53269,-81305081231.27328,61816.01373195117
1532,0.0007660000000000002,-43901333734.72834,-79942141576.96858,61815.8468000193,8405045544449.848,2282850102364.966,421.24222826357834,-43910045433.550514,-79940076289.6931,61788.24131574846
1533,0.0007665000000000001,-46323584618.88113,-78502489652.50163,61813.00234386814,7331053726859.445,2309690373973.1123,400.29145769405307,-46330417638.856514,-78501235763.5739,61734.82590936831
1534,0.0007670000000000001,-48698204310.90982,-76989945264.00075,61807.487906382965,6417656702145.046,2332576734657.2173,381.20766141739233,-48702579879.45143,-76990008252.5171,61719.45952644262
1535,0.0007675000000000001,-51024206435.41124,-75405321020.88383,61805.87119796777,5635640031443.628,2351877830129.9946,364.3807897679735,-51025471782.633446,-75407326013.76549,61729.55873400531
1536,0.0007680000000000002,-53294429078.07314,-73753619942.90875,61780.59504793778,4963334328852.698,2368655487136.2896,349.8314174320513,-53297745541.12859,-73754270648.60252,61722.94880678999
1537,0.0007685000000000002,-55511855249.31137,-72033349998.65887,61762.70958938086,4383624541505.264,2383964957044.3105,337.3566882630976,-55515832434.736115,-72033430219.42326,61701.8631610043
1538,0.0007690000000000002,-57676024039.033905,-70244885092.48575,61760.67975513581,3881810875821.6943,2398807398910.865,326.6439043532712,-57678301517.91022,-70246228023.59491,61721.399861496946
1539,0.0007695000000000001,-59783469583.80794,-68390908326.29046,61763.61333836099,3445231046815.1733,2413817761508.8594,317.36367218847266,-59784598353.36806,-68393258253.44878,61752.973269695554
1540,0.0007700000000000002,-61829757938.315605,-66475383185.09866,61754.708667119645,3063231218736.9067,2429210866930.383,309.22644921669337,-61831339476.213646,-66477396534.93468,61768.93061591785
1541,0.0007705000000000001,-63815658540.48922,-64497972758.89823,61753.344467237075,2727062055828.8853,2444896830238.6084,302.0042919853916,-63817539598.188995,-64499665810.733864,61748.51783430953
1542,0.0007710000000000001,-65737594902.40953,-62462262019.73014,61745.984851328314,2429440124042.273,2460728435258.5894,295.52472897379977,-65740684201.204926,-62462727708.46724,61744.28527428415
1543,0.0007715000000000002,-67596823098.673355,-60367162359.45934,61756.005751164106,2164539704959.2258,2476456323308.257,289.664485626389,-67599828258.27258,-60367516593.54029,61837.374772696676
1544,0.0007720000000000001,-69390042577.08524,-58216134423.11929,61768.838350466904,1927552467450.8745,2491913267838.0225,284.3326292373329,-69393674915.31155,-58215549672.43241,61838.55874398249
1545,0.0007725000000000002,-71115824782.17924,-56010896345.36036,61786.19941475603,1714678279175.88,2506909605348.765,279.4634621607886,-71119644594.39781,-56009871216.357216,61837.8137312015
1546,0.0007730000000000001,-72771238114.89668,-53755180049.965355,61795.98006322793,1522844728117.372,2521314149588.505,275.0067673674591,-72774591665.56418,-53754457838.68779,61809.346108341684
1547,0.0007735000000000001,-74354543044.02129,-51451647677.469185,61797.11057554633,1349598294614.6,2535015777026.3203,270.9231023480036,-74357683131.32828,-51451134941.10604,61778.70189153063
1548,0.0007740000000000001,-75865110131.50676,-49101565837.0461,61798.52178498934,1192916407488.6003,2547950949872.7646,267.17923384466974,-75866973687.40979,-49102930968.67921,61728.60791673237
1549,0.0007745000000000002,-77301179129.6235,-46707855305.765816,61796.01250410001,1051069866628.331,2560102728289.3955,263.7452772090576,-77301822437.48634,-46711296439.8538,61740.87895219232
1550,0.0007750000000000002,-78660382774.21686,-44274827338.8341,61777.82017144188,922605004438.5994,2571451361491.94,260.5951598034325,-78661904400.86603,-44276936557.64382,61764.26997742662
1551,0.0007755000000000001,-79942939578.09741,-41802806598.55129,61761.78295195656,806313262847.6525,2581965005298.796,257.70705400530295,-79945394801.8264,-41803282968.49154,61715.99522423012
1552,0.0007760000000000001,-81148835855.69077,-39292052076.463806,61761.26154787991,701100629734.5323,2591653925728.068,255.0608836988799,-81149911912.29181,-39295240175.56035,61661.3619392074
1553,0.0007765000000000002,-82275011197.89647,-36748826700.79349,61747.44133929957,605988578010.4867,2600535287114.737,252.6383390069241,-82275536174.405,-36753500801.94658,61670.662549517096
1554,0.0007770000000000001,-83319948026.72214,-34177408848.223618,61712.65203485273,520203929189.70483,2608571650674.7905,250.42546473031297,-83321120312.47623,-34181008066.800457,61596.926851193006
1555,0.0007775000000000001,-84285034075.1488,-31575554093.351482,61693.015406649945,443089723574.33307,2615736621784.719,248.41095476842912,-84285266903.66762,-31582123321.25769,61575.04729240184
1556,0.0007780000000000002,-85168335983.16187,-28948546947.124355,61666.94402170061,373998895118.59705,2622059643521.4287,246.58308957939653,-85168905191.66032,-28955019305.47359,61610.804571163615
1557,0.0007785000000000001,-85969369555.383,-26298704609.38177,61637.761707668265,312411545984.13324,2627528228197.136,244.9323073100429,-85971023707.77032,-26302506085.85879,61611.26207002976
1558,0.0007790000000000002,-86688484637.0868,-23625624760.79714,61624.95167162198,257870624440.585,2632138417565.593,243.4503258935694,-86690624996.64581,-23628098914.7404,61610.68965265193
1559,0.0007795000000000001,-87325411527.82207,-20930047996.187412,61635.32777901802,209955015372.97614,2635901773005.121,242.12928064064332,-87327348826.83942,-20933604474.738323,61607.21898096292
1560,0.0007800000000000001,-87878095230.90147,-18219993007.837383,61628.515081434605,168303810922.09027,2638820902888.59,240.96226658775248,-87879986228.41063,-18223991695.256767,61585.384619207434
1561,0.0007805,-88346474977.72284,-15497365223.374605,61613.632954971916,132660841475.43431,2640864749230.0977,239.94466366516536,-88348656949.79822,-15500440888.13183,61601.776347251085
1562,0.0007810000000000002,-88730711392.21758,-12762576786.447453,61606.54520742104,102794856074.2067,2642026659638.925,239.07231319579753,-88733213429.43309,-12763865675.007496,61638.07935128878
1563,0.0007815000000000002,-89030524480.88295,-10017842801.49239,61607.5129932031,78497464260.04669,2642311013301.786,238.34108040121868,-89033226018.99895,-10017417054.493868,61640.665832626466
1564,0.0007820000000000001,-89245711132.11679,-7264931740.237622,61619.50959350665,59600464864.24468,2641715086442.41,237.74738932888323,-89248250566.83357,-7266194039.14368,61596.889527145424
1565,0.0007825000000000001,-89375755135.4013,-4509938700.810695,61617.95910470835,45972766763.60409,2640232101340.819,237.28836388973667,-89378328459.41364,-4511327770.447501,61594.115051354966
1566,0.0007830000000000002,-89420842604.20276,-1754126160.0880694,61615.01474497432,37525105777.29019,2637848324741.046,236.96201210505012,-89423460755.03433,-1756026827.634353,61588.8210713962
1567,0.0007835000000000001,-89381047527.30185,998055416.346468,61599.70530466234,34188549101.271156,2634558021976.881,236.76666961891974,-89383763840.04318,997252401.3767155,61591.959948162636
1568,0.0007840000000000002,-89256672626.14795,3745468589.3482804,61584.53875914858,35920047000.55277,2630354943878.8247,236.7010562804364,-89259254972.0442,3749441801.8975263,61641.33059034061
1569,0.0007845000000000001,-89047687508.90143,6490917582.352163,61603.00173073124,42700586744.33775,2625233267325.6406,236.76425488160598,-89050133633.91275,6494306667.783372,61618.594031589964
1570,0.0007850000000000001,-88754305229.89488,9227448028.679983,61618.835105214894,54553779254.930885,2619176766678.0674,236.95613595618553,-88756823885.75887,9228678709.605787,61631.74816821526
1571,0.0007855000000000002,-88376997921.79492,11951359108.783459,61625.85265509099,71530133777.14938,2612170453015.874,237.27710406617933,-88379718438.61638,11950555380.588484,61554.08571019915
1572,0.0007860000000000001,-87916511215.3855,14658627372.558167,61617.372726424655,93701650035.01424,2604203358296.9277,237.72783134726689,-87919581309.76627,14655913835.169851,61556.18291240926
1573,0.0007865000000000001,-87373586578.22139,17346745295.18237,61597.785494678625,121157717333.48787,2595268669607.892,238.30911927586396,-87376999276.17854,17342907991.16814,61494.580039412765
1574,0.000787,-86748687112.40164,20014869256.09304,61580.57241092447,154013440286.2494,2585357369290.5396,239.02209617613028,-86752707229.94731,20009057843.194584,61463.08690254527
1575,0.0007875000000000002,-86043278481.8793,22657513331.24034,61546.08171409163,192426235022.73547,2574450585739.5537,239.86864633514392,-86047811159.53835,22650775924.35566,61384.58768767288
1576,0.0007880000000000002,-85257856367.56224,25274425955.549706,61512.7617911473,236563305264.2161,2562542471604.438,240.85068451949513,-85262774265.5664,25267556360.419262,61420.96057458507
1577,0.0007885000000000001,-84393859069.8103,27861648445.81638,61470.32106658984,286646937486.7292,2549610409564.787,241.971002723081,-84398454693.15117,27856945720.93728,61390.43447609043
1578,0.0007890000000000001,-83450360134.56691,30422920125.49216,61460.43990313885,342923595231.80963,2535640564012.5293,243.23267382050506,-83455690799.97337,30416884354.615654,61395.21929329658
1579,0.0007895000000000002,-82430158019.99725,32950141696.486134,61437.5757895842,405756513577.2811,2520574804693.5923,244.6409682921843,-82435446900.5426,32945021947.9575,61368.22620189458
1580,0.0007900000000000001,-81333304608.47844,35444005268.78574,61424.66005968772,475486117212.526,2504408460516.875,246.20030238672962,-81339081087.97751,35438392945.06694,61412.52813529876
1581,0.0007905000000000002,-80161405095.88518,37900979838.231224,61411.020813205534,552547448416.0673,2487102512704.3525,247.91626803289864,-80166656951.68494,37897046406.441284,61397.61905579789
1582,0.0007910000000000001,-78914492097.3256,40321299919.24906,61413.38992171271,637416619112.2745,2468630378585.252,249.7948267505335,-78919699087.63788,40317949765.49213,61432.333954392576
1583,0.0007915000000000001,-77594916893.5641,42700240160.33326,61411.19108370009,730680990769.9421,2448937137253.979,251.84362205974017,-77598772196.83737,42699725446.54768,61494.819253153175
1584,0.0007920000000000002,-76203422307.11696,45036761266.75357,61413.33934590377,832959862652.4241,2427998732124.343,254.07020852913334,-76205458506.47348,45039463602.236206,61492.92635284461
1585,0.0007925000000000001,-74740071330.70161,47330770686.40797,61433.02329452537,944983937148.1217,2405768501639.4985,256.4833748925295,-74741474100.2264,47334275104.77782,61533.81320730287
1586,0.0007930000000000001,-73207444727.51508,49577901785.89421,61450.8632036319,1067635746768.2708,2382172637140.792,259.0941667244693,-73208291086.76392,49581987009.14668,61498.83969442363
1587,0.0007935000000000002,-71607846879.41776,51774881981.15225,61459.08783174559,1201867741965.8923,2357172879791.02,261.91377385795596,-71608723138.56317,51778798599.73164,61492.37269519312
1588,0.0007940000000000002,-69940934280.52669,53922426678.595634,61479.471046139995,1348739206143.1165,2330735719151.8354,264.95367959437004,-69941835714.90523,53926116834.58611,61533.70121968187
1589,0.0007945000000000002,-68210150192.42882,56015924582.085945,61490.66826100384,1509552333815.2876,2302769587741.4277,268.22861779610673,-68211256526.405045,56019196257.020836,61488.98534060151
1590,0.0007950000000000001,-66417369933.287605,58053370348.686264,61494.1870315718,1685727853530.0044,2273229356142.4707,271.75372550008194,-66420481317.95547,58054218850.12959,61394.78002402082
1591,0.0007955000000000001,-64566217205.28604,60030964108.95142,61477.200011948415,1878909462641.9688,2242052647117.467,275.5457546964837,-64570156459.55348,60031021631.366295,61368.96786884299
1592,0.0007960000000000002,-62654731110.55243,61951342934.45911,61477.1159036551,2090934749842.4612,2209197704093.0215,279.62215767528494,-62661403298.3495,61948745509.05292,61393.595817104324
1593,0.0007965000000000001,-60688081506.79794,63809209162.52407,61463.21100469586,2324137569251.3906,2174507835718.896,284.0068977121543,-60694347394.73501,63807325752.133026,61462.21958318011
1594,0.0007970000000000002,-58665781764.182014,65605436958.437675,61457.88082140802,2581104330068.8594,2137917270546.7405,288.72464268411085,-58671443485.61478,65604259556.71507,61434.27152234008
1595,0.0007975000000000001,-56591139214.7139,67337118488.471886,61449.11831728597,2865008657443.1494,2099275318314.5994,293.80554473663386,-56596625175.50709,67336351765.18415,61411.40692360887
1596,0.0007980000000000001,-54464464930.913864,69004196175.38832,61449.63613502141,3179548942302.534,2058462003946.3352,299.28302141178017,-54470750831.08984,69002996932.39803,61426.05809691067
1597,0.0007985000000000002,-52289693148.64409,70603573249.22546,61444.46808784207,3529223711350.8794,2015296341966.2524,305.1970175801224,-52296899037.50399,70601947953.34071,61381.29972334355
1598,0.0007990000000000001,-50068641932.83076,72134154144.0816,61437.24483264614,3919329917864.296,1969633941474.038,311.59169775784187,-50076248473.50818,72132565073.7586,61424.34340119269
1599,0.0007995000000000001,-47801868929.79116,73595718298.92401,61438.187077325565,4356275560201.9834,1921286801975.5254,318.51825826681034,-47810875125.763374,73593436996.38513,61380.3957873384
1600,0.0008000000000000001,-45495145225.258385,74984565371.69041,61424.293436512344,4847948893509.185,1869997450451.8875,326.03864216342726,-45504872881.39337,74982252944.03455,61337.99087482446
1601,0.0008005000000000002,-43147545976.26215,76301648972.32587,61417.472361517626,5403808733954.809,1815572272369.4685,334.221866134973,-43158894442.79701,76298760300.94719,61356.08762104948
1602,0.0008010000000000002,-40763354591.72063,77544612956.72742,61405.00499561516,6035734513137.392,1757672963861.838,343.1531179572938,-40775611699.86988,77541627969.43594,61265.37670573905
1603,0.0008015000000000001,-38345832000.33671,78712041155.53151,61383.645216044715,6758431100220.996,1695976741770.356,352.9327619752197,-38359779739.054474,78708711114.27888,61276.13291745611
1604,0.0008020000000000001,-35893734300.11141,79804857648.34909,61373.62772230745,7590344543248.26,1630114894219.022,363.6803026022482,-35910198893.88638,79800854750.08603,61285.8086870161
1605,0.0008025000000000002,-33414001445.402416,80819975065.9511,61350.16418320166,8555222086893.617,1559544604565.863,375.54628799425905,-33429467306.63621,80817005142.65529,61291.892071115886
1606,0.0008030000000000002,-30905574995.28792,81758249744.53052,61332.68795013428,9683322731355.59,1483779381854.5066,388.7107374799584,-30918333621.209797,81756865199.03712,61362.918092739244
1607,0.0008035000000000002,-28368778180.552723,82619608224.44293,61328.84295227712,11014328203757.754,1402117535582.1338,403.401222477216,-28379232027.760693,82619412634.93576,61375.44273012994
1608,0.0008040000000000001,-25807765724.763046,83402516398.99162,61327.80614382843,12600900621495.861,1313700897639.915,419.9086293034857,-25814808195.823505,83403673718.02267,61466.918339521995
1609,0.0008045000000000001,-23222537591.321884,84106994467.01991,61338.73369324426,14513487016513.445,1217610626737.791,438.6012576895788,-23226114024.073036,84109258133.45152,61470.90377010452
1610,0.0008050000000000002,-20620310964.56972,84730931422.02643,61340.08382200398,16848051402505.355,1112725941563.632,459.95591636236117,-20619396713.3143,84734367393.51094,61433.759905982835
1611,0.0008055000000000001,-17998218992.69091,85275246792.61397,61354.04978713854,19736242721874.17,997956741939.7512,484.5838928486018,-17998548079.674133,85278228556.49005,61347.52187843396
1612,0.0008060000000000001,-15361188754.518047,85738699016.06721,61368.83029561836,23362110183903.17,872024586099.3224,513.290617840005,-15364864098.130812,85741026151.50826,61417.79815321158
1613,0.0008065000000000001,-12715345830.779875,86120250646.009,61371.8030494642,27984290507971.848,733980892458.4369,547.1242140883169,-12716852773.593746,86122907551.415,61416.288677557444
1614,0.0008070000000000002,-10059498729.14684,86420392122.5147,61377.70600753638,33965784895649.625,583845436039.1028,587.415991045893,-10060888278.63654,86423032736.34131,61385.6424859281
1615,0.0008075000000000002,-7396220659.241841,86638828096.34247,61385.66446845131,41807641269816.53,423862401371.88464,635.7701312546695,-7399358738.387185,86641330592.37283,61451.26766145162
1616,0.0008080000000000001,-4728983815.271043,86775284076.16408,61392.379969308444,52158249563569.49,261880742762.95535,693.7956577427175,-4731057165.095995,86777880684.6573,61486.49610907366
1617,0.0008085000000000001,-2060712070.394382,86829708085.14955,61396.99248244021,65706690033778.01,118033804307.00737,762.1164595555505,-2058688422.434428,86832365607.37076,61529.57541951331
1618,0.0008090000000000001,605237105.0029769,86802163157.80426,61397.66808902758,82706840417510.8,36164409789.768616,837.6497636834557,612150122.4071883,86804713836.61026,61504.176231163816
1619,0.0008095000000000002,3268172879.326671,86692819390.5373,61399.50020510336,101680851656048.38,94327320336.72263,908.0981275495033,3278498936.685674,86694997998.56328,61481.073568049105
1620,0.0008100000000000002,5921909463.990436,86502065697.45987,61394.16045030644,117449025800455.1,383250775696.6394,947.0274661640266,5939086865.041514,86503491482.08588,61505.51704411138
1621,0.0008105000000000001,8562800514.196595,86230541773.46468,61380.28713086905,121789364393125.9,907243672418.303,925.2575823446832,8591490387.534811,86230368149.28981,61525.9571346328
1622,0.0008110000000000002,11204011507.204006,85877147602.3915,61392.267032904376,110848604257291.66,1496576773164.1934,844.80550577301,11233964979.6804,85875862446.59314,61561.4910886345
1623,0.0008115000000000002,13830984835.922565,85443038804.05373,61401.591711182264,90456856303945.81,1940570484442.7368,745.2432093256068,13861956054.454037,85440636537.05867,61526.41357807081
1624,0.0008120000000000001,16448116634.125427,84927550232.40926,61422.844751472694,69336550575470.74,2173649700531.7139,662.729550223018,16473778728.68323,84925091750.63164,61506.522399436944
1625,0.0008125000000000001,19043006509.19671,84332748611.9044,61434.923558166134,52035359685227.266,2250901100460.2856,607.5732880718898,19065348237.19141,84330134353.364,61481.09441506853
1626,0.0008130000000000001,21616521279.055313,83658842530.23787,61445.61078386271,39228180939708.836,2246247578388.988,574.5943692910358,21636644300.950516,83656000046.16357,61543.93289480408
1627,0.0008135000000000002,24167647868.89487,82906213701.36217,61458.468602401255,30095668362427.184,2211444699548.334,555.2686234685158,24187036737.473515,82902765035.64896,61553.462593105054
1628,0.0008140000000000002,26689140064.5524,82077046169.27304,61461.10511080431,23625724653910.48,2175427630729.2788,542.4073373463938,26710077425.890465,82072437247.62364,61494.82978747099
1629,0.0008145000000000001,29184665071.744034,81170560254.68834,61469.99913529556,19000204406075.06,2151909206174.0417,530.977760841222,29202363700.152744,81166335161.57922,61394.91854048712
1630,0.0008150000000000001,31650999850.869675,80187808948.48094,61482.875481662726,15630128120781.53,2145538709572.0205,517.9085697041187,31662157730.309643,80185449062.2877,61398.67175818526
1631,0.0008155000000000001,34078503600.396908,79132670379.56993,61473.26138266266,13109419007295.252,2155210205748.8982,501.8164388146299,34087778526.7928,79130812122.88445,61403.84571595771
1632,0.0008160000000000002,36477386030.36702,78001350257.47137,61489.35632205167,11164972797430.299,2176440008271.309,482.6994166891342,36480659778.64769,78001855481.45004,61452.42487136332
1633,0.0008165000000000002,38833652207.084145,76799956092.38068,61481.146773515655,9615745675945.047,2204015638014.4966,461.471980374459,38837460257.7659,76800129687.60042,61470.73472310925
1634,0.0008170000000000001,41150379788.14103,75527596569.81546,61473.062578086334,8346132079503.617,2232893420577.3257,439.49164994556253,41154746660.228836,75527373106.34964,61420.258868612
1635,0.0008175000000000002,43422767972.46833,74187072910.04991,61452.295981790674,7283007822824.949,2259793047594.002,418.07524799105994,43429925105.76789,74185205120.77068,61425.427401117704
1636,0.0008180000000000002,45653699285.96748,72777090191.02766,61444.92948658702,6380215417242.447,2283131730765.017,398.2086227158241,45661912093.66103,72774298261.42566,61473.26095216002
1637,0.0008185000000000001,47845037818.74495,71296248963.92435,61470.71144134671,5606935922226.449,2302901422262.5615,380.4351238133616,47850915218.14688,71294687877.36801,61562.77039747057
1638,0.0008190000000000002,49984263663.99024,69752460210.06224,61468.41267013918,4940868671191.545,2319972148648.969,364.90375451130575,49994166818.45237,69747758639.0906,61581.373205040414
1639,0.0008195000000000001,52076719667.27668,68142475279.30383,61483.26539128734,4365293187326.832,2335202388379.3086,351.5071999440507,52088188434.82026,68136087276.29108,61601.82963607175
1640,0.0008200000000000002,54121378994.42829,66466748490.08235,61519.2128745926,3866043402814.1113,2349632992861.077,339.98310682415104,54130729176.34857,66461392922.8893,61586.65013824686
1641,0.0008205000000000002,56109667979.73419,64731943113.28821,61531.84188217192,3431017581669.9756,2363998935939.506,330.01716113405143,56118898587.22592,64726183048.981926,61564.25299383545
1642,0.0008210000000000001,58043713210.3901,62936683924.63047,61550.19355801957,3050244567438.444,2378538819394.5933,321.31733445334095,58050836111.352806,62932346083.83702,61577.41719784616
1643,0.0008215000000000001,59921301818.30074,61082948518.70738,61570.85425418824,2715143126864.157,2393373955974.4106,313.6337173505743,59926133027.877205,61080422402.00546,61551.858901020474
1644,0.0008220000000000001,61738124781.94082,59175029263.63674,61574.83187753592,2418592132029.0327,2408417806676.6636,306.7705446822275,61741620977.61722,59173617797.39303,61547.01261054019
1645,0.0008225000000000002,63495702837.01817,57211725435.83722,61588.60172828543,2154862805142.587,2423437457283.813,300.58502762031924,63496784597.79512,57212818571.607765,61589.04714049281
1646,0.0008230000000000002,65189299482.730156,55198261502.87243,61585.83180485744,1919165523764.838,2438273279111.07,294.97105030985034,65189398684.38528,55200456313.98343,61532.85523665004
1647,0.0008235000000000001,66818627899.77995,53135473075.38548,61578.9610578816,1707740027817.3013,2452700381983.303,289.8537138117369,66818292920.54744,53138300334.32514,61525.26261038088
1648,0.0008240000000000002,68381061107.08704,51027007602.85853,61557.807875055754,1517479751922.629,2466586519383.232,285.1760971062786,68380605389.81793,51030221680.01307,61406.177160268126
1649,0.0008245000000000001,69875600034.37057,48874822585.516,61527.18189165848,1345879000982.6294,2479817046429.509,280.8940706263593,69874941335.54695,48878656723.57448,61407.66395638626
1650,0.0008250000000000001,71304289970.87117,46676441045.68285,61521.28675105949,1190843302287.287,2492332316602.658,276.9707342974031,71301574043.74065,46683666775.255714,61397.845338310384
1651,0.0008255000000000002,72660276282.2175,44442235955.78906,61477.616064552625,1050497390604.1798,2504157222903.4663,273.371392001313,72659045386.96477,44447688265.033035,61385.156866504425
1652,0.0008260000000000001,73946606984.52419,42168462927.75228,61446.67715918548,923465779199.9086,2515183133390.76,270.0708242243941,73946294676.8998,42172840874.00947,61373.83561847888
1653,0.0008265000000000002,75162442976.91754,39856681027.11028,61429.58677826352,808425929885.6146,2525440002647.466,267.0441866793674,75162508487.40408,39860795735.38999,61404.87489570547
1654,0.0008270000000000002,76305374170.17445,37511501291.731544,61406.912945405486,704244920976.2573,2534936090645.76,264.26917970870346,76306650626.29126,37513498192.062355,61413.99111272119
1655,0.0008275000000000001,77375802934.81873,35132585757.74695,61397.47762085879,610006278528.407,2543638775045.168,261.72798308658065,77378258556.47766,35132139213.34773,61423.48213152355
1656,0.0008280000000000001,78373594237.44638,32720085336.97236,61411.7012495797,524880437585.35767,2551552162769.421,259.4045420904052,78375927080.8126,32719743502.00152,61473.45094034935
1657,0.0008285000000000002,79296396884.09369,30279124898.87244,61424.61117494845,448137429338.2444,2558682865072.008,257.28445291013713,79298800083.0948,30278257106.176193,61496.63036953899
1658,0.0008290000000000002,80142718765.22133,27813881153.99615,61424.498408325904,379205908738.7407,2564997744346.836,255.35670114547463,80145905294.16873,27810683104.821827,61442.810618083975
1659,0.0008295000000000002,80913367320.42113,25322614004.03795,61441.413480952695,317613229242.6903,2570468144806.473,253.61251451602894,80915807597.86626,25321251349.43206,61462.163163683465
1660,0.0008300000000000001,81606667428.03969,22810253405.38378,61454.12921905906,262898938058.44543,2575109528934.675,252.04286045846814,81608826397.5155,22809333943.56964,61500.87698588959
1661,0.0008305000000000002,82222325853.92627,20278165142.33084,61470.33955763357,214698456558.39682,2578907344867.356,250.6403375212658,82224282001.08311,20277968694.47604,61485.59109030363
1662,0.0008310000000000001,82759081630.74901,17731631751.337605,61470.61776553035,172685976807.9639,2581858872691.2188,249.398322629938,82761406466.38884,17729493507.6964,61527.98042007603
1663,0.0008315000000000001,83217284390.94135,15170166562.184216,61477.92987354187,136601476576.35332,2583948428578.11,248.31154864851274,83219564270.4901,15167772926.454777,61504.96593853664
1664,0.0008320000000000002,83596810021.88013,12594237061.41752,61502.89251174246,106196227537.4177,2585182159351.6885,247.3748464100743,83598660310.63074,12593821307.417747,61514.445339924154
1665,0.0008325000000000001,83896300466.05542,10012104544.588037,61503.559803587275,81256424880.62245,2585562169087.5137,246.58355033206354,83898020647.49197,10012701215.077692,61475.44193156002
1666,0.0008330000000000002,84116162728.89348,7423134714.33968,61506.20132602941,61635622264.59061,2585066884983.2856,245.93456443612143,84117749392.10223,7425746845.64647,61485.347620889675
1667,0.0008335000000000001,84256128643.0328,4831403697.865904,61499.9517652589,47195635492.279,2583695792337.4463,245.42495838465084,84257826436.7727,4833307870.972969,61509.02838417087
1668,0.0008340000000000001,84316371312.56825,2237281909.064481,61500.49935542065,37832530298.25729,2581442801834.184,245.05233825121786,84318077228.7286,2239002350.1530538,61468.09187243798
1669,0.0008345000000000001,84296797875.8293,-352658172.70876247,61479.746510229896,33465976646.08811,2578304235064.477,244.81468851991474,84298535881.07372,-352961504.8980116,61455.10020656411
1670,0.0008350000000000002,84197698784.06018,-2943366431.653784,61490.60996566012,34046051680.301945,2574271904143.972,244.71058309919653,84199410727.56555,-2942382701.0816226,61500.03730761867
1671,0.0008355000000000002,84019164824.22618,-5526288743.536906,61485.58591631811,39551276224.76185,2569337463532.244,244.73907890252744,84020853893.64621,-5526099476.419853,61511.12818296794
1672,0.0008360000000000002,83761403960.90141,-8102100201.451827,61488.81236586103,49988163399.05905,2563489800106.5796,244.89978578135995,83763001744.47285,-8102838893.692558,61483.99022782176
1673,0.0008365000000000001,83424835913.54085,-10666665177.789059,61487.12176135564,65394070004.50596,2556715773588.7534,245.19284813365718,83426563475.93896,-10666629827.005161,61436.09053528849
1674,0.0008370000000000002,83009862811.17508,-13218054496.102398,61484.90478314699,85829603511.39795,2549004213219.3193,245.61877630631935,83011925309.86021,-13216132387.985947,61407.61966311025
1675,0.0008375000000000001,82517563121.11588,-15750536484.52278,61460.69143725221,111384094876.19566,2540341958911.0317,246.17852023827353,82519690660.21964,-15748773339.859241,61379.36681512532
1676,0.0008380000000000002,81948377341.01566,-18263979951.27605,61434.6069114553,142154465258.9343,2530726207819.5293,246.87299152472704,81950586957.80284,-18262210855.03643,61345.95647653982
1677,0.0008385000000000002,81302164649.86746,-20759778853.68008,61431.41941628929,178278393285.26706,2520141943752.6465,247.7037619476944,81305061152.51717,-20755582565.74023,61369.28469046725
1678,0.0008390000000000001,80580493332.96678,-23231451672.20272,61418.02608128775,219957883868.60425,2508554773546.127,248.6737671149148,80583488991.94006,-23227272419.106674,61416.81413106024
1679,0.0008395000000000002,79783626848.45818,-25678926287.861095,61411.633691948235,267395875410.27747,2495955424990.2593,249.78578798399514,79786571217.61433,-25675506023.501064,61412.07028353225
1680,0.0008400000000000001,78912591849.6898,-28099194930.951588,61405.5912566801,320854329279.9017,2482316830870.747,251.04344451137334,78915443203.04202,-28096323710.04594,61388.593978628756
1681,0.0008405000000000001,77968399637.50159,-30489782067.572384,61398.242352862246,380629023876.9244,2467616885213.522,252.45080179618316,77971655515.17474,-30486311505.342648,61338.57793119513
1682,0.0008410000000000001,76952726522.95242,-32846863199.008713,61378.99783801775,447057965540.30096,2451832718934.5884,254.01240423232292,76955636281.30026,-32844669483.714138,61358.57074835355
1683,0.0008415000000000002,75865582904.03822,-35171093510.10515,61369.80096501469,520505736222.1825,2434951064972.788,255.73286006881494,75868491235.24318,-35169204287.38499,61334.88568517542
1684,0.0008420000000000002,74708465965.24794,-37459325605.34225,61361.305271033416,601436414071.6433,2416925980682.6694,257.6184691644765,74711736462.64124,-37456876135.200745,61318.459939971464
1685,0.0008425000000000001,73482807639.12999,-39708997177.82143,61350.118592519306,690362844030.4851,2397724870467.8047,259.67616983933306,73486532912.80672,-39706023555.74981,61304.472649544026
1686,0.0008430000000000001,72189949503.19052,-41917994639.43271,61336.418744313705,787861857405.5151,2377317032636.5625,261.91344535399196,72193133515.37236,-41916294629.96506,61330.01044286613
1687,0.0008435000000000002,70830040044.666,-44086356131.68798,61335.20011528129,894591390882.7932,2355666916955.5117,264.33860123595895,70833864989.4634,-44083847166.8942,61268.36413854255
1688,0.0008440000000000001,69406305988.73692,-46208914160.884,61320.946991123434,1011350911396.138,2332709038679.534,266.96209146992146,69410132040.72542,-46206687041.68458,61277.29102789902
1689,0.0008445000000000002,67918343850.10734,-48286743264.29334,61318.120055948304,1138975654441.976,2308424209420.317,269.7939216544104,67922810878.3163,-48283863531.66031,61292.38431382234
1690,0.0008450000000000002,66369251166.66718,-50315510513.948814,61306.382440119974,1278504404797.5964,2282734983263.943,272.84686139545545,66373719571.84347,-50312937888.13248,61283.556542786326
1691,0.0008455000000000001,64758138497.8782,-52296709543.28007,61312.248579350555,1431059692415.86,2255605311833.721,276.133914649708,64763617046.73586,-52293127966.37297,61309.607888774866
1692,0.0008460000000000002,63089471974.83379,-54224693871.97514,61303.24708107804,1598041414190.6362,2226930670984.696,279.6718847005466,63093686021.54326,-54222922037.57417,61331.82624318594
1693,0.0008465000000000001,61362956568.392746,-56100227041.06864,61301.4285645177,1780936150203.3315,2196682232379.6482,283.4769804556625,61366372965.784676,-56099500458.99732,61339.740431216786
1694,0.0008470000000000001,59581239449.77078,-57920466841.02664,61296.46670942439,1981560123361.0286,2164759761833.1868,287.5690307305074,59582437552.627594,-57922178533.46069,61364.156022714786
1695,0.0008475000000000001,57744992167.48558,-59684916687.6022,61297.958695686466,2201984714880.851,2131084775769.247,291.96986251539516,57744678971.07888,-59688065725.93253,61368.230421371234
1696,0.0008480000000000002,55853608578.48698,-61394108971.499405,61321.95261431841,2444685100073.5205,2095540174337.9004,296.7052774600114,55852955342.10591,-61397322140.26683,61441.1063411581
1697,0.0008485000000000002,53912689607.00336,-63042652330.79299,61333.35867666672,2712684335475.59,2057954447402.8347,301.80729248936206,53908868644.49023,-63048411470.289566,61480.4054028188
1698,0.0008490000000000001,51921775238.17586,-64631170582.32521,61352.3239556369,3009362471035.4917,2018257585434.7253,307.30820870106936,51916727604.13319,-64637522500.51901,61422.76775057262
1699,0.0008495000000000001,49883072440.474495,-66157793553.32321,61374.325701496775,3338851046768.736,1976284566953.7058,313.24662804833133,49878378597.03364,-66163468013.24563,61425.01017985565
1700,0.0008500000000000002,47798345712.04139,-67621144535.1657,61399.44735998036,3706076148553.953,1931867838518.0452,319.6671494970138,47795088966.75545,-67625450720.353294,61432.84786173502
1701,0.0008505000000000001,45671383643.17785,-69018524221.09215,61415.36349591935,4116979958206.139,1884814960730.993,326.62167875789504,45670460243.03608,-69021011894.63774,61373.28900414254
1702,0.0008510000000000002,43503585037.27497,-70349191085.72438,61428.480612077474,4578667435600.329,1834950777203.0496,334.1686016494252,43505908160.72927,-70349523942.70128,61379.12784282841
1703,0.0008515000000000002,41299078791.47588,-71610731769.07562,61427.6961526136,5099855348685.025,1782034886473.3042,342.3770774537222,41304881824.257515,-71609127940.18085,61328.908187771136
1704,0.0008520000000000001,39059413960.17666,-72802599331.59552,61420.1378226389,5691159906220.052,1725834112530.8154,351.32690990040805,39068303148.63157,-72799547411.11131,61293.92063560168
1705,0.0008525000000000002,36788128330.244354,-73923185830.43199,61400.37289195009,6365806086215.4795,1666033820483.3145,361.1141769506314,36799248231.85285,-73919457868.2166,61267.921665074624
1706,0.0008530000000000001,34486756627.64407,-74972132106.88387,61375.24456006426,7140295842752.379,1602293359684.885,371.8534944066118,34498959477.22827,-74968405899.91614,61248.69023610774
1707,0.0008535000000000001,32155581008.71833,-75949594364.05347,61355.93284355319,8035582294118.8125,1534176141450.1313,383.6853127663748,32169369151.10713,-75945679493.38646,61192.92896827325
1708,0.0008540000000000002,29794751154.54725,-76855564453.30219,61350.969261316306,9078678659832.121,1461118990807.9702,396.7855827510294,29814433550.50073,-76849892479.76498,61148.71606868161
1709,0.0008545000000000002,27412695365.620213,-77686740577.30234,61328.37826954926,10304847579949.645,1382432939678.53,411.3766042701607,27435712750.309616,-77680667101.44049,61120.06962823577
1710,0.0008550000000000002,25009916084.86255,-78443453133.7696,61300.58137839263,11759897976118.22,1297513513618.5283,427.7273142449563,25035388309.221825,-78437497361.64833,61098.452638258466
1711,0.0008555000000000001,22587050955.689644,-79125802375.22845,61276.027809012354,13504768010483.736,1205554617950.2163,446.1774701283087,22614276922.762295,-79120311883.7717,61151.82324530819
1712,0.0008560000000000001,20147136396.864967,-79733083674.28723,61251.07293793984,15621684794914.332,1105575235054.0952,467.1647031511619,20173257505.356266,-79728853051.71149,61168.78238504672
1713,0.0008565000000000002,17688373371.6683,-80265915185.06195,61241.96185183235,18222835870193.043,996518035247.1,491.25389906250564,17717733243.678978,-80261857002.28499,61103.577727535216
1714,0.0008570000000000001,15221104472.383785,-80721946176.47021,61215.065214386406,21463758359413.18,877184338337.0867,519.1865681371256,15248784238.968798,-80719225810.28932,61081.8786615741
1715,0.0008575000000000002,12739996505.748524,-81102681606.59322,61202.002905628644,25560370497777.805,746788228517.0305,551.9120930593592,12770272256.452244,-81100461999.48322,61052.59094423056
1716,0.0008580000000000001,10245668703.911,-81407857206.34676,61205.54359417054,30815024887266.89,604954109893.3955,590.6541927374092,10283720036.862585,-81405569314.18222,61046.00500916828
1717,0.0008585000000000001,7747478119.195634,-81636080506.09839,61199.09159866714,37645234037202.69,453054735458.96045,636.9139178946666,7790829467.8667965,-81634471686.8561,61005.62748161896
1718,0.0008590000000000002,5242574594.187684,-81787931459.779,61201.04432644644,46598936056189.65,296846505815.2183,692.2833694042764,5294567216.877516,-81787114345.23148,60988.89039931206
1719,0.0008595000000000001,2735617748.711487,-81863013547.04506,61202.74822845373,58301937578384.516,151136944896.93887,757.7784797923242,2797090276.957316,-81863515267.65218,60971.772619947464
1720,0.0008600000000000001,228774705.42570642,-81861358204.40984,61204.88603058237,73167114631069.44,49068773305.87508,831.8722893162285,300753093.0128646,-81863636214.96916,60929.4987040784
1721,0.0008605000000000002,-2274413853.822058,-81783028667.12683,61204.00795599785,90522686962484.05,53126562269.90116,906.1469004051759,-2192271815.966303,-81787826934.53601,60953.99280255063
1722,0.0008610000000000002,-4768088235.758668,-81628471770.53444,61192.434014934384,106966440520127.36,249663045338.56177,959.5902345111195,-4680464108.007903,-81636161816.31287,60968.203175567694
1723,0.0008615000000000002,-7245512352.5007925,-81398659428.76062,61161.76625915335,115641914046995.75,683941954421.0251,962.0077388276496,-7163243046.101484,-81408653246.96791,60995.98834334052
1724,0.0008620000000000001,-9706553795.480185,-81094474914.72308,61119.90905425225,110698407979235.94,1254951360382.2651,900.8205056019389,-9638361581.488003,-81105547145.80684,61063.08062244134
1725,0.0008625000000000001,-12144932636.189425,-80717473933.98859,61059.533420436754,94246886845921.19,1754764703429.0193,803.5896498691643,-12101368206.145845,-80727340981.4416,61041.59261877969
1726,0.0008630000000000002,-14575793330.193396,-80266185442.55367,61019.03017186553,74155422555224.17,2060419172876.062,711.4308140013906,-14550667220.86409,-80274321746.27156,61029.50563986957
1727,0.0008635000000000002,-16992599308.462553,-79741367475.38258,60986.4533998774,56317925103321.04,2189881403288.338,644.499575827782,-16981996041.500675,-79747465230.61911,60976.87000475377
1728,0.0008640000000000002,-19398350659.9587,-79142189624.96841,60972.19981300689,42568881757356.45,2212814011528.2705,602.4815713956656,-19393106692.960953,-79147419332.63727,60927.29323887593
1729,0.0008645000000000001,-21780712885.304672,-78471226417.57967,60952.07987610714,32570995161713.605,2188007114521.4827,577.711410714779,-21781574970.19216,-78475125741.70354,60832.57618473424
1730,0.0008650000000000002,-24144060045.26667,-77727525121.53323,60942.27295809866,25429586245479.332,2151113660450.9592,562.4690362443176,-24144709145.25185,-77731528268.70724,60871.92087235416
1731,0.0008655000000000002,-26475307431.75584,-76915032708.60246,60912.36589509551,20315886745497.58,2120985080470.7625,550.89361254,-26484761920.960625,-76916196765.56346,60906.879985276086
1732,0.0008660000000000001,-28785388597.83439,-76030616425.75887,60901.89891922838,16604155636644.803,2105491289874.6733,539.1041406117089,-28797518366.781437,-76030488690.06142,60871.51339908975
1733,0.0008665000000000001,-31073083291.838943,-75074208378.78581,60916.30980524618,13850361286026.076,2106285096944.8247,524.9179315668106,-31081365392.007336,-75075251744.4119,60925.96140245651
1734,0.0008670000000000001,-33326993865.071815,-74050015768.7734,60921.046650735094,11748654726689.008,2120897758161.8232,507.5996990191492,-33336401207.193462,-74050311556.97115,60984.48937349099
1735,0.0008675000000000002,-35549097480.453606,-72957445575.79279,60932.68471684607,10093766308035.248,2144524792679.0237,487.55843828124455,-35559542586.91877,-72956819419.9898,61043.64755026239
1736,0.0008680000000000002,-37733661600.37065,-71799253176.22545,60934.27866276696,8750632422802.248,2172196775978.4033,465.89658165475805,-37748409726.22292,-71795973908.11243,61087.707569880455
1737,0.0008685000000000001,-39884460286.94886,-70573702557.62073,60953.872955081584,7632994534161.439,2199778326951.0728,443.95128455213086,-39901344695.68787,-70568592500.94139,61092.159174412256
1738,0.0008690000000000001,-41997533001.05008,-69282703781.71263,60980.34085156619,6685960737292.376,2224867306502.2983,422.8993223874854,-42014374744.86284,-69276883053.56187,61127.89989930661
1739,0.0008695000000000002,-44067833387.34238,-67929239293.52198,60996.580189345135,5874346054251.989,2246507292142.768,403.5564404168956,-44085455820.284325,-67922209869.777565,61058.05162664298
1740,0.0008700000000000002,-46097097710.96008,-66512385019.11853,61023.72880407979,5174481314270.56,2264817532512.5835,386.3377236828991,-46110433930.839066,-66507535499.44959,60992.86586928873
1741,0.0008705000000000002,-48080366095.186,-65035420012.18753,61042.82324324547,4568683195463.907,2280667508316.6387,371.31472715718854,-48090192032.03874,-65032618038.14007,61043.10261703257
1742,0.0008710000000000001,-50015138401.47223,-63500417969.76618,61050.497165873116,4042913935202.222,2294999171698.7627,358.3364631636916,-50024472153.38664,-63497544372.41173,61066.96229404442
1743,0.0008715000000000002,-51900918123.89615,-61908067765.68103,61055.95389673297,3585330155455.34,2308637218159.0825,347.13743241684523,-51909329393.024826,-61905589741.662,61036.40743834377
1744,0.0008720000000000002,-53736322596.862686,-60259666601.721054,61061.62410395467,3185626443047.012,2322185126735.6724,337.4181875733727,-53742127250.73841,-60259134457.28827,60970.49842781707
1745,0.0008725000000000001,-55518500195.71618,-58557886965.56703,61059.132193801786,2834896081476.864,2335953672184.2163,328.8988306851763,-55522241097.588135,-58559137072.48762,60980.198372397164
1746,0.0008730000000000001,-57245212744.14658,-56805182637.376434,61044.54204453378,2525620505231.9453,2349979876790.7363,321.34677558589675,-57248965810.91331,-56806378610.34559,60984.38808453995
1747,0.0008735000000000001,-58918131057.1637,-55000229456.94505,61043.75212948126,2251539306064.1924,2364142488721.2046,314.5823395819759,-58921179430.36061,-55002121153.36915,61039.20107925418
1748,0.0008740000000000001,-60534275831.84545,-53146117645.910805,61043.23532155161,2007350159796.927,2378321895563.47,308.4690361402793,-60537363128.6511,-53147903068.1371,61052.45242493709
1749,0.0008745000000000001,-62091061531.82438,-51245972973.040794,61033.136459199995,1788783870659.0374,2392315986338.757,302.90865778806227,-62095670768.46359,-51245884652.564354,61056.09869222504
1750,0.0008750000000000002,-63590096951.73442,-49298144971.87991,61041.18482836577,1592422042786.14,2405923777484.598,297.83122262697646,-63594391745.43329,-49298334348.784676,61094.953263813004
1751,0.0008755000000000002,-65027674008.597626,-47307217762.549774,61043.08637073868,1415369924166.6082,2419057513900.983,293.18148761015027,-65033638231.05233,-47305006573.39283,61124.63059421167
1752,0.0008760000000000003,-66403749099.04378,-45273485982.06504,61051.827048747684,1255352649296.9382,2431591634515.361,288.91763737921656,-66411145396.07293,-45268807796.15437,61171.18156332059
1753,0.0008765000000000002,-67718443251.86347,-43196659270.8007,61081.16474538859,1110451612652.4893,2443472827555.1504,285.0043527229284,-67725431447.56308,-43192075277.03221,61181.30652011129
1754,0.0008770000000000002,-68968399482.61478,-41081595897.946175,61105.268021863056,979025156262.4377,2454687828884.191,281.4100120871104,-68974775165.73497,-41077533107.76041,61142.136197878564
1755,0.0008775000000000001,-70152740962.40735,-38929901134.805016,61128.087108443855,859779323649.8375,2465175352249.8403,278.1091287654428,-70157824005.37262,-38927702910.98857,61186.64388435484
1756,0.0008780000000000002,-71269661581.34471,-36744936654.19865,61140.71458636678,751609676849.5057,2474907171624.972,275.07958206811975,-71274765335.34375,-36742335340.36145,61196.82497494191
1757,0.0008785000000000002,-72318307882.74205,-34528735161.11292,61146.0534852893,653594650671.4049,2483854171305.8535,272.30245009302354,-72323200701.3905,-34526447428.32455,61119.167435402574
1758,0.0008790000000000001,-73297895439.76639,-32283314442.444695,61146.600212696554,564928744702.7323,2492005996830.607,269.7608215918954,-73301884962.21289,-32282714396.861664,61063.349662458626
1759,0.0008795000000000001,-74208693393.9562,-30008335635.856194,61160.288724154474,484903413584.912,2499359824734.349,267.43950893513704,-74210716159.50952,-30012408554.232376,61096.552838146585
1760,0.0008800000000000001,-75047223714.26428,-27712378079.561222,61140.42195967648,412864244841.42096,2505931685310.9736,265.3242303519173,-75049119446.35255,-27717154137.245274,61099.86574432452
1761,0.0008805000000000001,-75814858825.58589,-25393127667.575882,61126.08120322747,348328551245.9139,2511674470127.9326,263.4048318211788,-75817026835.79163,-25397456808.760433,61114.43100623861
1762,0.0008810000000000003,-76511531199.0293,-23050952458.856083,61128.02946251362,290800629025.1257,2516606783355.236,261.6710324032241,-76513570408.95229,-23056096667.12831,61124.51621591389
1763,0.0008815000000000002,-77134925017.71075,-20693480473.6271,61105.984103381925,239835461108.31903,2520742433986.4946,260.1131661539556,-77138089667.11693,-20695217227.02404,61126.3180288628
1764,0.0008820000000000002,-77686144284.91042,-18318027805.754276,61098.89897233193,195105206482.95026,2524050361945.371,258.7243806861368,-77689444547.56194,-18319179348.44634,61078.40152693536
1765,0.0008825000000000003,-78164505955.43938,-15927305235.932726,61099.686017014676,156276244299.13147,2526543996009.802,257.4977371174889,-78167848165.2648,-15928374939.695984,61128.854457392044
1766,0.0008830000000000002,-78569521398.33798,-13523736462.678137,61105.08624619772,123076404616.59274,2528219175112.057,256.42733752978444,-78572720126.48984,-13525465751.909575,61066.0760595642
1767,0.0008835000000000002,-78900551956.55838,-11111317739.273874,61102.420452251354,95282384623.09026,2529066818989.4478,255.50836217380635,-78903652031.91946,-11114210387.933077,61035.70648905139
1768,0.0008840000000000001,-79157364442.66203,-8693178710.605007,61088.13272362957,72718375317.66473,2529073480899.3174,254.73703647437097,-79160662811.37451,-8695456820.390877,61085.49943127185
1769,0.0008845000000000002,-79340219812.13112,-6269116032.972986,61081.51763664225,55238530776.13806,2528231430146.517,254.11014299785313,-79343488787.29434,-6271714524.778179,61024.61848009607
1770,0.0008850000000000002,-79448829704.80757,-3843606716.9021354,61066.04516813989,42714869185.70831,2526541604244.9707,253.62460028941263,-79452214725.62459,-3845710936.967644,61061.91344482991
1771,0.0008855000000000001,-79483392419.42871,-1417104694.4991288,61055.933072464504,35055560130.99194,2523996545338.3213,253.2779849105988,-79486880633.57803,-1418408393.2869098,61038.448619126575
1772,0.0008860000000000001,-79443938585.62134,1008057919.9040711,61049.31116525534,32191163947.19461,2520591591230.5083,253.0683084246355,-79447508667.66528,1005736025.2300816,60987.734182007385
1773,0.0008865000000000001,-79330592226.31033,3429026513.917161,61041.329555241595,34081880861.212368,2516318147925.417,252.9941774035784,-79334268911.5978,3425722120.5437937,60947.38865507074
1774,0.0008870000000000001,-79143592295.24408,5843471089.616944,61031.79757295789,40714571764.16968,2511166378838.0723,253.054753596344,-79147694234.70485,5837029856.8501835,60921.491063416295
1775,0.0008875000000000003,-78883587561.957,8245329978.552023,60995.822193289394,52100743301.93784,2505126477629.518,253.24966681126955,-78887834106.13472,8240340571.361242,60922.44282677827
1776,0.0008880000000000002,-78550675915.89917,10637820524.615335,60976.12860225144,68262578433.603195,2498195834953.709,253.57865642802653,-78555203066.39775,10632704121.510834,60893.97135216203
1777,0.0008885000000000002,-78145456282.30603,13016653624.24936,60954.6677735474,89263576396.1759,2490359219983.239,254.0422238555112,-78150387187.57239,13010506504.254362,60864.30413403075
1778,0.0008890000000000003,-77668536649.04832,15379362201.635017,60929.95788191826,115188284322.18634,2481604794448.808,254.6413102087656,-77673626339.11183,15373960678.14099,60875.45672115527
1779,0.0008895000000000002,-77120345622.57849,17724824856.124706,60909.739995851036,146146553832.4483,2471920595558.748,255.37725531327953,-77125532848.18216,17719943728.908764,60841.26636534128
1780,0.0008900000000000002,-76501538685.234,20050724538.35059,60891.67621646215,182284371709.08026,2461288646912.319,256.25203728085853,-76507060498.07213,20045345431.47915,60800.94102768351
1781,0.0008905000000000001,-75812751825.25545,22355153787.52306,60876.636141291594,223778114019.45193,2449691096973.71,257.2681466657648,-75818819389.92064,22348642322.189503,60780.96290333834
1782,0.0008910000000000002,-75055506453.12025,24633492750.35607,60846.65249979323,270839551855.30887,2437107825394.8257,258.428625752241,-75061532881.92534,24628104429.608562,60759.33880208709
1783,0.0008915000000000001,-74229886395.15901,26886522261.743008,60824.70556783996,323688569823.3315,2423533382049.0195,259.73635396492756,-74236061896.2497,26881600005.35257,60777.9886775571
1784,0.0008920000000000001,-73336638554.83759,29112415959.18992,60810.24050428178,382615522837.03174,2408936307666.982,261.195447414999,-73343233335.80698,29107149107.059566,60742.19342424149
1785,0.0008925000000000001,-72377295246.15508,31307550339.076405,60790.21967952755,447958353039.7729,2393285154398.567,262.81093451926336,-72383635764.94687,31303513373.15885,60820.712815185725
1786,0.0008930000000000001,-71351612948.05183,33472941853.435997,60786.83923855553,520080055731.3316,2376562806954.4976,264.58793334185384,-71357528833.89124,33470226492.54021,60793.48459949252
1787,0.0008935000000000001,-70261184974.78639,35605058346.889824,60785.13171137208,599444661330.768,2358719545871.4067,266.5332942305214,-70266472785.0968,35603808913.947174,60828.51870332863
1788,0.0008940000000000003,-69106863993.31888,37702377635.68995,60787.61514849227,686552082363.6813,2339726679520.9863,268.6541878082736,-69111648866.02412,37702363391.88406,60814.73411795709
1789,0.0008945000000000002,-67889990038.35271,39762532226.177414,60789.98841219172,781978929483.8817,2319547079842.502,270.9586193102419,-67894590480.834114,39762964673.18613,60790.5753543168
1790,0.0008950000000000002,-66612258646.77984,41782821910.75072,60786.178059894824,886371536232.5973,2298146238028.095,273.45527079255254,-66615870952.155945,41784951406.39128,60812.607682458656
1791,0.0008955000000000002,-65273187116.47171,43764258983.82472,60798.36825797978,1000447464249.3032,2275494300500.7603,276.15334193556555,-65276748709.139305,43766491781.07081,60848.556762086904
1792,0.0008960000000000002,-63874766212.8804,45703663393.18355,60812.94950576783,1125098682172.1204,2251514126081.282,279.0648906406199,-63878717119.07161,45705281577.22931,60836.692986137525
1793,0.0008965000000000002,-62417432591.90908,47600405034.54862,60838.10818239116,1261309441096.6196,2226155724049.379,282.20286872497996,-62422276835.117584,47600775942.8788,60842.17606376891
1794,0.0008970000000000001,-60905671290.0442,49448516900.11914,60839.43811272083,1410243264784.369,2199345490650.391,285.58233820539573,-60910056654.34405,49449594524.64778,60882.77377143542
1795,0.0008975000000000002,-59337552390.485535,51250838774.648094,60856.67889995847,1573102745632.9185,2171079531985.8245,289.21689037970543,-59343321323.91386,51250264130.7034,60831.46247084572
1796,0.0008980000000000001,-57718976772.44499,53000436248.09637,60845.02018872851,1751432902659.5527,2141242988156.1973,293.1250455696525,-57724833988.231155,52999965870.829285,60779.24904894769
1797,0.0008985000000000001,-56048086243.549126,54699943472.85681,60843.35166433373,1946827255733.4263,2109830704169.2375,297.32381477702046,-56055151819.51438,54698446767.08134,60793.959772368544
1798,0.0008990000000000001,-54326889796.446335,56347277702.99825,60845.17860719434,2161309299319.117,2076715945364.3743,301.83584593156866,-54335523745.11225,56344437530.23982,60811.13050848623
1799,0.0008995000000000001,-52558613192.456154,57939429178.003136,60837.03214413668,2397229064938.6655,2041790192800.6106,306.6873734610507,-52566845048.455696,57937345707.923134,60850.61539236655
1800,0.0009000000000000003,-50744202168.212524,59475855518.23283,60827.7749209842,2657274090545.658,2004975670040.8772,311.90640859291915,-50749991129.57252,59476205696.51066,60909.2470391198
1801,0.0009005000000000003,-48883862443.63349,60956527851.89471,60828.904985116824,2944658070541.9937,1966150366265.7866,317.5254722921868,-48887335779.93141,60959006855.4514,60924.45696722553
1802,0.0009010000000000002,-46978508990.26797,62380629379.15189,60843.20640620776,3263277840692.651,1925142710230.599,323.5839492029937,-46980489550.34017,62384154000.53943,60947.37328890141
1803,0.0009015000000000002,-45031252055.94315,63745673222.285645,60857.90547346423,3617835829543.6465,1881761295318.569,330.1285040459471,-45030918719.79271,63750778533.88073,60970.66188013044
1804,0.0009020000000000002,-43042606085.288506,65051303871.86108,60881.24885184222,4013913248359.5493,1835843070723.6284,337.211261358167,-43041891381.55858,65056389743.06573,60997.2923119794
1805,0.0009025000000000002,-41015579812.09693,66295411535.62497,60903.53213574145,4458334497605.268,1787164109044.4858,344.89372328920945,-41013718095.0882,66300991497.60725,61021.52836856441
1806,0.0009030000000000002,-38950783430.60874,67477616741.64957,60932.5900419647,4959354360131.023,1735507724016.3848,353.246454941545,-38948820299.6297,67483042309.1746,61057.543557421726
1807,0.0009035000000000001,-36852498482.17875,68595353146.06091,60952.90678012078,5527195735396.51,1680583102889.19,362.3540444191331,-36849124102.30241,68601320070.47565,61091.730488847155
1808,0.0009040000000000002,-34720368471.75643,69648930378.35527,60979.58110656523,6174388880214.099,1622122485922.392,372.3142398138074,-34716512525.26012,69654795727.36205,61069.071457579965
1809,0.0009045000000000001,-32557753873.33789,70636572815.05196,61003.524026539395,6916764235921.831,1559730097472.2983,383.2471223918969,-32554938241.135246,70641673437.26451,61076.308653851556
1810,0.0009050000000000001,-30368395183.253998,71556627670.3489,61016.568096798044,7774264332568.286,1492994500554.9382,395.2971948762176,-30365860869.1457,71561315289.20073,61057.47127927169
1811,0.0009055000000000001,-28152004399.358353,72409410778.4042,61033.02927200591,8772238995826.31,1421469296321.4104,408.6383494354426,-28149845376.413353,72413741811.83073,61109.1662887878
1812,0.0009060000000000001,-25911507418.26826,73193763441.28339,61047.968102050254,9943622880585.09,1344542371548.4363,423.4887394560576,-25910897159.989895,73197371176.45273,61078.89279357472
1813,0.0009065000000000003,-23651552163.53543,73908138845.65186,61050.109275292365,11331475391852.178,1261534474133.123,440.1208488616632,-23649926061.74529,73912080126.21437,61098.527189778106
1814,0.0009070000000000003,-21368629624.844547,74553897173.7155,61067.27228955383,12992602289907.592,1171723490639.8564,458.8741622911475,-21369022420.604717,74557026838.15573,61099.26586553401
1815,0.0009075000000000002,-19069702056.30155,75128849238.22578,61075.49814086174,15003758727866.6,1074103737850.7124,480.1904065726217,-19069591915.90408,75132077997.31375,61159.39354068073
1816,0.0009080000000000002,-16754882166.755957,75633168521.86026,61085.12722897824,17468901640676.754,967740773498.3435,504.63198457475556,-16753458255.201454,75636583748.83131,61194.34604120596
1817,0.0009085000000000002,-14425860612.011042,76066496345.30727,61097.66145113146,20531091383575.188,851613330429.6445,532.9274655054373,-14423223101.22712,76070038529.16324,61220.24629211311
1818,0.0009090000000000002,-12086346516.529427,76428126093.08444,61106.74452202434,24388718428952.387,724874509052.3263,566.0189937279242,-12081935428.918985,76431791739.8113,61213.07429967099
1819,0.0009095000000000002,-9737241310.81914,76718023842.90631,61117.69586318948,29316906405805.35,587372078077.9617,605.1009165266335,-9733022666.888794,76721435905.19579,61150.082316357984
1820,0.0009100000000000001,-7381629104.672398,76935809219.0878,61127.0844379455,35692245150946.9,440603614293.69977,651.6201934405861,-7378198572.916404,76938928505.49402,61205.319619972426
1821,0.0009105000000000002,-5024038495.7492285,77081155720.06947,61127.70071853872,44005669189160.76,290022323379.25275,707.1057938303697,-5017413143.721843,77084392879.16252,61196.06460002095
1822,0.0009110000000000001,-2664107082.865994,77154362415.88098,61129.33304371042,54813829156799.984,149592096845.6174,772.5181930764513,-2656384241.904226,77157412396.47888,61127.47851586552
1823,0.0009115000000000001,-303402975.2787635,77155451435.42258,61133.8996178971,68490607473291.29,49782881063.83765,846.4372312349193,-297634614.9384434,77158173970.79457,61084.60298449566
1824,0.000912,2053269679.888851,77084381584.9788,61133.10744294197,84491058350170.94,47619289701.44031,921.0693528356624,2057203858.1861517,77087000152.05623,61083.34266117921
1825,0.0009125000000000001,4404642153.833747,76941439956.75491,61130.68304527454,99948720896048.19,222992193123.68848,976.8729065342387,4407918304.370359,76944005244.85884,61084.043583293744
1826,0.0009130000000000003,6745301217.87739,76727156183.18726,61119.16988061714,108899983118242.14,624195255460.9125,984.7357478130439,6750893889.5265045,76729422415.31508,61062.966372509276
1827,0.0009135000000000002,9077206079.5581,76441724316.40562,61109.62232530898,105724705819710.64,1171203166352.497,929.52359420874,9083748388.015217,76443713797.16826,61027.30360704763
1828,0.0009140000000000002,11400502172.338987,76085160919.3786,61106.889229006934,91433761650567.0,1672635815885.5596,834.0765185634289,11406174025.047031,76087092607.28271,61089.70285081417
1829,0.0009145000000000002,13713156042.742239,75657626400.39552,61110.34543078828,72833294360136.64,1996882467158.2349,738.9080352039015,13717327815.524069,75659630292.78972,61124.23090469426
1830,0.0009150000000000002,16008927065.832903,75160160310.33406,61110.35209711415,55725612826329.55,2145652335154.9373,667.1521219523321,16014395802.212439,75161753445.96104,61176.93506368777
1831,0.0009155000000000002,18282036613.444378,74594278945.23131,61098.64471483121,42258778661333.945,2181589991426.6846,620.841341743489,18294613841.4654,74594083591.85892,61138.80260867415
1832,0.0009160000000000001,20538694752.629406,73958918379.40498,61095.09468059052,32345693308649.42,2162966357560.2473,593.1421180865176,20554697736.32812,73957371545.51721,61192.794057967585
1833,0.0009165000000000001,22779204645.373688,73253740950.76959,61106.42006365859,25213715065760.754,2127398077391.3728,576.3338546152877,22794577584.62258,73251769161.77092,61244.21973310443
1834,0.0009170000000000002,24993110675.054718,72481651276.7515,61109.685967088226,20086505946951.453,2095418637107.47,564.3089733058091,25012447236.42452,72477813330.63069,61226.07933709453
1835,0.0009175000000000001,27187418382.722343,71640477507.47427,61133.375825040726,16359547448115.744,2076353275449.6042,552.8715726898247,27203348107.204082,71637152290.671,61196.63132855216
1836,0.0009180000000000001,29349676509.13059,70734519811.9924,61141.89939571021,13597464374209.379,2072984838806.7505,539.5026702978497,29364545721.369316,70731023555.25478,61190.676181380266
1837,0.0009185,31485500227.966602,69761872213.72417,61163.99582694381,11498110098795.36,2083524717706.9387,523.1496033166896,31496220077.320557,69759632682.71144,61172.85638955009
1838,0.0009190000000000001,33587673986.700615,68725568149.87202,61177.341183123994,9854809161488.072,2104091928891.3862,503.91692667980635,33595521563.962315,68724329178.49467,61215.014271533226
1839,0.0009195000000000003,35653384085.45685,67627287584.960945,61177.44701221235,8529913250878.294,2129896255298.6304,482.7067955131908,35662320694.430565,67625182552.28073,61248.18219962158
1840,0.0009200000000000002,37688385302.425285,66464283927.31312,61202.45558728178,7433865178928.764,2156713860172.6208,460.77984811996396,37695080670.24064,66463015027.44656,61293.177468526745
1841,0.0009205000000000002,39685761736.34185,65240038424.400734,61224.834155475066,6508774284732.42,2181843386401.3157,439.346795428852,39691247370.82784,65239168655.02243,61273.58962012055
1842,0.0009210000000000002,41641744472.18387,63956969057.34291,61234.05710625714,5717628096905.311,2203849989390.79,419.33460819565687,41647312663.50463,63955797201.74431,61278.194905202196
1843,0.0009215000000000002,43555222703.1006,62616138880.32287,61235.02100721224,5035841395194.276,2222491259909.4927,401.2918269968499,43562842765.20213,62613345021.44696,61331.6203651296
1844,0.0009220000000000002,45426121916.00427,61217841863.90501,61238.50766740103,4445723345406.595,2238344781845.8945,385.4124211851276,45435641390.25711,61213288051.996086,61321.88151463738
1845,0.0009225000000000001,47254810627.55863,59761803493.441055,61257.466473910295,3933351265395.834,2252349056683.174,371.62724034783304,47263134368.76281,59757712757.857574,61280.57967306679
1846,0.0009230000000000001,49036955987.350006,58251236470.59206,61273.08076435295,3487026974200.9053,2265443723243.0454,359.711525529778,49043154391.35775,58248594421.00559,61266.81582880164
1847,0.0009235000000000002,50768675449.36278,56689589276.22203,61270.16138907275,3096867350213.0903,2278258394716.4023,349.38261747031083,50774245675.16337,56687315521.863365,61208.69116013892
1848,0.0009240000000000001,52452041433.58382,55075416841.28152,61276.87055823946,2754484683001.9204,2291121165866.228,340.36193856094326,52455460147.62098,55075018309.01721,61251.34751978952
1849,0.0009245000000000001,54084415704.81157,53411161066.98588,61283.907706647035,2452550562900.3667,2304231318162.065,332.4010078438156,54085619041.571945,53412904104.08112,61221.063651787284
1850,0.000925,55662831429.37928,51699961689.13462,61279.40233802666,2184940882101.8696,2317554695362.0854,325.29952449746645,55663507634.383064,51702336253.34852,61234.113549868554
1851,0.0009255000000000002,57187299927.59141,49942152044.52648,61276.426629365786,1946641770849.9778,2330920411454.802,318.9066512726338,57186855529.23516,49945862262.948685,61170.58658716077
1852,0.0009260000000000003,58654605889.6588,48141599101.98155,61258.4039778945,1733480324219.0774,2344166684527.8047,313.1100852974583,58653961145.230255,48145760515.028145,61192.32215419149
1853,0.0009265000000000002,60065507248.08474,46297856863.69997,61245.666994354564,1542121796936.6821,2357091076377.5117,307.82926050633534,60065079961.795494,46301990330.18671,61232.44839225008
1854,0.0009270000000000002,61418609114.49831,44412840543.36533,61236.03608710708,1369762281717.4524,2369580500068.0186,303.0023933094876,61418989052.844086,44416051551.831406,61253.507536455145
1855,0.0009275000000000002,62711909039.79301,42489493061.82576,61220.61990407586,1214107998082.9365,2381536245992.32,298.5813966013363,62714741134.95305,42489331804.76235,61295.05211875437
1856,0.0009280000000000002,63947039692.558754,40525653136.76921,61230.05470984085,1073297907320.4135,2392868726854.281,294.52832214973853,63950655951.17725,40524060402.29362,61298.54465514768
1857,0.0009285000000000002,65121936156.00677,38524145769.40419,61251.080432692,945685817800.8729,2403573654934.886,290.8089100214377,65125017387.92754,38523208489.11204,61254.502558662105
1858,0.0009290000000000001,66232939499.72686,36491058418.013695,61250.80875127242,829935825521.3966,2413611504571.593,287.39453778876845,66236021570.87277,36489837841.9393,61250.663814083164
1859,0.0009295000000000001,67281123359.86656,34425044802.2345,61257.99973819747,725016772626.4832,2422902247733.4976,284.2633422994937,67283868760.42631,34424333801.68886,61275.407408233106
1860,0.0009300000000000002,68265537377.381516,32327904272.088943,61271.87820896936,629975278607.8984,2431447557612.388,281.39463040861745,68267744875.3325,32327971245.271698,61298.32743516627
1861,0.0009305000000000001,69184034030.37115,30204184407.673172,61272.818246317074,543994895388.18494,2439242921090.9917,278.76976411750263,69186830912.68404,30202713750.3199,61332.545675244786
1862,0.0009310000000000001,70036945210.48871,28053624295.290848,61280.03642278444,466413766592.7867,2446257144488.852,276.37354081884405,70040089743.8335,28050924539.205933,61327.55477846479
1863,0.0009315,70823327390.47781,25878571754.40104,61289.77654973755,396617098211.34143,2452495536140.8447,274.19181853364006,70826548106.56189,25875313413.700455,61354.556715609404
1864,0.0009320000000000002,71542831129.58008,23680013704.282585,61308.76274509427,334078606647.08026,2457952025246.775,272.21230358755065,71545930393.53593,23676694689.145187,61347.76457007343
1865,0.0009325000000000003,72194027042.36919,21462116522.33963,61320.24526616377,278332084662.38165,2462624981548.4766,270.4241554339188,72196946144.15796,21458963693.819363,61322.87929697663
1866,0.0009330000000000002,72776944797.76439,19225153748.019867,61338.63144890493,229000111351.84012,2466493827283.7544,268.8187622940738,72779182365.27618,19223995303.58367,61330.184386073415
1867,0.0009335000000000002,73289862850.42113,16975708889.477535,61331.657550694385,185736326289.53882,2469557587684.449,267.38830141844386,73292257727.10358,16973752395.851744,61338.60148333454
1868,0.0009340000000000002,73733293604.5057,14713127595.297337,61324.86174835206,148278146669.23853,2471791168460.829,266.126894282025,73735844509.52538,14709922225.295399,61308.246675340095
1869,0.0009345000000000002,74107095627.26857,12438607238.642023,61324.63068669606,116366698357.75992,2473200730466.9897,265.0286594690828,74109506719.07318,12435511657.889416,61343.72110441142
1870,0.0009350000000000002,74411146807.16383,10152850796.045565,61339.080759726625,89776734214.93716,2473789571269.825,264.0881404368934,74413219587.75298,10151049531.132204,61357.979713625864
1871,0.0009355000000000001,74644824398.23843,7859715492.579375,61352.91263728035,68318298250.38335,2473556431359.061,263.3006015679987,74646685142.37439,7859257949.572809,61361.93930369399
1872,0.0009360000000000001,74807751834.37556,5563542387.5039625,61351.54171793674,51850012753.61399,2472487688731.9478,262.6625245023953,74809588545.0137,5563479169.566081,61316.36768971216
1873,0.0009365000000000002,74899998470.6464,3266966694.6687293,61335.67814281276,40264856239.80288,2470569868120.5947,262.1712945545661,74901880319.0097,3266963742.90307,61254.663638570426
1874,0.0009370000000000001,74921820786.3203,970369277.357083,61321.076389679656,33475457174.37638,2467797360368.452,261.82465300991055,74923733997.68199,971644747.8366035,61238.67630858749
1875,0.0009375000000000001,74873312775.87186,-1325724284.8343034,61318.47618102342,31413776969.441494,2464168287115.461,261.6205622967051,74875307871.54115,-1321679317.03503,61242.20378276825
1876,0.000938,74754566579.7886,-3616520393.396256,61306.936250361614,34041081371.415844,2459675789628.224,261.5575156770686,74756845987.24919,-3610522670.7983923,61215.52655333735
1877,0.0009385000000000002,74565930175.23947,-5899553466.653281,61286.512622399816,41345627069.57595,2454310102074.66,261.6346171441117,74568402060.85344,-5893920718.034303,61254.407455955174
1878,0.0009390000000000003,74307556634.15549,-8175564651.748121,61278.985204997916,53336521503.11826,2448063500831.485,261.8513890983464,74310090673.19821,-8170760431.71526,61304.82871905699
1879,0.0009395000000000002,73980102091.08661,-10438855184.073475,61256.696972055426,70056340451.26926,2440922083975.2,262.2080228346809,73982381485.97537,-10437263570.277157,61242.65021568893
1880,0.0009400000000000002,73583549595.21939,-12691419423.463902,61251.3614379421,91561210753.26434,2432878900679.922,262.7049412755913,73585664113.01587,-12691080978.768635,61279.39131739327
1881,0.0009405000000000001,73118215677.24829,-14930994027.786345,61257.6653505623,117953005063.01398,2423913066802.2524,263.34347098877583,73120128830.24222,-14931783195.131214,61343.17318431473
1882,0.0009410000000000002,72584520398.4841,-17155246136.240314,61271.0972371975,149365540411.14224,2414003170169.017,264.1256398733533,72585964227.04582,-17157926832.67107,61402.75702370589
1883,0.0009415000000000002,71982965681.86058,-19361910356.49592,61288.656986016096,185962745117.21857,2403128726071.189,265.0539933243223,71983852798.77412,-19366296900.036617,61386.83010996356
1884,0.0009420000000000001,71313646317.75749,-21550475104.322464,61320.25099068145,227939097352.4139,2391269685990.1377,266.13152110176435,71314190015.51698,-21555375349.266064,61465.957652081655
1885,0.0009425000000000001,70578030407.54834,-23715650170.425255,61339.90333265367,275538871643.9215,2378395607334.1416,267.3621191082671,70577572467.21333,-23723092361.919033,61497.69098163866
1886,0.0009430000000000002,69776224885.60934,-25857485376.088173,61365.16368918843,329008684240.7094,2364497927673.895,268.74941586652744,69774532240.43608,-25867457374.192883,61529.19442696786
1887,0.0009435000000000001,68908213618.14116,-27975765281.541035,61407.62605412721,388658869351.6616,2349546395984.058,270.2980692129139,68906752481.72124,-27984101075.08739,61501.319075362066
1888,0.0009440000000000001,67976647731.40024,-30063502696.05746,61427.70453638453,454871539048.768,2333495725604.091,272.0142561177094,67974831249.51416,-30071871886.76085,61491.02056481322
1889,0.0009445000000000002,66980687739.248764,-32123080294.47579,61461.969168722695,528006817196.3148,2316347487539.4595,273.9031402316052,66979524749.170876,-32129266117.188877,61494.28422700047
1890,0.0009450000000000002,65922320854.502464,-34150007910.212376,61488.80415801341,608550729576.1534,2298047766482.392,275.9720727843984,65922816579.86957,-34152447677.37185,61463.071871794564
1891,0.0009455000000000003,64803870670.94243,-36140050675.68093,61492.7499004014,697012105565.904,2278573254253.616,278.2285831235602,64805320978.63111,-36140688455.86411,61459.708443374795
1892,0.0009460000000000002,63625373330.1657,-38093746064.125496,61496.522630789725,793926200682.6981,2257918480944.755,280.67975538957467,63627988890.251144,-38092511559.92797,61468.30700520239
1893,0.0009465000000000002,62388112143.59801,-40009105357.41382,61498.82380622592,899960215524.9618,2236032831169.7007,283.3348184335082,62391147392.39689,-40007283037.3254,61500.486107976445
1894,0.0009470000000000001,61093931393.847015,-41883460750.780235,61493.10334801355,1015876740726.1879,2212867562489.5796,286.2045694458942,61096783917.93308,-41882064473.74042,61496.85819391185
1895,0.0009475000000000002,59743119755.719315,-43716696475.00997,61493.346488708135,1142529036339.5527,2188384125848.71,289.3006540754162,59745715366.501526,-43715813226.52076,61535.329659147035
1896,0.0009480000000000002,58337345329.33684,-45506578010.07171,61494.06651159484,1280944485975.6038,2162511622781.3284,292.6371995417351,58339810644.418175,-45505861329.530235,61509.347645195936
1897,0.0009485000000000001,56877374408.566666,-47252228476.49131,61501.272877090676,1432291082297.7727,2135189654842.5728,296.229860846299,56879544941.546776,-47252012919.81244,61569.11426093324
1898,0.0009490000000000001,55365447949.032616,-48950957384.50276,61505.061740117955,1597943502283.3958,2106339235909.667,300.096703622497,55366675401.90753,-48951777591.48438,61538.5358409078
1899,0.0009495000000000001,53802237033.98135,-50602151867.835655,61513.849887685,1779455121177.0647,2075899486644.5632,304.257073807997,53803719943.426094,-50602638385.81676,61532.474549058585
1900,0.0009500000000000001,52189602308.7516,-52203838224.798935,61523.034167119185,1978667336683.8262,2043777804499.77,308.7334267918175,52192189608.74787,-52203237225.21943,61523.47348275405
1901,0.0009505000000000001,50530442972.73054,-53753226710.89886,61521.4122049871,2197710897330.0005,2009885474888.5815,313.5508806952204,50532931130.761566,-53752872036.1299,61513.013030112226
1902,0.0009510000000000002,48824552851.19961,-55250772750.82814,61526.886069032495,2439019884369.2373,1974152042445.3047,318.73632828388725,48827246576.61247,-55250320191.63259,61573.331809889445
1903,0.0009515000000000002,47073671759.93311,-56694912073.058914,61536.63374372158,2705552106239.462,1936437316011.1716,324.3224915478464,47076394606.682755,-56694530632.443855,61516.292822115705
1904,0.0009520000000000003,45281653315.28775,-58082494158.856064,61533.52865569572,3000808082863.978,1896600297207.155,330.3473492993469,45284427453.13107,-58082147868.76155,61517.01248950911
1905,0.0009525000000000002,43449003030.45369,-59413433113.25186,61530.115694139975,3328846699549.027,1854539426192.1445,336.85190491543005,43452268895.643135,-59412813126.24617,61472.699948186586
1906,0.0009530000000000002,41578005028.15557,-60686198063.62385,61523.13199785191,3694596905783.675,1810084081103.464,343.8846836157427,41581709306.632904,-60685421544.26272,61532.77101124141
1907,0.0009535000000000001,39669207913.036415,-61900581220.10013,61521.92015917592,4103981646250.482,1763054207822.1448,351.50208497536494,39671460798.37551,-61900839301.00072,61613.970907938994
1908,0.0009540000000000002,37724924296.43684,-63055124069.56702,61521.974054723294,4564274980212.719,1713208346076.3452,359.77201044193095,37723992182.10934,-63057260723.11285,61631.644255545434
1909,0.0009545000000000002,35746278333.31613,-64149219632.45923,61527.50007007865,5084367329903.575,1660295604204.2192,368.7743056783325,35741433503.98272,-64153418738.42619,61687.708185715186
1910,0.0009550000000000001,33733269210.34453,-65182818137.214554,61548.05736978689,5675289731707.192,1604010196225.5352,378.6045635413111,33726040763.292168,-65187987840.60317,61748.15662792638
1911,0.0009555000000000001,31690150581.321003,-66153521362.52095,61566.53503468607,6350928990899.051,1543960997438.3225,389.3799354978616,31679597936.387497,-66159873269.32513,61702.124283677775
1912,0.0009560000000000001,29619441927.456066,-67060185880.64329,61580.34731496285,7128625580701.569,1479783831777.76,401.2385215083682,29605707182.98648,-67067511402.59407,61737.721551505514
1913,0.0009565000000000001,27520448465.248016,-67903189861.71841,61604.50852209922,8030365751706.79,1411054365852.4795,414.3461228913724,27506559487.263966,-67910006137.967674,61724.1958328939
1914,0.0009570000000000001,25396929081.554028,-68680853036.41604,61627.55745298126,9084605266182.955,1337189442386.8591,428.91034341656325,25382591873.856052,-68687301750.11052,61733.40231758775
1915,0.0009575000000000002,23252104643.287136,-69392019578.2858,61643.95221828769,10328249913639.312,1257578873847.2795,445.18742672889033,23237534062.36974,-69397965540.2258,61729.20332752042
1916,0.0009580000000000002,21087024578.399273,-70036465089.10744,61659.868852791995,11809759821287.484,1171539129289.4111,463.49616699092866,21070979656.906425,-70042339146.86583,61850.2002114848
1917,0.0009585000000000003,18901938741.1636,-70614120235.96948,61683.43087595851,13593773596856.297,1078242844416.4033,484.24169758109815,18886126301.78486,-70619273538.56166,61750.950853751005
1918,0.0009590000000000002,16704173334.02145,-71122947075.7476,61690.47786221408,15767721289853.826,976723937891.5286,507.946396950501,16686260364.739471,-71128072545.97676,61778.16844742344
1919,0.0009595000000000002,14486795659.520206,-71564826150.41722,61721.648216146954,18450388987615.03,866139032660.804,535.2736796933114,14474457125.117249,-71568137518.12886,61714.694146493464
1920,0.0009600000000000001,12259681576.217415,-71937337708.75319,61741.05405687885,21806287220686.543,745488717757.6869,567.0926156259857,12250655022.148674,-71939555255.6345,61790.85203121094
1921,0.0009605000000000002,10028710939.535534,-72239774438.91553,61737.21616633067,26062006991893.03,614496379256.3555,604.4998309831063,10014956959.452442,-72242394647.54391,61851.1603148585
1922,0.0009610000000000002,7787396325.383733,-72473533277.18225,61746.060638502146,31526886660084.297,474204346107.11536,648.8281673645475,7771029135.81577,-72475930696.54988,61888.64938189247
1923,0.0009615000000000001,5540262797.933286,-72637923638.75511,61756.72430361063,38610535829764.15,328325341272.07837,701.5705758387735,5521770666.128405,-72639923814.44751,61928.28783612976
1924,0.0009620000000000001,3292775995.560464,-72732557245.58292,61757.93756250268,47802906441279.47,187028037648.7624,763.9367388555887,3268381772.028277,-72734208799.11064,61906.90257506136
1925,0.0009625000000000001,1045076789.4210207,-72757717975.75548,61757.870701737425,59529660398290.88,73284051787.31818,835.5575804830021,1014999862.7863946,-72758733347.41248,61904.24990192835
1926,0.0009630000000000001,-1201043874.4452288,-72713498803.77487,61757.85237704287,73679689442970.58,31939725042.755615,911.4528266899954,-1236330275.2622678,-72713527360.92273,61866.879070626885
1927,0.0009635000000000001,-3443898284.07816,-72599998050.87416,61759.027351890945,88556084254656.97,133434892443.73643,976.9883315536165,-3481762317.7882495,-72598830132.99576,61817.25045611398
1928,0.0009640000000000002,-5682849666.85024,-72417263579.58717,61765.05226751947,99729859998408.19,443836482769.72943,1005.7969392131369,-5720334187.749424,-72414933535.86261,61850.94219344147
1929,0.0009645000000000003,-7910606238.22218,-72165877309.82811,61762.45096877948,101385468863674.14,940522584691.7747,974.2703959046784,-7951852521.693555,-72161975383.86172,61830.04890805838
1930,0.0009650000000000003,-10136385751.341549,-71845001205.65918,61779.48976222888,91710395433463.75,1468096221483.5857,889.9461361570425,-10171912428.689579,-71840522541.2651,61795.077024104896
1931,0.0009655000000000002,-12354938193.594133,-71454756003.71622,61806.442834571775,75391202953878.83,1861087528588.3867,790.2182905669982,-12381391001.123219,-71450592072.36139,61891.59887647512
1932,0.0009660000000000002,-14551284108.132524,-70997550498.74863,61812.895291151886,58609231513214.33,2072861197861.3167,706.9689126125076,-14577743543.215523,-70992505499.57869,61846.775700559214
1933,0.0009665000000000002,-16726612938.572786,-70473924244.65765,61808.06952405437,44643467900587.79,2148164895139.377,649.7613305000192,-16756078167.40566,-70467356013.30466,61837.83613322258
1934,0.0009670000000000002,-18898196926.341236,-69880012626.87413,61839.90024261105,34084267119304.496,2148208329415.0762,614.4089161762427,-18916285382.18081,-69875319978.33167,61867.53857423655
1935,0.0009675000000000002,-21042382983.97619,-69221159564.61093,61853.12062001281,26396741799750.984,2118012537136.9607,593.2245496309174,-21056671006.438526,-69216958592.56664,61907.64565423222
1936,0.0009680000000000001,-23166470930.000973,-68495775467.69734,61873.60795116003,20851644698748.12,2083340950028.9343,579.4464377747687,-23175644111.931877,-68492715779.180405,61920.51277004058
1937,0.0009685000000000001,-25270228838.79641,-67703735578.89087,61908.0367804402,16828275289590.229,2057620581006.5579,568.1099639789325,-25270176524.962513,-67703585111.919075,61902.52842377022
1938,0.0009690000000000001,-27336547713.923916,-66851257368.79232,61903.629250570455,13864593055326.758,2046280117395.7659,555.9701753659051,-27337773245.064617,-66850569736.66002,61890.022162353074
1939,0.0009695000000000001,-29374277883.496876,-65935829082.240295,61899.156366037656,11634634304836.89,2049302146840.987,541.3135884612528,-29375700500.001884,-65935032246.72493,61886.24422075575
1940,0.0009700000000000003,-31380302037.85668,-64958958599.84136,61889.46783148265,9911839111208.82,2064016100543.3008,523.6775880250191,-31383561979.990463,-64957366102.527885,61887.593702615784
1941,0.0009705000000000002,-33358420614.337288,-63918966275.7752,61901.24381021556,8542096508270.655,2086222864460.253,503.5544289902738,-33359127911.381065,-63918534651.257034,61874.78245235258
1942,0.0009710000000000003,-35298903239.979485,-62820620725.348976,61894.87052806752,7422387983231.655,2111746778837.6892,481.9956546823986,-35300463365.90872,-62819718370.11413,61873.43481677455
1943,0.0009715000000000002,-37203366198.10948,-61663477281.95963,61889.123552864476,6486086868839.156,2137005898149.6125,460.2366086318004,-37204935742.130684,-61662470173.005646,61828.498010695344
1944,0.0009720000000000002,-39069604712.08826,-60448977767.31724,61881.59155517384,5690084597691.046,2159890848217.1775,439.3614658803289,-39070142173.009445,-60448578974.34459,61816.577668738464
1945,0.0009725000000000002,-40893841534.766174,-59179768261.77478,61860.29345576597,5006115515817.417,2179578741439.5574,420.12798832987,-40895287250.7178,-59178824958.62861,61800.48328632644
1946,0.0009730000000000002,-42681956352.77169,-57852083036.88692,61873.102520684944,4414789716887.47,2196175277923.9504,402.93297837346205,-42679972916.23219,-57853495005.39592,61833.465653098705
1947,0.0009735000000000002,-44423536370.95778,-56473172543.80499,61860.64951319544,3901253725298.334,2210530547630.86,387.8544010361041,-44422470169.32133,-56474008618.92549,61836.778603662584
1948,0.0009740000000000001,-46121883067.67971,-55040984687.58387,61858.29719482469,3454060708737.7495,2223368521640.9893,374.7714218505534,-46120235175.66392,-55042399022.52702,61834.59282627343
1949,0.0009745000000000001,-47772640437.82903,-53559160275.25185,61845.33558530331,3063363885857.1826,2235504044555.206,363.44483719166044,-47772178853.27927,-53559703098.769714,61843.94511370836
1950,0.0009750000000000002,-49377092792.82143,-52026855616.977196,61843.458095801325,2720837461423.825,2247444310550.1626,353.599972054156,-49377549934.79847,-52026555990.912415,61863.413408626155
1951,0.0009755000000000001,-50932672581.73889,-50446441580.753586,61843.14503237687,2419201226152.3213,2259531427756.672,344.97035057152596,-50932759465.8488,-50446479121.1297,61797.31365154691
1952,0.0009760000000000001,-52438790384.07259,-48818577239.511246,61851.178379682075,2152315443329.4653,2271844491120.431,337.3279654831356,-52437345748.44235,-48820182207.05841,61837.584719903905
1953,0.0009765000000000003,-53892649936.224365,-47146231604.94871,61854.74732680828,1915005981454.9146,2284331339927.7227,330.49052306541194,-53891228444.41147,-47147944286.71415,61902.90354258846
1954,0.0009770000000000002,-55292428449.52811,-45431712060.90488,61849.834935605315,1703057761007.8352,2296819138800.4546,324.3214346686027,-55292943479.119865,-45431229328.16293,61939.68033201632
1955,0.0009775000000000003,-56639001313.951096,-43674207383.66626,61857.72848838151,1513039491007.332,2309114523231.977,318.7209712339724,-56640208339.422485,-43672809441.07051,61870.950157882755
1956,0.0009780000000000001,-57930561632.09678,-41875906906.75885,61871.63486784087,1342064250163.0347,2321093382131.8994,313.6135905655753,-57930752088.65662,-41875721813.740105,61855.87158821225
1957,0.0009785000000000002,-59164368230.690506,-40040610681.04448,61874.61597933548,1187794220324.0017,2332626552132.532,308.9425901028049,-59163874719.98705,-40041338211.75892,61858.39676315646
1958,0.0009790000000000003,-60339584297.99175,-38169925917.03655,61870.80544060249,1048368718688.0234,2343583491148.966,304.66555995107564,-60339382008.97425,-38170284838.84024,61873.27512110996
1959,0.0009795000000000001,-61455951360.82458,-36264560309.853455,61870.24119695946,922232802883.1287,2353889611244.62,300.7479579390157,-61456247364.68557,-36264093397.420044,61883.39999527012
1960,0.0009800000000000002,-62512036180.7713,-34327060115.17037,61867.105305171615,808051617501.3759,2363515524965.7915,297.1594339926185,-62512191817.88598,-34326892417.765728,61832.133254255416
1961,0.0009805000000000003,-63506465033.46286,-32360219540.316288,61855.5093701967,704710168965.8126,2372430394091.306,293.8737784979633,-63506431543.75924,-32360509169.130234,61748.56472170197
1962,0.000981,-64438921093.44516,-30365115545.835705,61843.7611988613,611270882977.5365,2380605395959.821,290.8685107368166,-64437578877.66791,-30368268316.554985,61700.900136303855
1963,0.0009815000000000002,-65308012227.312675,-28345045202.125797,61822.254904274276,526907369617.6621,2388033816863.0303,288.12344383930485,-65306412975.43972,-28349239625.36322,61762.298066155425
1964,0.000982,-66114149120.105545,-26299631951.093853,61810.33211859805,450925315839.5041,2394696364608.479,285.621389435173,-66112940094.19084,-26303271488.160973,61780.46824094843
1965,0.0009825,-66856677840.27968,-24230543523.094845,61807.89064356107,382684920279.9291,2400601944798.6226,283.3464195675171,-66855263777.27944,-24234959978.905457,61782.36020406958
1966,0.0009830000000000004,-67533679770.160866,-22143190432.015797,61788.40562019107,321636064947.61127,2405747528798.068,281.2846709975824,-67532881876.65048,-22146367761.5019,61760.1978261078
1967,0.0009835000000000002,-68145411896.83225,-20037778741.22156,61769.07170438622,267346835858.81305,2410100589338.185,279.4255460300933,-68145373058.25515,-20039064259.403748,61795.4406560696
1968,0.0009840000000000003,-68692226258.4405,-17913466368.31853,61770.15201668182,219415067235.4712,2413659497890.426,277.7593921425301,-68692436928.24484,-17913872710.79637,61796.15358840434
1969,0.0009845000000000001,-69172938248.89946,-15774354509.774473,61772.06700563627,177470244823.19,2416434930946.366,276.2769610447869,-69173295213.43445,-15774297550.784613,61770.6919751736
1970,0.0009850000000000002,-69586914733.10999,-13623606268.996862,61766.85501289833,141222826840.98926,2418411020682.109,274.97089964510593,-69587329286.1345,-13623201128.020275,61742.88282441995
1971,0.0009855000000000003,-69934508719.4861,-11460096265.588268,61778.618783039004,110434078248.49681,2419571805283.0723,273.8353122414889,-69934695456.72847,-11461041086.173763,61802.23078820085
1972,0.0009860000000000001,-70214477874.74232,-9291036941.64101,61767.22274264089,84883112622.22348,2419918959683.4487,272.864616469675,-70215174253.75465,-9289008255.560907,61816.42809796596
1973,0.0009865000000000002,-70427593616.98676,-7112761948.944537,61778.53745762396,64415233821.889786,2419431432891.0117,272.05476286030205,-70428156892.225,-7110407381.118854,61821.27543952829
1974,0.0009870000000000002,-70573236259.50262,-4929831664.13662,61789.63084951205,48876012674.75523,2418114311823.142,271.40161765601164,-70573717403.31659,-4927438691.914147,61846.060726833246
1975,0.0009875,-70651318334.00893,-2744192657.431728,61801.536986217914,38159359060.62648,2415955565922.446,270.9020351850465,-70651755264.46902,-2741812372.3393173,61868.10141765022
1976,0.0009880000000000002,-70661833431.10806,-556354959.297888,61825.07203256167,32186709451.478672,2412944814584.954,270.55358767999434,-70662196376.12372,-554481075.1982623,61878.32022043039
1977,0.0009885,-70604672276.73038,1628224641.2659163,61833.876596619055,30906630940.714317,2409072000471.1294,270.35444816795655,-70604962627.47183,1630052057.3771267,61844.37290999788
1978,0.000989,-70479992955.04471,3810138507.8116746,61850.30716664652,34294992162.5097,2404325297264.8896,270.3034195739232,-70480268004.59052,3810981550.3673124,61865.01354747602
1979,0.0009895000000000004,-70288041208.03296,5984638015.525708,61853.842569718545,42351299854.37325,2398694416076.7065,270.39977918728204,-70288307397.44777,5985530904.154932,61875.51016253397
1980,0.0009900000000000002,-70029153762.42163,8150143588.860958,61851.078332738034,55095024683.93602,2392170614220.49,270.64319596914004,-70029237745.66165,8152188739.845926,61862.93866457659
1981,0.0009905000000000003,-69703756360.89862,10304403388.128687,61842.173309651895,72567875200.45483,2384744960301.5156,271.03375096921593,-69703569034.42366,10307645291.542442,61812.16685675359
1982,0.0009910000000000001,-69311668697.71907,12449438200.19028,61857.34548458816,94834642992.27667,2376407685850.3228,271.5719788754172,-69311530843.71503,12451412657.336252,61908.38747975049
1983,0.0009915000000000002,-68853889959.1312,14578809793.945541,61859.69263073378,122010821769.04779,2367132747521.8,272.25959109704957,-68853291137.14354,14582754713.243097,61924.68020990724
1984,0.0009920000000000003,-68330193593.15171,16694331589.731224,61879.61099837289,154216434370.35455,2356911265835.021,273.0983679620008,-68329537835.22063,16697799949.172077,61925.56869433972
1985,0.0009925000000000001,-67741838043.226006,18790373598.8464,61887.13187060006,191629801191.0903,2345713810661.4214,274.09123214162474,-67741016477.551414,18793871814.539467,61889.51807079723
1986,0.0009930000000000002,-67089271374.78057,20865976503.44019,61892.571759086764,234432025192.66153,2333531450850.4194,275.24101277717307,-67088704093.3533,20868148077.567204,61867.93412225003
1987,0.0009935000000000002,-66372933186.413376,22919981026.668854,61902.29316075838,282846650677.4286,2320344808945.0176,276.5511437360514,-66372616478.386475,22921089512.54892,61896.60718681181
1988,0.000994,-65593697708.97378,24949898105.592384,61911.41233291352,337144521799.5906,2306126546086.364,278.02598646936013,-65593753265.621605,24949861628.345028,61886.770699202505
1989,0.0009945000000000002,-64753004885.5871,26952183039.278744,61908.15227733954,397632557793.2052,2290852707845.1836,279.6705058801052,-64752815381.27613,26952705264.729893,61932.694517188014
1990,0.000995,-63851642212.89348,28925516336.188313,61899.41708063948,464640755756.0423,2274510357091.2417,281.48972865879307,-63850223694.156685,28928762881.078125,61966.60416836049
1991,0.0009955000000000003,-62889110779.48833,30871289152.242653,61910.6414531556,538557541572.33167,2257074275952.665,283.48952391800685,-62887289448.66016,30875097205.81028,61942.467341671
1992,0.0009960000000000004,-61866548578.19037,32786820893.165485,61931.2716681135,619885885903.1216,2238483088811.5093,285.678232345539,-61865131003.62571,32789468697.757202,61940.014092805424
1993,0.0009965000000000002,-60785578328.54785,34668907219.98683,61948.868564533346,709185263199.71,2218692211674.809,288.06518888033565,-60784723570.46991,34670231921.601494,62007.24051047103
1994,0.0009970000000000003,-59647257845.91436,36515809406.43735,61964.51235828556,807065439994.1519,2197673441884.6528,290.65985651619707,-59645794682.50698,36517880627.12884,62071.128358563496
1995,0.0009975000000000001,-58452547064.4714,38326051436.589096,61980.82280171387,914223935660.8445,2175390015723.9934,293.4725254072208,-58450226574.568504,38329200815.66185,62097.02976935718
1996,0.0009980000000000002,-57202981258.031006,40097348198.57115,61993.254188607054,1031465928596.4253,2151794377217.7512,296.5149060488949,-57199594905.28108,40101725261.8809,62095.35304803887
1997,0.0009985000000000003,-55899473570.575066,41828530876.41733,62006.66979608049,1159699921688.0164,2126842179485.328,299.7998685016353,-55895348521.365204,41833630238.056465,62092.51064782141
1998,0.000999,-54543116929.00083,43518176411.78634,62022.692016286055,1299985641287.0286,2100472713800.9302,303.34228577109593,-54539791774.64688,43521879968.77124,61995.04802796037
1999,0.0009995000000000002,-53137498274.05414,45161872248.77065,62017.72865500342,1453552960580.5105,2072616746459.4622,307.1592600196426,-53134338947.96558,45165185061.736374,61987.61341404313
