,time,J_y_EKF,J_z_EKF,omega_EKF,P_J_y,P_J_z,P_omega,J_y,J_z,omega
0,0.0,0.0,219987817954.84665,63460.17160251382,5.377777777777778e+17,6128437294348.446,43864.90844928605,691107902.3231611,219986289461.75467,62831.948660405484
1,5.000000000000001e-07,7774573867.843512,219725097348.54742,63463.76097178242,1.2034339665840886e+16,6060590162127.184,43854.273156102965,7596411782.393317,219729709708.83096,62832.058428206205
2,1.0000000000000002e-06,14495952086.975817,219254209519.93835,63338.79787077918,3122073267989464.0,5153393938698.081,41098.262718102276,14486230659.024677,219256640941.90732,62831.99185273908
3,1.5000000000000005e-06,21325623434.15874,218566541223.3738,63169.99669455205,1285545269666594.5,4685429181085.079,32044.983817767927,21353800322.32101,218567784821.8798,62831.75511911675
4,2.0000000000000003e-06,28184801059.667145,217660616686.34195,63120.39469327083,650452576462596.9,4626564725867.074,19529.429448049,28192460049.190975,217664042859.24887,62831.85084688697
5,2.5e-06,34957796370.11278,216546860050.02515,62899.251162577406,369211696756856.2,4586005898173.669,10273.653107674461,34995392560.79242,216546624173.13425,62832.10257082845
6,3.000000000000001e-06,41748878186.39409,215212689852.42453,62985.222614702456,227949856672305.66,4427204596066.506,5296.680764262346,41756105351.55534,215216779620.25916,62832.02973711829
7,3.500000000000001e-06,48450342915.71552,213674415770.54257,62889.727115086374,150041059511045.12,4204595631210.288,2836.8350228359764,48467839337.11221,213676106421.1655,62832.188973750555
8,4.000000000000001e-06,55104190101.69433,211925905698.01697,62860.85850918329,103855325748738.77,3962421011926.079,1603.6317003581187,55124024966.911606,211926468923.9791,62832.32441617269
9,4.500000000000001e-06,61707242532.005875,209967036212.42163,62880.239441869424,74788353376633.48,3726901614834.1016,955.3801681254047,61718221284.23514,209969687438.18158,62832.291241876665
10,5e-06,68227044759.31711,207807887111.50775,62846.63529318401,55588758573870.875,3507399140082.241,596.329113076229,68243903961.443214,207807989143.0791,62832.322521502894
11,5.500000000000001e-06,74681634240.12917,205442708158.90408,62853.37511468354,42405118254275.555,3305657157920.8438,387.5685277993647,74694713934.7332,205443771785.3246,62832.23844956924
12,6.000000000000002e-06,81047257356.18616,202880865033.91248,62835.6148492395,33054437798598.496,3121875301779.758,260.80496091142027,81064377042.49106,202879527302.9301,62832.389207241984
13,6.500000000000001e-06,87329701831.07884,200119983415.19757,62834.57696199097,26241553662195.246,2954450546821.054,180.8613892604999,87346828817.02776,200118034601.4137,62832.34913843731
14,7.000000000000002e-06,93520343881.24147,197163933158.333,62838.04440318938,21162480242242.344,2801899574321.202,128.74602650227752,93535823484.54439,197162273955.51727,62832.376900362
15,7.500000000000001e-06,99615601000.79892,194014141471.99664,62850.91880365054,17300752634712.2,2662571781924.028,93.77187129198141,99625483116.50847,194015401670.2498,62832.25276594241
16,8.000000000000001e-06,105602490913.71252,190678232377.95828,62852.93306158868,14314073851449.863,2534970086920.482,69.69380821587053,105609852434.40826,190680712518.2804,62832.385325251875
17,8.500000000000002e-06,111476585057.33241,187159095306.70364,62850.39250467387,11969664288168.562,2417674531819.629,52.738498713409264,111483123714.10062,187161681064.9627,62832.12460190225
18,9.000000000000002e-06,117232777794.96489,183460193823.03577,62845.7613262992,10105252504038.588,2309506117165.9956,40.55604923800368,117239644345.04291,183462108956.0083,62832.215754335266
19,9.500000000000002e-06,122868571409.24101,179582845036.46017,62846.72001223203,8605345622417.222,2209450064089.071,31.643424903296395,122873882907.21149,179585736574.737,62832.38480854622
20,1e-05,128376586688.33603,175532675323.2654,62847.44232537322,7386193480777.204,2116642149304.4424,25.015931267810075,128380374158.94238,175536634701.93542,62832.473256642676
21,1.0500000000000001e-05,133749785573.62398,171315728415.1969,62843.870357678235,6386110717493.685,2030302989175.9304,20.014472999114545,133753961695.6994,171318885128.32028,62832.46225633931
22,1.1000000000000001e-05,138984034158.50696,166935527394.20312,62839.11859774699,5558984917247.217,1949747283681.4626,16.18915154904136,138989317863.399,166937002141.07196,62832.51227895369
23,1.1500000000000002e-05,144076855542.90872,162393597631.2948,62839.275649189854,4869861437652.677,1874389720737.1384,13.22730914539197,144081554481.7591,162395464652.74927,62832.56360554939
24,1.2000000000000004e-05,149021851646.6793,157696329418.68082,62839.91428255474,4291912609808.537,1803728734352.7266,10.908092064627013,149025794492.38324,157698862325.9421,62832.484310137566
25,1.2500000000000002e-05,153812670004.49368,152850923875.93213,62836.99318300977,3804335056232.763,1737310640157.9463,9.073169806596297,153817284401.0518,152852154779.05713,62832.43256509798
26,1.3000000000000003e-05,158446901404.94522,147859252361.85333,62836.18125677777,3390831372652.0596,1674730944099.029,7.607465775653161,158451551482.41025,147860192095.43423,62832.33066322622
27,1.3500000000000003e-05,162919417822.13123,142727524126.91553,62835.36335576817,3038504668236.869,1615643477592.241,6.426265554060278,162924141515.34222,142728089058.12415,62832.30732023933
28,1.4000000000000003e-05,167226367023.12796,137460252594.87582,62835.50430750051,2737066363551.227,1559737041295.3372,5.466474303043952,167230862309.98663,137461069249.23465,62832.115779858636
29,1.4500000000000003e-05,171363077981.06927,132063986743.61588,62834.86776444166,2478241477009.3555,1506736235629.7498,4.680584501329814,171367661087.99307,132064458637.53316,62831.959428451
30,1.5000000000000002e-05,175325963280.75043,126543616555.30145,62834.32850533631,2255326157799.947,1456393526678.01,4.0324614388799676,175330556602.76666,126543736056.10039,62832.114203671896
31,1.5500000000000004e-05,179111543661.06342,120904111495.78616,62834.57171670269,2062851405430.106,1408488932598.8872,3.4943590642384494,179115947934.6202,120904519705.48613,62832.203074229656
32,1.6000000000000003e-05,182715843701.41357,115152361890.5896,62834.15715939358,1896327520383.9875,1362825599129.2415,3.044783380722737,182720250909.49298,115152462452.43031,62832.2665069393
33,1.65e-05,186135788168.72687,109293392624.94017,62834.0143214207,1752046916719.7014,1319225303249.9067,2.666945203365142,186140119037.36124,109293349638.48503,62832.246002814354
34,1.7000000000000003e-05,189368217574.8066,103333027288.56966,62834.17090134204,1626931361284.6416,1277528137960.3242,2.347627720370574,189372433007.22662,103333178058.25343,62832.333477806336
35,1.7500000000000002e-05,192410103433.8795,97277412979.37743,62834.43218127967,1518412265581.2322,1237589388766.5247,2.076349901787279,192414169521.93573,97277877854.884,62832.344540030055
36,1.8000000000000004e-05,195258553609.49982,91133211895.01065,62834.26338898825,1424336301290.749,1199277685708.3757,1.8447426044034436,195262579802.91318,91133553372.8944,62832.38341572741
37,1.8500000000000002e-05,197911098213.51413,84905960566.8264,62834.27536483996,1342890353630.3015,1162473472507.4006,1.6460792503363617,197915002263.40262,84906388531.33543,62832.478851382024
38,1.9000000000000004e-05,200365299386.68503,78602220570.00879,62834.17399685019,1272542385491.758,1127068058227.692,1.4749200086689245,200369193668.4751,78602584932.2326,62832.35867737839
39,1.9500000000000003e-05,202618951697.52792,72228657977.59854,62833.69353177282,1211993007485.8503,1092962057215.7631,1.3268398458673782,202622817908.72427,72228486695.58215,62832.2628342843
40,2e-05,204670150930.62872,65789776985.359055,62834.31643605696,1160136703587.9624,1060064478710.0608,1.1982191793356773,204673895958.09045,65790451699.958374,62832.399005902116
41,2.0500000000000004e-05,206517016839.58887,59294186814.770966,62834.2726733882,1116031745944.4824,1028291882319.948,1.0860817494752089,206520735645.8242,59294889347.212524,62832.350569629125
42,2.1000000000000002e-05,208157957541.7322,52746777211.29779,62834.78667373625,1078872061415.8442,997567372549.466,0.9879678704936486,208161686258.66058,52748294701.67218,62832.316782667964
43,2.1500000000000004e-05,209591616850.60736,46155216863.02647,62834.98881817291,1047968584390.8556,967820078397.579,0.9018351470560505,209595334348.18427,46157154133.4944,62832.44987548826
44,2.2000000000000003e-05,210816863404.8805,39526224764.08132,62834.80897294809,1022730201709.9281,938984567623.7605,0.8259799023998319,210820602749.29507,39528015688.40608,62832.479130722204
45,2.25e-05,211832668182.80615,32865672501.97888,62834.759229132746,1002650115093.6302,911000347232.6414,0.7589748352058401,211836408919.6717,32867521402.371357,62832.452938791655
46,2.3000000000000003e-05,212638305655.27155,26180450888.43386,62834.64478725469,987294601789.8198,883811237515.1077,0.6996192758462496,212642032401.4238,26182209542.247234,62832.467349853476
47,2.3500000000000002e-05,213233220449.66238,19477133931.994617,62834.50436018293,976292509770.3304,857365064487.472,0.6468992033483087,213236968092.0376,19478814200.139935,62832.5382125534
48,2.4000000000000007e-05,213617066639.78186,12762332075.186907,62834.35552413846,969327298616.5188,831613251174.4045,0.5999550085956337,213620823841.88083,12763791707.16952,62832.63616961607
49,2.4500000000000006e-05,213789753020.14252,6042837736.597695,62834.10820705443,966130189866.6981,806510496354.9789,0.5580553642237817,213793439106.38992,6043957787.261636,62832.69840448819
50,2.5000000000000005e-05,213751114726.4504,-675538627.5184458,62834.24883099696,966474336452.7335,782014532527.379,0.5205759432473351,213754940353.2353,-674219883.3333851,62832.64914274632
51,2.5500000000000007e-05,213501714990.83813,-7385185643.506159,62834.1838622136,970170740023.5228,758085636835.22,0.4869820505769914,213505557316.07742,-7383941164.739456,62832.474272950094
52,2.6000000000000005e-05,213041770310.87695,-14080296766.407682,62834.37852260471,977062998790.5656,734686874368.403,0.4568142966154106,213045780776.0108,-14078663296.212584,62832.39792322989
53,2.6500000000000007e-05,212372467844.33884,-20752979625.69759,62834.09962224928,987025251465.843,711783443286.6094,0.42967684893527275,212376324075.5032,-20751723256.71958,62832.26174628503
54,2.7000000000000006e-05,211494263729.4224,-27397848663.87727,62834.01462279069,999957924228.5203,689343109543.615,0.4052276437566283,211498060832.6415,-27396646505.716583,62832.146028210336
55,2.7500000000000004e-05,210408244910.32083,-34008361703.36893,62834.09919410769,1015787207691.9542,667335356363.8982,0.3831703306745051,210412211668.362,-34006878814.813,62831.76754965282
56,2.8000000000000006e-05,209116032598.91382,-40577372242.90561,62833.995461820174,1034462337490.3074,645731640414.2041,0.3632475182976457,209119995037.97122,-40575931032.37311,62831.77530092048
57,2.85e-05,207618838969.35593,-47099054352.3576,62834.02886955724,1055953602453.5579,624505520031.3455,0.3452351096740926,207622927692.74695,-47097386881.04545,62831.776920591685
58,2.9000000000000007e-05,205918588852.47623,-53566622053.69458,62833.98466332161,1080252029033.7292,603632201896.9302,0.32893758087054,205922773169.79968,-53564962129.53523,62831.75801434417
59,2.9500000000000002e-05,204017062169.80142,-59973991112.74856,62833.98562793058,1107367677650.0247,583088858860.1008,0.3141839797474677,204021331159.20316,-59972258594.549644,62831.68481680724
60,3.0000000000000004e-05,201916713536.02225,-66314366121.650795,62833.75915458175,1137329346374.5215,562854430120.3613,0.30082456119051854,201920757032.2388,-66312946373.45057,62831.70615496228
61,3.0500000000000003e-05,199619392925.95294,-72582287185.82057,62833.67112586945,1170183420612.345,542909934579.93195,0.2887279188686961,199623456096.14868,-72580950733.67395,62831.68642268664
62,3.100000000000001e-05,197127817870.92566,-78771309990.60162,62833.54669237486,1205994361633.829,523238125089.0299,0.27777857226164093,197131818937.7179,-78770138497.64607,62831.6532910828
63,3.15e-05,194444242337.10733,-84875986904.04817,62833.66327039619,1244843605666.277,503823998306.02997,0.2678748853633977,194448487119.26758,-84874475114.14163,62831.557081259685
64,3.2000000000000005e-05,191572093811.90375,-90889632907.84453,62833.64534945608,1286829985781.8037,484654656713.1448,0.25892730122734775,191576446518.06265,-90888130449.13148,62831.593825439944
65,3.250000000000001e-05,188514394498.22665,-96806488171.45543,62833.53104594366,1332068510567.4558,465720019730.461,0.25085679925066573,188518726487.952,-96805152902.57657,62831.59830028471
66,3.3e-05,185273936584.2485,-102621346886.4739,62833.57202258043,1380690705234.4412,447012820751.7088,0.24359357725429936,185278525592.661,-102619861063.58295,62831.5887222982
67,3.350000000000001e-05,181854371302.58878,-108328284787.39851,62833.61927931228,1432844614182.6294,428528834955.2266,0.23707591150745938,181859248294.2888,-108326634653.20842,62831.65466140627
68,3.4000000000000007e-05,178259618501.09433,-113921440312.64482,62833.50513519397,1488693660957.075,410267651151.5876,0.23124914331087496,178264450333.68222,-113919942615.52895,62831.59117650969
69,3.450000000000001e-05,174493067321.12897,-119395824921.792,62833.42130715923,1548415798099.8174,392233249425.978,0.2260647816707042,174497829000.97955,-119394494202.5301,62831.42017987815
70,3.5000000000000004e-05,170558620435.94354,-124746178078.36615,62833.36892432274,1612202900010.3303,374434421411.4083,0.2214797095198511,170563459730.89133,-124744955464.53079,62831.58459954577
71,3.550000000000001e-05,166460385926.0359,-129967325658.12114,62833.32967488147,1680258731494.0374,356885747291.91815,0.21745545305107297,166465294638.9622,-129966201669.10883,62831.692205150386
72,3.600000000000001e-05,162202575836.963,-135054279695.23427,62833.310213385135,1752796423720.168,339608592480.3054,0.21395750077094727,162207623081.29987,-135053189339.66368,62831.648176575036
73,3.6500000000000006e-05,157789772814.05435,-140001997438.45593,62833.228660468354,1830035023080.4053,322632247369.0275,0.21095465429272459,157794799021.26144,-140001137530.0378,62831.618285044664
74,3.7000000000000005e-05,153226416138.6153,-144805850109.51498,62833.128625483776,1912194529445.7385,305995341632.7484,0.20841838869707688,153231336224.21484,-144805282764.7582,62831.56422131825
75,3.750000000000001e-05,148516894975.57852,-149461508534.0872,62833.120011495506,1999489610851.8914,289747318384.0137,0.20632220910205495,148521893592.4585,-149460981382.22757,62831.50364867174
76,3.800000000000001e-05,143666507558.89026,-153964129327.03442,62833.01628114589,2092121082702.0403,273950190169.46683,0.20464098123698768,143671345464.4942,-153963866345.11407,62831.56602377605
77,3.850000000000001e-05,138679460135.81787,-158310079701.56146,62833.09111146321,2190264009062.442,258680748851.5672,0.20335020755559918,138684625759.22327,-158309714936.03674,62831.54160878228
78,3.9000000000000006e-05,133561599894.2892,-162494580418.05975,62833.05926143758,2294053845542.506,244032503206.38953,0.20242524647861193,133566799441.13722,-162494345419.841,62831.63284880546
79,3.950000000000001e-05,128317609883.12749,-166514145823.42612,62833.10693490447,2403566625344.758,230118412032.5706,0.20184043207420382,128323109502.67992,-166513827465.61182,62831.44983716934
80,4e-05,122953233155.67105,-170364611250.20242,62833.08474763465,2518796274257.4893,217073076926.25443,0.20156810001824854,122958890393.09183,-170364414481.65213,62831.34403608745
81,4.050000000000001e-05,117473652811.56879,-174042608110.55118,62833.08084182803,2639624809904.754,205055338652.6868,0.20157749117361046,117479486635.15004,-174042484995.28964,62831.32703490322
82,4.100000000000001e-05,111884483993.52635,-177544623200.62482,62833.06840161212,2765787560553.96,194250293184.81204,0.20183354172483894,111890411308.70387,-177544592210.33386,62831.296176045784
83,4.1500000000000006e-05,106191285607.07741,-180867513886.85117,62833.07608444721,2896831215042.1187,184870889944.45102,0.20229556706526275,106197435488.08412,-180867546684.74677,62831.21574721206
84,4.2000000000000004e-05,100399898712.38446,-184008025135.89224,62833.064778505955,3032066134757.5005,177158413303.6239,0.20291588011332215,100406138005.90396,-184008237357.67123,62831.21556846083
85,4.250000000000001e-05,94516096317.94342,-186963270998.95062,62833.05010435844,3170513384957.255,171381370494.87454,0.20363841531170934,94522492693.15428,-186963751825.8993,62831.16248922848
86,4.300000000000001e-05,88545776281.94705,-189730788209.05878,62833.05009590255,3310849844009.7886,167831987818.8819,0.20439747849539677,88552337872.02048,-189731349597.18802,62830.855635977394
87,4.350000000000001e-05,82494992009.832,-192308011251.93893,62833.044756170275,3451355588528.783,166819521249.79666,0.20511679818789472,82501727627.1421,-192308640642.48416,62830.68803417497
88,4.4000000000000006e-05,76369750839.97911,-194692494989.15274,62833.04014525977,3589870004659.6924,168659464389.25516,0.20570911870451958,76376646379.88979,-194693218972.59543,62830.46221830069
89,4.450000000000001e-05,70176060221.99132,-196882040045.17493,62833.06136264159,3723766700994.058,173657890489.34042,0.20607663465316262,70183272951.88406,-196882968740.9326,62830.60777799108
90,4.5e-05,63920242344.70605,-198874822652.39374,62833.08339749674,3849959080040.3496,182090514491.00656,0.20611260231817927,63927729665.83156,-198875970753.8977,62830.67837851641
91,4.550000000000001e-05,57608543176.11478,-200669097263.35968,62833.10534929028,3964949930999.6123,194176656311.4379,0.20570445159038725,57616354854.01699,-200670465086.66397,62830.54075435131
92,4.600000000000001e-05,51247485337.45377,-202263415591.33737,62833.07987448406,4064937091395.9673,210049416882.64285,0.20473862489556852,51255395535.69524,-202264844429.63913,62830.405871604744
93,4.6500000000000005e-05,44843091053.06985,-203656300955.65976,62833.07072803629,4145983905609.202,229724545260.5091,0.20310716785363306,44851136338.22688,-203657922536.5707,62830.58723435112
94,4.7000000000000004e-05,38401812496.175545,-204846644429.63025,62833.06082249771,4204253480186.9546,253072159204.22104,0.20071576983266737,38409979267.922516,-204848460230.39996,62830.48467622228
95,4.750000000000001e-05,31930695048.551876,-205833743580.01175,62832.91991258216,4236294751093.59,279796015395.5306,0.19749256163320034,31938334357.43947,-205835558334.71332,62830.59576786646
96,4.8000000000000015e-05,25435184840.01971,-206616515634.3908,62832.84559490468,4239352456060.0327,309425671674.2561,0.19339657740921448,25442658822.768337,-206618384599.02414,62830.58941193031
97,4.8500000000000007e-05,18922041420.219,-207194536579.50415,62832.772320618526,4211658446965.7505,341326646015.2107,0.18842449709450898,18929376519.263657,-207196466289.7813,62830.71740993701
98,4.900000000000001e-05,12397032444.973997,-207567215691.60648,62832.83375887413,4152659780072.378,374728910338.9911,0.18261434079616604,12404835085.16287,-207569484286.87943,62830.494354719136
99,4.950000000000001e-05,5867466232.165912,-207734723945.6158,62832.85921061365,4063137055340.1147,408773641130.58185,0.17604509502351023,5875540853.123525,-207737267627.1594,62830.38871194012
100,5.000000000000001e-05,-659750331.2476826,-207697325759.30093,62832.760306049066,3945188316091.5913,442571221887.6644,0.16883198109142492,-651988083.8332809,-207699881005.33136,62830.08400064965
101,5.050000000000001e-05,-7178206232.167836,-207455320128.19464,62832.54470797865,3802072813614.8066,475263968989.05096,0.16111786263462774,-7171355094.08183,-207457684000.73624,62830.15034271774
102,5.100000000000001e-05,-13683031979.398558,-207008544087.29453,62832.51265830708,3637939154043.9,506083902772.1388,0.1530620621410677,-13676176598.618134,-207011106895.8999,62830.22000232487
103,5.150000000000001e-05,-20166574105.03647,-206358183204.30502,62832.42156750383,3457481623601.1724,534398096459.6965,0.1448282876684063,-20160095484.630043,-206360816208.97525,62830.32095509263
104,5.200000000000001e-05,-26621992096.150146,-205505358825.91174,62832.182992161215,3265582243189.857,559734517166.4492,0.1365734384195355,-26616624327.354656,-205507654158.0787,62830.54305194118
105,5.250000000000001e-05,-33044492966.809822,-204450436562.8102,62832.09192318396,3066982619891.535,581790691178.8184,0.12843858741220077,-33039488864.15435,-204452720369.4916,62830.42936096012
106,5.3000000000000014e-05,-39427586443.44719,-203194732461.8658,62832.11037805144,2866022038177.5845,600426323450.6484,0.12054287900307588,-39422405584.50781,-203197256114.6058,62830.31551352153
107,5.3500000000000006e-05,-45764517228.967636,-201739944325.2412,62832.142252940255,2666462536258.928,615642141109.6866,0.11298050040967629,-45759069454.43748,-201742785579.6054,62830.320010054056
108,5.400000000000001e-05,-52049112521.59535,-200087714667.73843,62832.19258785434,2471397966915.2173,627552417125.8595,0.10582033725677935,-52043341195.63639,-200090953687.78918,62830.38860393061
109,5.450000000000001e-05,-58274925941.56587,-198240073699.9796,62832.20337468136,2283235229794.805,636355575858.38,0.09910765364425794,-58269014222.189125,-198243560510.81134,62830.43484119705
110,5.500000000000001e-05,-64436252014.67702,-196198856351.5235,62832.24500098365,2103730443515.8677,642305808019.4156,0.09286707087148649,-64430009267.21284,-196202688769.76822,62830.36656170251
111,5.5500000000000014e-05,-70526263351.16342,-193966820317.3718,62832.16045340809,1934059596455.4873,645688735574.5748,0.087106171942004,-70520377399.33342,-193970633051.9948,62830.4143847605
112,5.600000000000001e-05,-76539469435.23889,-191546154200.26752,62832.03227034995,1774908051555.495,646801159958.2601,0.08181922275777374,-76534152356.1931,-191549771974.3393,62830.48946510031
113,5.650000000000001e-05,-82469965679.61142,-188939530946.027,62831.847958004066,1626563417556.0977,645936653248.1588,0.07699064361471188,-82465619359.9888,-188942718460.93,62830.67974829605
114,5.7e-05,-88312631068.0268,-186149295439.75623,62831.72996675198,1489004893715.06,643374995928.927,0.07259804168831994,-88308879122.9689,-186152264204.02994,62830.58756679045
115,5.7500000000000015e-05,-94061278586.38336,-183178785042.7673,62831.57626143616,1361982425326.8416,639375818294.5077,0.06861471618207202,-94058264510.17195,-183181316901.47308,62830.55242158617
116,5.8000000000000014e-05,-99711096006.78995,-180030548266.2808,62831.53507327324,1245084597979.0354,634174649045.038,0.06501164101103465,-99708277120.23196,-180033010669.5126,62830.61542354863
117,5.8500000000000006e-05,-105255728740.09903,-176708590734.85504,62831.42939576672,1137793029800.6018,627981945489.61,0.061758961580349846,-105253392351.7336,-176710724492.0832,62830.62453277097
118,5.9000000000000004e-05,-110690412141.98424,-173215910293.98294,62831.37628687366,1039526203508.8259,620982796946.1791,0.05882708451239387,-110688360651.52428,-173217894499.1851,62830.5743077997
119,5.9500000000000016e-05,-116009397578.62454,-169556593713.77682,62831.271087652225,949671828657.9677,613338555145.9226,0.056187426170329687,-116007800481.62097,-169558172899.8911,62830.503110290345
120,6.000000000000001e-05,-121207715431.02068,-165734337424.38248,62831.141902112715,867611508595.4783,605188311469.5596,0.053812900125633126,-121206760338.44043,-165735406670.0884,62830.79279787814
121,6.050000000000001e-05,-126281186967.63327,-161752294194.26718,62831.16184893635,792737805024.3163,596651166652.7372,0.05167820236201378,-126280157842.59291,-161753543727.37378,62830.8321793089
122,6.1000000000000005e-05,-131224265549.71295,-157615198942.25378,62831.18840062329,724465840732.1536,587828531643.0391,0.049759948483488775,-131223112757.23872,-157616613838.50632,62830.84426075491
123,6.150000000000002e-05,-136031523335.36157,-153328083866.82828,62831.06436904491,662241342827.8934,578805889415.9221,0.04803670932922418,-136030935453.7374,-153328921734.71872,62831.15648426672
124,6.200000000000002e-05,-140699542992.5866,-148894106996.49118,62831.04945009329,605545041113.685,569654847842.0826,0.04648897435913757,-140699053993.06012,-148894837173.92975,62831.21727818969
125,6.250000000000001e-05,-145223333412.63715,-144318391202.37085,62831.02195150639,553894261331.981,560435377217.2014,0.04509906577427079,-145222959107.6562,-144319039645.53754,62831.226860342795
126,6.3e-05,-149598720090.69177,-139605467685.90958,62831.010840006784,506843869024.82666,551197058054.8656,0.04385102763051082,-149598416005.64874,-139606081564.85944,62831.42541680365
127,6.350000000000001e-05,-153821368586.5702,-134760381301.38351,62830.97006434458,463985423755.73096,541980690161.2543,0.042730499042050174,-153821283576.187,-134760762706.28006,62831.32636648364
128,6.400000000000001e-05,-157887756718.88608,-129787435470.61905,62831.01883153687,424945839284.6211,532819499334.2451,0.041724582328806006,-157887510579.7527,-129788069023.28629,62831.49062051059
129,6.450000000000001e-05,-161793240447.4223,-124692794112.11224,62830.94685604194,389385346237.1248,523740357445.36194,0.04082171124421373,-161793318926.12103,-124692962797.76115,62831.549015953606
130,6.500000000000002e-05,-165534837515.12988,-119480677199.50359,62830.93379124166,356995640275.95355,514764490924.6824,0.040011525500908765,-165534999588.5725,-119480771665.68933,62831.24498686241
131,6.550000000000002e-05,-169108774895.92612,-114156743985.5531,62830.907320327766,327497280967.5237,505908569904.73883,0.03928475099114183,-169109049112.74783,-114156702450.33415,62831.01993728454
132,6.6e-05,-172511903342.19022,-108726074864.37497,62830.9220292075,300637633740.2595,497185212809.3899,0.03863308985178799,-172512138530.8409,-108726094161.48737,62830.96384663372
133,6.65e-05,-175740905839.98502,-103194388622.34471,62830.93348555923,276188552941.43365,488603654142.54675,0.038049119359040935,-175741150503.5532,-103194472066.6735,62831.0078497404
134,6.700000000000002e-05,-178792642205.1806,-97567555633.23338,62830.88926861834,253944331671.07974,480170182462.9118,0.03752620050495605,-178793032304.58005,-97567349099.45004,62831.16551811353
135,6.750000000000001e-05,-181664715140.31982,-91850473611.88646,62830.92641328735,233719700710.1374,471888568637.9063,0.03705839558427905,-181664992647.50412,-91850478859.271,62831.1479456104
136,6.800000000000001e-05,-184354189300.62262,-86049450807.13676,62830.94244370223,215347863085.8762,463760510083.1324,0.03664039391442384,-184354411874.95636,-86049537680.14445,62831.29018631045
137,6.850000000000001e-05,-186858569029.78436,-80170450168.54045,62830.912977415355,198678917841.18622,455785817989.70026,0.03626744611103463,-186858924797.12354,-80170278062.53801,62831.27652544377
138,6.900000000000002e-05,-189175933529.0768,-74218601369.95232,62830.97312209247,183578234451.55426,447962723622.5197,0.03593530538313941,-189176144898.2293,-74218716902.96248,62831.41861610666
139,6.950000000000001e-05,-191303912201.41132,-68200516358.99275,62831.00479923766,169924949670.9253,440288154143.1775,0.03564017516944381,-191304080023.34845,-68200772853.67783,62831.35934471904
140,7.000000000000001e-05,-193240508729.92392,-62122568161.80314,62830.9455235304,157610776022.28775,432757826673.1783,0.03537866317628786,-193240770250.78015,-62122479358.676254,62831.25903111521
141,7.05e-05,-194984405925.5599,-55989832590.02545,62830.972359472085,146538779703.50058,425366447847.32996,0.035147740526548565,-194984641592.24194,-55989854196.93793,62831.28279944352
142,7.100000000000002e-05,-196533782656.99814,-49809339650.128975,62830.920876073375,136622228026.8237,418107923625.4949,0.03494470531033088,-196534084537.4224,-49809044450.0907,62831.1717439837
143,7.150000000000002e-05,-197887543884.3855,-43586625555.52706,62830.9024022054,127783737236.75273,410975384954.0301,0.03476715077767106,-197887912399.1919,-43586258861.40518,62831.06337242401
144,7.200000000000002e-05,-199044566526.9877,-37327863694.52789,62830.918903941485,119954308023.36714,403961376652.5928,0.03461293684076417,-199044877088.07632,-37327621801.600555,62830.901774162005
145,7.250000000000001e-05,-200003861095.8546,-31039523191.27548,62830.92431633403,113072573537.37366,397057923262.4863,0.034480164973470825,-200004144656.25113,-31039302487.621513,62830.83903953807
146,7.300000000000001e-05,-200764759449.91064,-24727612808.38044,62830.960387334606,107084094672.45216,390256612620.97375,0.034367155977082176,-200764999011.16678,-24727589200.37517,62830.926371218215
147,7.350000000000001e-05,-201326692933.5258,-18398566581.453842,62830.99399550468,101940697047.50746,383548695648.9014,0.03427243015443207,-201326912956.9319,-18398717328.61649,62830.86595143094
148,7.400000000000001e-05,-201689324870.00333,-12058727666.962772,62831.01064043037,97599905193.90129,376925149245.26013,0.034194689722248275,-201689496699.9154,-12058987454.913994,62830.7138114051
149,7.450000000000001e-05,-201852532054.2634,-5714380058.859128,62831.00740564617,94024412917.41489,370376752333.0335,0.0341328031045617,-201852766581.72806,-5714642712.072499,62830.65379792605
150,7.500000000000002e-05,-201816384308.3215,628136814.8868244,62830.97040808762,91181608722.07759,363894153903.30286,0.03408579088664102,-201816689929.51395,628031475.1271715,62830.59317782758
151,7.550000000000002e-05,-201581168563.70767,6962663540.35594,62830.917956578596,89043150824.54839,357467934328.8139,0.034052813235404295,-201581495694.87512,6962835324.383505,62830.452896775816
152,7.600000000000002e-05,-201147369407.6003,13283325491.634892,62830.9199576715,87584581836.91791,351088665913.3775,0.034033158595829886,-201147647461.55682,13283445234.161728,62830.668709110934
153,7.65e-05,-200515611301.23038,19583515459.74196,62830.90155952502,86784986256.96999,344746966986.38855,0.03402623352485143,-200515848478.0312,19583743947.866623,62830.62429339418
154,7.700000000000001e-05,-199686753764.73795,25857082637.79677,62830.87085370423,86626686449.22504,338433548154.12836,0.034031553549146776,-199686988504.46017,25857453738.93521,62830.52559319778
155,7.750000000000001e-05,-198661837135.37363,32098151198.039192,62830.88370004235,87094960217.02727,332139267866.07983,0.034048734882793565,-198662057455.0636,32098477198.445282,62830.54864974256
156,7.800000000000001e-05,-197442096934.0935,38300297606.69771,62830.87961667711,88177796408.77443,325855177804.4253,0.034077486943916505,-197442289991.5115,38300586812.76928,62830.67919006396
157,7.850000000000001e-05,-196028948221.81894,44457672486.940926,62830.90403965051,89865670289.34705,319572569832.59186,0.03411760556836206,-196029140873.02823,44457823553.10268,62830.90053100774
158,7.900000000000002e-05,-194424018423.0148,50564046036.91409,62830.9149133082,92151350954.66537,313283018248.38025,0.034168966866510365,-194424231383.8088,50564094100.09739,62830.915571305646
159,7.950000000000001e-05,-192629089995.17538,56613643590.730576,62830.951860946756,95029721358.75021,306978425756.40765,0.034231521635985855,-192629287724.73584,56613550498.73702,62831.02561106752
160,8e-05,-190646188525.69662,62600278830.16869,62830.95568234091,98497631515.64885,300651060445.0335,0.03430529031647111,-190646387150.68365,62600191332.52753,62831.06723018998
161,8.050000000000002e-05,-188477439578.7427,68518426231.997185,62830.99182765082,102553752125.04007,294293604156.29425,0.03439035838227547,-188477673369.61707,68518205165.504906,62831.12459352039
162,8.100000000000002e-05,-186125294750.90317,74361828091.09377,62830.953228667364,107198472283.51004,287899181765.87915,0.03448687222169336,-186125581498.77814,74361765400.38736,62831.06812704168
163,8.150000000000002e-05,-183592167524.2895,80125394043.35155,62830.96795099117,112433770257.6063,281461420303.5889,0.03459503532424777,-183592403114.97614,80125328238.80077,62831.21860074031
164,8.200000000000001e-05,-180880813528.42014,85803277791.17659,62830.980834676804,118263162661.78252,274974462458.3316,0.034715104961864175,-180881058989.00677,85803215416.50682,62831.1782651277
165,8.250000000000003e-05,-177994155934.6748,91389840554.153,62830.96131601804,124691597536.79486,268433030482.8252,0.0348473890947129,-177994329816.86722,91389921367.08333,62831.29279713633
166,8.300000000000001e-05,-174935172715.21765,96879923225.43565,62830.96559167622,131725387592.86732,261832470390.35413,0.03499224357235502,-174935337109.34445,96880072240.4984,62831.35228317262
167,8.350000000000001e-05,-171707043288.15686,102268289233.99527,62831.01025152755,139372169497.98636,255168786146.13644,0.035150069654993274,-171707243307.03314,102268306701.24426,62831.17609710393
168,8.400000000000001e-05,-168313314781.05087,107549284545.65294,62830.98864072906,147640843555.344,248438696977.46442,0.03532131172181993,-168313449684.74472,107549427066.6146,62831.13404504081
169,8.450000000000002e-05,-164757407376.30457,112718157014.94878,62830.97974196061,156541489475.11456,241639719758.5533,0.03550645502413453,-164757543957.14816,112718336649.74977,62831.062384236364
170,8.500000000000002e-05,-161043006300.204,117769943716.19894,62830.98579844964,166085362505.1553,234770199692.73807,0.035706023712215866,-161043130491.1917,117770123110.19386,62830.984569139
171,8.550000000000002e-05,-157174067836.39044,122699566575.77393,62830.95038463273,176284823200.58536,227829397094.60175,0.03592057883789589,-157174120923.1813,122699881426.30295,62830.86144929822
172,8.600000000000002e-05,-153154492871.80194,127502509866.6287,62830.924795006555,187153260483.01712,220817584218.55405,0.036150716255683,-153154436661.11765,127502970584.34473,62831.02605053025
173,8.650000000000002e-05,-148988384023.67242,132174235542.0357,62830.92346081386,198705055508.54556,213736117144.52167,0.03639706451336307,-148988328302.51016,132174662040.40897,62831.00431898312
174,8.700000000000001e-05,-144680069683.38602,136710186248.043,62830.92121096876,210955490257.67847,206587552161.28122,0.03666028247188875,-144679985453.1608,136710618012.92984,62831.227632983566
175,8.750000000000001e-05,-140233868563.0921,141106189360.675,62830.9571814192,223920632542.1941,199375780575.4825,0.03694105651299884,-140233813980.13635,141106524269.38763,62831.221097202346
176,8.800000000000001e-05,-135654396080.719,145357940180.1715,62830.997917207336,237617230232.94882,192106156816.3754,0.037240097307933144,-135654369419.41429,145358187589.37433,62831.30305751573
177,8.850000000000002e-05,-130946390117.9699,149461314624.253,62831.01738244287,252062525485.35397,184785681186.78928,0.037558135792495076,-130946349099.71068,149461528208.5705,62831.20042950751
178,8.900000000000002e-05,-126114621479.11752,153412476128.3186,62831.02649097891,267274053082.7171,177423186971.20746,0.03789591822860276,-126114556201.00328,153412624254.68625,62831.22749561069
179,8.950000000000002e-05,-121163985416.21227,157207724702.2133,62831.0315819133,283269399350.81793,170029545706.96204,0.03825420013812092,-121163920191.14812,157207860403.9658,62831.31301896008
180,9e-05,-116099463627.13583,160843543560.10178,62831.04671302603,300065883265.0899,162617912233.20178,0.038633738750792644,-116099424721.53534,160843633105.80798,62831.34496197064
181,9.050000000000002e-05,-110926271111.55075,164316424453.70627,62831.0412987704,317680165238.30145,155203998620.0615,0.03903528362647067,-110926169268.83015,164316526669.8064,62831.43809829982
182,9.100000000000002e-05,-105649529821.23457,167623254359.03784,62831.05266735516,336127741683.75946,147806396621.41452,0.03945956495983414,-105649377484.41031,167623372549.3507,62831.39905675374
183,9.150000000000002e-05,-100274689074.45847,170760824063.289,62831.03929722937,355422374373.6523,140446906716.96765,0.03990727924955427,-100274446620.46101,170761001671.47797,62831.466785342025
184,9.200000000000001e-05,-94806999582.86195,173726409169.37903,62831.055258723216,375575328874.0614,133150944159.05664,0.04037907156661434,-94806768883.3607,173726555364.7143,62831.22311739011
185,9.250000000000003e-05,-89252082084.51553,176517152484.1066,62831.06106076377,396594531748.6098,125947937087.35028,0.040875514054367595,-89251855392.30008,176517275196.9319,62831.215980987145
186,9.300000000000001e-05,-83615497018.4064,179130524840.52267,62831.06378291161,418483469487.0421,118871811067.78879,0.0413970796869145,-83615219998.83684,179130605057.3347,62831.23225659974
187,9.350000000000001e-05,-77902921305.81508,181564132507.50232,62831.05724144109,441239941002.55023,111961469343.36148,0.04194411073779181,-77902562811.88153,181564267854.23325,62831.33926528607
188,9.400000000000001e-05,-72120067459.48488,183815793929.33948,62831.045403233,464854552013.0182,105261314279.5232,0.04251678106920911,-72119663064.33067,183815928473.85944,62831.42190962206
189,9.450000000000002e-05,-66272717130.92179,185883501995.74582,62831.02999042624,489308959781.434,98821776957.62248,0.04311505146138161,-66272251356.304085,185883658451.11285,62831.50601526375
190,9.500000000000002e-05,-60366616426.35932,187765517592.64355,62831.03882183234,514573828171.3289,92699846576.91927,0.043738617185695675,-60366101985.91451,187765654642.21484,62831.694574616784
191,9.550000000000002e-05,-54407770450.15325,189460089906.5923,62831.03899635976,540606493382.4359,86959566532.25194,0.04438684718903341,-54407200369.92009,189460230635.18726,62831.705171261754
192,9.600000000000003e-05,-48402081654.860344,190965799577.67642,62831.04156629195,567348276700.0386,81672485568.37979,0.04505871433474486,-48401458533.37836,190965929181.90848,62831.624758309496
193,9.650000000000001e-05,-42355548025.25579,192281358138.426,62831.04105389286,594721543497.2775,76917980524.86119,0.045752716753986615,-42354844105.45215,192281509464.1088,62831.692420605286
194,9.700000000000001e-05,-36274165366.6311,193405705446.32108,62831.04242227183,622626460007.1692,72783426464.90758,0.04646679071054284,-36273377433.92888,193405845617.63556,62831.79107743072
195,9.750000000000001e-05,-30163998088.040783,194337915298.72922,62831.03823527098,650937555206.7916,69364125190.93184,0.04719821629236198,-30163112995.564835,194338033010.73853,62831.74710083646
196,9.800000000000002e-05,-24031084422.31759,195077321472.70917,62831.03569663007,679500167081.0226,66762912351.04855,0.04794351829087375,-24030110149.541534,195077494857.7017,62831.74705648488
197,9.850000000000002e-05,-17881502998.494087,195623409406.90515,62831.03403934918,708126968742.7974,65089335842.9817,0.04869836609743936,-17880434714.68427,195623523206.04318,62831.677064879
198,9.900000000000002e-05,-11721342514.395857,195975890728.08032,62831.03410959289,736594770628.8301,64458297987.033394,0.04945747817942857,-11720198592.304207,195976026054.88354,62831.610948879024
199,9.950000000000002e-05,-5556705982.131434,196134636425.69592,62831.03257618879,764641933529.9235,64988040316.1,0.05021453879742728,-5555472113.7373295,196134723570.5683,62831.76510821567
200,0.00010000000000000002,606307054.4690161,196099711169.5601,62831.02652845924,791966761130.0322,66797359851.10009,0.05096213688375242,607635702.2429756,196099686035.46616,62831.74960227113
201,0.00010050000000000002,6761656996.989926,195871325761.37744,62831.02235615641,818227353252.0765,70001966271.34766,0.05169173923926439,6763066503.037477,195871236960.3472,62831.669534632
202,0.00010100000000000002,12903295620.4425,195449926536.13156,62831.02367807563,843043429971.8654,74709934574.02048,0.05239371204148666,12904762135.349913,195449775222.31412,62831.61633641201
203,0.00010150000000000001,19025186284.501175,194836153398.30087,62831.032277322585,866000694456.9248,81016272544.9023,0.053057405640228116,19026643342.82053,194836002632.8982,62831.52268240861
204,0.00010200000000000003,25121196729.391235,194030902835.21725,62831.02608721595,886658216393.4409,88996722053.02762,0.05367131708907245,25122693740.20078,194030677639.43475,62831.47976210743
205,0.00010250000000000002,31185420512.94773,193035142514.87216,62831.02007618161,904559234116.5365,98701029955.52979,0.05422334221961196,31186985917.987965,193034836255.25543,62831.43845317466
206,0.00010300000000000002,37211923332.9476,191850067819.49756,62831.01669069991,919245457284.2119,110146100672.16809,0.05470112342804025,37213483488.40936,191849674577.54364,62831.560747802614
207,0.00010350000000000001,43194876964.01615,190477026828.19794,62831.0307332003,930274743606.3608,123309532351.42216,0.05509249105831641,43196433307.00304,190476613672.16074,62831.55440282933
208,0.00010400000000000002,49128308917.67694,188917649556.31635,62831.038426528095,937241455206.1301,138124206454.44376,0.055385984841678775,49129884124.62354,188917190271.69318,62831.684091157666
209,0.00010450000000000002,55006454497.919846,187173672414.00912,62831.04624382242,939798416610.5884,154474609555.6562,0.055571429036271804,55008009351.62418,187173146872.74652,62831.65651805052
210,0.00010500000000000002,60823549170.35519,185247043296.9701,62831.0484222759,937678774730.5656,172195631126.12778,0.055640521428411416,60825147240.55538,185246503987.33636,62831.7384563884
211,0.00010550000000000002,66573938558.12179,183139866365.93362,62831.047914389026,930715876772.5415,191074336885.21878,0.05558738622674233,66575579321.82241,183139260017.83975,62831.68111473158
212,0.00010600000000000003,72252043723.0666,180854418639.74484,62831.04834630273,918859022380.5427,210855043386.40588,0.055409035409105585,72253719619.60542,180853745618.5317,62831.80915637028
213,0.00010650000000000001,77852480825.90408,178393078088.30014,62831.077561701044,902183180527.3741,231247622442.2203,0.05510568553449418,77854023453.85257,178392411660.23447,62831.799102499506
214,0.00010700000000000001,83369735125.1574,175758511593.49387,62831.11973090971,880891202340.0054,251938603524.43658,0.05468088779933911,83371040559.71503,175757885464.77518,62831.804488555405
215,0.00010750000000000001,88798125318.04819,172953728917.99802,62831.10537948183,855307955241.1526,272604176562.1778,0.05414144840548753,88799515058.08904,172952934640.97446,62831.82119439893
216,0.00010800000000000002,94132740853.71004,169981485054.22726,62831.10591825641,825866604753.4388,292924027360.13806,0.05349713979204854,94134134294.05338,169980605711.28723,62831.59293239116
217,0.00010850000000000002,99368277072.69354,166845004313.97272,62831.08979717474,793088020755.9895,312594954388.1823,0.05276022663820352,99369808096.40785,166844012819.26736,62831.47353332504
218,0.00010900000000000002,104499837917.7822,163547461996.96902,62831.09021924411,757555711363.3229,331342744637.2191,0.05194485436037169,104501391241.23735,163546372406.0221,62831.4914868885
219,0.00010950000000000003,109522392435.1629,160092356482.29514,62831.08847405963,719888284376.9839,348931707466.87976,0.05106635875421327,109523944348.64046,160091215356.4618,62831.672789187294
220,0.00011000000000000002,114431457153.23041,156482992418.90668,62831.16179147583,680712193940.0891,365171042300.94794,0.050140561362323664,114432705794.10655,156482035514.06488,62831.69611805614
221,0.00011050000000000002,119221777421.89131,152723532686.35898,62831.19047270198,640636697723.8118,379918068793.2048,0.049183108294214066,119222950477.8325,152722576041.85562,62831.80941447936
222,0.00011100000000000003,123888953816.98157,148817712020.165,62831.21667684342,600233132364.5494,393078120023.12976,0.048208900535143026,123890048340.47693,148816777777.69495,62831.75099338506
223,0.00011150000000000001,128428567811.31741,144769510356.35614,62831.250941243525,560018829548.3163,404602116775.9951,0.047231643285592616,128429537126.90567,144768642173.52606,62831.592745803646
224,0.00011200000000000003,132835908929.4845,140583460283.82687,62831.20254116929,520446549840.1161,414481973527.23444,0.04626352834334449,132837038068.01233,140582343071.16724,62831.65284696873
225,0.00011250000000000004,137107257650.32446,136263402029.44151,62831.18431210699,481899060425.6219,422744655065.88367,0.04531504744912719,137108467299.21939,136262128639.1897,62831.457611486585
226,0.00011300000000000002,141238452130.45972,131813846632.24945,62831.171788796135,444687856629.8229,429445832486.574,0.04439492137476482,141239642928.6121,131812391455.95299,62831.4602640674
227,0.00011350000000000002,145225833409.1809,127239028035.35797,62831.23230589679,409055746108.2578,434663181252.4725,0.04351012604014177,145226776584.65976,127237772574.10263,62831.56462771149
228,0.000114,149065338281.41565,122543911699.91016,62831.29248121456,375181813956.52423,438490210091.08295,0.04266599095218683,149066050518.25116,122542818107.3733,62831.52294584809
229,0.00011450000000000002,152753486848.0506,117733086347.0299,62831.39119070152,343188249352.84454,441030561771.4214,0.04186634782828035,152753859324.12302,117732365096.42648,62831.64081988694
230,0.00011500000000000003,156286359744.677,112812025824.93039,62831.400901540575,313147835951.3966,442393299810.3069,0.04111370758876606,156286643114.01047,112811351107.5123,62831.54517738767
231,0.00011550000000000002,159661067233.98077,107785178194.54697,62831.438243619996,285091888524.4427,442688870237.63306,0.04040944983949738,159661257100.7995,107784663640.90411,62831.56516849337
232,0.00011600000000000003,162874165987.51035,102658056766.89796,62831.413623332104,259017661551.02206,442026162639.23346,0.03975401044055159,162874509103.08096,102657407506.82942,62831.31269233511
233,0.00011650000000000003,165923070971.3598,97435237374.37552,62831.45077809656,234895527063.79178,440510058765.18097,0.03914705974882914,165923317921.48834,97434792455.1037,62831.251368016914
234,0.00011700000000000001,168804704256.7561,92122373021.84723,62831.468794893335,212675141777.21304,438239901808.05316,0.03858766443920539,168804894927.69778,92122049652.06833,62831.33608697139
235,0.00011750000000000002,171516603149.24963,86724477728.61038,62831.53358723994,192291051622.61035,435308299276.9875,0.03807443115104611,171516590423.3543,86724501920.11731,62831.19917314213
236,0.00011800000000000001,174056054358.10364,81247385758.26959,62831.56310563927,173667252185.9919,431800574184.83673,0.037605629909719454,174055935355.16977,81247595110.32054,62831.19984739334
237,0.00011850000000000002,176420755382.0633,75696621764.02226,62831.55346572637,156721111368.38818,427794429963.11285,0.03717929847913011,176420635608.18872,75696888147.34451,62831.0822822791
238,0.00011900000000000003,178608749846.27176,70077391282.17418,62831.574409739565,141366442201.74606,423359995581.6633,0.03679332836693201,178608544214.93936,70077854008.09161,62831.06813055767
239,0.00011950000000000002,180618060529.44757,64395329921.19026,62831.622197116216,127515948294.38376,418560047138.34424,0.03644553441668199,180617739845.60434,64396135960.9599,62831.118905759955
240,0.00012000000000000002,182446880893.3155,58656156402.20215,62831.68817837464,115083175991.27048,413450307337.062,0.036133710299143036,182446420683.8801,58657299363.55879,62831.5131653598
241,0.00012050000000000003,184093480216.62802,52865962381.375496,62831.703166325315,103983962139.27106,408079865107.64233,0.03585567179071637,184093021051.67868,52867212854.837814,62831.589907432935
242,0.00012100000000000001,185556543025.19577,47030280471.31084,62831.713915114255,94137507032.4883,402491632604.3744,0.03560928985986411,185556166452.2947,47031552979.02216,62831.7137592947
243,0.00012150000000000003,186834781509.81082,41155124964.36917,62831.68204727865,85467078890.95453,396722871960.98596,0.03539251513548786,186834470816.35214,41156277595.22468,62831.79513123214
244,0.00012200000000000001,187927283910.83972,35245874637.81324,62831.69609305187,77900527318.77754,390805666120.89777,0.03520339561538838,187926964314.18866,35247104519.109344,62832.10008783371
245,0.00012250000000000002,188833112373.4495,29308629387.34173,62831.71138009086,71370544986.3367,384767427144.24524,0.03504008875305558,188832775785.83813,29309875039.067574,62831.90254582916
246,0.00012300000000000004,189551527293.2578,23349591154.7827,62831.66870592942,65814834702.63776,378631327228.5414,0.034900869333169444,189551251081.72025,23350581517.731205,62832.02210476953
247,0.00012350000000000002,190082132500.66776,17374236214.92912,62831.65068629599,61176122430.25554,372416738261.62213,0.03478413393122046,190081914618.44513,17375112838.29262,62832.16707103147
248,0.00012400000000000003,190424573768.40564,11388740815.313766,62831.60668468,57402065855.22267,366139657994.9685,0.03468840267912802,190424382007.15997,11389328678.554617,62832.23193532889
249,0.00012450000000000004,190578772799.84558,5398725284.471874,62831.594219172526,54445141215.330696,359813064901.115,0.03461231915462079,190578607036.58563,5399182725.345608,62832.324809408834
250,0.00012500000000000003,190544758277.1664,-589619717.5186951,62831.55940991003,52262454316.37655,353447274365.2474,0.03455464876362749,190544597069.66495,-589408558.3810294,62832.51291499607
251,0.00012550000000000001,190322798244.85052,-6570553745.393737,62831.53487599226,50815543625.97367,347050243636.1167,0.034514276115170044,190322653256.03876,-6570528558.601149,62832.469482074084
252,0.000126,189913326332.7942,-12538362412.660023,62831.55572582422,50070149785.81772,340627866322.99554,0.03449020163086748,189913130612.008,-12538334716.817566,62832.469870339104
253,0.0001265,189316943329.13223,-18486976690.29218,62831.58273291453,49995986917.76696,334184230726.8349,0.034481537680444596,189316808071.17737,-18486864544.26996,62832.67973394556
254,0.00012700000000000002,188534461019.791,-24410254210.62335,62831.55637382728,50566509335.204216,327721856293.90186,0.03448750442210425,188534314650.561,-24410328259.657665,62832.66596873108
255,0.0001275,187566870689.59964,-30302651414.56548,62831.53187478112,51758675474.96239,321241914798.42017,0.03450742546424658,187566678557.90115,-30302911465.91331,62832.56156140637
256,0.00012800000000000002,186415327239.70007,-36158510377.80968,62831.534017725935,53552727394.559494,314744426399.9977,0.034540723483437646,186415126016.52292,-36158893458.1169,62832.71354803566
257,0.00012850000000000003,185081172196.5664,-41972049255.97459,62831.55330470137,55931979457.60589,308228436818.35815,0.03458691588210216,185080960002.9353,-41972445141.61099,62832.80985367816
258,0.00012900000000000002,183565974562.0349,-47737257830.97316,62831.52150562461,58882614166.37982,301692182913.4188,0.03464561052609187,183565687642.46985,-47737886241.36014,62832.616730856316
259,0.00012950000000000003,181871358361.16095,-53449047613.9999,62831.554869013555,62393483365.9249,295133250412.36066,0.03471650157731424,181871100278.77536,-53449591630.55922,62832.60578861107
260,0.00013000000000000004,179999229546.144,-59101583241.09691,62831.597346341376,66455952973.599556,288548696512.6271,0.034799365555172275,179999012121.74033,-59102024881.57446,62832.41807192041
261,0.00013050000000000003,177951686323.95523,-64689148390.9817,62831.603291119725,71063720722.66975,281935192604.55365,0.034894057504016945,177951403829.01874,-64689603944.9296,62832.3589029951
262,0.00013100000000000004,175730887959.72855,-70206585540.71616,62831.63514951401,76212662582.93741,275289146535.15515,0.0350005073317566,175730643187.19974,-70206904772.4478,62832.410815675765
263,0.00013150000000000003,173339252030.56543,-75648406133.69789,62831.66484353437,81900712595.17986,268606800825.809,0.03511871639883464,173339013368.6925,-75648682767.89758,62832.38294708633
264,0.000132,170779351023.10602,-81009282005.78853,62831.681730694974,88127722674.57988,261884350188.23917,0.035248754239476564,170779042957.30005,-81009523524.2354,62832.25005552364
265,0.00013250000000000002,168053916704.27463,-86283997800.51566,62831.68104604981,94895349551.18,255118041461.44763,0.03539075546883806,168053596244.05884,-86284244967.42175,62832.34774801119
266,0.000133,165165761295.05197,-91467630117.91383,62831.706039189594,102206950630.09334,248304270978.13608,0.03554491686137384,165165416573.34924,-91467840830.63132,62832.52915153027
267,0.00013350000000000002,162117974425.7628,-96555023851.91423,62831.72188832765,110067499893.57103,241439670881.72778,0.035711494626411995,162117659784.67508,-96555233160.51439,62832.44367467839
268,0.00013400000000000003,158913822991.93665,-101541119800.33604,62831.69088229272,118483481110.54515,234521218951.43356,0.0358908017477082,158913425512.71277,-101541522315.51462,62832.49074296022
269,0.00013450000000000002,155556526238.49594,-106421391328.1182,62831.68175078737,127462801094.30934,227546337025.5359,0.03608320541670044,155556056707.33984,-106421836300.10904,62832.58174918952
270,0.00013500000000000003,152049554727.94766,-111191158962.44292,62831.698844022445,137014738292.61923,220512966241.53632,0.03628912464448208,152049011837.0002,-111191555875.01517,62832.671415147284
271,0.00013550000000000001,148396488394.39136,-115845910447.3898,62831.760836814705,147149848380.23907,213419682370.6618,0.03650902783840964,148395990034.79257,-115846108377.57132,62832.562611343594
272,0.00013600000000000003,144601370055.15784,-120380724801.7753,62831.74512958386,157879887750.95905,206265800789.16098,0.03674343036543534,144600754225.4034,-120381055983.44269,62832.66634198471
273,0.00013650000000000004,140668013277.66193,-124791459677.64714,62831.70210389913,169217682042.29657,199051528762.7033,0.03699289184367106,140667155207.63043,-124791994773.15834,62832.71336257013
274,0.00013700000000000002,136600279852.97572,-129074172099.13219,62831.70565895203,181177081632.4596,191778049928.88492,0.037258013452079165,136599308975.3052,-129074741748.71184,62832.636620290985
275,0.00013750000000000004,132402425269.34302,-133224638624.28754,62831.71605824006,193772863509.4,184447655056.3672,0.037539434991728314,132401390884.5121,-133225223582.62543,62832.547272382
276,0.00013800000000000005,128078765306.13611,-137238881474.44531,62831.72340542577,207020566755.8941,177063925221.6665,0.03783783138738003,128077688417.38702,-137239457911.6801,62832.57512888001
277,0.00013850000000000003,123633679728.06992,-141113134062.3339,62831.738932401255,220936347725.76715,169631895595.43646,0.038153908656520054,123632553714.70462,-141113666706.3979,62832.57822545654
278,0.00013900000000000002,119071721970.20871,-144843698661.54858,62831.75193710355,235536801129.34262,162158241238.3583,0.03848839915289006,119070573782.11131,-144844190825.32147,62832.52723155394
279,0.0001395,114397526786.38358,-148427061396.0388,62831.762879453425,250838724664.02695,154651498329.4219,0.03884205580117103,114396363895.0081,-148427526371.9258,62832.531071640995
280,0.00014000000000000001,109615790466.44075,-151859900911.98517,62831.78636868861,266858843590.1605,147122302806.1986,0.039215645102568676,109614650482.17523,-151860327404.93393,62832.65490378384
281,0.00014050000000000003,104731512297.22629,-155138847797.96738,62831.77122909231,283613473509.5571,139583657930.53683,0.03960993859977686,104730248363.22896,-155139331026.96243,62832.49474954791
282,0.000141,99749504144.13591,-158260974693.82092,62831.75991475284,301118075204.81335,132051257867.55507,0.040025702306106276,99748165366.07617,-158261447751.51312,62832.48198393372
283,0.00014150000000000002,94674706006.93437,-161223454341.70642,62831.778397787275,319386776798.03876,124543801176.55978,0.040463683902228896,94673378359.7131,-161223884923.9194,62832.58904504788
284,0.00014200000000000004,89512358312.87425,-164023430496.14264,62831.78656473084,338431743885.194,117083375037.14558,0.04092459702295412,89511036367.05464,-164023905001.08783,62832.866359278094
285,0.00014250000000000002,84267657939.44969,-166658329472.0462,62831.784526074574,358262397209.2182,109695893443.12152,0.041409101971200346,84266249548.70135,-166658774000.724,62833.04178535498
286,0.00014300000000000003,78945770670.92911,-169125822356.82178,62831.80234916726,378884516550.5852,102411545142.64442,0.04191778236170187,78944351436.77966,-169126195507.32556,62832.99469476606
287,0.00014350000000000002,73552087040.17949,-171423622518.59622,62831.82422014645,400299161644.15796,95265284638.53334,0.04245111693666355,73550624527.24124,-171423934546.03073,62832.96787220719
288,0.00014400000000000003,68092068008.69925,-173549617093.77045,62831.83435710411,422501356743.2784,88297379099.47432,0.043009445630453995,68090562502.208824,-173549900444.69086,62832.86936049552
289,0.00014450000000000004,62571251655.33917,-175501859860.05173,62831.81366010747,445478559634.8422,81553969087.55591,0.043592929105436495,62569569952.16879,-175502174490.49905,62832.768545682775
290,0.00014500000000000003,56995018518.591705,-177278723058.34262,62831.80039117495,469208870010.2707,75087644428.74297,0.044201500893496365,56993183693.53692,-177279096377.12564,62832.8273737561
291,0.0001455,51368951668.89447,-178878641356.93005,62831.78940875332,493658979784.2344,68958002420.37259,0.044834811407299655,51366939658.14159,-178878949889.35278,62832.90105989046
292,0.00014600000000000003,45698540423.30482,-180300316652.576,62831.81119702021,518781784765.94214,63232199403.12802,0.045492162987299134,45696537841.492035,-180300554203.64282,62833.038014995866
293,0.0001465,39989622084.777954,-181542418924.0196,62831.81470616585,544513724655.7658,57985415704.99953,0.0461724356535702,39987541172.77087,-181542595766.75873,62833.1759444422
294,0.00014700000000000002,34247800483.25303,-182603981365.0375,62831.8195910633,570771785112.1227,53301223401.027245,0.046874003405789365,34245658118.4684,-182604041220.60315,62833.185040566386
295,0.00014750000000000003,28478813655.16563,-183484136383.45706,62831.816821780376,597450310820.2915,49271740832.48386,0.04759464187095774,28476489020.136745,-183484241055.82526,62833.125052699485
296,0.00014800000000000002,22688318205.410526,-184182284334.6198,62831.82389741279,624417599665.2205,45997542109.19894,0.04833142870138284,22685857275.956028,-184182317218.7828,62832.971931681284
297,0.00014850000000000003,16882112356.158136,-184697883985.6037,62831.82464207554,651512466587.687,43587197016.63737,0.04908063953042383,16879564563.739607,-184697855715.55118,62832.96122205278
298,0.00014900000000000002,11065933008.858644,-185030614320.31134,62831.82094898335,678540900093.9835,42156342344.4025,0.04983764379954104,11063313457.267757,-185030595114.1158,62833.1492636711
299,0.00014950000000000003,5245507825.059551,-185180444998.4228,62831.820965772575,705273119031.3828,41826146698.35709,0.050596806826896615,5242795346.752893,-185180352477.39,62833.024761229586
300,0.00015000000000000004,-573388914.5233678,-185147422832.81186,62831.81786291648,731441347058.3262,42721047737.34042,0.05135140672056117,-576206051.6928883,-185147254855.02786,62833.09225633693
301,0.00015050000000000003,-6385073025.778615,-184931722987.664,62831.821747994465,756738678016.4773,44965636472.15817,0.05209357723010665,-6388026271.47686,-184931453183.64432,62833.08741622072
302,0.00015100000000000004,-12183750427.85327,-184533833007.16898,62831.81958976183,780819556680.7339,48680594739.85749,0.05281429000060978,-12186863114.257202,-184533448742.2945,62832.999689451106
303,0.00015150000000000005,-17963730207.75934,-183954338824.13147,62831.81426141667,803302440696.3134,53977637673.85538,0.05350339159038084,-17966957080.244793,-183953842099.76572,62832.989588626064
304,0.00015200000000000004,-23719448590.50194,-183193963681.4463,62831.83000920025,823775120684.6917,60953505501.2088,0.054149711346115785,-23722704002.716938,-183193379592.2132,62833.12493983143
305,0.00015250000000000002,-29445069584.431408,-182253752472.91092,62831.828573855186,841803211208.3627,69683160196.3315,0.054741255175168375,-29448395184.688385,-182253048547.19202,62832.9406066136
306,0.000153,-35135106014.28114,-181134782647.84332,62831.83640646242,856942174709.5454,80212453481.8421,0.05526549690665545,-35138441725.046234,-181133933994.23886,62832.710757757464
307,0.00015350000000000002,-40784031543.13002,-179838341471.86813,62831.86324922852,868752806078.7882,92550779186.8189,0.055709771817374125,-40787225152.052414,-179837387972.92624,62832.52528324951
308,0.00015400000000000003,-46385973374.94822,-178366062990.91788,62831.836706592585,876819937695.0623,106664275814.86072,0.056061767212641445,-46389304360.635155,-178364905918.08914,62832.42442809357
309,0.00015450000000000001,-51936029270.20028,-176719352154.21643,62831.8763541311,880773555099.2179,122470296819.95221,0.056310092191494604,-51939170826.03781,-176718245009.1661,62832.09248614008
310,0.00015500000000000003,-57428362924.01997,-174900214347.1239,62831.89403266353,880310749003.1843,139834110109.7065,0.05644489289911362,-57431383892.70398,-174899026958.51425,62832.02936025922
311,0.00015550000000000004,-62857747939.24396,-172910586334.86963,62831.916359383926,875217154347.1187,158568240744.24234,0.05645846830611986,-62860660367.740456,-172909307756.85504,62832.110566430165
312,0.00015600000000000002,-68219054591.640076,-170752543452.9331,62831.97621004311,865385317602.0936,178435351270.83127,0.05634582872250292,-68221680395.98535,-170751319715.40402,62832.24950979009
313,0.00015650000000000004,-73506571254.08437,-168428667500.45947,62831.96738346235,850828128922.715,199154693195.29324,0.05610513736993658,-73509218444.74013,-168427358183.82758,62832.232517074335
314,0.00015700000000000002,-78715517909.57898,-165941267579.06644,62831.96475147289,831685570162.005,220411888483.86975,0.05573798127637909,-78718188517.91882,-165939853411.29007,62832.041847119785
315,0.00015750000000000003,-83841197019.84169,-163292768248.46475,62832.044462926475,808223179231.3494,241871743709.6742,0.05524943008121745,-83843478978.70528,-163291533476.9435,62832.10922657815
316,0.00015800000000000005,-88878005023.54248,-160486339831.47058,62832.06790664264,780822324475.9434,263192743958.78577,0.05464786686678813,-88880092341.94409,-160485091214.2212,62832.110095092714
317,0.00015850000000000003,-93820871757.78531,-157525097937.87595,62831.98924838706,749963084244.4165,284041875326.03357,0.05394460263738543,-93823266148.0999,-157523518106.9693,62832.1702254012
318,0.00015900000000000002,-98665869545.18152,-154411595095.666,62831.993743329425,716200855921.9294,304108837722.09546,0.053153308976938915,-98668179114.94856,-154409998214.6631,62832.10221079512
319,0.00015950000000000003,-103407932594.74606,-151149333078.79877,62831.99364758401,680139086506.1597,323118314592.0845,0.052289324923327024,-103410221070.53177,-151147672251.75403,62832.085943371036
320,0.00016,-108042935016.29712,-147741358382.1797,62832.088804729974,642401357761.3119,340838845002.90845,0.05136890928003821,-108044767452.00806,-147739926666.33224,62832.0299413979
321,0.00016050000000000003,-112565593883.93803,-144191842234.64426,62832.08828490567,603604392802.3427,357088597229.8272,0.050408503756289524,-112567418679.25363,-144190358784.5694,62832.057012722944
322,0.00016100000000000004,-116972305681.7726,-140503861601.35168,62832.161980847864,564334911689.7617,371737215475.3323,0.04942406883485188,-116973781032.96796,-140502611025.9625,62832.07725234656
323,0.00016150000000000002,-121257839399.97092,-136682115333.18456,62832.06629639086,525130648915.7946,384704998180.5262,0.04843053140777469,-121259700993.15823,-136680486977.65536,62831.884184226685
324,0.00016200000000000003,-125419396210.23083,-132729368467.36856,62832.11308603124,486467540912.67053,395958831384.4984,0.04744137286609607,-125420951125.95291,-132727903776.6069,62831.65569626071
325,0.00016250000000000002,-129452544951.12692,-128650060688.26132,62832.1917367258,448751480725.00354,405507030202.3628,0.04646835812568619,-129453718599.52518,-128648929191.82445,62831.61578135418
326,0.00016300000000000003,-133353069462.23422,-124448760864.20244,62832.20383011622,412315897905.7132,413392279744.43695,0.0455214021758961,-133354176410.26648,-124447655830.81842,62831.5626650079
327,0.00016350000000000004,-137117712534.80821,-120129293073.39294,62832.26315363747,377423028473.27325,419684537567.0,0.044608552145080214,-137118515890.3606,-120128479258.3611,62831.67401665307
328,0.00016400000000000003,-140742437500.52606,-115696605549.3142,62832.24026758423,344268118214.8568,424474208865.09985,0.043736059496090926,-140743264777.70993,-115695724262.79453,62831.60220696847
329,0.00016450000000000004,-144224441124.09418,-111154471073.53444,62832.304740383806,312986083268.1238,427865539284.8039,0.04290851851710255,-144225024305.12277,-111153893105.87213,62831.543119480506
330,0.00016500000000000005,-147559943326.1834,-106508124427.7364,62832.312782339926,283658947806.3379,429971178237.3188,0.04212904460385029,-147560418130.40277,-106507628359.08833,62831.60957889274
331,0.00016550000000000004,-150746134042.13214,-101761861035.21107,62832.35613038235,256324185573.42142,430907251608.32,0.041399474247543915,-150746430691.33932,-101761577594.87318,62831.526906518586
332,0.00016600000000000002,-153779841621.56033,-96920756045.66222,62832.37395151312,230982559722.40158,430789731375.5289,0.040720568382403316,-153780078823.49112,-96920624989.26048,62831.5808528748
333,0.0001665,-156658199161.42255,-91989799450.4231,62832.34639906247,207605730991.94324,429731445152.61926,0.04009220884497682,-156658425050.4221,-91989618164.88144,62831.71080608187
334,0.00016700000000000002,-159378838892.68143,-86973486848.58318,62832.37287312421,186142996536.78204,427840000223.3061,0.03951357949501124,-159378952573.77634,-86973446005.9207,62831.58131220082
335,0.00016750000000000003,-161938986849.5868,-81877319748.5787,62832.35857308088,166527142825.11478,425216404401.6375,0.03898332751177955,-161939116454.82275,-81877238710.05539,62831.74864474664
336,0.00016800000000000002,-164336397820.88828,-76706268181.68988,62832.335684842896,148679575119.41412,421954090353.14655,0.03849970378688541,-164336526525.49896,-76706084099.79381,62831.87249953991
337,0.00016850000000000003,-166569070878.79456,-71465144312.57986,62832.37898675159,132514416837.10152,418138536748.45337,0.03806068149950627,-166569089644.59586,-71465242179.06845,62831.48990014652
338,0.00016900000000000004,-168634741569.9849,-66159706238.98781,62832.385908350494,117941875373.0666,413847166991.11615,0.03766405434747869,-168634740400.56186,-66159899604.323364,62831.42224725721
339,0.00016950000000000003,-170531647248.7173,-60795097517.48589,62832.39028850947,104870987621.67201,409149418630.22577,0.03730751664826529,-170531611222.26868,-60795443351.595375,62831.40821808573
340,0.00017000000000000004,-172258098372.60025,-55376715550.95698,62832.385164289524,93211627465.20341,404107106710.271,0.03698872689847787,-172258064733.89618,-55377136717.411476,62831.59198066401
341,0.00017050000000000002,-173812626101.0459,-49909864703.55488,62832.39093865427,82876075714.16112,398774829079.34576,0.036705357456680875,-173812589542.28998,-49910389076.98216,62831.6878470239
342,0.00017100000000000004,-175193862395.5838,-44400083243.846344,62832.39010001795,73780142202.30368,393200462972.0149,0.03645513245197614,-175193845058.74475,-44400617044.45524,62831.88260058234
343,0.00017150000000000005,-176400614474.48337,-38852978590.12159,62832.3592757337,65843962878.01129,387425677921.7561,0.03623585604504429,-176400672220.41483,-38853413813.11296,62831.98644634326
344,0.00017200000000000003,-177431998034.49185,-33273678303.55461,62832.37442042705,58992510038.44589,381486469805.42725,0.03604543279804138,-177432015204.71475,-33274200106.528114,62832.24490941887
345,0.00017250000000000002,-178287133865.7056,-27667924118.65227,62832.39570168241,53155870045.88398,375413702531.1488,0.03588188165478466,-178287148785.2363,-27668561129.044052,62832.29244112
346,0.00017300000000000003,-178965328344.04532,-22041560256.660133,62832.367949327294,48269399534.79054,369233587209.826,0.03574334505665816,-178965420211.3557,-22042038859.479897,62832.242307777145
347,0.00017350000000000002,-179466191202.22556,-16399799321.681871,62832.362833255764,44273727313.711464,362968162009.94977,0.035628094167312545,-179466270979.30273,-16400219294.686317,62832.3495016746
348,0.00017400000000000003,-179789391654.68454,-10748484475.062408,62832.32907932514,41114650462.666374,356635753138.71387,0.035534531060629,-179789469647.42206,-10748705214.876469,62832.23739708123
349,0.0001745,-179934866636.07135,-5092754945.965405,62832.355594842054,38742997350.45912,350251369460.9772,0.0354611887544654,-179934954546.54172,-5093175943.653997,62832.25023107361
350,0.00017500000000000003,-179902615497.05872,561206977.1322864,62832.32280999756,37114418251.08018,343827090938.7534,0.03540672955247244,-179902709119.9762,560950936.359524,62831.929132284575
351,0.00017550000000000004,-179692914230.92462,6208306091.7910385,62832.32786076105,36189170287.759384,337372399206.5964,0.035369942268300016,-179693010121.5903,6207953717.019645,62831.788870549666
352,0.00017600000000000002,-179306156886.83154,11842854846.642992,62832.34551405017,35931861177.75736,330894503873.5345,0.03534973857579017,-179306223378.07108,11842340810.777292,62831.65489095301
353,0.00017650000000000003,-178742921822.84897,17459338411.886066,62832.38197772457,36311203698.13681,324398619543.493,0.03534514885444153,-178743060896.3675,17458466001.565666,62831.648370780706
354,0.00017700000000000005,-178003972034.8686,23052022269.68135,62832.39299745096,37299761444.336586,317888225768.74426,0.03535531770045012,-178004183842.3469,23050997652.53211,62831.707771748544
355,0.00017750000000000003,-177090239309.18842,28615529071.58437,62832.40229558963,38873697542.81905,311365303543.2052,0.03537949926040741,-177090484829.07968,28614383505.667927,62831.745752433606
356,0.00017800000000000004,-176002856224.98953,34144157654.930717,62832.357687829135,41012536070.027115,304830547418.9791,0.035417052518918746,-176003108059.60754,34143169850.50228,62831.85937723169
357,0.00017850000000000006,-174743052662.1731,39632932688.00003,62832.3533320072,43698927135.66092,298283563199.19275,0.03546743660367168,-174743323270.02545,39631899626.87916,62831.8459788629
358,0.00017900000000000004,-173312281520.51654,45076322713.14307,62832.354327769724,46918443080.08185,291723034115.19385,0.03553020623407484,-173312540116.41336,45075237519.95948,62831.611276204334
359,0.00017950000000000003,-171712175417.5375,50468882259.659225,62832.33261621358,50659365602.44638,285146889468.3691,0.035605007275453016,-171712521294.5171,50467822699.73945,62831.70595446602
360,0.00018,-169944508868.94565,55805384900.871414,62832.29586610795,54912494241.3741,278552454531.2077,0.03569157245254826,-169944835095.87677,55804421836.13041,62831.804286632505
361,0.00018050000000000002,-168011193651.59863,61080744418.15651,62832.26998487637,59670974615.57825,271936584020.71503,0.03578971726161802,-168011543315.04382,61079858698.51324,62831.64841583898
362,0.00018100000000000004,-165914287329.69318,66289942408.95501,62832.28219943793,64930140658.93898,265295785400.30246,0.0358993360909894,-165914790186.11923,66288914994.67949,62831.55399771676
363,0.00018150000000000002,-163656092628.08615,71427731364.35365,62832.28986652724,70687368279.77585,258626335371.73895,0.03602039854544266,-163656663391.5802,71426584184.61104,62831.475870250775
364,0.00018200000000000003,-161239020353.67252,76489136050.80534,62832.29577355349,76941926315.5543,251924402144.63623,0.036152945914156895,-161239686558.1912,76487905928.28099,62831.49005228127
365,0.00018250000000000004,-158665746606.01492,81468985282.32947,62832.2348507124,83694859022.24074,245186145205.7892,0.036297087853083373,-158666404180.82294,81467923191.6013,62831.3787045328
366,0.00018300000000000003,-155938843035.66376,86362857995.34294,62832.20473859032,90948855892.42377,238407830324.5271,0.03645299918108413,-155939499975.5906,86361880094.00056,62831.39303910782
367,0.00018350000000000004,-153061146782.6305,91166058721.33325,62832.215077312634,98708183199.0573,231585897367.3311,0.03662091697935276,-153061917407.03506,91165015027.7252,62831.39654494078
368,0.00018400000000000003,-150035760338.5259,95873742965.38524,62832.21271105122,106978569934.57556,224717072419.81973,0.03680113776136601,-150036572789.1704,95872699622.41295,62831.25198415789
369,0.00018450000000000004,-146865780389.57632,100481490631.0367,62832.2277396774,115767099591.27919,217798479492.5833,0.03699401468942701,-146866685076.44464,100480357876.72255,62831.27219561956
370,0.00018500000000000005,-143554568518.80923,104984742441.47354,62832.22616828326,125082143162.69551,210827722101.81573,0.037199954953786356,-143555526977.66217,104983577248.53107,62831.40206689474
371,0.00018550000000000004,-140105564524.0915,109379170754.27946,62832.206058643475,134933256185.90494,203803000230.67987,0.037419417120767025,-140106571562.0584,109378045028.27301,62831.52822959635
372,0.00018600000000000002,-136522272036.9039,113660663110.27422,62832.194462049025,145331099968.55603,196723210632.23972,0.03765290850109877,-136523380772.86055,113659532431.30077,62831.59612343158
373,0.00018650000000000003,-132808417636.51215,117825068224.98898,62832.17527169477,156287360117.36133,189588053278.89444,0.03790098247851921,-132809522862.88666,117823989065.21509,62831.555290252436
374,0.00018700000000000002,-128967734477.17346,121868522839.20079,62832.18112923574,167814635958.54254,182398164970.2195,0.03816423563178645,-128969004375.6186,121867425091.94566,62831.536124422455
375,0.00018750000000000003,-125004204092.5519,125787104063.32617,62832.19127212179,179926346326.70126,175155240347.77283,0.03844330466945547,-125005564757.48344,125785939995.6042,62831.52459930578
376,0.00018800000000000002,-120921917028.88959,129577041409.8686,62832.191039805766,192636586931.03827,167862193377.63995,0.03873886292747205,-120923345558.14906,129575908405.24516,62831.367553724085
377,0.00018850000000000003,-116725122515.15846,133234655883.65074,62832.15171122068,205959983444.72867,160523319356.72488,0.039051616363073145,-116726502655.08879,133233589028.17245,62831.24927335743
378,0.00018900000000000004,-112417876100.30638,136756736701.10025,62832.152039582994,219911509254.9628,153144481050.4206,0.03938229884554038,-112419350087.83177,136755674891.23637,62831.213134851576
379,0.00018950000000000003,-108004636829.92012,140139863177.85168,62832.16018781917,234506309836.435,145733281482.63522,0.03973166671576174,-108006239776.57767,140138773551.3409,62831.312746425356
380,0.00019000000000000004,-103489991452.27661,143380750413.41217,62832.139458082376,249759406904.69138,138299323625.23624,0.040100492050282946,-103491639841.2564,143379731044.83932,62831.15756993218
381,0.00019050000000000005,-98878363443.47841,146476507728.55045,62832.13938618052,265685381025.68613,130854467946.56819,0.040489554486325484,-98880125542.6534,146475502321.7484,62831.17820743599
382,0.00019100000000000003,-94174517207.35954,149424152140.46063,62832.12619050233,282298019870.6243,123413094081.83357,0.040899631401367716,-94176329655.93527,149423196615.28778,62831.377677937446
383,0.00019150000000000005,-89383092245.76389,152221036296.50665,62832.13351815421,299609823771.91425,115992445572.63055,0.041331485779625456,-89384977260.4341,152220064577.5788,62831.46254875738
384,0.00019200000000000006,-84509054230.05255,154864461835.97208,62832.1189098263,317631467241.8926,108612967067.6033,0.041785851523431616,-84510900100.64713,154863542292.50192,62831.65960135829
385,0.00019250000000000004,-79557272209.77164,157352031090.79016,62832.09435077484,336371092065.71893,101298721103.66707,0.04226341543874695,-79559130646.09552,157351194052.0614,62831.66281739986
386,0.00019300000000000003,-74532577263.42198,159681570237.98715,62832.101458910445,355833511744.8997,94077805936.64925,0.04276479547864919,-74534493006.53899,159680715892.419,62831.7588789771
387,0.00019350000000000001,-69440218188.13405,161850816196.2414,62832.07994961997,376019249122.1307,86982819979.25964,0.04329051450586595,-69442093817.44983,161850034696.00217,62831.72246189385
388,0.00019400000000000003,-64285269757.07654,163857840477.59888,62832.03951628991,396923343778.9621,80051396853.8539,0.04384096860807492,-64287049130.09998,163857207365.84396,62831.81499936359
389,0.00019450000000000004,-59072705797.01697,165700964922.53522,62832.03113868723,418534017042.08496,73326721557.55304,0.0444163894205243,-59074548421.43349,165700375963.45267,62831.86618270936
390,0.00019500000000000002,-53807808998.03751,167378506672.25043,62832.033013134875,440831097406.4163,66858075966.5001,0.04501679956122626,-53809666423.77071,167377962439.2144,62831.946599187766
391,0.00019550000000000004,-48495916994.905334,168888951574.11307,62832.0227342179,463784154561.00085,60701415318.17891,0.04564196019590898,-48497781093.74977,168888499943.48486,62831.98269338117
392,0.00019600000000000005,-43142248963.10676,170231045890.56305,62832.020686654934,487350394843.55615,54919903378.30419,0.046291310132254085,-43144120555.23085,170230614928.04425,62832.06593059442
393,0.00019650000000000003,-37752054004.33211,171403702116.06866,62832.047150082275,511472300934.8701,49584385856.490685,0.046963895979412716,-37754028208.711525,171403304227.4116,62832.09910791546
394,0.00019700000000000005,-32330874966.081238,172405851880.53027,62832.054081025606,536074993072.81165,44773778371.31771,0.04765829313122746,-32332870455.467945,172405432927.31583,62832.17159282157
395,0.00019750000000000003,-26884012950.473698,173236753426.45514,62832.0636089614,561063333015.2052,40575309976.831,0.04837251787332581,-26886057601.46016,173236383323.58667,62832.2323436736
396,0.00019800000000000004,-21416925079.68553,173895747800.854,62832.06204877851,586318904452.3966,37084516366.72289,0.049103931914997324,-21418953171.97049,173895451441.7975,62832.346521488864
397,0.00019850000000000005,-15934980348.846523,174382416122.95377,62832.062161513415,611696879094.7069,34404937923.84455,0.049849141450542936,-15937009268.858936,174382162383.8049,62832.380655817324
398,0.00019900000000000004,-10443625109.852354,174696446411.97592,62832.05826700209,637022981393.4967,32647392143.59397,0.050603894446716334,-10445589240.799553,174696244958.34262,62832.5871645414
399,0.00019950000000000002,-4948261283.695843,174837768210.6701,62832.058013671936,662090716672.3673,31928717549.793022,0.05136298154035475,-4950149194.920341,174837661046.5526,62832.6953168956
400,0.00020000000000000004,545673954.9859962,174806428727.87228,62832.05843561691,686659182754.6632,32369857208.170853,0.05212014809418925,543844254.0146253,174806472166.08282,62832.73787927997
401,0.00020050000000000002,6032786085.695242,174602632287.21317,62832.06433451483,710451780686.7306,34093164028.40628,0.05286802727653002,6030954814.457313,174602754280.25836,62832.721598887554
402,0.00020100000000000003,11507622615.46774,174226816288.59286,62832.06626694725,733156270965.2076,37218822953.58989,0.053598106408136434,11505801873.430033,174227040247.7384,62832.683183496556
403,0.00020150000000000002,16964844940.289536,173679518006.35648,62832.07441706089,754426659823.1091,41860324294.53249,0.05430074087794805,16963041088.005943,173679849742.02127,62832.70798295943
404,0.00020200000000000003,22399010657.7367,172961509548.44263,62832.07203725734,773887374099.4802,48118995646.80349,0.05496523112050404,22397305130.899498,172961839417.43832,62832.69126789354
405,0.00020250000000000004,27804824292.818283,172073677547.08875,62832.06761486291,791140229717.9442,56077680877.859406,0.05557997799585149,27803243606.827824,172074019056.32205,62832.7853113757
406,0.00020300000000000003,33177016456.110043,171017080763.9323,62832.067983192144,805774484039.534,65793807637.666176,0.05613272940247591,33175526426.93919,171017443512.93988,62832.66313838566
407,0.00020350000000000004,38510359527.86669,169792941057.12784,62832.080510538835,817380133043.3531,77292206818.23312,0.056610925823723623,38508832032.83568,169793327557.7048,62832.609384620526
408,0.00020400000000000005,43799559137.11011,168402687458.39053,62832.08854952268,825564251023.8691,90558216911.89922,0.057002144080670274,43798001314.31323,168403107167.39847,62832.68200292553
409,0.00020450000000000004,49039416184.83433,166847896921.20593,62832.085357878364,829969791248.6493,105531726758.77718,0.057294627204509396,49037910489.19779,166848287521.9315,62832.721940386204
410,0.00020500000000000005,54224900330.4452,165130258780.09164,62832.08895101912,830295757833.1044,122102927509.34515,0.05747787457408924,54223467843.9366,165130713378.49622,62832.649022683254
411,0.00020550000000000003,59350770838.75067,163251740948.90744,62832.05857059477,826317248548.5172,140110517379.3104,0.0575432525307017,59349561253.16447,163252151751.77335,62832.794045620045
412,0.00020600000000000005,64412250360.455215,161214289620.60236,62832.04040178421,817903605976.7498,159342922342.8584,0.057484574478317514,64411119946.76351,161214680113.04904,62832.840010033244
413,0.00020650000000000003,69404314146.57535,159020148297.16418,62832.01137653281,805032556055.4241,179543030703.9695,0.057298591994190164,69403379268.54477,159020524773.27225,62832.89468048747
414,0.00020700000000000002,74322301655.678,156671563793.89648,62832.01240039013,787798735880.9482,200416282548.97867,0.056985341163261684,74321445107.72089,156671957923.6342,62832.845049053336
415,0.00020750000000000003,79161302209.56627,154171101737.52548,62832.011766745265,766415064576.5184,221641876581.0325,0.05654829739453634,79160506473.60721,154171451177.73486,62832.897252868344
416,0.00020800000000000004,83916588308.12448,151521431829.89734,62831.999543142134,741206557529.9941,242886102296.47342,0.05599431235828283,83915918702.5309,151521776864.68878,62832.90875417398
417,0.00020850000000000003,88583603785.96608,148725319647.86606,62831.98446367233,712596690142.4823,263816818265.6652,0.05533333024108223,88583124969.33865,148725584451.34006,62832.81519539759
418,0.00020900000000000004,93158101353.71057,145785515245.27417,62832.025574194224,681087553649.9287,284117723294.1892,0.054577907365204424,93157473957.63588,145785867767.56937,62832.98007216804
419,0.00020950000000000005,97635238393.4789,142705375035.39304,62832.02259070378,647235668777.2344,303501189138.01654,0.053742581963064105,97634680983.13905,142705698648.87128,62833.043575247815
420,0.00021000000000000004,102011083824.3553,139487831517.74875,62832.06312875212,611625998641.5577,321718429304.1278,0.052843157636098294,102010403862.0757,139488231962.61658,62833.16253304786
421,0.00021050000000000005,106281051084.92363,136136509470.89522,62832.055680466314,574846018055.7153,338566771713.07513,0.051895965860997956,106280492848.52464,136136842109.04312,62833.18743132775
422,0.00021100000000000003,110441583373.1054,132654431828.10002,62832.130009236535,537462565753.2658,353893207924.1322,0.0509171725357899,110440776914.20076,132655017090.42354,62833.12414859594
423,0.00021150000000000005,114488091727.62856,129045694666.92815,62832.13680631485,500002341773.0922,367594971116.3004,0.049922176170625186,114487360297.37924,129046277059.86127,62833.167947602036
424,0.00021200000000000006,118416854314.02356,125313910902.0979,62832.108405084226,462937750876.78015,379616886550.7289,0.04892513327277223,118416296857.18195,125314336027.47253,62833.41720515059
425,0.00021250000000000004,122224483095.35535,121462564014.4014,62832.13585577376,426677487414.1933,389946919267.7657,0.04793862250634542,122223890550.85002,121463046709.20476,62833.361619576026
426,0.00021300000000000003,125907029646.6172,117495912894.51909,62832.13318331761,391562089065.3258,398610169477.49506,0.0469734466327827,125906508218.91841,117496358425.98378,62833.13794713002
427,0.00021350000000000004,129461117196.61838,113417895000.3258,62832.1297395801,357863863534.15796,405661966889.9063,0.04603855913521785,129460656604.18663,113418318163.00124,62833.056212955365
428,0.00021400000000000002,132883340192.71469,109232719223.92963,62832.11201388429,325789865584.33264,411181060698.7179,0.045141092186371766,132883066581.31512,109233036334.22762,62832.88382782046
429,0.00021450000000000004,136170521443.37851,104944587317.05447,62832.092974038314,295487347129.3534,415263030618.095,0.04428646177733647,136170350281.22585,104944735668.58829,62832.97468484643
430,0.00021500000000000002,139319734594.2792,100557627554.82735,62832.12270078755,267050611804.77283,418014403984.9609,0.0434785249744118,139319516949.86386,100557847069.31978,62832.845505752375
431,0.00021550000000000003,142327703015.88812,96076718983.82138,62832.10036047245,240528565533.36337,419547609154.3459,0.04271976729823406,142327592635.02322,96076868220.39607,62832.92097600003
432,0.00021600000000000005,145191821467.98492,91506125710.89458,62832.08755689976,215932483332.20734,419976728984.694,0.042011502749384665,145191695372.03625,91506151549.98312,62832.901814444405
433,0.00021650000000000003,147909482320.84064,86850364007.9849,62832.104257348474,193243242929.03314,419414325953.3087,0.04135407168163894,147909337720.35748,86850507799.48607,62832.62443129677
434,0.00021700000000000004,150477876995.70236,82114618898.84102,62832.04423089475,172418078734.5504,417968955419.75806,0.040747027757932694,150477842593.56482,82114457976.2995,62832.60384631973
435,0.00021750000000000006,152895077175.47345,77302911732.11697,62832.06713958024,153396593653.43988,415743368153.4812,0.04018930811506677,152895066525.9964,77302817469.8072,62832.48351516691
436,0.00021800000000000004,155158506010.99353,72420730782.74083,62832.03342856652,136105741155.4676,412833489155.93304,0.039679382680100274,155158604523.17468,72420456034.26767,62832.40764591072
437,0.00021850000000000003,157266434422.7248,67472321786.61814,62832.079328416236,120464253237.8236,409327623921.32294,0.039215383073009695,157266429471.37555,67472202741.20487,62832.51990472449
438,0.00021900000000000006,159216583335.3654,62463441168.82133,62832.039245095824,106386022523.101,405306291993.6924,0.03879521026778708,159216666900.86142,62463137077.10493,62832.574355451994
439,0.00021950000000000005,161007487123.76346,57398499179.25551,62832.03807576214,93783022803.78745,400842117629.6362,0.03841662367304735,161007558030.05685,57398120636.609215,62832.6509890672
440,0.00022000000000000003,162637523570.4083,52282610087.92926,62832.06368022002,82567383184.37721,396000143690.7134,0.03807731249068948,162637565667.7277,52282287457.91574,62832.47179054089
441,0.00022050000000000005,164105117933.83755,47121307662.312065,62832.029704186396,72653104716.74368,390838127715.19293,0.03777495238715074,164105182025.44815,47120742903.087944,62832.56815206406
442,0.00022100000000000003,165409140116.45035,41919385294.20109,62832.00807296407,63957300080.69439,385406968378.3312,0.03750724947130398,165409225667.12128,41918734208.27552,62832.32111760924
443,0.00022150000000000002,166548533240.76102,36681838158.904396,62832.03499907224,56401015932.36188,379751239237.1915,0.037271973412182045,166548593634.94363,36681294682.866905,62832.30184281839
444,0.00022200000000000006,167522263921.51678,31414203950.677094,62832.04366141345,49909829251.1785,373909685718.9707,0.03706698189532803,167522308229.69562,31413689618.370438,62832.29004418276
445,0.00022250000000000004,168329556751.09467,26121783039.80465,62832.02083047498,44414220430.24332,367915720955.9984,0.03689023809344204,168329631004.98492,26121100368.76109,62832.36349366929
446,0.00022300000000000003,168969880462.25998,20809470865.21068,62832.03811959828,39849734811.62622,361797942695.4576,0.03673982242509818,168969897255.90326,20808856965.478035,62832.33263746612
447,0.00022350000000000007,169442737750.77664,15482814848.69687,62832.037954491585,36157015893.86462,355580621596.6514,0.03661393984539167,169442728823.66055,15482162996.155737,62832.36033177871
448,0.00022400000000000005,169747866052.25305,10147052825.482521,62832.027483123915,33281767089.30529,349284133289.6955,0.03651092379769966,169747842300.9925,10146309443.375248,62832.26524928375
449,0.00022450000000000004,169885173979.7711,4807301067.967016,62832.03907858469,31174612554.933975,342925387315.30646,0.036429237510398386,169885121829.3218,4806572207.299472,62832.16301098905
450,0.00022500000000000008,169854693600.021,-530846603.5257071,62832.00685374186,29790917930.664703,336518213107.20746,0.03636747334720947,169854609936.32272,-531736281.2514325,62832.12682299997
451,0.00022550000000000006,169656675200.28,-5862560376.252321,62832.020909693194,29090581809.258045,330073708929.77045,0.03632435075642829,169656549344.4707,-5863361790.193636,62832.23600802293
452,0.00022600000000000005,169291485878.95306,-11182621614.7411,62832.08835673828,29037797503.183994,323600570739.26025,0.03629871318213949,169291301479.94543,-11183068977.304535,62832.44304094061
453,0.00022650000000000003,168759673069.9756,-16485340436.550215,62832.11360653661,29600816193.011646,317105379004.4344,0.03628952431683761,168759486529.06668,-16485688181.117493,62832.422818129635
454,0.00022700000000000004,168061960448.85657,-21765654231.495464,62832.12842235593,30751695894.211998,310592869141.6731,0.03629586389318799,168061753024.1269,-21765974891.943962,62832.31355206371
455,0.00022750000000000003,167199236187.5106,-27018331456.48,62832.122542430414,32466057735.365833,304066175087.1798,0.036316923213087465,167199010770.51294,-27018712188.173397,62832.344476819635
456,0.000228,166172523500.15768,-32238423295.109905,62832.139913294784,34722848820.2994,297527049190.42,0.03635200056012692,166172275993.63953,-32238774657.5363,62832.4912984971
457,0.00022850000000000005,164983049969.9046,-37420592448.015434,62832.13114323275,37504120066.56654,290976058139.2078,0.03640049661611629,164982759085.4959,-37421006496.02561,62832.52537845684
458,0.00022900000000000004,163632141383.4343,-42560008650.05606,62832.14959216605,40794803138.22961,284412771078.9898,0.0364619099102385,163631825711.32715,-42560340396.35311,62832.32078999518
459,0.00022950000000000002,162121353610.17188,-47651429873.52993,62832.14548021011,44582517346.50982,277835917785.66486,0.03653583241761317,162121004729.0299,-47651826031.49575,62832.62081348612
460,0.00023000000000000006,160452333768.37973,-52690032014.4868,62832.15180177792,48857368308.15809,271243550777.4514,0.036621945261209,160451937820.69342,-52690531063.42601,62832.57115836715
461,0.00023050000000000005,158626969427.30304,-57670682995.806496,62832.11667405487,53611781145.99968,264633177468.31183,0.03672001462150179,158626486322.35373,-57671337994.62594,62832.59436524319
462,0.00023100000000000003,156647156080.37457,-62588857204.27318,62832.11619006093,58840323892.388824,258001901364.27997,0.036829887777218163,156646685007.19427,-62589540674.623245,62832.56104914268
463,0.00023150000000000007,154515061497.42487,-67439627401.63987,62832.11549540553,64539577599.63939,251346525234.19467,0.03695148941629366,154514540893.87317,-67440327726.54715,62832.5316840684
464,0.00023200000000000006,152232945554.27768,-72218333568.58849,62832.12662922511,70707979304.22438,244663680685.3136,0.037084818059999684,152232369659.06296,-72219025246.5289,62832.791445398885
465,0.00023250000000000004,149803227614.73157,-76920342366.01501,62832.149644618774,77345701621.59116,237949929560.57288,0.03722994269744463,149802620199.66562,-76920976449.17729,62832.96321817692
466,0.00023300000000000005,147228423828.12088,-81541201992.39761,62832.210559020226,84454532319.5491,231201869546.0105,0.0373869995787931,147227818570.80548,-81541629529.64479,62833.04433992178
467,0.00023350000000000004,144511370891.82755,-86076150014.70456,62832.232785433014,92037770952.2725,224416229449.28995,0.037556189185387306,144510766446.1675,-86076501291.48245,62833.02433165163
468,0.00023400000000000002,141654876917.51764,-90520910189.12929,62832.241711434566,100100101562.3584,217589989602.9106,0.037737773229791154,141654223549.0479,-90521254585.87206,62832.96806172796
469,0.0002345,138661865043.80017,-94871308016.92943,62832.266302914584,108647518628.85097,210720460355.8362,0.03793207185626104,138661182744.48657,-94871572454.72993,62832.87761907933
470,0.00023500000000000005,135535513801.40851,-99123035400.59976,62832.272422751485,117687236667.61098,203805379778.0705,0.0381394609233456,135534805518.08492,-99123344768.43855,62832.87734402748
471,0.00023550000000000003,132279024763.08273,-103272079021.65901,62832.278895585965,127227582398.81992,196843030445.5179,0.03836036924948141,132278303413.5454,-103272366881.80914,62832.85052218674
472,0.00023600000000000002,128895742715.54085,-107314488374.94023,62832.29316535494,137277916671.19243,189832333894.8387,0.038595275900221875,128895026960.43895,-107314702977.97769,62832.76112112058
473,0.00023650000000000006,125389262951.36372,-111246241752.1944,62832.26873977555,147848536431.69748,182772965713.2543,0.03884470738549296,125388460529.16737,-111246493811.20917,62832.56118692819
474,0.00023700000000000004,121763086739.20212,-115063737666.21391,62832.25007839478,158950555802.52158,175665490388.69986,0.03910923463336735,121762192977.70787,-115064018744.9421,62832.52348735352
475,0.00023750000000000003,118020917352.21213,-118763352063.39046,62832.241014843676,170595820306.37408,168511468484.8714,0.03938946983512373,118019952787.05582,-118763643621.83963,62832.602284208115
476,0.00023800000000000007,114166630203.9923,-122341508494.08531,62832.222015471074,182796767644.76868,161313609782.04718,0.039686062883136544,114165646879.10493,-122341864416.6552,62832.420419738395
477,0.00023850000000000005,110204156418.31517,-125794822155.08968,62832.19443878044,195566272020.2273,154075937343.63123,0.03999969728408344,110203065014.06583,-125795254332.12744,62832.201004805094
478,0.00023900000000000004,106137401751.98773,-129120162799.32088,62832.20366203958,208917476420.21744,146803956569.18134,0.04033108544606037,106136343355.16086,-129120545063.12944,62832.12962879098
479,0.00023950000000000005,101970565378.06499,-132314314412.9676,62832.22315202718,222863600739.35272,139504837114.29776,0.040680963181369344,101969592858.44441,-132314612562.33595,62832.26798911144
480,0.00024000000000000003,97708013486.19293,-135374145303.5175,62832.20583989398,237417669846.0115,132187650354.05135,0.0410500830210594,97707031171.60861,-135374439832.4786,62832.244882688676
481,0.00024050000000000002,93353948226.46516,-138296904552.57288,62832.19176377272,252592206745.17416,124863617918.67159,0.04143920613636762,93352962981.60287,-138297170640.98624,62832.38681165372
482,0.00024100000000000006,88912615862.6232,-141079988873.55423,62832.22909374929,268398902227.89005,117546357330.19237,0.041849092706324614,88911722792.68633,-141080150966.63925,62832.44358075632
483,0.00024150000000000004,84388687792.59117,-143720646068.61276,62832.255199624175,284848184927.16846,110252181566.46686,0.04228049022944664,84387826780.94928,-143720662135.0188,62832.32927130323
484,0.00024200000000000003,79786805322.93571,-146216379311.9114,62832.24623349096,301948661108.71423,103000465748.2356,0.042734119148186527,79785959228.32822,-146216381356.7407,62832.43439285211
485,0.00024250000000000007,75111448688.89742,-148565009384.9615,62832.24919066541,319706502571.9153,95814005056.06099,0.0432106555099727,75110560952.4043,-148565025948.41232,62832.605295513116
486,0.00024300000000000005,70367374668.16003,-150764344777.03183,62832.245968168056,338124725737.97516,88719400117.13469,0.043710710133726745,70366430239.81499,-150764370727.3384,62832.4743399342
487,0.00024350000000000004,65559342136.929375,-152812389924.04837,62832.23728479603,357202283212.8492,81747515655.35149,0.044234803418151836,65558306270.426025,-152812440953.68823,62832.61405663892
488,0.00024400000000000002,60692230188.873436,-154707263893.82852,62832.20635396897,376933024498.80835,74933947468.76938,0.044783335213077466,60691014081.115616,-154707421410.36075,62832.56533848632
489,0.00024450000000000003,55770711024.51103,-156447391306.46646,62832.20898973653,397304463744.12946,68319525665.696655,0.04535654893820533,55769454547.24584,-156447481676.71365,62832.61789021261
490,0.00024500000000000005,50799751310.432625,-158031196003.9016,62832.22981065574,418296377980.40967,61950813332.54005,0.04595448929714932,50798549916.23997,-158031217361.5814,62832.68277711864
491,0.0002455,45784423522.14061,-159457232042.78104,62832.238027725136,439879138188.5673,55880644750.841675,0.04657695260699462,45783241421.42299,-159457196737.16705,62832.51524961573
492,0.00024600000000000007,40729782244.8744,-160724249302.62396,62832.219900093325,462011829830.9205,50168629014.163055,0.04722342916012155,40728550588.98413,-160724220706.07864,62832.35925735428
493,0.00024650000000000003,35640730891.75597,-161831250387.8029,62832.21058080055,484640149878.8818,44881598798.92471,0.047893037165669304,35639467646.685684,-161831216357.81073,62832.328091186675
494,0.00024700000000000004,30522323423.859528,-162777328647.41333,62832.21129907861,507694087054.1757,40093969582.48084,0.04858444810181402,30521038858.72823,-162777248285.0166,62832.43277816306
495,0.00024750000000000005,25379629450.003677,-163561742974.13696,62832.22520510843,531085374365.42786,35887979780.290855,0.0492958036498149,25378381620.80759,-163561564608.20688,62832.465559805045
496,0.00024800000000000007,20217842443.659096,-164183853891.42996,62832.22824632605,554704805128.4961,32353722601.98424,0.050024625232191845,20216587567.509342,-164183663799.57947,62832.644097288554
497,0.0002485,15042041275.622496,-164643255468.44464,62832.23010732678,578419475607.1254,29588901925.258175,0.05076771806984987,15040768824.075733,-164643051644.48413,62832.58351752254
498,0.0002490000000000001,9857357166.022476,-164939670385.88416,62832.228548343555,602070112672.4448,27698209431.369278,0.0515210730093119,9856045958.60077,-164939464633.02646,62832.470975963544
499,0.00024950000000000005,4668897419.023047,-165073016251.1727,62832.22871774825,625468627987.9049,26792232426.503937,0.0522797708700833,4667567821.740244,-165072755415.26962,62832.545322581755
500,0.00025000000000000006,-518218276.72047323,-165043317336.63977,62832.23056202453,648396163453.6965,26985771800.934776,0.05303789602070786,-519601760.724549,-165043036336.11728,62832.582759563105
501,0.00025050000000000007,-5698879120.366141,-164850809346.8538,62832.236011032655,670601906269.0541,28395460966.905827,0.053788468009864275,-5700256558.679927,-164850503173.21353,62832.47096998956
502,0.00025100000000000003,-10867956159.6056,-164495883085.12967,62832.239567317,691803063145.5474,31136586410.955494,0.054523402284695564,-10869308123.697052,-164495542182.55402,62832.498669751934
503,0.00025150000000000004,-16020407867.124846,-163979049087.84964,62832.2510424849,711686380066.3706,35319042681.47694,0.05523351300514597,-16021764500.001865,-163978666129.89822,62832.74388163202
504,0.000252,-21151119800.88238,-163301024718.67316,62832.259358340816,729911635541.0612,41042413528.36969,0.05590857226089954,-21152456416.559093,-163300592653.3936,62832.652859934424
505,0.00025250000000000007,-26255029803.61511,-162462672007.5763,62832.25892848519,746117534367.4845,48390241409.088715,0.05653744017500553,-26256389247.51827,-162462197850.47833,62832.575684424504
506,0.000253,-31327238279.36172,-161464962657.9214,62832.273305276074,759930289260.4862,57423670213.02892,0.05710827861863907,-31328560998.857525,-161464460178.52283,62832.724031619684
507,0.00025350000000000004,-36362551062.90133,-160309148178.972,62832.2518959625,770975032469.6432,68174777594.25444,0.05760885704203215,-36363999422.47353,-160308566090.93176,62832.74250615139
508,0.00025400000000000005,-41356342432.62665,-158996440221.7489,62832.262006104174,778890005763.7804,80640003373.76883,0.058026952238024905,-41357772454.03707,-158995787606.82446,62832.754998530734
509,0.00025450000000000006,-46303618555.91648,-157528352560.8331,62832.27788368973,783342936434.9836,94774348733.78888,0.058350833204050635,-46304997482.21129,-157527665909.81247,62832.79891702941
510,0.000255,-51199408202.86307,-155906572480.477,62832.26727308826,784048946425.706,110486878668.53009,0.05856981120758974,-51200860920.91183,-155905768457.49448,62832.79343326685
511,0.0002555000000000001,-56039276298.952,-154132731501.618,62832.306089728234,780788635908.7108,127638305695.59752,0.05867482149279926,-56040594385.803406,-154131954143.1773,62832.75098511363
512,0.00025600000000000004,-60818154239.97169,-152208909034.13184,62832.313429897076,773424739452.837,146041309157.54156,0.05865899105901102,-60819509066.616135,-152208106556.02112,62832.73076196568
513,0.00025650000000000005,-65531743042.271965,-150137009612.33713,62832.36812070276,761915898112.869,165463801674.0494,0.058518140949467945,-65532846003.114716,-150136232654.77368,62833.04467182655
514,0.00025700000000000007,-70174950526.18768,-147919508843.48782,62832.352016598954,746325531527.1613,185635577126.2264,0.0582511676922155,-70176181876.08064,-147918703034.34537,62833.19544445196
515,0.0002575,-74743964640.13747,-145558394807.84128,62832.42370871442,726824961521.3694,206257707931.97986,0.05786025854593925,-74744901388.42622,-145557758302.20413,62833.16978241399
516,0.00025800000000000004,-79233672962.72273,-143056543742.47495,62832.423504294806,703689448514.386,227014587268.1752,0.057350905941088354,-79234676869.61221,-143055815410.94583,62833.19495892297
517,0.00025850000000000005,-83639916552.77666,-140416503398.74332,62832.39245132183,677287977694.3473,247586963393.36713,0.056731713687852806,-83641044685.15067,-140415653282.63367,62833.18865048814
518,0.00025900000000000006,-87958696291.6101,-137640879258.33633,62832.39015128223,648066741655.9363,267665578320.01163,0.056014005566960345,-87959864816.39658,-137639926821.3881,62833.13495800782
519,0.0002595,-92185646302.18112,-134732700536.19217,62832.36760468789,616528337086.2222,286963758942.81116,0.055211273677016046,-92186960387.95601,-134731618550.87352,62833.07311982932
520,0.0002600000000000001,-96317231332.21454,-131694590946.48323,62832.45472017641,583208618007.7227,305227944342.39685,0.054338520804781625,-96318234163.66878,-131693748489.16376,62833.0971886153
521,0.00026050000000000004,-100348833921.19135,-128530166798.37262,62832.49281009197,548652948651.51294,322245711538.1693,0.05341155720917566,-100349691629.89589,-128529319558.5019,62833.14755463917
522,0.00026100000000000006,-104276681441.60703,-125242644889.50146,62832.50297611853,513394460050.13715,337850334342.4363,0.0524463158986343,-104277534647.71085,-125241740707.14653,62832.96561663282
523,0.0002615,-108097166985.37589,-121835290138.23564,62832.52288938949,477935058153.4172,351922582406.2659,0.05145823582170057,-108098000985.57681,-121834408645.80557,62832.84693271604
524,0.0002620000000000001,-111806658570.25328,-118311582041.9259,62832.5569633807,442730727970.5911,364389567964.6084,0.050461751805170055,-111807373481.9477,-118310821009.51978,62833.02639590735
525,0.00026250000000000004,-115401655496.63974,-114675088812.38628,62832.61491995132,408181473094.987,375221265037.66003,0.04946991241366488,-115402190155.95949,-114674485438.32884,62833.18882071327
526,0.00026300000000000005,-118878542010.74646,-110929728401.593,62832.642230320256,374625726129.4284,384425420371.6763,0.04849413028431979,-118878954867.7256,-110929210156.30438,62833.01639785574
527,0.00026350000000000006,-122234019948.54349,-107079345848.2653,62832.635764001556,342338829696.18304,392041446405.00244,0.047544056877723825,-122234479504.02864,-107078774519.9848,62832.952999594396
528,0.000264,-125465068221.89409,-103127702369.09416,62832.63772573179,311534714042.835,398134028056.837,0.04662756363844201,-125465480627.72076,-103127115984.52867,62832.84693429803
529,0.00026450000000000003,-128568823392.85864,-99078572399.17313,62832.70523125401,282370041702.39777,402786834383.67694,0.04575080744147673,-128569019786.64568,-99078291311.5651,62832.965447693896
530,0.00026500000000000004,-131541925462.70207,-94936619558.33229,62832.70198313728,254950015622.1692,406096677432.9128,0.04491835704616925,-131542110858.41615,-94936284534.05818,62833.169251892214
531,0.00026550000000000006,-134381923630.33202,-90705610049.82228,62832.73203183282,229335219706.2734,408168257580.8302,0.04413335921535951,-134382048871.34499,-90705329089.04037,62833.147706282194
532,0.000266,-137086020599.45453,-86390021774.17516,62832.747462990745,205548484398.6247,409109977757.5665,0.04339772402731075,-137086098690.24153,-86389708688.05652,62833.1342843671
533,0.0002665000000000001,-139651650566.97983,-81994312056.36172,62832.72664960019,183581858467.74576,409030355237.4657,0.04271231590892607,-139651782624.10657,-81993866518.75163,62833.181118678534
534,0.00026700000000000004,-142076642620.99332,-77522587808.81396,62832.74251870847,163403008393.0712,408035338037.4586,0.04207713868967651,-142076763530.41113,-77522162667.17267,62833.18875429824
535,0.00026750000000000005,-144358578236.73187,-72979667437.95341,62832.72392082356,144960945790.45013,406226356059.59784,0.0414915072159905,-144358781887.83646,-72979101925.16418,62833.03402230812
536,0.00026800000000000006,-146495499121.44302,-68369888749.42113,62832.72113670913,128191133436.53009,403698876554.6997,0.04095420179260773,-146495736657.409,-68369290604.37475,62833.152673072385
537,0.0002685000000000001,-148485532123.87213,-63697708011.53781,62832.768978774344,113019700820.35435,400541589279.6816,0.04046360275925642,-148485624630.68134,-63697328819.71762,62833.23543106969
538,0.00026900000000000003,-150326598502.10236,-58968422403.82956,62832.736083121425,99366997769.92166,396835928747.2047,0.040017805316270874,-150326757284.90857,-58967833939.12981,62833.269067268484
539,0.00026950000000000005,-152017289704.2623,-54186253461.46402,62832.73221421477,87150517971.14394,392655870188.0858,0.039614715654357584,-152017518872.90198,-54185612608.47966,62833.3014700151
540,0.00027000000000000006,-153556165955.76126,-49355782201.40793,62832.797122995646,76287076957.72131,388068095683.6662,0.03925212925025576,-153556225596.52695,-49355370250.88346,62833.18952996139
541,0.00027050000000000007,-154941645900.42407,-44482468563.34778,62832.79684295232,66694595447.80836,383132208185.7817,0.03892779391378378,-154941729466.2897,-44481990230.95662,62833.28997074187
542,0.00027100000000000003,-156172602797.10587,-39571054948.816246,62832.75727285524,58293455872.47299,377901050487.74335,0.03863945966770357,-156172755124.9145,-39570344429.20992,62833.32737361166
543,0.00027150000000000004,-157248067842.09586,-34626237113.008415,62832.719330694126,51007402446.425125,372421184351.9372,0.038384917040556216,-157248241595.72684,-34625272725.53855,62833.42276593745
544,0.00027200000000000005,-158167174671.23758,-29652857957.010006,62832.698154566155,44764199370.962234,366733356260.95184,0.038162025940863625,-158167315426.51447,-29651775965.396564,62833.47206965837
545,0.0002725,-158929213169.11,-24655729859.04569,62832.719494496094,39496062537.72861,360872969689.1722,0.03796873684883005,-158929360982.93442,-24654651286.193718,62833.59909033409
546,0.0002730000000000001,-159533547382.7668,-19640087407.54139,62832.7255259875,35139898654.14382,354870562659.7251,0.037803105770103915,-159533645235.0317,-19638937497.01301,62833.770075357694
547,0.00027350000000000003,-159979773719.5173,-14610865339.943615,62832.723822936045,31637412835.093307,348752260286.98505,0.037663304271335796,-159979847152.49088,-14609684454.363695,62833.81761954804
548,0.00027400000000000005,-160267648990.03528,-9572924522.36525,62832.7387752313,28935086723.317604,342540226553.4607,0.0375476255621304,-160267672864.80936,-9571770125.489529,62833.76025901736
549,0.00027450000000000006,-160397054315.52448,-4531374203.905705,62832.74338776715,26984089524.86928,336253077038.4188,0.037454487566892854,-160397068672.59634,-4530156461.206094,62833.76431759117
550,0.00027500000000000007,-160368049058.74753,508819191.73471653,62832.740292196875,25740136566.48654,329906258137.55005,0.037382433726170054,-160368016021.99927,510150438.8764652,62833.75417297959
551,0.00027550000000000003,-160180843875.27972,5542439378.537478,62832.67757683854,25163302084.477787,323512403569.2926,0.03733013207374102,-160180776293.82123,5544112515.867554,62833.62796413459
552,0.0002760000000000001,-159835821911.91476,10565082291.718653,62832.674062369704,25217809878.599724,317081658169.2275,0.037296373067841754,-159835660190.78525,10566853904.234484,62833.49289807984
553,0.00027650000000000005,-159333479980.61377,15571799650.557076,62832.728641311594,25871811042.690792,310621974161.53937,0.037280066537695465,-159333270745.57288,15573358878.754978,62833.573722325615
554,0.00027700000000000007,-158674505247.53937,20557202636.935577,62832.73946768461,27097160084.341915,304139374680.8824,0.03728023805803315,-158674271379.8091,20558746604.717113,62833.614527055644
555,0.0002775000000000001,-157859720200.75464,25516641198.030807,62832.760379900676,28869178228.650032,297638205050.4682,0.037296024913132275,-157859427257.4811,25518140547.110855,62833.62448593266
556,0.00027800000000000004,-156890141294.524,30444974690.211155,62832.729415763606,31166432989.564,291121352745.24457,0.037326671858623,-156889784130.08643,30446661003.279846,62833.653706284735
557,0.00027850000000000005,-155766857126.0862,35337780744.85188,62832.73781010349,33970513497.46646,284590455890.4029,0.03737152676538953,-155766409044.05133,35339463754.19744,62833.52908566755
558,0.000279,-154491164889.63217,40190127709.96162,62832.75273172344,37265835972.85853,278046077053.6179,0.03743003631385978,-154490644718.45728,40191790931.222916,62833.44474737435
559,0.00027950000000000007,-153064503082.68893,44997241684.64495,62832.7666637372,41039437381.20872,271487880049.45224,0.03750174171596575,-153064001405.46848,44998863328.4147,62833.46511523909
560,0.00028000000000000003,-151488492914.53857,49754279254.72068,62832.74344519908,45280791219.23227,264914784078.54013,0.03758627455080137,-151487898252.45462,49756002379.12506,62833.349834698834
561,0.00028050000000000004,-149764759513.67166,54457002806.76894,62832.77845470042,49981628778.022606,258325111098.33142,0.03768335271873087,-149764085777.92468,54458576694.5499,62833.366829609935
562,0.00028100000000000005,-147895245377.90717,59100539347.79882,62832.80056754477,55135798519.644714,251716699966.91187,0.03779277663755873,-147894505277.5919,59102037980.81555,62833.80196512291
563,0.00028150000000000007,-145881978650.84113,63680345145.05274,62832.80198852111,60739090675.48434,245087051920.08453,0.03791442550108123,-145881172326.02536,63681866057.514595,62833.888034287054
564,0.000282,-143727075175.5451,68192087204.40436,62832.81080761098,66789105986.398575,238433439302.43796,0.03804825373943712,-143726197662.1577,68193687424.660736,62833.94440750661
565,0.0002825000000000001,-141432821399.74268,72631390442.30615,62832.82683165231,73285133861.66942,231753008978.46463,0.038194287672878344,-141431900597.16574,72632958793.51137,62833.75032769608
566,0.00028300000000000005,-139001623907.17105,76993988106.22498,62832.85831131761,80228027621.288,225042891699.26285,0.03835262229863709,-139000693836.41974,76995513724.28796,62833.83607409216
567,0.00028350000000000006,-136436128629.54033,81275471516.57178,62832.853890081235,87620094322.90376,218300302271.29965,0.03852341822390525,-136435115110.04553,81277075159.20572,62833.80956796688
568,0.00028400000000000007,-133738976050.24435,85471821514.10774,62832.84315116842,95464974680.17055,211522652115.56003,0.03870689865580074,-133737910393.37419,85473512394.6764,62833.77883760293
569,0.00028450000000000003,-130912897305.76427,89579140644.00778,62832.86676684209,103767560856.48985,204707632338.7665,0.03890334656139197,-130911785563.20209,89580743362.29442,62833.85900282883
570,0.00028500000000000004,-127960897314.8188,93593343705.2824,62832.88733407857,112533904074.58481,197853310047.66757,0.03911310190554637,-127959693040.60326,93594877436.54791,62833.95512201466
571,0.00028550000000000005,-124886109157.75758,97510464352.54341,62832.871504726565,121771099080.5609,190958248313.39328,0.03933655882218374,-124884799731.03867,97512052412.20749,62833.80719650569
572,0.00028600000000000007,-121691530687.55685,101327023482.99245,62832.90048528813,131487186723.6615,184021612741.44324,0.03957416275361863,-121690185672.92184,101328535628.32312,62834.00772718607
573,0.0002865,-118380583467.02296,105039167568.8484,62832.91355770334,141691086300.87466,177043254931.08575,0.03982640764025628,-118379161594.94693,105040637926.23349,62833.92046066891
574,0.00028700000000000004,-114956641867.04393,108643395794.71965,62832.92323587957,152392449307.46393,170023866487.72623,0.04009383277182983,-114955152586.71498,108644801876.40839,62833.936069086136
575,0.00028750000000000005,-111423268511.60239,112136213423.85406,62832.908911185295,163601562837.08572,162965089293.83676,0.04037701947583216,-111421617747.90245,112137694020.68277,62834.00805815897
576,0.00028800000000000006,-107783893707.0266,115514517370.21185,62832.941417682,175329208790.92395,155869663638.96667,0.04067658740062594,-107782172296.5089,115515945164.3346,62834.02668159425
577,0.0002885,-104042428227.45604,118774873336.4996,62832.943449966486,187586543145.44366,148741556332.6015,0.04099319043496081,-104040610813.07027,118776268859.40431,62834.07828338371
578,0.0002890000000000001,-100202545921.10934,121914348950.14989,62832.966018752195,200384875962.82443,141586169437.4599,0.04132751177181423,-100200677918.5752,121915651321.9914,62834.1384548352
579,0.00028950000000000004,-96268217218.23189,124929911043.56819,62832.98336798464,213735507246.88947,134410491975.59422,0.041680258320222194,-96266324905.31372,124931134992.4055,62834.100896760094
580,0.00029000000000000006,-92243399287.53467,127818758258.61694,62833.0071589006,227649460563.21548,127223328471.47606,0.042052153948535606,-92241433859.2763,127819920094.53612,62834.15323149738
581,0.00029050000000000007,-88132309914.45383,130578063551.37923,62832.99013571887,242137206741.08765,120035519092.72394,0.04244393146256928,-88130211325.27257,130579289752.84645,62834.4682489586
582,0.000291,-83938905448.60947,133205428500.66122,62832.99971572437,257208300042.43317,112860212289.57414,0.04285632286424094,-83936673716.8476,133206618652.33829,62834.47739186348
583,0.00029150000000000004,-79667561965.73863,135698293385.11765,62832.98850634426,272871005743.51694,105713116719.82942,0.04329004779560273,-79665132994.8632,135699500385.95546,62834.459516904804
584,0.00029200000000000005,-75322522673.1678,138054404681.32812,62832.97690638891,289131772151.9825,98612847623.71233,0.043745799396168274,-75319959047.96999,138055604605.4187,62834.515979435484
585,0.00029250000000000006,-70908148093.85468,140271602536.32526,62832.96833393993,305994670547.5731,91581253140.78996,0.04422422737809774,-70905450664.864,140272902188.50214,62834.48741501379
586,0.000293,-66428883255.87534,142347851531.01025,62832.95965228443,323460699075.725,84643796442.3015,0.04472591764433673,-66425972205.95932,142349154927.32156,62834.514020721224
587,0.0002935000000000001,-61889238916.81949,144281255119.52902,62832.94605299664,341526965818.74585,77829965717.4227,0.045251367862555784,-61886138194.124916,144282520007.4694,62834.538305328344
588,0.00029400000000000004,-57293575537.57737,146070178543.41507,62832.98144032355,360185732318.89435,71173710869.47246,0.04580095834386994,-57290422455.307785,146071364500.96902,62834.6594866995
589,0.00029450000000000006,-52646752531.43632,147712864485.03195,62832.989302693306,379423318435.3531,64713888756.33954,0.04637491761226635,-52643494133.29541,147713991535.31387,62834.628981685026
590,0.00029500000000000007,-47953310619.96839,149207922466.58786,62832.999964632654,399218770660.71234,58494768907.69547,0.04697328166783023,-47950005165.48007,149208997142.17065,62834.507794287674
591,0.0002955000000000001,-43217949032.51625,150554038779.8369,62833.00922868375,419542419677.545,52566480714.43931,0.04759584660390087,-43214535537.827065,150555002376.95557,62834.310366430334
592,0.00029600000000000004,-38445389691.21425,151750056091.24512,62833.01678892479,440354193942.3946,46985477913.609604,0.04824211375037793,-38441869363.14995,151750937856.8272,62834.37634692611
593,0.00029650000000000005,-33640431939.939697,152794944601.06006,62833.01005292586,461601745995.2224,41814948743.87896,0.04891122695330984,-33636788503.93726,152795723559.3791,62834.49344959464
594,0.00029700000000000006,-28807760117.949017,153687894197.74072,62833.01459812256,483218383349.6221,37125149137.511795,0.04960190180663264,-28804057305.353783,153688552423.65085,62834.18605568943
595,0.0002975000000000001,-23952214185.547554,154428177889.97238,62833.01940050071,505120849179.1207,32993602416.35039,0.0503123471599233,-23948439480.08686,154428697027.0278,62834.019811622806
596,0.00029800000000000003,-19078610893.67527,155015241461.99142,62833.024565437045,527206961824.1459,29505129778.539917,0.0510401797162278,-19074799306.91818,155015671596.31927,62833.96475065524
597,0.00029850000000000005,-14191802693.678267,155448667388.5511,62833.02403612237,549353226630.58057,26751619911.086456,0.051782333544507037,-14187886065.677105,155448991759.70633,62834.035021156276
598,0.00029900000000000006,-9296608139.18981,155728214087.35165,62833.02280569922,571412511476.8491,24831466961.538834,0.052534967397692825,-9292555083.598402,155728425222.97253,62833.98718982039
599,0.0002995,-4397860492.632378,155853788979.3387,62833.02263138709,593211952957.6404,23848580190.788536,0.053293374184579315,-4393725936.594357,155853874613.4477,62833.96587812921
600,0.0003000000000000001,499600092.72808367,155825442239.56747,62833.0227663171,614551287989.318,23910868940.62036,0.05405189862941722,503799177.0892474,155825399716.87466,62834.09615254124
601,0.00030050000000000004,5390941463.318253,155643379456.57996,62833.02288053496,635201871982.627,25128101284.17608,0.05480387108724782,5395220835.295625,155643209995.11954,62834.20040016631
602,0.00030100000000000005,10271329656.829714,155307964111.57288,62833.01958256846,654906693864.5813,27609048455.31996,0.055541567466506646,10275749179.998672,155307671607.14124,62834.18933573108
603,0.00030150000000000006,15136004050.049232,154819681981.3396,62833.02247839854,673381733866.8687,31457853232.817173,0.056256207018837046,15140489895.823357,154819268809.03857,62834.12377035297
604,0.0003020000000000001,19980161502.985683,154179201375.9991,62833.0267098117,690319020250.2269,36769609368.240654,0.056938001004759826,19984716201.943672,154178647501.8302,62834.13828768674
605,0.00030250000000000003,24799026578.039467,153387335932.5487,62833.02778865521,705391746650.254,43625200390.00749,0.05757626553736771,24803617512.959545,153386588610.7667,62833.978888541766
606,0.0003030000000000001,29587983072.632656,152445000608.88193,62833.05102609156,718261705912.6427,52085546867.55065,0.05815961057565374,29592478188.63099,152444139193.2883,62833.9338251846
607,0.00030350000000000006,34342257958.63515,151353324351.6421,62833.077287355096,728589166652.6855,62185529540.797325,0.058676213548981684,34346653435.80984,151352409319.99057,62833.74297819059
608,0.00030400000000000007,39057096139.79131,150113594653.90552,62833.08246222992,736045159981.9092,73927939618.86302,0.05911418040155125,39061538162.80603,150112536299.08734,62833.736665699565
609,0.0003045000000000001,43727992184.80157,148727169266.3747,62833.09017260237,740325783144.5933,87277975989.03297,0.05946198816225901,43732465875.25271,148725970841.8548,62833.51377747083
610,0.00030500000000000004,48350320184.76061,147195612716.73254,62833.08464111095,741167819651.3556,102158891158.20062,0.05970899234675356,48354758260.500534,147194287347.4398,62833.33753615153
611,0.00030550000000000005,52919574112.15808,145520608046.57874,62833.065593258994,738364733729.8706,118449343540.55292,0.05984597128819042,52924069617.93578,145519122472.7402,62833.157981177166
612,0.000306,57431535689.803276,143703867982.72775,62833.08684164457,731781681099.2457,135983070311.84308,0.059865668164896,57435902001.467545,143702266869.25766,62833.22209137702
613,0.0003065000000000001,61881635025.379585,141747425437.93472,62833.10520506001,721368075547.8127,154551303770.07733,0.05976328351734973,61885862799.74243,141745748492.87372,62833.159425304744
614,0.00030700000000000004,66265554686.35861,139653370910.12204,62833.121258570594,707166411111.484,173907996799.2651,0.05953686930563511,66269663748.49708,139651559627.4765,62833.07920403278
615,0.00030750000000000005,70579163315.39479,137423861552.73875,62833.16341123364,689315962725.6659,193777880897.9828,0.05918757849114348,70583031901.38797,137422035595.4398,62833.0420312789
616,0.00030800000000000006,74818083910.27565,135061363259.5856,62833.183311850466,668050703740.2822,213866813684.00266,0.05871973638693847,74821835957.28864,135059464722.52422,62833.04581198229
617,0.00030850000000000007,78978376434.86972,132568268719.05779,62833.218982696744,643691384933.0762,233873578140.08136,0.058140718470154895,78981890332.14192,132566357626.0464,62833.03089899668
618,0.00030900000000000003,83055550863.08972,129947505308.01643,62833.1528278435,616632104309.0165,253502334441.58667,0.05746063932190288,83059236677.31662,129945277020.4872,62833.13834528806
619,0.0003095000000000001,87046600181.55666,127201189629.13109,62833.213471934985,587322831999.3706,272474395261.49533,0.05669188099161013,87049964507.03026,127199009233.27411,62833.13282608155
620,0.00031000000000000005,90946923604.4158,124332694570.83655,62833.21052868395,556248885519.9294,290538877219.61487,0.05584850222357711,90950234668.70944,124330347511.0283,62833.19999056562
621,0.00031050000000000007,94753002011.48425,121344841809.83794,62833.20009501017,523910195286.53174,307480545598.9104,0.05494558795921911,94756269172.55331,121342391924.82187,62833.361017444855
622,0.0003110000000000001,98461091218.39192,118240804447.59076,62833.15604987717,490800955697.0699,323125433158.10895,0.053998592269640676,98464444854.4316,118238058541.3466,62833.17317482072
623,0.00031150000000000004,102067934689.9856,115023534524.17586,62833.155038180696,457391922232.3676,337343367774.0195,0.0530227282833368,102071234340.28352,115020701100.02309,62832.99801613242
624,0.00031200000000000005,105570050652.93651,111696348796.28125,62833.1885481467,424115982737.8955,350047954439.27844,0.052032444157334656,105573065932.52971,111693584213.30273,62833.11744509665
625,0.00031250000000000006,108963971254.79851,108262770181.38281,62833.22110960108,391357843005.52905,361194142771.58026,0.051041011563859956,108966778561.73932,108260046926.15854,62832.98220777781
626,0.00031300000000000007,112246524599.27264,104726252023.41371,62833.26814708768,359447697000.2226,370774114907.4553,0.05006023662463531,112249034184.64812,104723586274.028,62833.07637718281
627,0.00031350000000000003,115414810260.28256,101090150226.26897,62833.394310795426,328658560463.21204,378812094919.773,0.0491002901273625,115416791674.90184,101087849993.16492,62832.98939500432
628,0.00031400000000000004,118465382624.07947,97358658329.42844,62833.46649692212,299206768181.1736,385358582234.4034,0.0481696445276232,118467021198.46918,97356594238.22229,62833.085011790616
629,0.00031450000000000006,121395564008.55072,93535351410.02856,62833.54361737912,271255095508.38376,390484351614.2478,0.047275100059764784,121396899218.20581,93533510554.17209,62833.10718633464
630,0.00031500000000000007,124202491904.95605,89624252812.3177,62833.589853060475,244917334914.45972,394274994353.73145,0.04642187702278031,124203626835.72076,89622612160.42825,62833.1744911592
631,0.0003155,126883438782.2353,85629491330.4938,62833.567420142994,220264122532.8503,396825817346.24945,0.045613754584046505,126884535746.10696,85627744037.96289,62833.058677838
632,0.0003160000000000001,129436316329.7146,81554521316.99208,62833.618240960364,197329177697.85416,398237498051.0377,0.04485323686411034,129437248091.33025,81553017386.24391,62832.943310487986
633,0.00031650000000000005,131858471088.7164,77403858333.4167,62833.6443863421,176115479770.8713,398612570920.6955,0.04414173028515507,131859305207.5352,77402504439.75612,62832.936799266805
634,0.00031700000000000006,134147782205.2347,73181496042.30394,62833.69034985208,156601383251.41037,398052438133.2333,0.04347972154417727,134148452849.73936,73180394282.2665,62832.807967739776
635,0.0003175000000000001,136302064461.65146,68891813331.07329,62833.725816453705,138746012757.67175,396655268096.8638,0.042866946448923124,136302567419.14865,68890933011.75482,62832.91146213008
636,0.00031800000000000003,138319358642.57455,64539107231.366135,62833.75431785339,122494146407.74084,394514389956.7296,0.04230254481888731,138319726943.06253,64538415372.20699,62832.88057586786
637,0.00031850000000000004,140197789392.32877,60127845371.544975,62833.75434723354,107780371802.50455,391717253272.2976,0.04178519812493612,140198085176.8457,60127229693.06919,62832.783450942385
638,0.00031900000000000006,141935807976.21207,55662133325.0643,62833.795380500094,94532600425.42119,388344782201.12335,0.04131324887457872,141935945173.84982,55661777357.30974,62832.66312440878
639,0.00031950000000000007,143531797247.0289,51146553616.55839,62833.85117039228,82674913551.23315,384471098922.31903,0.04088480173112276,143531813589.56537,51146528115.70671,62832.26752669648
640,0.00032,144984152806.12964,46586148558.13542,62833.80813651943,72129907435.92917,380163436700.8334,0.040497807780440875,144984214187.07877,46586024416.205185,62832.4183942204
641,0.0003205000000000001,146291842663.45676,41984871952.66296,62833.79700538444,62820520102.66441,375482259855.4415,0.04015013339734689,146291881594.51944,41984806026.89599,62832.332300422604
642,0.00032100000000000005,147453719009.86838,37347342575.713394,62833.80991732648,54671344037.18706,370481596784.43274,0.039839615124856835,147453704827.29962,37347434267.37394,62832.400186637555
643,0.00032150000000000006,148468777435.23944,32678235023.59196,62833.83407327903,47609694713.050735,365209350789.0692,0.03956410303394129,148468717547.29797,32678541956.518543,62832.48393089587
644,0.0003220000000000001,149336159232.66605,27982285411.352787,62833.849592892904,41566339444.858185,359707708600.14996,0.03932149413536047,149336063036.60217,27982791941.88873,62832.52844302657
645,0.0003225000000000001,150055199318.96902,23264067331.614704,62833.87591361903,36475987820.0783,354013575915.27386,0.03910975752151042,150055149287.79315,23264815161.856945,62832.579133093685
646,0.00032300000000000004,150625312863.93594,18528516363.07869,62833.858918390804,32277586831.714745,348159026205.6426,0.03892695270939145,150625296083.48312,18529295962.872154,62832.7161797783
647,0.00032350000000000006,151046142375.8465,13780209792.006113,62833.82383820521,28914484332.141914,342171727511.1332,0.03877124256730443,151046199412.94135,13780861280.103489,62832.612061342596
648,0.00032400000000000007,151317466581.58655,9023702558.700836,62833.80181234189,26334458731.317444,336075373825.08093,0.03864090183791383,151317506149.13358,9024326074.226559,62832.6922529623
649,0.0003245000000000001,151439186903.79828,4263656352.602852,62833.80145539315,24489678166.04475,329890080515.4016,0.03853432226335142,151439201324.92856,4264357901.904806,62832.76980541269
650,0.00032500000000000004,151411334636.77753,-494947818.5959768,62833.762004440694,23336598746.176014,323632753541.98596,0.03845001508782237,151411362399.00092,-494297044.96855694,62832.621258966916
651,0.00032550000000000005,151234126628.00986,-5247506708.202268,62833.70329401352,22835816040.51537,317317434487.6982,0.038386611554536244,151234135883.27173,-5247093794.18243,62832.54975794529
652,0.00032600000000000006,150907909044.0387,-9989777626.957144,62833.721909409964,22951881123.712837,310955625139.11804,0.03834286187419203,150907936547.07892,-9989239706.245802,62832.43822253879
653,0.0003265,150433162032.5032,-14716703601.628828,62833.73144866402,23653107908.960327,304556576607.48395,0.03831763311473919,150433205949.0879,-14715986712.26768,62832.35185518403
654,0.0003270000000000001,149810529854.94824,-19423619265.571667,62833.72765578529,24911365236.95162,298127556702.296,0.03830990631620463,149810622739.7071,-19422766827.181274,62832.24775555602
655,0.00032750000000000005,149040799961.29718,-24105923996.940952,62833.71514621727,26701863984.866425,291674097407.7171,0.03831877306323449,149040934432.42053,-24105009352.48063,62832.37779490249
656,0.00032800000000000006,148124908274.82123,-28758998605.057495,62833.68752254529,29002948427.82538,285200217540.2981,0.0383434317239194,148125048470.35568,-28758144726.144444,62832.334518541764
657,0.00032850000000000007,147063892816.80963,-33378519073.862564,62833.698942625175,31795891367.387592,278708626723.3295,0.03838318349691242,147064126847.8533,-33377550319.952885,62832.45236626764
658,0.0003290000000000001,145859019909.5615,-37959625688.64693,62833.66965029397,35064704008.517746,272200905450.26517,0.03843742840579807,145859344684.70758,-37958716962.15992,62832.47888730358
659,0.00032950000000000004,144511596407.75433,-42498116475.314186,62833.664603709796,38795934320.58687,265677686861.37686,0.038505661238868304,144512021317.99854,-42497173080.63301,62832.38512569658
660,0.0003300000000000001,143023145618.9335,-46989411862.39516,62833.647640973795,42978504374.07568,259138799632.55237,0.038587467610439644,143023600280.9332,-46988416586.7695,62832.41016979734
661,0.00033050000000000006,141395266439.74948,-51429257844.66753,62833.648986121356,47603531071.94905,252583422007.82864,0.038682520072337565,141395785030.95245,-51428178498.76891,62832.20979548031
662,0.0003310000000000001,139629722153.11923,-55813319637.56998,62833.665772308326,52664177953.30383,246010207293.89902,0.03879057438714707,139630351200.1608,-55812044902.17852,62832.15232843549
663,0.00033150000000000003,137728440213.52646,-60137243204.681465,62833.67477396412,58155503961.718796,239417412021.79837,0.038911465921928436,137729175701.33945,-60135877734.421585,62832.2115692115
664,0.00033200000000000005,135693501750.80127,-64396715564.29666,62833.645618982184,64074321749.155754,232803016663.7724,0.03904510616789663,135694357124.21745,-64395343803.657776,62832.13842859365
665,0.00033250000000000006,133526936676.27722,-68587947785.90327,62833.66745617269,70419066326.73526,226164838937.10284,0.03919147939062257,133527952862.86493,-68586415130.94814,62832.17159542606
666,0.000333,131231077708.8427,-72706744429.60606,62833.7044895574,77189699896.21208,219500617801.26096,0.03935063952133245,131232246435.63399,-72705084426.18031,62832.26743593852
667,0.0003335000000000001,128808450750.28981,-76748890663.5043,62833.69252703677,84387574657.52333,212808137678.2055,0.03952270706340193,128809741721.68954,-76747268266.90263,62832.2079653995
668,0.00033400000000000004,126261586294.44261,-80710534261.8931,62833.64327539305,92015316398.70409,206085336703.89786,0.03970786606199026,126262928822.06792,-80709041346.16699,62832.20022786463
669,0.00033450000000000005,123592990368.79791,-84588142516.27933,62833.63717945011,100076737549.7177,199330392015.52298,0.03990636121992561,123594402203.48378,-84586603781.4419,62832.14961214157
670,0.00033500000000000007,120805555497.07632,-88377765021.85297,62833.61073120935,108576756084.09912,192541803590.93436,0.04011849513811793,120807105431.44864,-88376288042.96313,62831.961642934264
671,0.0003355000000000001,117902087650.72536,-92075898413.14235,62833.60376370804,117521261111.23915,185718528000.10358,0.040344625401900945,117903742517.67105,-92074389848.02693,62832.069156636666
672,0.00033600000000000004,114885654246.39171,-95678889399.04642,62833.58323248209,126917038535.73201,178860060987.2612,0.04058516173762836,114887356453.75558,-95677414434.98485,62832.20450959487
673,0.0003365000000000001,111759345611.95625,-99183321266.25949,62833.557624264926,136771647855.37875,171966565366.7173,0.04084056297672056,111761059478.37262,-99181919303.58952,62832.21918736046
674,0.00033700000000000006,108526313952.89528,-102585925571.47499,62833.55148952407,147093322610.54456,165038978720.4129,0.0411113338909012,108528092583.03537,-102584474838.64075,62832.15831122621
675,0.00033750000000000007,105189934735.72772,-105883377788.75124,62833.53768756268,157890855543.31787,158079134897.19495,0.04139802178436809,105191799264.47021,-105881920452.27388,62832.31263937866
676,0.0003380000000000001,101753500037.57191,-109072680255.53897,62833.56239160378,169173450083.24023,151089913477.1941,0.04170121264578853,101755526797.89609,-109071165630.53706,62832.24887294141
677,0.00033850000000000004,98220751420.4813,-112150544964.73584,62833.53383654025,180950591150.75366,144075369136.04312,0.04202152690283891,98222856626.04851,-112149081928.23112,62832.021138426164
678,0.00033900000000000005,94595095074.00429,-115114276218.84053,62833.52633331466,193231828890.11844,137040931349.752,0.04235961433236003,94597310332.34813,-115112842594.72333,62832.230467651636
679,0.00033950000000000007,90880202447.29243,-117961082745.77544,62833.542152286784,206026627185.87854,129993539422.46474,0.04271614837768979,90882635206.72292,-117959593822.54256,62832.14292627531
680,0.0003400000000000001,87079934449.75482,-120688197673.17427,62833.547161241106,219344105128.32318,122941860048.1748,0.043091819320961476,87082522903.27888,-120686726717.65773,62832.27416138231
681,0.00034050000000000004,83198244984.30194,-123292984518.47191,62833.506926244394,233192745424.2343,115896516729.29512,0.043487326105931284,83200839405.51799,-123291602406.83528,62832.36441624862
682,0.00034100000000000005,79238857378.63545,-125773190158.19676,62833.49103248665,247580062986.2858,108870332270.6108,0.04390336657101347,79241553528.8648,-125771879950.22766,62832.33405853684
683,0.00034150000000000006,75205899325.45953,-128126403015.99034,62833.4551968084,262512247453.5206,101878567994.84354,0.04434062591146579,75208640095.68161,-128125186510.06647,62832.109232229224
684,0.0003420000000000001,71103231640.12735,-130350597324.3087,62833.464712832494,277993663937.26056,94939249417.33067,0.04479976264278158,71106086413.70753,-130349409452.28745,62832.2081356611
685,0.00034250000000000003,66935088787.315575,-132443638511.66331,62833.483207208694,294026342290.3987,88073459125.68031,0.045281391959377665,66938161588.76312,-132442421546.28758,62831.875109527005
686,0.0003430000000000001,62705744473.283485,-134403554857.70267,62833.48408546724,310609301567.72894,81305714825.59186,0.045786065655659756,62708934018.929504,-134402418039.37543,62831.78351975515
687,0.00034350000000000006,58419340275.83155,-136228632233.67726,62833.49887070706,327737800134.50916,74664343174.66241,0.04631424822550599,58422693591.59877,-136227470392.83719,62831.807126855616
688,0.00034400000000000007,54080215087.01067,-137917195053.09442,62833.51373149963,345402476835.9748,68181865980.98817,0.046866288603842586,54083740777.78112,-137916114713.48987,62831.79837316074
689,0.0003445000000000001,49692762297.119644,-139467706533.88785,62833.51388684889,363588320352.20746,61895431883.40824,0.04744238674997319,49696460425.06039,-139466659870.2637,62831.58622396865
690,0.00034500000000000004,45261253094.46197,-140878857880.4703,62833.5324523983,382273501226.414,55847246105.385254,0.04804255449256646,45265206271.80884,-140877810213.431,62831.483722445366
691,0.00034550000000000005,40790295937.96306,-142149320777.30972,62833.516440468826,401428056385.6969,50084987748.15041,0.0486665700771084,40794319847.75795,-142148388837.0258,62831.624408212265
692,0.00034600000000000006,36284153249.28439,-143278104553.8978,62833.521657453406,421012364394.433,44662236250.34097,0.04931392569060958,36288411227.621445,-143277221056.59494,62831.58966118063
693,0.0003465000000000001,31747420303.28806,-144264202827.94467,62833.517163654906,440975511280.24603,39638812605.78667,0.04998376784271277,31751801716.08949,-144263409338.21902,62831.74247943579
694,0.00034700000000000003,27184564529.646236,-145106828675.00116,62833.515431088,461253440337.958,35081085011.84165,0.05067483022887929,27189092620.67555,-145106163900.7584,62831.6340781867
695,0.0003475000000000001,22600143421.04207,-145805302872.31006,62833.50949150358,481767007988.1543,31062131206.31476,0.05138535953351729,22604811465.935947,-145804797563.2153,62831.62755578124
696,0.00034800000000000006,17998673594.53423,-146359117751.12436,62833.50800131915,502419932195.6583,27661744350.304905,0.05211303496497409,18003489724.880222,-146358755902.32986,62831.77099403096
697,0.00034850000000000007,13384709582.15764,-146767898088.1092,62833.512229402484,523096730739.7496,24966203347.543404,0.052854883217087034,13389683266.17986,-146767632436.52847,62831.77754374236
698,0.000349,8762862556.791313,-147031375012.77252,62833.509956564725,543660731884.4532,23067743869.21856,0.053607191523338066,8767997435.829908,-147031278543.63525,62831.76491704059
699,0.0003495000000000001,4137673952.17521,-147149473767.926,62833.5089725153,563952296655.0646,22063643853.498436,0.05436542278675679,4142965068.1712756,-147149533754.60422,62831.73550175262
700,0.00035000000000000005,-486278927.8721822,-147122272723.9768,62833.507470803845,583787445897.5835,22054835049.690407,0.05512413830716397,-480866760.7733685,-147122489181.85123,62831.83158453501
701,0.00035050000000000006,-5104446589.132207,-146949921456.99225,62833.507047705505,602957094208.1088,23143958054.47307,0.05587693530821664,-5098974600.204386,-146950315428.26913,62831.909356349664
702,0.0003510000000000001,-9712272019.257156,-146632773328.9434,62833.50648770875,621227146854.2151,25432780843.25325,0.05661640825771575,-9706734107.099901,-146633348683.7022,62831.98669393373
703,0.0003515000000000001,-14305244883.886255,-146171297311.49515,62833.51157630148,638339783218.4373,29018927179.49927,0.05733414458783447,-14299561610.187029,-146172101619.43863,62831.94429574559
704,0.00035200000000000005,-18878785959.806694,-145566141046.39392,62833.50696290202,654016201143.0253,33991901214.456234,0.058020766569282504,-18872999397.58121,-145567142320.54364,62831.92251183482
705,0.00035250000000000006,-23428470606.426537,-144818041720.09897,62833.5083683215,667961136007.8414,40428446829.725746,0.058666031423470204,-23422583306.923557,-144819251318.28137,62831.9665668434
706,0.00035300000000000007,-27949741410.488037,-143927936199.31738,62833.492861953,679869352529.5258,48387376882.32615,0.05925900060757361,-27943871063.687607,-143929328377.27704,62832.007410763785
707,0.00035350000000000003,-32438238786.08307,-142896843568.85785,62833.47703024698,689434267704.2501,57904069205.200935,0.05978828651068637,-32432311919.073746,-142898382607.86435,62832.063095666104
708,0.0003540000000000001,-36889784588.68659,-141725861687.3164,62833.51203126264,696358594038.5533,68984983495.90042,0.06024237951688557,-36883641794.865,-141727632185.3919,62831.947604076355
709,0.00035450000000000005,-41299611455.652016,-140416460631.05392,62833.4972368626,700366736112.8499,81602614974.97511,0.060610051141654804,-41293509292.35276,-140418447202.2639,62832.038197801405
710,0.00035500000000000006,-45663495871.52806,-138970073017.78146,62833.451905830625,701218486547.4408,95691305914.65611,0.06088082037415249,-45657561212.873245,-138972258256.2854,62831.98188597255
711,0.0003555000000000001,-49977294370.08781,-137388245079.20735,62833.4024740733,698722976427.8606,111144618305.31772,0.06104545865322317,-49971497575.96011,-137390598647.20251,62832.188342593385
712,0.0003560000000000001,-54237012481.99116,-135672597811.7738,62833.39865016469,692751960605.3591,127814651727.17177,0.061096499949268676,-54231236920.39641,-135675242285.77838,62832.278517429644
713,0.00035650000000000005,-58438336056.61948,-133825048411.53397,62833.39825897561,683251166250.9694,145513737596.65967,0.0610287144358761,-58432508522.22913,-133827867833.76971,62832.04323630737
714,0.0003570000000000001,-62577070838.5145,-131847632477.82219,62833.372685752445,670248566732.6885,164018634568.4882,0.060839501441428794,-62571316047.89007,-131850597096.8886,62832.13085442613
715,0.00035750000000000007,-66649238015.520515,-129742442320.71407,62833.329714581865,653858393025.9791,183077280439.20648,0.060529158793866694,-66643700738.49821,-129745508803.18819,62832.073790229144
716,0.0003580000000000001,-70650956391.61142,-127511673432.46811,62833.284088531516,634280202703.7678,202417726314.33072,0.060100994786565075,-70645608191.9958,-127514858011.82153,62831.947252873986
717,0.00035850000000000004,-74578592263.6638,-125157522323.4938,62833.29512127335,611792822410.2648,221758602814.19034,0.05956126399618299,-74573248943.94324,-125160979506.48112,62831.813533972934
718,0.00035900000000000005,-78427751303.7784,-122682839692.57474,62833.20861125877,586743456982.4813,240820336099.64578,0.05891892640723574,-78422748718.5122,-122686300685.87735,62831.581151375845
719,0.00035950000000000006,-82195315778.72243,-120089826779.72275,62833.175572754706,559533072252.8024,259335993635.76172,0.058185250317665284,-82190481492.54779,-120093439049.42073,62831.48001697044
720,0.00036,-85877243092.48196,-117381473126.70053,62833.08650435814,530598737508.6798,277061403876.362,0.05737329189460376,-85872757392.1439,-117385047637.52956,62831.415711742244
721,0.0003605000000000001,-89470176538.7836,-114560469257.75723,62832.986922521755,500395269909.8755,293783069224.6677,0.056497301927756614,-89466131334.59842,-114563970513.80933,62831.48292553641
722,0.00036100000000000005,-92970672465.32509,-111629735693.39578,62832.875771829786,469376965776.8464,309324054132.7748,0.055572109092178405,-92967059004.59462,-111633155486.25313,62831.555204702316
723,0.00036150000000000006,-96375450677.28233,-108592236630.0037,62832.7710351164,437981225884.00415,323547200778.053,0.05461252995263354,-96372265637.65912,-108595512193.32138,62831.483867478906
724,0.00036200000000000007,-99681368961.17406,-105450986013.07047,62832.70353042116,406614879727.0618,336355921031.6487,0.053632845786842465,-99678430554.75165,-105454149585.62517,62831.39576875891
725,0.0003625000000000001,-102885258418.21365,-102209202144.42725,62832.6692049288,375643860191.88275,347692799910.41644,0.05264637446864154,-102882469345.09761,-102212456022.62926,62831.22989998222
726,0.00036300000000000004,-105984039778.43149,-98870217173.45068,62832.659473883665,345386446950.23,357536425628.37866,0.051665152329889455,-105981278088.74348,-98873586468.32114,62831.14477447241
727,0.0003635000000000001,-108974594496.33133,-95437630059.15422,62832.61932225901,316109855566.0911,365897016139.43787,0.0506997279496869,-108972008254.81969,-95441032189.65941,62831.2029062446
728,0.00036400000000000007,-111854199844.52113,-91914830058.8366,62832.57951503364,288029803117.03973,372811310140.1057,0.04975906010876719,-111851780685.21857,-91918211164.27022,62831.56038757817
729,0.0003645000000000001,-114620124620.78871,-88305419476.88567,62832.53407662447,261312362962.43652,378337287345.635,0.048850504571302585,-114617921512.2777,-88308786578.24945,62831.328211460655
730,0.0003650000000000001,-117269757094.00291,-84613082061.0736,62832.477636361444,236077658969.42203,382548926955.1246,0.04797987190139811,-117267789883.8049,-84616424290.03384,62831.37001965328
731,0.00036550000000000005,-119800650648.85999,-80841515616.05505,62832.42107107296,212404682977.04166,385531381513.1514,0.04715153687866742,-119798898937.18817,-80844747395.76134,62831.38412820924
732,0.00036600000000000006,-122210486188.43465,-76994468573.92323,62832.3798296489,190336720345.29288,387376720576.6825,0.04636858141602875,-122208859723.16641,-76997641460.87791,62831.31501103601
733,0.0003665,-124497018893.38727,-73075821386.29706,62832.35322449492,169886966499.9277,388180315792.15967,0.04563295545673906,-124495522332.55644,-73078974666.07225,62831.25730207066
734,0.0003670000000000001,-126658043261.33138,-69089671978.6516,62832.30516230696,151044009074.82373,388037886341.7484,0.04494564339794429,-126656762230.24423,-69092732185.37772,62831.38453104377
735,0.00036750000000000004,-128691652181.69626,-65039897505.18895,62832.26780103897,133776944326.1875,387043181545.014,0.04430682671338528,-128690514959.4619,-65042876495.13064,62831.415774077344
736,0.00036800000000000005,-130595947120.66391,-60930635537.07623,62832.224735043754,118039936730.79767,385286288754.6312,0.04371603609014625,-130594934566.59074,-60933526030.0513,62831.394423962825
737,0.00036850000000000007,-132369242614.82341,-56765916237.14962,62832.19713318974,103776255352.90443,382852394349.2185,0.04317228944655772,-132368385163.04738,-56768762093.13661,62831.45432960746
738,0.0003690000000000001,-134009805778.43059,-52550216364.47884,62832.11613087991,90921679228.53217,379821003079.2571,0.04267421362806786,-134009193183.11508,-52552770868.71006,62831.276878724406
739,0.00036950000000000004,-135516342592.09654,-48287369930.526794,62832.06934898779,79407374295.2318,376265457741.1435,0.042220149492597836,-135515873422.85878,-48289765377.23242,62831.24562334315
740,0.0003700000000000001,-136887415374.4945,-43981894476.8714,62831.998441316915,69162158892.60463,372252804651.3285,0.041808240445236323,-136887096770.97722,-43984026999.98901,62831.31660508042
741,0.00037050000000000006,-138121936764.32086,-39637775433.93247,62831.972581643146,60114396062.79158,367843767551.1095,0.04143650609938066,-138121723440.76108,-39639878886.48509,62831.272599315686
742,0.0003710000000000001,-139218782242.42575,-35259496130.903076,62831.95670801437,52193392076.92869,363092949851.05536,0.04110290213005083,-139218639269.87088,-35261618586.9818,62831.371083207494
743,0.0003715000000000001,-140176999109.38245,-30851512193.64954,62831.929408402975,45330509468.4541,358049078974.6496,0.04080536832509135,-140176964356.57343,-30853537781.485256,62831.301851229466
744,0.00037200000000000004,-140995900459.9472,-26417780180.88726,62831.98391785991,39459953395.334114,352755353160.6017,0.04054186632382677,-140995816196.47205,-26420091919.002834,62831.25659250848
745,0.00037250000000000006,-141674672982.203,-21963388560.510147,62831.96915872654,34519308505.20894,347249838290.2714,0.04031040859911085,-141674718087.2522,-21965706552.145702,62831.44808063613
746,0.00037300000000000007,-142212856648.54135,-17492636267.732105,62831.91271688612,30449940457.451015,341565828625.0599,0.04010908042980965,-142213014439.46545,-17494776966.460224,62831.40499951855
747,0.0003735000000000001,-142610106415.21878,-13009902172.217445,62831.82639268357,27197173740.189034,335732281039.1733,0.039936055802095055,-142610343494.18875,-13011631882.843855,62831.624973769125
748,0.00037400000000000004,-142866272509.7321,-8518938652.188191,62831.86082675186,24710389640.2798,329774203190.5995,0.03978960857462597,-142866573583.04105,-8520832252.181862,62831.68644090099
749,0.0003745000000000001,-142981158919.1525,-4024990083.3925548,62831.837093177484,22943024988.696426,323713035972.7897,0.03966811982256585,-142981515094.4387,-4026785155.123927,62831.717524618776
750,0.00037500000000000006,-142954846368.78143,467706363.0677128,62831.80013965857,21852531539.73107,317566987122.4061,0.039570082311793445,-142955256592.59482,466112360.75898015,62831.99086632705
751,0.0003755000000000001,-142787530221.3121,4954909364.342255,62831.7924867349,21400243795.416107,311351386227.3591,0.03949410255133062,-142787980920.17557,4953320897.6904745,62831.84716029978
752,0.00037600000000000003,-142479523633.97128,9432293609.664951,62831.83562764637,21551236750.177624,305078991210.72046,0.03943890109867603,-142480020484.9409,9430537441.447048,62832.139609292746
753,0.0003765000000000001,-142031293865.2347,13895014820.699165,62831.82985813927,22274159707.35029,298760272300.0058,0.03940331155309083,-142031806136.1074,13893336590.194782,62832.09936201739
754,0.00037700000000000006,-141443453297.78268,18338817227.66112,62831.80506393091,23541048611.852467,292403679513.41095,0.03938627855857257,-141443967158.38257,18337285574.965466,62832.040207341845
755,0.00037750000000000007,-140716738274.4586,22759443315.906708,62831.78557596943,25327136367.805832,286015885371.2896,0.03938685511069274,-140717315119.0661,22758030067.301117,62832.01027043109
756,0.0003780000000000001,-139852035392.36383,27152472939.847893,62831.75132748022,27610663795.985535,279602004056.1227,0.039404199402071356,-139852624832.76343,27151258785.42315,62831.94862454565
757,0.0003785000000000001,-138850300851.5905,31513959500.710403,62831.78706348893,30372688081.762707,273165795910.23672,0.03943757135584911,-138850989533.9972,31512642565.77917,62831.94441474881
758,0.00037900000000000005,-137712749000.05292,35839162513.51556,62831.779225604034,33596909335.747913,266709843733.75793,0.03948632903006812,-137713470416.9059,35837883298.89401,62831.85860253124
759,0.00037950000000000006,-136440616806.0066,40124105806.23213,62831.7883719752,37269473598.20289,260235739787.92575,0.03954992486421218,-136441407892.85936,40122835867.218834,62831.8201111955
760,0.0003800000000000001,-135035364625.50725,44364393058.89668,62831.761263972556,41378820444.61094,253744227536.51578,0.039627901993105376,-135036174771.63235,44363285605.84764,62831.85232428939
761,0.00038050000000000003,-133498491150.84955,48556076207.82557,62831.74377472093,45915508713.80735,247235357923.8687,0.039719890549652734,-133499340178.18677,48555057934.47038,62831.908999772466
762,0.0003810000000000001,-131831653622.08704,52695095155.03282,62831.74118557154,50872078334.707726,240708611373.87198,0.03982560410742067,-131832573532.27301,52694129411.40934,62831.90035124589
763,0.00038150000000000006,-130036690336.71048,56777289160.91893,62831.717809056965,56242903200.003586,234163026653.89667,0.039944836207078074,-130037616993.50497,56776467033.91046,62831.72242065301
764,0.00038200000000000007,-128115458408.5444,60798869295.94038,62831.719341723125,62024049148.73864,227597325130.9338,0.040077456963850774,-128116417835.90625,60798013269.19055,62831.74576313165
765,0.0003825000000000001,-126070044525.90463,64755808635.52873,62831.71150971972,68213162406.03283,221010008941.5633,0.04022340985659169,-126071018963.80695,64755036637.35109,62831.742412486405
766,0.0003830000000000001,-123902667364.85585,68644162699.43033,62831.66212128068,74809335612.62056,214399480691.35873,0.04038270856305987,-123903590948.98648,68643677665.0301,62831.76483728762
767,0.00038350000000000005,-121615494557.2833,72460425494.96948,62831.64092383356,81812993334.13634,207764147518.99442,0.040555433889837775,-121616418030.70189,72460057056.08583,62831.89103626995
768,0.0003840000000000001,-119210918560.31386,76200896837.02138,62831.643833541326,89225806893.06033,201102501619.40137,0.04074173088512835,-119211917372.51425,76200521443.74274,62831.80175850639
769,0.0003845000000000001,-116691544390.35149,79861789691.09401,62831.61746110365,97050575514.13309,194413233425.09015,0.04094180594111643,-116692522899.21251,79861547963.89127,62831.929779656115
770,0.0003850000000000001,-114059822728.73203,83439869316.8094,62831.64709223009,105291111333.07634,187695343155.57587,0.0411559238637577,-114060884344.7527,83439573177.37677,62831.84366283854
771,0.00038550000000000005,-111318665412.02834,86931386691.28354,62831.63799930315,113952172250.93713,180948212212.25986,0.04138440508362128,-111319681505.51659,86931214067.29536,62831.73219182349
772,0.00038600000000000006,-108470915363.55176,90333002148.73657,62831.590027472426,123039313467.52954,174171748668.60846,0.04162762259550369,-108471797866.19458,90333004095.0378,62831.79380831324
773,0.00038650000000000007,-105519341994.38802,93641700004.35643,62831.57840251135,132558803127.77057,167366476285.52383,0.04188599888115152,-105520149113.4944,93641807450.4413,62831.91129339464
774,0.00038700000000000003,-102467015947.66237,96854253863.98119,62831.58215472306,142517530978.63742,160533631189.5395,0.042160002737293076,-102467761519.22488,96854391487.0235,62832.07137408973
775,0.0003875000000000001,-99317179359.0904,99967462263.14075,62831.55320338358,152922860428.66592,153675308188.7265,0.04245014570377969,-99317788488.79607,99967687968.02051,62831.7970381124
776,0.00038800000000000005,-96072897572.03255,102978554619.67055,62831.55560188579,163782484194.41183,146794601152.74905,0.042756978067831346,-96073526696.0614,102978773879.9413,62831.942079178654
777,0.00038850000000000006,-92737616044.4711,105884520678.0581,62831.534297957915,175104304708.6391,139895718567.2111,0.043081084514464595,-92738218424.30217,105884815296.74998,62831.85446233082
778,0.0003890000000000001,-89314606697.90433,108682746376.4737,62831.53728531405,186896225951.96704,132984171510.36089,0.043423078958138954,-89315169746.79866,108683072205.92938,62831.83584407217
779,0.0003895000000000001,-85807398962.46924,111370535904.50603,62831.54361382225,199165984183.73654,126066919241.84012,0.043783598693032784,-85807929521.1331,111370859466.8223,62831.98733974466
780,0.00039000000000000005,-82219533606.0099,113945376965.9141,62831.558660468596,211920895221.17203,119152576873.1189,0.04416329741177333,-82220047378.56357,113945692008.337,62832.05150519151
781,0.0003905000000000001,-78554767801.0622,116404752108.3585,62831.53895645694,225167590961.58765,112251617040.04247,0.04456283698957494,-78555198929.1935,116405130361.66466,62832.14279357416
782,0.00039100000000000007,-74816557590.5774,118746575746.53687,62831.57068045915,238911686008.36063,105376612277.95056,0.04498287764225647,-74817005934.72945,118746926692.52539,62832.350148772435
783,0.0003915000000000001,-71008992357.16182,120968417686.09268,62831.545556148056,253157445156.821,98542452619.67487,0.045424066404270956,-71009336905.7654,120968822521.08331,62832.235937228055
784,0.0003920000000000001,-67135693866.74523,123068395772.6856,62831.53725033025,267907284874.60825,91766672764.05272,0.04588702306358048,-67135919922.5158,123068837177.66527,62832.29310065312
785,0.00039250000000000005,-63200606807.32846,125044540292.64227,62831.52939057737,283161317358.6042,85069704012.99529,0.046372323708060534,-63200739658.73055,125045050046.41492,62832.47461324949
786,0.00039300000000000007,-59207671458.454056,126895051865.84679,62831.526020507634,298916723857.7568,78475222714.7019,0.046880480994470994,-59207723773.85081,126895608576.12012,62832.567053922074
787,0.0003935,-55160917324.592575,128618233579.7744,62831.51965588692,315167064453.31866,72010492335.54274,0.04741192079254261,-55160893776.910126,128618841512.8343,62832.528391866625
788,0.0003940000000000001,-51064388061.68543,130212538673.99702,62831.513748658406,331901468355.4812,65706733625.057106,0.047966954597466714,-51064250430.23258,130213236250.66188,62832.31738170105
789,0.00039450000000000005,-46922104821.24385,131676583411.05653,62831.53122187297,349103710043.31354,59599503883.45605,0.048545747160583824,-46921939330.9415,131677232539.13734,62832.305633051954
790,0.00039500000000000006,-42738236684.43858,133009050593.55176,62831.56194577829,366751156372.4061,53729081648.79198,0.0491482787597733,-42738083282.896286,133009656171.5063,62832.450957031506
791,0.00039550000000000007,-38517131425.00048,134208689297.26349,62831.555679324665,384813558868.1947,48140858023.33298,0.049774301479751364,-38516846396.520874,134209334242.81657,62832.36378769105
792,0.0003960000000000001,-34262780346.56562,135274579965.48203,62831.57600612445,403251702426.39496,42885704989.56027,0.0504232890358782,-34262549922.933273,135275217329.90237,62832.441588176975
793,0.00039650000000000004,-29979604481.39957,136205733312.43529,62831.569342021896,422015957745.7146,38020270252.90487,0.05109438002079394,-29979275675.65003,136206350695.091,62832.39958648282
794,0.0003970000000000001,-25671766075.947098,137001434678.91093,62831.564084318044,441044639774.16455,33607243806.777195,0.051786314219493666,-25671371680.268368,137002062088.9198,62832.320155732654
795,0.00039750000000000007,-21343546467.58937,137661052894.59406,62831.559394684475,460262318705.0467,29715476842.84926,0.052497362557581306,-21343049153.81037,137661666380.78873,62832.32091139656
796,0.0003980000000000001,-16999206546.444016,138184110399.4604,62831.564316341224,479578036535.7994,26419965521.28699,0.05322525139727672,-16998673556.01512,138184690072.92038,62832.513113674286
797,0.0003985000000000001,-12643108795.820257,138570216028.36386,62831.5625570507,498883534167.65045,23801617143.085594,0.05396708279946095,-12642535589.931574,138570776049.81738,62832.48943088851
798,0.00039900000000000005,-8279519350.122266,138819179120.17422,62831.56697062678,518051556274.2654,21946744366.35784,0.05471925323779254,-8278840703.49492,138819708470.2939,62832.18299291327
799,0.00039950000000000006,-3912779890.2715297,138930899785.3134,62831.56975987508,536934380289.6408,20946207459.005894,0.055477374468209426,-3912058616.671629,138931344754.15515,62832.277123359505
800,0.0004000000000000001,452797891.6607645,138905390293.06943,62831.57015975134,555362690083.7834,20894137887.35102,0.05623620155613656,453631380.5055203,138905871766.70493,62832.50699929241
801,0.0004005000000000001,4812911658.196787,138742866696.6674,62831.57014079985,573145003020.8359,21886161316.03968,0.05698957463361269,4813862641.06687,138743319245.6399,62832.649672323176
802,0.00040100000000000004,9163284399.535065,138443632425.85782,62831.57409334811,590067881666.879,24017056916.238846,0.05773038250225507,9164331627.615685,138444071394.36746,62832.78883401002
803,0.0004015000000000001,13499601222.806135,138008157775.76102,62831.57376159695,605897148609.6804,27377806208.989372,0.05845055763043937,13500748719.395504,138008535685.14014,62832.6734166491
804,0.00040200000000000007,17817587414.7543,137437031505.8005,62831.56600457024,620380389031.4348,32052016522.972954,0.05914111314021013,17818800535.129917,137437327502.53778,62832.60181939778
805,0.0004025000000000001,22113036964.342197,136730960591.20134,62831.55905324797,633250961672.323,38111759174.65129,0.059792232641154484,22114369817.951096,136731199775.74254,62832.51448293277
806,0.00040300000000000004,26381873295.055992,135890747711.86784,62831.586520573146,644233712229.6201,45612928952.48385,0.060393422878686424,26383180818.210197,135890981042.1293,62832.74990791246
807,0.0004035000000000001,30619663036.33481,134917463445.9664,62831.58568259387,653052477254.1567,54590315033.51461,0.06093373669687523,30621053167.19512,134917641219.36334,62832.80505075891
808,0.00040400000000000006,34822368340.744415,133812185498.7686,62831.58340192373,659439387287.3976,65052617970.17708,0.06140206984770394,34823834979.462006,133812286669.31207,62832.82148657089
809,0.0004045000000000001,38985936962.13839,132576134643.48929,62831.59314395827,663145619172.5354,76977855024.96016,0.06178752823886461,38987427373.25835,132576167412.2114,62833.06928305472
810,0.0004050000000000001,43106244720.719025,131210702937.38553,62831.599605145886,663953236360.7062,90309520350.92657,0.062079854718594174,43107794829.935715,131210658275.59837,62833.15178630157
811,0.0004055000000000001,47179126073.549835,129717454721.97157,62831.565080768596,661687410838.9207,104953976071.91766,0.062269895349541096,47180877854.68133,129717286438.5929,62833.00622177325
812,0.00040600000000000006,51200946878.72922,128097867299.3659,62831.57262845548,656228128829.101,120779527979.06136,0.06235007612871683,51202729184.946365,128097574074.44186,62832.94181947967
813,0.00040650000000000007,55167572513.40089,126353782438.27116,62831.565334836065,647520267642.9082,137617622292.7836,0.06231485323199896,55169463522.247574,126353397765.3737,62832.71557825988
814,0.0004070000000000001,59075369797.76334,124486952839.34666,62831.598619247205,635581230280.5245,155266175155.3382,0.062161097730523675,59077159730.74526,124486603706.2504,62832.751381211514
815,0.00040750000000000004,62920373943.5302,122499445726.12485,62831.627476906346,620504932107.8269,173495274035.46658,0.06188837465216247,62922064083.18475,122499017765.04889,62832.78602890409
816,0.0004080000000000001,66698672720.59249,120393477954.65846,62831.60211232593,602461754858.2758,192054765631.4692,0.06149908494035196,66700404433.78928,120392911474.16469,62832.751201824285
817,0.00040850000000000006,70406955905.73627,118171067688.00784,62831.611257622266,581694026768.1635,210683401137.13745,0.06099844939846088,70408686515.47736,118170470135.23476,62832.858347051166
818,0.0004090000000000001,74041545054.48894,115834594154.91808,62831.62907028319,558507163594.1143,229118907592.48514,0.060394329076899754,74043238408.20471,115833969921.76422,62832.90035027642
819,0.0004095000000000001,77598717954.01149,113386649292.7461,62831.595968088666,533257407088.404,247107944629.37662,0.059696895929311516,77600606087.81038,113385840089.9413,62832.90130496939
820,0.0004100000000000001,81075573578.6638,110829402670.36339,62831.65325091446,506336966130.42615,264415360296.47244,0.05891818150929816,81077301625.64189,110828658796.56895,62832.91805970929
821,0.00041050000000000006,84468197620.87122,108165925264.2022,62831.64315678828,478157681858.70416,280832169383.0819,0.05807154231672893,84469996915.75473,108165072357.7352,62832.902555243665
822,0.00041100000000000007,87773755108.94116,105398644358.388,62831.68140910496,449135080799.2242,296181259327.83435,0.057171090423088475,87775410324.27467,105397761733.08557,62832.85058373878
823,0.0004115000000000001,90988721133.2421,102530714384.70003,62831.664440666704,419673218737.6546,310321277959.16766,0.056231131607069156,90990462457.42068,102529633780.88393,62832.783102917594
824,0.0004120000000000001,94110201718.0369,99564943606.37048,62831.64106477307,390152043219.4788,323147959117.1212,0.0552656532476939,94112010996.63965,99563646321.222,62832.901742764174
825,0.00041250000000000005,97135444280.18073,96504149934.20947,62831.67813699623,360917258880.97205,334593657004.8751,0.054287889536645706,97137141876.71777,96502869999.45354,62832.94535516658
826,0.00041300000000000006,100061322306.85042,93351698873.76643,62831.70051605328,332273336087.58954,344625081032.6245,0.05330998275628806,100063000038.76894,93350402929.50485,62832.89620659183
827,0.0004135000000000001,102885015619.82193,90110869449.70174,62831.691763674105,304479628573.26984,353239661486.5866,0.05234274765978485,102886774133.18884,90109403602.06136,62833.03425535851
828,0.00041400000000000003,105604128622.1949,86784648729.66667,62831.74071621575,277749055760.4075,360461233133.3456,0.05139553434032218,105605753824.20099,86783240973.76692,62832.966856258456
829,0.0004145000000000001,108215997083.86357,83376508242.84332,62831.81757030752,252249020839.09348,366335342882.8669,0.05047617869416681,108217369628.72473,83375268460.2579,62832.87631492728
830,0.00041500000000000006,110717969342.63867,79890155704.16385,62831.85415389151,228104207996.08743,370924390941.35834,0.049591026158620446,110719229942.99666,79888928112.72174,62832.94857040701
831,0.00041550000000000007,113107843822.03432,76328944333.52701,62831.899078487455,205400522855.43173,374303076648.37854,0.04874501111894609,113108957816.56262,76327748768.25558,62833.19054882976
832,0.0004160000000000001,115383216407.86871,72696739060.94582,62831.88496667676,184189664851.45093,376554357102.6632,0.04794177460791732,115384391012.30893,72695330507.75288,62833.0548560139
833,0.0004165000000000001,117542405667.55568,68996535152.86755,62831.98173744643,164494139728.0608,377765827866.7917,0.047183805961207546,117543299505.21571,68995400498.43932,62833.0877636014
834,0.00041700000000000005,119582927647.11499,65232831568.77178,62831.99466299038,146312083678.78564,378026858444.5999,0.04647259466911207,119583757923.47656,65231610416.85619,62832.9046317841
835,0.0004175000000000001,121503198377.5777,61408931307.75375,62832.04497572779,129622135103.89589,377426041549.34094,0.045808784256611564,121503904444.15508,61407809714.344765,62832.97209736798
836,0.0004180000000000001,123301417846.81058,57528729108.90644,62832.11804985803,114387585665.11642,376049496263.37787,0.04519231902504212,123301910470.6999,57527859212.117226,62833.0537104286
837,0.0004185000000000001,124975701737.04785,53596648634.97132,62832.088672278915,100560263484.75462,373979452333.3873,0.04462258020118876,124976226567.10374,53595560657.6606,62833.03830474233
838,0.0004190000000000001,126524899265.54486,49615878926.42636,62832.13572310855,88083867611.46579,371293285647.25757,0.044098508446686606,126525325733.0659,49614912048.428154,62832.944291677944
839,0.00041950000000000006,127947412376.07466,45590871651.28944,62832.1482098506,76896649050.58167,368063029981.2733,0.04361871073735202,127947815512.519,45589867379.54088,62833.12504269395
840,0.00042000000000000007,129242030970.48358,41525555084.995514,62832.149046731254,66933814205.993484,364354968441.19305,0.04318155267125205,129242407839.69728,41524483217.631195,62833.12720978775
841,0.00042050000000000003,130407591974.94183,37424106356.137505,62832.11155384258,58129338462.291115,360229584375.70557,0.04278523601436174,130408060849.13437,37422830460.51762,62833.25331050305
842,0.0004210000000000001,131443221500.33588,33290220985.31772,62832.12566752635,50417449725.181305,355741616115.51697,0.04242786297956842,131443632585.7743,33288934254.3499,62833.18229771226
843,0.00042150000000000005,132347980026.27144,29128193527.21735,62832.14954903818,43733737325.30807,350940265916.24884,0.04210748844157881,132348311518.71098,29126965978.298973,62833.09944918482
844,0.00042200000000000007,133121099364.11266,24942261092.621063,62832.160871425425,38016032973.37136,345869435839.6714,0.041822161886163126,133121404696.09799,24941049793.409756,62833.095855948064
845,0.0004225000000000001,133761957982.2756,20736661531.47628,62832.14192871729,33205015756.250908,340568055063.5509,0.04156996035817796,133762278277.8638,20735286065.090492,62833.07778166353
846,0.0004230000000000001,134270120877.852,16515359772.268898,62832.13993144249,29244629453.646824,335070431810.8038,0.04134901384119422,134270394920.81253,16513890310.64836,62833.170102964454
847,0.00042350000000000005,134645213454.57591,12282685340.508368,62832.12152872159,26082341168.83683,329406621969.22284,0.04115752432514985,134645428093.93335,12281064725.577623,62833.157192551196
848,0.0004240000000000001,134887017746.55922,8042904458.45537,62832.06952297101,23669296006.14316,323602780221.5646,0.04099377978454092,134887193045.85619,8040982506.927873,62833.02775317014
849,0.00042450000000000007,134995474950.57323,3800017456.4657035,62832.02762802916,21960362465.183132,317681517302.7607,0.04085616396839305,134995663014.80069,3797885636.0323715,62832.979802278656
850,0.0004250000000000001,134970638739.29633,-442089385.43619967,62832.06503896117,20914107291.331738,311662241551.62683,0.04074316284547583,134970749267.39159,-444164647.719225,62833.120153719
851,0.0004255000000000001,134812651649.1271,-4678783333.870844,62832.078218817864,20492724342.235237,305561475060.015,0.04065336844361382,134812700391.98055,-4680924918.86685,62833.107481515624
852,0.00042600000000000005,134521828492.53355,-8906049581.049034,62832.10417033221,20661924186.20778,299393149250.25494,0.040585480665872246,134521817251.40169,-8908134758.437914,62832.90933109548
853,0.00042650000000000007,134098607697.76064,-13119651415.127348,62832.12499205398,21390788332.01069,293168889666.469,0.040538307508097886,134098552314.20337,-13121671804.49465,62832.811198824376
854,0.0004270000000000001,133543557277.01212,-17315490653.795727,62832.150984465945,22651611784.490467,286898272974.14026,0.040510764101017026,133543387042.52177,-17317455492.70292,62832.65438779632
855,0.0004275000000000001,132857369720.95815,-21489487686.664875,62832.19173661802,24419735299.977703,280589064441.6868,0.04050187088310894,132857125485.89085,-21491250940.105164,62832.80815579763
856,0.00042800000000000005,132040863655.33298,-25637571481.86798,62832.25280340201,26673373525.51257,274247435574.84756,0.040510751154201496,132040596392.51414,-25639091328.570477,62832.79560876906
857,0.00042850000000000006,131095044546.67844,-29755343721.65575,62832.252447941064,29393442201.300903,267878164326.92065,0.04053662820128678,131094732768.60661,-29756858968.269096,62832.682596802304
858,0.0004290000000000001,130020971086.03885,-33839004881.573063,62832.246517799234,32563377921.702232,261484827550.02673,0.040578822104557224,130020613496.31909,-33840601874.064552,62832.70056747581
859,0.0004295000000000001,128819832152.98592,-37884651230.59063,62832.256613535945,36168984020.91819,255069960085.77234,0.04063674643081484,128819457850.10374,-37886209062.66646,62832.955475000024
860,0.00043000000000000004,127492982368.03918,-41888223734.70756,62832.25468625194,40198270195.898766,248635211219.90533,0.040709904847112635,127492581938.81367,-41889849013.39171,62833.02774974401
861,0.0004305000000000001,126041871865.0021,-45845847452.203384,62832.24745126816,44641293539.576584,242181494380.94452,0.040797887693414844,126041411009.79974,-45847556585.45851,62832.97220689735
862,0.00043100000000000007,124468048573.31966,-49753756268.01449,62832.25744202597,49490017252.89817,235709117519.12982,0.04090036860454329,124467527402.0683,-49755484934.63113,62833.0176098303
863,0.0004315000000000001,122773225197.76128,-53608081669.11582,62832.266367314536,54738176242.48117,229217905257.11844,0.04101710120803955,122772702844.69804,-53609793985.834755,62832.95692758466
864,0.0004320000000000001,120959196316.7821,-57405124671.64513,62832.28579965927,60381140197.353355,222707322298.68567,0.041147915871870444,120958669649.60013,-57406795146.22867,62832.93213429752
865,0.0004325000000000001,119027892509.50142,-61141186323.29758,62832.310985631026,66415794939.208374,216176580500.04602,0.04129271656108016,119027354142.41171,-61142792056.84533,62832.852396659844
866,0.00043300000000000006,116981419418.70416,-64812507121.39865,62832.301406990126,72840422149.09033,209624748101.96948,0.041451477766691586,116980811012.76187,-64814142057.70865,62832.87897791126
867,0.0004335000000000001,114821784061.48737,-68415849590.12391,62832.34590169603,79654578937.95781,203050860102.79297,0.04162424147387052,114821212671.26253,-68417337882.67078,62832.891741644984
868,0.0004340000000000001,112551391732.93333,-71947432968.58502,62832.3566643175,86859018189.20827,196453993970.1074,0.04181111431859306,112550787028.07019,-71948894006.0584,62832.75737351199
869,0.00043450000000000004,110172514200.96432,-75404041060.31075,62832.38864386217,94455545356.18086,189833403746.18643,0.0420122646035688,110171917292.52043,-75405384180.36623,62832.61944884435
870,0.0004350000000000001,107687768099.5357,-78782104813.4658,62832.36694086736,102446946949.9255,183188591471.6219,0.04222791946742315,107687052515.203,-78783562613.73767,62832.86743202273
871,0.00043550000000000007,105099579771.21024,-82078633956.01532,62832.36915873934,110836856333.45747,176519436209.60315,0.04245836187592493,105098796696.144,-82080112765.2623,62832.85530917982
872,0.0004360000000000001,102410624213.40584,-85290451946.84435,62832.39078081492,119629686306.14236,169826264613.12326,0.042703927707893836,102409833985.63171,-85291842772.558,62832.84837016871
873,0.00043650000000000004,99623689277.17825,-88414450998.56752,62832.42084426329,128830501069.50851,163109976698.03976,0.04296500260893863,99622955065.75887,-88415752273.92418,62832.59946177523
874,0.00043700000000000005,96741665239.94835,-91447610243.8889,62832.446383442155,138444898978.31042,156372161452.99225,0.043242018625244724,96740883993.33813,-91448789001.65079,62832.3871643648
875,0.0004375000000000001,93767468956.01936,-94387085440.6451,62832.482743394554,148478887216.44925,149615218538.87943,0.04353545053776722,93766736085.13005,-94388144467.95267,62832.33095404093
876,0.00043800000000000013,90704281241.38905,-97229923813.44913,62832.472616615174,158938753016.7903,142842480989.65485,0.0438458118372979,90703521217.13373,-97230950101.08267,62832.16450344346
877,0.0004385000000000001,87555199506.73953,-99973482034.55075,62832.43168005613,169830890229.51483,136058373362.81221,0.044173650082344626,87554310366.14961,-99974485259.90099,62832.12806726107
878,0.0004390000000000001,84323215660.4169,-102615391309.83948,62832.44391505307,181161647180.25342,129268545387.77301,0.044519541697321835,84322352537.51105,-102616302249.62936,62832.08248879892
879,0.00043950000000000006,81011695213.6365,-105153062489.54387,62832.473984520395,192937150776.69684,122480019729.67914,0.04488408604445189,81010952711.5838,-105153857107.28381,62831.99159022503
880,0.00044000000000000007,77624158010.92009,-107583962693.67189,62832.462317638805,205163044882.75452,115701403749.76277,0.04526789830028065,77623434212.99142,-107584769874.10715,62831.870966997514
881,0.00044050000000000014,74163911035.9015,-109905935083.49512,62832.45583866073,217844218968.9722,108943094171.01671,0.04567160103958039,74163199003.90715,-109906678871.7198,62831.8813426884
882,0.0004410000000000001,70634293697.15752,-112116935211.31049,62832.50836915047,230984534148.8524,102217466393.50655,0.0460958144566096,70633737361.388,-112117469269.24805,62831.79951017942
883,0.0004415000000000001,67039227881.076935,-114214620007.66525,62832.4939959519,244586469955.00287,95539110152.35806,0.046541144769619035,67038656132.27319,-114215063378.55096,62831.61073190672
884,0.00044200000000000006,63382113783.587746,-116197230655.90045,62832.49140842789,258650655198.18182,88925133416.87,0.0470081701774351,63381559885.78663,-116197630564.67622,62831.586248541586
885,0.0004425000000000001,59666666850.40773,-118062915167.167,62832.488086016994,273175448053.16483,82395388965.06741,0.04749742455703297,59666176972.42226,-118063266746.17053,62831.500612817006
886,0.00044300000000000003,55896580201.652016,-119809992163.74524,62832.49672254992,288156350263.1002,75972798135.84764,0.048009378013624586,55896181708.121445,-119810296602.6589,62831.61773048978
887,0.00044350000000000005,52075551327.361984,-121436920171.1043,62832.54303679434,303585369651.37573,69683664070.74431,0.04854441398233645,52075320591.96766,-121437091531.82848,62831.756699988895
888,0.0004440000000000001,48207669328.40921,-122942073220.5229,62832.544284031945,319450282426.90466,63558004906.91643,0.049102802348791746,48207534399.021286,-122942209804.1613,62831.6644993924
889,0.0004445000000000001,44296663818.752,-124324195468.6709,62832.54608056255,335733754594.3732,57629924778.55431,0.04968466788751428,44296576190.674835,-124324291912.404,62831.71958273273
890,0.0004450000000000001,40346448980.45247,-125582061449.0626,62832.54665962764,352412419779.76764,51937933119.97202,0.050289953837637145,40346349177.51818,-125582155336.68472,62831.9570239454
891,0.0004455000000000001,36361003196.77819,-126714555719.2695,62832.535521919046,369455786830.99896,46525297275.80675,0.05091837986777956,36360909706.79954,-126714693175.67064,62832.18311221024
892,0.00044600000000000005,32344207820.910633,-127720750950.64888,62832.54003305959,386825039189.93964,41440361521.19446,0.051569394090488524,32344147142.110626,-127720824881.63437,62832.20825057625
893,0.00044650000000000007,28300096255.898,-128599780242.57861,62832.54945617765,404471731432.10583,36736813658.88633,0.05224211893405998,28300086816.332092,-128599793660.84462,62832.38766808794
894,0.00044700000000000013,24232760507.188698,-129350889127.12088,62832.543355259935,422336362208.01166,32473895273.660725,0.05293529076980323,24232701231.283737,-129350939887.78369,62832.47071932389
895,0.0004475000000000001,20146162079.116615,-129973522114.15675,62832.544761431316,440346876887.38086,28716500454.08416,0.05364719369183484,20146110539.062798,-129973578190.53413,62832.30868262166
896,0.0004480000000000001,16044391992.969158,-130467193675.72354,62832.54290823838,458417143514.8617,25535122485.972923,0.05437558834350032,16044324259.92368,-130467251876.1038,62832.31111311219
897,0.00044850000000000006,11931495933.338612,-130831575254.44557,62832.54325715385,476445424596.763,23005617474.49031,0.05511763722071684,11931421103.17883,-130831622626.64767,62832.37567030765
898,0.00044900000000000007,7811555415.857697,-131066448750.01775,62832.54267989526,494312958020.7195,21208710207.324738,0.05586982885759128,7811417498.972316,-131066476013.59305,62832.52401744069
899,0.00044950000000000003,3688643007.464812,-131171724665.11414,62832.54121491166,511882731370.7904,20229189343.970367,0.056627904272979035,3688494967.7882037,-131171750823.07213,62832.436112336334
900,0.00045000000000000015,-433171567.9300691,-131147482878.6969,62832.54017628415,528998592878.78455,20154721787.618538,0.05738679030655105,-433345415.4977142,-131147448459.71022,62832.44154133835
901,0.0004505000000000001,-4549818102.143574,-130993866201.52647,62832.53744174565,545484864181.25446,21074223108.271072,0.05814054581118223,-4549995469.777231,-130993833768.8688,62832.569031032675
902,0.0004510000000000001,-8657253914.20087,-130711171614.52872,62832.53648628408,561146623985.6049,23075726907.086887,0.05888232805425329,-8657445826.948746,-130711095056.14824,62832.57197851622
903,0.0004515000000000001,-12751406920.338228,-130299843453.6937,62832.529787524436,575770896727.3389,26243714581.64766,0.05960438793241987,-12751602790.447424,-130299722346.28418,62832.560709414785
904,0.0004520000000000001,-16828295085.772953,-129760417437.39575,62832.52812879524,589128948378.9956,30655894179.30327,0.060298103517944714,-16828533594.300907,-129760290598.39854,62832.45273328997
905,0.00045250000000000005,-20883885737.874134,-129093585102.97627,62832.523847043776,600979877251.2223,36379466383.95536,0.06095406166642878,-20884112464.27969,-129093486611.95497,62832.44091185732
906,0.00045300000000000006,-24914249388.485466,-128300133639.18666,62832.529149857,611075675959.4309,43466960531.57041,0.06156219672829725,-24914447000.30631,-128300035659.98317,62832.6827683832
907,0.0004535000000000001,-28915439971.672344,-127380989250.24178,62832.54441695299,619167815387.8516,51951810809.9682,0.062111993231415745,-28915599943.813927,-127380912780.2332,62832.45980556361
908,0.0004540000000000001,-32883409139.00733,-126337252647.39627,62832.53511570647,625015329234.7644,61843897013.00918,0.06259275578929437,-32883580880.865788,-126337120491.11357,62832.20813096666
909,0.0004545000000000001,-36814355745.24184,-125170072403.56648,62832.520818086305,628394204903.6228,73125354464.06508,0.06299394411810273,-36814542014.22271,-125169915822.72025,62832.39998935405
910,0.00045500000000000006,-40704608004.80931,-123880673463.92169,62832.544068187686,629107651895.6599,85747062178.51337,0.06330556375962385,-40704748853.778366,-123880565326.74623,62832.43544898198
911,0.00045550000000000007,-44550223541.228294,-122470524487.58284,62832.5657803285,626996714926.1666,99626184427.5342,0.0635185953975775,-44550265769.81432,-122470435502.31369,62832.51033873129
912,0.000456,-48347264211.618225,-120941249208.13637,62832.5349011697,621950543331.5745,114645113263.9426,0.06362543809037983,-48347421057.8095,-120941157464.02347,62832.47345405287
913,0.00045650000000000015,-52092383460.44925,-119294337412.48705,62832.54157350659,613915388690.0692,130652199874.777,0.06362033454211495,-52092519599.44948,-119294341256.8632,62832.470119408215
914,0.0004570000000000001,-55781806812.4915,-117531610173.64021,62832.54936454867,602901375547.6735,147464539787.63443,0.06349974205088028,-55781913209.815926,-117531605366.46732,62832.27229717848
915,0.0004575000000000001,-59411976160.70529,-115654928822.60915,62832.56317276928,588986490757.5415,164872631981.3,0.06326261471551889,-59412014984.49217,-115654931594.01192,62832.13476073479
916,0.0004580000000000001,-62979168335.969475,-113666400752.79752,62832.52643612028,572316974352.2133,182646936410.89478,0.0629105655896926,-62979331809.40195,-113666313847.549,62832.06128845013
917,0.0004585000000000001,-66480154392.93125,-111567997209.54881,62832.4976747295,553103985039.902,200545812601.77756,0.06244788824412078,-66480403966.404335,-111567888814.91779,62832.189764073926
918,0.00045900000000000004,-69911348289.64153,-109362053924.35794,62832.41936365656,531616458019.20135,218324440172.7743,0.06188142906408725,-69911843513.17368,-109361787593.79514,62832.081247088725
919,0.00045950000000000006,-73270058742.17474,-107050448921.30554,62832.46250256984,508170906123.8928,235743812396.65463,0.061220318756138856,-73270367278.03395,-107050268861.89743,62832.06351334621
920,0.0004600000000000001,-76552430842.07645,-104636006934.47478,62832.453065212176,483118585707.1289,252579457799.52148,0.06047558292007853,-76552732116.67056,-104635830841.70013,62832.164110815786
921,0.0004605000000000001,-79755378804.12079,-102121200813.01726,62832.40783189878,456831700084.1799,268628686461.48938,0.05965966797114323,-79755873502.51256,-102120966645.88022,62832.26736959346
922,0.0004610000000000001,-82876117766.41966,-99508400679.07738,62832.409319334765,429688980548.8429,283716579252.32336,0.05878591936496784,-82876636002.51549,-99508183866.71747,62832.340979208515
923,0.00046150000000000005,-85911676401.4383,-96800260700.01851,62832.46396025011,402062142264.13446,297700002755.591,0.05786805421150941,-85911994562.18973,-96800225247.71985,62832.44406779891
924,0.00046200000000000006,-88858983446.8813,-93999701425.65483,62832.520982753944,374304108805.7432,310469547685.4987,0.05691966666306091,-88859131384.76686,-93999877957.84302,62832.1934417089
925,0.0004625,-91715080471.86176,-91109745551.43256,62832.53246443271,346739496859.64374,321949605064.0456,0.055953795813915144,-91715194328.6503,-91110003457.19215,62832.32839245258
926,0.00046300000000000014,-94477382916.77708,-88133233848.37509,62832.537374887084,319657644769.8625,332096862139.1013,0.05498257574878984,-94477488439.36555,-88133478041.95001,62832.35965786208
927,0.0004635000000000001,-97143545171.58292,-85072893788.5255,62832.62687318639,293308215321.1267,340897575615.65814,0.05401697700801609,-97143372983.83026,-85073383189.59506,62832.538757612056
928,0.0004640000000000001,-99710545035.61964,-81932399069.02684,62832.63376546598,267899275757.67105,348363933134.26227,0.05306664000788032,-99710390900.30939,-81932900071.68692,62832.68357844811
929,0.00046450000000000007,-102176030670.60486,-78714907392.56355,62832.57471830806,243597673188.14,354529746306.4454,0.052139794484852675,-102176090157.96954,-78715209243.5744,62832.72805397906
930,0.0004650000000000001,-104538246362.90923,-75422957106.7507,62832.652389908435,220530804089.672,359446247963.1226,0.051243250815814864,-104538147452.08037,-75423518596.25935,62832.74256262704
931,0.00046550000000000004,-106794463060.82784,-72060539793.76866,62832.680647973764,198789626084.60233,363177972919.1025,0.05038244882071454,-106794325396.99933,-72061210536.43185,62832.714557434
932,0.0004660000000000001,-108942558770.74942,-68631117970.49498,62832.64663283123,178432771936.70377,365798661479.4185,0.049561550727079566,-108942591039.36737,-68631659991.10296,62832.6431488669
933,0.0004665000000000001,-110980747725.86008,-65137852871.4248,62832.63151555946,159490749162.254,367387910856.20935,0.04878356166262958,-110980848106.67764,-65138341987.494835,62832.47453024358
934,0.0004670000000000001,-112907099737.29594,-61584330045.341156,62832.61748102916,141970301845.88864,368028269849.8096,0.04805046567782871,-112907232241.89073,-61584780422.19452,62832.51056974012
935,0.0004675000000000001,-114719862572.0375,-57974085959.759384,62832.614092533986,125858736237.99904,367802768626.4424,0.047363367705282884,-114720034450.20772,-57974569992.58301,62832.34576783629
936,0.00046800000000000005,-116417306135.0326,-54310886116.50904,62832.5868597253,111127891787.2271,366793013847.2394,0.046722633286114854,-116417500888.13747,-54311271562.1946,62832.170058171425
937,0.00046850000000000006,-117998035489.12836,-50598102271.09873,62832.610485487945,97737750638.39319,365077717172.454,0.046128020773164295,-117998176272.88197,-50598610668.93857,62832.07917847402
938,0.000469,-119460419889.1401,-46839894764.2255,62832.57699259846,85639551474.12149,362731680038.5431,0.045578802189015895,-119460649734.05641,-46840339786.66497,62832.09207627701
939,0.00046950000000000014,-120803243377.16985,-43039850527.47554,62832.53019432373,74778551823.01822,359825025667.89935,0.04507387140636708,-120803470335.83707,-43040173681.052574,62832.18748446151
940,0.0004700000000000001,-122025446830.53694,-39201414309.655106,62832.5536698143,65096236011.9266,356422823325.6477,0.04461183826820539,-122025626218.29958,-39201819804.27547,62832.047782070396
941,0.0004705000000000001,-123125754475.56563,-35328985451.8813,62832.51164327679,56532166447.767685,352584886965.676,0.04419110913924802,-123126035283.05287,-35329228222.52975,62832.12666435123
942,0.00047100000000000006,-124103282738.39029,-31426301818.841835,62832.4348546635,49025527134.45359,348365692837.694,0.043809954938731854,-124103692116.32597,-31426253050.5876,62832.24179444462
943,0.0004715000000000001,-124957327819.61203,-27496829742.4582,62832.42164251501,42516244333.69412,343814525230.0647,0.043466567183737224,-124957744967.29738,-27496705561.99583,62832.14516017221
944,0.00047200000000000003,-125687160841.99095,-23544486654.9094,62832.46788682885,36945873166.37228,338975674750.7837,0.04315910357731776,-125687479596.39143,-23544552950.14062,62832.34637142952
945,0.0004725000000000001,-126292119304.60037,-19573521818.298706,62832.4972221874,32258284355.14045,333888670464.7387,0.04288572463735965,-126292403496.24776,-19573755140.470757,62832.301016961486
946,0.0004730000000000001,-126771749062.92497,-15587921475.963125,62832.49922678106,28400141777.020245,328588570409.62067,0.04264462255908061,-126772025941.17245,-15588131922.803776,62832.484484522625
947,0.00047350000000000007,-127125733363.40811,-11591622012.551523,62832.477417686605,25321203730.74625,323106294359.9338,0.04243404342237991,-127126062157.98729,-11591721379.213928,62832.3954894089
948,0.0004740000000000001,-127353883788.60669,-7588506167.393839,62832.449029022995,22974512465.82866,317468952241.6567,0.04225230392311027,-127354221939.28596,-7588521697.557518,62832.51162002473
949,0.00047450000000000004,-127456130513.98412,-3582410957.652303,62832.44227982293,21316487788.108658,311700169028.10016,0.042097803615256085,-127456414454.66824,-3582289101.0720043,62832.66990153916
950,0.00047500000000000005,-127432517380.81337,422938226.38042694,62832.5111905438,20306946703.877842,305820399359.9902,0.04196903351875939,-127432812821.31433,422814466.8158262,62832.75816891089
951,0.0004755000000000001,-127283178888.5179,4423025338.537221,62832.52171308004,19909066800.530994,299847227927.52234,0.04186458181894434,-127283493333.00569,4422973542.604727,62832.58774739968
952,0.00047600000000000013,-127008426930.10876,8414008131.063849,62832.49754516793,20089306364.513126,293795653123.4119,0.04178313726730973,-127008741958.88863,8414052733.561992,62832.508669984614
953,0.0004765000000000001,-126608672439.4308,12392291161.146128,62832.518440357315,20817285284.849625,287678363210.2322,0.04172349073420064,-126608970802.366,12392207573.97371,62832.433760184686
954,0.0004770000000000001,-126084447789.05191,16353824453.619165,62832.55072555331,22065657444.477425,281505981624.69543,0.041684535394638914,-126084796489.33342,16353591726.684189,62832.410190231996
955,0.00047750000000000006,-125436426707.71275,20294560025.90277,62832.555650192524,23809963716.203552,275287298718.46924,0.04166526586025258,-125436793919.94159,20294347004.349777,62832.357064385615
956,0.00047800000000000007,-124665363362.92935,24210896383.287277,62832.59818494905,26028474950.047337,269029488848.3322,0.04166477651376848,-124665787991.8447,24210505604.69045,62831.987579580615
957,0.00047850000000000003,-123772237750.6749,28098468474.71322,62832.5460099264,28702042404.16854,262738301652.0202,0.04168225930968281,-123772607788.78847,28098235333.49663,62832.254805822624
958,0.0004790000000000001,-122757962888.03038,31954176162.101406,62832.57647485302,31813923920.922215,256418258652.29965,0.04171700110632992,-122758418330.83919,31953799342.41935,62832.26222513365
959,0.0004795000000000001,-121623783544.3118,35773677100.235916,62832.5427212429,35349659682.23246,250072795190.1881,0.041768380868905386,-121624219386.52599,35773427280.861046,62832.20222736556
960,0.00048000000000000007,-120370882976.23267,39553608540.32188,62832.53884539676,39296889719.43835,243704443965.1465,0.04183586656706843,-120371293441.68355,39553380163.38586,62832.04794601667
961,0.0004805000000000001,-119000663557.85066,43290150058.33518,62832.52921048217,43645236418.01672,237314954894.59824,0.041919012112181284,-119001070501.92668,43289935314.1553,62832.08317105392
962,0.00048100000000000004,-117514530178.31825,46979916479.52371,62832.581706635894,48386150968.532326,230905442085.25894,0.04201745419886729,-117515002874.97037,46979455101.88265,62831.86317208419
963,0.00048150000000000005,-115914235880.07344,50618838497.111664,62832.5653675424,53512797236.67537,224476494480.00757,0.042130909232452614,-115914748758.59557,50618425282.151596,62831.81140380456
964,0.0004820000000000001,-114201460626.93878,54203524459.24341,62832.51746286772,59019892214.262314,218028323094.5651,0.04225917014089065,-114201931967.22733,54203225296.79912,62831.857487363464
965,0.00048250000000000013,-112377838786.60309,57730950724.05869,62832.565604652395,64903611619.721054,211560849002.1548,0.04240210335991948,-112378439971.52287,57730422479.97326,62831.85916162446
966,0.0004830000000000001,-110445419175.51115,61197365751.922676,62832.615119659444,71161496061.40463,205073791328.32547,0.042559645969126314,-110446132092.78853,61196578045.89753,62831.75903782809
967,0.0004835000000000001,-108406352832.55486,64599183877.5694,62832.59616839843,77792298424.02187,198566808039.29703,0.042731802679642765,-108407092847.64665,64598457239.17707,62831.938518758085
968,0.00048400000000000006,-106262638812.82503,67933418791.8713,62832.59580152499,84795877424.30302,192039595378.67322,0.04291864286387602,-106263456191.61937,67932723296.53291,62831.82087431193
969,0.00048450000000000007,-104016558215.16667,71196767972.24605,62832.58676535771,92173126899.80162,185491956788.1517,0.043120297760173426,-104017366518.70457,71196046730.56027,62831.72616835122
970,0.00048500000000000013,-101670433052.31819,74386117259.16302,62832.57634075032,99925848417.30612,178923923850.0995,0.043336957547675053,-101671267033.74579,74385387691.34052,62831.65260934464
971,0.00048550000000000015,-99226682131.38652,77498422113.13866,62832.570052689385,108056654890.13174,172335849988.07382,0.04356886840481823,-99227498574.23547,77497702544.33632,62831.71177064529
972,0.0004860000000000001,-96687922112.09138,80530567184.25906,62832.5237507261,116568864459.20251,165728513614.60715,0.043816329467080084,-96688698222.23438,80529916350.87334,62831.6319926463
973,0.0004865000000000001,-94056572800.38881,83479930950.242,62832.5302145962,125466377410.29996,159103236279.67914,0.044079689565095746,-94057442830.11694,83479222030.84677,62831.62968690834
974,0.0004870000000000001,-91335498935.42616,86343469707.56372,62832.51221820988,134753595595.91661,152461962829.92746,0.04435934390875678,-91336379397.6099,86342776567.89151,62831.66820740983
975,0.0004875000000000001,-88527502317.24684,89118452916.09706,62832.46683310596,144435253163.93088,145807419033.81815,0.04465573024510225,-88528318519.85632,89117857091.41344,62831.79748678426
976,0.00048800000000000004,-85635377520.73985,91802341475.04288,62832.42821141373,154516298104.05206,139143220849.00156,0.04496932469977391,-85636145177.58809,91801797308.38809,62831.7019186591
977,0.0004885000000000001,-82662068065.22316,94392595970.02695,62832.3982585951,165001750944.12848,132474000738.3206,0.04530063714390858,-82662835055.67818,94392140107.27666,62831.80011541837
978,0.0004890000000000001,-79610482189.89456,96886880992.6222,62832.42196289206,175896525584.2854,125805561856.68909,0.04565020585333307,-79611355180.7854,96886336740.72127,62831.755843141706
979,0.0004895000000000001,-76483973742.15588,99282587603.04767,62832.39852623623,187205248169.5306,119145026308.40347,0.04601859140240533,-76484886515.16473,99282112777.18837,62831.552336121415
980,0.0004900000000000001,-73285549823.33557,101577628832.47322,62832.39275072999,198931993257.2425,112501044678.174,0.04640636932983281,-73286506454.69063,101577216895.83807,62831.71393410742
981,0.0004905,-70018446171.0214,103769850866.25519,62832.40395213289,211080076535.37738,105883942823.59686,0.04681412180779676,-70019465036.6367,103769433598.0926,62831.67675669225
982,0.000491,-66686044082.35838,105857140303.06845,62832.40287025425,223651742605.12097,99305943469.97556,0.04724242772494745,-66687122382.03272,105856766076.29657,62831.72148787758
983,0.0004915000000000002,-63291673793.71608,107837587196.16159,62832.4018291491,236647817056.32318,92781396074.02704,0.04769185094590364,-63292791195.60919,107837234962.74712,62831.75497810941
984,0.0004920000000000001,-59838832182.6289,109709306659.53572,62832.37492355564,250067326515.87656,86327007425.35194,0.04816292652396733,-59839946810.383545,109708967830.34807,62831.591861145076
985,0.0004925000000000001,-56330787099.15292,111470722751.00192,62832.39257633509,263907035074.20883,79962110423.59293,0.04865614438009695,-56331986185.08024,111470297444.57558,62831.71742486388
986,0.0004930000000000001,-52771284777.82743,113120069735.88753,62832.3791717014,278160951709.6637,73708918281.34491,0.04917193024126446,-52772536521.01439,113119605258.11569,62831.67056754007
987,0.0004935000000000001,-49163834472.312454,114655896332.74614,62832.35679212797,292819690552.5072,67592852668.40246,0.04971062303730945,-49165024410.939735,114655446594.41429,62831.65329739556
988,0.0004940000000000001,-45511947222.62058,116076878790.67084,62832.35870833587,307869817701.5248,61642825659.6555,0.05027244865544486,-45513239350.067635,116076472990.83043,62831.708749354664
989,0.0004945,-41819435356.27298,117381654754.25392,62832.33405929244,323293081035.97003,55891551412.63562,0.05085748943835129,-41820740541.62643,117381282560.85025,62831.62724637841
990,0.0004950000000000001,-38089836391.819534,118569156085.39679,62832.33135112555,339065516293.83856,50375877365.53667,0.05146564882841861,-38091128260.790535,118568752989.65257,62831.47803186058
991,0.0004955000000000001,-34326893876.83822,119638329419.59036,62832.342849145854,355156503864.0979,45137065506.06853,0.052096610988557425,-34328292781.630257,119637961829.8186,62831.5116426371
992,0.0004960000000000001,-30534479364.004444,120588195039.34076,62832.33155744006,371527682143.42114,40221081873.82784,0.05274979484430564,-30535891900.430275,120587856206.8147,62831.309109951995
993,0.0004965000000000001,-26716302595.74475,121417988293.22502,62832.31831083441,388131775433.3531,35678833411.083206,0.05342430241371151,-26717692723.394524,121417691292.30577,62831.31832966491
994,0.000497,-22876129266.368248,122127042945.95528,62832.3123755867,404911363884.49146,31566321382.214077,0.05411886157438003,-22877553118.40594,122126813410.15114,62831.41225412574
995,0.0004975,-19017799571.60932,122714784596.3446,62832.30577736473,421797577123.61975,27944709690.167763,0.05483176355656272,-19019241912.14177,122714613324.78119,62831.60490946475
996,0.0004980000000000002,-15145123346.543903,123180781594.37666,62832.30375115338,438708765354.1587,24880257089.189323,0.055560796006132236,-15146589075.88678,123180671816.86539,62831.4299641988
997,0.0004985000000000001,-11261940030.441856,123524714051.27087,62832.30555592754,455549208700.5571,22444065957.547867,0.05630317309790317,-11263478741.989841,123524655025.78755,62831.38104942454
998,0.0004990000000000001,-7372098259.54998,123746383631.78107,62832.3095986259,472207922785.11615,20711604712.406,0.05705546490204341,-7373673238.851407,123746348617.23367,62831.45230189777
999,0.0004995,-3479467651.432771,123845681662.79245,62832.30845567461,488557659450.18994,19761945607.88397,0.05781352916973683,-3481076306.060854,123845668503.96536,62831.43111206182
1000,0.0005000000000000001,412125629.70654595,123822686342.97765,62832.30808200752,504454212940.0722,19676661421.674686,0.058572449789654084,410475709.9733849,123822715192.84058,62831.50135556756
1001,0.0005005000000000001,4298838370.664512,123677546606.14655,62832.306733324855,519736188020.9965,20538325427.599785,0.059326487364176055,4297170028.931789,123677656420.18866,62831.34702978044
1002,0.0005010000000000001,8176837633.992409,123410548810.54529,62832.303483948424,534225362230.60675,22428567864.542942,0.060069048560895184,8175122333.803574,123410735809.7859,62831.6868588352
1003,0.0005015000000000001,12042276003.056433,123022110125.13962,62832.29013295888,547727841460.7006,25425655388.22896,0.060792682000712604,12040591463.431393,123022333049.6682,62831.864264126976
1004,0.0005020000000000001,15891463407.413612,122512707586.02011,62832.29555784336,560036177752.8435,29601586317.299908,0.06148910922761195,15889699402.591465,122512974248.7584,62831.79070243611
1005,0.0005025000000000001,19720523490.63625,121883021961.45575,62832.29405627619,570932597856.4188,35018739686.59833,0.06214929945082131,19718729006.438454,121883300120.34694,62831.47008449842
1006,0.0005030000000000001,23525723475.736645,121133804714.19817,62832.29149007131,580193509593.5447,41726138571.93201,0.06276359624658917,23523866153.074177,121134144945.2296,62831.59437055794
1007,0.0005035,27303374653.208763,120265918122.22745,62832.29804755469,587595291773.3173,49755487816.89207,0.06332190241231099,27301474447.137657,120266353892.74243,62831.543820408115
1008,0.000504,31049717065.717236,119280378048.07817,62832.29656589995,592921357146.3798,59117177324.69854,0.06381392605073191,31047801738.554443,119280875526.08148,62831.71526819797
1009,0.0005045000000000002,34761146805.10746,118178270881.03683,62832.302145009126,595970326635.8813,69796508302.98239,0.06422948634746557,34759201879.90988,118178893914.87885,62831.68605116291
1010,0.0005050000000000001,38433981059.158104,116960842162.89973,62832.29842928838,596564962017.7826,81750486559.48656,0.06455887124581536,38432057263.914925,116961538401.05864,62831.55844528598
1011,0.0005055000000000001,42064553898.91531,115629467724.57559,62832.26205144137,594561428133.6278,94905495065.56972,0.0647932325936606,42062793883.74254,115630139228.86438,62831.74202596673
1012,0.000506,45649393484.36828,114185573382.20448,62832.20944970373,589858239166.8114,109156210269.33904,0.06492499709594511,45647865644.49451,114186224899.818,62831.860776473935
1013,0.0005065000000000001,49185276516.59343,112630585828.26213,62832.21167726426,582404155712.1508,124366069676.92184,0.06494826518501108,49183771799.92639,112631299055.7266,62831.799417573944
1014,0.0005070000000000001,52668613870.04262,110966232221.99457,62832.22632513079,572204297876.1589,140369474914.97495,0.06485916612262205,52667049899.29339,110967063867.93953,62831.75012710086
1015,0.0005075000000000001,56095801083.71722,109194406680.79993,62832.19029500197,559323908363.7179,156975680693.0794,0.06465613800237513,56094314060.65314,109195227812.7565,62831.796443374245
1016,0.0005080000000000001,59463827212.243286,107316814232.57123,62832.18837267815,543889116214.41815,173974361512.23224,0.06434010381180454,59462401937.41236,107317726530.78061,62831.67699826234
1017,0.0005085000000000001,62769338639.685036,105335478913.95267,62832.193388777545,526084353629.9168,191142617841.1133,0.0639145218269158,62767890687.12936,105336483072.92007,62831.57844445722
1018,0.0005090000000000001,66009045610.13058,103252540566.38219,62832.1767233181,506146723438.03094,208252729795.4352,0.06338530181670643,66007624994.19079,103253570909.94186,62831.568890396076
1019,0.0005095000000000001,69179660696.67914,101070301751.56706,62832.088993579375,484357458436.78485,225080289145.5446,0.06276058977510011,69178523250.83559,101071193246.84062,62831.53417000354
1020,0.00051,72278717480.09099,98790613946.62723,62832.100156967186,461031180158.5097,241412043084.84418,0.062050437456237825,72277559015.81427,98791573198.8456,62831.48858837584
1021,0.0005105000000000001,75302758026.5851,96416185739.02644,62832.068619046986,436503618887.84314,257053042251.151,0.06126638256579294,75301698314.74171,96417123193.47302,62831.39428610089
1022,0.0005110000000000002,78249082184.00188,93949319197.43971,62832.05306677834,411119257316.28503,271832160537.9612,0.06042097680300241,78248053819.97408,93950238791.90501,62831.399168748016
1023,0.0005115000000000001,81114897036.68318,91392523983.19537,62832.06206865247,385219111240.52814,285606320576.27356,0.05952729597200472,81113837780.7311,91393517215.11186,62831.29286686538
1024,0.0005120000000000001,83897171152.43169,88748700148.43591,62832.00164141898,359129933469.16486,298262823622.24774,0.058598468619818114,83896319287.9636,88749542032.19199,62831.44690800607
1025,0.0005125,86593557233.51227,86020284693.88919,62831.966843937385,333155291478.6822,309719950478.239,0.057647252752134795,86592791511.13162,86021095186.97446,62831.46984763849
1026,0.0005130000000000001,89201427876.80998,83210124249.25175,62831.93702675332,307568631810.97107,319926217522.0714,0.05668568039745001,89200751246.90929,83210905440.15344,62831.729534270205
1027,0.0005135000000000001,91718359728.0135,80321027571.65047,62831.92922987846,282608828879.17554,328858203702.63245,0.055724783694260295,91717759514.0282,80321801715.19313,62831.68332552622
1028,0.0005140000000000001,94141756967.61678,77356187528.68361,62831.86693762563,258477820612.28848,336517561186.58044,0.05477440513135231,94141346466.22227,77356724605.14252,62831.663731919456
1029,0.0005145000000000001,96469517849.23767,74318415752.63153,62831.81287808814,235340255938.80002,342927382902.1041,0.05384308864792955,96469227709.81836,74318771086.88155,62831.80193748298
1030,0.000515,98699607439.97314,71210579352.45204,62831.826553528066,213324594199.0516,348128436649.59753,0.05293804150855746,98699360285.3373,71211003422.09766,62831.85701112197
1031,0.0005155000000000001,100829713794.46855,68036106434.05383,62831.82492636764,192525499984.46454,352175312897.237,0.05206515536263278,100829473099.58768,68036535242.880005,62831.86201703144
1032,0.0005160000000000001,102857948059.04965,64798063715.07066,62831.84751568527,173007130505.55698,355132715128.97174,0.051229073299278394,102857652204.6682,64798611039.45991,62831.85396085024
1033,0.0005165,104782257932.40535,61499980810.8892,62831.82313753201,154806762902.93472,357072224752.44763,0.05043328857266128,104782025237.74873,61500482706.15157,62831.987036018174
1034,0.0005170000000000001,106600958794.29248,58145049753.51394,62831.78912882626,137938730968.55246,358069378842.2154,0.04968026372194379,106600860129.85051,58145470534.191216,62831.885335846084
1035,0.0005175000000000002,108312557653.35184,54736309797.36874,62831.83242981019,122398225541.66364,358201303448.89795,0.048971559213544076,108312413460.4037,54736854637.68446,62832.11595408317
1036,0.0005180000000000001,109915216835.39473,51277676362.62534,62831.82418582853,108164937267.85747,357544763841.4243,0.048307963832790124,109915123459.23349,51278174094.14135,62832.02579949453
1037,0.0005185000000000001,111407579311.57664,47772448112.15172,62831.81010010021,95206491136.7923,356174554110.1998,0.04768962139387318,111407534572.67331,47772795725.02935,62832.116467777145
1038,0.000519,112788373746.87784,44223963645.22034,62831.83338573916,83481359914.7381,354162419056.71533,0.0471161486896264,112788262971.23413,44224381906.18476,62832.20761617138
1039,0.0005195000000000001,114056229857.71358,40636090258.66745,62831.81460574915,72941462789.1905,351576234280.67773,0.046586742674233086,114056154927.37422,40636423677.61606,62832.12875726084
1040,0.0005200000000000002,115210112098.42897,37012216589.77633,62831.80345229832,63534402809.914566,348479439815.1387,0.04610027575740458,115210043761.30122,37012518568.28634,62832.10385782511
1041,0.0005205000000000001,116248927845.92332,33356220906.079758,62831.73634054395,55205257934.493256,344930774435.12885,0.045655378437813164,116248976859.79088,33356188818.207268,62831.91669387314
1042,0.0005210000000000001,117171996972.65862,29671073424.162693,62831.777416221696,47898100497.25126,340984125203.1162,0.04525051002403699,117172063917.29732,29671185376.36879,62831.818084243656
1043,0.0005215,117978342197.79323,25961068384.783688,62831.773296276406,41557138476.06062,336688588887.2981,0.04488401778916684,117978444441.59953,25961165924.879993,62831.803597931415
1044,0.0005220000000000001,118667382086.00577,22229610270.12014,62831.79339090355,36127708240.27957,332088526603.64026,0.044554186240060696,118667519466.11261,22229739570.01086,62831.799344768784
1045,0.0005225000000000001,119238540677.00554,18480518927.92958,62831.80995306783,31556929945.676918,327223802572.0652,0.04425927700405796,119238668757.67686,18480739269.676277,62831.69118748544
1046,0.000523,119691382320.92668,14717570034.273098,62831.80961303938,27794239759.497612,322130009054.4488,0.04399756089153411,119691560643.31767,14717827091.85382,62831.764384581475
1047,0.0005235000000000001,120025610603.47874,10944429381.490135,62831.80773448778,24791745287.094456,316838744102.622,0.04376734314386162,120025789802.94182,10944652325.848017,62831.764430449286
1048,0.0005240000000000002,120241028078.21422,7164878583.648314,62831.793020420984,22504456975.603973,311377904047.0597,0.04356698293628236,120241152134.68329,7165015081.946572,62831.72415804496
1049,0.0005245000000000001,120337570579.42271,3382549047.630204,62831.79090223309,20890425377.609188,305771975203.5124,0.04339490812535457,120337724555.35352,3382709390.878538,62831.64583675681
1050,0.0005250000000000001,120315274616.69734,-398822805.3806162,62831.80090257743,19910795298.074333,300042327381.92444,0.04324962605896174,120315409244.30699,-398609918.22277796,62831.62838781315
1051,0.0005255,120174292762.08298,-4175296754.6153708,62831.77172308485,19529803724.79596,294207494360.85297,0.04312973120599851,120174425685.81126,-4175117187.3532195,62831.91552049682
1052,0.0005260000000000001,119914905244.11429,-7943577138.188641,62831.80757715978,19714728522.641212,288283445258.7007,0.04303391021348111,119915039159.23318,-7943285444.434398,62831.97958544134
1053,0.0005265000000000002,119537499506.47679,-11699584486.540663,62831.81680791049,20435804978.764744,282283841085.0172,0.04296094491921026,119537609261.32094,-11699233294.214064,62832.088187246474
1054,0.0005270000000000001,119042598065.61287,-15439569788.13029,62831.78510324816,21666116878.49705,276220274714.2379,0.042909713764903164,119042695377.22708,-15439386418.704754,62832.13303440123
1055,0.0005275000000000001,118430826737.956,-19159972796.228226,62831.74025417712,23381469412.561234,270102498172.18234,0.04287919195256902,118430895627.1697,-19159995941.528576,62832.24148657504
1056,0.000528,117702870703.70757,-22857546137.207607,62831.78412311833,25560256974.42388,263938628868.4174,0.042868450667315566,117702956125.67065,-22857376865.989677,62832.16536454104
1057,0.0005285000000000001,116859616148.31705,-26528282985.32168,62831.818550651704,28183332337.822773,257735334394.34595,0.0428766556366234,116859721281.23608,-26528045302.57,62832.28441658392
1058,0.0005290000000000001,115902057290.56699,-30168463777.91193,62831.80990077383,31233849635.824726,251498023794.3703,0.042903065107335076,115902168253.18015,-30168316123.232788,62832.25512907672
1059,0.0005295000000000001,114831255185.83034,-33774662198.5152,62831.79190264132,34697123349.84849,245231012417.80847,0.04294702746081671,114831361695.44228,-33774631613.1413,62832.13804064834
1060,0.0005300000000000001,113648349269.97061,-37343547761.44876,62831.81494039908,38560496050.96936,238937668845.5568,0.043007978613830024,113648446902.91057,-37343451573.81994,62831.99447937562
1061,0.0005305000000000002,112354680368.56992,-40871442489.13451,62831.825516186465,42813207668.39677,232620552864.57623,0.043085439284230975,112354794569.29866,-40871296050.13714,62832.00855706033
1062,0.0005310000000000001,110951660180.59622,-44354902141.46635,62831.82042905575,47446250707.70733,226281560222.30667,0.04317901210252137,110951762011.67366,-44354812720.06564,62832.004873591126
1063,0.0005315000000000001,109440770817.14114,-47790632256.397156,62831.825012544,52452249383.912315,219922041964.432,0.04328837870809411,109440812658.09898,-47790576828.687645,62832.146673507894
1064,0.000532,107823579881.20189,-51175405909.23601,62831.87056013763,57825343474.83471,213542916875.98697,0.04341329686129637,107823686033.35976,-51175169675.71797,62832.050770263064
1065,0.0005325000000000001,106101933182.90553,-54505613352.34233,62831.86240096984,63561074394.5186,207144780319.1536,0.043553597578573154,106102039497.11137,-54505470503.50598,62832.00149835178
1066,0.0005330000000000002,104277521162.97792,-57778345495.72637,62831.892219433896,69656248749.43634,200728032011.77682,0.04370918217313008,104277617048.25818,-57778071129.92361,62831.963197125726
1067,0.0005335000000000001,102352348056.58008,-60990241873.56492,62831.90144209417,76108864799.00974,194292947185.53876,0.043880019483492363,102352489591.92618,-60989884879.21686,62832.02355553385
1068,0.0005340000000000001,100328375968.28333,-64138314629.20471,62831.92381972044,82917977774.93837,187839802784.5581,0.04406614297042889,100328565437.93918,-64137921201.44686,62831.91041830728
1069,0.0005345,98207777285.44725,-67219416676.08191,62831.92364927204,90083614541.21512,181368959491.38037,0.044267647894849556,98207987535.16313,-67219007603.57128,62831.90758651401
1070,0.0005350000000000001,95992759197.2462,-70230592802.5375,62831.90242684072,97606655219.63087,174880973832.66833,0.044484688384909876,95992984098.83846,-70230221935.24475,62831.945723451885
1071,0.0005355000000000001,93685488729.09053,-73169154500.13538,62831.92631099689,105488736832.91936,168376690675.7808,0.04471747446822723,93685748556.72636,-73168736345.83557,62831.924316943114
1072,0.0005360000000000001,91288463441.71559,-76032098832.74915,62831.93394433265,113732163482.09372,161857330412.8548,0.044966269065220624,91288746324.46162,-76031675157.4657,62831.791227684655
1073,0.0005365000000000001,88804128333.25783,-78816727133.97066,62831.938144712425,122339765146.29935,155324621480.17383,0.045231384654937604,88804436724.4587,-78816335713.46353,62831.80865343414
1074,0.0005370000000000002,86235060218.13603,-81520352181.2223,62831.92803593009,131314798399.76581,148780894169.50592,0.045513179785736456,86235372820.93855,-81519970206.24132,62831.77872135402
1075,0.0005375000000000001,83583899258.50583,-84140397204.40604,62831.9018482201,140660815156.30856,142229201446.13898,0.04581205523139415,83584185062.79614,-84140034155.71469,62831.68714655885
1076,0.0005380000000000001,80853315430.5137,-86674425212.26108,62831.87821512011,150381528359.28848,135673439605.19698,0.04612844973721082,80853555154.66936,-86674112468.39378,62831.691438245085
1077,0.0005385,78046009848.23857,-89120121582.64777,62831.891171631905,160480666947.10907,129118474560.23837,0.04646283525897824,78046367059.00401,-89119827018.05576,62831.57873932249
1078,0.0005390000000000001,75164988244.87027,-91475013103.84865,62831.878294415,170961812332.41058,122570279099.63467,0.04681571155550537,75165386112.12794,-91474849144.47183,62831.56424029687
1079,0.0005395000000000002,72213112573.21082,-93736952432.48648,62831.86739273847,181828181797.2046,116036108684.40076,0.04718759981805749,72213480843.95152,-93736864420.47482,62831.66018107025
1080,0.0005400000000000001,69193372955.72444,-95903817138.11133,62831.85967890293,193082437681.82208,109524644564.56332,0.04757903541879692,69193747610.34831,-95903756522.18546,62831.50833338245
1081,0.0005405000000000001,66108760969.352905,-97973631935.17409,62831.879134053335,204726434324.17056,103046178947.84645,0.047990559402595556,66109196633.21656,-97973522645.05972,62831.700292606125
1082,0.0005410000000000001,62962537814.16341,-99944342964.15923,62831.87164599221,216760943050.64258,96612803083.80476,0.04842270855211097,62962953111.91704,-99944238626.50328,62831.62992141019
1083,0.0005415000000000001,59757745902.12983,-101814228344.53699,62831.886384343525,229185306884.84824,90238635302.50356,0.048876003603155554,59758189372.866516,-101814072637.72574,62831.754886050505
1084,0.0005420000000000001,56497767745.79619,-103581443101.98012,62831.868371706616,241997099415.84793,83940021049.2785,0.04935093557030071,56498142887.81491,-103581312679.895,62831.657932848
1085,0.0005425000000000001,53185716208.74884,-105244484301.1123,62831.877042071465,255191670770.0463,77735798600.89389,0.04984794953170338,53186132680.01409,-105244325276.15456,62831.67118149204
1086,0.0005430000000000001,49825021317.9941,-106801757109.83875,62831.87611414788,268761694860.34308,71647527731.59903,0.050367425820638474,49825475851.782265,-106801608354.24849,62831.46452627233
1087,0.0005435000000000001,46419055596.983444,-108251849234.85591,62831.865992721105,282696589801.47186,65699780792.97655,0.05090965790711947,46419447249.40799,-108251708147.96683,62831.34981167605
1088,0.0005440000000000001,42971174554.79803,-109593488325.87694,62831.865798152765,296981902036.3606,59920411883.84399,0.05147482674327304,42971594895.7911,-109593340102.54314,62831.42332612706
1089,0.0005445000000000001,39484823977.19297,-110825474498.50417,62831.87622630512,311598606022.73267,54340835517.08277,0.05206297111210169,39485305669.30788,-110825318941.40593,62831.37886984792
1090,0.000545,35963554739.00545,-111946680642.76643,62831.87547923846,326522310499.3272,48996310542.9508,0.05267395351206985,35964065163.136955,-111946547826.53247,62831.32143348331
1091,0.0005455000000000002,32410871061.58116,-112956135790.32436,62831.86738337935,341722379467.09534,43926210709.37045,0.053307421210850005,32411391723.984394,-112956030426.71057,62831.408405179405
1092,0.0005460000000000002,28830243929.617382,-113853007883.20384,62831.874074788,357160983396.40607,39174259054.83036,0.053962762256660364,28830799988.42312,-113852918344.7342,62831.37344081749
1093,0.0005465000000000001,25225337157.147007,-114636491609.01851,62831.86450168468,372792072128.506,34788721192.530205,0.05463905630011157,25225858240.19854,-114636449702.51079,62831.26859738818
1094,0.0005470000000000001,21599694107.143414,-115305966068.64755,62831.852005347515,388560267940.922,30822543442.769943,0.055335020241083444,21600215859.910362,-115305911065.71407,62831.15685151813
1095,0.0005475000000000001,17956847526.406307,-115860935151.93843,62831.85730687757,404399743796.4478,27333381143.28833,0.05604894922297692,17957451410.722065,-115860841170.63792,62831.03598400858
1096,0.0005480000000000001,14300498378.997534,-116300937261.22343,62831.85349592495,420233085700.30286,24383508276.289623,0.056778653756401905,14301154375.680183,-116300834164.90236,62830.95651507055
1097,0.0005485,10634227758.024643,-116625693796.25993,62831.85351429141,435970182959.9969,22039566747.954758,0.057521394329769035,10634934085.899235,-116625593058.77016,62831.0009631007
1098,0.0005490000000000001,6961696624.246985,-116834990083.96133,62831.84740906321,451507245215.3724,20372096527.022495,0.05827381567705341,6962427866.396645,-116834914195.13837,62831.0953670237
1099,0.0005495000000000001,3286495563.589086,-116928794306.3694,62831.84779812673,466725988149.27203,19454815410.622383,0.05903188359628821,3287269247.649487,-116928788760.52905,62831.03472530804
1100,0.0005500000000000001,-387725862.5459342,-116907118619.88846,62831.847961357176,481493122197.9846,19363589607.367424,0.05979082825583159,-386880933.1474277,-116907159235.40236,62831.09961819682
1101,0.0005505000000000001,-4057325231.5790024,-116770141898.8916,62831.84327147876,495660229525.56854,20175052627.16782,0.06054509894663714,-4056407892.8222427,-116770197404.27106,62831.134751535326
1102,0.0005510000000000001,-7718722777.219093,-116518096370.65668,62831.8429185625,509064200662.1263,21964828447.69585,0.061288336335202975,-7717766875.875156,-116518119666.46062,62830.96867271539
1103,0.0005515,-11368319084.6552,-116151369043.80168,62831.848128170226,521528345199.97125,24805335831.21606,0.062013369200206066,-11367249827.797674,-116151471805.47575,62830.83936900948
1104,0.0005520000000000002,-15002467546.91645,-115670479557.39175,62831.84273417215,532864353703.22455,28763168020.715015,0.0627122433189408,-15001335560.530737,-115670605872.6335,62830.76814854866
1105,0.0005525000000000001,-18617676018.23441,-115076003088.06001,62831.84744289825,542875230439.3833,33896072984.09152,0.06337629036149971,-18616472230.144974,-115076143617.43471,62830.662064611504
1106,0.0005530000000000001,-22210261603.951237,-114368708518.4163,62831.82445090506,551359282050.4962,40249614645.40681,0.06399624397680201,-22209119936.612823,-114368864163.66699,62830.875381506194
1107,0.0005535000000000001,-25776853202.017853,-113549370766.8054,62831.814343883474,558115250375.2063,47853611228.809204,0.06456240886896357,-25775650868.307167,-113549557178.49,62830.86374913956
1108,0.0005540000000000001,-29313938633.733482,-112618934096.86833,62831.8107432459,562948479273.6747,56718566916.810936,0.06506488552249645,-29312698676.690144,-112619169457.35553,62830.83997352786
1109,0.0005545000000000001,-32818071451.22748,-111578438837.9178,62831.81627952103,565678048984.1152,66832275782.854385,0.06549384959113017,-32816737389.03523,-111578704789.25706,62830.865338994074
1110,0.0005550000000000002,-36285960012.64755,-110428980001.587,62831.86651633733,566144558155.528,78156904017.73097,0.06583987944528022,-36284392892.98764,-110429392075.97563,62830.9103943837
1111,0.0005555000000000001,-39713890005.41713,-109171956524.97255,62831.868397245875,564218158278.2225,90626850974.29395,0.06609431930663819,-39712287068.5915,-109172376169.0788,62830.79516596395
1112,0.0005560000000000001,-43098557464.301,-107808731441.85132,62831.830602762624,559806415631.2974,104147612460.99397,0.06624965984601526,-43097066224.70378,-107809174911.21738,62830.72891874646
1113,0.0005565000000000001,-46436853316.90404,-106340692388.21152,62831.803738818686,552861233754.009,118596045463.35733,0.06629991136123364,-46435444672.96126,-106341177452.75145,62830.769809842786
1114,0.0005570000000000001,-49725663360.74578,-104769335968.62538,62831.823904495126,543384318523.7089,133822121980.30008,0.06624094174788445,-49724132550.40075,-104769965713.68546,62830.65017568417
1115,0.0005575,-52961685015.25461,-103096380274.72679,62831.85898627583,531430621363.84863,149652218046.4375,0.0660707506625939,-52959975373.581406,-103097097201.78564,62830.756343784684
1116,0.000558,-56141460865.005615,-101323785999.45619,62831.81473736871,517109318143.8417,165893844819.2387,0.0657896538549182,-56139912187.53379,-101324522168.04845,62830.84174428041
1117,0.0005585000000000002,-59262317748.54225,-99453188321.24815,62831.806724204405,500582036592.081,182341614478.01285,0.0654003574656466,-59260811804.07839,-99453934485.079,62830.904680629355
1118,0.0005590000000000001,-62320960070.90201,-97486726519.01434,62831.75117811456,482058143577.7861,198784224091.2327,0.06490790988017703,-62319665591.1272,-97487431752.77473,62830.98870467696
1119,0.0005595000000000001,-65314710168.07498,-95426275457.88658,62831.72771889034,461787757881.0934,215011618349.71503,0.06431953325754974,-65313462885.33283,-95426993638.86868,62830.98559283802
1120,0.0005600000000000001,-68240641913.8736,-93273998635.73628,62831.72302629474,440052529330.56714,230822229141.043,0.06364434458886291,-68239390494.307274,-93274772790.54697,62830.78224426234
1121,0.0005605000000000001,-71095908390.60374,-91032147761.93652,62831.72596959746,417155241016.53625,246029448768.607,0.06289298945002932,-71094710899.88678,-91032946197.9143,62830.800415018384
1122,0.0005610000000000001,-73877641369.66922,-88703148583.18115,62831.69464591803,393408805326.20026,260467108060.57974,0.062077217120620025,-73876564278.38216,-88703926243.82388,62830.922331538415
1123,0.0005615000000000002,-76583555246.63199,-86289072733.34933,62831.749399625514,369125513255.65137,273993583843.32132,0.061209429913683014,-76582265661.38664,-86290052135.9538,62830.889294016044
1124,0.0005620000000000001,-79210504321.71216,-83792902471.92519,62831.70728257952,344607087974.995,286494506766.6373,0.060302237981316675,-79209310170.85312,-83793796376.10364,62830.95583739159
1125,0.0005625000000000001,-81756517109.93968,-81216701419.99603,62831.74346389497,320136506092.4155,297883675659.685,0.05936805010813741,-81755247114.54926,-81217730363.89224,62831.18337350395
1126,0.0005630000000000001,-84218840972.85803,-78563423837.35188,62831.74606128027,295971219594.0393,308102953312.3042,0.058418718866975555,-84217610089.40932,-78564506580.87404,62831.17322271935
1127,0.0005635000000000001,-86594997422.57413,-75835962256.67055,62831.659839825086,272338745610.2178,317120598106.3519,0.05746525719022268,-86594040718.28963,-75836808565.50853,62831.217003693164
1128,0.000564,-88883146839.82294,-73036649284.76007,62831.629025786286,249433971734.98807,324928888816.4135,0.05651763055778371,-88882289286.33125,-73037399318.55562,62831.46473732905
1129,0.0005645000000000001,-91081022468.98268,-70168439284.59233,62831.61578159108,227418143145.85205,331541192875.6525,0.05558462345380687,-91080237314.1671,-70169245737.00673,62831.509111646265
1130,0.0005650000000000002,-93186544378.73401,-67234251180.99984,62831.61570699055,206419558793.4095,336988488002.01276,0.05467377545711629,-93185780686.23314,-67235091629.81329,62831.56254921143
1131,0.0005655000000000001,-95197815989.01593,-64236937360.61246,62831.6615423125,186535308155.4338,341315913637.39655,0.05379137607530681,-95196968969.09401,-64238007234.176285,62831.60456332691
1132,0.0005660000000000001,-97112728850.65178,-61179858508.875084,62831.65720657126,167833848674.37076,344579424068.2206,0.05294250665012658,-97111889126.51143,-61180961204.44354,62831.44217660251
1133,0.0005665000000000001,-98929730867.83365,-58065757923.39691,62831.700170465105,150358192394.0194,346842619395.07587,0.05213111774570918,-98928851942.29115,-58067051490.53743,62831.53414771287
1134,0.0005670000000000001,-100647009620.25642,-54897972790.28228,62831.733461798525,134129206541.58098,348174060912.7372,0.05136012960695586,-100646121000.17114,-54899420522.60679,62831.39172528991
1135,0.0005675000000000001,-102262882338.6236,-51679895175.8754,62831.70323755789,119149125293.16599,348644824935.5989,0.05063154682882598,-102262042049.89638,-51681276692.58624,62831.24246111321
1136,0.0005680000000000001,-103775985702.14648,-48414577150.56093,62831.66068270909,105404868735.61067,348326539207.2729,0.04994657844906342,-103775241239.34874,-48415870472.822815,62831.09695591374
1137,0.0005685000000000001,-105185049231.44276,-45105074094.67905,62831.6635610504,92871101935.52278,347289841060.3174,0.04930575693884948,-105184293289.66713,-45106492199.49785,62831.080372667755
1138,0.0005690000000000001,-106488688255.43204,-41754932519.670204,62831.65045401954,81513042098.52547,345603152578.7524,0.048709051813719595,-106487928289.69287,-41756368854.8861,62831.030799109896
1139,0.0005695000000000001,-107685764657.01381,-38367450576.48676,62831.63579197387,71288966828.79126,343331744507.9697,0.04815597499207224,-107685026426.43752,-38368877560.101326,62831.258471911824
1140,0.0005700000000000001,-108775336325.9043,-34945678550.26862,62831.703900322995,62152312878.82728,340537138613.13684,0.047645675687731766,-108774544708.81468,-34947391788.55411,62831.31257061731
1141,0.0005705,-109756158117.45818,-31493863880.386116,62831.643497412115,54053453967.82952,337276725406.9645,0.04717702414062892,-109755483715.94348,-31495386071.283646,62831.21246158662
1142,0.0005710000000000001,-110627617970.69138,-28014805420.036194,62831.618746252345,46941247599.40295,333603490920.0135,0.04674868457806898,-110627012803.33383,-28016251838.843422,62831.125299358435
1143,0.0005715000000000002,-111388960239.52872,-24511998245.656895,62831.62066646541,40764143319.0367,329566039475.72064,0.04635917692303212,-111388407349.31335,-24513487188.80359,62831.18550214145
1144,0.0005720000000000001,-112039482026.0031,-20989237713.13101,62831.57138333636,35471175849.04498,325208597402.5051,0.046006928837653414,-112038987813.8056,-20990533528.26596,62831.021698575096
1145,0.0005725000000000001,-112578785560.8225,-17449503147.652733,62831.600216983265,31012705444.523403,320571136708.8126,0.04569031880858956,-112578279786.41183,-17450922824.7514,62831.21226080123
1146,0.000573,-113006362224.37225,-13896784472.619806,62831.587561169035,27340938902.71203,315689592482.539,0.045407711104442756,-113005910050.35724,-13898195701.094324,62831.30875914651
1147,0.0005735000000000001,-113321948988.77773,-10334483371.863344,62831.56345557594,24410361624.328495,310596056842.76807,0.04515748401218257,-113321543331.81912,-10335803409.947273,62831.36018345119
1148,0.0005740000000000001,-113525379408.22615,-6766001124.096574,62831.558807774134,22177989242.19912,305319051193.477,0.044938052022854315,-113525014229.3969,-6767325182.207923,62831.17207347981
1149,0.0005745000000000001,-113616546250.68385,-3195293576.0957456,62831.4671813038,20603542783.04481,299883785356.8957,0.04474788303577286,-113616262102.16524,-3196259131.2247295,62831.2675183549
1150,0.0005750000000000001,-113595547734.30412,374863213.3251495,62831.476039676985,19649545814.427742,294312416547.15295,0.04458551142442168,-113595299453.74991,373911392.47879124,62831.380207116184
1151,0.0005755000000000001,-113462493882.79807,3940475531.5558543,62831.46642623015,19281342084.42901,288624322478.93475,0.044449547593863874,-113462266031.03072,3939580031.6682377,62831.342468672185
1152,0.0005760000000000001,-113217650094.50201,7498086815.259518,62831.45256451968,19467087312.21713,282836341320.46106,0.04433868480640714,-113217397449.99324,7497242684.152416,62831.271791575185
1153,0.0005765000000000001,-112861386509.45067,11044222978.016008,62831.441234109225,20177685568.256702,276963021107.4502,0.044251703699321465,-112861170193.34448,11043398249.101517,62831.284091616566
1154,0.000577,-112394185316.76082,14575355759.80907,62831.421468515626,21386706069.856323,271016848315.3237,0.04418747499864786,-112393943677.46521,14574697608.28098,62831.39154965448
1155,0.0005775000000000001,-111816623704.33707,18088144381.150307,62831.425766309796,23070279410.59634,265008464021.91257,0.04414496080361706,-111816417503.83612,18087452593.40237,62831.14996472451
1156,0.0005780000000000002,-111129409190.05586,21579008508.000816,62831.41885638286,25206984163.551483,258946863431.7726,0.04412321477157865,-111129246693.49554,21578346937.77324,62831.10380887461
1157,0.0005785000000000001,-110333332058.01872,25044630733.855198,62831.42748339257,27777718929.949253,252839587114.56696,0.0441213814323896,-110333218202.72792,25043923627.634655,62831.38774504167
1158,0.0005790000000000001,-109429286643.74052,28481672328.605705,62831.46566821193,30765578244.75245,246692892256.65897,0.04413869487842915,-109429264972.96443,28480780000.255657,62831.39044344342
1159,0.0005795,-108418330547.44646,31886554202.471092,62831.474018113346,34155723317.74226,240511914696.1605,0.0441744769807563,-108418347307.36229,31885600643.41447,62831.32831483005
1160,0.0005800000000000001,-107301561869.32986,35256075989.35603,62831.48559948627,37935244092.70614,234300827802.93277,0.04422813522003268,-107301676739.53566,35255081385.93882,62831.37817684643
1161,0.0005805000000000002,-106080249461.6991,38586798686.425385,62831.45715205644,42093042187.88873,228062974452.84064,0.0442991603254683,-106080382352.609,38585919697.91221,62831.3434052697
1162,0.0005810000000000001,-104755630762.75282,41875786744.67996,62831.47456387274,46619697244.882744,221801007160.44516,0.0443871237063332,-104755803375.50867,41874868789.93361,62831.338031733896
1163,0.0005815000000000001,-103329176105.90872,45119676041.638405,62831.490853873336,51507366281.56197,215516994050.4819,0.04449167487602128,-103329413294.49794,45118716279.92955,62831.37668469407
1164,0.000582,-101802521454.87737,48315040563.75011,62831.42454531614,56749648427.73414,209212552216.56882,0.04461253872305669,-101802719518.72554,48314330910.513054,62831.32533649434
1165,0.0005825000000000001,-100177062965.15988,51459369144.18068,62831.4481726783,62341463178.84817,202888966138.0561,0.0447495127064211,-100177356309.98184,51458594554.408936,62831.38016917545
1166,0.0005830000000000001,-98454664499.62715,54549237526.65135,62831.44877526026,68278988091.05297,196547251641.86823,0.04490246426142841,-98455002869.41818,54548442542.192825,62831.4194582574
1167,0.0005835,-96637097703.26518,57581753221.03157,62831.45460097777,74559501542.04881,190188304000.14084,0.04507132793750799,-96637493689.87209,57580905871.61098,62831.19300610474
1168,0.0005840000000000001,-94726293575.60869,60553934583.23028,62831.44820991876,81181303966.78937,183812974561.72134,0.04525610264220417,-94726689107.53917,60553086806.71657,62831.14930099254
1169,0.0005845000000000002,-92724200766.1644,63463000992.6399,62831.45587031826,88143606148.77211,177422176918.03564,0.045456848803822364,-92724649000.43027,63462144259.658,62831.20217264569
1170,0.0005850000000000001,-90632924667.20177,66306105945.45636,62831.46201692365,95446436169.11502,171016976133.49615,0.045673685520318294,-90633474330.4458,66305241719.56068,62831.01953019848
1171,0.0005855000000000001,-88454685982.95158,69080438714.20186,62831.43888359395,103090526802.04927,164598695293.0306,0.045906787567526475,-88455249109.92819,69079627327.81274,62830.89143913811
1172,0.000586,-86191650916.2501,71783473730.18544,62831.43114560288,111077205713.04893,158169018844.40262,0.0461563822508807,-86192285523.60693,71782699055.15271,62831.03266660176
1173,0.0005865000000000001,-83846087408.66516,74412700268.39125,62831.46620911001,119408302491.64955,151730080356.71643,0.04642274615175421,-83846835987.20856,74411838266.67616,62831.04053522002
1174,0.0005870000000000002,-81420598122.62303,76965346220.4021,62831.45017194405,128086029241.02376,145284572906.8317,0.046706201597558485,-81421312900.09866,76964509568.98766,62831.26616213924
1175,0.0005875000000000001,-78917475140.37628,79439232033.72908,62831.47451258404,137112824589.50955,138835889251.2991,0.04700711263393269,-78918256823.24564,79438369549.13974,62831.15751880621
1176,0.0005880000000000001,-76339424253.68813,81831825805.79901,62831.47148610745,146491265207.78577,132388199318.19173,0.04732588080610004,-76340240019.7638,81831016194.96841,62831.03259102325
1177,0.0005885,-73688989863.51782,84140961676.02411,62831.47968074481,156223876129.80222,125946613412.55254,0.04766294018397529,-73689890726.44223,84140065172.3677,62831.078240846626
1178,0.0005890000000000001,-70968899703.85358,86364423159.82721,62831.485902330205,166312992964.23605,119517293576.7978,0.04801875185767449,-70969887893.60721,86363527401.26562,62831.10575261588
1179,0.0005895000000000001,-68181984524.65005,88500053193.34908,62831.46376898417,176760563113.5521,113107611606.588,0.048393797536716854,-68182921836.44728,88499261207.35834,62831.11376294577
1180,0.0005900000000000001,-65330930643.08084,90545980757.76892,62831.470222205644,187567932858.7231,106726309395.05692,0.048788572129858473,-65331976323.54031,90545155468.69063,62831.18162704653
1181,0.0005905000000000001,-62418683014.11066,92500230459.01054,62831.48058133815,198735633435.97437,100383648621.1197,0.04920357524506323,-62419767168.05541,92499465076.55928,62831.13309892406
1182,0.0005910000000000002,-59448253360.75171,94360924196.5396,62831.46926366487,210263089423.92502,94091612722.46991,0.04963930114148951,-59449322679.98182,94360199896.2397,62831.03034677805
1183,0.0005915000000000001,-56422608961.81576,96126364239.07472,62831.449065906876,222148311340.9425,87864103042.47397,0.05009622699176255,-56423648005.71056,96125687622.78978,62830.99883212326
1184,0.0005920000000000001,-53344681161.60606,97795004331.72949,62831.46248609146,234387556662.31198,81717139535.04713,0.050574799223346026,-53345832860.87404,97794271567.08386,62831.06478404822
1185,0.0005925,-50217731634.57768,99365187353.00406,62831.449254729254,246974940271.80753,75669077590.14713,0.05107541760427722,-50218902937.70531,99364495632.51529,62831.12857997864
1186,0.0005930000000000001,-47044803348.96407,100835548628.75499,62831.44521717019,259901954534.62442,69740866929.14256,0.05159841653218341,-47045984146.38303,100834883597.68279,62831.12448803796
1187,0.0005935000000000002,-43829103962.80452,102204734535.16151,62831.441481153684,273156984760.99268,63956275320.5991,0.052144043447350616,-43830250855.30489,102204121730.67586,62831.19020311137
1188,0.0005940000000000001,-40573774151.18097,103471556770.05367,62831.46511532437,286724721981.0381,58342151157.92434,0.05271243377714936,-40575049376.72955,103470858625.22629,62831.08067216146
1189,0.0005945000000000001,-37282248589.84319,104634778285.3829,62831.455996192715,300585529185.08484,52928670344.26622,0.05330358214154236,-37283528141.02677,104634182648.38977,62831.12220653814
1190,0.0005950000000000002,-33957708840.97114,105693435610.47029,62831.45107877684,314714704655.94147,47749602239.3981,0.05391730928982191,-33958975591.906612,105692856431.89297,62830.87447343777
1191,0.0005955000000000001,-30603447990.065163,106646615780.45862,62831.45812021339,329081722820.50653,42842523793.42816,0.05455322470628578,-30604816037.969826,106646046864.80711,62830.55130439625
1192,0.0005960000000000001,-27222809099.766827,107493497071.11519,62831.476616654756,343649373921.19995,38249032430.89366,0.05521068448501751,-27224336730.721554,107492991627.51291,62830.4286965234
1193,0.0005965000000000001,-23819242574.53153,108233323336.56136,62831.47932409915,358372849383.20886,34014910403.246994,0.05588874442782666,-23820878553.19215,108232854311.58165,62830.49925999493
1194,0.0005970000000000001,-20396068685.84504,108865521066.8456,62831.48706581468,373198776952.70123,30190226809.08252,0.056586108487241736,-20397714551.85849,108865094477.00363,62830.52506371503
1195,0.0005975000000000002,-16956737351.791424,109389564911.47995,62831.48409534181,388064249144.2102,26829340112.032513,0.05730107306519279,-16958434042.003757,109389222583.71165,62830.461069591314
1196,0.0005980000000000001,-13504600488.95591,109805094403.21286,62831.489431173504,402895837607.20197,23990794641.387005,0.05803146790844084,-13506336399.376034,109804791480.84471,62830.46803588506
1197,0.0005985000000000001,-10043138517.03924,110111787994.61934,62831.484268478416,417608674372.0334,21737055759.819637,0.058774595008574376,-10044942746.448553,110111557336.63164,62830.42551055584
1198,0.000599,-6575732103.044733,110309497396.40529,62831.483007178744,432105620995.81696,20134061283.904167,0.059527167431648265,-6577612469.14343,110309221531.64047,62830.233268385855
1199,0.0005995000000000002,-3105820598.699899,110398140749.78882,62831.48186906719,446276634545.60004,19250533944.664215,0.06028525086718841,-3107813186.8147063,110397942394.72032,62830.28890721822
1200,0.0006000000000000002,363173743.989401,110377762813.43735,62831.4822455472,459998384337.354,19157022777.01821,0.061044211474807424,361152958.2960239,110377593739.75516,62830.38659518646
1201,0.0006005000000000001,3827830378.4772706,110248504255.74406,62831.48428118045,473134245487.4379,19924627008.205177,0.06179867459029575,3825731643.3506913,110248340091.0909,62830.219268694294
1202,0.0006010000000000001,7284732960.173043,110010620494.89088,62831.48714993576,485534772888.375,21623370851.50899,0.0625424997722851,7282558579.682268,110010501577.13646,62830.291130861115
1203,0.0006015000000000001,10730431168.47501,109664493316.03459,62831.477164680524,497038785565.62463,24320207394.178925,0.06326877850271875,10728211762.440845,109664404818.43701,62830.451098664766
1204,0.0006020000000000001,14161645877.443062,109210538396.74504,62831.48458636629,507475184313.5807,28076648366.14641,0.06396986143935192,14159281626.51305,109210487924.99284,62830.512150459625
1205,0.0006025000000000001,17574923827.203316,108649363322.86794,62831.48555420015,516665591848.707,32946054365.732803,0.06463742217468456,17572523945.23174,108649423645.59415,62830.52789280183
1206,0.0006030000000000001,20966924703.81187,107981642226.04576,62831.48196386206,524427940607.36816,38970629430.930885,0.06526256407947555,20964560695.0815,107981776645.0001,62830.57236092496
1207,0.0006035000000000001,24334351570.748825,107208147038.75305,62831.48100115845,530580990484.12305,46178242764.58398,0.06583597526071354,24331956586.67824,107208349275.3076,62830.66728897846
1208,0.0006040000000000002,27673879408.190163,106329774413.23953,62831.473868291476,534949764314.5339,54579219982.49768,0.06634813430551134,27671488495.85518,106330056556.88255,62830.698497180674
1209,0.0006045000000000001,30982222035.29953,105347522721.24327,62831.453854767766,537371778813.3227,64163295229.58943,0.06678956599507298,30979871759.83165,105347814986.43561,62830.84179336575
1210,0.0006050000000000001,34256276722.28986,104262428870.75565,62831.456983821234,537703831867.34174,74896967096.75902,0.06715114154604107,34253856196.99342,104262809255.17972,62830.62924688503
1211,0.0006055,37492805495.63774,103075696974.96579,62831.469799893435,535828998081.5592,86721528681.61772,0.067424412539162,37490286418.15928,103076146777.80544,62830.51746023685
1212,0.0006060000000000002,40688617851.80541,101788631338.84885,62831.480677545485,531663457181.20374,99551984434.55978,0.06760196263051838,40686034943.54345,101789195562.72737,62830.41259800387
1213,0.0006065000000000002,43840641244.27119,100402600063.86797,62831.49951359651,525162604813.6977,113277121750.91049,0.06767775584619763,43837975696.48264,100403360378.14697,62830.37280459573
1214,0.0006070000000000001,46945657695.8451,98919168353.21219,62831.47966485748,516325925433.162,127760896181.02376,0.06764745679401131,46943050055.658844,98920012652.17984,62830.35734927019
1215,0.0006075000000000001,50000851340.18494,97339812781.75674,62831.478141934116,505200185524.8801,142845152614.41208,0.06750869731198471,49998273710.83566,97340809474.57146,62830.2236715873
1216,0.0006080000000000001,53003081461.41316,95666308283.54607,62831.439970922765,491880427691.19385,158353736540.914,0.0672612647523681,53000635469.71554,95667319738.86761,62830.27184895951
1217,0.0006085000000000001,55949650580.03509,93900295320.94186,62831.426303686065,476508722550.4044,174097640618.8854,0.06690719351166136,55947190657.32765,93901441400.17598,62830.156378107924
1218,0.0006090000000000002,58837531870.518906,92043740102.0176,62831.38102493083,459270404846.26666,189881095336.49683,0.06645074704756618,58835205387.55268,92044895080.56384,62830.17419271518
1219,0.0006095000000000001,61664261404.72188,90098358847.01997,62831.402758536606,440388230375.0206,205507981431.43878,0.06589828928746885,61661796029.56343,90099658734.59799,62830.26138350199
1220,0.0006100000000000001,64426700262.03453,88066470457.3537,62831.35998782283,420114553434.24646,220788382593.08398,0.06525805207295407,64424359229.93105,88067805755.06302,62830.257818547354
1221,0.0006105000000000001,67122231582.28717,85950178835.80276,62831.261120595846,398722468716.84076,235544484368.02612,0.0645398178870095,67120155595.341446,85951367098.12857,62830.41947783018
1222,0.0006110000000000001,69748694303.80156,83751329070.83072,62831.242872429895,376496115573.68396,249615845140.96228,0.06375454045558801,69746717761.22833,83752583984.89796,62830.297920841345
1223,0.0006115000000000001,72303330610.20108,81472374116.67215,62831.22619105778,353721034441.0492,262863534532.06403,0.06291393192078415,72301392371.45676,81473713451.5488,62830.35493486322
1224,0.000612,74783686586.52864,79115669412.65411,62831.20557420859,330675405063.29205,275172774154.96967,0.06203004753836092,74781848306.02992,79117113356.17596,62830.42782953298
1225,0.0006125000000000002,77187245658.72696,76683790954.97337,62831.12568486892,307622272951.03906,286454394651.37854,0.06111489297889095,77185613980.16507,76685109163.12605,62830.55174641091
1226,0.0006130000000000002,79512056106.58609,74178894549.14687,62831.10316178227,284803352633.88837,296644944099.83014,0.06018007634878287,79510528238.5931,74180255767.31781,62830.53474715586
1227,0.0006135000000000001,81755704952.49472,71603747154.96794,62831.06338734412,262434379476.7196,305705794538.5648,0.059236518909522105,81754301769.70885,71605059685.56517,62830.46228669893
1228,0.0006140000000000001,83916153818.92299,68960879777.83641,62831.0366254265,240702368973.40833,313621153392.8554,0.05829423417090427,83914842496.60312,68962177852.15176,62830.324621807486
1229,0.0006145000000000001,85991267167.96964,66253099903.955795,62830.983894179415,219764285678.1996,320395590775.3324,0.05736217551356423,85990036804.274,66254350338.12284,62830.16216157622
1230,0.0006150000000000001,87979260075.99849,63482942936.93958,62830.97103012684,199747183396.42474,326051078818.62506,0.056448149359471525,87978073255.02602,63484197020.87094,62829.96604328743
1231,0.0006155000000000002,89877919951.71591,60653704755.588974,62830.84957496228,180749367872.35434,330623946721.4089,0.05555878565862175,89876953992.07649,60654590927.29321,62830.09331671446
1232,0.0006160000000000001,91686149548.82286,57767263820.31877,62830.911908565475,162842549217.39136,334161711095.31384,0.054699556984123335,91685057756.52977,57768454583.62221,62830.176353355935
1233,0.0006165000000000001,93401579277.03767,54827556510.93955,62830.85389426528,146074250054.78043,336720357967.79517,0.05387483335771153,93400639340.50186,54828610168.86322,62830.07071005994
1234,0.0006170000000000001,95022985816.11273,51836985729.25821,62830.83985272358,130471006680.33398,338361447496.0118,0.053087965616428465,95022134410.58606,51838073266.83339,62830.100325022555
1235,0.0006175000000000001,96548722057.29657,48798824442.32079,62830.7942696626,116041206941.1752,339150002366.7318,0.0523413843214077,96547980156.65416,48799800988.93464,62830.15846297058
1236,0.0006180000000000001,97977418666.83458,45716097898.99577,62830.72627225049,102778197007.25592,339152451425.97,0.05163670829996524,97976800508.92963,45716869401.894806,62830.1833873244
1237,0.0006185,99307875469.39883,42591701088.93314,62830.68998701473,90663092471.8815,338435060316.54803,0.05097485527363854,99307352884.10127,42592359291.02373,62830.12343337425
1238,0.0006190000000000002,100538823891.54007,39428901152.40213,62830.64746189372,79667379038.39735,337062672195.14435,0.05035614980992468,100538418114.59569,39429482398.1038,62829.84035826397
1239,0.0006195000000000002,101669208154.71939,36230752575.96409,62830.62781301502,69755277172.92418,335097711642.12366,0.04978042536070006,101668853546.35423,36231285718.49806,62829.813590139696
1240,0.0006200000000000001,102698038719.08485,33000396553.114532,62830.6442214533,60885757466.506516,332599504109.5872,0.04924711778940458,102697690657.5253,33001032660.390224,62829.777631255616
1241,0.0006205000000000001,103624333874.96054,29741279346.85896,62830.63782225678,53014286423.76279,329623794438.39594,0.04875534932865204,103624064813.74593,29741967289.55403,62829.634114706925
1242,0.0006210000000000001,104447352893.91508,26456482886.53175,62830.652254209796,46094297068.22938,326222444810.27136,0.048304002542152676,104447121868.99342,26457259172.542553,62829.45230608543
1243,0.0006215000000000001,105166408515.84496,23149221359.182106,62830.70118572514,40078359605.20622,322443320265.7435,0.047891784158633155,105166130393.84637,23150292195.171944,62829.327207408845
1244,0.0006220000000000002,105780822778.66293,19823128150.47695,62830.69579102611,34919151415.75483,318330259398.7249,0.04751727948332908,105780567921.47989,19824213993.1534,62829.35588307508
1245,0.0006225000000000001,106290198904.60538,16481135627.612549,62830.73189759689,30570226519.83868,313923130594.9755,0.04717899814047638,106289977790.24413,16482498631.115828,62829.35752146205
1246,0.0006230000000000001,106694065858.59616,13127032575.592943,62830.68823025766,26986567311.74682,309257994211.3264,0.046875411772514655,106693912737.798,13128281997.823547,62829.29379183136
1247,0.0006235000000000001,106992223149.76799,9763762663.462204,62830.662877862684,24125042486.749752,304367256643.02057,0.04660498494869558,106992065312.80777,9764984821.592804,62829.40751748112
1248,0.0006240000000000001,107184494737.12468,6394621504.401945,62830.66391846709,21944688990.83019,299279906424.96954,0.04636619988132258,107184333990.67918,6395952963.130646,62829.30652853657
1249,0.0006245000000000001,107270785576.45305,3023206919.177457,62830.62272443371,20406931022.590828,294021729811.0617,0.04615757605080223,107270664151.91599,3024490399.3231688,62829.3753128993
1250,0.0006250000000000001,107251153022.98141,-347308279.2592452,62830.57971961593,19475705866.42498,288615545915.56036,0.04597768546690071,107251097482.5798,-346133228.25630176,62829.15697391937
1251,0.0006255000000000002,107125739555.56609,-3713703196.1487384,62830.56150642149,19117515848.12924,283081452260.587,0.04582516423072613,107125695280.55107,-3712554927.027008,62829.10638331908
1252,0.0006260000000000001,106894789513.19775,-7072333807.640016,62830.48295819308,19301439399.48517,277437056040.4939,0.04569872109179923,106894763138.07509,-7071446274.61099,62829.061798335235
1253,0.0006265000000000001,106558650151.18842,-10420329768.863962,62830.45754758073,19999098059.27563,271697702003.45102,0.045597143524908214,106558652811.51025,-10419505437.926071,62829.28372580589
1254,0.0006270000000000001,106117749167.43973,-13754476154.19875,62830.50529875135,21184597897.371838,265876688579.45126,0.045519301806293905,106117725318.98387,-13753389171.14717,62829.29693984919
1255,0.0006275000000000001,105572685810.80632,-17070886715.475382,62830.463674402345,22834450069.692905,259985470403.8905,0.04546415150070259,105572685894.8977,-17069867509.400085,62829.237250776474
1256,0.0006280000000000001,104924084362.8523,-20366757124.84182,62830.45212899178,24927459879.96968,254033863550.403,0.04543073461006527,104924110672.70605,-20365704565.388992,62829.390889144735
1257,0.0006285000000000002,104172712361.88104,-23638749831.03852,62830.44120110182,27444632767.052868,248030215861.36868,0.045418179786959896,104172789164.51485,-23637690531.416546,62829.27206094265
1258,0.0006290000000000001,103319427842.552,-26883669722.759087,62830.432416051626,30369052962.5905,241981582766.20358,0.045425701742264166,103319558658.7237,-26882574568.822243,62829.55760391653
1259,0.0006295000000000001,102365203433.93776,-30098285466.48931,62830.40880056042,33685767571.69922,235893884632.16028,0.04545260007081233,102365372914.13486,-30097221236.126873,62829.45515476562
1260,0.0006300000000000001,101311080677.13034,-33279538962.413235,62830.392239409484,37381665736.469765,229772056903.5077,0.04549825762382598,101311319383.11232,-33278466806.959667,62829.575074798246
1261,0.0006305000000000001,100158197419.30379,-36424378248.52817,62830.39669326431,41445365304.38599,223620184467.99765,0.045562138578588145,100158498180.51936,-36423285461.662796,62829.57712947876
1262,0.000631,98907813299.47089,-39529694116.26971,62830.40859151488,45867096825.7361,217441631219.45193,0.045643786273895086,98908147847.4056,-39528547171.6381,62829.56557885812
1263,0.0006315000000000001,97561326676.23192,-42592317120.565346,62830.383429489935,50638586030.10651,211239165386.5169,0.04574282086077689,97561724024.83093,-42591253458.36947,62829.39220334002
1264,0.0006320000000000002,96120173875.31544,-45609313800.29143,62830.33184161807,55752936594.195114,205015080239.68475,0.04585893680742664,96120584446.61092,-45608387486.6261,62829.29403425132
1265,0.0006325000000000001,94585762940.86134,-48578063435.095604,62830.34590346603,61204529944.97338,198771296372.65427,0.04599190036425361,94586311669.67516,-48577061972.52454,62829.377117101576
1266,0.0006330000000000001,92959870813.6886,-51495311591.66301,62830.30889482082,66988936336.55258,192509451906.89944,0.04614154705138768,92960381902.8422,-51494381205.08127,62829.383129505484
1267,0.0006335000000000001,91244132734.44681,-54358421358.6621,62830.2768565196,73102773170.77603,186231038104.5314,0.04630777890113165,91244630860.43214,-54357553367.53022,62829.25792069496
1268,0.0006340000000000001,89440345764.96214,-57164625086.16773,62830.2482549821,79543634494.21136,179937469760.04678,0.04649056180853448,89440885121.33191,-57163846324.95103,62829.1754155334
1269,0.0006345000000000002,87550355266.41064,-59911278160.78986,62830.24266234901,86309979790.20512,173630191632.60455,0.046689922764045294,87550946882.66156,-59910516907.52438,62829.036280795066
1270,0.0006350000000000001,85576108835.97772,-62595751286.34016,62830.2652557179,93401037417.99945,167310770928.335,0.046905947023438914,85576799551.76237,-62594887206.30449,62829.10008933819
1271,0.0006355000000000001,83519768466.46976,-65215275117.15363,62830.25053012825,100816699278.76962,160980996980.928,0.04713877514525434,83520488221.14476,-65214474888.37509,62828.81994752741
1272,0.0006360000000000001,81383333939.4902,-67767533812.60296,62830.26567294309,108557398458.24863,154642994924.15085,0.04738859978171249,81384116321.90897,-67766637961.101585,62828.75420749601
1273,0.0006365000000000001,79169087541.75966,-70249961812.76662,62830.266737647835,116624030095.00372,148299299768.76266,0.04765566241648706,79169931282.7141,-70249077568.2643,62828.49635482552
1274,0.0006370000000000001,76879306857.57254,-72660192550.982,62830.253777379985,125017809923.50801,141952984590.43353,0.04794024969054457,76880174431.37381,-72659369694.3811,62828.69314737091
1275,0.0006375,74516331390.15256,-74995945203.04742,62830.231340304184,133740160643.244,135607761241.30457,0.04824268942821215,74517241447.95189,-74995152812.43153,62828.62237404496
1276,0.0006380000000000001,72082493576.15475,-77255097472.34143,62830.23706527862,142792579412.177,129268094916.10814,0.048563346225289024,72083474933.73573,-77254289942.4563,62828.7458230931
1277,0.0006385000000000002,69580387633.4531,-79435379062.08606,62830.220069350966,152176500373.37585,122939319126.13518,0.04890261653175864,69581463777.87328,-79434590536.25595,62828.749694351856
1278,0.0006390000000000001,67012523908.64792,-81534775500.59158,62830.19797916281,161893110020.66946,116627786392.81543,0.04926092293588107,67013615249.55037,-81534004367.15958,62828.80250298317
1279,0.0006395000000000001,64381427098.35652,-83551389647.01404,62830.20559325712,171943184402.3463,110340992375.83344,0.04963870772024077,64382573098.51456,-83550563135.2525,62828.902948676674
1280,0.00064,61689742315.893364,-85483336010.82407,62830.24939829935,182326892018.0127,104087721546.46687,0.050036425453768074,61691149003.7692,-85482337618.24199,62828.83589836115
1281,0.0006405000000000001,58940429170.39244,-87328595203.78836,62830.23503555132,193043558858.46326,97878214377.13425,0.05045453436225436,58941901370.77248,-87327589505.19632,62828.83474890623
1282,0.0006410000000000002,56136162733.98496,-89085550024.4499,62830.20693085948,204091383686.30542,91724362349.8484,0.050893486154051995,56137611275.95068,-89084642716.29167,62828.80604148675
1283,0.0006415000000000001,53279750247.36679,-90752590492.45164,62830.174615946584,215467184029.24945,85639859513.69536,0.05135371440646651,53281183293.00257,-90751789813.56598,62828.58621354652
1284,0.0006420000000000001,50373921940.24745,-92328281984.89073,62830.19250370737,227166057730.34763,79640406120.36018,0.05183562098791465,50375523352.924706,-92327501369.0194,62828.64473110578
1285,0.0006425000000000001,47421799563.81411,-93811024357.26117,62830.185553088835,239181022633.28082,73743905839.39928,0.05233956033238592,47423469330.98844,-93810342103.32918,62828.44617161551
1286,0.0006430000000000001,44426257804.57382,-95199527825.63007,62830.187755305,251502562027.05963,67970711001.33967,0.05286582099310792,44428000437.3591,-95198887850.88255,62828.33254013259
1287,0.0006435000000000001,41390335896.452065,-96492507258.31186,62830.186644185866,264118181844.9842,62343822720.153915,0.053414604483482044,41392173186.36027,-96491888328.46716,62828.47286580792
1288,0.0006440000000000001,38317060619.683334,-97688806306.75136,62830.18752309833,277011870948.7995,56889129670.596115,0.05398600083009583,38318984215.79618,-97688235040.94493,62828.47491127625
1289,0.0006445000000000001,35209499281.34608,-98787359437.58354,62830.19286094669,290163519891.95636,51635632328.650475,0.05457996058740484,35211524432.24612,-98786818840.82,62828.37786311337
1290,0.0006450000000000002,32070797243.5627,-99787172748.71472,62830.18899357526,303548274487.7525,46615664331.801735,0.055196262965923185,32072849545.04271,-99786667994.4027,62828.39092390427
1291,0.0006455000000000001,28904060349.256954,-100687389053.01097,62830.18522031371,317135827401.21356,41865099457.534744,0.055834479794426115,28906215677.93976,-100686940841.32773,62828.41207113469
1292,0.0006460000000000001,25712422642.12785,-101487245697.96465,62830.188867822384,330889664671.54877,37423523364.27949,0.0564939351931448,25714710090.533493,-101486829787.53966,62828.331684146055
1293,0.0006465,22499137950.289265,-102186030053.84149,62830.174801932924,344766259162.5411,33334367341.370262,0.0571736608903551,22501465935.68567,-102185670697.0599,62828.17532795753
1294,0.0006470000000000001,19267258362.08588,-102783241666.35045,62830.189853053496,358714224179.58575,29644984105.974045,0.05787234732574397,19269741802.803055,-102782900724.35098,62828.19193006212
1295,0.0006475000000000002,16020138945.988634,-103278332011.51071,62830.18629406609,372673478809.77783,26406625876.27904,0.058588291093842795,16022726441.245623,-103278094070.63573,62828.143682770184
1296,0.0006480000000000001,12760930043.668848,-103670968403.2295,62830.18744164854,386574390819.1593,23674333337.401936,0.05931933938807609,12763669996.615643,-103670807420.86256,62828.071527288856
1297,0.0006485000000000001,9492889214.416183,-103960863573.03343,62830.184135550815,400337014233.42346,21506663071.344696,0.06006283289291649,9495718751.911093,-103960784180.2314,62828.009547360896
1298,0.0006490000000000002,6219241680.313325,-104147851510.63237,62830.17939258638,413870407928.4998,19965252693.067265,0.06081554890182405,6222150187.025299,-104147869443.48053,62827.97781863764
1299,0.0006495000000000001,2943205634.101162,-104231887438.49078,62830.179196934914,427072134418.1988,19114170378.266518,0.06157364725428286,2946290496.7803626,-104231960761.07808,62828.05854875799
1300,0.0006500000000000001,-331970738.3966928,-104212995972.38036,62830.17907948878,439828003683.77423,19019018381.95497,0.06233262241274411,-328728741.6184412,-104213175405.41628,62828.087677213356
1301,0.0006505000000000001,-3603056042.9740515,-104091310710.97069,62830.178603069246,452012144661.35034,19745754713.44825,0.06308726584052575,-3599728651.196417,-104091605245.99457,62828.0614598129
1302,0.0006510000000000001,-6866822650.465277,-103867073236.0019,62830.176308035254,463487514287.8997,21359204084.4413,0.06383164366833083,-6863366341.012656,-103867477126.59528,62828.18844730638
1303,0.0006515000000000002,-10120074474.691505,-103540613664.13393,62830.17666753824,474106942562.93066,23921241991.977802,0.06455909534779587,-10116564932.35127,-103541194036.48668,62828.20528688698
1304,0.0006520000000000001,-13359601887.315699,-103112378276.59694,62830.17620376585,483714812201.19556,27488652760.028004,0.06526225947149666,-13356020108.815628,-103113123157.75746,62828.088347748606
1305,0.0006525000000000001,-16582233688.580496,-102582902678.18932,62830.177579561765,492149469292.325,32110683931.136127,0.06593313304837904,-16578522448.985792,-102583822985.33302,62827.98327035937
1306,0.000653,-19784829939.686386,-101952817548.06332,62830.1866839841,499246419742.0614,37826354019.97075,0.06656317002707914,-19781045474.319866,-101953866235.2917,62827.838999477404
1307,0.0006535000000000001,-22964143049.64946,-101222903175.34753,62830.17090351098,504842338013.94727,44661603853.579384,0.06714342363731328,-22960299095.879528,-101224085516.62126,62827.773308553486
1308,0.0006540000000000002,-26117195357.941082,-100393944719.31886,62830.16919038306,508779865922.10486,52626411384.67727,0.06766473509347243,-26113276055.845608,-100395283342.87573,62827.828029262935
1309,0.0006545000000000001,-29240842863.348694,-99466897893.55681,62830.16281568704,510913043523.29675,61712073379.93462,0.06811796781852801,-29236858089.54292,-99468367864.39789,62827.791636945956
1310,0.0006550000000000001,-32332200792.30887,-98442718725.86494,62830.200303351485,511113251824.38464,71888804162.34204,0.06849428284768425,-32327981532.127033,-98444454226.39418,62827.732122592846
1311,0.0006555000000000002,-35387864721.942566,-97322700171.3414,62830.16489243771,509275304297.71387,83103933819.01225,0.0687854459119863,-35383757264.86515,-97324540848.63184,62827.76213203735
1312,0.0006560000000000001,-38405334741.67442,-96107844779.98944,62830.1984348757,505323463371.8574,95280819590.13959,0.06898415289968557,-38401025936.14333,-96109897176.04831,62827.77102873139
1313,0.0006565000000000001,-41381368811.43353,-94799599946.63094,62830.20817867687,499216694991.6328,108318890491.1582,0.06908435392451799,-41377039590.813156,-94801800291.15524,62827.79806382868
1314,0.0006570000000000001,-44313209192.49874,-93399298898.18692,62830.23378844506,490953095764.0621,122094654983.8816,0.06908155595199729,-44308714068.33267,-93401770092.84975,62827.94014193024
1315,0.0006575000000000001,-47197869420.98676,-91908507949.33215,62830.23092054129,480572719445.9313,136464043657.68456,0.0689730796982024,-47193346371.563324,-91911140267.98608,62827.7756366235
1316,0.0006580000000000002,-50032425299.13867,-90328893806.1649,62830.157550643504,468158708154.194,151265839601.93497,0.06875824962078847,-50028180698.5858,-90331583421.68842,62827.6611206347
1317,0.0006585000000000001,-52814415509.66969,-88661961100.36682,62830.09942769487,453836378054.3359,166326174331.2949,0.06843849844727858,-52810316910.457634,-88664740854.273,62827.6169186116
1318,0.0006590000000000001,-55541064251.210236,-86909513131.83162,62830.027507602776,437770165501.6594,181463878439.06238,0.0680173736249351,-55537211439.8307,-86912292508.747,62827.52728364657
1319,0.0006595,-58209904119.632385,-85073266231.35297,62829.99287738442,420158766271.49146,196496176173.79865,0.0675004429126516,-58206149212.3964,-85076167160.39223,62827.51217706898
1320,0.0006600000000000002,-60818152207.932816,-83155281841.07133,62829.925311212595,401228537825.4831,211244558510.4573,0.0668951032126412,-60814568743.88864,-83158196801.19519,62827.44219683386
1321,0.0006605000000000002,-63363546035.16157,-81157362012.80269,62829.90441966288,381225831108.88257,225540249998.5422,0.06621030710067068,-63360010962.80969,-81160437473.96289,62827.46193360993
1322,0.0006610000000000001,-65843591241.903725,-79081597910.38216,62829.913372628085,360408519476.90405,239229166415.55896,0.06545622607096785,-65839965685.79257,-79084867754.64026,62827.3434468144
1323,0.0006615000000000001,-68255590544.47447,-76930413450.19376,62829.83946047615,339037592869.8445,252175809951.01846,0.06464387647440456,-68252176294.20034,-76933716690.9991,62827.356932820345
1324,0.0006620000000000002,-70597448154.05057,-74705856215.2936,62829.75147669408,317369213898.6484,264266054444.39572,0.06378473425581817,-70594290100.04028,-74709064881.15208,62827.27407853601
1325,0.0006625000000000001,-72867182741.57494,-72409956328.34773,62829.73982359376,295647518541.8063,275408894993.07635,0.06289036187038952,-72864110146.73886,-72413335489.0751,62827.51502867963
1326,0.0006630000000000001,-75062410700.06938,-70045271104.7082,62829.723761476715,274098747346.74664,285536948450.46246,0.06197206918941124,-75059399585.08922,-70048783664.96408,62827.324717043484
1327,0.0006635000000000001,-77180750231.4273,-67614564276.448166,62829.58513029259,252926910491.0831,294605813326.6219,0.061040624756332026,-77178168341.37868,-67617861089.02531,62827.27097702553
1328,0.0006640000000000001,-79220715965.03433,-65119743717.81294,62829.52111603713,232310846327.31958,302592645542.6195,0.06010602608856318,-79218328559.54932,-65123007864.139565,62827.23253378251
1329,0.0006645000000000002,-81180260300.40887,-62563465903.16044,62829.48613386268,212402505802.1017,309494247207.1217,0.059177331251554645,-81177956321.22235,-62566774334.551735,62827.1986084784
1330,0.0006650000000000001,-83057496390.95163,-59948370314.8144,62829.46301692852,193326796645.63495,315324436553.4652,0.058262552616807586,-83055291542.32945,-59951804134.53477,62827.37830516271
1331,0.0006655000000000001,-84850599048.30453,-57277197157.795944,62829.42242400298,175182327313.64224,320111333216.9316,0.05736860612844346,-84848565596.01555,-57280650135.58807,62827.370762965256
1332,0.000666,-86557853540.90874,-54552724412.87484,62829.34215883673,158042983029.72327,323894574504.9001,0.05650130826691893,-86556074934.17627,-54556050882.84514,62827.489628958814
1333,0.0006665000000000002,-88177691237.65901,-51777700538.14238,62829.22516626137,141960067619.97928,326722634337.8107,0.055665411350591214,-88176228193.06406,-51780767951.41684,62827.2146233129
1334,0.0006670000000000002,-89708837488.18642,-48954549305.94736,62829.18146199845,126964796783.0849,328650345648.0357,0.05486466760621773,-89707543669.10756,-48957645915.16266,62827.23764340185
1335,0.0006675000000000001,-91149689619.68019,-46086429061.17294,62829.11574732846,113070935586.37378,329736712096.55865,0.054101912861583244,-91148540849.43723,-46089419350.89683,62827.20560842227
1336,0.0006680000000000001,-92499017960.15341,-43176057321.84471,62829.0752263677,100277573658.26141,330042910853.6138,0.05337916273787976,-92497951230.46924,-43179009865.645615,62827.283024089076
1337,0.0006685000000000001,-93755478805.42355,-40226595644.91668,62828.99138238731,88571667105.31902,329630739580.1649,0.05269771375153455,-93754647519.28531,-40229309414.29414,62827.08298357037
1338,0.0006690000000000001,-94918052040.80637,-37240766495.347115,62828.93001287915,77930496182.35214,328561279289.1872,0.05205824478575497,-94917342993.49757,-37243339125.1937,62826.72543140356
1339,0.0006695000000000002,-95985636266.77113,-34221700473.0954,62828.851074842576,68323814136.085686,326893917778.053,0.05146091453067458,-95985042284.77043,-34224114770.8075,62826.72253264232
1340,0.0006700000000000001,-96957346152.1675,-31172263998.99681,62828.79563583865,59715817127.85289,324685554542.1322,0.05090545275057225,-96956883555.40874,-31174573166.26848,62826.7614935058
1341,0.0006705000000000001,-97832296141.22714,-28095592125.845474,62828.73812307158,52066798860.96051,321990077744.79254,0.0503912433682324,-97831950566.32108,-28097740492.85854,62826.7841114751
1342,0.0006710000000000002,-98609751467.0286,-24994693468.903282,62828.69389260312,45334588994.661064,318857989313.0288,0.049917398782775,-98609524056.81767,-24996812981.783524,62826.81105043444
1343,0.0006715000000000001,-99289054168.99463,-21872648414.298946,62828.66415467165,39475725742.16406,315336208222.1472,0.049482825017422016,-99288888276.09514,-21874770017.878403,62827.01925271957
1344,0.0006720000000000001,-99869613230.59589,-18732692641.567554,62828.61382515066,34446423868.23069,311467982737.47076,0.049086277998460735,-99869556439.16776,-18734712337.839035,62826.954126301265
1345,0.0006725,-100351010410.3707,-15577764515.646574,62828.59062808364,30203349702.464348,307292897142.3423,0.048726411475924554,-100351066716.01848,-15579774656.581099,62827.09018656442
1346,0.0006730000000000002,-100732835288.73743,-12411249823.901611,62828.526660099684,26704211428.800335,302846965861.7799,0.04840181718109766,-100733008882.5826,-12413124053.101181,62827.10236592078
1347,0.0006735000000000002,-101014898622.49202,-9235820013.79751,62828.54486944542,23908230545.785835,298162754953.6535,0.0481110581651766,-101015137826.89745,-9237802844.952156,62827.26134077566
1348,0.0006740000000000001,-101196960155.64182,-6055119245.245229,62828.51213439186,21776460423.386593,293269571243.774,0.047852695940193,-101197269724.1914,-6057030441.614055,62827.19605847076
1349,0.0006745000000000001,-101278992869.93797,-2871987561.7920203,62828.5091751693,20272043221.734962,288193635861.4942,0.04762531246586266,-101279392515.55461,-2873950669.661308,62827.05248941154
1350,0.0006750000000000001,-101261009644.62056,310129588.84362835,62828.45571740236,19360345981.727238,282958310382.5052,0.04742752749652906,-101261484175.06511,308293268.5428407,62826.946004045734
1351,0.0006755000000000001,-101143161822.01817,3488293474.1898055,62828.40502277963,19009054823.83473,277584303374.61206,0.04725801214071881,-101143637792.8189,3486601562.583789,62827.07831319671
1352,0.0006760000000000002,-100925677409.12186,6659467094.761689,62828.382034734175,19188203619.379395,272089890887.0061,0.04711549917072617,-100926207101.97794,6657800864.400832,62826.90943515978
1353,0.0006765000000000001,-100608876375.52132,9820524696.446186,62828.385213103975,19870170186.04347,266491123671.70496,0.04699879068744777,-100609452432.37495,9818834527.744743,62827.04680027251
1354,0.0006770000000000001,-100193199910.53337,12968077621.543371,62828.338217410776,21029637777.871986,260802030534.26727,0.04690676359803856,-100193820358.61726,12966498069.407688,62826.976960337845
1355,0.0006775000000000002,-99679156482.3864,16099321508.47139,62828.31876843256,22643527211.094498,255034817853.89832,0.04683837328662326,-99679763319.4739,16097762191.719412,62826.99157502272
1356,0.0006780000000000001,-99067370509.06102,19211091741.450775,62828.300976282175,24690922635.656067,249200050167.0137,0.04679265587661197,-99068011988.23947,19209554356.26983,62827.0211046942
1357,0.0006785000000000001,-98358562509.45354,22300310978.491158,62828.27648990718,27152975405.469494,243306828027.71158,0.046768729331185074,-98359251379.766,22298808341.00388,62827.11037436343
1358,0.0006790000000000001,-97553535933.82758,25364004407.60288,62828.25841634541,30012803384.502934,237362952707.47485,0.04676579364885464,-97554218739.69885,25362565237.569668,62826.87894297644
1359,0.0006795000000000002,-96653151999.07185,28399354446.47422,62828.29699122398,33255387303.03712,231375078854.31512,0.04678313036306262,-96653913276.93105,28397767560.936176,62826.89245900468
1360,0.0006800000000000002,-95658485431.13716,31403039628.967854,62828.28910804027,36867468223.92628,225348854252.62622,0.04682010152514716,-95659325622.30428,31401434614.21987,62826.74109954478
1361,0.0006805000000000001,-94570607145.02707,34372247946.50821,62828.267559178326,40837419989.16442,219289071981.66223,0.04687614817795513,-94571491420.44417,34370616623.12377,62826.53828186992
1362,0.0006810000000000001,-93390691173.99792,37304122836.29801,62828.24184611321,45155155152.02324,213199785019.92856,0.04695078859139878,-93391625591.31584,37302499885.31298,62826.588268888016
1363,0.0006815000000000001,-92119972402.28317,40195914326.13098,62828.24199679582,49812015961.07277,207084428036.41083,0.04704361625468434,-92120968552.71053,40194235590.77597,62826.6831511329
1364,0.0006820000000000001,-90759822278.49136,43044759559.57735,62828.25145788359,54800672953.51693,200945927591.4805,0.047154297714375196,-90760922597.03505,43042996837.10241,62826.855716514954
1365,0.0006825000000000002,-89311753468.60425,45847733089.11654,62828.21892820182,60115014381.28807,194786816773.71002,0.04728257024357134,-89312836807.23529,45846080691.26567,62826.73707103944
1366,0.0006830000000000001,-87777270666.8001,48602206589.468094,62828.169838155205,65750036853.40696,188609345661.8767,0.04742823936810623,-87778390058.15245,48600690937.2166,62826.68511089429
1367,0.0006835000000000001,-86157897097.88718,51305707657.564285,62828.1652389976,71701757989.99103,182415569877.03558,0.047591176370625106,-86159010655.21385,51304161353.06633,62826.73698256111
1368,0.0006840000000000001,-84455407890.51573,53955451746.198105,62828.14826485089,77967125767.44475,176207440743.7781,0.047771315750825605,-84456577744.98218,53953912500.50251,62826.71188843088
1369,0.0006845000000000001,-82671580873.87439,56548889454.63232,62828.119325408625,84543896583.2981,169986921952.21573,0.047968652469618143,-82672731349.54338,56547388175.06288,62826.612626380345
1370,0.0006850000000000001,-80808170926.7149,59083692035.809586,62828.13525437373,91430545980.13838,163756075492.5528,0.04818323913534314,-80809459051.85939,59082104764.1765,62826.74275870618
1371,0.0006855000000000001,-78867261936.00133,61557169246.128815,62828.10677483122,98626180357.34122,157517145981.53625,0.048415183115221465,-78868592209.33565,61555630794.89551,62826.67034653598
1372,0.0006860000000000002,-76850764262.26842,63967106995.55466,62828.08826470983,106130400402.54893,151272686601.199,0.04866464329347752,-76852132067.52689,63965598396.50519,62826.70275117003
1373,0.0006865000000000002,-74760677572.67546,66311297727.00486,62828.11649906633,113943224304.55734,145025630012.65634,0.04893182676798594,-74762204471.95969,66309729942.13295,62826.7065734656
1374,0.0006870000000000001,-72599347450.93587,68587232167.35946,62828.08980090158,122064970956.9739,138779393660.6707,0.049216985238438524,-72600884405.45354,68585734125.466606,62826.67868045263
1375,0.0006875000000000001,-70368831292.22832,70792954064.56499,62828.08772463023,130496104389.42708,132538016278.99928,0.04952041084731497,-70370473483.69339,70791471812.04141,62826.55798304159
1376,0.0006880000000000001,-68071503025.13489,72926252319.64621,62828.06495140269,139237145691.04086,126306231337.1481,0.04984243180142992,-68073175182.5877,72924800554.87207,62826.861967859404
1377,0.0006885000000000002,-65709642600.86896,74985181091.47122,62828.051494704116,148288499468.09384,120089612193.25362,0.05018340727000128,-65711366198.04565,74983778258.30548,62826.81135839848
1378,0.0006890000000000002,-63285675837.38757,76967769297.12961,62828.03711408154,157650314775.6764,113894681046.26024,0.0505437217057005,-63287413844.64397,76966443550.23373,62826.80335665046
1379,0.0006895000000000001,-60802083505.61317,78872132119.51952,62828.014318273075,167322300361.23306,107729051301.3297,0.05092377829208617,-60803795541.070305,78870852612.63843,62826.7944365731
1380,0.0006900000000000001,-58261321622.58654,80696539859.01988,62828.00943347552,177303530354.5275,101601569316.9616,0.05132399141616685,-58263052841.025764,80695285776.66331,62826.90083117053
1381,0.0006905000000000001,-55666090333.57004,82439169957.5352,62827.96978092956,187592234933.22287,95522458720.22394,0.05174477802909824,-55667785674.996284,82438023589.12825,62827.146596095874
1382,0.0006910000000000001,-53018892720.4122,84098505534.81396,62827.94511554451,198185534686.05646,89503499805.50397,0.05218654752757986,-53020603457.618866,84097424509.98785,62827.17181425168
1383,0.0006915000000000001,-50322395560.9816,85673003539.88289,62827.93589289485,209079191824.96582,83558178646.26927,0.05264969018839562,-50324152304.02629,85671988039.5837,62827.04543807765
1384,0.0006920000000000001,-47579430042.12712,87161120935.67963,62827.89787146052,220267287640.82477,77701880257.856,0.05313456368161527,-47581110258.230865,87160236523.0978,62827.177596443486
1385,0.0006925000000000002,-44792546022.48377,88561640886.39665,62827.91060379871,231741862853.7542,71952089162.80905,0.053641477394748824,-44794355692.72994,88560764419.26588,62827.200744598966
1386,0.0006930000000000001,-41964745023.00027,89873136127.75023,62827.89712182204,243492559811.77066,66328562191.7403,0.05417067451240169,-41966574893.80086,89872358287.89124,62827.31437134549
1387,0.0006935000000000001,-39098823556.64742,91094447729.36205,62827.87359381118,255506146980.95416,60853566082.94586,0.054722311140675384,-39100617385.111336,91093790460.5845,62827.398797514936
1388,0.0006940000000000001,-36197546718.58982,92224539313.17078,62827.878044809455,267766059829.08884,55552064139.62808,0.0552964325223294,-36199350128.50152,92223955650.01952,62827.27717504654
1389,0.0006945000000000001,-33263931762.61436,93262329174.72293,62827.86887696764,280251872989.3771,50451916933.76142,0.05589294592780241,-33265706466.75833,93261782577.28854,62827.23238020628
1390,0.0006950000000000002,-30300820354.98565,94206951036.0634,62827.8776811496,292938697196.6374,45584092582.63393,0.05651158981322209,-30302630528.470215,94206453653.89223,62827.20584992313
1391,0.0006955000000000002,-27311253028.367622,95057532578.53618,62827.875060605526,305796565636.1034,40982830689.43488,0.05715189922878578,-27313034687.053074,95057142431.56645,62827.3947243424
1392,0.0006960000000000001,-24298167206.267323,95813366448.56693,62827.87584247979,318789743850.03906,36685801944.868286,0.057813167175188966,-24299955204.689617,95813019683.12592,62827.501714317485
1393,0.0006965000000000001,-21264560988.347206,96473815954.29337,62827.880312148154,331876029682.75214,32734207311.300526,0.05849440204744645,-21266414520.798138,96473536151.04004,62827.472856968896
1394,0.0006970000000000001,-18213462752.523285,97038332666.87971,62827.88429040731,345006017018.16547,29172828407.74042,0.059194281292818514,-18215369529.31344,97038094953.47362,62827.31255937234
1395,0.0006975000000000001,-15147946158.879177,97506446859.34448,62827.87344955425,358122359458.22156,26049996503.90205,0.05991110176177319,-15149853071.457668,97506288327.19946,62827.56411902412
1396,0.000698,-12070981762.769705,97877846304.34052,62827.87142347001,371159056906.8176,23417458596.24096,0.060642727558485716,-12072984719.243755,97877750152.9137,62827.46772665112
1397,0.0006985000000000001,-8985644961.57521,98152259616.1324,62827.869096313516,384040812544.5117,21330109529.82378,0.061386536663120425,-8987697308.782001,98152257427.24536,62827.67304795187
1398,0.0006990000000000002,-5894989099.870538,98329525724.48717,62827.866456793614,396682477745.8036,19845571727.08637,0.062139368035918824,-5897036900.704898,98329573773.92331,62827.65622172735
1399,0.0006995000000000001,-2802062842.456813,98409587281.38268,62827.86566625187,408988667140.6694,19023579326.175564,0.06289747162243245,-2804128808.309436,98409724993.1706,62827.74794735484
1400,0.0007000000000000001,290075298.1337475,98392484859.77835,62827.86535841332,420853599001.4872,18925140784.41947,0.06365646432793486,287972989.9719111,98392741227.17671,62827.83837344017
1401,0.0007005000000000001,3378378858.147185,98278328839.32187,62827.86601852779,432161237492.24243,19611449873.360996,0.06441129576954022,3376258289.611828,98278707598.5663,62827.794168620414
1402,0.0007010000000000001,6459783266.591608,98067364037.49133,62827.861192770775,442785817441.64105,21142521363.618366,0.06515622833583161,6457732585.792191,98067765108.63898,62827.7756249507
1403,0.0007015000000000002,9531286961.546745,97759888425.66948,62827.85982437135,452592850742.4762,23575537703.74889,0.06588483670787305,9529236532.227839,97760375176.79828,62827.598665776524
1404,0.0007020000000000001,12589850577.660429,97356328036.49821,62827.85577873113,461440678521.0834,26962910457.541893,0.06659003239032624,12587795539.527563,97356893337.02548,62827.26792207848
1405,0.0007025000000000001,15632466310.288769,96857193505.23691,62827.84743306683,469182663690.03284,31350075595.185772,0.0672641188957672,15630454556.03601,96857824668.24742,62827.28886751218
1406,0.0007030000000000002,18656197614.576767,96263068572.42458,62827.84893578468,475670056946.8812,36773074132.55565,0.06789888276717433,18654196257.454597,96263776466.37192,62827.47021743986
1407,0.0007035000000000001,21658045910.37817,95574662807.53645,62827.84897915825,480755552934.4477,43255999969.41723,0.06848572451573881,21656046795.898327,95575453102.69348,62827.32629495403
1408,0.0007040000000000001,24635014852.992325,94792788807.14642,62827.82922796036,484297517262.9627,50808417794.4387,0.06901583178498194,24633139892.04436,94793626298.38818,62827.48961298389
1409,0.0007045000000000002,27584338647.122364,93918268210.6399,62827.8331855347,486164774893.4627,59422904550.63472,0.0694803943016855,27582506854.6784,93919190756.88818,62827.44723604764
1410,0.0007050000000000001,30503060719.225857,92952100204.31133,62827.836770864764,486241771839.4925,69072907715.83333,0.06987085653435775,30501266124.212307,92953114071.81952,62827.533099908534
1411,0.0007055000000000002,33388151546.234097,91895430782.67488,62827.78263766231,484433939478.31323,79711060096.08788,0.07017920043550835,33386524376.77689,91896425542.23593,62827.52480305352
1412,0.0007060000000000001,36237164534.27864,90749243049.81186,62827.782494069026,480672913621.2854,91268177051.20193,0.0703982461071547,36235535732.71871,90750300662.38254,62827.30997708622
1413,0.0007065000000000001,39047066288.616905,89514893877.429,62827.75412389227,474921170479.52783,103653183602.87971,0.07052195359266183,39045496035.318695,89515929657.64806,62827.4930512925
1414,0.0007070000000000001,41815259863.60679,88193638847.01917,62827.73820236088,467175940834.931,116753906045.17162,0.07054570788730753,41813758352.1062,88194742582.67186,62827.53532121718
1415,0.0007075000000000001,44539048118.67199,86786885754.14066,62827.73040021327,457471773666.75885,130439029121.41118,0.0704665655636612,44537657522.126076,86788040149.7854,62827.458113990615
1416,0.0007080000000000002,47215693589.42315,85296181123.06126,62827.6980762541,445881647446.114,144561034857.0588,0.07028344362852605,47214463203.11735,85297309319.13504,62827.35803289629
1417,0.0007085000000000001,49842654024.203636,83723071774.08066,62827.654930377474,432516363358.8482,158960078138.2432,0.06999723352896808,49841621175.31722,83724165230.39873,62827.28040035359
1418,0.0007090000000000001,52417305487.78486,82069271017.77957,62827.570781389004,417522120235.8202,173468634819.59583,0.06961082801857954,52416508023.12235,82070217493.5348,62827.15081452712
1419,0.0007095000000000002,54937435387.394844,80336322004.85873,62827.534048491776,401076441397.6135,187916575977.09695,0.06912905615558737,54936791988.26326,80337208545.16386,62827.08698616331
1420,0.0007100000000000001,57400407306.135185,78526173391.80519,62827.47348603751,383382554033.60815,202136468288.70956,0.06855852828842891,57399950269.98862,78526973382.6751,62827.09173018879
1421,0.0007105000000000001,59804032325.843544,76640565087.57687,62827.44901519023,364662822869.5497,215968547777.53198,0.06790740259905041,59803667914.3258,76641241924.30511,62826.936396996076
1422,0.0007110000000000002,62145807812.11743,74681603516.46384,62827.39121111795,345151375034.94226,229265336514.2005,0.06718508852180037,62145631779.67094,74682167217.17146,62827.03783049143
1423,0.0007115000000000001,64423693992.177345,72651136191.41936,62827.370641704554,325086699350.88995,241895365937.6671,0.06640190950280833,64423577581.4467,72651683691.0363,62827.10974175819
1424,0.0007120000000000002,66635517179.3758,70551231781.5022,62827.389471230905,304704392673.7565,253746095562.2255,0.06556874702786102,66635345914.59104,70551804102.3145,62827.23021458237
1425,0.0007125000000000001,68778991497.83177,68384209166.370285,62827.38160497566,284230722534.86194,264725688543.5458,0.06469668967505922,68778824502.45071,68384769406.675095,62827.126621001415
1426,0.0007130000000000001,70852172819.48686,66152195508.34354,62827.38121857673,263877196633.96194,274763754573.1823,0.06379670711727202,70852036323.2037,66152805378.25858,62826.97044678726
1427,0.0007135,72853131463.4021,63857423256.31327,62827.40296526884,243836239124.73343,283811220056.56934,0.06287936395987283,72852945654.20459,63858119406.96859,62826.736429449425
1428,0.0007140000000000002,74779791407.11414,61502444173.49545,62827.37147174142,224278209951.37778,291839313286.8836,0.061954584490838946,74779681230.74915,61503079369.708405,62826.77437606278
1429,0.0007145000000000002,76630366358.54347,59089642079.27596,62827.29424677746,205349708430.34573,298837872609.50885,0.06103147377160409,76630441490.33363,59090046401.56262,62826.97949649524
1430,0.0007150000000000001,78403345038.40117,56621175775.04983,62827.26826982251,187172928957.11664,304813280163.8458,0.060118194755339666,78403500655.31699,56621480065.52704,62827.030306923385
1431,0.0007155000000000001,80097062957.24292,54099520821.56686,62827.29687947336,169845998315.16907,309786114406.3024,0.059221898096860744,80097149029.08289,54099930119.2674,62826.89402956505
1432,0.0007160000000000002,81709755936.4503,51527481285.65771,62827.29669101883,153444182628.065,313788611803.1814,0.05834869913755495,81709843126.39053,51527887410.020294,62826.902284526754
1433,0.0007165000000000001,83239959070.9256,48907616056.40541,62827.28082989738,138021658332.005,316862173652.5516,0.057503694050749565,83240095299.93517,48907958937.41237,62826.85943371093
1434,0.0007170000000000001,84686286621.88971,46242523489.84865,62827.26263961713,123613586040.45639,319055083829.4669,0.05669100607426786,84686501768.26088,46242850976.16719,62826.88919223583
1435,0.0007175000000000001,86047451031.34859,43534803979.48134,62827.26602710193,110238441221.24756,320420391044.8932,0.05591385390142531,86047657299.37553,43535081946.57542,62826.91547792716
1436,0.0007180000000000001,87322197517.12582,40787181130.39805,62827.28869560986,97900409699.30167,321014047862.20233,0.05517463461520057,87322373262.95163,40787541389.5358,62826.89590667717
1437,0.0007185000000000002,88509323601.8335,38002493909.29269,62827.305904955676,86591751456.94565,320893311851.8222,0.0544750147155094,88509480026.45012,38002900885.67679,62826.98517284004
1438,0.0007190000000000001,89607742754.77962,35183575680.20353,62827.30557972305,76295033468.29616,320115426249.1506,0.05381602386875979,89607869258.61334,35184017071.00128,62827.14975320467
1439,0.0007195000000000001,90616559712.2387,32333034906.873653,62827.347987939225,66985169410.8781,318736573382.8997,0.05319814718882263,90616698693.59,32333602487.78652,62827.05492415
1440,0.00072,91534761641.62154,29454024494.15695,62827.34657986792,58631234568.983536,316811077697.26276,0.052621413005012725,91534905364.3826,29454552346.47348,62826.94818271655
1441,0.0007205000000000002,92361570331.71915,26549392042.17979,62827.310141538415,51198108264.50542,314390768551.5482,0.05208547447984554,92361766613.94833,26549781687.9353,62826.83902462417
1442,0.0007210000000000002,93096331814.03508,23621874654.890125,62827.283205726075,44647825721.52122,311524586205.34875,0.051589683456843005,93096533573.62419,23622132853.390408,62827.10790980642
1443,0.0007215000000000001,93738418709.97011,20674407027.857178,62827.2598243677,38940735097.38948,308258317669.70465,0.05113315616306098,93738622466.49518,20674558093.708866,62827.13426051572
1444,0.0007220000000000001,94287333792.12267,17709777634.240665,62827.27847668657,34036469600.701836,304634441366.87756,0.050714830804492135,94287545492.87129,17710013389.92835,62827.04506682581
1445,0.0007225000000000002,94742593855.19862,14731114270.657913,62827.28828061134,29894720455.58212,300692088138.3397,0.05033351721306435,94742799284.96835,14731384799.63116,62826.99226309829
1446,0.0007230000000000001,95103858808.44165,11741381437.86204,62827.286783218035,26475867642.243538,296467061558.322,0.049987939164040186,95104092992.0543,11741652179.752295,62827.09690355502
1447,0.0007235000000000002,95370883222.41165,8743548046.25986,62827.27237444846,23741450482.30677,291991936969.0319,0.049676769865771346,95371080823.8441,8743747642.944878,62827.10138277375
1448,0.0007240000000000001,95543516739.7889,5740576589.880683,62827.24638948238,21654528417.0537,287296193867.5011,0.04939866138676043,95543757155.84755,5740692812.840814,62826.89912767228
1449,0.0007245000000000001,95621722498.77876,2735116057.6001854,62827.29565206172,20179942390.271717,282406377275.5747,0.04915226874096044,95621946813.82858,2735406579.4307537,62827.08070890716
1450,0.0007250000000000002,95605493165.04526,-269494683.3645059,62827.31828820375,19284492640.523712,277346279289.60156,0.04893626932253218,95605751574.74625,-269202903.274754,62827.12063168108
1451,0.0007255000000000001,95494961857.47978,-3270272284.556819,62827.309030115466,18937058724.981113,272137120877.72687,0.04874937841184039,95495257593.42673,-3270023101.826064,62827.01947395379
1452,0.0007260000000000001,95290351292.0708,-6264485893.215254,62827.329917164236,19108649957.33031,266797754050.30057,0.04859036125351274,95290641901.08365,-6264125685.763127,62826.905468741286
1453,0.0007265,94991974198.92311,-9248947417.147236,62827.313980963074,19772422208.877174,261344854381.99606,0.048458042305590567,94992276540.81511,-9248630352.35974,62826.81383532679
1454,0.0007270000000000002,94600220263.5428,-12221020239.136671,62827.34380280499,20903658497.75644,255793111161.40314,0.048351312127612504,94600487440.95349,-12220586013.772346,62826.97003942762
1455,0.0007275000000000002,94115581754.78452,-15177665778.759266,62827.38560664421,22479728738.66751,250155408356.7092,0.04826913233836305,94115870950.3158,-15177010877.50496,62826.92130234447
1456,0.0007280000000000001,93538660820.36874,-18115835249.127243,62827.39704511841,24480023738.679276,244443002487.0659,0.04821053897216897,93538964148.09633,-18115072178.55969,62826.9395953027
1457,0.0007285000000000001,92870131829.41676,-21032712939.52327,62827.395527975015,26885874416.312393,238665693105.89377,0.0481746445288599,92870443653.21619,-21031997204.96089,62826.99085604379
1458,0.0007290000000000002,92110746113.81863,-23925532321.220806,62827.40599001773,29680467669.82788,232831978529.4468,0.048160639005894096,92111129272.17981,-23924809585.688198,62826.97190521471
1459,0.0007295000000000001,91261400935.42404,-26791264351.575775,62827.36906259859,32848754559.779655,226949203412.00168,0.04816779011863541,91261748913.19298,-26790720563.08931,62827.053319212886
1460,0.0007300000000000002,90322987090.39496,-29627360933.954853,62827.3575638315,36377343266.30232,221023707482.23135,0.0481954428246502,90323321840.88882,-29626825627.202324,62827.097139416655
1461,0.0007305000000000001,89296533448.81755,-32431027726.725174,62827.36276099528,40254413577.07787,215060945179.5004,0.04824301841674384,89296882127.7275,-32430451184.42306,62827.277804596626
1462,0.0007310000000000001,88183172896.46072,-35199461656.70531,62827.362235472356,44469608151.13705,209065617682.7959,0.04831001317919782,88183499334.47705,-35198901932.34505,62827.5644520295
1463,0.0007315000000000002,86984082214.60724,-37930036037.871796,62827.3757174431,49013929010.74026,203041793561.63477,0.04839599672377313,86984443397.60567,-37929452678.73893,62827.66166421531
1464,0.0007320000000000001,85700544181.40804,-40620085328.73081,62827.398790718784,53879643447.838646,196993015664.69153,0.04850061011925369,85700951981.05148,-40619427179.585884,62827.67014315175
1465,0.0007325000000000001,84333995804.27313,-43266824279.73546,62827.37447955376,59060181769.00298,190922411071.84805,0.04862356381535481,84334333197.53789,-43266259928.11926,62827.70678239373
1466,0.000733,82885779954.83649,-45867940761.23718,62827.382806328606,64550029311.51135,184832802610.40674,0.04876463536047599,82886150889.4651,-45867327318.26796,62827.72810074935
1467,0.0007335000000000002,81357446336.88533,-48420845172.39644,62827.39959242581,70344653616.28152,178726786306.16797,0.04892366711616902,81357869935.94328,-48420206025.63239,62827.684236352674
1468,0.0007340000000000002,79750566533.28865,-50923120918.050064,62827.44106838409,76440390183.94478,172606843948.6176,0.049100563750500696,79751053680.45715,-50922401526.51731,62827.705767979285
1469,0.0007345000000000001,78066880333.67496,-53372231794.26998,62827.46453060155,82834353123.04153,166475431336.2699,0.04929528964307782,78067421951.09047,-53371441659.98444,62827.78442334556
1470,0.0007350000000000001,76308168880.00719,-55765781390.81594,62827.45443884203,89524325194.89229,160335083310.3433,0.04950786608108734,76308699804.61957,-55765019332.23263,62827.61670008622
1471,0.0007355000000000002,74476178248.73979,-58101603872.7025,62827.457076912564,96508662730.50963,154188503761.7907,0.049738368312753245,74476720369.55547,-58100829474.445885,62827.626084085365
1472,0.0007360000000000001,72572763325.86371,-60377506641.608154,62827.49006368491,103786206867.43608,148038648706.8149,0.049986922471184414,72573342908.85252,-60376653551.501434,62827.742560676306
1473,0.0007365000000000002,70600071911.20445,-62591047095.534615,62827.45328627643,111356171591.13983,141888828449.57623,0.05025370221717893,70600545456.7325,-62590340410.564316,62827.74229159803
1474,0.0007370000000000001,68559959439.12909,-64740360336.73922,62827.43955561481,119218003519.89478,135742832060.59276,0.050538924921117764,68560425282.261185,-64739670237.44868,62827.917787920676
1475,0.0007375000000000001,66454529347.91606,-66823373642.18113,62827.43972158702,127371306591.70079,129604991716.49738,0.05084284770965212,66454995389.003654,-66822722727.86893,62827.875962249396
1476,0.0007380000000000002,64286016499.34768,-68838009436.4274,62827.41373462425,135815690416.42899,123480311866.09659,0.05116576291831476,64286409593.17014,-68837418951.38042,62827.880731350735
1477,0.0007385000000000001,62056517230.52876,-70782492026.03864,62827.41651853499,144550622318.5407,117374590099.38072,0.051507992935520545,62056826513.7863,-70781870552.18571,62827.88174507995
1478,0.0007390000000000001,59768321104.13025,-72654952097.12292,62827.436291606224,153575297344.32178,111294517162.84421,0.05186988449567695,59768719721.89414,-72654309577.92725,62827.95371791734
1479,0.0007395000000000001,57423817701.14766,-74453557107.0186,62827.443579809806,162888453137.81235,105247818842.54193,0.052251802066905106,57424236812.848076,-74452921086.62726,62827.904385631955
1480,0.0007400000000000002,55025373122.06275,-76176632469.24341,62827.44434762892,172488177678.74203,99243395209.34613,0.0526541202461082,55025785596.53723,-76175963703.38435,62827.85309639522
1481,0.0007405000000000002,52575480555.211464,-77822512165.61383,62827.41246790196,182371709329.06647,93291456479.8847,0.05307721506476132,52575893790.37676,-77821923886.28618,62827.928578482104
1482,0.0007410000000000001,50076475118.91888,-79389786030.02657,62827.407232535,192535195722.9259,87403682054.94672,0.05352145391584205,50076890944.628044,-79389222640.6253,62827.86425572292
1483,0.0007415000000000001,47530824416.78202,-80877030462.46552,62827.44776014165,202973455197.30844,81593363014.01088,0.053987184054713554,47531335310.88633,-80876417639.55005,62827.79587263479
1484,0.0007420000000000001,44941304180.56437,-82282702650.07945,62827.44904103874,213679675643.3765,75875580541.00638,0.05447471925417773,44941827328.83071,-82282089826.72873,62827.745930968835
1485,0.0007425000000000001,42310432194.33948,-83605581861.99588,62827.44710585726,224645063175.59036,70267404188.92194,0.054984324268854176,42310963636.23607,-83605015848.23671,62827.79886229061
1486,0.0007430000000000002,39640849207.01125,-84844460552.46532,62827.44297460096,235858511153.34576,64788048711.894424,0.05551619716113227,39641414991.69105,-84843974345.23659,62827.81390625707
1487,0.0007435000000000001,36935221377.453674,-85998221068.93633,62827.44115858915,247306190422.4824,59459067859.508934,0.05607044898030038,36935772369.10987,-85997776015.29639,62827.73388465173
1488,0.0007440000000000001,34196271041.995823,-87065815363.54774,62827.437220068634,258971107861.7703,54304540363.81157,0.05664708056833253,34196820668.044136,-87065408813.13493,62827.73543213769
1489,0.0007445000000000002,31426742002.67422,-88046287796.67894,62827.43002200232,270832619587.33054,49351253982.60031,0.05724595620638414,31427282156.121834,-88045838121.4386,62827.67408977446
1490,0.0007450000000000001,28629412113.8193,-88938766253.8912,62827.416012831825,282865905371.315,44628876646.29006,0.05786677388197116,28629893472.30758,-88938390918.37279,62827.7792065427
1491,0.0007455000000000001,25806976134.02875,-89742523784.61586,62827.42939378685,295041402321.08154,40170110179.31581,0.05850903198929649,25807480980.93044,-89742125212.83768,62827.75298540062
1492,0.0007460000000000001,22962324461.847836,-90456824248.22803,62827.44197344294,307324213226.7508,36010809672.44092,0.059171992416480544,22962839330.30185,-90456500699.98026,62827.8872818846
1493,0.0007465000000000002,20098358667.143234,-91081030421.75359,62827.42985492048,319673466157.8528,32190077191.32595,0.05985463994515603,20098868785.151707,-91080756625.1324,62827.778680609656
1494,0.0007470000000000002,17217794903.73728,-91614700669.59941,62827.43896179522,332041677246.77576,28750286690.16203,0.060555638279508356,17218308069.94404,-91614407933.39584,62827.887625809344
1495,0.0007475000000000001,14323547543.861696,-92057383113.60649,62827.45018561122,344374132602.01495,25737027978.537483,0.06127328322875524,14324005986.519505,-92057109767.31941,62827.860917998354
1496,0.0007480000000000001,11418500865.95676,-92408738769.02725,62827.45893756916,356608269983.2777,23198971936.166813,0.062005453701453106,11418973076.302572,-92408459816.07698,62827.80431450743
1497,0.0007485000000000001,8505538864.456534,-92668522428.89928,62827.463377736975,368673140523.69745,21187604990.1725,0.0627495617851084,8506055192.67946,-92668254987.88702,62827.79551695873
1498,0.0007490000000000002,5587541576.246015,-92836583319.80177,62827.46455371273,380488969747.5142,19756819573.606476,0.06350250356537017,5588050720.483696,-92836350510.78926,62828.11717918146
1499,0.0007495000000000002,2667385726.954627,-92912868354.5655,62827.465211883406,391966869655.2876,18962331652.557194,0.06426061290742555,2667847525.5344644,-92912656994.12227,62828.28416051261
1500,0.0007500000000000001,-252043593.7325329,-92897409077.94745,62827.46478195946,403008759780.76825,18860898299.03863,0.06501962103948726,-251652194.75250122,-92897178775.59544,62828.22460643291
1501,0.0007505000000000001,-3167877715.568291,-92790310827.20863,62827.46633694828,413507560729.2791,19509310376.18788,0.06577462542907349,-3167476043.463859,-92790069202.92572,62828.19527157966
1502,0.0007510000000000001,-6077228428.1249485,-92591805681.22023,62827.465310540516,423347731259.1346,20963140848.7786,0.06652007207349851,-6076852513.199636,-92591525172.86713,62828.10719970568
1503,0.0007515000000000001,-8977259649.301535,-92302176309.42267,62827.46979887979,432406230360.55884,23275238001.716858,0.06724975586627605,-8976943403.4296,-92301883301.94931,62828.16066679545
1504,0.0007520000000000001,-11865081912.03104,-91921833588.75032,62827.46766462367,440553956581.5737,26493968036.677483,0.06795684403566757,-11864746861.554092,-91921559840.69644,62828.35676979623
1505,0.0007525000000000001,-14737857122.759493,-91451257003.93573,62827.45782976703,447657745210.3641,30661224300.04725,0.06863392772426759,-14737538208.091022,-91450979401.37747,62828.376283974365
1506,0.0007530000000000002,-17592842601.11812,-90890984099.83113,62827.46343538878,453582942025.9124,35810251204.45201,0.06927310634016617,-17592547195.506187,-90890738356.53925,62828.616512077526
1507,0.0007535000000000002,-20427140886.949154,-90241711423.68993,62827.45269842269,458196566165.6984,41963355283.35634,0.0698661083190295,-20426939536.031597,-90241485907.61226,62828.632339809395
1508,0.0007540000000000001,-23237993962.479523,-89504178186.64024,62827.43003189013,461371055832.5965,49129583347.50856,0.07040445047211454,-23237903556.796158,-89503905505.60654,62829.03275368523
1509,0.0007545000000000001,-26022716191.709198,-88679189660.01982,62827.41444212475,462988467670.9829,57302522209.93637,0.07087963548616581,-26022705015.02701,-88678786385.94574,62828.90098266845
1510,0.0007550000000000001,-28778694367.224895,-87767611616.41267,62827.43901745405,462945013246.04315,66458356152.23588,0.0712833842459508,-28778673285.16305,-87767247483.13838,62828.8779430594
1511,0.0007555000000000002,-31502885674.879868,-86770603371.9631,62827.38991286487,461155725845.35876,76554349641.51349,0.07160789610492505,-31503073973.54032,-86770138264.38857,62828.75404144435
1512,0.0007560000000000002,-34193114924.99484,-85689027283.14395,62827.419451646114,457559068626.98486,87527867345.93233,0.07184612704012455,-34193214233.68412,-85688593173.2852,62828.645035165435
1513,0.0007565000000000001,-36846450367.83359,-84524193272.45,62827.42594042554,452120965374.90375,99296267091.79178,0.07199207034725348,-36846620297.63102,-84523730134.37915,62828.882222173
1514,0.0007570000000000002,-39460245254.94653,-83277392945.80273,62827.385509500054,444838291464.00287,111757489722.53287,0.07204102464016406,-39460572985.642235,-83276835535.72423,62828.839640192724
1515,0.0007575000000000001,-42032096477.06855,-81949888360.80983,62827.34011380162,435741208663.1169,124791677831.24097,0.07198982984159312,-42032604260.17321,-81949230350.78346,62828.6408257776
1516,0.0007580000000000001,-44559612646.93307,-80543022739.56989,62827.32219205036,424894198646.8397,138263724996.0104,0.07183705302122902,-44560257264.152885,-80542278964.25055,62828.747647092925
1517,0.0007585000000000002,-47040311488.75332,-79058292444.23824,62827.318965520964,412395657307.6512,152026641121.94952,0.07158310849886414,-47040975201.795616,-79057481988.07935,62828.81489738169
1518,0.0007590000000000001,-49471867236.93198,-77497199088.06113,62827.35416847422,398375974743.3609,165925583675.38135,0.07123030071786857,-49472478196.94576,-77496382673.80345,62828.8671704355
1519,0.0007595000000000002,-51851855465.71117,-75861417078.31766,62827.40059515775,382994098094.96027,179802383686.2107,0.0707827836184545,-51852389793.36598,-75860632419.83385,62828.887333418825
1520,0.0007600000000000002,-54177882990.24755,-74152723249.5511,62827.4216964764,366432841988.3984,193500220652.4003,0.07024643767564041,-54178389395.141594,-74151926512.54646,62829.028207899304
1521,0.0007605000000000001,-56447785390.75703,-72372840085.3481,62827.441087763254,348893173285.69226,206868215263.0488,0.06962867197336173,-56448239304.243034,-72372045687.70334,62828.82106322457
1522,0.0007610000000000001,-58659328272.53052,-70523657982.07777,62827.4367456411,330587818900.31006,219765678283.1354,0.06893816454657982,-58659860192.132805,-70522757176.94142,62828.68426805657
1523,0.0007615000000000001,-60810466774.761986,-68607026011.21314,62827.43368690975,311734698496.3959,232065690794.8921,0.06818455952428176,-60811043237.69423,-68606082948.80442,62828.65849835922
1524,0.0007620000000000002,-62899345260.95277,-66624718664.42166,62827.50809953612,292550480729.1009,243657935444.2641,0.06737814108185383,-62899735688.67824,-66623910452.70067,62828.58479740743
1525,0.0007625000000000002,-64923718013.541275,-64578997669.66119,62827.56369160657,273244669081.88046,254450631434.54263,0.0665295048788319,-64923975040.76594,-64578295587.11554,62828.6886776174
1526,0.0007630000000000001,-66881566651.366844,-62472067041.67138,62827.56044807273,254014621983.12634,264371440790.07922,0.06564924680797427,-66881813479.50904,-62471279156.95761,62828.868190055284
1527,0.0007635000000000002,-68771437930.34581,-60305636824.67441,62827.66231979818,235041456137.1415,273367617098.48734,0.06474768337214132,-68771441850.39536,-60305079060.14254,62828.826600673725
1528,0.0007640000000000001,-70591031041.54422,-58082492933.826164,62827.65575281849,216486977646.9197,281405445395.83997,0.063834614277458,-70591030966.34787,-58081825655.26351,62828.829005204556
1529,0.0007645000000000001,-72338873297.76743,-55804634743.0554,62827.63902544318,198492004031.6204,288468784995.4059,0.06291913605750703,-72338931051.60266,-55803849943.97877,62828.896840807174
1530,0.0007650000000000002,-74013536335.59518,-53474081378.45498,62827.710404550286,181175373110.21265,294557465914.247,0.06200950584418034,-74013397809.4088,-53473532387.418144,62828.86739678183
1531,0.0007655000000000001,-75613117319.00023,-51093635872.83984,62827.71762363324,164634015335.83765,299685222888.1252,0.06111305502776924,-75612936186.51993,-51093063689.40624,62828.81359571217
1532,0.0007660000000000002,-77136231075.98601,-48665574772.1563,62827.70699644942,148943871668.54797,303877381337.9689,0.060236148984634454,-77136078648.69177,-48664937101.45733,62828.86877517737
1533,0.0007665000000000001,-78581566344.00099,-46192185665.0295,62827.73099306953,134161177107.08934,307168710701.40717,0.059384184813310696,-78581393278.08224,-46191557281.591576,62828.8820172527
1534,0.0007670000000000001,-79947714513.73474,-43676066826.406586,62827.754409761284,120324233265.95717,309601268134.60095,0.05856162052006816,-79947486482.86426,-43675476291.76964,62828.99901816177
1535,0.0007675000000000001,-81233383380.4097,-41119818043.09561,62827.75641775632,107455455209.12897,311222369117.8337,0.05777202833964275,-81233132758.27156,-41119166830.85367,62829.07573993209
1536,0.0007680000000000002,-82437517001.99022,-38525774477.25931,62827.808251896255,95563482504.1143,312082807402.82074,0.05701816470675324,-82437166845.53134,-38525284230.140434,62829.13141499849
1537,0.0007685000000000002,-83558911248.76083,-35896744112.73417,62827.846231150106,84645269346.34648,312235328437.82916,0.056302050412595,-83558446285.84319,-35896352882.5207,62829.381283438735
1538,0.0007690000000000002,-84596457552.846,-33235608709.508392,62827.79842836903,74688166005.99158,311733277151.624,0.055625056137631905,-84596083840.84357,-33235026136.987064,62829.51533373508
1539,0.0007695000000000001,-85549390495.66768,-30544682321.568245,62827.7699393389,65671812164.92581,310629531553.50073,0.054987988709421745,-85549044956.09193,-30543930465.194702,62829.41992453964
1540,0.0007700000000000002,-86416810992.5014,-27826797890.61522,62827.71841971627,57569812936.19336,308975697586.9855,0.05439117459351786,-86416586103.9508,-27825813038.800938,62829.381964071246
1541,0.0007705000000000001,-87198054143.26622,-25084396811.098267,62827.72198901503,50351308451.054695,306821420427.6799,0.05383453895114085,-87197802479.72331,-25083306916.29105,62829.32121081907
1542,0.0007710000000000001,-87892352322.70013,-22320488330.19303,62827.700429461845,43982276854.26312,304213936400.0736,0.053317678294255266,-87892134197.29546,-22319295523.26824,62829.43799399518
1543,0.0007715000000000002,-88499163510.5855,-19537684973.592278,62827.693703255594,38426700237.58201,301197718744.67194,0.05283992630100187,-88498915752.23299,-19536452137.184772,62829.582561579664
1544,0.0007720000000000001,-89018020110.58722,-16738590277.887114,62827.74721318344,33647488747.2928,297814304141.30005,0.052400412065702826,-89017690863.09631,-16737442170.314018,62829.46338580588
1545,0.0007725000000000002,-89448436044.53656,-13926279545.996737,62827.77672681025,29607263770.386963,294102193226.1187,0.05199811103301334,-89448014499.25038,-13925128344.753107,62829.28364672353
1546,0.0007730000000000001,-89790089900.81085,-11103582213.876232,62827.77175513573,26269002727.965607,290096819523.4867,0.051631889005458766,-89789668612.49786,-11102369566.417553,62829.08015537627
1547,0.0007735000000000001,-90042763097.02731,-8273253795.093782,62827.74449714423,23596520837.899372,285830610365.05914,0.05130053950803292,-90042345279.45235,-8271880067.598135,62829.00532416401
1548,0.0007740000000000001,-90206318870.06831,-5438064739.416688,62827.70382568112,21554850048.099487,281333082763.5043,0.05100281518020753,-90205882627.82841,-5436512254.952744,62829.027511782835
1549,0.0007745000000000002,-90280710208.67133,-2600704347.39177,62827.68156109451,20110524176.356163,276630969554.9002,0.050737453848725654,-90280241461.63954,-2599006256.370604,62829.24755764227
1550,0.0007750000000000002,-90265964843.61221,236151304.08566123,62827.71266474197,19231781600.582233,271748369734.7052,0.05050319990913516,-90265408557.36041,237795353.65333182,62829.25863849363
1551,0.0007755000000000001,-90162181463.77751,3069554862.836195,62827.754627904345,18888702899.44964,266706911209.42075,0.05029882164360516,-90161568276.13734,3071116025.9667163,62829.26008771511
1552,0.0007760000000000001,-89969562719.4411,5896645610.4453535,62827.78778792112,19053292504.148777,261525922232.12555,0.050123125044176375,-89968935007.42499,5898137305.57711,62829.13171072442
1553,0.0007765000000000002,-89688406148.43298,8714589393.851234,62827.797299286634,19699511575.271553,256222610572.9193,0.04997496463521903,-89687746522.66806,8716095069.378098,62829.23505896514
1554,0.0007770000000000001,-89319091129.87451,11520704179.545572,62827.8082612863,20803277508.737015,250812239996.04712,0.049853251777729195,-89318377648.46295,11522189982.483547,62829.29192517445
1555,0.0007775000000000001,-88862073876.3955,14312314570.043194,62827.84363112213,22342438798.311253,245308300716.1194,0.049756960884880484,-88861322959.36777,14313699078.687273,62829.14615285022
1556,0.0007780000000000002,-88317911100.3379,17086592184.395618,62827.87704017264,24296729376.61349,239722673733.1484,0.049685133912927386,-88317083298.18727,17087872260.615225,62829.095388735564
1557,0.0007785000000000001,-87687276755.28293,19840608772.021217,62827.846262228486,26647702815.664562,234065792329.34412,0.04963688341356685,-87686327252.62326,19841981718.739338,62829.220605560884
1558,0.0007790000000000002,-86970811853.2849,22572167010.29822,62827.89839200441,29378652404.309982,228346798570.0629,0.04961139439733273,-86969846370.87094,22573387447.256527,62829.308965403085
1559,0.0007795000000000001,-86169369114.50314,25278282962.773884,62827.939725612494,32474548016.5875,222573670299.61258,0.04960792536232419,-86168370770.61523,25279434096.41006,62829.20894437578
1560,0.0007800000000000001,-85283866774.4928,27956215936.902027,62827.93953393052,35921927452.51298,216753375640.38574,0.04962580845826622,-85282818966.41182,27957407837.70884,62829.153400379146
1561,0.0007805,-84315212039.62303,30603612377.046368,62827.97622964251,39708807680.14119,210891999622.4003,0.04966444906459568,-84314170068.91968,30604638600.721622,62829.17537879744
1562,0.0007810000000000002,-83264510105.61195,33217695725.694897,62827.98790810228,43824605655.38331,204994853690.4823,0.049723324967166194,-83263453608.88858,33218678759.02978,62829.35162799889
1563,0.0007815000000000002,-82132910193.65729,35795896766.3196,62827.96481592989,48260026565.899315,199066607158.6911,0.04980198505946781,-82131816178.9118,35796965629.81521,62829.527726847504
1564,0.0007820000000000001,-80921525737.91876,38335983236.52286,62827.99349411627,53006974779.59661,193111392484.99442,0.049900047771247444,-80920402153.55301,38337005463.244774,62829.50299742366
1565,0.0007825000000000001,-79631720511.9237,40835275159.12326,62828.00369643238,58058476090.66716,187132895951.8838,0.05001719934061637,-79630562802.27242,40836327117.226944,62829.394712951595
1566,0.0007830000000000002,-78264809898.99617,43291467663.759094,62828.03308751549,63408559292.971306,181134480901.55582,0.05015319174616668,-78263595913.33789,43292430837.56633,62829.289036093454
1567,0.0007835000000000001,-76822321401.16603,45701994588.80974,62828.01646304812,69052179969.2518,175119269867.82864,0.050307840557920515,-76821019868.58168,45702973754.51794,62829.40656648305
1568,0.0007840000000000002,-75305691840.29399,48064694107.972694,62828.00917671567,74985107998.59036,169090256634.2163,0.05048102252008206,-75304338289.2551,48065670018.343056,62829.13421744709
1569,0.0007845000000000001,-73716454703.30763,50377367621.196754,62828.03920584279,81203855549.58968,163050379798.58646,0.05067267309400873,-73715069165.83629,50378243489.272644,62829.05692491688
1570,0.0007850000000000001,-72056374648.74745,52637586843.9659,62828.03384253313,87705577971.05415,157002618985.67456,0.05088278380513347,-72054889592.21268,52638504758.49874,62829.00985194032
1571,0.0007855000000000002,-70327080835.30682,54843337306.47036,62828.04917133979,94487955141.00983,150950106248.1148,0.05111139927725621,-70325550149.47116,54844177058.30506,62829.06996459059
1572,0.0007860000000000001,-68530434612.39708,56992387008.607796,62828.041026682906,101549117308.66635,144896195831.36578,0.051358614187370644,-68528840297.469345,56993209121.51209,62828.99003878277
1573,0.0007865000000000001,-66668184826.03279,59082827687.71197,62828.06550716496,108887519089.30978,138844578246.0897,0.051624569828836966,-66666613382.66892,59083596553.27647,62829.125984469334
1574,0.000787,-64742366450.7504,61112494560.98377,62828.05639317748,116501851364.87123,132799358167.7019,0.05190945047219404,-64740733469.775795,61113270580.41453,62829.25593062798
1575,0.0007875000000000002,-62754868710.92744,63079569685.23146,62828.05879395772,124390896399.54123,126765179821.28511,0.05221347917421809,-62753134511.61816,63080338859.70209,62829.19562743153
1576,0.0007880000000000002,-60707667519.71578,64982242225.817924,62828.097982526364,132553427301.5116,120747309492.3102,0.05253691325504826,-60705955235.16691,64982923453.20922,62829.17862362585
1577,0.0007885000000000001,-58602958998.41014,66818579159.56498,62828.1199609127,140988067949.33127,114751749184.65764,0.052880039180111964,-58601235472.47211,66819203147.9548,62829.18673914991
1578,0.0007890000000000001,-56442890366.2823,68586846891.51209,62828.12432014478,149693125200.73392,108785368828.55858,0.05324316665036125,-56441137351.76265,68587378043.697266,62829.18910159212
1579,0.0007895000000000002,-54229611026.09979,70285428832.32353,62828.13267970937,158666438145.5531,102856016876.76945,0.053626621955201605,-54227812719.580666,70285890244.37485,62829.31958528025
1580,0.0007900000000000001,-51965386177.04538,71912709250.21536,62828.13579667617,167905203667.59933,96972644139.27847,0.0540307404020502,-51963569652.839035,71913147242.48349,62829.396127676315
1581,0.0007905000000000002,-49652480917.64955,73467189734.46504,62828.145567939,177405769650.84338,91145446052.2211,0.054455857583742474,-49650581700.74494,73467583259.24948,62829.45054276747
1582,0.0007910000000000001,-47293251061.05063,74947403374.3337,62828.153950284075,187163418919.69513,85386001357.23372,0.05490229937423259,-47291322634.54636,74947712068.87514,62829.20147631787
1583,0.0007915000000000001,-44890054754.94199,76351992939.67754,62828.17016558491,197172118453.2661,79707426727.56265,0.055370370391513504,-44888143227.83745,76352231493.96164,62829.18973290207
1584,0.0007920000000000002,-42445390332.68342,77679600963.41254,62828.16304383668,207424250484.18643,74124530436.32886,0.05586034076023813,-42443494183.75961,77679819938.23926,62829.0892647045
1585,0.0007925000000000001,-39961706383.20826,78929020835.1449,62828.138512281526,217910299570.59842,68653983548.45836,0.0563724308555765,-39959683195.6901,78929234046.93774,62829.10359974525
1586,0.0007930000000000001,-37441400378.117386,80099179230.24162,62828.13524486863,228618526639.09808,63314479481.22982,0.056906793890342984,-37439325663.37108,80099399411.84314,62829.09916419245
1587,0.0007935000000000002,-34887039351.23177,81188982527.22948,62828.13719698843,239534607588.6232,58126897454.54916,0.05746349607913923,-34884922982.012886,81189150723.88655,62828.88577372251
1588,0.0007940000000000002,-32301193368.319855,82197439907.35306,62828.13993079711,250641215273.8064,53114481547.38481,0.058042494005398355,-32299045409.525368,82197548687.49712,62828.88585793894
1589,0.0007945000000000002,-29686470478.445385,83123637782.66391,62828.135717760924,261917582030.1147,48303000677.55075,0.058643609049866985,-29684278585.967896,83123708361.03806,62828.803167354956
1590,0.0007950000000000001,-27045434482.46422,83966785564.28769,62828.142730208565,273339024130.33398,43720899794.8908,0.0592664986583568,-27043244803.28561,83966812017.14732,62828.69893240261
1591,0.0007955000000000001,-24380798949.548435,84726102748.80428,62828.13233100951,284876441206.0778,39399427463.07134,0.05991062433944017,-24378551209.820435,84726101082.95174,62828.849317243454
1592,0.0007960000000000002,-21695156038.39129,85400973213.5643,62828.128119534675,296495773012.2711,35372746394.005516,0.0605752162504104,-21692787089.91652,85400891394.01,62828.97469015261
1593,0.0007965000000000001,-18991201798.082436,85990815417.65407,62828.121847583134,308157460771.0805,31677988575.49334,0.061259234561674966,-18988756871.971954,85990704456.83974,62828.8602539464
1594,0.0007970000000000002,-16271615850.731071,86495149921.55229,62828.1167391878,319815884188.837,28355269289.164837,0.061961327749400816,-16269140524.827316,86494998084.7573,62828.620172659306
1595,0.0007975000000000001,-13539090857.676119,86913581767.84016,62828.11561043456,331418819911.66547,25447624187.92736,0.06267978834647947,-13536598803.95382,86913360923.87173,62828.67696571211
1596,0.0007980000000000001,-10796367478.718563,87245778348.04463,62828.10782684423,342906931603.9482,23000858892.65692,0.06341250691307941,-10793801778.612524,87245419761.06525,62828.74791760359
1597,0.0007985000000000002,-8046122907.726351,87491537503.33327,62828.107649816295,354213320364.00354,21063288796.392494,0.06415692536144688,-8043539621.564888,87491085392.9188,62828.72024106121
1598,0.0007990000000000001,-5291102283.920274,87650699047.14784,62828.10667581843,365263183213.39246,19685342594.801197,0.0649099912357841,-5288523222.755806,87650133858.2273,62828.55607617507
1599,0.0007995000000000001,-2534024686.948557,87723209778.73592,62828.106458732604,375973602117.9012,18919012198.934887,0.06566811499659136,-2531402872.082385,87722536782.19095,62828.5987156513
1600,0.0008000000000000001,222385993.07010168,87709098011.15019,62828.10644307317,386253533858.8552,18817119751.39873,0.06642713296117024,225012736.1647203,87708366888.28947,62828.757168023876
1601,0.0008005000000000002,2975425713.4789686,87608457203.83388,62828.111004557424,396004045145.2556,19432384199.806313,0.06718227909894178,2978056201.39523,87607663412.56631,62828.88908056125
1602,0.0008010000000000002,5722358150.538176,87421517125.2445,62828.112841305825,405118854311.7108,20816270807.29758,0.06792816943726616,5724970480.641825,87420606251.50055,62828.81906864004
1603,0.0008015000000000001,8460470881.93992,87148559578.24512,62828.1086844174,413485252396.24146,23017615040.990852,0.0686588033034886,8463129269.266043,87147514798.84068,62828.816611149996
1604,0.0008020000000000001,11187128170.54515,86789923390.52098,62828.11620007518,420985441422.2123,26081025352.748566,0.06936758591544893,11189764524.90529,86788792927.16281,62828.84234472577
1605,0.0008025000000000002,13899661562.741077,86346059164.52222,62828.13816619232,427498346053.83954,30045087382.7024,0.07004737682254536,13902271118.007933,86344882446.55928,62828.853052775514
1606,0.0008030000000000002,16595287937.12835,85817554363.90341,62828.13478093088,432901938423.5055,34940403354.41269,0.07069056837788154,16597878169.316479,85816296261.11423,62828.84203583171
1607,0.0008035000000000002,19271404783.876366,85205013241.1628,62828.1180242808,437076080099.8371,40787523123.22298,0.07128919760904522,19274011611.546047,85203663255.73029,62828.97006780714
1608,0.0008040000000000001,21925613578.68608,84509044469.87245,62828.159155575835,439905817731.0572,47594874097.9342,0.07183509320989771,21928131750.199764,84507625540.02214,62828.89355327193
1609,0.0008045000000000001,24555100477.146713,83730517684.21117,62828.18647045225,441285072092.35596,55356796595.06921,0.07232005733175928,24557537534.38419,83729016863.52104,62828.951329188465
1610,0.0008050000000000002,27157306684.886795,82870294882.6944,62828.202148575154,441120668942.7077,64051758308.39717,0.0727360797509033,27159705736.684174,82868765640.79753,62828.98522628554
1611,0.0008055000000000001,29729790948.90686,81929275260.24208,62828.23738194989,439336419217.6546,73640979011.52359,0.07307557805154115,29732053821.932476,81927740812.26328,62828.985790392326
1612,0.0008060000000000001,32269848549.21838,80908576769.15048,62828.22549440288,435877095522.9767,84067566013.01456,0.07333165460119848,32272100730.437828,80906949839.68092,62828.964274643025
1613,0.0008065000000000001,34775235131.418945,79809190600.08998,62828.241059830034,430712096302.9337,95256256295.44293,0.0734983583551614,34777372485.03442,79807516726.12195,62829.14827139629
1614,0.0008070000000000002,37243515776.30002,78632285532.15698,62828.28357502992,423838392389.5268,107113987075.22343,0.07357093585980676,37245458909.69828,78630593395.86377,62829.13827989442
1615,0.0008075000000000002,39672088171.01394,77379228472.69922,62828.28180658937,415282666443.1647,119531214105.11978,0.07354605579007509,39674009299.59771,77377472758.75046,62828.930413709226
1616,0.0008080000000000001,42058708416.929245,76051289815.1558,62828.27149095041,405102357184.4557,132384040698.97318,0.07342199077580422,42060648931.78329,76049451971.13141,62829.08613590876
1617,0.0008085000000000001,44401151237.63271,74649814504.24178,62828.28079570181,393385364810.8364,145537174439.43954,0.07319874117340804,44403029460.12827,74647900598.1812,62829.403598884724
1618,0.0008090000000000001,46697094200.7526,73176306816.79666,62828.28820618464,380248474064.0949,158847474154.10336,0.07287808994908385,46698936887.37341,73174334725.85008,62829.23279617899
1619,0.0008095000000000002,48944164176.64093,71632424065.4937,62828.2352468412,365834510472.68164,172167920334.85666,0.07246358248379142,48946126104.11972,71630209623.91415,62829.20225382713
1620,0.0008100000000000002,51140482025.948845,70019570845.48103,62828.22285235285,350308344879.4714,185351803814.32462,0.07196043063789524,51142437537.83424,70017274504.268,62829.11304534715
1621,0.0008105000000000001,53283888955.60238,68339444327.39371,62828.23395716487,333851880887.8279,198256970912.87463,0.07137534557029743,53285780205.554596,68337114089.73002,62829.0066268061
1622,0.0008110000000000002,55372359150.85052,66593745487.76424,62828.28046262534,316658569767.4017,210749661249.43323,0.07071631150548852,55374109886.28737,66591473018.11121,62829.00197790607
1623,0.0008115000000000002,57403685529.00831,64784452376.141335,62828.282455461194,298927588511.7449,222707914228.06326,0.06999231500672899,57405374457.83947,64782089204.25972,62828.99320764075
1624,0.0008120000000000001,59376144910.41018,62913229925.54593,62828.32334677716,280858159756.5063,234024254200.1271,0.06921304815223264,59377655919.79832,62910901122.191826,62828.92863459338
1625,0.0008125000000000001,61287618718.167625,60982228128.23264,62828.307189723324,262644137561.20786,244607723776.21503,0.06838860304534827,61289136965.48106,60979725582.24213,62828.82205676072
1626,0.0008130000000000001,63136504954.70528,58993211169.5321,62828.319986056085,244469422341.13306,254384943960.97458,0.06752917672715235,63137967497.33863,58990666364.31746,62828.819761225066
1627,0.0008135000000000002,64920938440.07333,56948326143.461006,62828.3148872874,226504034614.98245,263300553058.3763,0.06664479980402871,64922327061.56374,56945673905.180305,62828.799092431174
1628,0.0008140000000000002,66639440737.413734,54849406373.7314,62828.383698836784,208901287290.57767,271316783347.10834,0.06574510153750708,66640589871.58274,54846875589.70906,62828.69291024829
1629,0.0008145000000000001,68290123126.67404,52698899192.74821,62828.40849984141,191795793069.57135,278412557843.1052,0.06483911754527012,68291155197.626686,52696386810.00755,62828.59317607028
1630,0.0008150000000000001,69871644401.8663,50498717078.69901,62828.485918897735,175302555147.2636,284581969083.36273,0.06393514477399741,69872448466.99113,50496445041.96837,62828.53953186226
1631,0.0008155000000000001,71382255632.21376,48251454748.57089,62828.48742130851,159516688436.00095,289832616308.6167,0.06304064182776783,71382978936.33812,48249134789.97234,62828.346921717886
1632,0.0008160000000000002,72820870194.00255,45958919355.35918,62828.572844491944,144514029421.67377,294183572090.9436,0.062162173189184225,72821341428.52739,45956813022.52005,62828.43021341096
1633,0.0008165000000000002,74185900843.63536,43623794276.91772,62828.61577273453,130352079567.4319,297663484548.55695,0.061305390483213984,74186234462.02408,43621757329.07877,62828.584049440826
1634,0.0008170000000000001,75476090513.88445,41248450134.42568,62828.61333865707,117071582580.59329,300308491761.10913,0.060475046427641205,75476392671.98895,41246414192.629486,62828.25087235528
1635,0.0008175000000000002,76690383883.9384,38835053599.36772,62828.6387214366,104698194215.86113,302160407899.1196,0.05967503335633553,76690517295.22902,38833102734.290115,62828.22155726093
1636,0.0008180000000000002,77827554640.3954,36386248863.08591,62828.622044077405,93244319036.71465,303265043953.73474,0.05890844002540837,77827601071.06673,36384242077.13622,62828.25562158186
1637,0.0008185000000000001,78886729343.72131,33904166740.54527,62828.66555391692,82711055154.47313,303670658385.4549,0.058177621196968315,78886608597.52713,33902282533.072926,62828.30110716285
1638,0.0008190000000000002,79866760023.76631,31391712135.903736,62828.639456127166,73089995473.51259,303426715734.3334,0.05748427398972779,79866615437.78854,31389737596.984695,62828.15170314938
1639,0.0008195000000000001,80766999304.94911,28850855493.252167,62828.70999907462,64365045114.54845,302582746678.79535,0.056829517546575704,80766671435.51854,28849143720.853798,62828.26397034544
1640,0.0008200000000000002,81586453359.33989,26284614663.79447,62828.730721435226,56513954300.5033,301187549901.5276,0.056213971560469346,81586079906.5935,26282996630.65013,62828.217194044875
1641,0.0008205000000000002,82324467372.6783,23695408163.02133,62828.745699433246,49509842662.141594,299288433261.8997,0.055637832275508295,82324006405.67978,23693799992.43068,62828.27160884044
1642,0.0008210000000000001,82980477909.04124,21085568855.93385,62828.82775802655,43322422909.453354,296930745633.11774,0.05510094327811413,82979858396.7185,21084280357.13516,62828.18929533562
1643,0.0008215000000000001,83553818408.91026,18458063562.955242,62828.86744228495,37919098591.114365,294157507072.6794,0.054602860356748106,83553116220.7186,18456980997.641384,62828.27382997518
1644,0.0008220000000000001,84044019035.58727,15815563593.1371,62828.84910041763,33265924975.535885,291009133926.9743,0.05414291005204362,84043233816.7974,15814463597.969797,62828.15208135641
1645,0.0008225000000000002,84450732307.60611,13160575621.9537,62828.80829482497,29328361361.368916,287523317773.5614,0.053720241352660236,84449919693.37805,13159379575.382223,62828.21800901237
1646,0.0008230000000000002,84773693156.04031,10495521844.748823,62828.80648390188,26071897184.743145,283734971936.6193,0.05333387078182836,84772879694.05632,10494348123.737423,62828.14512288187
1647,0.0008235000000000001,85012668374.75026,7823030485.76601,62828.84642526823,23462559957.63902,279676236186.2412,0.05298272125570632,85011787920.84462,7822083280.4643,62827.88974690892
1648,0.0008240000000000002,85167481200.04126,5145998865.208773,62828.85471438814,21467320385.090496,275376525188.9626,0.05266565521533129,85166568207.61914,5145166551.266435,62827.822591994714
1649,0.0008245000000000001,85238095216.98111,2466926130.252282,62828.87431449023,20054396924.625263,270862620690.3584,0.05238150251944758,85237157464.99048,2466208419.5713506,62827.76316276988
1650,0.0008250000000000001,85224536873.65619,-211624342.10167137,62828.928849762524,19193468833.114872,266158802422.29016,0.052129083583042905,85223557012.0863,-212087270.1126084,62827.58795321992
1651,0.0008255000000000002,85126902539.75653,-2886624073.51101,62828.90585351235,18855834772.478657,261286984818.32245,0.051907228409231496,85125889689.82103,-2887114091.469522,62827.5765086124
1652,0.0008260000000000001,84945398226.28229,-5555923693.265428,62828.94742741615,19014512468.807697,256266868317.53613,0.05171479203084077,84944363373.47545,-5556171362.656318,62827.681183992776
1653,0.0008265000000000002,84680302019.6183,-8216460837.281513,62828.92566699946,19644291957.224766,251116100050.02072,0.05155066684018983,84679322419.09302,-8216665767.437946,62827.55878992156
1654,0.0008270000000000002,84331969246.6831,-10865887293.268665,62828.919258975555,20721753389.450333,245850432992.8476,0.05141379228959479,84330986040.51202,-10866012059.3889,62827.76602989211
1655,0.0008275000000000001,83900835394.31305,-13501593663.474413,62828.92573653664,22225259530.114544,240483883401.68607,0.05130316237271274,83899899910.22466,-13501671590.48418,62827.76893729444
1656,0.0008280000000000001,83387409884.0802,-16121045079.60963,62828.960078158336,24134923392.875347,235028885686.5954,0.05121783124355991,83386463800.92494,-16120917174.636597,62827.62864976658
1657,0.0008285000000000002,82792372055.90097,-18721170925.400948,62828.86950412623,26432560060.524532,229496441713.8224,0.051156917291117515,82791321379.3905,-18721217579.526794,62827.69379018506
1658,0.0008290000000000002,82116282790.52599,-21300210800.307888,62828.89215315333,29101609019.750023,223896278642.3324,0.051119605850343655,82115227306.40579,-21300094840.02847,62827.71682067424
1659,0.0008295000000000002,81359961096.68692,-23855242662.383476,62828.90510696462,32127095674.597412,218236957966.5082,0.05110515104609166,81358902721.75534,-23854973657.558613,62827.42762216756
1660,0.0008300000000000001,80524299595.39725,-26383579744.65034,62828.8474645822,35495523909.21002,212526032474.83112,0.05111287661978297,80523189017.8523,-26383398842.601562,62827.30919097544
1661,0.0008305000000000002,79610121949.55946,-28883142297.674908,62828.839797405686,39194793865.82868,206770170590.42505,0.05114217606723592,79609116066.76247,-28882888358.953205,62827.33818086184
1662,0.0008310000000000001,78618467314.17082,-31351307214.116592,62828.82185400342,43214138541.43516,200975255142.34006,0.05119251234046134,78617460185.19023,-31351079716.548832,62827.06596330266
1663,0.0008315000000000001,77550319189.57845,-33785916029.114872,62828.87207396839,47544015011.70396,195146515234.59766,0.051263416975760076,77549386935.77594,-33785499262.025253,62827.163734066424
1664,0.0008320000000000002,76406938745.00887,-36184248903.89179,62828.87382666862,52176034866.59989,189288617008.89777,0.05135448895959523,76406027581.82098,-36183795009.702545,62827.31936063421
1665,0.0008325000000000001,75189514393.09175,-38544077600.320076,62828.85816383797,57102845345.657455,183405793353.1143,0.051465393123289446,75188670108.93271,-38543591161.43756,62827.35218923561
1666,0.0008330000000000002,73899334726.79134,-40863124975.18552,62828.826774093905,62318060668.32643,177501924309.40103,0.051595858401372666,73898482346.9787,-40862671556.03883,62827.21641521923
1667,0.0008335000000000001,72537631569.08061,-43139408730.976875,62828.86985729023,67816168079.19139,171580636875.14154,0.05174567584232221,72536877072.49583,-43138724165.886444,62827.2869989926
1668,0.0008340000000000001,71106039373.40637,-45370299254.394295,62828.835371986745,73592454645.59842,165645383456.90585,0.05191469651008986,71105253911.13199,-45369651790.97574,62827.31546988479
1669,0.0008345000000000001,69605907412.5778,-47553940717.12988,62828.82700128825,79642870480.24977,159699574341.4295,0.05210282892793374,69605186744.9287,-47553282117.40418,62827.21130999153
1670,0.0008350000000000002,68038827656.92779,-49688165073.80834,62828.82050569412,85963983193.81876,153746626128.3067,0.05231003658869297,68038234071.093155,-49687475113.567924,62827.15843027599
1671,0.0008355000000000002,66406441442.3454,-51770894589.91717,62828.80488874351,92552859027.24725,147790074038.35223,0.05253633510342677,66405962438.78714,-51770197784.3786,62827.20578060806
1672,0.0008360000000000002,64710401612.28345,-53800184891.43614,62828.79965133957,99406966527.35492,141833661490.5602,0.052781789109367865,64710009124.76018,-53799463178.13766,62827.19925100965
1673,0.0008365000000000001,62952560733.64846,-55773947489.76554,62828.74611129084,106524080527.77612,135881427241.20885,0.05304650892156809,62952092730.15523,-55773310740.52304,62827.19579599026
1674,0.0008370000000000002,61134606130.06796,-57690470379.34284,62828.71172237719,113902157001.83209,129937815632.86772,0.053330646739205824,61134141255.26103,-57689839527.26871,62827.081844737855
1675,0.0008375000000000001,59258359895.361305,-59547969010.08423,62828.71465207382,121539246455.28938,124007749827.05501,0.05363439260357483,59257969013.87017,-59547276997.860374,62827.343036586
1676,0.0008380000000000002,57325860248.38755,-61344527246.065285,62828.69175164989,129433361349.68347,118096742591.20715,0.05395796980828121,57325531281.67767,-61343844805.91419,62827.294101909174
1677,0.0008385000000000002,55338991720.36353,-63078545654.68967,62828.68704331631,137582324711.80304,112211018734.89407,0.054301629620079006,55338729781.05075,-63077843006.72898,62827.4099761471
1678,0.0008390000000000001,53299855037.82478,-64748299387.81178,62828.66239752224,145983650986.3122,106357604166.33409,0.054665645460355544,53299668238.41902,-64747575147.16431,62827.29101765723
1679,0.0008395000000000002,51210426444.785194,-66352313920.32513,62828.662976874366,154634369727.90515,100544458847.67961,0.055050306167898126,51210272246.66612,-66351534661.09875,62827.331480295994
1680,0.0008400000000000001,49072875345.395615,-67889027697.54123,62828.664189716575,163530872824.462,94780581782.14108,0.05545590843464526,49072802652.82546,-67888179070.38905,62827.38072522342
1681,0.0008405000000000001,46889369816.43002,-69356998327.14272,62828.66424546043,172668707866.16708,89076153681.22446,0.05588274804454563,46889335026.18512,-69356112397.11322,62827.32121985457
1682,0.0008410000000000001,44662061000.70034,-70754902440.27681,62828.6868756859,182042373606.1131,83442666744.26147,0.056331109873742416,44662140435.43537,-70753920806.07208,62827.14049743451
1683,0.0008415000000000002,42393241858.90762,-72081399046.03967,62828.71144916895,191645094252.50403,77893060133.76196,0.056801256466369514,42393476543.50906,-72080324777.56375,62827.28726186608
1684,0.0008420000000000002,40085206926.76282,-73335254574.80862,62828.73434128644,201468552651.4978,72441875046.81201,0.057293414880904836,40085549251.526985,-73334108925.6179,62827.28676651554
1685,0.0008425000000000001,37740375537.18474,-74515247979.89743,62828.716668383895,211502611944.47192,67105401634.30437,0.05780776167674648,37740745376.18484,-74514139171.06056,62827.20530674019
1686,0.0008430000000000001,35360973236.49009,-75620398170.35527,62828.71257550575,221734996844.47818,61901838696.862625,0.05834440574099928,35361438834.47765,-75619261817.40755,62827.308923178636
1687,0.0008435000000000002,32949423636.6404,-76649673936.79134,62828.70695171324,232150975867.47607,56851429801.932686,0.058903368901176964,32949942899.660107,-76648501113.4488,62827.17566016658
1688,0.0008440000000000001,30508234668.83031,-77602091741.11253,62828.66465807658,242732974973.39224,51976627901.98655,0.05948456387151563,30508789478.27641,-77600954377.5896,62827.15230226746
1689,0.0008445000000000002,28039643507.165363,-78476928620.73285,62828.66556502551,253460173546.7022,47302242268.83103,0.06008776940302616,28040296475.534836,-78475745051.5091,62827.08877328698
1690,0.0008450000000000002,25546231385.232117,-79273336469.485,62828.66437277067,264308102434.81976,42855551171.843895,0.060712602634649594,25546909827.749184,-79272163107.89264,62826.98706039907
1691,0.0008455000000000001,23030480740.63894,-79990623360.39177,62828.663391772236,275248162502.6771,38666435583.37791,0.06135848822633482,23031274743.74817,-79989515320.64508,62826.954366577964
1692,0.0008460000000000002,20494908938.974056,-80628167253.51266,62828.65901526331,286247163346.483,34767454801.86798,0.062024624476910484,20495791939.37268,-80627126179.30113,62827.016716488506
1693,0.0008465000000000001,17942009690.552048,-81185447498.53894,62828.66249586494,297266838838.17236,31193892337.396347,0.06270994645773326,17942987306.234848,-81184426058.11842,62827.01885046469
1694,0.0008470000000000001,15374345553.510942,-81661992747.71407,62828.66476496706,308263367877.82367,27983747629.071697,0.06341308645015123,15375446824.995977,-81661010012.3551,62826.91343569101
1695,0.0008475000000000001,12794468818.065718,-82057424453.0452,62828.66508083822,319186904443.816,25177665681.79536,0.06413233213678922,12795680544.405836,-82056476982.65349,62827.080489589796
1696,0.0008480000000000002,10204936813.263685,-82371446627.93263,62828.664187269096,329981151351.4017,22818779585.707935,0.0648655833366036,10206238270.605747,-82370497852.50514,62827.127522612
1697,0.0008485000000000002,7608309291.742456,-82603847062.12126,62828.664286347084,340582996119.24963,20952452063.668625,0.06561030837053303,7609677304.704434,-82602967030.55513,62827.38127946174
1698,0.0008490000000000001,5007156819.254671,-82754490715.88359,62828.66509323984,350922242515.6247,19625895034.733364,0.06636350154903396,5008667610.490739,-82753593766.2754,62827.32473690789
1699,0.0008495000000000001,2404053284.0697303,-82823322186.57434,62828.6656854154,360921474804.16754,18887646657.17631,0.06712164372472057,2405656913.6291184,-82822422497.51833,62827.45598944891
1700,0.0008500000000000002,-198429292.406743,-82810365829.34798,62828.66543472352,370496099550.2348,18786885418.611874,0.06788066835135033,-196779433.70009756,-82809544488.3894,62827.459486244734
1701,0.0008505000000000001,-2797731886.625433,-82715718721.23576,62828.66680696633,379554612968.25397,19372563927.812645,0.06863593599713072,-2795977723.23408,-82714981180.50778,62827.43676360769
1702,0.0008510000000000002,-5391297033.702869,-82539573137.54784,62828.67106364882,387999143999.002,20692349692.096718,0.06938222074037718,-5389541916.311052,-82538950368.51971,62827.48394140298
1703,0.0008515000000000002,-7976546114.313053,-82282213333.60504,62828.66949840119,395726328126.93,22791367130.836796,0.07011371227503008,-7974761439.333788,-82281618765.98428,62827.53421778588
1704,0.0008520000000000001,-10550956631.41521,-81943973808.89522,62828.66807847669,402628557036.03577,25710744388.01821,0.07082403780602184,-10549083785.49694,-81943435786.97108,62827.73842879612
1705,0.0008525000000000002,-13112023259.378613,-81525271440.5561,62828.67412299455,408595635477.9102,29485986071.63355,0.07150630778619796,-13110069080.621979,-81524820027.72083,62827.78196802407
1706,0.0008530000000000001,-15657165361.28646,-81026642035.71169,62828.66453849034,413516877929.31946,34145205618.99491,0.07215318921531977,-15655214863.279423,-81026272189.3171,62827.98989179787
1707,0.0008535000000000001,-18183953181.510365,-80448643214.58958,62828.660267799576,417283649552.4181,39707266231.98662,0.07275700949853205,-18182007519.387608,-80448379700.44313,62828.05219145733
1708,0.0008540000000000002,-20689875963.984516,-79791953048.07774,62828.64820915409,419792294434.92474,46179922016.917366,0.07330989242193665,-20687927706.25868,-79791651463.0292,62827.844825227585
1709,0.0008545000000000002,-23172603031.561413,-79057258276.2815,62828.668013699426,420947423033.81476,53558032724.039246,0.073803926192526,-23170512476.733356,-79057101195.82855,62827.605263827034
1710,0.0008550000000000002,-25629534944.432556,-78245449636.81906,62828.65994275248,420665408337.2041,61821993639.26005,0.07423136088183858,-25627477349.694683,-78245391877.07887,62827.7861376842
1711,0.0008555000000000001,-28058425915.16629,-77357350142.70981,62828.67443005126,418878014510.39417,70936451710.56882,0.07458483041667263,-28056313052.138393,-77357389494.5501,62827.76825498434
1712,0.0008560000000000001,-30456886382.037743,-76393931134.97133,62828.7030113918,415535861573.00653,80849520128.84067,0.07485759050850323,-30454678503.80747,-76394083263.0423,62827.80338549839
1713,0.0008565000000000002,-32822662845.525303,-75356183631.72752,62828.77299147502,410611628334.5827,91492517032.4659,0.07504376204523369,-32820226483.49257,-75356595976.82355,62827.66187371895
1714,0.0008570000000000001,-35153169082.29702,-74245369925.80574,62828.78368354297,404102685757.0642,102780387973.5065,0.07513856653071431,-35150713257.984795,-74245893549.73253,62827.71653336929
1715,0.0008575000000000002,-37446241734.061966,-73062629428.8525,62828.76752880655,396033039368.3783,114612787286.36676,0.07513853959431435,-37443828089.059074,-73063160486.62917,62827.78520898884
1716,0.0008580000000000001,-39699773285.89956,-71809148871.36081,62828.76384853485,386454222539.2433,126875973956.47256,0.07504170692532422,-39697398331.20594,-71809799825.84735,62827.84686515598
1717,0.0008585000000000001,-41911561255.28216,-70486258829.31604,62828.76403178314,375445147704.8032,139445350383.36096,0.07484770955260053,-41909207141.78873,-70486989489.02818,62827.914952586005
1718,0.0008590000000000002,-44079472325.88973,-69095342334.7305,62828.76848897216,363110837031.80334,152188554441.17487,0.07455786802315605,-44077146462.50396,-69096221193.47232,62827.812370722655
1719,0.0008595000000000001,-46201266580.93481,-67637961731.20047,62828.7206320935,349580004755.99365,164968994721.75476,0.07417517864560905,-46199075077.65516,-67638825715.41539,62827.795865172906
1720,0.0008600000000000001,-48275085703.63331,-66115505894.26842,62828.68744388484,335001654752.1764,177649586805.714,0.07370424043292062,-48272960153.66504,-66116375303.43494,62827.65261435461
1721,0.0008605000000000002,-50298911223.996284,-64529569636.20653,62828.65876366683,319540763656.54675,190096582522.8776,0.07315111560113165,-50296869350.936356,-64530478344.23223,62827.72672540169
1722,0.0008610000000000002,-52270750240.76645,-62881836483.61293,62828.61344510448,303373483391.9599,202183110592.18665,0.07252313319172266,-52268860868.30816,-62882735927.384026,62827.606527098134
1723,0.0008615000000000002,-54188856777.1688,-61173879500.47604,62828.60693178413,286682029494.25433,213792347789.5167,0.07182864829398881,-54187001499.797195,-61174822547.91341,62827.70124219592
1724,0.0008620000000000001,-56051233826.19748,-59407601511.56631,62828.57257183268,269649538591.59738,224820174467.76816,0.07107677198392483,-56049476352.06214,-59408563842.32098,62827.693587010566
1725,0.0008625000000000001,-57856030014.825676,-57584905452.78616,62828.47516526078,252455313909.2372,235177078499.31955,0.07027708948819134,-57854497475.70712,-57585688805.669754,62827.699960155995
1726,0.0008630000000000002,-59601929082.78341,-55707242841.24189,62828.4838663353,235270520233.65152,244789417501.44803,0.06943938196293385,-59600355509.360214,-55708110178.34874,62827.96637624571
1727,0.0008635000000000002,-61287060578.58684,-53776733410.86672,62828.509933340014,218254496580.6541,253600043785.51828,0.06857336545907018,-61285449548.779274,-53777768857.901085,62828.02189064877
1728,0.0008640000000000002,-62909555871.67333,-51795675976.93521,62828.4265515762,201552093554.89044,261568067060.42914,0.06768846036607887,-62908189235.79537,-51796621234.58387,62828.048225909944
1729,0.0008645000000000001,-64468277615.87483,-49765623130.268585,62828.41163529621,185291742832.21317,268668155774.93976,0.06679359807548525,-64466959060.65993,-49766526489.315285,62827.92007156541
1730,0.0008650000000000002,-65961755368.27903,-47688607187.99477,62828.46909235917,169584197256.9867,274889518004.6465,0.06589706791387491,-65960336589.253265,-47689768205.82888,62827.84899591982
1731,0.0008655000000000002,-67388363495.81519,-45567028940.418175,62828.48892401807,154522238184.25076,280234342334.46454,0.06500640726389445,-67386925519.18309,-45568310785.23301,62827.824401418926
1732,0.0008660000000000001,-68746822539.59845,-43402972825.294334,62828.49448281985,140180992057.56784,284716065113.15753,0.06412833265462944,-68745393858.12756,-43404277261.678764,62827.977710286956
1733,0.0008665000000000001,-70035809935.78183,-41198733352.32903,62828.44942273855,126618668780.32846,288357632194.791,0.06326870711179218,-70034429719.46379,-41199974076.99444,62827.7173381953
1734,0.0008670000000000001,-71254294027.99515,-38956274384.15226,62828.44219133719,113877774343.11137,291189678906.0779,0.06243253926501338,-71252993885.27072,-38957581918.64522,62827.590246742155
1735,0.0008675000000000002,-72400979046.72568,-36678165097.17575,62828.36830703425,101986530090.86012,293248841059.427,0.06162400782033724,-72399782053.30266,-36679343001.69494,62827.46624911007
1736,0.0008680000000000002,-73475052799.92114,-34366249163.42359,62828.37456177336,90960561116.16815,294576088804.6359,0.060846506286074915,-73473887061.30731,-34367517267.05081,62827.57723764448
1737,0.0008685000000000001,-74475266488.37291,-32023398509.58693,62828.281325134354,80804504920.45837,295215360573.4181,0.060102701130046655,-74474311339.16411,-32024479360.25527,62827.66030901951
1738,0.0008690000000000001,-75400975532.02644,-29651414234.666737,62828.26466484109,71513785309.76978,295212211971.5856,0.059394599682806255,-75400019980.86375,-29652476765.309933,62827.60134831992
1739,0.0008695000000000002,-76251307330.86935,-27252722785.595226,62828.30442067224,63076119078.28889,294612843303.4212,0.05872362193492799,-76250350087.4902,-27253954747.00127,62827.70801767749
1740,0.0008700000000000002,-77025397611.886,-24829993508.785664,62828.31448860091,55473072161.58614,293463159192.6063,0.05809067399200497,-77024470879.2036,-24831341001.84186,62827.697205669036
1741,0.0008705000000000002,-77722625414.21858,-22385497411.97014,62828.340810193135,48681430427.55795,291808052050.2073,0.05749622007100323,-77721690825.32904,-22387024117.205402,62827.74597739238
1742,0.0008710000000000001,-78342309212.49657,-19921945942.576065,62828.29966418046,42674379055.85593,289690883960.2811,0.05694035078263144,-78341411205.35167,-19923393406.15073,62827.6822599844
1743,0.0008715000000000002,-78884052518.09543,-17441370159.330017,62828.32000947452,37422582353.29765,287153056475.5261,0.056422846782892284,-78883196173.69821,-17442873690.184814,62827.80379884846
1744,0.0008720000000000002,-79347265862.4095,-14946814773.622808,62828.226906764685,32895053493.18069,284233758778.23395,0.05594323656837333,-79346517017.12877,-14948088436.161713,62827.65884699245
1745,0.0008725000000000001,-79731722394.90833,-12440196195.98884,62828.190659279215,29059961898.942745,280969740000.30133,0.055500848613833954,-79731014058.17622,-12441338027.05987,62827.850065278064
1746,0.0008730000000000001,-80037102775.42854,-9924085175.087214,62828.18474849321,25885216330.539547,277395256348.16486,0.0550948571250488,-80036439952.25528,-9925282989.811352,62827.7414298989
1747,0.0008735000000000001,-80263162657.025,-7401170770.793027,62828.15023484611,23339006597.27447,273542010321.57794,0.05472432213641419,-80262574732.2201,-7402316448.021949,62827.747521244295
1748,0.0008740000000000001,-80409786229.3273,-4873874261.59389,62828.11002909143,21390209677.729187,269439174200.3375,0.0543882240499172,-80409242706.99011,-4874973468.645613,62827.972210719425
1749,0.0008745000000000001,-80476925299.99365,-2344643360.259935,62828.0791931033,20008697548.981907,265113461717.24258,0.054085492996376425,-80476378554.35295,-2345623734.207923,62828.005065053476
1750,0.0008750000000000002,-80464606032.6437,184129393.1451367,62828.088816321986,19165577326.85207,260589219915.7607,0.053815033575056154,-80464086385.30777,183139509.08885613,62827.98529964178
1751,0.0008755000000000002,-80372919255.38304,2709897284.8697805,62828.122798409204,18833364501.940197,255888543940.55783,0.05357574546232704,-80372420662.49959,2708786716.989082,62827.961465114466
1752,0.0008760000000000003,-80202042454.16098,5230025869.308679,62828.13711360043,18986101747.917606,251031405750.4735,0.05336654038810005,-80201552574.8357,5228841050.879456,62827.910941436625
1753,0.0008765000000000002,-79952239284.17535,7742069054.503778,62828.14201755925,19599428470.577507,246035795694.26425,0.05318635592514097,-79951812549.8943,7740881763.308741,62827.9791058189
1754,0.0008770000000000002,-79623841572.36029,10243656890.708096,62828.167617313484,20650614696.162323,240917867869.47903,0.05303416653524148,-79623461276.65645,10242329241.563433,62828.040746255916
1755,0.0008775000000000001,-79217276408.19427,12732162210.854952,62828.161539651526,22118568301.916008,235692083709.5739,0.0529089922910234,-79216979682.86838,12730859144.75392,62828.06276341467
1756,0.0008780000000000002,-78733017317.02489,15205334881.741158,62828.18224053598,23983813163.922363,230371359015.74582,0.052809905598951386,-78732810982.35292,15203958318.573132,62828.0498567098
1757,0.0008785000000000002,-78171686562.87222,17660383629.381554,62828.114929756804,26228458332.33374,224967200113.7905,0.0527360362887188,-78171496861.59953,17659278243.70992,62828.17909831555
1758,0.0008790000000000001,-77533867624.68642,20095329524.28637,62828.091505053984,28836134809.378532,219489851325.95004,0.05268657524177094,-77533746521.58926,20094274452.435932,62828.29475690413
1759,0.0008795000000000001,-76820295838.517,22507659030.980095,62828.06967821399,31791953708.200344,213948409612.7168,0.05266077697515371,-76820240389.2242,22506692257.01512,62828.45503907629
1760,0.0008800000000000001,-76031750212.24007,24895062011.668236,62828.06351927717,35082424635.24593,208350961649.88303,0.052657961199300544,-76031713780.54121,24894108637.375893,62828.52638622923
1761,0.0008805000000000001,-75169118642.92174,27255115391.39668,62828.04180558027,38695385751.002144,202704700199.5745,0.05267751361804219,-75169085063.10095,27254269939.295193,62828.64236208411
1762,0.0008810000000000003,-74233345727.4851,29585511023.00049,62828.000399630604,42619919572.918274,197016044143.56363,0.052718886052182744,-74233298102.58495,29584826422.593517,62828.79026211331
1763,0.0008815000000000002,-73225400477.84204,31884106602.515816,62827.97994335887,46846274028.19752,191290746258.15546,0.05278159604794902,-73225343396.88539,31883477713.036526,62828.7426691624
1764,0.0008820000000000002,-72146329265.5707,34148733245.192013,62828.00221997837,51365786225.75362,185533992285.44177,0.052865226087820356,-72146319293.36563,34148123334.874786,62828.71116315415
1765,0.0008825000000000003,-70997404795.94814,36376870120.478615,62827.955464254745,56170796827.61436,179750503172.1854,0.05296942242778647,-70997358889.22139,36376364562.58091,62828.73616213261
1766,0.0008830000000000002,-69779660962.1028,38566795083.31401,62827.990661757925,61254542206.73359,173944652445.74844,0.05309389349412301,-69779625370.36516,38566225516.52805,62828.688865784876
1767,0.0008835000000000002,-68494548080.7722,40716000121.84028,62827.96993128153,66611111458.60328,168120521928.7303,0.05323840825960144,-68494464751.9581,40715493717.75895,62829.01022213993
1768,0.0008840000000000001,-67143270035.94587,42822708069.91093,62827.99978052925,72235310460.17773,162282037459.56943,0.053402794084959446,-67143257810.3655,42822148190.6829,62828.89527462846
1769,0.0008845000000000002,-65727312123.438934,44884728553.535255,62828.02216055902,78122616052.43925,156433020905.87537,0.053586934573671786,-65727361683.71832,44884165764.81905,62829.05204999837
1770,0.0008850000000000002,-64248164444.42129,46900051664.63561,62828.02644000661,84269056205.70128,150577306099.00708,0.05379076701151738,-64248259039.6952,46899543957.47103,62829.06027922153
1771,0.0008855000000000001,-62707307972.58611,48866829599.51535,62828.0456676094,90671125153.08829,144718820676.65393,0.05401427960003938,-62707427633.651436,48866364068.46825,62829.00427562471
1772,0.0008860000000000001,-61106357265.48468,50783136776.66294,62828.064219100954,97325696547.8282,138861667574.49988,0.05425750846379756,-61106561864.84407,50782656806.97987,62829.155805212424
1773,0.0008865000000000001,-59447000100.38065,52647087667.963005,62828.06035374358,104229913804.79128,133010224332.58463,0.05452053428361291,-59447204382.54751,52646703339.831696,62829.05217835688
1774,0.0008870000000000001,-57730920393.94169,54456939077.690544,62828.047666363746,111381083173.78456,127169236988.94717,0.05480347855511534,-57731142635.48784,54456625577.76837,62828.74559463885
1775,0.0008875000000000003,-55959874051.178635,56210974082.28203,62828.02833616319,118776569831.41281,121343908298.59633,0.055106499466923295,-55960042613.311554,56210722536.07231,62828.6713502432
1776,0.0008880000000000002,-54135632499.6797,57907573375.072136,62828.022696035,126413676580.69958,115539997845.93628,0.05542978726621293,-54135722495.40423,57907395154.41428,62828.4677140615
1777,0.0008885000000000002,-52260062261.40483,59545117750.79702,62828.02646387668,134289520046.50482,109763920177.70872,0.05577355906421817,-52260082618.55071,59544934735.81666,62828.47641087486
1778,0.0008890000000000003,-50335101926.37212,61122026209.34094,62828.02469197895,142400886537.7931,104022855723.86989,0.05613805292275584,-50335124115.00158,61121883002.4829,62828.36150227884
1779,0.0008895000000000002,-48362721840.28461,62636800681.02918,62828.01112372454,150744078448.84955,98324863774.56764,0.05652352112422453,-48362688476.425385,62636663632.7546,62828.26102093467
1780,0.0008900000000000002,-46344876082.418304,64088064506.402565,62828.007836202305,159314751118.06696,92678996569.096,0.05693022252174115,-46344832797.78151,64087993219.82534,62828.242957120805
1781,0.0008905000000000001,-44283633483.71716,65474433030.25124,62828.00238162542,168107738612.68814,87095414710.0238,0.057358413851416844,-44283538260.90289,65474347024.393715,62828.21226764538
1782,0.0008910000000000002,-42181055915.118484,66794631454.90572,62828.00427750411,177116847017.506,81585520374.89833,0.057808339755712666,-42180986467.98447,66794549557.104256,62828.174684019505
1783,0.0008915000000000001,-40039285534.627075,68047415141.44057,62828.00420612603,186334641221.7534,76162084170.78401,0.05828022142094411,-40039226212.434875,68047373917.72277,62828.10890268306
1784,0.0008920000000000001,-37860503422.8668,69231609066.37129,62827.99260644954,195752200731.94363,70839384313.71794,0.058774243580422776,-37860398831.23337,69231610270.58336,62828.008066582035
1785,0.0008925000000000001,-35646809124.18582,70346192317.12447,62828.00840554806,205358856816.10498,65633345154.88143,0.05929053970906929,-35646693090.20857,70346200089.48602,62827.9329075407
1786,0.0008930000000000001,-33400572702.809155,71390039461.79398,62827.99041844179,215141916512.66217,60561668509.394966,0.05982917526749469,-33400465324.536797,71390056479.16895,62827.82971012561
1787,0.0008935000000000001,-31123972895.80068,72362258900.52455,62827.97070980728,225086327198.45447,55643991450.70379,0.06039012858353998,-31123807024.847515,72362348603.38531,62827.68769544678
1788,0.0008940000000000003,-28819265973.16018,73261989269.14062,62827.95904074369,235174360266.97455,50902004634.71253,0.06097326943896708,-28819057298.137764,73262075117.72273,62827.608916626225
1789,0.0008945000000000002,-26488721793.770607,74088445523.99937,62827.96895248505,245385243375.8198,46359584521.1865,0.06157833502025687,-26488543954.850517,74088455878.39903,62827.79404362353
1790,0.0008950000000000002,-24134698023.269535,74840875296.96696,62827.98810250169,255694775828.30466,42042907778.03759,0.062204903128016895,-24134561880.298836,74840818431.28705,62827.76826466954
1791,0.0008955000000000002,-21759577403.874336,75518601052.85327,62828.00325557935,266074918426.82156,37980550321.98427,0.06285236252864138,-21759533038.24044,75518546795.80301,62827.73378413396
1792,0.0008960000000000002,-19365813529.105053,76120993841.49332,62827.98210996212,276493375593.598,34203553836.674694,0.06351988048869098,-19365702410.651733,76120973310.78403,62827.840343584176
1793,0.0008965000000000002,-16955640253.641375,76647631895.57703,62827.982198511374,286913168590.464,30745456456.065434,0.0642063676011982,-16955483588.875751,76647581844.0423,62827.73658439569
1794,0.0008970000000000001,-14531540469.569517,77098032632.38019,62827.970445508465,297292236743.32336,27642261852.643692,0.06491044028960638,-14531344041.282267,77097935935.2847,62827.73848381682
1795,0.0008975000000000002,-12095836974.027462,77471888967.11896,62827.978646497475,307583021574.16016,24932368218.072304,0.06563038129250526,-12095695035.872679,77471809820.34357,62828.01616939653
1796,0.0008980000000000001,-9651028854.233091,77768868549.63112,62827.97543752467,317732123266.0249,22656401511.931755,0.06636409901976968,-9650851762.984495,77768814062.01955,62828.12482328664
1797,0.0008985000000000001,-7199507251.145749,77988786386.47163,62827.97272637028,327679993184.6127,20856967001.95876,0.06710908672543121,-7199312222.766062,77988733031.15282,62828.059373235476
1798,0.0008990000000000001,-4743695461.082749,78131516561.74913,62827.97157104263,337360741157.1474,19578279273.38195,0.0678623829917449,-4743434225.244297,78131456636.57974,62827.98603934375
1799,0.0008995000000000001,-2286022581.229761,78197007003.91759,62827.97139984847,346702055929.0119,18865667697.65724,0.06862053530150311,-2285756814.6395707,78196915729.66278,62828.119118618204
1800,0.0009000000000000003,171082842.92214596,78185279399.21788,62827.97146753195,355625290675.4651,18764934119.950535,0.06937956896937408,171328999.83761743,78185188837.22264,62828.11969991566
1801,0.0009005000000000003,2625195556.2207484,78096436362.95486,62827.97113665768,364045753099.08655,19321548944.49138,0.07013496414544655,2625457574.0133295,78096367702.66414,62828.11891745947
1802,0.0009010000000000002,5073902516.232845,77930648605.69908,62827.971881565536,371873244451.7675,20579675269.133812,0.07088164402475705,5074129328.735675,77930616068.63715,62828.09586312224
1803,0.0009015000000000002,7514767883.422067,77688185283.1478,62827.96479528153,379012887927.0449,22581017326.23229,0.07161397773782371,7514985236.767465,77688167255.9429,62827.94234311451
1804,0.0009020000000000002,9945453614.252632,77369339123.38606,62827.97055797449,385366291370.2969,25363497407.687775,0.07232580160695304,9945687725.614681,77369324313.5399,62828.02329660741
1805,0.0009025000000000002,12363507529.916656,76974546077.40611,62827.966700556564,390833058938.5421,28959782876.597908,0.0730104623917831,12363726443.441063,76974527587.73515,62827.969660286035
1806,0.0009030000000000002,14766620408.698177,76504254756.84099,62827.97439659537,395312698647.139,33395685180.279274,0.0736608859193009,14766808295.926025,76504208944.90285,62827.93218682642
1807,0.0009035000000000001,17152386679.731554,75959038156.50797,62827.975751325015,398706882751.7879,38688494490.89803,0.07426967364704645,17152555551.029999,75958964896.32056,62827.76774094311
1808,0.0009040000000000002,19518447607.644306,75339531997.67921,62827.962012555974,400922073748.23883,44845297507.265656,0.0748292287440383,19518625408.035786,75339428989.0736,62827.94498351451
1809,0.0009045000000000001,21862486092.272163,74646437859.00232,62827.93108524985,401872427079.5844,51861376760.566154,0.07533191151895169,21862754172.721783,74646245852.55785,62827.921362932604
1810,0.0009050000000000001,24182366718.671448,73880455609.00179,62827.93601275378,401482887837.26306,59718785300.17595,0.07577022201193444,24182624946.41494,73880278128.48576,62827.80335431312
1811,0.0009055000000000001,26475713964.05496,73042473947.64206,62827.93673229791,399692336815.46643,68385217874.24581,0.07613700503432963,26475966341.433315,73042301324.33287,62827.76370645112
1812,0.0009060000000000001,28740342439.805706,72133379042.40881,62827.949763936165,396456691425.69006,77813237762.08698,0.07642567089749834,28740542746.342438,72133198327.57942,62827.642949259855
1813,0.0009065000000000003,30973847991.26598,71154257072.1609,62827.90241789521,391751690232.8451,87940032384.51642,0.07663042188139574,30974161435.19782,71154010631.07738,62827.76911961239
1814,0.0009070000000000003,33174356047.389244,70106002262.37474,62827.89963533675,385575263246.3197,98687704281.04164,0.07674647321216209,33174650784.199936,70105683308.75948,62827.65525647864
1815,0.0009075000000000002,35339617948.591736,68989786002.65842,62827.90004454866,377949150535.4998,109964277378.08807,0.07677025467315923,35339915921.26686,68989430690.89645,62827.72992516606
1816,0.0009080000000000002,37467470628.26592,67806829754.45589,62827.8786937188,368919824518.47644,121665243952.2011,0.0766995806311767,37467807984.55837,67806435719.96894,62827.79815402933
1817,0.0009085000000000002,39556052933.714836,66558252302.550224,62827.90818639385,358558424164.9975,133675768447.93088,0.07653377564163057,39556308517.432365,66557919453.93486,62827.69760230467
1818,0.0009090000000000002,41603175357.37767,65245468728.517876,62827.923906949305,346959655970.03217,145873452188.81833,0.07627374517853877,41603403851.13073,65245155696.89353,62827.75448392384
1819,0.0009095000000000002,43606738928.658394,63869947850.740715,62827.87612197861,334239813513.9809,158131405786.92307,0.07592198576394121,43607073739.84679,63869571241.57858,62827.68805431539
1820,0.0009100000000000001,45565108059.98589,62432909312.0162,62827.87670278878,320533838368.1007,170321612547.08353,0.07548253149228065,45565455531.78095,62432509676.932976,62827.785078173045
1821,0.0009105000000000002,47476216350.7794,60935980956.90202,62827.85304949377,305991563280.04974,182318406868.8679,0.07496083854418711,47476648768.94812,60935580633.6134,62827.95797800289
1822,0.0009110000000000001,49338355705.73643,59380608266.13586,62827.85425730295,290773578059.9707,194001669064.32397,0.07436361598644928,49338797406.94274,59380101764.01523,62827.89913534118
1823,0.0009115000000000001,51149712157.05818,57768414529.78036,62827.867825312685,275046664776.616,205259834393.60867,0.07369861214579329,51150153843.59136,57767933005.184906,62827.9738615395
1824,0.000912,52908417285.51849,56101189021.70438,62827.83452720634,258979280319.19833,215992363826.94092,0.0729743707457072,52908943999.41836,56100631627.691444,62827.946021859854
1825,0.0009125000000000001,54613007356.09495,54380438221.23798,62827.843944949134,242737239447.1382,226111656856.8949,0.0721999714655545,54613426357.22812,54379872811.54535,62827.99667193499
1826,0.0009130000000000003,56261764851.322334,52608011787.42817,62827.85482664951,226479723287.81113,235544424873.01404,0.07138476880604462,56262118846.62392,52607467566.75178,62827.81035052637
1827,0.0009135000000000002,57853155825.83072,50785683533.395065,62827.88060270778,210355996219.5269,244232310619.23294,0.07053814387957133,57853452285.011375,50785149750.442116,62827.886370308916
1828,0.0009140000000000002,59385603719.34999,48915391656.7955,62827.8877062921,194502721999.7208,252131988461.61243,0.06966927938835298,59385819967.49332,48914882339.393394,62827.98135422528
1829,0.0009145000000000002,60857729203.51012,46998959836.88732,62827.90670940243,179042056828.47662,259214690385.3964,0.06878696636283048,60857864596.027916,46998478925.5241,62827.799177095745
1830,0.0009150000000000002,62268145331.38193,45038331155.4667,62827.93684629976,164080420843.68478,265465336825.14523,0.06789944722984308,62268184892.49731,45037903355.385574,62827.673727969275
1831,0.0009155000000000002,63615376910.94686,43035714595.45561,62827.896116004726,149707988862.55377,270881292175.72778,0.06701429757514422,63615427293.29518,43035172325.68754,62827.67553520771
1832,0.0009160000000000001,64898510822.946495,40992629127.73864,62827.96901563942,135998793109.22884,275470878011.29553,0.06613834604791785,64898425493.725235,40992291665.87209,62827.62382797046
1833,0.0009165000000000001,66115973754.90031,38911715077.52498,62827.94608232952,123011191658.06322,279251878698.42084,0.06527762860005856,66115905528.93456,38911324835.85832,62827.78391797928
1834,0.0009170000000000002,67266928364.98285,36794605925.98608,62827.992215342514,110788966576.06378,282249778296.4121,0.06443737495222729,67266785460.591034,36794362439.703445,62827.80196713987
1835,0.0009175000000000001,68350127970.44043,34643750822.60484,62827.995588273225,99362419845.52103,284496296585.3721,0.06362201986839759,68349992546.68112,34643496528.97242,62827.97127928654
1836,0.0009180000000000001,69364736110.66528,32461017782.020714,62828.05595734536,88749873484.25789,286027797829.74066,0.06283523584709885,69364409704.07256,32460953773.258377,62828.11664661804
1837,0.0009185,70309688236.3155,30248875212.88046,62828.078948535716,78959096263.42595,286883984273.3962,0.062079980629463384,70309314439.81395,30248864854.45289,62828.1801637568
1838,0.0009190000000000001,71184128025.68092,28009578202.53474,62828.05391263489,69988870082.09929,287106625438.3572,0.06135855572299107,71183779861.5861,28009478079.738735,62828.04542533476
1839,0.0009195000000000003,71987398194.73589,25745077036.253662,62828.07607127678,61830429524.52921,286738535828.8812,0.060672671009567594,71987090929.90761,25745061108.10223,62827.83793924314
1840,0.0009200000000000002,72718697847.03163,23457854255.25604,62828.073639419454,54468823953.26316,285822713339.4342,0.06002351199549949,72718402879.8708,23457787854.809303,62827.715360088645
1841,0.0009205000000000002,73377431445.1677,21150077798.887783,62828.08369273278,47884231360.426735,284401578704.02167,0.05941180737352339,73377136900.03465,21150046350.901497,62827.675026178746
1842,0.0009210000000000002,73963048514.63817,18823976564.523712,62828.12807843153,42053079643.843025,282516426920.28094,0.058837894254051316,73962683604.76933,18824093585.46819,62827.51253891159
1843,0.0009215000000000002,74474977437.18018,16482138141.935719,62828.12125160247,36949063652.53707,280206982858.5499,0.05830177979316945,74474621079.81415,16482331737.746128,62827.40794723081
1844,0.0009220000000000002,74912827092.45964,14126827531.902477,62828.08441332606,32544036651.149563,277511065760.4957,0.0578031982772874,74912500892.31763,14126939093.426434,62827.46561364878
1845,0.0009225000000000001,75276267571.54388,11760341923.065601,62828.03124603853,28808736941.40226,274464388202.82062,0.05734166283473147,75275978218.52011,11760287567.017729,62827.35485348308
1846,0.0009230000000000001,75565052903.48654,9384887193.804323,62828.00555468537,25713414988.712185,271100417786.00134,0.05691651171071409,75564772008.32765,9384778582.041302,62827.43251320059
1847,0.0009235000000000002,75778993291.23247,7002678444.535297,62828.049215728875,23228346083.643654,267450311792.40607,0.056526949093387915,75778714009.83295,7002784251.985401,62827.267934778414
1848,0.0009240000000000001,75917899665.61916,4616525605.185463,62828.02232595753,21324248449.011906,263542903112.09537,0.056172080720505044,75917617944.41959,4616526662.145612,62827.36620680409
1849,0.0009245000000000001,75981755162.52916,2228589144.6088324,62827.986764281224,19972619814.385284,259404724072.36188,0.05585094462546634,75981459171.56262,2228489588.393348,62827.20852951161
1850,0.000925,75970593096.61847,-158975838.55649042,62828.00491424162,19145973286.481476,255060089133.01263,0.05556253723410601,75970291599.86195,-158963450.27152973,62827.15337638199
1851,0.0009255000000000002,75884493805.07523,-2543662461.5173364,62828.02941119374,18818029361.77903,250531181555.0589,0.055305835399190977,75884204794.3446,-2543591943.817836,62827.3449897212
1852,0.0009260000000000003,75723627883.01003,-4923054303.020218,62828.039454030506,18963851726.984726,245838159073.77814,0.05507981480385441,75723339601.29068,-4922920336.410508,62827.35459810201
1853,0.0009265000000000002,75488248293.5353,-7294728805.683798,62828.00981376981,19559931292.374313,240999278113.075,0.05488346512039921,75487930741.80396,-7294632976.212893,62827.30018050041
1854,0.0009270000000000002,75178654727.90068,-9656720848.140518,62828.05498841063,20584234259.410973,236031023573.03076,0.05471580234987904,75178365931.11368,-9656385906.318264,62827.22019879847
1855,0.0009275000000000002,74795262975.3607,-12006288441.994923,62828.04183739075,22016227573.391197,230948235568.4649,0.05457587876941427,74794987428.5677,-12005955948.234095,62827.17759872778
1856,0.0009280000000000002,74338524109.1105,-14341332932.130976,62828.035213091476,23836864816.44489,225764249218.59485,0.054462790752230615,74338232430.70045,-14340983517.647272,62827.270256811214
1857,0.0009285000000000002,73808999837.67508,-16659399350.995031,62827.98124837965,26028569084.95375,220491019982.9912,0.054375684860021624,73808687626.84343,-16659175602.152718,62827.23575464602
1858,0.0009290000000000001,73207235355.00641,-18958591195.985325,62827.99944948137,28575186756.18405,215139257733.5582,0.0543137624048382,73206935430.83327,-18958291512.26818,62827.297065463485
1859,0.0009295000000000001,72533985720.35794,-21236233618.173283,62827.95055682021,31461951264.56408,209718538345.25647,0.05427628284474294,72533651199.22313,-21236052026.52813,62827.31041755452
1860,0.0009300000000000002,71789893880.16405,-23490571609.92133,62827.98817975339,34675400186.77175,204237444125.73526,0.05426256599675933,71789544748.1061,-23490251304.780792,62827.3122042472
1861,0.0009305000000000001,70975833180.44968,-25719125546.58271,62828.019253594415,38203337688.27117,198703653839.86026,0.05427199354911284,70975520012.88194,-25718747153.575455,62827.4436991384
1862,0.0009310000000000001,70092733348.38477,-27919590769.8874,62827.99751485055,42034737708.9286,193124076313.02454,0.054304009696031635,70092413899.01993,-27919276176.23195,62827.48107243652
1863,0.0009315,69141484042.01666,-30090041323.942776,62827.99499516068,46159670834.28872,187504955182.40073,0.0543581211818214,69141191437.45338,-30089725910.602394,62827.66459837405
1864,0.0009320000000000002,68123112544.80632,-32228329115.501698,62827.99771351029,50569242845.38505,181851956805.83823,0.05443389693638943,68122845286.03374,-32227972120.480762,62827.376701580004
1865,0.0009325000000000003,67038729799.162155,-34332309643.831627,62827.980183486165,55255504625.946144,176170278333.59442,0.05453096721983147,67038444579.59931,-34332020247.689747,62827.534406446124
1866,0.0009330000000000002,65889494798.06204,-36399931031.045906,62827.936010989906,60211368513.25345,170464745164.88513,0.05464902238598668,65889142912.59514,-36399762637.21551,62827.66887978453
1867,0.0009335000000000002,64676583714.07905,-38429276196.75813,62827.89400625768,65430528289.567635,164739901093.1923,0.054787811339009465,64676184042.4212,-38429154942.02806,62827.74742906882
1868,0.0009340000000000002,63401275171.79236,-40418369426.20608,62827.84750458236,70907381759.56096,159000092758.94965,0.05494713973496766,63400840184.53203,-40418337219.391174,62827.60465363347
1869,0.0009345000000000002,62064810732.41177,-42365451455.62845,62827.85641294031,76636939629.62166,153249563295.82996,0.05512686787083687,62064349657.56808,-42365369934.26617,62827.644935092525
1870,0.0009350000000000002,60668671062.818924,-44268470844.71684,62827.853136211794,82614751014.42429,147492528417.71655,0.05532690837555573,60668209613.78307,-44268318209.285286,62827.61592851701
1871,0.0009355000000000001,59214296694.2188,-46125614992.47682,62827.84274199507,88836789320.4818,141733285085.95584,0.055547223469906135,59213861547.00061,-46125442368.94618,62827.581782185196
1872,0.0009360000000000001,57703184530.55406,-47935114708.74857,62827.82902594949,95299372052.24422,135976287090.13063,0.05578782200073501,57702730027.02604,-47934925975.338104,62827.65019756968
1873,0.0009365000000000002,56136844860.4007,-49695303140.65736,62827.83843983673,101999063472.99335,130226233452.47252,0.05604875613492342,56136406972.608116,-49695024034.6356,62827.82972286777
1874,0.0009370000000000001,54516925696.52834,-51404440222.70083,62827.84642914001,108932577447.87183,124488153905.0623,0.05633011769914171,54516564572.7233,-51404098143.72181,62827.96061997805
1875,0.0009375000000000001,52845086668.97608,-53060899054.68598,62827.85316431031,116096658563.53802,118767510320.4288,0.056632034012878786,52844729973.19828,-53060556632.05714,62827.991932062374
1876,0.000938,51122989763.36953,-54663160162.82126,62827.88311483362,123487971765.09837,113070286872.91536,0.05695466324231416,51122719769.246346,-54662733239.30698,62828.009401849726
1877,0.0009385000000000002,49352502969.72963,-56209575890.872314,62827.8777360319,131102984100.43768,107403083197.84122,0.05729818919524867,49352235183.35509,-56209148638.13932,62828.20050114776
1878,0.0009390000000000003,47535408375.79007,-57698718242.202156,62827.850467883865,138937812572.3703,101773232020.44978,0.057662815314400005,47535080607.92549,-57698377095.530594,62828.38242018003
1879,0.0009395000000000002,45673453803.40153,-59129287023.58667,62827.85043576592,146988095127.69415,96188890754.91322,0.05804875797260816,45673093292.12854,-59128917009.70399,62828.40189074769
1880,0.0009400000000000002,43768586260.40916,-60499875149.41294,62827.84773908973,155248841581.85153,90659144374.91022,0.0584562388989674,43768203154.82992,-60499578210.98332,62828.492562707914
1881,0.0009405000000000001,41822711855.88929,-61809219801.809235,62827.85283616589,163714243859.2258,85194135109.66832,0.05888547643587288,41822307713.63156,-61808851107.63281,62828.55608762306
1882,0.0009410000000000002,39837757248.51706,-63056130359.31489,62827.88302744195,172377497217.13467,79805173120.1119,0.05933667564323457,39837401074.43039,-63055743165.478745,62828.53916518896
1883,0.0009415000000000002,37815847565.611244,-64239344753.19618,62827.88273706156,181230596486.93347,74504857794.7913,0.059810017036921855,37815492340.474365,-64238998540.98276,62828.492575663615
1884,0.0009420000000000001,35759030415.18026,-65357770006.642876,62827.849760559984,190264095150.9556,69307217018.98384,0.0603056436737532,35758599359.414566,-65357531426.283775,62828.382167221826
1885,0.0009425000000000001,33669272341.09121,-66410459583.63794,62827.82996515883,199466873237.06775,64227824209.382675,0.060823646578441075,33668812737.888084,-66410220918.347176,62828.47925156134
1886,0.0009430000000000002,31548673978.762287,-67396446098.40072,62827.82191071001,208825882806.43985,59283917854.554726,0.06136404831114233,31548215675.08213,-67396187187.51246,62828.558547424254
1887,0.0009435000000000001,29399366066.538948,-68314828276.12193,62827.82345156358,218325850252.9199,54494536833.87259,0.061926784354965195,29398858814.06405,-68314545672.90628,62828.6063275344
1888,0.0009440000000000001,27223525246.002293,-69164760901.37758,62827.82451920082,227948967883.08218,49880641990.70608,0.0625116822145286,27223023702.766914,-69164472443.02464,62828.94413810871
1889,0.0009445000000000002,25023250254.687748,-69945531018.01595,62827.856471736355,237674563798.55115,45465229993.77887,0.06311843806469938,25022836404.455208,-69945212682.34775,62829.14006817403
1890,0.0009450000000000002,22800860012.208107,-70656371768.30356,62827.869970826534,247478764295.1943,41273426077.515495,0.06374659089560568,22800420254.105175,-70656040002.26276,62829.22525270951
1891,0.0009455000000000003,20558543543.207935,-71296682174.98099,62827.87732125641,257334116155.6246,37332575310.925575,0.06439549395170195,20558055612.276882,-71296330159.23824,62829.4193969883
1892,0.0009460000000000002,18298530132.335533,-71865915865.38542,62827.8810572428,267209230820.93707,33672284547.429573,0.06506428367096627,18298064281.146423,-71865592700.84758,62829.512584165284
1893,0.0009465000000000002,16023046767.081926,-72363606246.21695,62827.890169758044,277068412354.23236,30324439548.716423,0.06575184617713208,16022553298.447025,-72363179707.53728,62829.24426815723
1894,0.0009470000000000001,13734419921.52426,-72789307737.19193,62827.87997961111,286871298594.5346,27323173212.137558,0.0664567816369516,13733893198.151218,-72788835419.3136,62829.18854864116
1895,0.0009475000000000002,11434848157.91794,-73142727684.865,62827.879598348845,296572517946.75854,24704778802.811497,0.06717736693589886,11434323961.682047,-73142290009.69778,62829.109791456234
1896,0.0009480000000000002,9126649606.341547,-73423576568.01508,62827.87458568314,306121404818.6374,22507542289.85186,0.06791151746897235,9126100507.04912,-73423094653.79857,62829.0222188953
1897,0.0009485000000000001,6812076249.746337,-73631687305.21852,62827.87842629418,315461757042.72723,20771497320.766438,0.06865674897109561,6811509645.986212,-73631209813.76807,62829.12915586519
1898,0.0009490000000000001,4493459359.884182,-73766900770.0788,62827.87527354608,324531696397.65857,19538071523.43197,0.0694101407776248,4492896418.792682,-73766427593.13521,62829.27586571584
1899,0.0009495000000000001,2173064967.0945563,-73829198594.71927,62827.87547263617,333263631782.6863,18849618512.048412,0.07016830218858677,2172439551.878398,-73828658342.9704,62828.79540430714
1900,0.0009500000000000001,-146807735.8482812,-73818586869.35011,62827.87562466688,341584388362.8162,18748814653.431717,0.07092734406184081,-147431545.09644967,-73818015974.53061,62828.50475012791
1901,0.0009505000000000001,-2463864872.8333073,-73735173704.7426,62827.87389927074,349415508364.2911,19277912960.85872,0.07168285811649373,-2464457667.8134727,-73734481808.28119,62828.47110374452
1902,0.0009510000000000002,-4775846408.442268,-73579098998.33804,62827.87789788229,356673783663.17194,20477843017.636147,0.07242990682096727,-4776412114.9796095,-73578384458.05225,62828.581264997854
1903,0.0009515000000000002,-7080446004.472068,-73350627427.11765,62827.87688519,363272038042.04285,22387156034.293957,0.07316302701961643,-7080986872.007348,-73349872447.59499,62828.25393556734
1904,0.0009520000000000003,-9375425954.853884,-73050049730.53494,62827.8803664545,369120211860.3498,25040818619.27904,0.07387625063434546,-9375955981.564535,-73049311575.7836,62828.383154929885
1905,0.0009525000000000002,-11658506324.060596,-72677759085.04457,62827.878856608564,374126748146.1372,28468874827.0887,0.07456314571118774,-11659005686.520817,-72677028701.43909,62828.37766049279
1906,0.0009530000000000002,-13927494441.987932,-72234183706.69052,62827.888640239995,378200316095.0708,32695000447.21547,0.07521688082616891,-13927991282.906654,-72233445158.16885,62828.439057811374
1907,0.0009535000000000001,-16180106840.695509,-71719870127.77615,62827.88795236685,381251844900.4669,37735000173.82024,0.07583031515533917,-16180570649.522587,-71719166297.92223,62828.245955250386
1908,0.0009540000000000002,-18414161796.715797,-71135398047.07585,62827.88448002282,383196867622.4125,43595292767.27486,0.07639611562221182,-18414663509.26117,-71134653699.91862,62828.34445817214
1909,0.0009545000000000002,-20627564847.388348,-70481384000.9572,62827.90996929619,383958091361.1968,50271474638.84698,0.07690690093291455,-20627946124.332348,-70480606638.17389,62828.47832228493
1910,0.0009550000000000001,-22818090180.59744,-69758579470.02898,62827.94086818875,383468126479.1431,57747041153.07766,0.07735541055409975,-22818344071.300514,-69757792076.04622,62828.5911471023
1911,0.0009555000000000001,-24983502553.41015,-68967825497.23412,62827.94059184619,381672289861.9177,65992338962.96857,0.07773469478681021,-24983755700.671844,-68966991823.9136,62828.52736372925
1912,0.0009560000000000001,-27121818148.63261,-68109922160.69268,62827.95410819605,378531316642.65485,74963866752.52802,0.07803831960518996,-27122028933.017372,-68109079776.232506,62828.58299595389
1913,0.0009565000000000001,-29230980578.026134,-67185777409.01488,62827.9898614139,374023799815.89343,84604036583.98854,0.07826057748604032,-29231132982.677883,-67184942042.48096,62828.58298759711
1914,0.0009570000000000001,-31308823315.647415,-66196442249.57418,62828.00368428739,368148261207.3361,94841413936.304,0.07839669417118938,-31308949670.74964,-66195626335.57156,62828.577027057254
1915,0.0009575000000000002,-33353422789.96974,-65142918122.4254,62828.029292046405,360924671257.1859,105591502698.1352,0.07844301987318356,-33353466603.55968,-65142123587.16074,62828.66369291934
1916,0.0009580000000000002,-35362816484.25805,-64026304067.32781,62828.073345856734,352395218422.6801,116758141355.4857,0.0783971925114385,-35362655388.52461,-64025564825.9864,62828.79697181704
1917,0.0009585000000000003,-37334857088.7882,-62847907961.36514,62828.05664794789,342624307719.00323,128235412453.05461,0.07825826203386932,-37334779476.220505,-62847126914.14827,62828.70480853227
1918,0.0009590000000000002,-39267916421.16965,-61608785126.39492,62828.085284869085,331697726398.53723,139910004874.1114,0.07802676663115801,-39267783772.04938,-61608058533.92962,62828.67579993227
1919,0.0009595000000000002,-41159757630.34158,-60310496709.01746,62828.01088925032,319720836971.87463,151664049920.8381,0.07770475315969945,-41159784004.80688,-60309661020.46543,62828.68875460609
1920,0.0009600000000000001,-43009111662.2538,-58953986393.82211,62828.05318793692,306816162483.0891,163378025382.36215,0.0772957406152034,-43009055052.38294,-58953271957.74138,62828.477603627485
1921,0.0009605000000000002,-44813770021.16161,-57540984565.19723,62828.03786390485,293120035206.77716,174933977969.8955,0.07680462522712561,-44813767829.57997,-57540218832.20662,62828.40670228967
1922,0.0009610000000000002,-46572240236.53897,-56072759756.29346,62828.06225098083,278779082013.2346,186218353528.52304,0.07623753562193082,-46572207322.95892,-56072064240.71731,62828.39662979832
1923,0.0009615000000000001,-48282843661.85125,-54550806365.834045,62828.13003581707,263946130575.62296,197124848838.6612,0.07560164398612826,-48282623256.61748,-54550220857.31341,62828.50627108406
1924,0.0009620000000000001,-49943784938.944885,-52976832507.21456,62828.17178421088,248776203368.2286,207556735389.6463,0.07490494629551615,-49943456316.19353,-52976373201.1495,62828.363027464926
1925,0.0009625000000000001,-51553431911.83814,-51352513774.45954,62828.16275596711,233422645783.29526,217428711234.72855,0.07415602451554298,-51553082281.9384,-51352051998.556786,62828.32006135918
1926,0.0009630000000000001,-53110428235.68957,-49679339239.09117,62828.18015909445,218033528928.06796,226668261441.0267,0.07336380357317483,-53110020779.94281,-49678932150.36362,62828.115589756715
1927,0.0009635000000000001,-54613187478.63811,-47959134775.8274,62828.17258375267,202748505286.27405,235216477930.60522,0.07253731539531708,-54612763234.51942,-47958739349.88195,62827.94311429848
1928,0.0009640000000000002,-56060376776.320206,-46193553683.69995,62828.18141734262,187696345965.1419,243028241610.91046,0.0716854816638427,-56059904506.695816,-46193165819.11335,62827.75972395328
1929,0.0009645000000000003,-57450501931.450195,-44384554446.2995,62828.14089916939,172993016884.28165,250072000981.38043,0.07081692263031555,-57450073865.0583,-44384084576.472015,62827.846648285486
1930,0.0009650000000000003,-58782475172.70771,-42533689780.438675,62828.162757527796,158740479643.4475,256329053515.9654,0.06993979827808115,-58781942827.03386,-42533266423.1849,62827.60935164294
1931,0.0009655000000000002,-60054881961.937294,-40643051608.01787,62828.16062088778,145025987908.13895,261792602214.6554,0.06906168357697197,-60054317005.2474,-40642682290.167816,62827.50812679908
1932,0.0009660000000000002,-61266591047.4218,-38714475221.79392,62828.16397864579,131922078525.43436,266466434973.2967,0.0681894794808067,-61265946156.761894,-38714101812.97943,62827.470307488
1933,0.0009665000000000002,-62416428483.16434,-36749985505.81064,62828.14409687301,119486903329.46674,270363573990.6879,0.06732935679408458,-62415817682.638626,-36749587606.87088,62827.55758413291
1934,0.0009670000000000002,-63503407789.258255,-34751436445.083466,62828.14684782254,107764997461.5237,273504797048.72125,0.0664867302708617,-63502752364.30371,-34751105528.875595,62827.5035492427
1935,0.0009675000000000002,-64526499334.382576,-32720882026.328255,62828.15575697543,96788278058.0321,275917206437.14185,0.06566625833037384,-64525774608.26879,-32720651449.4943,62827.55637511602
1936,0.0009680000000000001,-65484809031.659256,-30660270706.113136,62828.20189847372,86577274906.22319,277632814059.9643,0.06487186409231274,-65484027269.86089,-30660168927.143833,62827.620109232856
1937,0.0009685000000000001,-66377369512.64865,-28571860532.944077,62828.2186765754,77142431363.27774,278687261135.9504,0.06410677265523643,-66376550432.286865,-28571849138.051273,62827.61406854276
1938,0.0009690000000000001,-67203439119.196266,-26457610873.81433,62828.25210284987,68485482392.860306,279118628258.9744,0.06337356041901046,-67202575768.38885,-26457803368.922947,62827.479492767685
1939,0.0009695000000000001,-67962201037.028244,-24319831666.827568,62828.237028570424,60600757958.68625,278966443176.012,0.06267421190918608,-67961301721.27362,-24320048004.12319,62827.60264684493
1940,0.0009700000000000003,-68652981908.813774,-22160708189.524082,62828.15945236065,53476484726.39351,278270782106.6374,0.06201018108486003,-68652152706.179985,-22160731441.062645,62827.52240148963
1941,0.0009705000000000002,-69275302590.17627,-19982055918.57917,62828.13209199593,47095957681.24136,277071557553.9421,0.06138245391711256,-69274514845.08382,-19982027706.27442,62827.72197722355
1942,0.0009710000000000003,-69828616879.41824,-17786032477.84533,62828.15753230891,41438598782.26148,275407949319.4055,0.0607916099665481,-69827827002.6445,-17786154909.214695,62827.652034753846
1943,0.0009715000000000002,-70312368087.75452,-15575125396.919638,62828.13736405324,36480946350.17329,273317916430.1359,0.060237881655729034,-70311617635.87581,-15575273358.087019,62827.71797864136
1944,0.0009720000000000002,-70726213293.60336,-13351343475.696636,62828.133463371385,32197510840.3203,270837836049.88943,0.05972120993381569,-70725465041.45055,-13351592069.499962,62827.769052536176
1945,0.0009725000000000002,-71069798528.9719,-11117009883.111712,62828.10893012963,28561475103.04877,268002277263.69888,0.059241295303311445,-71069105711.74432,-11117250693.863918,62827.67985769684
1946,0.0009730000000000002,-71342862194.11343,-8874401409.526949,62828.04507829285,25545322641.648262,264843819812.37814,0.058797644119999375,-71342150615.68292,-8874466078.230652,62827.77097554472
1947,0.0009735000000000002,-71545248773.85237,-6625570062.942647,62827.996452917236,23121344146.396946,261392961015.27313,0.05838960988801326,-71544537503.71777,-6625478119.334992,62827.692367213705
1948,0.0009740000000000001,-71676843927.30727,-4372654590.604436,62827.99017242685,21262049888.44002,257678080523.10776,0.05801642961765619,-71676166159.7275,-4372567096.39808,62827.757366350044
1949,0.0009745000000000001,-71737568351.20398,-2118164873.7043903,62827.93605133449,19940509805.38364,253725440231.8235,0.0576772555377792,-71736894412.56342,-2117934778.1632633,62827.848319556986
1950,0.0009750000000000002,-71727466394.89659,135919906.8729152,62827.912858990916,19130619500.781994,249559221182.51334,0.05737118245630856,-71726827782.00545,136216685.6787289,62827.9257668557
1951,0.0009755000000000001,-71646620321.51094,2387326103.750586,62827.90420266121,18807291660.341053,245201600154.756,0.057097271038807164,-71646020198.9101,2387635455.094337,62828.1348297858
1952,0.0009760000000000001,-71495186666.15738,4633854477.654166,62827.915938862,18946606550.042103,240672833213.93353,0.056854567493085165,-71494606188.61823,4634118182.231723,62828.308488494054
1953,0.0009765000000000003,-71273399437.09126,6873113101.484263,62827.88987375803,19525911829.061287,235991359523.1156,0.05664212000756992,-71272840941.78331,6873479175.563593,62828.23593527252
1954,0.0009770000000000002,-70981542843.99265,9103224275.38382,62827.93017573893,20523883402.70463,231173915544.01874,0.05645899232102933,-70980953529.07474,9103448636.925728,62828.11615463523
1955,0.0009775000000000003,-70619996565.78416,11321726676.733402,62827.94878844407,21920562439.236034,226235649392.70465,0.056304274824008745,-70619379545.40384,11321871894.957088,62828.29666345003
1956,0.0009780000000000001,-70189192099.6031,13526525451.102493,62827.97195999538,23697356700.274925,221190246098.65973,0.05617709346995296,-70188545058.34673,13526644943.840744,62828.26447085758
1957,0.0009785000000000002,-69689643789.90309,15715395952.092459,62827.97821820254,25837030842.08373,216050046158.91464,0.056076616849364234,-69688976733.19939,15715453315.803394,62828.22213383649
1958,0.0009790000000000003,-69121940364.32935,17886136364.657593,62827.94716562534,28323674791.52845,210826167556.5757,0.05600206166596857,-69121203516.70122,17886271362.13728,62828.13789320512
1959,0.0009795000000000001,-68486681865.299995,20036837400.768314,62827.94942609037,31142661055.64135,205528624107.38583,0.05595269686321002,-68485974346.34646,20036995358.86622,62828.167903105685
1960,0.0009800000000000002,-67784576087.79359,22165351108.96692,62827.96875091024,34280602611.56823,200166431469.4371,0.05592784667199514,-67783897496.56846,22165383514.99582,62828.15096610375
1961,0.0009805000000000003,-67016437856.48443,24269432129.30643,62827.94651644211,37725287268.85284,194747723684.8223,0.05592689266030032,-67015748062.55408,24269460903.214302,62828.24638488167
1962,0.000981,-66183011374.611885,26347343627.1756,62827.990413849584,41465606580.93345,189279865657.28506,0.05594927493945683,-66182367754.22408,26347243713.33674,62828.36966608816
1963,0.0009815000000000002,-65285309508.39573,28396690092.28791,62827.968962103274,45491507791.90985,183769537522.07404,0.0559944928211312,-65284651534.818756,28396626696.876205,62828.19259412651
1964,0.000982,-64324236753.728294,30415671043.49878,62827.948157951694,49793890764.53036,178222861442.09262,0.05606210471173846,-64323550159.98673,30415714860.893814,62828.33006052578
1965,0.0009825,-63300820298.17572,32402314556.160183,62827.92247542025,54364558870.83696,172645474450.038,0.05615172767857534,-63300120586.87785,32402459256.837627,62828.23060068258
1966,0.0009830000000000004,-62216101695.357056,34354787306.31822,62827.92495761618,59196133356.41854,167042629281.3634,0.05626303653811785,-62215430439.02391,34354943053.56759,62828.061492707755
1967,0.0009835000000000002,-61071234974.52554,36271158396.57285,62827.93995995418,64281981358.91715,161419278761.2665,0.05639576261215466,-61070524913.14804,36271276229.71193,62828.051748943915
1968,0.0009840000000000003,-59867509929.45092,38149400394.868744,62827.89915806154,69616128023.71535,155780170733.88983,0.056549692098375945,-59866760172.0006,38149599878.141884,62828.14869068431
1969,0.0009845000000000001,-58606031164.41155,39987997713.64134,62827.91566714757,75193163759.17366,150129943775.92572,0.05672466405940388,-58605261050.26337,39988143632.24022,62828.18584761744
1970,0.0009850000000000002,-57288180454.612206,41785036847.01556,62827.93374741628,81008192659.04898,144473183451.84274,0.05692056830475202,-57287415915.67561,41785132990.444016,62828.31124984408
1971,0.0009855000000000003,-55915237792.24529,43538922646.379555,62828.006864383824,87056715354.0778,138814534355.7613,0.0571373427674102,-55914577248.71611,43538825966.412,62828.546769413144
1972,0.0009860000000000001,-54488801815.87133,45247687110.60104,62828.01734731479,93334559119.57558,133158767108.51913,0.05737497067456039,-54488160336.24703,45247608044.93714,62828.496383257574
1973,0.0009865000000000002,-53010207907.444786,46909905238.85823,62828.051589609444,99837749231.67368,127510894541.20645,0.057633477141224604,-53009577347.14782,46909730860.46295,62828.16990216776
1974,0.0009870000000000002,-51481039776.14608,48523896914.48154,62828.069743528686,106562450245.33897,121876222969.29294,0.05791292561386032,-51480470275.961334,48523694563.26951,62828.3006189589
1975,0.0009875,-49902853255.20652,50088144770.639145,62828.079655223395,113504836002.07866,116260463607.47745,0.05821341369689298,-49902303935.39678,50087875737.49773,62828.16923188471
1976,0.0009880000000000002,-48277303258.540085,51601118000.35037,62828.06004592678,120660987728.01802,110669815258.76251,0.058535068518272504,-48276699122.28219,51600813191.131226,62828.041721201866
1977,0.0009885,-46605979712.301254,53061467870.7185,62828.04931961907,128026768473.33206,105111063724.63394,0.05887804145632562,-46605331260.55197,53061124294.08421,62828.06587970933
1978,0.000989,-44890627641.366234,54467766129.782074,62828.02456212311,135597707811.98357,99591667645.22714,0.059242502259157045,-44889930965.73945,54467427828.29163,62828.02814891788
1979,0.0009895000000000004,-43132907431.39361,55818772799.438225,62828.02764979841,143368850028.86658,94119870583.54755,0.059628632287327225,-43132229911.31748,55818407048.30807,62827.92941871906
1980,0.0009900000000000002,-41334587895.01387,57113222278.750404,62828.062702385694,151334618228.43216,88704792933.91948,0.06003661693808486,-41334028706.947075,57112748742.26636,62828.03051459257
1981,0.0009905000000000003,-39497684976.86121,58349720839.63742,62828.03519348586,159488642971.51355,83356547011.88039,0.06046663697783832,-39497041762.093,58349277902.78524,62827.881006313866
1982,0.0009910000000000001,-37623908649.27243,59527256690.0315,62828.01777043447,167823562657.1537,78086366550.66138,0.060918858555519616,-37623257554.002914,59526826068.76693,62828.065869619044
1983,0.0009915000000000002,-35715096976.08012,60644774819.36723,62828.03346496301,176330867867.67383,72906689321.93127,0.0613934221195882,-35714496685.5507,60644293451.72307,62828.15363684649
1984,0.0009920000000000003,-33773286669.305443,61701146673.970665,62828.0294975024,185000680921.55966,67831283304.309525,0.06189042976597706,-33772659292.879128,61700698715.266624,62827.81851734969
1985,0.0009925000000000001,-31800346232.45481,62695466916.950386,62828.04436638033,193821512015.9624,62875377766.278694,0.06240993081445809,-31799801417.179996,62694932889.7318,62827.80467544089
1986,0.0009930000000000002,-29798323186.66337,63626776050.51888,62828.04871300182,202780034263.25037,58055763686.71014,0.06295190567505679,-29797846178.949074,63626221206.66858,62827.741950975316
1987,0.0009935000000000002,-27769223971.21945,64494231686.3074,62828.04408680314,211860805532.5655,53390919798.49221,0.0635162476168518,-27768742670.600372,64493703845.15751,62827.91739447973
1988,0.000994,-25715117483.495384,65297030876.247345,62828.01601631052,221045994377.34375,48901115338.4471,0.06410274242309502,-25714583300.101894,65296511134.84012,62827.92855715257
1989,0.0009945000000000002,-23637900551.774826,66034557123.5754,62828.03109580338,230315079574.46722,44608511343.33318,0.06471104574108093,-23637441122.817764,66033983129.870155,62827.90134738046
1990,0.000995,-21539722825.83258,66706105502.583916,62828.05678747301,239644555863.33594,40537233784.00348,0.06534065815378798,-21539283265.89716,66705477286.9151,62827.95983895832
1991,0.0009955000000000003,-19422771574.981995,67311033964.528694,62828.05493989972,249007591892.42224,36713454296.25148,0.0659908977188429,-19422368877.77215,67310435777.049385,62827.88546867181
1992,0.0009960000000000004,-17289070941.056103,67848875347.62434,62828.06125519753,258373704184.00967,33165427851.5194,0.066660870157347,-17288708084.366062,67848248072.44245,62827.949856498766
1993,0.0009965000000000002,-15140783259.626072,68319153487.73219,62828.06022465997,267708449730.22156,29923486410.51988,0.06734943693301507,-15140450032.219496,68318534138.86644,62827.84298510049
1994,0.0009970000000000003,-12980017657.082243,68721498364.49405,62828.06280224181,276973106187.82043,27020004626.823215,0.06805518138745835,-12979761043.31768,68720863339.47537,62827.91299175206
1995,0.0009975000000000001,-10808926790.345066,69055587130.44994,62828.06621863178,286124393548.37067,24489300559.73059,0.06877637349787165,-10808692981.438334,69054914540.19286,62828.05129590883
1996,0.0009980000000000002,-8629676398.064678,69321160523.34363,62828.06573174465,295114229261.06903,22367473699.371475,0.06951093392132138,-8629450974.746595,69320471502.77643,62828.17278912152
1997,0.0009985000000000003,-6444417947.922141,69518040082.3427,62828.06452577155,303889546379.492,20692161024.070374,0.07025639830488872,-6444209249.059136,69517323964.21834,62828.302891019914
1998,0.000999,-4255311898.4235563,69646111738.85156,62828.06350402314,312392197037.7358,19502198730.617256,0.07100988313207816,-4255092862.3922296,69645378100.47156,62828.12925780837
1999,0.0009995000000000002,-2064521502.1686141,69705328104.43872,62828.06295696615,320558962824.0394,18837177667.84597,0.07176805469608352,-2064283111.407522,69704578901.7562,62828.232562498146
